family,K,integrator,environment,T,seed,tag,score_column,target_d4rl,deployment_d4rl,delta_endpoint_minus_first,host_run_dir
historical_i4_504_cpu_reeval,4,implicit,hopper-medium-v2,0.05,0,hopper-medium-v2_tau0.05_mpi4_seed0,d4rl_pi4,53.29732379534056,43.962452475553825,-9.334871319786735,/home/ext_csv/mpi_sweep_lab/results/mpi4_norm/hopper-medium-v2_tau0.05_mpi4_seed0
historical_i4_504_cpu_reeval,4,implicit,hopper-medium-v2,0.05,1,hopper-medium-v2_tau0.05_mpi4_seed1,d4rl_pi4,49.90442251607572,44.826285570254235,-5.078136945821484,/home/ext_csv/mpi_sweep_lab/results/mpi4_norm/hopper-medium-v2_tau0.05_mpi4_seed1
historical_i4_504_cpu_reeval,4,implicit,hopper-medium-v2,0.05,2,hopper-medium-v2_tau0.05_mpi4_seed2,d4rl_pi4,45.429441798830894,43.722554250280844,-1.7068875485500499,/home/ext_csv/mpi_sweep_lab/results/mpi4_norm/hopper-medium-v2_tau0.05_mpi4_seed2
historical_i4_504_cpu_reeval,4,implicit,hopper-medium-v2,0.05,3,hopper-medium-v2_tau0.05_mpi4_seed3,d4rl_pi4,48.35583130303151,51.857802054568616,3.501970751537108,/home/ext_csv/mpi_sweep_lab/results/mpi4_norm/hopper-medium-v2_tau0.05_mpi4_seed3
historical_i4_504_cpu_reeval,4,implicit,hopper-medium-v2,0.1,0,hopper-medium-v2_tau0.1_mpi4_seed0,d4rl_pi4,48.563172787105856,43.644713367914164,-4.9184594191916915,/home/ext_csv/mpi_sweep_lab/results/mpi4_norm/hopper-medium-v2_tau0.1_mpi4_seed0
historical_i4_504_cpu_reeval,4,implicit,hopper-medium-v2,0.1,1,hopper-medium-v2_tau0.1_mpi4_seed1,d4rl_pi4,45.66304042763291,44.951534934574276,-0.7115054930586311,/home/ext_csv/mpi_sweep_lab/results/mpi4_norm/hopper-medium-v2_tau0.1_mpi4_seed1
historical_i4_504_cpu_reeval,4,implicit,hopper-medium-v2,0.1,2,hopper-medium-v2_tau0.1_mpi4_seed2,d4rl_pi4,51.35742417113024,41.67526985724002,-9.682154313890223,/home/ext_csv/mpi_sweep_lab/results/mpi4_norm/hopper-medium-v2_tau0.1_mpi4_seed2
historical_i4_504_cpu_reeval,4,implicit,hopper-medium-v2,0.1,3,hopper-medium-v2_tau0.1_mpi4_seed3,d4rl_pi4,53.39140774474443,48.37985633624158,-5.0115514085028465,/home/ext_csv/mpi_sweep_lab/results/mpi4_norm/hopper-medium-v2_tau0.1_mpi4_seed3
historical_i4_504_cpu_reeval,4,implicit,hopper-medium-v2,0.2,0,hopper-medium-v2_tau0.2_mpi4_seed0,d4rl_pi4,50.62304418136648,45.96485441541945,-4.658189765947029,/home/ext_csv/mpi_sweep_lab/results/mpi4_norm/hopper-medium-v2_tau0.2_mpi4_seed0
historical_i4_504_cpu_reeval,4,implicit,hopper-medium-v2,0.2,1,hopper-medium-v2_tau0.2_mpi4_seed1,d4rl_pi4,48.68610343419587,49.371597300769565,0.6854938665736938,/home/ext_csv/mpi_sweep_lab/results/mpi4_norm/hopper-medium-v2_tau0.2_mpi4_seed1
historical_i4_504_cpu_reeval,4,implicit,hopper-medium-v2,0.2,2,hopper-medium-v2_tau0.2_mpi4_seed2,d4rl_pi4,44.9984361324602,46.81175301688757,1.8133168844273726,/home/ext_csv/mpi_sweep_lab/results/mpi4_norm/hopper-medium-v2_tau0.2_mpi4_seed2
historical_i4_504_cpu_reeval,4,implicit,hopper-medium-v2,0.2,3,hopper-medium-v2_tau0.2_mpi4_seed3,d4rl_pi4,51.103973814396156,56.66375347621789,5.559779661821736,/home/ext_csv/mpi_sweep_lab/results/mpi4_norm/hopper-medium-v2_tau0.2_mpi4_seed3
historical_i4_504_cpu_reeval,4,implicit,hopper-medium-v2,0.4,0,hopper-medium-v2_tau0.4_mpi4_seed0,d4rl_pi4,50.56912687963793,44.95508587679922,-5.614041002838711,/home/ext_csv/mpi_sweep_lab/results/mpi4_norm/hopper-medium-v2_tau0.4_mpi4_seed0
historical_i4_504_cpu_reeval,4,implicit,hopper-medium-v2,0.4,1,hopper-medium-v2_tau0.4_mpi4_seed1,d4rl_pi4,48.40001415492153,51.53282433305982,3.1328101781382927,/home/ext_csv/mpi_sweep_lab/results/mpi4_norm/hopper-medium-v2_tau0.4_mpi4_seed1
historical_i4_504_cpu_reeval,4,implicit,hopper-medium-v2,0.4,2,hopper-medium-v2_tau0.4_mpi4_seed2,d4rl_pi4,50.55439911679931,45.77022714102979,-4.784171975769517,/home/ext_csv/mpi_sweep_lab/results/mpi4_norm/hopper-medium-v2_tau0.4_mpi4_seed2
historical_i4_504_cpu_reeval,4,implicit,hopper-medium-v2,0.4,3,hopper-medium-v2_tau0.4_mpi4_seed3,d4rl_pi4,48.296702851728554,50.76348691001152,2.4667840582829683,/home/ext_csv/mpi_sweep_lab/results/mpi4_norm/hopper-medium-v2_tau0.4_mpi4_seed3
historical_i4_504_cpu_reeval,4,implicit,hopper-medium-v2,0.7,0,hopper-medium-v2_tau0.7_mpi4_seed0,d4rl_pi4,53.83266667853665,49.926290110193115,-3.906376568343532,/home/ext_csv/mpi_sweep_lab/results/mpi4_norm/hopper-medium-v2_tau0.7_mpi4_seed0
historical_i4_504_cpu_reeval,4,implicit,hopper-medium-v2,0.7,1,hopper-medium-v2_tau0.7_mpi4_seed1,d4rl_pi4,47.60052534879601,50.53413472520003,2.9336093764040214,/home/ext_csv/mpi_sweep_lab/results/mpi4_norm/hopper-medium-v2_tau0.7_mpi4_seed1
historical_i4_504_cpu_reeval,4,implicit,hopper-medium-v2,0.7,2,hopper-medium-v2_tau0.7_mpi4_seed2,d4rl_pi4,49.656404878425036,43.549457800242735,-6.106947078182301,/home/ext_csv/mpi_sweep_lab/results/mpi4_norm/hopper-medium-v2_tau0.7_mpi4_seed2
historical_i4_504_cpu_reeval,4,implicit,hopper-medium-v2,0.7,3,hopper-medium-v2_tau0.7_mpi4_seed3,d4rl_pi4,46.50704504203732,48.78580236372535,2.2787573216880332,/home/ext_csv/mpi_sweep_lab/results/mpi4_norm/hopper-medium-v2_tau0.7_mpi4_seed3
historical_i4_504_cpu_reeval,4,implicit,hopper-medium-v2,1.5,0,hopper-medium-v2_tau1.5_mpi4_seed0,d4rl_pi4,51.57028764381724,45.286114364656314,-6.284173279160925,/home/ext_csv/mpi_sweep_lab/results/mpi4_norm/hopper-medium-v2_tau1.5_mpi4_seed0
historical_i4_504_cpu_reeval,4,implicit,hopper-medium-v2,1.5,1,hopper-medium-v2_tau1.5_mpi4_seed1,d4rl_pi4,50.11747073993893,47.796155016540055,-2.3213157233988753,/home/ext_csv/mpi_sweep_lab/results/mpi4_norm/hopper-medium-v2_tau1.5_mpi4_seed1
historical_i4_504_cpu_reeval,4,implicit,hopper-medium-v2,1.5,2,hopper-medium-v2_tau1.5_mpi4_seed2,d4rl_pi4,43.469995455215795,57.4504214672264,13.980426012010604,/home/ext_csv/mpi_sweep_lab/results/mpi4_norm/hopper-medium-v2_tau1.5_mpi4_seed2
historical_i4_504_cpu_reeval,4,implicit,hopper-medium-v2,1.5,3,hopper-medium-v2_tau1.5_mpi4_seed3,d4rl_pi4,48.89887664318739,47.9396032100884,-0.9592734330989927,/home/ext_csv/mpi_sweep_lab/results/mpi4_norm/hopper-medium-v2_tau1.5_mpi4_seed3
historical_i4_504_cpu_reeval,4,implicit,hopper-medium-v2,2.5,0,hopper-medium-v2_tau2.5_mpi4_seed0,d4rl_pi4,46.962063291678625,58.97188665945965,12.009823367781024,/home/ext_csv/mpi_sweep_lab/results/mpi4_norm/hopper-medium-v2_tau2.5_mpi4_seed0
historical_i4_504_cpu_reeval,4,implicit,hopper-medium-v2,2.5,1,hopper-medium-v2_tau2.5_mpi4_seed1,d4rl_pi4,52.619874695660265,52.78880253055137,0.1689278348911074,/home/ext_csv/mpi_sweep_lab/results/mpi4_norm/hopper-medium-v2_tau2.5_mpi4_seed1
historical_i4_504_cpu_reeval,4,implicit,hopper-medium-v2,2.5,2,hopper-medium-v2_tau2.5_mpi4_seed2,d4rl_pi4,45.663184114541956,49.709848214597706,4.04666410005575,/home/ext_csv/mpi_sweep_lab/results/mpi4_norm/hopper-medium-v2_tau2.5_mpi4_seed2
historical_i4_504_cpu_reeval,4,implicit,hopper-medium-v2,2.5,3,hopper-medium-v2_tau2.5_mpi4_seed3,d4rl_pi4,42.97466496246355,62.41643987325456,19.44177491079101,/home/ext_csv/mpi_sweep_lab/results/mpi4_norm/hopper-medium-v2_tau2.5_mpi4_seed3
historical_i4_504_cpu_reeval,4,implicit,hopper-medium-v2,4,0,hopper-medium-v2_tau4_mpi4_seed0,d4rl_pi4,53.20111468159217,51.84931099429701,-1.3518036872951669,/home/ext_csv/mpi_sweep_lab/results/mpi4_norm/hopper-medium-v2_tau4_mpi4_seed0
historical_i4_504_cpu_reeval,4,implicit,hopper-medium-v2,4,1,hopper-medium-v2_tau4_mpi4_seed1,d4rl_pi4,44.19733806478969,72.48460093917578,28.287262874386087,/home/ext_csv/mpi_sweep_lab/results/mpi4_norm/hopper-medium-v2_tau4_mpi4_seed1
historical_i4_504_cpu_reeval,4,implicit,hopper-medium-v2,4,2,hopper-medium-v2_tau4_mpi4_seed2,d4rl_pi4,46.47857635907127,73.1972164279384,26.71864006886713,/home/ext_csv/mpi_sweep_lab/results/mpi4_norm/hopper-medium-v2_tau4_mpi4_seed2
historical_i4_504_cpu_reeval,4,implicit,hopper-medium-v2,4,3,hopper-medium-v2_tau4_mpi4_seed3,d4rl_pi4,44.66048756505275,74.02998514415529,29.369497579102543,/home/ext_csv/mpi_sweep_lab/results/mpi4_norm/hopper-medium-v2_tau4_mpi4_seed3
historical_i4_504_cpu_reeval,4,implicit,hopper-medium-v2,7,0,hopper-medium-v2_tau7_mpi4_seed0,d4rl_pi4,50.197062535334446,71.51226141786896,21.31519888253451,/home/ext_csv/mpi_sweep_lab/results/mpi4_norm/hopper-medium-v2_tau7_mpi4_seed0
historical_i4_504_cpu_reeval,4,implicit,hopper-medium-v2,7,1,hopper-medium-v2_tau7_mpi4_seed1,d4rl_pi4,47.94196953959076,81.41077686886344,33.46880732927268,/home/ext_csv/mpi_sweep_lab/results/mpi4_norm/hopper-medium-v2_tau7_mpi4_seed1
historical_i4_504_cpu_reeval,4,implicit,hopper-medium-v2,7,2,hopper-medium-v2_tau7_mpi4_seed2,d4rl_pi4,53.131534866510286,86.64110715177425,33.509572285263964,/home/ext_csv/mpi_sweep_lab/results/mpi4_norm/hopper-medium-v2_tau7_mpi4_seed2
historical_i4_504_cpu_reeval,4,implicit,hopper-medium-v2,7,3,hopper-medium-v2_tau7_mpi4_seed3,d4rl_pi4,46.00282298392837,87.1206792361139,41.11785625218553,/home/ext_csv/mpi_sweep_lab/results/mpi4_norm/hopper-medium-v2_tau7_mpi4_seed3
historical_i4_504_cpu_reeval,4,implicit,hopper-medium-v2,10,0,hopper-medium-v2_tau10_mpi4_seed0,d4rl_pi4,60.37175886027713,100.41355757386454,40.041798713587404,/home/ext_csv/mpi_sweep_lab/results/mpi4_norm/hopper-medium-v2_tau10_mpi4_seed0
historical_i4_504_cpu_reeval,4,implicit,hopper-medium-v2,10,1,hopper-medium-v2_tau10_mpi4_seed1,d4rl_pi4,55.44393579735045,100.9866422326746,45.54270643532415,/home/ext_csv/mpi_sweep_lab/results/mpi4_norm/hopper-medium-v2_tau10_mpi4_seed1
historical_i4_504_cpu_reeval,4,implicit,hopper-medium-v2,10,2,hopper-medium-v2_tau10_mpi4_seed2,d4rl_pi4,51.6269352426442,100.90517239318378,49.278237150539574,/home/ext_csv/mpi_sweep_lab/results/mpi4_norm/hopper-medium-v2_tau10_mpi4_seed2
historical_i4_504_cpu_reeval,4,implicit,hopper-medium-v2,10,3,hopper-medium-v2_tau10_mpi4_seed3,d4rl_pi4,47.69610326616238,101.42843429216508,53.7323310260027,/home/ext_csv/mpi_sweep_lab/results/mpi4_norm/hopper-medium-v2_tau10_mpi4_seed3
historical_i4_504_cpu_reeval,4,implicit,hopper-medium-v2,12,0,hopper-medium-v2_tau12_mpi4_seed0,d4rl_pi4,56.4311885064707,101.08241247349244,44.65122396702174,/home/ext_csv/mpi_sweep_lab/results/mpi4_norm/hopper-medium-v2_tau12_mpi4_seed0
historical_i4_504_cpu_reeval,4,implicit,hopper-medium-v2,12,1,hopper-medium-v2_tau12_mpi4_seed1,d4rl_pi4,52.12757966570235,101.08974328350892,48.962163617806574,/home/ext_csv/mpi_sweep_lab/results/mpi4_norm/hopper-medium-v2_tau12_mpi4_seed1
historical_i4_504_cpu_reeval,4,implicit,hopper-medium-v2,12,2,hopper-medium-v2_tau12_mpi4_seed2,d4rl_pi4,60.75098235964577,101.94127671474236,41.19029435509659,/home/ext_csv/mpi_sweep_lab/results/mpi4_norm/hopper-medium-v2_tau12_mpi4_seed2
historical_i4_504_cpu_reeval,4,implicit,hopper-medium-v2,12,3,hopper-medium-v2_tau12_mpi4_seed3,d4rl_pi4,62.71478085453951,101.19652933330667,38.48174847876716,/home/ext_csv/mpi_sweep_lab/results/mpi4_norm/hopper-medium-v2_tau12_mpi4_seed3
historical_i4_504_cpu_reeval,4,implicit,hopper-medium-v2,14,0,hopper-medium-v2_tau14_mpi4_seed0,d4rl_pi4,58.24763867477092,100.87946305507047,42.631824380299555,/home/ext_csv/mpi_sweep_lab/results/mpi4_norm/hopper-medium-v2_tau14_mpi4_seed0
historical_i4_504_cpu_reeval,4,implicit,hopper-medium-v2,14,1,hopper-medium-v2_tau14_mpi4_seed1,d4rl_pi4,68.90052220084613,100.76883009240393,31.868307891557805,/home/ext_csv/mpi_sweep_lab/results/mpi4_norm/hopper-medium-v2_tau14_mpi4_seed1
historical_i4_504_cpu_reeval,4,implicit,hopper-medium-v2,14,2,hopper-medium-v2_tau14_mpi4_seed2,d4rl_pi4,60.15755316007613,101.02986713685907,40.87231397678294,/home/ext_csv/mpi_sweep_lab/results/mpi4_norm/hopper-medium-v2_tau14_mpi4_seed2
historical_i4_504_cpu_reeval,4,implicit,hopper-medium-v2,14,3,hopper-medium-v2_tau14_mpi4_seed3,d4rl_pi4,61.56175453649736,102.27669338035355,40.71493884385619,/home/ext_csv/mpi_sweep_lab/results/mpi4_norm/hopper-medium-v2_tau14_mpi4_seed3
historical_i4_504_cpu_reeval,4,implicit,hopper-medium-v2,17,0,hopper-medium-v2_tau17_mpi4_seed0,d4rl_pi4,62.320378885372676,101.21999178414885,38.89961289877617,/home/ext_csv/mpi_sweep_lab/results/mpi4_norm/hopper-medium-v2_tau17_mpi4_seed0
historical_i4_504_cpu_reeval,4,implicit,hopper-medium-v2,17,1,hopper-medium-v2_tau17_mpi4_seed1,d4rl_pi4,49.6928630833396,101.70800368907148,52.01514060573187,/home/ext_csv/mpi_sweep_lab/results/mpi4_norm/hopper-medium-v2_tau17_mpi4_seed1
historical_i4_504_cpu_reeval,4,implicit,hopper-medium-v2,17,2,hopper-medium-v2_tau17_mpi4_seed2,d4rl_pi4,74.38778600900821,102.03441939896653,27.646633389958325,/home/ext_csv/mpi_sweep_lab/results/mpi4_norm/hopper-medium-v2_tau17_mpi4_seed2
historical_i4_504_cpu_reeval,4,implicit,hopper-medium-v2,17,3,hopper-medium-v2_tau17_mpi4_seed3,d4rl_pi4,64.02649173020993,101.95692470671867,37.93043297650874,/home/ext_csv/mpi_sweep_lab/results/mpi4_norm/hopper-medium-v2_tau17_mpi4_seed3
historical_i4_504_cpu_reeval,4,implicit,hopper-medium-v2,20,0,hopper-medium-v2_tau20_mpi4_seed0,d4rl_pi4,62.351898748799115,99.54048433860022,37.18858558980111,/home/ext_csv/mpi_sweep_lab/results/mpi4_norm/hopper-medium-v2_tau20_mpi4_seed0
historical_i4_504_cpu_reeval,4,implicit,hopper-medium-v2,20,1,hopper-medium-v2_tau20_mpi4_seed1,d4rl_pi4,53.27002959518127,51.52002661407238,-1.7500029811088922,/home/ext_csv/mpi_sweep_lab/results/mpi4_norm/hopper-medium-v2_tau20_mpi4_seed1
historical_i4_504_cpu_reeval,4,implicit,hopper-medium-v2,20,2,hopper-medium-v2_tau20_mpi4_seed2,d4rl_pi4,0.6500048867773642,0.7482709294856756,0.09826604270831141,/home/ext_csv/mpi_sweep_lab/results/mpi4_norm/hopper-medium-v2_tau20_mpi4_seed2
historical_i4_504_cpu_reeval,4,implicit,hopper-medium-v2,20,3,hopper-medium-v2_tau20_mpi4_seed3,d4rl_pi4,59.741705589563146,15.745976304453723,-43.99572928510942,/home/ext_csv/mpi_sweep_lab/results/mpi4_norm/hopper-medium-v2_tau20_mpi4_seed3
historical_i4_504_cpu_reeval,4,implicit,hopper-medium-replay-v2,0.05,0,hopper-medium-replay-v2_tau0.05_mpi4_seed0,d4rl_pi4,22.27701925944952,18.85055559267454,-3.426463666774982,/home/ext_csv/mpi_sweep_lab/results/mpi4_norm/hopper-medium-replay-v2_tau0.05_mpi4_seed0
historical_i4_504_cpu_reeval,4,implicit,hopper-medium-replay-v2,0.05,1,hopper-medium-replay-v2_tau0.05_mpi4_seed1,d4rl_pi4,25.35446686660807,15.965477477474213,-9.388989389133858,/home/ext_csv/mpi_sweep_lab/results/mpi4_norm/hopper-medium-replay-v2_tau0.05_mpi4_seed1
historical_i4_504_cpu_reeval,4,implicit,hopper-medium-replay-v2,0.05,2,hopper-medium-replay-v2_tau0.05_mpi4_seed2,d4rl_pi4,19.516652672060676,23.05313427811562,3.536481606054945,/home/ext_csv/mpi_sweep_lab/results/mpi4_norm/hopper-medium-replay-v2_tau0.05_mpi4_seed2
historical_i4_504_cpu_reeval,4,implicit,hopper-medium-replay-v2,0.05,3,hopper-medium-replay-v2_tau0.05_mpi4_seed3,d4rl_pi4,13.6958028295184,23.94631996477531,10.25051713525691,/home/ext_csv/mpi_sweep_lab/results/mpi4_norm/hopper-medium-replay-v2_tau0.05_mpi4_seed3
historical_i4_504_cpu_reeval,4,implicit,hopper-medium-replay-v2,0.1,0,hopper-medium-replay-v2_tau0.1_mpi4_seed0,d4rl_pi4,26.696697941339494,24.359759831688084,-2.3369381096514097,/home/ext_csv/mpi_sweep_lab/results/mpi4_norm/hopper-medium-replay-v2_tau0.1_mpi4_seed0
historical_i4_504_cpu_reeval,4,implicit,hopper-medium-replay-v2,0.1,1,hopper-medium-replay-v2_tau0.1_mpi4_seed1,d4rl_pi4,17.714289335011095,30.839854353001634,13.125565017990539,/home/ext_csv/mpi_sweep_lab/results/mpi4_norm/hopper-medium-replay-v2_tau0.1_mpi4_seed1
historical_i4_504_cpu_reeval,4,implicit,hopper-medium-replay-v2,0.1,2,hopper-medium-replay-v2_tau0.1_mpi4_seed2,d4rl_pi4,14.235636890417034,22.912362571375777,8.676725680958743,/home/ext_csv/mpi_sweep_lab/results/mpi4_norm/hopper-medium-replay-v2_tau0.1_mpi4_seed2
historical_i4_504_cpu_reeval,4,implicit,hopper-medium-replay-v2,0.1,3,hopper-medium-replay-v2_tau0.1_mpi4_seed3,d4rl_pi4,17.45256408064266,16.58397612059028,-0.8685879600523805,/home/ext_csv/mpi_sweep_lab/results/mpi4_norm/hopper-medium-replay-v2_tau0.1_mpi4_seed3
historical_i4_504_cpu_reeval,4,implicit,hopper-medium-replay-v2,0.2,0,hopper-medium-replay-v2_tau0.2_mpi4_seed0,d4rl_pi4,19.94023324668594,45.24046298806035,25.300229741374412,/home/ext_csv/mpi_sweep_lab/results/mpi4_norm/hopper-medium-replay-v2_tau0.2_mpi4_seed0
historical_i4_504_cpu_reeval,4,implicit,hopper-medium-replay-v2,0.2,1,hopper-medium-replay-v2_tau0.2_mpi4_seed1,d4rl_pi4,25.902715958576568,46.11648696346695,20.21377100489038,/home/ext_csv/mpi_sweep_lab/results/mpi4_norm/hopper-medium-replay-v2_tau0.2_mpi4_seed1
historical_i4_504_cpu_reeval,4,implicit,hopper-medium-replay-v2,0.2,2,hopper-medium-replay-v2_tau0.2_mpi4_seed2,d4rl_pi4,19.16577094220512,28.555231049146702,9.38946010694158,/home/ext_csv/mpi_sweep_lab/results/mpi4_norm/hopper-medium-replay-v2_tau0.2_mpi4_seed2
historical_i4_504_cpu_reeval,4,implicit,hopper-medium-replay-v2,0.2,3,hopper-medium-replay-v2_tau0.2_mpi4_seed3,d4rl_pi4,12.247575763122057,40.268659304159954,28.021083541037896,/home/ext_csv/mpi_sweep_lab/results/mpi4_norm/hopper-medium-replay-v2_tau0.2_mpi4_seed3
historical_i4_504_cpu_reeval,4,implicit,hopper-medium-replay-v2,0.4,0,hopper-medium-replay-v2_tau0.4_mpi4_seed0,d4rl_pi4,25.658855545589198,33.0562822641708,7.397426718581599,/home/ext_csv/mpi_sweep_lab/results/mpi4_norm/hopper-medium-replay-v2_tau0.4_mpi4_seed0
historical_i4_504_cpu_reeval,4,implicit,hopper-medium-replay-v2,0.4,1,hopper-medium-replay-v2_tau0.4_mpi4_seed1,d4rl_pi4,27.260511682514867,55.57028456210582,28.309772879590952,/home/ext_csv/mpi_sweep_lab/results/mpi4_norm/hopper-medium-replay-v2_tau0.4_mpi4_seed1
historical_i4_504_cpu_reeval,4,implicit,hopper-medium-replay-v2,0.4,2,hopper-medium-replay-v2_tau0.4_mpi4_seed2,d4rl_pi4,21.431488380574766,49.963245418378385,28.53175703780362,/home/ext_csv/mpi_sweep_lab/results/mpi4_norm/hopper-medium-replay-v2_tau0.4_mpi4_seed2
historical_i4_504_cpu_reeval,4,implicit,hopper-medium-replay-v2,0.4,3,hopper-medium-replay-v2_tau0.4_mpi4_seed3,d4rl_pi4,21.309496696690037,54.50780250091515,33.198305804225114,/home/ext_csv/mpi_sweep_lab/results/mpi4_norm/hopper-medium-replay-v2_tau0.4_mpi4_seed3
historical_i4_504_cpu_reeval,4,implicit,hopper-medium-replay-v2,0.7,0,hopper-medium-replay-v2_tau0.7_mpi4_seed0,d4rl_pi4,35.613849260060334,45.45808109563298,9.844231835572643,/home/ext_csv/mpi_sweep_lab/results/mpi4_norm/hopper-medium-replay-v2_tau0.7_mpi4_seed0
historical_i4_504_cpu_reeval,4,implicit,hopper-medium-replay-v2,0.7,1,hopper-medium-replay-v2_tau0.7_mpi4_seed1,d4rl_pi4,18.75328099833249,58.05129915034155,39.298018152009064,/home/ext_csv/mpi_sweep_lab/results/mpi4_norm/hopper-medium-replay-v2_tau0.7_mpi4_seed1
historical_i4_504_cpu_reeval,4,implicit,hopper-medium-replay-v2,0.7,2,hopper-medium-replay-v2_tau0.7_mpi4_seed2,d4rl_pi4,24.462592411101657,47.04925984792507,22.586667436823415,/home/ext_csv/mpi_sweep_lab/results/mpi4_norm/hopper-medium-replay-v2_tau0.7_mpi4_seed2
historical_i4_504_cpu_reeval,4,implicit,hopper-medium-replay-v2,0.7,3,hopper-medium-replay-v2_tau0.7_mpi4_seed3,d4rl_pi4,18.955690191522905,48.223799669128375,29.26810947760547,/home/ext_csv/mpi_sweep_lab/results/mpi4_norm/hopper-medium-replay-v2_tau0.7_mpi4_seed3
historical_i4_504_cpu_reeval,4,implicit,hopper-medium-replay-v2,1.5,0,hopper-medium-replay-v2_tau1.5_mpi4_seed0,d4rl_pi4,41.5084098729366,74.09612360129043,32.587713728353826,/home/ext_csv/mpi_sweep_lab/results/mpi4_norm/hopper-medium-replay-v2_tau1.5_mpi4_seed0
historical_i4_504_cpu_reeval,4,implicit,hopper-medium-replay-v2,1.5,1,hopper-medium-replay-v2_tau1.5_mpi4_seed1,d4rl_pi4,21.257529700453098,56.861624326791215,35.60409462633812,/home/ext_csv/mpi_sweep_lab/results/mpi4_norm/hopper-medium-replay-v2_tau1.5_mpi4_seed1
historical_i4_504_cpu_reeval,4,implicit,hopper-medium-replay-v2,1.5,2,hopper-medium-replay-v2_tau1.5_mpi4_seed2,d4rl_pi4,13.879179579610046,90.31168526644893,76.43250568683888,/home/ext_csv/mpi_sweep_lab/results/mpi4_norm/hopper-medium-replay-v2_tau1.5_mpi4_seed2
historical_i4_504_cpu_reeval,4,implicit,hopper-medium-replay-v2,1.5,3,hopper-medium-replay-v2_tau1.5_mpi4_seed3,d4rl_pi4,25.15285321724846,65.65835513907405,40.505501921825584,/home/ext_csv/mpi_sweep_lab/results/mpi4_norm/hopper-medium-replay-v2_tau1.5_mpi4_seed3
historical_i4_504_cpu_reeval,4,implicit,hopper-medium-replay-v2,2.5,0,hopper-medium-replay-v2_tau2.5_mpi4_seed0,d4rl_pi4,59.555049973284255,99.63216882484282,40.077118851558566,/home/ext_csv/mpi_sweep_lab/results/mpi4_norm/hopper-medium-replay-v2_tau2.5_mpi4_seed0
historical_i4_504_cpu_reeval,4,implicit,hopper-medium-replay-v2,2.5,1,hopper-medium-replay-v2_tau2.5_mpi4_seed1,d4rl_pi4,21.287027011735347,99.78284946521147,78.49582245347612,/home/ext_csv/mpi_sweep_lab/results/mpi4_norm/hopper-medium-replay-v2_tau2.5_mpi4_seed1
historical_i4_504_cpu_reeval,4,implicit,hopper-medium-replay-v2,2.5,2,hopper-medium-replay-v2_tau2.5_mpi4_seed2,d4rl_pi4,27.959925918675204,99.35162136583341,71.39169544715821,/home/ext_csv/mpi_sweep_lab/results/mpi4_norm/hopper-medium-replay-v2_tau2.5_mpi4_seed2
historical_i4_504_cpu_reeval,4,implicit,hopper-medium-replay-v2,2.5,3,hopper-medium-replay-v2_tau2.5_mpi4_seed3,d4rl_pi4,23.60229710471236,100.32563211686319,76.72333501215083,/home/ext_csv/mpi_sweep_lab/results/mpi4_norm/hopper-medium-replay-v2_tau2.5_mpi4_seed3
historical_i4_504_cpu_reeval,4,implicit,hopper-medium-replay-v2,4,0,hopper-medium-replay-v2_tau4_mpi4_seed0,d4rl_pi4,37.661787035731244,98.73405655846936,61.07226952273812,/home/ext_csv/mpi_sweep_lab/results/mpi4_norm/hopper-medium-replay-v2_tau4_mpi4_seed0
historical_i4_504_cpu_reeval,4,implicit,hopper-medium-replay-v2,4,1,hopper-medium-replay-v2_tau4_mpi4_seed1,d4rl_pi4,56.55738489220953,98.6970494756549,42.13966458344537,/home/ext_csv/mpi_sweep_lab/results/mpi4_norm/hopper-medium-replay-v2_tau4_mpi4_seed1
historical_i4_504_cpu_reeval,4,implicit,hopper-medium-replay-v2,4,2,hopper-medium-replay-v2_tau4_mpi4_seed2,d4rl_pi4,37.40603671386014,99.9272228877564,62.52118617389626,/home/ext_csv/mpi_sweep_lab/results/mpi4_norm/hopper-medium-replay-v2_tau4_mpi4_seed2
historical_i4_504_cpu_reeval,4,implicit,hopper-medium-replay-v2,4,3,hopper-medium-replay-v2_tau4_mpi4_seed3,d4rl_pi4,28.30462573844652,98.88695238818018,70.58232664973366,/home/ext_csv/mpi_sweep_lab/results/mpi4_norm/hopper-medium-replay-v2_tau4_mpi4_seed3
historical_i4_504_cpu_reeval,4,implicit,hopper-medium-replay-v2,7,0,hopper-medium-replay-v2_tau7_mpi4_seed0,d4rl_pi4,40.248218591818436,99.89892402027368,59.65070542845525,/home/ext_csv/mpi_sweep_lab/results/mpi4_norm/hopper-medium-replay-v2_tau7_mpi4_seed0
historical_i4_504_cpu_reeval,4,implicit,hopper-medium-replay-v2,7,1,hopper-medium-replay-v2_tau7_mpi4_seed1,d4rl_pi4,58.61023978872324,99.59360199290307,40.983362204179834,/home/ext_csv/mpi_sweep_lab/results/mpi4_norm/hopper-medium-replay-v2_tau7_mpi4_seed1
historical_i4_504_cpu_reeval,4,implicit,hopper-medium-replay-v2,7,2,hopper-medium-replay-v2_tau7_mpi4_seed2,d4rl_pi4,58.57086839702037,98.5151365043981,39.94426810737773,/home/ext_csv/mpi_sweep_lab/results/mpi4_norm/hopper-medium-replay-v2_tau7_mpi4_seed2
historical_i4_504_cpu_reeval,4,implicit,hopper-medium-replay-v2,7,3,hopper-medium-replay-v2_tau7_mpi4_seed3,d4rl_pi4,27.201803157755105,96.93866231698621,69.7368591592311,/home/ext_csv/mpi_sweep_lab/results/mpi4_norm/hopper-medium-replay-v2_tau7_mpi4_seed3
historical_i4_504_cpu_reeval,4,implicit,hopper-medium-replay-v2,10,0,hopper-medium-replay-v2_tau10_mpi4_seed0,d4rl_pi4,70.97912703412051,100.56673288847185,29.587605854351338,/home/ext_csv/mpi_sweep_lab/results/mpi4_norm/hopper-medium-replay-v2_tau10_mpi4_seed0
historical_i4_504_cpu_reeval,4,implicit,hopper-medium-replay-v2,10,1,hopper-medium-replay-v2_tau10_mpi4_seed1,d4rl_pi4,76.45328565857365,100.74524342951906,24.291957770945416,/home/ext_csv/mpi_sweep_lab/results/mpi4_norm/hopper-medium-replay-v2_tau10_mpi4_seed1
historical_i4_504_cpu_reeval,4,implicit,hopper-medium-replay-v2,10,2,hopper-medium-replay-v2_tau10_mpi4_seed2,d4rl_pi4,99.54656441100686,99.57453840278943,0.02797399178257365,/home/ext_csv/mpi_sweep_lab/results/mpi4_norm/hopper-medium-replay-v2_tau10_mpi4_seed2
historical_i4_504_cpu_reeval,4,implicit,hopper-medium-replay-v2,10,3,hopper-medium-replay-v2_tau10_mpi4_seed3,d4rl_pi4,50.41462525662042,98.73491648962775,48.32029123300733,/home/ext_csv/mpi_sweep_lab/results/mpi4_norm/hopper-medium-replay-v2_tau10_mpi4_seed3
historical_i4_504_cpu_reeval,4,implicit,hopper-medium-replay-v2,12,0,hopper-medium-replay-v2_tau12_mpi4_seed0,d4rl_pi4,51.731500772256986,100.53620310246689,48.8047023302099,/home/ext_csv/mpi_sweep_lab/results/mpi4_norm/hopper-medium-replay-v2_tau12_mpi4_seed0
historical_i4_504_cpu_reeval,4,implicit,hopper-medium-replay-v2,12,1,hopper-medium-replay-v2_tau12_mpi4_seed1,d4rl_pi4,14.55196353277951,99.62180940265367,85.06984586987416,/home/ext_csv/mpi_sweep_lab/results/mpi4_norm/hopper-medium-replay-v2_tau12_mpi4_seed1
historical_i4_504_cpu_reeval,4,implicit,hopper-medium-replay-v2,12,2,hopper-medium-replay-v2_tau12_mpi4_seed2,d4rl_pi4,94.60267049410956,97.99348443962106,3.3908139455114963,/home/ext_csv/mpi_sweep_lab/results/mpi4_norm/hopper-medium-replay-v2_tau12_mpi4_seed2
historical_i4_504_cpu_reeval,4,implicit,hopper-medium-replay-v2,12,3,hopper-medium-replay-v2_tau12_mpi4_seed3,d4rl_pi4,63.01780856058706,100.21354345253822,37.195734891951155,/home/ext_csv/mpi_sweep_lab/results/mpi4_norm/hopper-medium-replay-v2_tau12_mpi4_seed3
historical_i4_504_cpu_reeval,4,implicit,hopper-medium-replay-v2,14,0,hopper-medium-replay-v2_tau14_mpi4_seed0,d4rl_pi4,78.49534389703285,99.3820619242345,20.886718027201653,/home/ext_csv/mpi_sweep_lab/results/mpi4_norm/hopper-medium-replay-v2_tau14_mpi4_seed0
historical_i4_504_cpu_reeval,4,implicit,hopper-medium-replay-v2,14,1,hopper-medium-replay-v2_tau14_mpi4_seed1,d4rl_pi4,63.21109907676256,100.98569852804786,37.774599451285304,/home/ext_csv/mpi_sweep_lab/results/mpi4_norm/hopper-medium-replay-v2_tau14_mpi4_seed1
historical_i4_504_cpu_reeval,4,implicit,hopper-medium-replay-v2,14,2,hopper-medium-replay-v2_tau14_mpi4_seed2,d4rl_pi4,71.23635335519013,98.583923682772,27.347570327581863,/home/ext_csv/mpi_sweep_lab/results/mpi4_norm/hopper-medium-replay-v2_tau14_mpi4_seed2
historical_i4_504_cpu_reeval,4,implicit,hopper-medium-replay-v2,14,3,hopper-medium-replay-v2_tau14_mpi4_seed3,d4rl_pi4,53.543369381072225,99.81080902074662,46.26743963967439,/home/ext_csv/mpi_sweep_lab/results/mpi4_norm/hopper-medium-replay-v2_tau14_mpi4_seed3
historical_i4_504_cpu_reeval,4,implicit,hopper-medium-replay-v2,17,0,hopper-medium-replay-v2_tau17_mpi4_seed0,d4rl_pi4,85.26618872074081,99.58966112631474,14.323472405573924,/home/ext_csv/mpi_sweep_lab/results/mpi4_norm/hopper-medium-replay-v2_tau17_mpi4_seed0
historical_i4_504_cpu_reeval,4,implicit,hopper-medium-replay-v2,17,1,hopper-medium-replay-v2_tau17_mpi4_seed1,d4rl_pi4,39.15825969315298,100.61108944700075,61.45282975384777,/home/ext_csv/mpi_sweep_lab/results/mpi4_norm/hopper-medium-replay-v2_tau17_mpi4_seed1
historical_i4_504_cpu_reeval,4,implicit,hopper-medium-replay-v2,17,2,hopper-medium-replay-v2_tau17_mpi4_seed2,d4rl_pi4,71.57999681207006,101.02023029104608,29.440233478976012,/home/ext_csv/mpi_sweep_lab/results/mpi4_norm/hopper-medium-replay-v2_tau17_mpi4_seed2
historical_i4_504_cpu_reeval,4,implicit,hopper-medium-replay-v2,17,3,hopper-medium-replay-v2_tau17_mpi4_seed3,d4rl_pi4,38.671451274397114,101.37890132450164,62.707450050104526,/home/ext_csv/mpi_sweep_lab/results/mpi4_norm/hopper-medium-replay-v2_tau17_mpi4_seed3
historical_i4_504_cpu_reeval,4,implicit,hopper-medium-replay-v2,20,0,hopper-medium-replay-v2_tau20_mpi4_seed0,d4rl_pi4,69.74039132344576,100.62308082409001,30.882689500644247,/home/ext_csv/mpi_sweep_lab/results/mpi4_norm/hopper-medium-replay-v2_tau20_mpi4_seed0
historical_i4_504_cpu_reeval,4,implicit,hopper-medium-replay-v2,20,1,hopper-medium-replay-v2_tau20_mpi4_seed1,d4rl_pi4,99.49831367375876,98.70957020886631,-0.7887434648924483,/home/ext_csv/mpi_sweep_lab/results/mpi4_norm/hopper-medium-replay-v2_tau20_mpi4_seed1
historical_i4_504_cpu_reeval,4,implicit,hopper-medium-replay-v2,20,2,hopper-medium-replay-v2_tau20_mpi4_seed2,d4rl_pi4,90.61686635089036,101.07213027925937,10.455263928369007,/home/ext_csv/mpi_sweep_lab/results/mpi4_norm/hopper-medium-replay-v2_tau20_mpi4_seed2
historical_i4_504_cpu_reeval,4,implicit,hopper-medium-replay-v2,20,3,hopper-medium-replay-v2_tau20_mpi4_seed3,d4rl_pi4,31.770124205268495,100.78635993444378,69.01623572917529,/home/ext_csv/mpi_sweep_lab/results/mpi4_norm/hopper-medium-replay-v2_tau20_mpi4_seed3
historical_i4_504_cpu_reeval,4,implicit,hopper-expert-v2,0.05,0,hopper-expert-v2_tau0.05_mpi4_seed0,d4rl_pi4,95.34837084614057,84.753823386885,-10.594547459255566,/home/ext_csv/mpi_sweep_lab/results/mpi4_norm/hopper-expert-v2_tau0.05_mpi4_seed0
historical_i4_504_cpu_reeval,4,implicit,hopper-expert-v2,0.05,1,hopper-expert-v2_tau0.05_mpi4_seed1,d4rl_pi4,103.1043313785035,99.41498885082977,-3.6893425276737304,/home/ext_csv/mpi_sweep_lab/results/mpi4_norm/hopper-expert-v2_tau0.05_mpi4_seed1
historical_i4_504_cpu_reeval,4,implicit,hopper-expert-v2,0.05,2,hopper-expert-v2_tau0.05_mpi4_seed2,d4rl_pi4,96.91338655347853,94.83064470117696,-2.0827418523015666,/home/ext_csv/mpi_sweep_lab/results/mpi4_norm/hopper-expert-v2_tau0.05_mpi4_seed2
historical_i4_504_cpu_reeval,4,implicit,hopper-expert-v2,0.05,3,hopper-expert-v2_tau0.05_mpi4_seed3,d4rl_pi4,104.63452148288334,97.03508121107016,-7.5994402718131795,/home/ext_csv/mpi_sweep_lab/results/mpi4_norm/hopper-expert-v2_tau0.05_mpi4_seed3
historical_i4_504_cpu_reeval,4,implicit,hopper-expert-v2,0.1,0,hopper-expert-v2_tau0.1_mpi4_seed0,d4rl_pi4,109.60625385158829,98.18716931910473,-11.419084532483566,/home/ext_csv/mpi_sweep_lab/results/mpi4_norm/hopper-expert-v2_tau0.1_mpi4_seed0
historical_i4_504_cpu_reeval,4,implicit,hopper-expert-v2,0.1,1,hopper-expert-v2_tau0.1_mpi4_seed1,d4rl_pi4,103.51113315884233,106.59948339475199,3.088350235909658,/home/ext_csv/mpi_sweep_lab/results/mpi4_norm/hopper-expert-v2_tau0.1_mpi4_seed1
historical_i4_504_cpu_reeval,4,implicit,hopper-expert-v2,0.1,2,hopper-expert-v2_tau0.1_mpi4_seed2,d4rl_pi4,91.88348805489458,108.85342661345602,16.969938558561438,/home/ext_csv/mpi_sweep_lab/results/mpi4_norm/hopper-expert-v2_tau0.1_mpi4_seed2
historical_i4_504_cpu_reeval,4,implicit,hopper-expert-v2,0.1,3,hopper-expert-v2_tau0.1_mpi4_seed3,d4rl_pi4,92.46421669409624,102.39292931748689,9.928712623390652,/home/ext_csv/mpi_sweep_lab/results/mpi4_norm/hopper-expert-v2_tau0.1_mpi4_seed3
historical_i4_504_cpu_reeval,4,implicit,hopper-expert-v2,0.2,0,hopper-expert-v2_tau0.2_mpi4_seed0,d4rl_pi4,99.91080370058184,97.6973967915268,-2.2134069090550383,/home/ext_csv/mpi_sweep_lab/results/mpi4_norm/hopper-expert-v2_tau0.2_mpi4_seed0
historical_i4_504_cpu_reeval,4,implicit,hopper-expert-v2,0.2,1,hopper-expert-v2_tau0.2_mpi4_seed1,d4rl_pi4,105.6574311928297,106.06780004148027,0.4103688486505632,/home/ext_csv/mpi_sweep_lab/results/mpi4_norm/hopper-expert-v2_tau0.2_mpi4_seed1
historical_i4_504_cpu_reeval,4,implicit,hopper-expert-v2,0.2,2,hopper-expert-v2_tau0.2_mpi4_seed2,d4rl_pi4,96.99973617789468,105.38708662325533,8.387350445360653,/home/ext_csv/mpi_sweep_lab/results/mpi4_norm/hopper-expert-v2_tau0.2_mpi4_seed2
historical_i4_504_cpu_reeval,4,implicit,hopper-expert-v2,0.2,3,hopper-expert-v2_tau0.2_mpi4_seed3,d4rl_pi4,94.29323064357487,98.85182666952534,4.5585960259504645,/home/ext_csv/mpi_sweep_lab/results/mpi4_norm/hopper-expert-v2_tau0.2_mpi4_seed3
historical_i4_504_cpu_reeval,4,implicit,hopper-expert-v2,0.4,0,hopper-expert-v2_tau0.4_mpi4_seed0,d4rl_pi4,107.44739476029719,106.02625319429708,-1.4211415660001023,/home/ext_csv/mpi_sweep_lab/results/mpi4_norm/hopper-expert-v2_tau0.4_mpi4_seed0
historical_i4_504_cpu_reeval,4,implicit,hopper-expert-v2,0.4,1,hopper-expert-v2_tau0.4_mpi4_seed1,d4rl_pi4,106.15689963511574,103.43448453475163,-2.7224151003641026,/home/ext_csv/mpi_sweep_lab/results/mpi4_norm/hopper-expert-v2_tau0.4_mpi4_seed1
historical_i4_504_cpu_reeval,4,implicit,hopper-expert-v2,0.4,2,hopper-expert-v2_tau0.4_mpi4_seed2,d4rl_pi4,109.61165373703305,101.19432409323723,-8.417329643795824,/home/ext_csv/mpi_sweep_lab/results/mpi4_norm/hopper-expert-v2_tau0.4_mpi4_seed2
historical_i4_504_cpu_reeval,4,implicit,hopper-expert-v2,0.4,3,hopper-expert-v2_tau0.4_mpi4_seed3,d4rl_pi4,107.98952135856108,100.47963748724796,-7.5098838713131215,/home/ext_csv/mpi_sweep_lab/results/mpi4_norm/hopper-expert-v2_tau0.4_mpi4_seed3
historical_i4_504_cpu_reeval,4,implicit,hopper-expert-v2,0.7,0,hopper-expert-v2_tau0.7_mpi4_seed0,d4rl_pi4,107.69738886475989,99.30108084223419,-8.396308022525702,/home/ext_csv/mpi_sweep_lab/results/mpi4_norm/hopper-expert-v2_tau0.7_mpi4_seed0
historical_i4_504_cpu_reeval,4,implicit,hopper-expert-v2,0.7,1,hopper-expert-v2_tau0.7_mpi4_seed1,d4rl_pi4,110.11249397012124,108.67270326817457,-1.439790701946663,/home/ext_csv/mpi_sweep_lab/results/mpi4_norm/hopper-expert-v2_tau0.7_mpi4_seed1
historical_i4_504_cpu_reeval,4,implicit,hopper-expert-v2,0.7,2,hopper-expert-v2_tau0.7_mpi4_seed2,d4rl_pi4,107.08716166480808,109.36079587087144,2.273634206063363,/home/ext_csv/mpi_sweep_lab/results/mpi4_norm/hopper-expert-v2_tau0.7_mpi4_seed2
historical_i4_504_cpu_reeval,4,implicit,hopper-expert-v2,0.7,3,hopper-expert-v2_tau0.7_mpi4_seed3,d4rl_pi4,99.06194292833688,99.54276959295886,0.4808266646219863,/home/ext_csv/mpi_sweep_lab/results/mpi4_norm/hopper-expert-v2_tau0.7_mpi4_seed3
historical_i4_504_cpu_reeval,4,implicit,hopper-expert-v2,1.5,0,hopper-expert-v2_tau1.5_mpi4_seed0,d4rl_pi4,97.28544332427572,97.19243531978134,-0.09300800449437929,/home/ext_csv/mpi_sweep_lab/results/mpi4_norm/hopper-expert-v2_tau1.5_mpi4_seed0
historical_i4_504_cpu_reeval,4,implicit,hopper-expert-v2,1.5,1,hopper-expert-v2_tau1.5_mpi4_seed1,d4rl_pi4,99.01914226564931,109.20034076452698,10.181198498877677,/home/ext_csv/mpi_sweep_lab/results/mpi4_norm/hopper-expert-v2_tau1.5_mpi4_seed1
historical_i4_504_cpu_reeval,4,implicit,hopper-expert-v2,1.5,2,hopper-expert-v2_tau1.5_mpi4_seed2,d4rl_pi4,94.63326601829729,106.17829104130693,11.545025023009643,/home/ext_csv/mpi_sweep_lab/results/mpi4_norm/hopper-expert-v2_tau1.5_mpi4_seed2
historical_i4_504_cpu_reeval,4,implicit,hopper-expert-v2,1.5,3,hopper-expert-v2_tau1.5_mpi4_seed3,d4rl_pi4,99.11486597884416,102.58265476030759,3.467788781463426,/home/ext_csv/mpi_sweep_lab/results/mpi4_norm/hopper-expert-v2_tau1.5_mpi4_seed3
historical_i4_504_cpu_reeval,4,implicit,hopper-expert-v2,2.5,0,hopper-expert-v2_tau2.5_mpi4_seed0,d4rl_pi4,100.63384890771965,99.23100104172171,-1.4028478659979413,/home/ext_csv/mpi_sweep_lab/results/mpi4_norm/hopper-expert-v2_tau2.5_mpi4_seed0
historical_i4_504_cpu_reeval,4,implicit,hopper-expert-v2,2.5,1,hopper-expert-v2_tau2.5_mpi4_seed1,d4rl_pi4,101.51149305096001,107.93363248215083,6.422139431190814,/home/ext_csv/mpi_sweep_lab/results/mpi4_norm/hopper-expert-v2_tau2.5_mpi4_seed1
historical_i4_504_cpu_reeval,4,implicit,hopper-expert-v2,2.5,2,hopper-expert-v2_tau2.5_mpi4_seed2,d4rl_pi4,101.80056505429988,109.48927923432663,7.68871418002675,/home/ext_csv/mpi_sweep_lab/results/mpi4_norm/hopper-expert-v2_tau2.5_mpi4_seed2
historical_i4_504_cpu_reeval,4,implicit,hopper-expert-v2,2.5,3,hopper-expert-v2_tau2.5_mpi4_seed3,d4rl_pi4,97.45321226607152,100.57115020033285,3.1179379342613345,/home/ext_csv/mpi_sweep_lab/results/mpi4_norm/hopper-expert-v2_tau2.5_mpi4_seed3
historical_i4_504_cpu_reeval,4,implicit,hopper-expert-v2,4,0,hopper-expert-v2_tau4_mpi4_seed0,d4rl_pi4,101.0225043351939,93.58066239065195,-7.441841944541949,/home/ext_csv/mpi_sweep_lab/results/mpi4_norm/hopper-expert-v2_tau4_mpi4_seed0
historical_i4_504_cpu_reeval,4,implicit,hopper-expert-v2,4,1,hopper-expert-v2_tau4_mpi4_seed1,d4rl_pi4,98.36282443485322,106.0714774853034,7.708653050450181,/home/ext_csv/mpi_sweep_lab/results/mpi4_norm/hopper-expert-v2_tau4_mpi4_seed1
historical_i4_504_cpu_reeval,4,implicit,hopper-expert-v2,4,2,hopper-expert-v2_tau4_mpi4_seed2,d4rl_pi4,100.01540563864685,106.46970588890487,6.454300250258015,/home/ext_csv/mpi_sweep_lab/results/mpi4_norm/hopper-expert-v2_tau4_mpi4_seed2
historical_i4_504_cpu_reeval,4,implicit,hopper-expert-v2,4,3,hopper-expert-v2_tau4_mpi4_seed3,d4rl_pi4,102.99851185035564,96.34432391527761,-6.654187935078028,/home/ext_csv/mpi_sweep_lab/results/mpi4_norm/hopper-expert-v2_tau4_mpi4_seed3
historical_i4_504_cpu_reeval,4,implicit,hopper-expert-v2,7,0,hopper-expert-v2_tau7_mpi4_seed0,d4rl_pi4,102.50294651006186,79.56206300791514,-22.94088350214672,/home/ext_csv/mpi_sweep_lab/results/mpi4_norm/hopper-expert-v2_tau7_mpi4_seed0
historical_i4_504_cpu_reeval,4,implicit,hopper-expert-v2,7,1,hopper-expert-v2_tau7_mpi4_seed1,d4rl_pi4,101.66188880711925,83.3676676376786,-18.29422116944066,/home/ext_csv/mpi_sweep_lab/results/mpi4_norm/hopper-expert-v2_tau7_mpi4_seed1
historical_i4_504_cpu_reeval,4,implicit,hopper-expert-v2,7,2,hopper-expert-v2_tau7_mpi4_seed2,d4rl_pi4,98.49936213836047,104.14372005863348,5.644357920273009,/home/ext_csv/mpi_sweep_lab/results/mpi4_norm/hopper-expert-v2_tau7_mpi4_seed2
historical_i4_504_cpu_reeval,4,implicit,hopper-expert-v2,7,3,hopper-expert-v2_tau7_mpi4_seed3,d4rl_pi4,110.81088243063365,96.50278355643594,-14.30809887419771,/home/ext_csv/mpi_sweep_lab/results/mpi4_norm/hopper-expert-v2_tau7_mpi4_seed3
historical_i4_504_cpu_reeval,4,implicit,hopper-expert-v2,10,0,hopper-expert-v2_tau10_mpi4_seed0,d4rl_pi4,110.05548426101461,16.081054366988305,-93.97442989402631,/home/ext_csv/mpi_sweep_lab/results/mpi4_norm/hopper-expert-v2_tau10_mpi4_seed0
historical_i4_504_cpu_reeval,4,implicit,hopper-expert-v2,10,1,hopper-expert-v2_tau10_mpi4_seed1,d4rl_pi4,100.98554942299943,96.26134855309459,-4.724200869904834,/home/ext_csv/mpi_sweep_lab/results/mpi4_norm/hopper-expert-v2_tau10_mpi4_seed1
historical_i4_504_cpu_reeval,4,implicit,hopper-expert-v2,10,2,hopper-expert-v2_tau10_mpi4_seed2,d4rl_pi4,93.80416538330772,70.45822597491933,-23.34593940838839,/home/ext_csv/mpi_sweep_lab/results/mpi4_norm/hopper-expert-v2_tau10_mpi4_seed2
historical_i4_504_cpu_reeval,4,implicit,hopper-expert-v2,10,3,hopper-expert-v2_tau10_mpi4_seed3,d4rl_pi4,20.465922650995008,2.0978233944383735,-18.368099256556633,/home/ext_csv/mpi_sweep_lab/results/mpi4_norm/hopper-expert-v2_tau10_mpi4_seed3
historical_i4_504_cpu_reeval,4,implicit,hopper-expert-v2,12,0,hopper-expert-v2_tau12_mpi4_seed0,d4rl_pi4,96.39965576313396,43.667656361882464,-52.7319994012515,/home/ext_csv/mpi_sweep_lab/results/mpi4_norm/hopper-expert-v2_tau12_mpi4_seed0
historical_i4_504_cpu_reeval,4,implicit,hopper-expert-v2,12,1,hopper-expert-v2_tau12_mpi4_seed1,d4rl_pi4,97.72599886327143,72.71411755133921,-25.011881311932214,/home/ext_csv/mpi_sweep_lab/results/mpi4_norm/hopper-expert-v2_tau12_mpi4_seed1
historical_i4_504_cpu_reeval,4,implicit,hopper-expert-v2,12,2,hopper-expert-v2_tau12_mpi4_seed2,d4rl_pi4,100.43135438718014,16.693675195277983,-83.73767919190215,/home/ext_csv/mpi_sweep_lab/results/mpi4_norm/hopper-expert-v2_tau12_mpi4_seed2
historical_i4_504_cpu_reeval,4,implicit,hopper-expert-v2,12,3,hopper-expert-v2_tau12_mpi4_seed3,d4rl_pi4,22.55571712454222,5.090031493926756,-17.465685630615464,/home/ext_csv/mpi_sweep_lab/results/mpi4_norm/hopper-expert-v2_tau12_mpi4_seed3
historical_i4_504_cpu_reeval,4,implicit,hopper-expert-v2,14,0,hopper-expert-v2_tau14_mpi4_seed0,d4rl_pi4,1.0127611954141347,0.714557550520326,-0.2982036448938087,/home/ext_csv/mpi_sweep_lab/results/mpi4_norm/hopper-expert-v2_tau14_mpi4_seed0
historical_i4_504_cpu_reeval,4,implicit,hopper-expert-v2,14,1,hopper-expert-v2_tau14_mpi4_seed1,d4rl_pi4,20.272959306485344,2.000203995855548,-18.272755310629798,/home/ext_csv/mpi_sweep_lab/results/mpi4_norm/hopper-expert-v2_tau14_mpi4_seed1
historical_i4_504_cpu_reeval,4,implicit,hopper-expert-v2,14,2,hopper-expert-v2_tau14_mpi4_seed2,d4rl_pi4,96.66353357862567,75.9576926523628,-20.70584092626288,/home/ext_csv/mpi_sweep_lab/results/mpi4_norm/hopper-expert-v2_tau14_mpi4_seed2
historical_i4_504_cpu_reeval,4,implicit,hopper-expert-v2,14,3,hopper-expert-v2_tau14_mpi4_seed3,d4rl_pi4,7.653176862384928,2.0658744888743223,-5.587302373510606,/home/ext_csv/mpi_sweep_lab/results/mpi4_norm/hopper-expert-v2_tau14_mpi4_seed3
historical_i4_504_cpu_reeval,4,implicit,hopper-expert-v2,17,0,hopper-expert-v2_tau17_mpi4_seed0,d4rl_pi4,8.45336955134542,1.2648712323538158,-7.188498318991604,/home/ext_csv/mpi_sweep_lab/results/mpi4_norm/hopper-expert-v2_tau17_mpi4_seed0
historical_i4_504_cpu_reeval,4,implicit,hopper-expert-v2,17,1,hopper-expert-v2_tau17_mpi4_seed1,d4rl_pi4,1.819903610444258,1.819903610444258,0.0,/home/ext_csv/mpi_sweep_lab/results/mpi4_norm/hopper-expert-v2_tau17_mpi4_seed1
historical_i4_504_cpu_reeval,4,implicit,hopper-expert-v2,17,2,hopper-expert-v2_tau17_mpi4_seed2,d4rl_pi4,99.83961273212981,48.52041842765687,-51.31919430447294,/home/ext_csv/mpi_sweep_lab/results/mpi4_norm/hopper-expert-v2_tau17_mpi4_seed2
historical_i4_504_cpu_reeval,4,implicit,hopper-expert-v2,17,3,hopper-expert-v2_tau17_mpi4_seed3,d4rl_pi4,21.63024956631278,1.7810178666897416,-19.84923169962304,/home/ext_csv/mpi_sweep_lab/results/mpi4_norm/hopper-expert-v2_tau17_mpi4_seed3
historical_i4_504_cpu_reeval,4,implicit,hopper-expert-v2,20,0,hopper-expert-v2_tau20_mpi4_seed0,d4rl_pi4,1.0149318015680686,0.6404862452301316,-0.37444555633793697,/home/ext_csv/mpi_sweep_lab/results/mpi4_norm/hopper-expert-v2_tau20_mpi4_seed0
historical_i4_504_cpu_reeval,4,implicit,hopper-expert-v2,20,1,hopper-expert-v2_tau20_mpi4_seed1,d4rl_pi4,13.240996294307589,5.249101212195209,-7.9918950821123795,/home/ext_csv/mpi_sweep_lab/results/mpi4_norm/hopper-expert-v2_tau20_mpi4_seed1
historical_i4_504_cpu_reeval,4,implicit,hopper-expert-v2,20,2,hopper-expert-v2_tau20_mpi4_seed2,d4rl_pi4,1.820020580375119,1.820020580375119,0.0,/home/ext_csv/mpi_sweep_lab/results/mpi4_norm/hopper-expert-v2_tau20_mpi4_seed2
historical_i4_504_cpu_reeval,4,implicit,hopper-expert-v2,20,3,hopper-expert-v2_tau20_mpi4_seed3,d4rl_pi4,1.8799761619137718,0.9970051293917392,-0.8829710325220326,/home/ext_csv/mpi_sweep_lab/results/mpi4_norm/hopper-expert-v2_tau20_mpi4_seed3
historical_i4_504_cpu_reeval,4,implicit,halfcheetah-medium-v2,0.05,0,halfcheetah-medium-v2_tau0.05_mpi4_seed0,d4rl_pi4,42.43748378500062,42.59260973286928,0.15512594786865463,/home/ext_csv/mpi_sweep_lab/results/mpi4_norm/halfcheetah-medium-v2_tau0.05_mpi4_seed0
historical_i4_504_cpu_reeval,4,implicit,halfcheetah-medium-v2,0.05,1,halfcheetah-medium-v2_tau0.05_mpi4_seed1,d4rl_pi4,43.256327264960476,43.145810351449285,-0.11051691351119075,/home/ext_csv/mpi_sweep_lab/results/mpi4_norm/halfcheetah-medium-v2_tau0.05_mpi4_seed1
historical_i4_504_cpu_reeval,4,implicit,halfcheetah-medium-v2,0.05,2,halfcheetah-medium-v2_tau0.05_mpi4_seed2,d4rl_pi4,42.69344969958209,42.31442315535798,-0.37902654422411075,/home/ext_csv/mpi_sweep_lab/results/mpi4_norm/halfcheetah-medium-v2_tau0.05_mpi4_seed2
historical_i4_504_cpu_reeval,4,implicit,halfcheetah-medium-v2,0.05,3,halfcheetah-medium-v2_tau0.05_mpi4_seed3,d4rl_pi4,42.181446652452365,43.109858489339565,0.9284118368872001,/home/ext_csv/mpi_sweep_lab/results/mpi4_norm/halfcheetah-medium-v2_tau0.05_mpi4_seed3
historical_i4_504_cpu_reeval,4,implicit,halfcheetah-medium-v2,0.1,0,halfcheetah-medium-v2_tau0.1_mpi4_seed0,d4rl_pi4,42.85545364082519,43.61747003948459,0.762016398659398,/home/ext_csv/mpi_sweep_lab/results/mpi4_norm/halfcheetah-medium-v2_tau0.1_mpi4_seed0
historical_i4_504_cpu_reeval,4,implicit,halfcheetah-medium-v2,0.1,1,halfcheetah-medium-v2_tau0.1_mpi4_seed1,d4rl_pi4,42.85854976476,43.48862252414553,0.6300727593855342,/home/ext_csv/mpi_sweep_lab/results/mpi4_norm/halfcheetah-medium-v2_tau0.1_mpi4_seed1
historical_i4_504_cpu_reeval,4,implicit,halfcheetah-medium-v2,0.1,2,halfcheetah-medium-v2_tau0.1_mpi4_seed2,d4rl_pi4,42.98088339503039,43.72091843187603,0.7400350368456401,/home/ext_csv/mpi_sweep_lab/results/mpi4_norm/halfcheetah-medium-v2_tau0.1_mpi4_seed2
historical_i4_504_cpu_reeval,4,implicit,halfcheetah-medium-v2,0.2,1,halfcheetah-medium-v2_tau0.2_mpi4_seed1,d4rl_pi4,43.65880790981767,44.64266624364793,0.9838583338302627,/home/ext_csv/mpi_sweep_lab/results/mpi4_norm/halfcheetah-medium-v2_tau0.2_mpi4_seed1
historical_i4_504_cpu_reeval,4,implicit,halfcheetah-medium-v2,0.4,1,halfcheetah-medium-v2_tau0.4_mpi4_seed1,d4rl_pi4,44.34248099622188,45.38660724900702,1.0441262527851407,/home/ext_csv/mpi_sweep_lab/results/mpi4_norm/halfcheetah-medium-v2_tau0.4_mpi4_seed1
historical_i4_504_cpu_reeval,4,implicit,halfcheetah-medium-v2,0.2,3,halfcheetah-medium-v2_tau0.2_mpi4_seed3,d4rl_pi4,43.329759371254966,43.988631012553206,0.6588716412982407,/home/ext_csv/mpi_sweep_lab/results/mpi4_norm/halfcheetah-medium-v2_tau0.2_mpi4_seed3
historical_i4_504_cpu_reeval,4,implicit,halfcheetah-medium-v2,0.2,0,halfcheetah-medium-v2_tau0.2_mpi4_seed0,d4rl_pi4,43.48934081307345,44.21942334763034,0.7300825345568924,/home/ext_csv/mpi_sweep_lab/results/mpi4_norm/halfcheetah-medium-v2_tau0.2_mpi4_seed0
historical_i4_504_cpu_reeval,4,implicit,halfcheetah-medium-v2,0.4,0,halfcheetah-medium-v2_tau0.4_mpi4_seed0,d4rl_pi4,43.54659869125435,45.31095318101694,1.7643544897625887,/home/ext_csv/mpi_sweep_lab/results/mpi4_norm/halfcheetah-medium-v2_tau0.4_mpi4_seed0
historical_i4_504_cpu_reeval,4,implicit,halfcheetah-medium-v2,0.1,3,halfcheetah-medium-v2_tau0.1_mpi4_seed3,d4rl_pi4,42.84281781277442,43.43010586962292,0.5872880568485002,/home/ext_csv/mpi_sweep_lab/results/mpi4_norm/halfcheetah-medium-v2_tau0.1_mpi4_seed3
historical_i4_504_cpu_reeval,4,implicit,halfcheetah-medium-v2,0.4,2,halfcheetah-medium-v2_tau0.4_mpi4_seed2,d4rl_pi4,43.39717922660331,44.647009604937494,1.249830378334181,/home/ext_csv/mpi_sweep_lab/results/mpi4_norm/halfcheetah-medium-v2_tau0.4_mpi4_seed2
historical_i4_504_cpu_reeval,4,implicit,halfcheetah-medium-v2,0.2,2,halfcheetah-medium-v2_tau0.2_mpi4_seed2,d4rl_pi4,42.93185349991804,44.39513735459044,1.4632838546723974,/home/ext_csv/mpi_sweep_lab/results/mpi4_norm/halfcheetah-medium-v2_tau0.2_mpi4_seed2
historical_i4_504_cpu_reeval,4,implicit,halfcheetah-medium-v2,1.5,1,halfcheetah-medium-v2_tau1.5_mpi4_seed1,d4rl_pi4,45.99835399270469,48.402739872379804,2.404385879675111,/home/ext_csv/mpi_sweep_lab/results/mpi4_norm/halfcheetah-medium-v2_tau1.5_mpi4_seed1
historical_i4_504_cpu_reeval,4,implicit,halfcheetah-medium-v2,0.7,3,halfcheetah-medium-v2_tau0.7_mpi4_seed3,d4rl_pi4,44.204453580063216,46.36400633840894,2.1595527583457255,/home/ext_csv/mpi_sweep_lab/results/mpi4_norm/halfcheetah-medium-v2_tau0.7_mpi4_seed3
historical_i4_504_cpu_reeval,4,implicit,halfcheetah-medium-v2,1.5,2,halfcheetah-medium-v2_tau1.5_mpi4_seed2,d4rl_pi4,45.54919843330078,48.562281556413,3.0130831231122173,/home/ext_csv/mpi_sweep_lab/results/mpi4_norm/halfcheetah-medium-v2_tau1.5_mpi4_seed2
historical_i4_504_cpu_reeval,4,implicit,halfcheetah-medium-v2,1.5,0,halfcheetah-medium-v2_tau1.5_mpi4_seed0,d4rl_pi4,45.2702808343266,48.0593769365857,2.7890961022591014,/home/ext_csv/mpi_sweep_lab/results/mpi4_norm/halfcheetah-medium-v2_tau1.5_mpi4_seed0
historical_i4_504_cpu_reeval,4,implicit,halfcheetah-medium-v2,0.7,0,halfcheetah-medium-v2_tau0.7_mpi4_seed0,d4rl_pi4,43.83391388069099,46.20877975410473,2.3748658734137393,/home/ext_csv/mpi_sweep_lab/results/mpi4_norm/halfcheetah-medium-v2_tau0.7_mpi4_seed0
historical_i4_504_cpu_reeval,4,implicit,halfcheetah-medium-v2,0.7,1,halfcheetah-medium-v2_tau0.7_mpi4_seed1,d4rl_pi4,44.39978872845049,46.254047483621875,1.8542587551713865,/home/ext_csv/mpi_sweep_lab/results/mpi4_norm/halfcheetah-medium-v2_tau0.7_mpi4_seed1
historical_i4_504_cpu_reeval,4,implicit,halfcheetah-medium-v2,0.4,3,halfcheetah-medium-v2_tau0.4_mpi4_seed3,d4rl_pi4,43.403720797955245,45.53314919270184,2.129428394746597,/home/ext_csv/mpi_sweep_lab/results/mpi4_norm/halfcheetah-medium-v2_tau0.4_mpi4_seed3
historical_i4_504_cpu_reeval,4,implicit,halfcheetah-medium-v2,0.7,2,halfcheetah-medium-v2_tau0.7_mpi4_seed2,d4rl_pi4,44.61467094897606,45.9379864868579,1.3233155378818395,/home/ext_csv/mpi_sweep_lab/results/mpi4_norm/halfcheetah-medium-v2_tau0.7_mpi4_seed2
historical_i4_504_cpu_reeval,4,implicit,halfcheetah-medium-v2,2.5,3,halfcheetah-medium-v2_tau2.5_mpi4_seed3,d4rl_pi4,46.54182072014404,50.86238584354829,4.320565123404251,/home/ext_csv/mpi_sweep_lab/results/mpi4_norm/halfcheetah-medium-v2_tau2.5_mpi4_seed3
historical_i4_504_cpu_reeval,4,implicit,halfcheetah-medium-v2,4,2,halfcheetah-medium-v2_tau4_mpi4_seed2,d4rl_pi4,47.403805347478404,53.51911651739996,6.115311169921554,/home/ext_csv/mpi_sweep_lab/results/mpi4_norm/halfcheetah-medium-v2_tau4_mpi4_seed2
historical_i4_504_cpu_reeval,4,implicit,halfcheetah-medium-v2,4,1,halfcheetah-medium-v2_tau4_mpi4_seed1,d4rl_pi4,48.22930520065751,53.03594494997385,4.806639749316346,/home/ext_csv/mpi_sweep_lab/results/mpi4_norm/halfcheetah-medium-v2_tau4_mpi4_seed1
historical_i4_504_cpu_reeval,4,implicit,halfcheetah-medium-v2,2.5,0,halfcheetah-medium-v2_tau2.5_mpi4_seed0,d4rl_pi4,46.479556525852324,50.86103333982598,4.381476813973656,/home/ext_csv/mpi_sweep_lab/results/mpi4_norm/halfcheetah-medium-v2_tau2.5_mpi4_seed0
historical_i4_504_cpu_reeval,4,implicit,halfcheetah-medium-v2,4,0,halfcheetah-medium-v2_tau4_mpi4_seed0,d4rl_pi4,47.493630679441736,53.042292258088445,5.548661578646708,/home/ext_csv/mpi_sweep_lab/results/mpi4_norm/halfcheetah-medium-v2_tau4_mpi4_seed0
historical_i4_504_cpu_reeval,4,implicit,halfcheetah-medium-v2,2.5,1,halfcheetah-medium-v2_tau2.5_mpi4_seed1,d4rl_pi4,46.46700497469735,49.89668695095581,3.4296819762584576,/home/ext_csv/mpi_sweep_lab/results/mpi4_norm/halfcheetah-medium-v2_tau2.5_mpi4_seed1
historical_i4_504_cpu_reeval,4,implicit,halfcheetah-medium-v2,1.5,3,halfcheetah-medium-v2_tau1.5_mpi4_seed3,d4rl_pi4,45.15925818579126,49.04484505270029,3.88558686690903,/home/ext_csv/mpi_sweep_lab/results/mpi4_norm/halfcheetah-medium-v2_tau1.5_mpi4_seed3
historical_i4_504_cpu_reeval,4,implicit,halfcheetah-medium-v2,10,2,halfcheetah-medium-v2_tau10_mpi4_seed2,d4rl_pi4,50.794719279013464,59.72777482783891,8.933055548825443,/home/ext_csv/mpi_sweep_lab/results/mpi4_norm/halfcheetah-medium-v2_tau10_mpi4_seed2
historical_i4_504_cpu_reeval,4,implicit,halfcheetah-medium-v2,7,3,halfcheetah-medium-v2_tau7_mpi4_seed3,d4rl_pi4,49.198716822091335,56.16888336728384,6.970166545192505,/home/ext_csv/mpi_sweep_lab/results/mpi4_norm/halfcheetah-medium-v2_tau7_mpi4_seed3
historical_i4_504_cpu_reeval,4,implicit,halfcheetah-medium-v2,10,0,halfcheetah-medium-v2_tau10_mpi4_seed0,d4rl_pi4,51.11168510494423,57.143433881849774,6.031748776905545,/home/ext_csv/mpi_sweep_lab/results/mpi4_norm/halfcheetah-medium-v2_tau10_mpi4_seed0
historical_i4_504_cpu_reeval,4,implicit,halfcheetah-medium-v2,7,0,halfcheetah-medium-v2_tau7_mpi4_seed0,d4rl_pi4,49.443381797785044,58.086249354347686,8.642867556562642,/home/ext_csv/mpi_sweep_lab/results/mpi4_norm/halfcheetah-medium-v2_tau7_mpi4_seed0
historical_i4_504_cpu_reeval,4,implicit,halfcheetah-medium-v2,2.5,2,halfcheetah-medium-v2_tau2.5_mpi4_seed2,d4rl_pi4,46.123138155507064,50.16527965397031,4.042141498463245,/home/ext_csv/mpi_sweep_lab/results/mpi4_norm/halfcheetah-medium-v2_tau2.5_mpi4_seed2
historical_i4_504_cpu_reeval,4,implicit,halfcheetah-medium-v2,10,1,halfcheetah-medium-v2_tau10_mpi4_seed1,d4rl_pi4,50.06259418760084,55.882154832266586,5.819560644665749,/home/ext_csv/mpi_sweep_lab/results/mpi4_norm/halfcheetah-medium-v2_tau10_mpi4_seed1
historical_i4_504_cpu_reeval,4,implicit,halfcheetah-medium-v2,4,3,halfcheetah-medium-v2_tau4_mpi4_seed3,d4rl_pi4,47.10741886240865,52.766375182642136,5.658956320233486,/home/ext_csv/mpi_sweep_lab/results/mpi4_norm/halfcheetah-medium-v2_tau4_mpi4_seed3
historical_i4_504_cpu_reeval,4,implicit,halfcheetah-medium-v2,7,1,halfcheetah-medium-v2_tau7_mpi4_seed1,d4rl_pi4,48.911549945236374,54.77744340796966,5.86589346273329,/home/ext_csv/mpi_sweep_lab/results/mpi4_norm/halfcheetah-medium-v2_tau7_mpi4_seed1
historical_i4_504_cpu_reeval,4,implicit,halfcheetah-medium-v2,12,3,halfcheetah-medium-v2_tau12_mpi4_seed3,d4rl_pi4,52.43422297381459,59.21335238683043,6.779129413015838,/home/ext_csv/mpi_sweep_lab/results/mpi4_norm/halfcheetah-medium-v2_tau12_mpi4_seed3
historical_i4_504_cpu_reeval,4,implicit,halfcheetah-medium-v2,14,2,halfcheetah-medium-v2_tau14_mpi4_seed2,d4rl_pi4,52.40611808656749,59.96996311335129,7.563845026783802,/home/ext_csv/mpi_sweep_lab/results/mpi4_norm/halfcheetah-medium-v2_tau14_mpi4_seed2
historical_i4_504_cpu_reeval,4,implicit,halfcheetah-medium-v2,14,0,halfcheetah-medium-v2_tau14_mpi4_seed0,d4rl_pi4,52.36547259016191,60.02668762470127,7.66121503453936,/home/ext_csv/mpi_sweep_lab/results/mpi4_norm/halfcheetah-medium-v2_tau14_mpi4_seed0
historical_i4_504_cpu_reeval,4,implicit,halfcheetah-medium-v2,12,0,halfcheetah-medium-v2_tau12_mpi4_seed0,d4rl_pi4,51.03397661604377,58.66491916040979,7.630942544366015,/home/ext_csv/mpi_sweep_lab/results/mpi4_norm/halfcheetah-medium-v2_tau12_mpi4_seed0
historical_i4_504_cpu_reeval,4,implicit,halfcheetah-medium-v2,14,1,halfcheetah-medium-v2_tau14_mpi4_seed1,d4rl_pi4,51.679081924881956,58.5628706233154,6.883788698433442,/home/ext_csv/mpi_sweep_lab/results/mpi4_norm/halfcheetah-medium-v2_tau14_mpi4_seed1
historical_i4_504_cpu_reeval,4,implicit,halfcheetah-medium-v2,10,3,halfcheetah-medium-v2_tau10_mpi4_seed3,d4rl_pi4,50.05933509973358,57.977483771223525,7.918148671489945,/home/ext_csv/mpi_sweep_lab/results/mpi4_norm/halfcheetah-medium-v2_tau10_mpi4_seed3
historical_i4_504_cpu_reeval,4,implicit,halfcheetah-medium-v2,12,1,halfcheetah-medium-v2_tau12_mpi4_seed1,d4rl_pi4,51.11733372956917,57.52625298796479,6.4089192583956205,/home/ext_csv/mpi_sweep_lab/results/mpi4_norm/halfcheetah-medium-v2_tau12_mpi4_seed1
historical_i4_504_cpu_reeval,4,implicit,halfcheetah-medium-v2,7,2,halfcheetah-medium-v2_tau7_mpi4_seed2,d4rl_pi4,48.74320306183469,56.08971271394346,7.346509652108772,/home/ext_csv/mpi_sweep_lab/results/mpi4_norm/halfcheetah-medium-v2_tau7_mpi4_seed2
historical_i4_504_cpu_reeval,4,implicit,halfcheetah-medium-v2,17,3,halfcheetah-medium-v2_tau17_mpi4_seed3,d4rl_pi4,51.90355496794271,60.66686527261409,8.763310304671379,/home/ext_csv/mpi_sweep_lab/results/mpi4_norm/halfcheetah-medium-v2_tau17_mpi4_seed3
historical_i4_504_cpu_reeval,4,implicit,halfcheetah-medium-v2,20,2,halfcheetah-medium-v2_tau20_mpi4_seed2,d4rl_pi4,54.3590530497164,60.45020930521093,6.091156255494532,/home/ext_csv/mpi_sweep_lab/results/mpi4_norm/halfcheetah-medium-v2_tau20_mpi4_seed2
historical_i4_504_cpu_reeval,4,implicit,halfcheetah-medium-v2,20,0,halfcheetah-medium-v2_tau20_mpi4_seed0,d4rl_pi4,53.818610821595904,60.77350797074119,6.954897149145289,/home/ext_csv/mpi_sweep_lab/results/mpi4_norm/halfcheetah-medium-v2_tau20_mpi4_seed0
historical_i4_504_cpu_reeval,4,implicit,halfcheetah-medium-v2,17,0,halfcheetah-medium-v2_tau17_mpi4_seed0,d4rl_pi4,53.414292921198616,61.19993744238046,7.785644521181844,/home/ext_csv/mpi_sweep_lab/results/mpi4_norm/halfcheetah-medium-v2_tau17_mpi4_seed0
historical_i4_504_cpu_reeval,4,implicit,halfcheetah-medium-v2,20,1,halfcheetah-medium-v2_tau20_mpi4_seed1,d4rl_pi4,54.41142974174964,62.001476791827834,7.590047050078191,/home/ext_csv/mpi_sweep_lab/results/mpi4_norm/halfcheetah-medium-v2_tau20_mpi4_seed1
historical_i4_504_cpu_reeval,4,implicit,halfcheetah-medium-v2,17,1,halfcheetah-medium-v2_tau17_mpi4_seed1,d4rl_pi4,53.34778532756482,61.19768828227558,7.849902954710757,/home/ext_csv/mpi_sweep_lab/results/mpi4_norm/halfcheetah-medium-v2_tau17_mpi4_seed1
historical_i4_504_cpu_reeval,4,implicit,halfcheetah-medium-v2,14,3,halfcheetah-medium-v2_tau14_mpi4_seed3,d4rl_pi4,52.048417205844764,60.22810827951892,8.179691073674157,/home/ext_csv/mpi_sweep_lab/results/mpi4_norm/halfcheetah-medium-v2_tau14_mpi4_seed3
historical_i4_504_cpu_reeval,4,implicit,halfcheetah-medium-replay-v2,0.05,3,halfcheetah-medium-replay-v2_tau0.05_mpi4_seed3,d4rl_pi4,40.188848225014254,41.0504101048737,0.861561879859444,/home/ext_csv/mpi_sweep_lab/results/mpi4_norm/halfcheetah-medium-replay-v2_tau0.05_mpi4_seed3
historical_i4_504_cpu_reeval,4,implicit,halfcheetah-medium-replay-v2,0.1,2,halfcheetah-medium-replay-v2_tau0.1_mpi4_seed2,d4rl_pi4,37.99427335812048,41.57403424569882,3.579760887578338,/home/ext_csv/mpi_sweep_lab/results/mpi4_norm/halfcheetah-medium-replay-v2_tau0.1_mpi4_seed2
historical_i4_504_cpu_reeval,4,implicit,halfcheetah-medium-v2,12,2,halfcheetah-medium-v2_tau12_mpi4_seed2,d4rl_pi4,51.391227936547814,58.746080645930455,7.354852709382641,/home/ext_csv/mpi_sweep_lab/results/mpi4_norm/halfcheetah-medium-v2_tau12_mpi4_seed2
historical_i4_504_cpu_reeval,4,implicit,halfcheetah-medium-replay-v2,0.1,0,halfcheetah-medium-replay-v2_tau0.1_mpi4_seed0,d4rl_pi4,39.58368618710105,41.064386351766984,1.480700164665933,/home/ext_csv/mpi_sweep_lab/results/mpi4_norm/halfcheetah-medium-replay-v2_tau0.1_mpi4_seed0
historical_i4_504_cpu_reeval,4,implicit,halfcheetah-medium-replay-v2,0.05,0,halfcheetah-medium-replay-v2_tau0.05_mpi4_seed0,d4rl_pi4,38.23379563035809,32.671496503695764,-5.5622991266623245,/home/ext_csv/mpi_sweep_lab/results/mpi4_norm/halfcheetah-medium-replay-v2_tau0.05_mpi4_seed0
historical_i4_504_cpu_reeval,4,implicit,halfcheetah-medium-replay-v2,0.2,3,halfcheetah-medium-replay-v2_tau0.2_mpi4_seed3,d4rl_pi4,40.44889335044964,43.08439615400986,2.6355028035602217,/home/ext_csv/mpi_sweep_lab/results/mpi4_norm/halfcheetah-medium-replay-v2_tau0.2_mpi4_seed3
historical_i4_504_cpu_reeval,4,implicit,halfcheetah-medium-replay-v2,0.1,1,halfcheetah-medium-replay-v2_tau0.1_mpi4_seed1,d4rl_pi4,37.43255631614487,38.33815443040608,0.9055981142612097,/home/ext_csv/mpi_sweep_lab/results/mpi4_norm/halfcheetah-medium-replay-v2_tau0.1_mpi4_seed1
historical_i4_504_cpu_reeval,4,implicit,halfcheetah-medium-replay-v2,0.4,2,halfcheetah-medium-replay-v2_tau0.4_mpi4_seed2,d4rl_pi4,39.45001004375431,44.32126958038631,4.871259536631996,/home/ext_csv/mpi_sweep_lab/results/mpi4_norm/halfcheetah-medium-replay-v2_tau0.4_mpi4_seed2
historical_i4_504_cpu_reeval,4,implicit,halfcheetah-medium-replay-v2,0.05,1,halfcheetah-medium-replay-v2_tau0.05_mpi4_seed1,d4rl_pi4,35.98996998786262,33.34296377297573,-2.6470062148868934,/home/ext_csv/mpi_sweep_lab/results/mpi4_norm/halfcheetah-medium-replay-v2_tau0.05_mpi4_seed1
historical_i4_504_cpu_reeval,4,implicit,halfcheetah-medium-v2,20,3,halfcheetah-medium-v2_tau20_mpi4_seed3,d4rl_pi4,53.51673517875134,62.22676492525282,8.710029746501483,/home/ext_csv/mpi_sweep_lab/results/mpi4_norm/halfcheetah-medium-v2_tau20_mpi4_seed3
historical_i4_504_cpu_reeval,4,implicit,halfcheetah-medium-replay-v2,0.4,0,halfcheetah-medium-replay-v2_tau0.4_mpi4_seed0,d4rl_pi4,40.5213091676266,43.37252777585503,2.851218608228436,/home/ext_csv/mpi_sweep_lab/results/mpi4_norm/halfcheetah-medium-replay-v2_tau0.4_mpi4_seed0
historical_i4_504_cpu_reeval,4,implicit,halfcheetah-medium-replay-v2,0.2,0,halfcheetah-medium-replay-v2_tau0.2_mpi4_seed0,d4rl_pi4,36.67144441065086,42.85838366684217,6.186939256191316,/home/ext_csv/mpi_sweep_lab/results/mpi4_norm/halfcheetah-medium-replay-v2_tau0.2_mpi4_seed0
historical_i4_504_cpu_reeval,4,implicit,halfcheetah-medium-v2,17,2,halfcheetah-medium-v2_tau17_mpi4_seed2,d4rl_pi4,52.70753138327834,59.903580575270375,7.196049191992039,/home/ext_csv/mpi_sweep_lab/results/mpi4_norm/halfcheetah-medium-v2_tau17_mpi4_seed2
historical_i4_504_cpu_reeval,4,implicit,halfcheetah-medium-replay-v2,0.7,3,halfcheetah-medium-replay-v2_tau0.7_mpi4_seed3,d4rl_pi4,42.57805548337549,44.07511645572993,1.49706097235444,/home/ext_csv/mpi_sweep_lab/results/mpi4_norm/halfcheetah-medium-replay-v2_tau0.7_mpi4_seed3
historical_i4_504_cpu_reeval,4,implicit,halfcheetah-medium-replay-v2,1.5,2,halfcheetah-medium-replay-v2_tau1.5_mpi4_seed2,d4rl_pi4,42.405727448872184,46.3401292028564,3.9344017539842184,/home/ext_csv/mpi_sweep_lab/results/mpi4_norm/halfcheetah-medium-replay-v2_tau1.5_mpi4_seed2
historical_i4_504_cpu_reeval,4,implicit,halfcheetah-medium-replay-v2,0.2,1,halfcheetah-medium-replay-v2_tau0.2_mpi4_seed1,d4rl_pi4,38.04555802624096,42.493944926889924,4.448386900648963,/home/ext_csv/mpi_sweep_lab/results/mpi4_norm/halfcheetah-medium-replay-v2_tau0.2_mpi4_seed1
historical_i4_504_cpu_reeval,4,implicit,halfcheetah-medium-replay-v2,0.1,3,halfcheetah-medium-replay-v2_tau0.1_mpi4_seed3,d4rl_pi4,39.33525560944424,42.267213072252886,2.931957462808647,/home/ext_csv/mpi_sweep_lab/results/mpi4_norm/halfcheetah-medium-replay-v2_tau0.1_mpi4_seed3
historical_i4_504_cpu_reeval,4,implicit,halfcheetah-medium-replay-v2,0.4,1,halfcheetah-medium-replay-v2_tau0.4_mpi4_seed1,d4rl_pi4,41.79888670462225,43.88703050743727,2.0881438028150185,/home/ext_csv/mpi_sweep_lab/results/mpi4_norm/halfcheetah-medium-replay-v2_tau0.4_mpi4_seed1
historical_i4_504_cpu_reeval,4,implicit,halfcheetah-medium-replay-v2,1.5,0,halfcheetah-medium-replay-v2_tau1.5_mpi4_seed0,d4rl_pi4,41.39205840578873,46.68401596549309,5.2919575597043575,/home/ext_csv/mpi_sweep_lab/results/mpi4_norm/halfcheetah-medium-replay-v2_tau1.5_mpi4_seed0
historical_i4_504_cpu_reeval,4,implicit,halfcheetah-medium-replay-v2,2.5,3,halfcheetah-medium-replay-v2_tau2.5_mpi4_seed3,d4rl_pi4,43.91635089141226,48.7145098129353,4.79815892152304,/home/ext_csv/mpi_sweep_lab/results/mpi4_norm/halfcheetah-medium-replay-v2_tau2.5_mpi4_seed3
historical_i4_504_cpu_reeval,4,implicit,halfcheetah-medium-replay-v2,4,2,halfcheetah-medium-replay-v2_tau4_mpi4_seed2,d4rl_pi4,44.31270112839756,49.59585542240731,5.283154294009748,/home/ext_csv/mpi_sweep_lab/results/mpi4_norm/halfcheetah-medium-replay-v2_tau4_mpi4_seed2
historical_i4_504_cpu_reeval,4,implicit,halfcheetah-medium-replay-v2,0.7,0,halfcheetah-medium-replay-v2_tau0.7_mpi4_seed0,d4rl_pi4,37.096324183680125,44.73314931077677,7.6368251270966425,/home/ext_csv/mpi_sweep_lab/results/mpi4_norm/halfcheetah-medium-replay-v2_tau0.7_mpi4_seed0
historical_i4_504_cpu_reeval,4,implicit,halfcheetah-medium-replay-v2,0.7,1,halfcheetah-medium-replay-v2_tau0.7_mpi4_seed1,d4rl_pi4,39.60997248197011,44.911626803810876,5.301654321840765,/home/ext_csv/mpi_sweep_lab/results/mpi4_norm/halfcheetah-medium-replay-v2_tau0.7_mpi4_seed1
historical_i4_504_cpu_reeval,4,implicit,halfcheetah-medium-replay-v2,0.4,3,halfcheetah-medium-replay-v2_tau0.4_mpi4_seed3,d4rl_pi4,41.883080170053766,43.383858762898015,1.5007785928442487,/home/ext_csv/mpi_sweep_lab/results/mpi4_norm/halfcheetah-medium-replay-v2_tau0.4_mpi4_seed3
historical_i4_504_cpu_reeval,4,implicit,halfcheetah-medium-replay-v2,0.05,2,halfcheetah-medium-replay-v2_tau0.05_mpi4_seed2,d4rl_pi4,36.443464876932815,29.392352105800224,-7.0511127711325905,/home/ext_csv/mpi_sweep_lab/results/mpi4_norm/halfcheetah-medium-replay-v2_tau0.05_mpi4_seed2
historical_i4_504_cpu_reeval,4,implicit,halfcheetah-medium-replay-v2,1.5,1,halfcheetah-medium-replay-v2_tau1.5_mpi4_seed1,d4rl_pi4,42.51725413304969,47.03379246977026,4.516538336720572,/home/ext_csv/mpi_sweep_lab/results/mpi4_norm/halfcheetah-medium-replay-v2_tau1.5_mpi4_seed1
historical_i4_504_cpu_reeval,4,implicit,halfcheetah-medium-replay-v2,4,0,halfcheetah-medium-replay-v2_tau4_mpi4_seed0,d4rl_pi4,44.616345523729535,49.99775377203471,5.381408248305178,/home/ext_csv/mpi_sweep_lab/results/mpi4_norm/halfcheetah-medium-replay-v2_tau4_mpi4_seed0
historical_i4_504_cpu_reeval,4,implicit,halfcheetah-medium-replay-v2,7,3,halfcheetah-medium-replay-v2_tau7_mpi4_seed3,d4rl_pi4,45.577960875146104,51.00823996102333,5.430279085877224,/home/ext_csv/mpi_sweep_lab/results/mpi4_norm/halfcheetah-medium-replay-v2_tau7_mpi4_seed3
historical_i4_504_cpu_reeval,4,implicit,halfcheetah-medium-replay-v2,10,2,halfcheetah-medium-replay-v2_tau10_mpi4_seed2,d4rl_pi4,46.314212994899066,55.23242291053301,8.918209915633945,/home/ext_csv/mpi_sweep_lab/results/mpi4_norm/halfcheetah-medium-replay-v2_tau10_mpi4_seed2
historical_i4_504_cpu_reeval,4,implicit,halfcheetah-medium-replay-v2,2.5,0,halfcheetah-medium-replay-v2_tau2.5_mpi4_seed0,d4rl_pi4,42.83658300393057,49.378532673211,6.541949669280427,/home/ext_csv/mpi_sweep_lab/results/mpi4_norm/halfcheetah-medium-replay-v2_tau2.5_mpi4_seed0
historical_i4_504_cpu_reeval,4,implicit,halfcheetah-medium-replay-v2,2.5,1,halfcheetah-medium-replay-v2_tau2.5_mpi4_seed1,d4rl_pi4,42.64941887971081,48.6918917934878,6.04247291377699,/home/ext_csv/mpi_sweep_lab/results/mpi4_norm/halfcheetah-medium-replay-v2_tau2.5_mpi4_seed1
historical_i4_504_cpu_reeval,4,implicit,halfcheetah-medium-replay-v2,1.5,3,halfcheetah-medium-replay-v2_tau1.5_mpi4_seed3,d4rl_pi4,43.37298916356389,47.32781758893877,3.9548284253748847,/home/ext_csv/mpi_sweep_lab/results/mpi4_norm/halfcheetah-medium-replay-v2_tau1.5_mpi4_seed3
historical_i4_504_cpu_reeval,4,implicit,halfcheetah-medium-replay-v2,4,1,halfcheetah-medium-replay-v2_tau4_mpi4_seed1,d4rl_pi4,43.88495600683346,49.728468123005484,5.843512116172022,/home/ext_csv/mpi_sweep_lab/results/mpi4_norm/halfcheetah-medium-replay-v2_tau4_mpi4_seed1
historical_i4_504_cpu_reeval,4,implicit,halfcheetah-medium-replay-v2,0.2,2,halfcheetah-medium-replay-v2_tau0.2_mpi4_seed2,d4rl_pi4,39.72381481110304,42.54082394920641,2.817009138103373,/home/ext_csv/mpi_sweep_lab/results/mpi4_norm/halfcheetah-medium-replay-v2_tau0.2_mpi4_seed2
historical_i4_504_cpu_reeval,4,implicit,halfcheetah-medium-replay-v2,12,3,halfcheetah-medium-replay-v2_tau12_mpi4_seed3,d4rl_pi4,47.275052245513315,52.92798282147901,5.652930575965698,/home/ext_csv/mpi_sweep_lab/results/mpi4_norm/halfcheetah-medium-replay-v2_tau12_mpi4_seed3
historical_i4_504_cpu_reeval,4,implicit,halfcheetah-medium-replay-v2,10,0,halfcheetah-medium-replay-v2_tau10_mpi4_seed0,d4rl_pi4,45.63568046079129,51.2269241120327,5.591243651241406,/home/ext_csv/mpi_sweep_lab/results/mpi4_norm/halfcheetah-medium-replay-v2_tau10_mpi4_seed0
historical_i4_504_cpu_reeval,4,implicit,halfcheetah-medium-replay-v2,7,0,halfcheetah-medium-replay-v2_tau7_mpi4_seed0,d4rl_pi4,46.00939267759176,51.82275048156687,5.813357803975109,/home/ext_csv/mpi_sweep_lab/results/mpi4_norm/halfcheetah-medium-replay-v2_tau7_mpi4_seed0
historical_i4_504_cpu_reeval,4,implicit,halfcheetah-medium-replay-v2,7,1,halfcheetah-medium-replay-v2_tau7_mpi4_seed1,d4rl_pi4,45.815662278081795,52.37020257160566,6.554540293523864,/home/ext_csv/mpi_sweep_lab/results/mpi4_norm/halfcheetah-medium-replay-v2_tau7_mpi4_seed1
historical_i4_504_cpu_reeval,4,implicit,halfcheetah-medium-replay-v2,10,1,halfcheetah-medium-replay-v2_tau10_mpi4_seed1,d4rl_pi4,46.528280734579944,53.439765573707646,6.911484839127702,/home/ext_csv/mpi_sweep_lab/results/mpi4_norm/halfcheetah-medium-replay-v2_tau10_mpi4_seed1
historical_i4_504_cpu_reeval,4,implicit,halfcheetah-medium-replay-v2,14,2,halfcheetah-medium-replay-v2_tau14_mpi4_seed2,d4rl_pi4,47.27372436414405,52.61579900089088,5.34207463674683,/home/ext_csv/mpi_sweep_lab/results/mpi4_norm/halfcheetah-medium-replay-v2_tau14_mpi4_seed2
historical_i4_504_cpu_reeval,4,implicit,halfcheetah-medium-replay-v2,17,3,halfcheetah-medium-replay-v2_tau17_mpi4_seed3,d4rl_pi4,48.21064015842049,53.87000432462866,5.659364166208171,/home/ext_csv/mpi_sweep_lab/results/mpi4_norm/halfcheetah-medium-replay-v2_tau17_mpi4_seed3
historical_i4_504_cpu_reeval,4,implicit,halfcheetah-medium-replay-v2,4,3,halfcheetah-medium-replay-v2_tau4_mpi4_seed3,d4rl_pi4,44.27208512790982,49.737054611598666,5.464969483688847,/home/ext_csv/mpi_sweep_lab/results/mpi4_norm/halfcheetah-medium-replay-v2_tau4_mpi4_seed3
historical_i4_504_cpu_reeval,4,implicit,halfcheetah-medium-replay-v2,12,0,halfcheetah-medium-replay-v2_tau12_mpi4_seed0,d4rl_pi4,45.929562883641566,53.670236147089746,7.74067326344818,/home/ext_csv/mpi_sweep_lab/results/mpi4_norm/halfcheetah-medium-replay-v2_tau12_mpi4_seed0
historical_i4_504_cpu_reeval,4,implicit,halfcheetah-medium-replay-v2,14,0,halfcheetah-medium-replay-v2_tau14_mpi4_seed0,d4rl_pi4,47.4932316740367,54.95936645634411,7.466134782307407,/home/ext_csv/mpi_sweep_lab/results/mpi4_norm/halfcheetah-medium-replay-v2_tau14_mpi4_seed0
historical_i4_504_cpu_reeval,4,implicit,halfcheetah-medium-replay-v2,0.7,2,halfcheetah-medium-replay-v2_tau0.7_mpi4_seed2,d4rl_pi4,41.53472895375125,43.902053332673965,2.367324378922717,/home/ext_csv/mpi_sweep_lab/results/mpi4_norm/halfcheetah-medium-replay-v2_tau0.7_mpi4_seed2
historical_i4_504_cpu_reeval,4,implicit,halfcheetah-medium-replay-v2,12,1,halfcheetah-medium-replay-v2_tau12_mpi4_seed1,d4rl_pi4,47.44586093014271,53.91990895330002,6.474048023157316,/home/ext_csv/mpi_sweep_lab/results/mpi4_norm/halfcheetah-medium-replay-v2_tau12_mpi4_seed1
historical_i4_504_cpu_reeval,4,implicit,halfcheetah-expert-v2,0.05,3,halfcheetah-expert-v2_tau0.05_mpi4_seed3,d4rl_pi4,91.83406184854988,90.64945716312535,-1.1846046854245316,/home/ext_csv/mpi_sweep_lab/results/mpi4_norm/halfcheetah-expert-v2_tau0.05_mpi4_seed3
historical_i4_504_cpu_reeval,4,implicit,halfcheetah-medium-replay-v2,14,1,halfcheetah-medium-replay-v2_tau14_mpi4_seed1,d4rl_pi4,47.46065384865958,54.00870165002814,6.548047801368554,/home/ext_csv/mpi_sweep_lab/results/mpi4_norm/halfcheetah-medium-replay-v2_tau14_mpi4_seed1
historical_i4_504_cpu_reeval,4,implicit,halfcheetah-medium-replay-v2,17,0,halfcheetah-medium-replay-v2_tau17_mpi4_seed0,d4rl_pi4,47.77364107326406,55.8325720509423,8.058930977678237,/home/ext_csv/mpi_sweep_lab/results/mpi4_norm/halfcheetah-medium-replay-v2_tau17_mpi4_seed0
historical_i4_504_cpu_reeval,4,implicit,halfcheetah-medium-replay-v2,20,0,halfcheetah-medium-replay-v2_tau20_mpi4_seed0,d4rl_pi4,48.433987595416525,55.3884426300284,6.954455034611875,/home/ext_csv/mpi_sweep_lab/results/mpi4_norm/halfcheetah-medium-replay-v2_tau20_mpi4_seed0
historical_i4_504_cpu_reeval,4,implicit,halfcheetah-medium-replay-v2,2.5,2,halfcheetah-medium-replay-v2_tau2.5_mpi4_seed2,d4rl_pi4,43.03328483065235,47.66034550197896,4.6270606713266105,/home/ext_csv/mpi_sweep_lab/results/mpi4_norm/halfcheetah-medium-replay-v2_tau2.5_mpi4_seed2
historical_i4_504_cpu_reeval,4,implicit,halfcheetah-medium-replay-v2,10,3,halfcheetah-medium-replay-v2_tau10_mpi4_seed3,d4rl_pi4,47.003323219794794,52.44011560057717,5.436792380782379,/home/ext_csv/mpi_sweep_lab/results/mpi4_norm/halfcheetah-medium-replay-v2_tau10_mpi4_seed3
historical_i4_504_cpu_reeval,4,implicit,halfcheetah-medium-replay-v2,17,1,halfcheetah-medium-replay-v2_tau17_mpi4_seed1,d4rl_pi4,48.43863668778672,54.62834230625073,6.189705618464011,/home/ext_csv/mpi_sweep_lab/results/mpi4_norm/halfcheetah-medium-replay-v2_tau17_mpi4_seed1
historical_i4_504_cpu_reeval,4,implicit,halfcheetah-medium-replay-v2,20,2,halfcheetah-medium-replay-v2_tau20_mpi4_seed2,d4rl_pi4,48.72484047604248,54.182605129792286,5.4577646537498055,/home/ext_csv/mpi_sweep_lab/results/mpi4_norm/halfcheetah-medium-replay-v2_tau20_mpi4_seed2
historical_i4_504_cpu_reeval,4,implicit,halfcheetah-expert-v2,0.2,3,halfcheetah-expert-v2_tau0.2_mpi4_seed3,d4rl_pi4,91.42088561281338,92.85639529567045,1.4355096828570737,/home/ext_csv/mpi_sweep_lab/results/mpi4_norm/halfcheetah-expert-v2_tau0.2_mpi4_seed3
historical_i4_504_cpu_reeval,4,implicit,halfcheetah-medium-replay-v2,20,1,halfcheetah-medium-replay-v2_tau20_mpi4_seed1,d4rl_pi4,49.808254849985396,54.595589031767176,4.78733418178178,/home/ext_csv/mpi_sweep_lab/results/mpi4_norm/halfcheetah-medium-replay-v2_tau20_mpi4_seed1
historical_i4_504_cpu_reeval,4,implicit,halfcheetah-expert-v2,0.1,0,halfcheetah-expert-v2_tau0.1_mpi4_seed0,d4rl_pi4,92.24124133018245,93.48511002252637,1.2438686923439235,/home/ext_csv/mpi_sweep_lab/results/mpi4_norm/halfcheetah-expert-v2_tau0.1_mpi4_seed0
historical_i4_504_cpu_reeval,4,implicit,halfcheetah-medium-replay-v2,7,2,halfcheetah-medium-replay-v2_tau7_mpi4_seed2,d4rl_pi4,44.74988374489844,51.24598724606537,6.496103501166928,/home/ext_csv/mpi_sweep_lab/results/mpi4_norm/halfcheetah-medium-replay-v2_tau7_mpi4_seed2
historical_i4_504_cpu_reeval,4,implicit,halfcheetah-expert-v2,0.05,0,halfcheetah-expert-v2_tau0.05_mpi4_seed0,d4rl_pi4,92.20615580388687,93.58279042163757,1.376634617750696,/home/ext_csv/mpi_sweep_lab/results/mpi4_norm/halfcheetah-expert-v2_tau0.05_mpi4_seed0
historical_i4_504_cpu_reeval,4,implicit,halfcheetah-expert-v2,0.05,1,halfcheetah-expert-v2_tau0.05_mpi4_seed1,d4rl_pi4,91.66578680242226,92.58099916794684,0.9152123655245816,/home/ext_csv/mpi_sweep_lab/results/mpi4_norm/halfcheetah-expert-v2_tau0.05_mpi4_seed1
historical_i4_504_cpu_reeval,4,implicit,halfcheetah-expert-v2,0.7,3,halfcheetah-expert-v2_tau0.7_mpi4_seed3,d4rl_pi4,89.0137706621591,92.87551318415542,3.8617425219963195,/home/ext_csv/mpi_sweep_lab/results/mpi4_norm/halfcheetah-expert-v2_tau0.7_mpi4_seed3
historical_i4_504_cpu_reeval,4,implicit,halfcheetah-medium-replay-v2,14,3,halfcheetah-medium-replay-v2_tau14_mpi4_seed3,d4rl_pi4,48.202039537154754,54.08209208672654,5.880052549571786,/home/ext_csv/mpi_sweep_lab/results/mpi4_norm/halfcheetah-medium-replay-v2_tau14_mpi4_seed3
historical_i4_504_cpu_reeval,4,implicit,halfcheetah-expert-v2,0.1,1,halfcheetah-expert-v2_tau0.1_mpi4_seed1,d4rl_pi4,91.32966921335415,93.15269605759917,1.823026844245021,/home/ext_csv/mpi_sweep_lab/results/mpi4_norm/halfcheetah-expert-v2_tau0.1_mpi4_seed1
historical_i4_504_cpu_reeval,4,implicit,halfcheetah-expert-v2,0.1,2,halfcheetah-expert-v2_tau0.1_mpi4_seed2,d4rl_pi4,91.7481513396605,93.48469255939459,1.736541219734093,/home/ext_csv/mpi_sweep_lab/results/mpi4_norm/halfcheetah-expert-v2_tau0.1_mpi4_seed2
historical_i4_504_cpu_reeval,4,implicit,halfcheetah-medium-replay-v2,12,2,halfcheetah-medium-replay-v2_tau12_mpi4_seed2,d4rl_pi4,46.66912354995845,55.19008908151295,8.520965531554502,/home/ext_csv/mpi_sweep_lab/results/mpi4_norm/halfcheetah-medium-replay-v2_tau12_mpi4_seed2
historical_i4_504_cpu_reeval,4,implicit,halfcheetah-expert-v2,0.4,0,halfcheetah-expert-v2_tau0.4_mpi4_seed0,d4rl_pi4,93.30819477488336,95.29170331135703,1.9835085364736642,/home/ext_csv/mpi_sweep_lab/results/mpi4_norm/halfcheetah-expert-v2_tau0.4_mpi4_seed0
historical_i4_504_cpu_reeval,4,implicit,halfcheetah-expert-v2,2.5,3,halfcheetah-expert-v2_tau2.5_mpi4_seed3,d4rl_pi4,94.45679597348648,86.72496772029811,-7.731828253188368,/home/ext_csv/mpi_sweep_lab/results/mpi4_norm/halfcheetah-expert-v2_tau2.5_mpi4_seed3
historical_i4_504_cpu_reeval,4,implicit,halfcheetah-expert-v2,0.2,1,halfcheetah-expert-v2_tau0.2_mpi4_seed1,d4rl_pi4,90.99096852959946,94.4830809753629,3.492112445763439,/home/ext_csv/mpi_sweep_lab/results/mpi4_norm/halfcheetah-expert-v2_tau0.2_mpi4_seed1
historical_i4_504_cpu_reeval,4,implicit,halfcheetah-expert-v2,0.2,0,halfcheetah-expert-v2_tau0.2_mpi4_seed0,d4rl_pi4,92.44029758850138,94.20530534695423,1.7650077584528532,/home/ext_csv/mpi_sweep_lab/results/mpi4_norm/halfcheetah-expert-v2_tau0.2_mpi4_seed0
historical_i4_504_cpu_reeval,4,implicit,halfcheetah-medium-replay-v2,20,3,halfcheetah-medium-replay-v2_tau20_mpi4_seed3,d4rl_pi4,48.63289104417806,57.09602323003525,8.46313218585719,/home/ext_csv/mpi_sweep_lab/results/mpi4_norm/halfcheetah-medium-replay-v2_tau20_mpi4_seed3
historical_i4_504_cpu_reeval,4,implicit,halfcheetah-expert-v2,0.4,1,halfcheetah-expert-v2_tau0.4_mpi4_seed1,d4rl_pi4,92.19782814643254,95.55321133293724,3.355383186504696,/home/ext_csv/mpi_sweep_lab/results/mpi4_norm/halfcheetah-expert-v2_tau0.4_mpi4_seed1
historical_i4_504_cpu_reeval,4,implicit,halfcheetah-medium-replay-v2,17,2,halfcheetah-medium-replay-v2_tau17_mpi4_seed2,d4rl_pi4,48.34345535267441,51.75071763411566,3.4072622814412483,/home/ext_csv/mpi_sweep_lab/results/mpi4_norm/halfcheetah-medium-replay-v2_tau17_mpi4_seed2
historical_i4_504_cpu_reeval,4,implicit,halfcheetah-expert-v2,7,3,halfcheetah-expert-v2_tau7_mpi4_seed3,d4rl_pi4,97.58332231326324,48.380638197254555,-49.20268411600868,/home/ext_csv/mpi_sweep_lab/results/mpi4_norm/halfcheetah-expert-v2_tau7_mpi4_seed3
historical_i4_504_cpu_reeval,4,implicit,halfcheetah-expert-v2,1.5,0,halfcheetah-expert-v2_tau1.5_mpi4_seed0,d4rl_pi4,93.77489320585194,91.59168707694057,-2.1832061289113653,/home/ext_csv/mpi_sweep_lab/results/mpi4_norm/halfcheetah-expert-v2_tau1.5_mpi4_seed0
historical_i4_504_cpu_reeval,4,implicit,halfcheetah-expert-v2,0.7,1,halfcheetah-expert-v2_tau0.7_mpi4_seed1,d4rl_pi4,91.73829305860586,96.01066620374709,4.272373145141231,/home/ext_csv/mpi_sweep_lab/results/mpi4_norm/halfcheetah-expert-v2_tau0.7_mpi4_seed1
historical_i4_504_cpu_reeval,4,implicit,halfcheetah-expert-v2,1.5,1,halfcheetah-expert-v2_tau1.5_mpi4_seed1,d4rl_pi4,93.59522737579564,96.49348717646383,2.8982598006681854,/home/ext_csv/mpi_sweep_lab/results/mpi4_norm/halfcheetah-expert-v2_tau1.5_mpi4_seed1
historical_i4_504_cpu_reeval,4,implicit,halfcheetah-expert-v2,0.4,2,halfcheetah-expert-v2_tau0.4_mpi4_seed2,d4rl_pi4,92.14699746636195,95.09462500383545,2.947627537473494,/home/ext_csv/mpi_sweep_lab/results/mpi4_norm/halfcheetah-expert-v2_tau0.4_mpi4_seed2
historical_i4_504_cpu_reeval,4,implicit,halfcheetah-expert-v2,0.7,0,halfcheetah-expert-v2_tau0.7_mpi4_seed0,d4rl_pi4,93.55646875154522,96.27016917736368,2.713700425818459,/home/ext_csv/mpi_sweep_lab/results/mpi4_norm/halfcheetah-expert-v2_tau0.7_mpi4_seed0
historical_i4_504_cpu_reeval,4,implicit,halfcheetah-expert-v2,0.1,3,halfcheetah-expert-v2_tau0.1_mpi4_seed3,d4rl_pi4,91.95459653992314,90.81131282237725,-1.1432837175458985,/home/ext_csv/mpi_sweep_lab/results/mpi4_norm/halfcheetah-expert-v2_tau0.1_mpi4_seed3
historical_i4_504_cpu_reeval,4,implicit,halfcheetah-expert-v2,0.05,2,halfcheetah-expert-v2_tau0.05_mpi4_seed2,d4rl_pi4,91.59654335647957,92.92956791288653,1.3330245564069543,/home/ext_csv/mpi_sweep_lab/results/mpi4_norm/halfcheetah-expert-v2_tau0.05_mpi4_seed2
historical_i4_504_cpu_reeval,4,implicit,halfcheetah-expert-v2,12,3,halfcheetah-expert-v2_tau12_mpi4_seed3,d4rl_pi4,90.77191516713054,33.12364841070238,-57.648266756428164,/home/ext_csv/mpi_sweep_lab/results/mpi4_norm/halfcheetah-expert-v2_tau12_mpi4_seed3
historical_i4_504_cpu_reeval,4,implicit,halfcheetah-expert-v2,4,0,halfcheetah-expert-v2_tau4_mpi4_seed0,d4rl_pi4,96.15621877213472,74.63684493142553,-21.519373840709193,/home/ext_csv/mpi_sweep_lab/results/mpi4_norm/halfcheetah-expert-v2_tau4_mpi4_seed0
historical_i4_504_cpu_reeval,4,implicit,halfcheetah-expert-v2,2.5,1,halfcheetah-expert-v2_tau2.5_mpi4_seed1,d4rl_pi4,94.84984945705418,92.3110856236958,-2.5387638333583737,/home/ext_csv/mpi_sweep_lab/results/mpi4_norm/halfcheetah-expert-v2_tau2.5_mpi4_seed1
historical_i4_504_cpu_reeval,4,implicit,halfcheetah-expert-v2,4,1,halfcheetah-expert-v2_tau4_mpi4_seed1,d4rl_pi4,96.85074511755613,80.42960611315895,-16.421139004397176,/home/ext_csv/mpi_sweep_lab/results/mpi4_norm/halfcheetah-expert-v2_tau4_mpi4_seed1
historical_i4_504_cpu_reeval,4,implicit,halfcheetah-expert-v2,2.5,0,halfcheetah-expert-v2_tau2.5_mpi4_seed0,d4rl_pi4,95.82744338006427,89.70937987587696,-6.118063504187305,/home/ext_csv/mpi_sweep_lab/results/mpi4_norm/halfcheetah-expert-v2_tau2.5_mpi4_seed0
historical_i4_504_cpu_reeval,4,implicit,halfcheetah-expert-v2,0.4,3,halfcheetah-expert-v2_tau0.4_mpi4_seed3,d4rl_pi4,92.02700633421608,93.47946495317431,1.4524586189582323,/home/ext_csv/mpi_sweep_lab/results/mpi4_norm/halfcheetah-expert-v2_tau0.4_mpi4_seed3
historical_i4_504_cpu_reeval,4,implicit,halfcheetah-expert-v2,0.2,2,halfcheetah-expert-v2_tau0.2_mpi4_seed2,d4rl_pi4,91.8843587659406,93.29667430614211,1.4123155402015044,/home/ext_csv/mpi_sweep_lab/results/mpi4_norm/halfcheetah-expert-v2_tau0.2_mpi4_seed2
historical_i4_504_cpu_reeval,4,implicit,halfcheetah-expert-v2,10,0,halfcheetah-expert-v2_tau10_mpi4_seed0,d4rl_pi4,96.09190773798673,7.917398844494439,-88.17450889349229,/home/ext_csv/mpi_sweep_lab/results/mpi4_norm/halfcheetah-expert-v2_tau10_mpi4_seed0
historical_i4_504_cpu_reeval,4,implicit,halfcheetah-expert-v2,10,1,halfcheetah-expert-v2_tau10_mpi4_seed1,d4rl_pi4,85.64202646996588,45.26171542444366,-40.38031104552223,/home/ext_csv/mpi_sweep_lab/results/mpi4_norm/halfcheetah-expert-v2_tau10_mpi4_seed1
historical_i4_504_cpu_reeval,4,implicit,halfcheetah-expert-v2,7,1,halfcheetah-expert-v2_tau7_mpi4_seed1,d4rl_pi4,97.50519267758065,56.207144868945704,-41.29804780863495,/home/ext_csv/mpi_sweep_lab/results/mpi4_norm/halfcheetah-expert-v2_tau7_mpi4_seed1
historical_i4_504_cpu_reeval,4,implicit,halfcheetah-expert-v2,1.5,2,halfcheetah-expert-v2_tau1.5_mpi4_seed2,d4rl_pi4,93.7006033346718,96.96762339711705,3.267020062445255,/home/ext_csv/mpi_sweep_lab/results/mpi4_norm/halfcheetah-expert-v2_tau1.5_mpi4_seed2
historical_i4_504_cpu_reeval,4,implicit,halfcheetah-expert-v2,17,3,halfcheetah-expert-v2_tau17_mpi4_seed3,d4rl_pi4,42.511431114171224,1.2382199850987394,-41.273211129072486,/home/ext_csv/mpi_sweep_lab/results/mpi4_norm/halfcheetah-expert-v2_tau17_mpi4_seed3
historical_i4_504_cpu_reeval,4,implicit,halfcheetah-expert-v2,7,0,halfcheetah-expert-v2_tau7_mpi4_seed0,d4rl_pi4,95.1382334109178,52.6069051862063,-42.53132822471151,/home/ext_csv/mpi_sweep_lab/results/mpi4_norm/halfcheetah-expert-v2_tau7_mpi4_seed0
historical_i4_504_cpu_reeval,4,implicit,halfcheetah-expert-v2,1.5,3,halfcheetah-expert-v2_tau1.5_mpi4_seed3,d4rl_pi4,93.89351286616247,88.46873367813272,-5.424779188029746,/home/ext_csv/mpi_sweep_lab/results/mpi4_norm/halfcheetah-expert-v2_tau1.5_mpi4_seed3
historical_i4_504_cpu_reeval,4,implicit,halfcheetah-expert-v2,0.7,2,halfcheetah-expert-v2_tau0.7_mpi4_seed2,d4rl_pi4,92.50850379436287,96.41748252607682,3.908978731713958,/home/ext_csv/mpi_sweep_lab/results/mpi4_norm/halfcheetah-expert-v2_tau0.7_mpi4_seed2
historical_i4_504_cpu_reeval,4,implicit,halfcheetah-expert-v2,14,0,halfcheetah-expert-v2_tau14_mpi4_seed0,d4rl_pi4,67.38416371349444,22.08456656940834,-45.29959714408611,/home/ext_csv/mpi_sweep_lab/results/mpi4_norm/halfcheetah-expert-v2_tau14_mpi4_seed0
historical_i4_504_cpu_reeval,4,implicit,halfcheetah-expert-v2,14,1,halfcheetah-expert-v2_tau14_mpi4_seed1,d4rl_pi4,78.46243314710617,24.376513664544028,-54.08591948256214,/home/ext_csv/mpi_sweep_lab/results/mpi4_norm/halfcheetah-expert-v2_tau14_mpi4_seed1
historical_i4_504_cpu_reeval,4,implicit,halfcheetah-expert-v2,12,1,halfcheetah-expert-v2_tau12_mpi4_seed1,d4rl_pi4,82.7137091145982,10.664850420380352,-72.04885869421786,/home/ext_csv/mpi_sweep_lab/results/mpi4_norm/halfcheetah-expert-v2_tau12_mpi4_seed1
historical_i4_504_cpu_reeval,4,implicit,halfcheetah-expert-v2,12,0,halfcheetah-expert-v2_tau12_mpi4_seed0,d4rl_pi4,86.70147454008242,20.405965645708505,-66.29550889437391,/home/ext_csv/mpi_sweep_lab/results/mpi4_norm/halfcheetah-expert-v2_tau12_mpi4_seed0
historical_i4_504_cpu_reeval,4,implicit,walker2d-medium-v2,0.05,3,walker2d-medium-v2_tau0.05_mpi4_seed3,d4rl_pi4,69.38550815690175,72.17970950975958,2.794201352857826,/home/ext_csv/mpi_sweep_lab/results/mpi4_norm/walker2d-medium-v2_tau0.05_mpi4_seed3
historical_i4_504_cpu_reeval,4,implicit,halfcheetah-expert-v2,4,3,halfcheetah-expert-v2_tau4_mpi4_seed3,d4rl_pi4,94.8922110408905,94.45510845726989,-0.4371025836206144,/home/ext_csv/mpi_sweep_lab/results/mpi4_norm/halfcheetah-expert-v2_tau4_mpi4_seed3
historical_i4_504_cpu_reeval,4,implicit,halfcheetah-expert-v2,2.5,2,halfcheetah-expert-v2_tau2.5_mpi4_seed2,d4rl_pi4,94.98662828905712,89.69959771303282,-5.287030576024307,/home/ext_csv/mpi_sweep_lab/results/mpi4_norm/halfcheetah-expert-v2_tau2.5_mpi4_seed2
historical_i4_504_cpu_reeval,4,implicit,halfcheetah-expert-v2,4,2,halfcheetah-expert-v2_tau4_mpi4_seed2,d4rl_pi4,97.3314989176596,73.4128517119374,-23.918647205722195,/home/ext_csv/mpi_sweep_lab/results/mpi4_norm/halfcheetah-expert-v2_tau4_mpi4_seed2
historical_i4_504_cpu_reeval,4,implicit,halfcheetah-expert-v2,20,1,halfcheetah-expert-v2_tau20_mpi4_seed1,d4rl_pi4,41.06607103975715,12.40788243914519,-28.658188600611957,/home/ext_csv/mpi_sweep_lab/results/mpi4_norm/halfcheetah-expert-v2_tau20_mpi4_seed1
historical_i4_504_cpu_reeval,4,implicit,halfcheetah-expert-v2,20,0,halfcheetah-expert-v2_tau20_mpi4_seed0,d4rl_pi4,32.530382790775704,2.639984529456229,-29.890398261319476,/home/ext_csv/mpi_sweep_lab/results/mpi4_norm/halfcheetah-expert-v2_tau20_mpi4_seed0
historical_i4_504_cpu_reeval,4,implicit,halfcheetah-expert-v2,17,1,halfcheetah-expert-v2_tau17_mpi4_seed1,d4rl_pi4,70.207090407312,4.5540034250396,-65.6530869822724,/home/ext_csv/mpi_sweep_lab/results/mpi4_norm/halfcheetah-expert-v2_tau17_mpi4_seed1
historical_i4_504_cpu_reeval,4,implicit,halfcheetah-expert-v2,17,0,halfcheetah-expert-v2_tau17_mpi4_seed0,d4rl_pi4,48.59013123504848,4.635759228069221,-43.95437200697926,/home/ext_csv/mpi_sweep_lab/results/mpi4_norm/halfcheetah-expert-v2_tau17_mpi4_seed0
historical_i4_504_cpu_reeval,4,implicit,halfcheetah-expert-v2,10,3,halfcheetah-expert-v2_tau10_mpi4_seed3,d4rl_pi4,92.99251223096981,42.881528134902034,-50.110984096067774,/home/ext_csv/mpi_sweep_lab/results/mpi4_norm/halfcheetah-expert-v2_tau10_mpi4_seed3
historical_i4_504_cpu_reeval,4,implicit,halfcheetah-expert-v2,7,2,halfcheetah-expert-v2_tau7_mpi4_seed2,d4rl_pi4,97.50619176183679,60.16790316917311,-37.33828859266368,/home/ext_csv/mpi_sweep_lab/results/mpi4_norm/halfcheetah-expert-v2_tau7_mpi4_seed2
historical_i4_504_cpu_reeval,4,implicit,walker2d-medium-v2,0.1,0,walker2d-medium-v2_tau0.1_mpi4_seed0,d4rl_pi4,77.74914218882007,75.16220028151707,-2.586941907303,/home/ext_csv/mpi_sweep_lab/results/mpi4_norm/walker2d-medium-v2_tau0.1_mpi4_seed0
historical_i4_504_cpu_reeval,4,implicit,walker2d-medium-v2,0.1,1,walker2d-medium-v2_tau0.1_mpi4_seed1,d4rl_pi4,75.15355642636611,81.6524526511309,6.498896224764792,/home/ext_csv/mpi_sweep_lab/results/mpi4_norm/walker2d-medium-v2_tau0.1_mpi4_seed1
historical_i4_504_cpu_reeval,4,implicit,walker2d-medium-v2,0.05,1,walker2d-medium-v2_tau0.05_mpi4_seed1,d4rl_pi4,80.41825066526427,78.82772717523599,-1.590523490028275,/home/ext_csv/mpi_sweep_lab/results/mpi4_norm/walker2d-medium-v2_tau0.05_mpi4_seed1
historical_i4_504_cpu_reeval,4,implicit,walker2d-medium-v2,0.2,3,walker2d-medium-v2_tau0.2_mpi4_seed3,d4rl_pi4,79.26884718572491,81.50683592482709,2.237988739102178,/home/ext_csv/mpi_sweep_lab/results/mpi4_norm/walker2d-medium-v2_tau0.2_mpi4_seed3
historical_i4_504_cpu_reeval,4,implicit,halfcheetah-expert-v2,10,2,halfcheetah-expert-v2_tau10_mpi4_seed2,d4rl_pi4,98.1643213558366,30.676236508716215,-67.48808484712039,/home/ext_csv/mpi_sweep_lab/results/mpi4_norm/halfcheetah-expert-v2_tau10_mpi4_seed2
historical_i4_504_cpu_reeval,4,implicit,walker2d-medium-v2,0.05,0,walker2d-medium-v2_tau0.05_mpi4_seed0,d4rl_pi4,72.1248757666154,79.43447171146546,7.309595944850059,/home/ext_csv/mpi_sweep_lab/results/mpi4_norm/walker2d-medium-v2_tau0.05_mpi4_seed0
historical_i4_504_cpu_reeval,4,implicit,halfcheetah-expert-v2,14,3,halfcheetah-expert-v2_tau14_mpi4_seed3,d4rl_pi4,51.53569564612855,6.559785129812424,-44.97591051631613,/home/ext_csv/mpi_sweep_lab/results/mpi4_norm/halfcheetah-expert-v2_tau14_mpi4_seed3
historical_i4_504_cpu_reeval,4,implicit,halfcheetah-expert-v2,12,2,halfcheetah-expert-v2_tau12_mpi4_seed2,d4rl_pi4,94.64916655472996,39.980460582632666,-54.66870597209729,/home/ext_csv/mpi_sweep_lab/results/mpi4_norm/halfcheetah-expert-v2_tau12_mpi4_seed2
historical_i4_504_cpu_reeval,4,implicit,walker2d-medium-v2,0.4,0,walker2d-medium-v2_tau0.4_mpi4_seed0,d4rl_pi4,74.50633603579475,82.13279505691182,7.626459021117071,/home/ext_csv/mpi_sweep_lab/results/mpi4_norm/walker2d-medium-v2_tau0.4_mpi4_seed0
historical_i4_504_cpu_reeval,4,implicit,walker2d-medium-v2,0.2,1,walker2d-medium-v2_tau0.2_mpi4_seed1,d4rl_pi4,73.73225451626385,73.48873133102353,-0.24352318524032057,/home/ext_csv/mpi_sweep_lab/results/mpi4_norm/walker2d-medium-v2_tau0.2_mpi4_seed1
historical_i4_504_cpu_reeval,4,implicit,walker2d-medium-v2,0.4,1,walker2d-medium-v2_tau0.4_mpi4_seed1,d4rl_pi4,79.46613356358382,85.18130499603872,5.715171432454895,/home/ext_csv/mpi_sweep_lab/results/mpi4_norm/walker2d-medium-v2_tau0.4_mpi4_seed1
historical_i4_504_cpu_reeval,4,implicit,walker2d-medium-v2,0.2,0,walker2d-medium-v2_tau0.2_mpi4_seed0,d4rl_pi4,80.40533964973177,82.88365166922506,2.4783120194932877,/home/ext_csv/mpi_sweep_lab/results/mpi4_norm/walker2d-medium-v2_tau0.2_mpi4_seed0
historical_i4_504_cpu_reeval,4,implicit,halfcheetah-expert-v2,20,3,halfcheetah-expert-v2_tau20_mpi4_seed3,d4rl_pi4,39.40462743524857,0.856604127597848,-38.54802330765072,/home/ext_csv/mpi_sweep_lab/results/mpi4_norm/halfcheetah-expert-v2_tau20_mpi4_seed3
historical_i4_504_cpu_reeval,4,implicit,walker2d-medium-v2,0.7,3,walker2d-medium-v2_tau0.7_mpi4_seed3,d4rl_pi4,81.91337063768972,82.57911295713724,0.6657423194475172,/home/ext_csv/mpi_sweep_lab/results/mpi4_norm/walker2d-medium-v2_tau0.7_mpi4_seed3
historical_i4_504_cpu_reeval,4,implicit,halfcheetah-expert-v2,17,2,halfcheetah-expert-v2_tau17_mpi4_seed2,d4rl_pi4,64.58870855338627,3.901343887816897,-60.68736466556937,/home/ext_csv/mpi_sweep_lab/results/mpi4_norm/halfcheetah-expert-v2_tau17_mpi4_seed2
historical_i4_504_cpu_reeval,4,implicit,halfcheetah-expert-v2,14,2,halfcheetah-expert-v2_tau14_mpi4_seed2,d4rl_pi4,82.21842149271995,6.469151770299374,-75.74926972242058,/home/ext_csv/mpi_sweep_lab/results/mpi4_norm/halfcheetah-expert-v2_tau14_mpi4_seed2
historical_i4_504_cpu_reeval,4,implicit,walker2d-medium-v2,0.7,1,walker2d-medium-v2_tau0.7_mpi4_seed1,d4rl_pi4,77.75543750502091,79.31530889124893,1.559871386228025,/home/ext_csv/mpi_sweep_lab/results/mpi4_norm/walker2d-medium-v2_tau0.7_mpi4_seed1
historical_i4_504_cpu_reeval,4,implicit,walker2d-medium-v2,1.5,0,walker2d-medium-v2_tau1.5_mpi4_seed0,d4rl_pi4,82.17757636327774,83.60091295479663,1.4233365915188898,/home/ext_csv/mpi_sweep_lab/results/mpi4_norm/walker2d-medium-v2_tau1.5_mpi4_seed0
historical_i4_504_cpu_reeval,4,implicit,walker2d-medium-v2,1.5,1,walker2d-medium-v2_tau1.5_mpi4_seed1,d4rl_pi4,81.34316198120219,87.10486938973047,5.761707408528281,/home/ext_csv/mpi_sweep_lab/results/mpi4_norm/walker2d-medium-v2_tau1.5_mpi4_seed1
historical_i4_504_cpu_reeval,4,implicit,walker2d-medium-v2,0.7,0,walker2d-medium-v2_tau0.7_mpi4_seed0,d4rl_pi4,80.14118966316695,82.00348206788574,1.8622924047187865,/home/ext_csv/mpi_sweep_lab/results/mpi4_norm/walker2d-medium-v2_tau0.7_mpi4_seed0
historical_i4_504_cpu_reeval,4,implicit,walker2d-medium-v2,0.05,2,walker2d-medium-v2_tau0.05_mpi4_seed2,d4rl_pi4,61.88549149494808,79.90291325641905,18.017421761470978,/home/ext_csv/mpi_sweep_lab/results/mpi4_norm/walker2d-medium-v2_tau0.05_mpi4_seed2
historical_i4_504_cpu_reeval,4,implicit,walker2d-medium-v2,0.1,3,walker2d-medium-v2_tau0.1_mpi4_seed3,d4rl_pi4,77.45016493296761,79.1251386014849,1.6749736685172962,/home/ext_csv/mpi_sweep_lab/results/mpi4_norm/walker2d-medium-v2_tau0.1_mpi4_seed3
historical_i4_504_cpu_reeval,4,implicit,walker2d-medium-v2,2.5,1,walker2d-medium-v2_tau2.5_mpi4_seed1,d4rl_pi4,83.87165883760802,88.09410405702964,4.2224452194216155,/home/ext_csv/mpi_sweep_lab/results/mpi4_norm/walker2d-medium-v2_tau2.5_mpi4_seed1
historical_i4_504_cpu_reeval,4,implicit,walker2d-medium-v2,4,0,walker2d-medium-v2_tau4_mpi4_seed0,d4rl_pi4,83.79424934912223,86.9719191095119,3.1776697603896764,/home/ext_csv/mpi_sweep_lab/results/mpi4_norm/walker2d-medium-v2_tau4_mpi4_seed0
historical_i4_504_cpu_reeval,4,implicit,walker2d-medium-v2,2.5,3,walker2d-medium-v2_tau2.5_mpi4_seed3,d4rl_pi4,83.82515896245002,87.23453099119052,3.4093720287405063,/home/ext_csv/mpi_sweep_lab/results/mpi4_norm/walker2d-medium-v2_tau2.5_mpi4_seed3
historical_i4_504_cpu_reeval,4,implicit,halfcheetah-expert-v2,20,2,halfcheetah-expert-v2_tau20_mpi4_seed2,d4rl_pi4,40.77343024365526,1.1420328182499888,-39.631397425405275,/home/ext_csv/mpi_sweep_lab/results/mpi4_norm/halfcheetah-expert-v2_tau20_mpi4_seed2
historical_i4_504_cpu_reeval,4,implicit,walker2d-medium-v2,10,0,walker2d-medium-v2_tau10_mpi4_seed0,d4rl_pi4,2.715891931047002,2.3018707417014848,-0.41402118934551746,/home/ext_csv/mpi_sweep_lab/results/mpi4_norm/walker2d-medium-v2_tau10_mpi4_seed0
historical_i4_504_cpu_reeval,4,implicit,walker2d-medium-v2,4,1,walker2d-medium-v2_tau4_mpi4_seed1,d4rl_pi4,84.4848909678896,88.33926905083098,3.8543780829413805,/home/ext_csv/mpi_sweep_lab/results/mpi4_norm/walker2d-medium-v2_tau4_mpi4_seed1
historical_i4_504_cpu_reeval,4,implicit,walker2d-medium-v2,14,0,walker2d-medium-v2_tau14_mpi4_seed0,d4rl_pi4,2.3518703417069435,2.3018707417014848,-0.04999960000545878,/home/ext_csv/mpi_sweep_lab/results/mpi4_norm/walker2d-medium-v2_tau14_mpi4_seed0
historical_i4_504_cpu_reeval,4,implicit,walker2d-medium-v2,2.5,0,walker2d-medium-v2_tau2.5_mpi4_seed0,d4rl_pi4,83.18674830756046,85.83593215972446,2.6491838521640005,/home/ext_csv/mpi_sweep_lab/results/mpi4_norm/walker2d-medium-v2_tau2.5_mpi4_seed0
historical_i4_504_cpu_reeval,4,implicit,walker2d-medium-v2,20,0,walker2d-medium-v2_tau20_mpi4_seed0,d4rl_pi4,2.3018716595224205,2.3018707417014848,-9.178209356974776e-07,/home/ext_csv/mpi_sweep_lab/results/mpi4_norm/walker2d-medium-v2_tau20_mpi4_seed0
historical_i4_504_cpu_reeval,4,implicit,walker2d-medium-v2,0.2,2,walker2d-medium-v2_tau0.2_mpi4_seed2,d4rl_pi4,73.33306055567076,66.94207123599793,-6.390989319672826,/home/ext_csv/mpi_sweep_lab/results/mpi4_norm/walker2d-medium-v2_tau0.2_mpi4_seed2
historical_i4_504_cpu_reeval,4,implicit,walker2d-medium-v2,0.4,3,walker2d-medium-v2_tau0.4_mpi4_seed3,d4rl_pi4,77.30117291022454,81.30702512039399,4.005852210169451,/home/ext_csv/mpi_sweep_lab/results/mpi4_norm/walker2d-medium-v2_tau0.4_mpi4_seed3
historical_i4_504_cpu_reeval,4,implicit,walker2d-medium-v2,7,1,walker2d-medium-v2_tau7_mpi4_seed1,d4rl_pi4,87.06013547128082,91.50334269116937,4.443207219888549,/home/ext_csv/mpi_sweep_lab/results/mpi4_norm/walker2d-medium-v2_tau7_mpi4_seed1
historical_i4_504_cpu_reeval,4,implicit,walker2d-medium-replay-v2,0.1,0,walker2d-medium-replay-v2_tau0.1_mpi4_seed0,d4rl_pi4,6.435169249268183,65.00516508636659,58.5699958370984,/home/ext_csv/mpi_sweep_lab/results/mpi4_norm/walker2d-medium-replay-v2_tau0.1_mpi4_seed0
historical_i4_504_cpu_reeval,4,implicit,walker2d-medium-v2,7,3,walker2d-medium-v2_tau7_mpi4_seed3,d4rl_pi4,84.79402996618917,89.93342553027213,5.13939556408296,/home/ext_csv/mpi_sweep_lab/results/mpi4_norm/walker2d-medium-v2_tau7_mpi4_seed3
historical_i4_504_cpu_reeval,4,implicit,walker2d-medium-v2,10,1,walker2d-medium-v2_tau10_mpi4_seed1,d4rl_pi4,88.97252205828265,91.80733879212785,2.8348167338452015,/home/ext_csv/mpi_sweep_lab/results/mpi4_norm/walker2d-medium-v2_tau10_mpi4_seed1
historical_i4_504_cpu_reeval,4,implicit,walker2d-medium-v2,7,0,walker2d-medium-v2_tau7_mpi4_seed0,d4rl_pi4,85.85347345171796,91.62284675934104,5.769373307623084,/home/ext_csv/mpi_sweep_lab/results/mpi4_norm/walker2d-medium-v2_tau7_mpi4_seed0
historical_i4_504_cpu_reeval,4,implicit,walker2d-medium-v2,0.1,2,walker2d-medium-v2_tau0.1_mpi4_seed2,d4rl_pi4,68.617352753829,74.02139453738373,5.404041783554732,/home/ext_csv/mpi_sweep_lab/results/mpi4_norm/walker2d-medium-v2_tau0.1_mpi4_seed2
historical_i4_504_cpu_reeval,4,implicit,walker2d-medium-v2,12,0,walker2d-medium-v2_tau12_mpi4_seed0,d4rl_pi4,2.4145613698060506,2.3018707417014848,-0.11269062810456587,/home/ext_csv/mpi_sweep_lab/results/mpi4_norm/walker2d-medium-v2_tau12_mpi4_seed0
historical_i4_504_cpu_reeval,4,implicit,walker2d-medium-v2,12,1,walker2d-medium-v2_tau12_mpi4_seed1,d4rl_pi4,89.24471209066084,96.32371275236827,7.0790006617074255,/home/ext_csv/mpi_sweep_lab/results/mpi4_norm/walker2d-medium-v2_tau12_mpi4_seed1
historical_i4_504_cpu_reeval,4,implicit,walker2d-medium-v2,0.7,2,walker2d-medium-v2_tau0.7_mpi4_seed2,d4rl_pi4,83.3352153843789,79.97895422195252,-3.356261162426378,/home/ext_csv/mpi_sweep_lab/results/mpi4_norm/walker2d-medium-v2_tau0.7_mpi4_seed2
historical_i4_504_cpu_reeval,4,implicit,walker2d-medium-v2,1.5,3,walker2d-medium-v2_tau1.5_mpi4_seed3,d4rl_pi4,82.40404248994726,85.33602526299862,2.9319827730513595,/home/ext_csv/mpi_sweep_lab/results/mpi4_norm/walker2d-medium-v2_tau1.5_mpi4_seed3
historical_i4_504_cpu_reeval,4,implicit,walker2d-medium-v2,17,1,walker2d-medium-v2_tau17_mpi4_seed1,d4rl_pi4,3.1457146190955743,1.6744369542489348,-1.4712776648466395,/home/ext_csv/mpi_sweep_lab/results/mpi4_norm/walker2d-medium-v2_tau17_mpi4_seed1
historical_i4_504_cpu_reeval,4,implicit,walker2d-medium-replay-v2,0.4,0,walker2d-medium-replay-v2_tau0.4_mpi4_seed0,d4rl_pi4,16.134598665019904,79.4836942782516,63.3490956132317,/home/ext_csv/mpi_sweep_lab/results/mpi4_norm/walker2d-medium-replay-v2_tau0.4_mpi4_seed0
historical_i4_504_cpu_reeval,4,implicit,walker2d-medium-v2,17,0,walker2d-medium-v2_tau17_mpi4_seed0,d4rl_pi4,2.302463203976424,2.3018707417014848,-0.0005924622749393649,/home/ext_csv/mpi_sweep_lab/results/mpi4_norm/walker2d-medium-v2_tau17_mpi4_seed0
historical_i4_504_cpu_reeval,4,implicit,walker2d-medium-replay-v2,0.05,1,walker2d-medium-replay-v2_tau0.05_mpi4_seed1,d4rl_pi4,4.894970327147233,27.236938334806883,22.341968007659652,/home/ext_csv/mpi_sweep_lab/results/mpi4_norm/walker2d-medium-replay-v2_tau0.05_mpi4_seed1
historical_i4_504_cpu_reeval,4,implicit,walker2d-medium-replay-v2,0.05,0,walker2d-medium-replay-v2_tau0.05_mpi4_seed0,d4rl_pi4,7.728326315815752,30.60092779050813,22.872601474692377,/home/ext_csv/mpi_sweep_lab/results/mpi4_norm/walker2d-medium-replay-v2_tau0.05_mpi4_seed0
historical_i4_504_cpu_reeval,4,implicit,walker2d-medium-v2,14,1,walker2d-medium-v2_tau14_mpi4_seed1,d4rl_pi4,90.9392716341243,97.70929511826513,6.770023484140836,/home/ext_csv/mpi_sweep_lab/results/mpi4_norm/walker2d-medium-v2_tau14_mpi4_seed1
historical_i4_504_cpu_reeval,4,implicit,walker2d-medium-replay-v2,0.2,1,walker2d-medium-replay-v2_tau0.2_mpi4_seed1,d4rl_pi4,5.462877344027249,73.91427988019295,68.4514025361657,/home/ext_csv/mpi_sweep_lab/results/mpi4_norm/walker2d-medium-replay-v2_tau0.2_mpi4_seed1
historical_i4_504_cpu_reeval,4,implicit,walker2d-medium-replay-v2,1.5,0,walker2d-medium-replay-v2_tau1.5_mpi4_seed0,d4rl_pi4,29.744638962458954,87.99123801856459,58.24659905610564,/home/ext_csv/mpi_sweep_lab/results/mpi4_norm/walker2d-medium-replay-v2_tau1.5_mpi4_seed0
historical_i4_504_cpu_reeval,4,implicit,walker2d-medium-v2,12,3,walker2d-medium-v2_tau12_mpi4_seed3,d4rl_pi4,88.84041641946222,93.27729911719011,4.436882697727896,/home/ext_csv/mpi_sweep_lab/results/mpi4_norm/walker2d-medium-v2_tau12_mpi4_seed3
historical_i4_504_cpu_reeval,4,implicit,walker2d-medium-replay-v2,0.2,0,walker2d-medium-replay-v2_tau0.2_mpi4_seed0,d4rl_pi4,6.677095880408148,78.36174067132343,71.68464479091529,/home/ext_csv/mpi_sweep_lab/results/mpi4_norm/walker2d-medium-replay-v2_tau0.2_mpi4_seed0
historical_i4_504_cpu_reeval,4,implicit,walker2d-medium-v2,2.5,2,walker2d-medium-v2_tau2.5_mpi4_seed2,d4rl_pi4,78.62049578267711,85.85332981730728,7.232834034630173,/home/ext_csv/mpi_sweep_lab/results/mpi4_norm/walker2d-medium-v2_tau2.5_mpi4_seed2
historical_i4_504_cpu_reeval,4,implicit,walker2d-medium-v2,4,3,walker2d-medium-v2_tau4_mpi4_seed3,d4rl_pi4,83.8481673262748,88.30289752910161,4.454730202826809,/home/ext_csv/mpi_sweep_lab/results/mpi4_norm/walker2d-medium-v2_tau4_mpi4_seed3
historical_i4_504_cpu_reeval,4,implicit,walker2d-medium-v2,0.4,2,walker2d-medium-v2_tau0.4_mpi4_seed2,d4rl_pi4,76.67769893669045,83.10024021829825,6.422541281607806,/home/ext_csv/mpi_sweep_lab/results/mpi4_norm/walker2d-medium-v2_tau0.4_mpi4_seed2
historical_i4_504_cpu_reeval,4,implicit,walker2d-medium-v2,20,1,walker2d-medium-v2_tau20_mpi4_seed1,d4rl_pi4,91.93060825433767,8.966141532546056,-82.96446672179161,/home/ext_csv/mpi_sweep_lab/results/mpi4_norm/walker2d-medium-v2_tau20_mpi4_seed1
historical_i4_504_cpu_reeval,4,implicit,walker2d-medium-replay-v2,4,0,walker2d-medium-replay-v2_tau4_mpi4_seed0,d4rl_pi4,19.63760814448201,86.8674147405991,67.2298065961171,/home/ext_csv/mpi_sweep_lab/results/mpi4_norm/walker2d-medium-replay-v2_tau4_mpi4_seed0
historical_i4_504_cpu_reeval,4,implicit,walker2d-medium-replay-v2,0.7,1,walker2d-medium-replay-v2_tau0.7_mpi4_seed1,d4rl_pi4,41.921504205245625,82.96657956343974,41.04507535819411,/home/ext_csv/mpi_sweep_lab/results/mpi4_norm/walker2d-medium-replay-v2_tau0.7_mpi4_seed1
historical_i4_504_cpu_reeval,4,implicit,walker2d-medium-replay-v2,0.7,0,walker2d-medium-replay-v2_tau0.7_mpi4_seed0,d4rl_pi4,19.364817971669215,84.59464590062609,65.22982792895688,/home/ext_csv/mpi_sweep_lab/results/mpi4_norm/walker2d-medium-replay-v2_tau0.7_mpi4_seed0
historical_i4_504_cpu_reeval,4,implicit,walker2d-medium-replay-v2,0.1,1,walker2d-medium-replay-v2_tau0.1_mpi4_seed1,d4rl_pi4,7.562281178943459,68.2728438550239,60.710562676080436,/home/ext_csv/mpi_sweep_lab/results/mpi4_norm/walker2d-medium-replay-v2_tau0.1_mpi4_seed1
historical_i4_504_cpu_reeval,4,implicit,walker2d-medium-v2,1.5,2,walker2d-medium-v2_tau1.5_mpi4_seed2,d4rl_pi4,78.14036410221027,86.36378493946123,8.223420837250956,/home/ext_csv/mpi_sweep_lab/results/mpi4_norm/walker2d-medium-v2_tau1.5_mpi4_seed2
historical_i4_504_cpu_reeval,4,implicit,walker2d-medium-v2,7,2,walker2d-medium-v2_tau7_mpi4_seed2,d4rl_pi4,86.33538652069032,90.47888459097632,4.143498070286,/home/ext_csv/mpi_sweep_lab/results/mpi4_norm/walker2d-medium-v2_tau7_mpi4_seed2
historical_i4_504_cpu_reeval,4,implicit,walker2d-medium-v2,10,3,walker2d-medium-v2_tau10_mpi4_seed3,d4rl_pi4,86.57783131327686,91.7507995761825,5.172968262905641,/home/ext_csv/mpi_sweep_lab/results/mpi4_norm/walker2d-medium-v2_tau10_mpi4_seed3
historical_i4_504_cpu_reeval,4,implicit,walker2d-medium-v2,17,3,walker2d-medium-v2_tau17_mpi4_seed3,d4rl_pi4,89.28295695286744,92.21623361265105,2.9332766597836155,/home/ext_csv/mpi_sweep_lab/results/mpi4_norm/walker2d-medium-v2_tau17_mpi4_seed3
historical_i4_504_cpu_reeval,4,implicit,walker2d-medium-replay-v2,2.5,1,walker2d-medium-replay-v2_tau2.5_mpi4_seed1,d4rl_pi4,45.15786531447211,83.39072923333401,38.2328639188619,/home/ext_csv/mpi_sweep_lab/results/mpi4_norm/walker2d-medium-replay-v2_tau2.5_mpi4_seed1
historical_i4_504_cpu_reeval,4,implicit,walker2d-medium-replay-v2,10,0,walker2d-medium-replay-v2_tau10_mpi4_seed0,d4rl_pi4,81.13928393517013,93.41620992090813,12.276925985738004,/home/ext_csv/mpi_sweep_lab/results/mpi4_norm/walker2d-medium-replay-v2_tau10_mpi4_seed0
historical_i4_504_cpu_reeval,4,implicit,walker2d-medium-replay-v2,0.4,1,walker2d-medium-replay-v2_tau0.4_mpi4_seed1,d4rl_pi4,14.772787457300135,86.23447635937139,71.46168890207124,/home/ext_csv/mpi_sweep_lab/results/mpi4_norm/walker2d-medium-replay-v2_tau0.4_mpi4_seed1
historical_i4_504_cpu_reeval,4,implicit,walker2d-medium-replay-v2,2.5,0,walker2d-medium-replay-v2_tau2.5_mpi4_seed0,d4rl_pi4,56.9251146365482,86.35768979850921,29.43257516196101,/home/ext_csv/mpi_sweep_lab/results/mpi4_norm/walker2d-medium-replay-v2_tau2.5_mpi4_seed0
historical_i4_504_cpu_reeval,4,implicit,walker2d-medium-replay-v2,14,0,walker2d-medium-replay-v2_tau14_mpi4_seed0,d4rl_pi4,23.91005934794468,7.297174239015545,-16.612885108929135,/home/ext_csv/mpi_sweep_lab/results/mpi4_norm/walker2d-medium-replay-v2_tau14_mpi4_seed0
historical_i4_504_cpu_reeval,4,implicit,walker2d-medium-replay-v2,0.05,3,walker2d-medium-replay-v2_tau0.05_mpi4_seed3,d4rl_pi4,25.685010731239377,37.6593759426067,11.974365211367324,/home/ext_csv/mpi_sweep_lab/results/mpi4_norm/walker2d-medium-replay-v2_tau0.05_mpi4_seed3
historical_i4_504_cpu_reeval,4,implicit,walker2d-medium-v2,4,2,walker2d-medium-v2_tau4_mpi4_seed2,d4rl_pi4,81.83599360213788,87.85343735058466,6.01744374844678,/home/ext_csv/mpi_sweep_lab/results/mpi4_norm/walker2d-medium-v2_tau4_mpi4_seed2
historical_i4_504_cpu_reeval,4,implicit,walker2d-medium-replay-v2,7,1,walker2d-medium-replay-v2_tau7_mpi4_seed1,d4rl_pi4,86.48217882808015,90.3526722361479,3.8704934080677447,/home/ext_csv/mpi_sweep_lab/results/mpi4_norm/walker2d-medium-replay-v2_tau7_mpi4_seed1
historical_i4_504_cpu_reeval,4,implicit,walker2d-medium-replay-v2,1.5,1,walker2d-medium-replay-v2_tau1.5_mpi4_seed1,d4rl_pi4,30.23626034983401,85.09624043923948,54.85998008940547,/home/ext_csv/mpi_sweep_lab/results/mpi4_norm/walker2d-medium-replay-v2_tau1.5_mpi4_seed1
historical_i4_504_cpu_reeval,4,implicit,walker2d-medium-replay-v2,7,0,walker2d-medium-replay-v2_tau7_mpi4_seed0,d4rl_pi4,32.20544831429148,94.66098392627198,62.4555356119805,/home/ext_csv/mpi_sweep_lab/results/mpi4_norm/walker2d-medium-replay-v2_tau7_mpi4_seed0
historical_i4_504_cpu_reeval,4,implicit,walker2d-medium-v2,12,2,walker2d-medium-v2_tau12_mpi4_seed2,d4rl_pi4,83.57639233553262,93.05357199956539,9.477179664032775,/home/ext_csv/mpi_sweep_lab/results/mpi4_norm/walker2d-medium-v2_tau12_mpi4_seed2
historical_i4_504_cpu_reeval,4,implicit,walker2d-medium-v2,14,3,walker2d-medium-v2_tau14_mpi4_seed3,d4rl_pi4,88.73710995614287,94.27010038064815,5.532990424505272,/home/ext_csv/mpi_sweep_lab/results/mpi4_norm/walker2d-medium-v2_tau14_mpi4_seed3
historical_i4_504_cpu_reeval,4,implicit,walker2d-medium-v2,20,3,walker2d-medium-v2_tau20_mpi4_seed3,d4rl_pi4,2.4618941001519805,2.4617957854462813,-9.831470569920953e-05,/home/ext_csv/mpi_sweep_lab/results/mpi4_norm/walker2d-medium-v2_tau20_mpi4_seed3
historical_i4_504_cpu_reeval,4,implicit,walker2d-medium-replay-v2,0.2,3,walker2d-medium-replay-v2_tau0.2_mpi4_seed3,d4rl_pi4,22.097982702857692,51.67146842863231,29.573485725774617,/home/ext_csv/mpi_sweep_lab/results/mpi4_norm/walker2d-medium-replay-v2_tau0.2_mpi4_seed3
historical_i4_504_cpu_reeval,4,implicit,walker2d-medium-v2,17,2,walker2d-medium-v2_tau17_mpi4_seed2,d4rl_pi4,28.902467740126482,-0.08930287855416291,-28.991770618680647,/home/ext_csv/mpi_sweep_lab/results/mpi4_norm/walker2d-medium-v2_tau17_mpi4_seed2
historical_i4_504_cpu_reeval,4,implicit,walker2d-medium-replay-v2,20,0,walker2d-medium-replay-v2_tau20_mpi4_seed0,d4rl_pi4,93.96842416173807,93.86804639297138,-0.10037776876669113,/home/ext_csv/mpi_sweep_lab/results/mpi4_norm/walker2d-medium-replay-v2_tau20_mpi4_seed0
historical_i4_504_cpu_reeval,4,implicit,walker2d-medium-replay-v2,12,0,walker2d-medium-replay-v2_tau12_mpi4_seed0,d4rl_pi4,66.27287337975108,9.147966054192173,-57.1249073255589,/home/ext_csv/mpi_sweep_lab/results/mpi4_norm/walker2d-medium-replay-v2_tau12_mpi4_seed0
historical_i4_504_cpu_reeval,4,implicit,walker2d-medium-replay-v2,0.1,3,walker2d-medium-replay-v2_tau0.1_mpi4_seed3,d4rl_pi4,8.481926023256653,13.97304834447603,5.491122321219377,/home/ext_csv/mpi_sweep_lab/results/mpi4_norm/walker2d-medium-replay-v2_tau0.1_mpi4_seed3
historical_i4_504_cpu_reeval,4,implicit,walker2d-medium-replay-v2,0.05,2,walker2d-medium-replay-v2_tau0.05_mpi4_seed2,d4rl_pi4,14.925678898979006,13.755290581430742,-1.1703883175482641,/home/ext_csv/mpi_sweep_lab/results/mpi4_norm/walker2d-medium-replay-v2_tau0.05_mpi4_seed2
historical_i4_504_cpu_reeval,4,implicit,walker2d-medium-v2,10,2,walker2d-medium-v2_tau10_mpi4_seed2,d4rl_pi4,87.98157722536803,93.02988176864466,5.048304543276629,/home/ext_csv/mpi_sweep_lab/results/mpi4_norm/walker2d-medium-v2_tau10_mpi4_seed2
historical_i4_504_cpu_reeval,4,implicit,walker2d-medium-replay-v2,12,1,walker2d-medium-replay-v2_tau12_mpi4_seed1,d4rl_pi4,86.27650481892246,91.99427615357479,5.717771334652326,/home/ext_csv/mpi_sweep_lab/results/mpi4_norm/walker2d-medium-replay-v2_tau12_mpi4_seed1
historical_i4_504_cpu_reeval,4,implicit,walker2d-medium-replay-v2,4,1,walker2d-medium-replay-v2_tau4_mpi4_seed1,d4rl_pi4,57.39527828319417,87.01424241352859,29.61896413033442,/home/ext_csv/mpi_sweep_lab/results/mpi4_norm/walker2d-medium-replay-v2_tau4_mpi4_seed1
historical_i4_504_cpu_reeval,4,implicit,walker2d-medium-replay-v2,0.4,3,walker2d-medium-replay-v2_tau0.4_mpi4_seed3,d4rl_pi4,18.11866747735923,78.18147993565888,60.06281245829965,/home/ext_csv/mpi_sweep_lab/results/mpi4_norm/walker2d-medium-replay-v2_tau0.4_mpi4_seed3
historical_i4_504_cpu_reeval,4,implicit,walker2d-medium-replay-v2,0.7,3,walker2d-medium-replay-v2_tau0.7_mpi4_seed3,d4rl_pi4,41.668653847070786,86.7499301586102,45.08127631153941,/home/ext_csv/mpi_sweep_lab/results/mpi4_norm/walker2d-medium-replay-v2_tau0.7_mpi4_seed3
historical_i4_504_cpu_reeval,4,implicit,walker2d-expert-v2,0.1,0,walker2d-expert-v2_tau0.1_mpi4_seed0,d4rl_pi4,97.40039230050431,106.76030827495273,9.359915974448427,/home/ext_csv/mpi_sweep_lab/results/mpi4_norm/walker2d-expert-v2_tau0.1_mpi4_seed0
historical_i4_504_cpu_reeval,4,implicit,walker2d-medium-replay-v2,0.2,2,walker2d-medium-replay-v2_tau0.2_mpi4_seed2,d4rl_pi4,19.33489243413311,71.71823970855648,52.38334727442337,/home/ext_csv/mpi_sweep_lab/results/mpi4_norm/walker2d-medium-replay-v2_tau0.2_mpi4_seed2
historical_i4_504_cpu_reeval,4,implicit,walker2d-medium-replay-v2,17,0,walker2d-medium-replay-v2_tau17_mpi4_seed0,d4rl_pi4,93.36602058628834,94.96800572693961,1.6019851406512657,/home/ext_csv/mpi_sweep_lab/results/mpi4_norm/walker2d-medium-replay-v2_tau17_mpi4_seed0
historical_i4_504_cpu_reeval,4,implicit,walker2d-medium-v2,14,2,walker2d-medium-v2_tau14_mpi4_seed2,d4rl_pi4,57.39318477930602,92.04698010185164,34.653795322545626,/home/ext_csv/mpi_sweep_lab/results/mpi4_norm/walker2d-medium-v2_tau14_mpi4_seed2
historical_i4_504_cpu_reeval,4,implicit,walker2d-medium-replay-v2,17,1,walker2d-medium-replay-v2_tau17_mpi4_seed1,d4rl_pi4,88.05175296330776,83.4398990048277,-4.611853958480069,/home/ext_csv/mpi_sweep_lab/results/mpi4_norm/walker2d-medium-replay-v2_tau17_mpi4_seed1
historical_i4_504_cpu_reeval,4,implicit,walker2d-medium-v2,20,2,walker2d-medium-v2_tau20_mpi4_seed2,d4rl_pi4,5.112883280568008,2.68826258828658,-2.424620692281428,/home/ext_csv/mpi_sweep_lab/results/mpi4_norm/walker2d-medium-v2_tau20_mpi4_seed2
historical_i4_504_cpu_reeval,4,implicit,walker2d-medium-replay-v2,0.1,2,walker2d-medium-replay-v2_tau0.1_mpi4_seed2,d4rl_pi4,7.519041676639157,17.535017988672323,10.015976312033166,/home/ext_csv/mpi_sweep_lab/results/mpi4_norm/walker2d-medium-replay-v2_tau0.1_mpi4_seed2
historical_i4_504_cpu_reeval,4,implicit,walker2d-medium-replay-v2,10,1,walker2d-medium-replay-v2_tau10_mpi4_seed1,d4rl_pi4,90.0463759725519,90.98182464075042,0.9354486681985179,/home/ext_csv/mpi_sweep_lab/results/mpi4_norm/walker2d-medium-replay-v2_tau10_mpi4_seed1
historical_i4_504_cpu_reeval,4,implicit,walker2d-medium-replay-v2,1.5,3,walker2d-medium-replay-v2_tau1.5_mpi4_seed3,d4rl_pi4,79.29478235272212,86.05911937319334,6.764337020471217,/home/ext_csv/mpi_sweep_lab/results/mpi4_norm/walker2d-medium-replay-v2_tau1.5_mpi4_seed3
historical_i4_504_cpu_reeval,4,implicit,walker2d-medium-replay-v2,0.7,2,walker2d-medium-replay-v2_tau0.7_mpi4_seed2,d4rl_pi4,62.46923605040553,75.04286337620495,12.573627325799421,/home/ext_csv/mpi_sweep_lab/results/mpi4_norm/walker2d-medium-replay-v2_tau0.7_mpi4_seed2
historical_i4_504_cpu_reeval,4,implicit,walker2d-medium-replay-v2,2.5,3,walker2d-medium-replay-v2_tau2.5_mpi4_seed3,d4rl_pi4,62.78079008259454,87.64451724663026,24.863727164035716,/home/ext_csv/mpi_sweep_lab/results/mpi4_norm/walker2d-medium-replay-v2_tau2.5_mpi4_seed3
historical_i4_504_cpu_reeval,4,implicit,walker2d-expert-v2,0.4,0,walker2d-expert-v2_tau0.4_mpi4_seed0,d4rl_pi4,106.28864028974428,108.1167245296575,1.828084239913224,/home/ext_csv/mpi_sweep_lab/results/mpi4_norm/walker2d-expert-v2_tau0.4_mpi4_seed0
historical_i4_504_cpu_reeval,4,implicit,walker2d-expert-v2,0.05,0,walker2d-expert-v2_tau0.05_mpi4_seed0,d4rl_pi4,97.97948152636936,107.20449556198153,9.225014035612176,/home/ext_csv/mpi_sweep_lab/results/mpi4_norm/walker2d-expert-v2_tau0.05_mpi4_seed0
historical_i4_504_cpu_reeval,4,implicit,walker2d-medium-replay-v2,0.4,2,walker2d-medium-replay-v2_tau0.4_mpi4_seed2,d4rl_pi4,45.482239755254135,46.17710316230638,0.6948634070522459,/home/ext_csv/mpi_sweep_lab/results/mpi4_norm/walker2d-medium-replay-v2_tau0.4_mpi4_seed2
historical_i4_504_cpu_reeval,4,implicit,walker2d-expert-v2,0.05,1,walker2d-expert-v2_tau0.05_mpi4_seed1,d4rl_pi4,106.57648098950554,107.7771670417909,1.2006860522853628,/home/ext_csv/mpi_sweep_lab/results/mpi4_norm/walker2d-expert-v2_tau0.05_mpi4_seed1
historical_i4_504_cpu_reeval,4,implicit,walker2d-medium-replay-v2,14,1,walker2d-medium-replay-v2_tau14_mpi4_seed1,d4rl_pi4,52.29933710833391,84.42043431647338,32.12109720813947,/home/ext_csv/mpi_sweep_lab/results/mpi4_norm/walker2d-medium-replay-v2_tau14_mpi4_seed1
historical_i4_504_cpu_reeval,4,implicit,walker2d-medium-replay-v2,1.5,2,walker2d-medium-replay-v2_tau1.5_mpi4_seed2,d4rl_pi4,65.15235839270366,74.74288165952338,9.590523266819716,/home/ext_csv/mpi_sweep_lab/results/mpi4_norm/walker2d-medium-replay-v2_tau1.5_mpi4_seed2
historical_i4_504_cpu_reeval,4,implicit,walker2d-medium-replay-v2,20,1,walker2d-medium-replay-v2_tau20_mpi4_seed1,d4rl_pi4,56.586623977192744,5.310042546826963,-51.27658143036578,/home/ext_csv/mpi_sweep_lab/results/mpi4_norm/walker2d-medium-replay-v2_tau20_mpi4_seed1
historical_i4_504_cpu_reeval,4,implicit,walker2d-expert-v2,1.5,0,walker2d-expert-v2_tau1.5_mpi4_seed0,d4rl_pi4,107.51633504385725,110.3793234716291,2.862988427771853,/home/ext_csv/mpi_sweep_lab/results/mpi4_norm/walker2d-expert-v2_tau1.5_mpi4_seed0
historical_i4_504_cpu_reeval,4,implicit,walker2d-medium-replay-v2,2.5,2,walker2d-medium-replay-v2_tau2.5_mpi4_seed2,d4rl_pi4,85.17240012244004,85.55921645066437,0.3868163282243273,/home/ext_csv/mpi_sweep_lab/results/mpi4_norm/walker2d-medium-replay-v2_tau2.5_mpi4_seed2
historical_i4_504_cpu_reeval,4,implicit,walker2d-expert-v2,0.2,0,walker2d-expert-v2_tau0.2_mpi4_seed0,d4rl_pi4,106.12306631142904,107.3464753448255,1.2234090333964645,/home/ext_csv/mpi_sweep_lab/results/mpi4_norm/walker2d-expert-v2_tau0.2_mpi4_seed0
historical_i4_504_cpu_reeval,4,implicit,walker2d-medium-replay-v2,4,3,walker2d-medium-replay-v2_tau4_mpi4_seed3,d4rl_pi4,73.26167575087068,82.83625996319084,9.574584212320161,/home/ext_csv/mpi_sweep_lab/results/mpi4_norm/walker2d-medium-replay-v2_tau4_mpi4_seed3
historical_i4_504_cpu_reeval,4,implicit,walker2d-expert-v2,0.2,1,walker2d-expert-v2_tau0.2_mpi4_seed1,d4rl_pi4,106.16589282631719,108.77312023561984,2.607227409302652,/home/ext_csv/mpi_sweep_lab/results/mpi4_norm/walker2d-expert-v2_tau0.2_mpi4_seed1
historical_i4_504_cpu_reeval,4,implicit,walker2d-medium-replay-v2,7,3,walker2d-medium-replay-v2_tau7_mpi4_seed3,d4rl_pi4,41.27670248541815,91.82047813804223,50.543775652624085,/home/ext_csv/mpi_sweep_lab/results/mpi4_norm/walker2d-medium-replay-v2_tau7_mpi4_seed3
historical_i4_504_cpu_reeval,4,implicit,walker2d-medium-replay-v2,4,2,walker2d-medium-replay-v2_tau4_mpi4_seed2,d4rl_pi4,77.41429059889592,87.5164290698158,10.102138470919883,/home/ext_csv/mpi_sweep_lab/results/mpi4_norm/walker2d-medium-replay-v2_tau4_mpi4_seed2
historical_i4_504_cpu_reeval,4,implicit,walker2d-medium-replay-v2,7,2,walker2d-medium-replay-v2_tau7_mpi4_seed2,d4rl_pi4,80.72684431924935,92.93536814042974,12.208523821180393,/home/ext_csv/mpi_sweep_lab/results/mpi4_norm/walker2d-medium-replay-v2_tau7_mpi4_seed2
historical_i4_504_cpu_reeval,4,implicit,walker2d-expert-v2,4,0,walker2d-expert-v2_tau4_mpi4_seed0,d4rl_pi4,108.8743917368905,112.60003091942127,3.72563918253077,/home/ext_csv/mpi_sweep_lab/results/mpi4_norm/walker2d-expert-v2_tau4_mpi4_seed0
historical_i4_504_cpu_reeval,4,implicit,walker2d-expert-v2,0.1,1,walker2d-expert-v2_tau0.1_mpi4_seed1,d4rl_pi4,106.74425186621673,108.66630190065794,1.922050034441213,/home/ext_csv/mpi_sweep_lab/results/mpi4_norm/walker2d-expert-v2_tau0.1_mpi4_seed1
historical_i4_504_cpu_reeval,4,implicit,walker2d-expert-v2,0.7,0,walker2d-expert-v2_tau0.7_mpi4_seed0,d4rl_pi4,99.63292575427765,109.13619170562919,9.503265951351537,/home/ext_csv/mpi_sweep_lab/results/mpi4_norm/walker2d-expert-v2_tau0.7_mpi4_seed0
historical_i4_504_cpu_reeval,4,implicit,walker2d-medium-replay-v2,10,2,walker2d-medium-replay-v2_tau10_mpi4_seed2,d4rl_pi4,11.469790774747896,89.54346716916397,78.07367639441608,/home/ext_csv/mpi_sweep_lab/results/mpi4_norm/walker2d-medium-replay-v2_tau10_mpi4_seed2
historical_i4_504_cpu_reeval,4,implicit,walker2d-medium-replay-v2,10,3,walker2d-medium-replay-v2_tau10_mpi4_seed3,d4rl_pi4,88.42219942832635,91.20790603371941,2.7857066053930595,/home/ext_csv/mpi_sweep_lab/results/mpi4_norm/walker2d-medium-replay-v2_tau10_mpi4_seed3
historical_i4_504_cpu_reeval,4,implicit,walker2d-expert-v2,0.7,1,walker2d-expert-v2_tau0.7_mpi4_seed1,d4rl_pi4,107.56106230034297,109.53634931272072,1.9752870123777484,/home/ext_csv/mpi_sweep_lab/results/mpi4_norm/walker2d-expert-v2_tau0.7_mpi4_seed1
historical_i4_504_cpu_reeval,4,implicit,walker2d-medium-replay-v2,12,3,walker2d-medium-replay-v2_tau12_mpi4_seed3,d4rl_pi4,90.12101543328484,92.3931471533064,2.2721317200215623,/home/ext_csv/mpi_sweep_lab/results/mpi4_norm/walker2d-medium-replay-v2_tau12_mpi4_seed3
historical_i4_504_cpu_reeval,4,implicit,walker2d-medium-replay-v2,12,2,walker2d-medium-replay-v2_tau12_mpi4_seed2,d4rl_pi4,85.25653475827994,83.43320592409448,-1.8233288341854603,/home/ext_csv/mpi_sweep_lab/results/mpi4_norm/walker2d-medium-replay-v2_tau12_mpi4_seed2
historical_i4_504_cpu_reeval,4,implicit,walker2d-expert-v2,2.5,0,walker2d-expert-v2_tau2.5_mpi4_seed0,d4rl_pi4,107.95796833558838,111.2118693974613,3.2539010618729236,/home/ext_csv/mpi_sweep_lab/results/mpi4_norm/walker2d-expert-v2_tau2.5_mpi4_seed0
historical_i4_504_cpu_reeval,4,implicit,walker2d-medium-replay-v2,14,2,walker2d-medium-replay-v2_tau14_mpi4_seed2,d4rl_pi4,67.36100061319503,93.02490395089525,25.66390333770022,/home/ext_csv/mpi_sweep_lab/results/mpi4_norm/walker2d-medium-replay-v2_tau14_mpi4_seed2
historical_i4_504_cpu_reeval,4,implicit,walker2d-expert-v2,10,0,walker2d-expert-v2_tau10_mpi4_seed0,d4rl_pi4,110.42494908740123,114.0562647813925,3.6313156939912687,/home/ext_csv/mpi_sweep_lab/results/mpi4_norm/walker2d-expert-v2_tau10_mpi4_seed0
historical_i4_504_cpu_reeval,4,implicit,walker2d-expert-v2,0.4,1,walker2d-expert-v2_tau0.4_mpi4_seed1,d4rl_pi4,107.04879536147021,109.60407843393301,2.5552830724627995,/home/ext_csv/mpi_sweep_lab/results/mpi4_norm/walker2d-expert-v2_tau0.4_mpi4_seed1
historical_i4_504_cpu_reeval,4,implicit,walker2d-medium-replay-v2,20,2,walker2d-medium-replay-v2_tau20_mpi4_seed2,d4rl_pi4,12.188333074594022,6.920110866393298,-5.268222208200724,/home/ext_csv/mpi_sweep_lab/results/mpi4_norm/walker2d-medium-replay-v2_tau20_mpi4_seed2
historical_i4_504_cpu_reeval,4,implicit,walker2d-expert-v2,14,0,walker2d-expert-v2_tau14_mpi4_seed0,d4rl_pi4,0.7295578552699699,8.391060827163303,7.6615029718933325,/home/ext_csv/mpi_sweep_lab/results/mpi4_norm/walker2d-expert-v2_tau14_mpi4_seed0
historical_i4_504_cpu_reeval,4,implicit,walker2d-medium-replay-v2,14,3,walker2d-medium-replay-v2_tau14_mpi4_seed3,d4rl_pi4,87.82593670453727,79.80081776166085,-8.025118942876418,/home/ext_csv/mpi_sweep_lab/results/mpi4_norm/walker2d-medium-replay-v2_tau14_mpi4_seed3
historical_i4_504_cpu_reeval,4,implicit,walker2d-expert-v2,20,0,walker2d-expert-v2_tau20_mpi4_seed0,d4rl_pi4,5.13766258076702,2.3018707417014848,-2.8357918390655352,/home/ext_csv/mpi_sweep_lab/results/mpi4_norm/walker2d-expert-v2_tau20_mpi4_seed0
historical_i4_504_cpu_reeval,4,implicit,walker2d-expert-v2,2.5,1,walker2d-expert-v2_tau2.5_mpi4_seed1,d4rl_pi4,108.26401544555276,111.78779956446947,3.5237841189167085,/home/ext_csv/mpi_sweep_lab/results/mpi4_norm/walker2d-expert-v2_tau2.5_mpi4_seed1
historical_i4_504_cpu_reeval,4,implicit,walker2d-medium-replay-v2,17,3,walker2d-medium-replay-v2_tau17_mpi4_seed3,d4rl_pi4,91.72152491486564,60.5802371250449,-31.141287789820737,/home/ext_csv/mpi_sweep_lab/results/mpi4_norm/walker2d-medium-replay-v2_tau17_mpi4_seed3
historical_i4_504_cpu_reeval,4,implicit,walker2d-medium-replay-v2,17,2,walker2d-medium-replay-v2_tau17_mpi4_seed2,d4rl_pi4,78.53846817503158,93.81738397281455,15.278915797782972,/home/ext_csv/mpi_sweep_lab/results/mpi4_norm/walker2d-medium-replay-v2_tau17_mpi4_seed2
historical_i4_504_cpu_reeval,4,implicit,walker2d-expert-v2,7,0,walker2d-expert-v2_tau7_mpi4_seed0,d4rl_pi4,110.43418718233117,113.28420959573677,2.850022413405597,/home/ext_csv/mpi_sweep_lab/results/mpi4_norm/walker2d-expert-v2_tau7_mpi4_seed0
historical_i4_504_cpu_reeval,4,implicit,walker2d-expert-v2,1.5,1,walker2d-expert-v2_tau1.5_mpi4_seed1,d4rl_pi4,107.71059764807269,110.9779515124109,3.2673538643382045,/home/ext_csv/mpi_sweep_lab/results/mpi4_norm/walker2d-expert-v2_tau1.5_mpi4_seed1
historical_i4_504_cpu_reeval,4,implicit,walker2d-expert-v2,0.1,2,walker2d-expert-v2_tau0.1_mpi4_seed2,d4rl_pi4,107.4641932605545,107.95887459296796,0.4946813324134638,/home/ext_csv/mpi_sweep_lab/results/mpi4_norm/walker2d-expert-v2_tau0.1_mpi4_seed2
historical_i4_504_cpu_reeval,4,implicit,walker2d-medium-replay-v2,20,3,walker2d-medium-replay-v2_tau20_mpi4_seed3,d4rl_pi4,91.52379735419768,94.53593102581074,3.012133671613057,/home/ext_csv/mpi_sweep_lab/results/mpi4_norm/walker2d-medium-replay-v2_tau20_mpi4_seed3
historical_i4_504_cpu_reeval,4,implicit,walker2d-expert-v2,7,1,walker2d-expert-v2_tau7_mpi4_seed1,d4rl_pi4,110.34749987043693,113.60271464684222,3.255214776405282,/home/ext_csv/mpi_sweep_lab/results/mpi4_norm/walker2d-expert-v2_tau7_mpi4_seed1
historical_i4_504_cpu_reeval,4,implicit,walker2d-expert-v2,0.05,2,walker2d-expert-v2_tau0.05_mpi4_seed2,d4rl_pi4,107.21567180290835,107.65769866081327,0.4420268579049207,/home/ext_csv/mpi_sweep_lab/results/mpi4_norm/walker2d-expert-v2_tau0.05_mpi4_seed2
historical_i4_504_cpu_reeval,4,implicit,walker2d-expert-v2,12,0,walker2d-expert-v2_tau12_mpi4_seed0,d4rl_pi4,110.87350621576569,115.47017867581945,4.596672460053767,/home/ext_csv/mpi_sweep_lab/results/mpi4_norm/walker2d-expert-v2_tau12_mpi4_seed0
historical_i4_504_cpu_reeval,4,implicit,walker2d-expert-v2,0.05,3,walker2d-expert-v2_tau0.05_mpi4_seed3,d4rl_pi4,107.88595149384285,107.96403505719209,0.07808356334923872,/home/ext_csv/mpi_sweep_lab/results/mpi4_norm/walker2d-expert-v2_tau0.05_mpi4_seed3
historical_i4_504_cpu_reeval,4,implicit,walker2d-expert-v2,4,1,walker2d-expert-v2_tau4_mpi4_seed1,d4rl_pi4,109.43621673237283,112.0751225509608,2.638905818587972,/home/ext_csv/mpi_sweep_lab/results/mpi4_norm/walker2d-expert-v2_tau4_mpi4_seed1
historical_i4_504_cpu_reeval,4,implicit,walker2d-expert-v2,17,0,walker2d-expert-v2_tau17_mpi4_seed0,d4rl_pi4,1.898636299317554,2.3018707417014848,0.4032344423839307,/home/ext_csv/mpi_sweep_lab/results/mpi4_norm/walker2d-expert-v2_tau17_mpi4_seed0
historical_i4_504_cpu_reeval,4,implicit,walker2d-expert-v2,0.4,2,walker2d-expert-v2_tau0.4_mpi4_seed2,d4rl_pi4,107.33909012201777,108.60918387186649,1.2700937498487264,/home/ext_csv/mpi_sweep_lab/results/mpi4_norm/walker2d-expert-v2_tau0.4_mpi4_seed2
historical_i4_504_cpu_reeval,4,implicit,walker2d-expert-v2,0.1,3,walker2d-expert-v2_tau0.1_mpi4_seed3,d4rl_pi4,106.7526049647136,107.79702056462766,1.0444155999140605,/home/ext_csv/mpi_sweep_lab/results/mpi4_norm/walker2d-expert-v2_tau0.1_mpi4_seed3
historical_i4_504_cpu_reeval,4,implicit,walker2d-expert-v2,12,1,walker2d-expert-v2_tau12_mpi4_seed1,d4rl_pi4,111.24130400621868,115.66121813419501,4.419914127976327,/home/ext_csv/mpi_sweep_lab/results/mpi4_norm/walker2d-expert-v2_tau12_mpi4_seed1
historical_i4_504_cpu_reeval,4,implicit,walker2d-expert-v2,0.2,2,walker2d-expert-v2_tau0.2_mpi4_seed2,d4rl_pi4,107.32472158300075,108.15186252814726,0.8271409451465104,/home/ext_csv/mpi_sweep_lab/results/mpi4_norm/walker2d-expert-v2_tau0.2_mpi4_seed2
historical_i4_504_cpu_reeval,4,implicit,walker2d-expert-v2,10,1,walker2d-expert-v2_tau10_mpi4_seed1,d4rl_pi4,110.81756034405572,115.21823027479488,4.400669930739156,/home/ext_csv/mpi_sweep_lab/results/mpi4_norm/walker2d-expert-v2_tau10_mpi4_seed1
historical_i4_504_cpu_reeval,4,implicit,walker2d-expert-v2,14,1,walker2d-expert-v2_tau14_mpi4_seed1,d4rl_pi4,-0.5325415131453913,-0.2713346597061892,0.26120685343920214,/home/ext_csv/mpi_sweep_lab/results/mpi4_norm/walker2d-expert-v2_tau14_mpi4_seed1
historical_i4_504_cpu_reeval,4,implicit,walker2d-expert-v2,20,1,walker2d-expert-v2_tau20_mpi4_seed1,d4rl_pi4,8.436295995533044,-0.27133466699617775,-8.70763066252922,/home/ext_csv/mpi_sweep_lab/results/mpi4_norm/walker2d-expert-v2_tau20_mpi4_seed1
historical_i4_504_cpu_reeval,4,implicit,walker2d-expert-v2,1.5,2,walker2d-expert-v2_tau1.5_mpi4_seed2,d4rl_pi4,108.41543168005565,109.99293410435894,1.5775024243032902,/home/ext_csv/mpi_sweep_lab/results/mpi4_norm/walker2d-expert-v2_tau1.5_mpi4_seed2
historical_i4_504_cpu_reeval,4,implicit,walker2d-expert-v2,0.2,3,walker2d-expert-v2_tau0.2_mpi4_seed3,d4rl_pi4,107.76267983758339,108.03037181070427,0.26769197312087556,/home/ext_csv/mpi_sweep_lab/results/mpi4_norm/walker2d-expert-v2_tau0.2_mpi4_seed3
historical_i4_504_cpu_reeval,4,implicit,walker2d-expert-v2,17,1,walker2d-expert-v2_tau17_mpi4_seed1,d4rl_pi4,111.63784552544018,109.14028202156815,-2.49756350387203,/home/ext_csv/mpi_sweep_lab/results/mpi4_norm/walker2d-expert-v2_tau17_mpi4_seed1
historical_i4_504_cpu_reeval,4,implicit,walker2d-expert-v2,0.4,3,walker2d-expert-v2_tau0.4_mpi4_seed3,d4rl_pi4,108.04806773045861,108.6387019751849,0.5906342447262887,/home/ext_csv/mpi_sweep_lab/results/mpi4_norm/walker2d-expert-v2_tau0.4_mpi4_seed3
historical_i4_504_cpu_reeval,4,implicit,walker2d-expert-v2,0.7,2,walker2d-expert-v2_tau0.7_mpi4_seed2,d4rl_pi4,107.42079449033284,109.4633030246776,2.042508534344762,/home/ext_csv/mpi_sweep_lab/results/mpi4_norm/walker2d-expert-v2_tau0.7_mpi4_seed2
historical_i4_504_cpu_reeval,4,implicit,walker2d-expert-v2,4,2,walker2d-expert-v2_tau4_mpi4_seed2,d4rl_pi4,109.39305761422094,111.49252053331904,2.0994629190981016,/home/ext_csv/mpi_sweep_lab/results/mpi4_norm/walker2d-expert-v2_tau4_mpi4_seed2
historical_i4_504_cpu_reeval,4,implicit,walker2d-expert-v2,1.5,3,walker2d-expert-v2_tau1.5_mpi4_seed3,d4rl_pi4,108.34620153382872,110.07272700849309,1.7265254746643706,/home/ext_csv/mpi_sweep_lab/results/mpi4_norm/walker2d-expert-v2_tau1.5_mpi4_seed3
historical_i4_504_cpu_reeval,4,implicit,walker2d-expert-v2,0.7,3,walker2d-expert-v2_tau0.7_mpi4_seed3,d4rl_pi4,107.96519242590557,109.21826784901891,1.2530754231133443,/home/ext_csv/mpi_sweep_lab/results/mpi4_norm/walker2d-expert-v2_tau0.7_mpi4_seed3
historical_i4_504_cpu_reeval,4,implicit,walker2d-expert-v2,2.5,2,walker2d-expert-v2_tau2.5_mpi4_seed2,d4rl_pi4,108.6463819938834,110.67807244487715,2.03169045099375,/home/ext_csv/mpi_sweep_lab/results/mpi4_norm/walker2d-expert-v2_tau2.5_mpi4_seed2
historical_i4_504_cpu_reeval,4,implicit,walker2d-expert-v2,10,2,walker2d-expert-v2_tau10_mpi4_seed2,d4rl_pi4,110.96009076528361,113.8165301246296,2.856439359345984,/home/ext_csv/mpi_sweep_lab/results/mpi4_norm/walker2d-expert-v2_tau10_mpi4_seed2
historical_i4_504_cpu_reeval,4,implicit,walker2d-expert-v2,14,2,walker2d-expert-v2_tau14_mpi4_seed2,d4rl_pi4,11.507172073756228,-0.262781827956909,-11.769953901713137,/home/ext_csv/mpi_sweep_lab/results/mpi4_norm/walker2d-expert-v2_tau14_mpi4_seed2
historical_i4_504_cpu_reeval,4,implicit,walker2d-expert-v2,4,3,walker2d-expert-v2_tau4_mpi4_seed3,d4rl_pi4,109.68918163378692,111.84624574064816,2.1570641068612417,/home/ext_csv/mpi_sweep_lab/results/mpi4_norm/walker2d-expert-v2_tau4_mpi4_seed3
historical_i4_504_cpu_reeval,4,implicit,walker2d-expert-v2,2.5,3,walker2d-expert-v2_tau2.5_mpi4_seed3,d4rl_pi4,108.50510016803356,110.92787233889179,2.4227721708582237,/home/ext_csv/mpi_sweep_lab/results/mpi4_norm/walker2d-expert-v2_tau2.5_mpi4_seed3
historical_i4_504_cpu_reeval,4,implicit,walker2d-expert-v2,20,2,walker2d-expert-v2_tau20_mpi4_seed2,d4rl_pi4,15.948187383436654,-0.2682926277330596,-16.216480011169715,/home/ext_csv/mpi_sweep_lab/results/mpi4_norm/walker2d-expert-v2_tau20_mpi4_seed2
historical_i4_504_cpu_reeval,4,implicit,walker2d-expert-v2,7,2,walker2d-expert-v2_tau7_mpi4_seed2,d4rl_pi4,110.04802392384451,112.31800607645728,2.2699821526127693,/home/ext_csv/mpi_sweep_lab/results/mpi4_norm/walker2d-expert-v2_tau7_mpi4_seed2
historical_i4_504_cpu_reeval,4,implicit,walker2d-expert-v2,7,3,walker2d-expert-v2_tau7_mpi4_seed3,d4rl_pi4,110.08758681669093,112.57983476678923,2.492247950098303,/home/ext_csv/mpi_sweep_lab/results/mpi4_norm/walker2d-expert-v2_tau7_mpi4_seed3
historical_i4_504_cpu_reeval,4,implicit,walker2d-expert-v2,10,3,walker2d-expert-v2_tau10_mpi4_seed3,d4rl_pi4,110.80405535225006,114.2028046358794,3.3987492836293427,/home/ext_csv/mpi_sweep_lab/results/mpi4_norm/walker2d-expert-v2_tau10_mpi4_seed3
historical_i4_504_cpu_reeval,4,implicit,walker2d-expert-v2,12,3,walker2d-expert-v2_tau12_mpi4_seed3,d4rl_pi4,10.671772366129542,-0.11645123810303055,-10.788223604232572,/home/ext_csv/mpi_sweep_lab/results/mpi4_norm/walker2d-expert-v2_tau12_mpi4_seed3
historical_i4_504_cpu_reeval,4,implicit,walker2d-expert-v2,12,2,walker2d-expert-v2_tau12_mpi4_seed2,d4rl_pi4,110.85125039169787,113.61276918483799,2.7615187931401124,/home/ext_csv/mpi_sweep_lab/results/mpi4_norm/walker2d-expert-v2_tau12_mpi4_seed2
historical_i4_504_cpu_reeval,4,implicit,walker2d-expert-v2,17,3,walker2d-expert-v2_tau17_mpi4_seed3,d4rl_pi4,-0.10674668446040464,-0.2678519763048239,-0.16110529184441924,/home/ext_csv/mpi_sweep_lab/results/mpi4_norm/walker2d-expert-v2_tau17_mpi4_seed3
historical_i4_504_cpu_reeval,4,implicit,walker2d-expert-v2,14,3,walker2d-expert-v2_tau14_mpi4_seed3,d4rl_pi4,16.58947272514522,-0.2743115844514049,-16.863784309596625,/home/ext_csv/mpi_sweep_lab/results/mpi4_norm/walker2d-expert-v2_tau14_mpi4_seed3
historical_i4_504_cpu_reeval,4,implicit,walker2d-expert-v2,17,2,walker2d-expert-v2_tau17_mpi4_seed2,d4rl_pi4,1.5455836456119028,-0.2682926277330596,-1.8138762733449623,/home/ext_csv/mpi_sweep_lab/results/mpi4_norm/walker2d-expert-v2_tau17_mpi4_seed2
historical_i4_504_cpu_reeval,4,implicit,walker2d-expert-v2,20,3,walker2d-expert-v2_tau20_mpi4_seed3,d4rl_pi4,-0.6630655201260686,-0.2678519766985088,0.39521354342755977,/home/ext_csv/mpi_sweep_lab/results/mpi4_norm/walker2d-expert-v2_tau20_mpi4_seed3
