run_dir,params_1000000_sha256,params_1000000_bytes,params_1000000_mtime,has_config,has_eval_csv,config_bytes,eval_bytes,train_log,has_train_log,train_log_bytes
halfcheetah-expert-v2_tau0.05_mpi4_seed0,f351a7dc4146f496c5dbb90715490ab0678d6589b7a9c637e209efc89b4ed901,6056735,2026-08-30T05:24:18,True,True,657,192,halfcheetah-expert-v2_tau0.05_mpi4_seed0.log,True,1230
halfcheetah-expert-v2_tau0.05_mpi4_seed1,9c0fa0afe7bacc80401e37fe4b142b8a00d27ef67248163afe153e58ff7cbd02,6056735,2026-08-30T05:24:18,True,True,657,196,halfcheetah-expert-v2_tau0.05_mpi4_seed1.log,True,1230
halfcheetah-expert-v2_tau0.05_mpi4_seed2,e54b526f6340e8172dd10084c36f25575b6cf4b854bda2275696148e19e86ccf,6056735,2026-08-31T01:42:04,True,True,657,193,halfcheetah-expert-v2_tau0.05_mpi4_seed2.log,True,1230
halfcheetah-expert-v2_tau0.05_mpi4_seed3,d6e4bb60a3123964bf532af3550d29c37224996cd66ba034f1971fc6a8dc78a6,6056735,2026-08-31T01:42:04,True,True,657,194,halfcheetah-expert-v2_tau0.05_mpi4_seed3.log,True,1230
halfcheetah-expert-v2_tau0.1_mpi4_seed0,c51269c8f0b6825a0ac81cb5946bd58922f681649ac942b873f7e3bb7d02340a,6056735,2026-08-30T05:33:59,True,True,656,193,halfcheetah-expert-v2_tau0.1_mpi4_seed0.log,True,1227
halfcheetah-expert-v2_tau0.1_mpi4_seed1,c83c6dc5c2e9bc778ade07cbd059463758c84aa5c17a748a4f2be57e17b8d3ba,6056735,2026-08-30T05:33:59,True,True,656,191,halfcheetah-expert-v2_tau0.1_mpi4_seed1.log,True,1227
halfcheetah-expert-v2_tau0.1_mpi4_seed2,d7be080b87d5161c8fe52314f1fa646a33d27b26386f62eb6aa83a557f533887,6056735,2026-08-31T01:51:44,True,True,656,191,halfcheetah-expert-v2_tau0.1_mpi4_seed2.log,True,1227
halfcheetah-expert-v2_tau0.1_mpi4_seed3,87c92c1382a7685326a91777369f124606649cb83535af4793f3e67873d54abb,6056735,2026-08-31T01:51:44,True,True,656,193,halfcheetah-expert-v2_tau0.1_mpi4_seed3.log,True,1227
halfcheetah-expert-v2_tau0.2_mpi4_seed0,13324e8bc3212bb4c520af63740ae5ee7293cec116317dbd655fc19fb5204c8a,6056735,2026-08-30T05:43:39,True,True,656,192,halfcheetah-expert-v2_tau0.2_mpi4_seed0.log,True,1227
halfcheetah-expert-v2_tau0.2_mpi4_seed1,45dd05557a02125372be96598c3e01ee80d4fd8a1496d3c824922acafa65df6d,6056735,2026-08-30T05:43:39,True,True,656,192,halfcheetah-expert-v2_tau0.2_mpi4_seed1.log,True,1227
halfcheetah-expert-v2_tau0.2_mpi4_seed2,192e87ee286422dec3539cc7fdce5467ddf26e43946afcc0c9d13a287063e708,6056735,2026-08-31T02:01:25,True,True,656,192,halfcheetah-expert-v2_tau0.2_mpi4_seed2.log,True,1227
halfcheetah-expert-v2_tau0.2_mpi4_seed3,d5aa609c551abfab01c04329ffeb9a89eec68aac76b16c4889c09544fde198ae,6056735,2026-08-31T02:01:25,True,True,656,187,halfcheetah-expert-v2_tau0.2_mpi4_seed3.log,True,1227
halfcheetah-expert-v2_tau0.4_mpi4_seed0,83c3884508ad5fff3fad0d538d76eb327017772d9d3b55885041c468d581fbc9,6056735,2026-08-30T05:53:19,True,True,656,192,halfcheetah-expert-v2_tau0.4_mpi4_seed0.log,True,1227
halfcheetah-expert-v2_tau0.4_mpi4_seed1,186de23a9c282a85c725f422669d2b8eebad3ea760adf3496713f963a20516c7,6056735,2026-08-30T05:53:19,True,True,656,192,halfcheetah-expert-v2_tau0.4_mpi4_seed1.log,True,1227
halfcheetah-expert-v2_tau0.4_mpi4_seed2,b9e1e1291958d89dbbcb8786b9064a6c5d71fc4cf425b4dde04cf575cbae9b13,6056735,2026-08-31T02:11:05,True,True,656,190,halfcheetah-expert-v2_tau0.4_mpi4_seed2.log,True,1227
halfcheetah-expert-v2_tau0.4_mpi4_seed3,012ca1bce916b677f0271d72a29ea6ba7a4cda1ec3c950c40c3b8b1b3676995a,6056735,2026-08-31T02:11:05,True,True,656,191,halfcheetah-expert-v2_tau0.4_mpi4_seed3.log,True,1227
halfcheetah-expert-v2_tau0.7_mpi4_seed0,1b241ac4c505ba095d7868ffca5661bc88036da0cdd849addd4f49a5f72d7348,6056735,2026-08-30T06:02:57,True,True,656,191,halfcheetah-expert-v2_tau0.7_mpi4_seed0.log,True,1227
halfcheetah-expert-v2_tau0.7_mpi4_seed1,32e819a2781fd2134f8dff12517b1ef620ed5b026fc6d1742cc250bed7bd77e8,6056735,2026-08-30T06:02:57,True,True,656,193,halfcheetah-expert-v2_tau0.7_mpi4_seed1.log,True,1227
halfcheetah-expert-v2_tau0.7_mpi4_seed2,abf864b9d13e04405760c7024a0df31913742a1be68f613f60cca353be245d04,6056735,2026-08-31T02:20:45,True,True,656,191,halfcheetah-expert-v2_tau0.7_mpi4_seed2.log,True,1227
halfcheetah-expert-v2_tau0.7_mpi4_seed3,94f2399c9cc44c20e637a933a96dd19154746bed9f3e5c4e3d987ef00bddce6a,6056735,2026-08-31T02:20:45,True,True,656,192,halfcheetah-expert-v2_tau0.7_mpi4_seed3.log,True,1227
halfcheetah-expert-v2_tau1.5_mpi4_seed0,44251486341fcf1b4bb4bcf18aeef5272a5f6a9cd84ba3d35d24acb3dcce58d3,6056735,2026-08-30T06:12:36,True,True,656,189,halfcheetah-expert-v2_tau1.5_mpi4_seed0.log,True,1227
halfcheetah-expert-v2_tau1.5_mpi4_seed1,edc9e1d3b3839211271635f6a3013d412a9db7d4b6826cb8a2bfefb07e67d3e6,6056735,2026-08-30T06:12:36,True,True,656,189,halfcheetah-expert-v2_tau1.5_mpi4_seed1.log,True,1227
halfcheetah-expert-v2_tau1.5_mpi4_seed2,52b175d2d69dd14708f6f01ff938e5b37b4640abc3249d34699599835b022a19,6056735,2026-08-31T02:30:26,True,True,656,189,halfcheetah-expert-v2_tau1.5_mpi4_seed2.log,True,1227
halfcheetah-expert-v2_tau1.5_mpi4_seed3,9f2b84648229dc2149b152dcf1fa862b25a5b4f03957d7cce15a2a5c284843d0,6056735,2026-08-31T02:30:26,True,True,656,191,halfcheetah-expert-v2_tau1.5_mpi4_seed3.log,True,1227
halfcheetah-expert-v2_tau10_mpi4_seed0,1e57460ae551280c34725db2f8228c1bcb962258198b1c81d5141fb8570e1459,6056735,2026-08-30T06:51:14,True,True,657,187,halfcheetah-expert-v2_tau10_mpi4_seed0.log,True,1223
halfcheetah-expert-v2_tau10_mpi4_seed1,a01e6ee17c04164e81701bbae8f01ebcff29861aea5b2040f05d8a78bce18fc0,6056735,2026-08-30T06:51:14,True,True,657,187,halfcheetah-expert-v2_tau10_mpi4_seed1.log,True,1224
halfcheetah-expert-v2_tau10_mpi4_seed2,875a0c5a2c67c181e3719f528abc64f3d6b54a7b95a5155e7cd389d97d6fc1e7,6056735,2026-08-31T03:09:10,True,True,657,189,halfcheetah-expert-v2_tau10_mpi4_seed2.log,True,1224
halfcheetah-expert-v2_tau10_mpi4_seed3,6f2bfea5fd64fd3de52b23580b7a0bc86c9ddb54e8a85cd6225ac0fa8539d64e,6056735,2026-08-31T03:09:10,True,True,657,182,halfcheetah-expert-v2_tau10_mpi4_seed3.log,True,1224
halfcheetah-expert-v2_tau12_mpi4_seed0,fe16d3e3372f42f6e9421a3c071cf535d82a5554bc309074d64d70156a424a1c,6056735,2026-08-30T07:00:53,True,True,657,187,halfcheetah-expert-v2_tau12_mpi4_seed0.log,True,1224
halfcheetah-expert-v2_tau12_mpi4_seed1,5f634e0e88f1d7c979c386155f39341f7171abbb2b4068dc22e68640a32c4a76,6056735,2026-08-30T07:00:53,True,True,657,187,halfcheetah-expert-v2_tau12_mpi4_seed1.log,True,1224
halfcheetah-expert-v2_tau12_mpi4_seed2,83b5ee09c0e8c1b9037df56b2943a1ef606193796054eea41bb7a5c1fd65f4cb,6056735,2026-08-31T03:18:50,True,True,657,187,halfcheetah-expert-v2_tau12_mpi4_seed2.log,True,1224
halfcheetah-expert-v2_tau12_mpi4_seed3,95eec0650e86b7c08692db468c36f218bb703b7213cd5c2aa676fb7cf713bf96,6056735,2026-08-31T03:18:49,True,True,657,189,halfcheetah-expert-v2_tau12_mpi4_seed3.log,True,1224
halfcheetah-expert-v2_tau14_mpi4_seed0,010e377afc6ade0cc37b26652e4026e99dc74f79f62d3f14f5a6136add4fb00d,6056735,2026-08-30T07:10:33,True,True,657,188,halfcheetah-expert-v2_tau14_mpi4_seed0.log,True,1224
halfcheetah-expert-v2_tau14_mpi4_seed1,7871d920bbd0e00160bc31a93771fb82f9398d98ecdae32c5047ec9a760b50ab,6056735,2026-08-30T07:10:33,True,True,657,188,halfcheetah-expert-v2_tau14_mpi4_seed1.log,True,1224
halfcheetah-expert-v2_tau14_mpi4_seed2,6087b0eabec7d7bdcc3ed41237a63d36697ec5122f0d44e872e2f1f59121135a,6056735,2026-08-31T03:28:30,True,True,657,187,halfcheetah-expert-v2_tau14_mpi4_seed2.log,True,1223
halfcheetah-expert-v2_tau14_mpi4_seed3,4c23f48542f0a09a9cff39a69b91f2b0f5eb1ea3bd5272123520f10c392bb025,6056735,2026-08-31T03:28:30,True,True,657,186,halfcheetah-expert-v2_tau14_mpi4_seed3.log,True,1223
halfcheetah-expert-v2_tau17_mpi4_seed0,84511cf8bddf5023ec4cf20fcb7926aeee7191d792f78bbb9d544cdf637c8f4a,6056735,2026-08-30T07:20:13,True,True,657,188,halfcheetah-expert-v2_tau17_mpi4_seed0.log,True,1223
halfcheetah-expert-v2_tau17_mpi4_seed1,6a2af30ce5dea6563848d67ad28edb4cbc8d10fa653da70b60f07025ab4c32a0,6056735,2026-08-30T07:20:13,True,True,657,188,halfcheetah-expert-v2_tau17_mpi4_seed1.log,True,1223
halfcheetah-expert-v2_tau17_mpi4_seed2,954a9f1f41a17140b42abac3ccd90bdbc4ca9c772de58167b5ade58ecca4750d,6056735,2026-08-31T03:38:11,True,True,657,189,halfcheetah-expert-v2_tau17_mpi4_seed2.log,True,1223
halfcheetah-expert-v2_tau17_mpi4_seed3,264a6284ab3a6b059b5d91fda069eb1f78636b2f23af8c5bc3aac9a3c5459fb8,6056735,2026-08-31T03:38:11,True,True,657,191,halfcheetah-expert-v2_tau17_mpi4_seed3.log,True,1223
halfcheetah-expert-v2_tau2.5_mpi4_seed0,93e46c2dfe4bd2db33e8a024f7451f08f0a68b654bdb51859fc3919dff593409,6056735,2026-08-30T06:22:16,True,True,656,189,halfcheetah-expert-v2_tau2.5_mpi4_seed0.log,True,1227
halfcheetah-expert-v2_tau2.5_mpi4_seed1,990cac72e1f7a1ba240d658bf9716a2cef9b38e90b545668c2c8011c89995159,6056735,2026-08-30T06:22:16,True,True,656,188,halfcheetah-expert-v2_tau2.5_mpi4_seed1.log,True,1227
halfcheetah-expert-v2_tau2.5_mpi4_seed2,839b9827b8bcb7c31142cb345c3998ab05f3679c978e661f0cb625dc61ef6630,6056735,2026-08-31T02:40:07,True,True,656,189,halfcheetah-expert-v2_tau2.5_mpi4_seed2.log,True,1227
halfcheetah-expert-v2_tau2.5_mpi4_seed3,ec10a92dae4ec41bd15de504b6c2976fb4e815e43e4de38dc7d859da0ad0eb59,6056735,2026-08-31T02:40:07,True,True,656,189,halfcheetah-expert-v2_tau2.5_mpi4_seed3.log,True,1227
halfcheetah-expert-v2_tau20_mpi4_seed0,4f86d04189c0fa5f7cbe73fa975773c62a5086900b244eaafc9bf13a172ed5d2,6056735,2026-08-30T07:29:53,True,True,657,187,halfcheetah-expert-v2_tau20_mpi4_seed0.log,True,1223
halfcheetah-expert-v2_tau20_mpi4_seed1,fdd0f7b56e390ecc2c934b3e138de332916411837b1752b7625fdc97164604e0,6056735,2026-08-30T07:29:53,True,True,657,186,halfcheetah-expert-v2_tau20_mpi4_seed1.log,True,1223
halfcheetah-expert-v2_tau20_mpi4_seed2,e86a15c80ae134436984998bd40c273c9eebdef041ed5f8437ee70f809304068,6056735,2026-08-31T03:47:52,True,True,657,191,halfcheetah-expert-v2_tau20_mpi4_seed2.log,True,1223
halfcheetah-expert-v2_tau20_mpi4_seed3,d7f7d89945917273d606cda1d8a1bc418d4c2720fd2860dbfee226d69ed34d40,6056735,2026-08-31T03:47:52,True,True,657,190,halfcheetah-expert-v2_tau20_mpi4_seed3.log,True,1223
halfcheetah-expert-v2_tau4_mpi4_seed0,e37374602b5cdbfffd911127c109b2115badea4c5d3af3e8e1736919ba6814ea,6056735,2026-08-30T06:31:56,True,True,656,187,halfcheetah-expert-v2_tau4_mpi4_seed0.log,True,1221
halfcheetah-expert-v2_tau4_mpi4_seed1,be503f09b04723ad0db1085ad9bf566ccd71858e6580d4ceec44c93b6f96a65d,6056735,2026-08-30T06:31:56,True,True,656,189,halfcheetah-expert-v2_tau4_mpi4_seed1.log,True,1221
halfcheetah-expert-v2_tau4_mpi4_seed2,a3304aefbd296f56ee210efaf34ccef7e082acc2ca26f6fe62777a5e2971f1a7,6056735,2026-08-31T02:49:48,True,True,656,190,halfcheetah-expert-v2_tau4_mpi4_seed2.log,True,1221
halfcheetah-expert-v2_tau4_mpi4_seed3,4fc52463bd963a8ce225f20f1f2c75ddada1485e0dcbb9f4b63ab1d96797717e,6056735,2026-08-31T02:49:48,True,True,656,189,halfcheetah-expert-v2_tau4_mpi4_seed3.log,True,1221
halfcheetah-expert-v2_tau7_mpi4_seed0,0b3a0c6eb069b987b821191001b1124b8552f06e27371b90881bfc2796ea0749,6056735,2026-08-30T06:41:35,True,True,656,190,halfcheetah-expert-v2_tau7_mpi4_seed0.log,True,1221
halfcheetah-expert-v2_tau7_mpi4_seed1,1ec073a8660aec940f9bc14391a3184a1fd8cf9ad57bc9aae9316d71041b195a,6056735,2026-08-30T06:41:35,True,True,656,189,halfcheetah-expert-v2_tau7_mpi4_seed1.log,True,1221
halfcheetah-expert-v2_tau7_mpi4_seed2,c23c4480378ccf816618b5a92e72811fa54a29a6222c584fc1d9b1e61132af05,6056735,2026-08-31T02:59:29,True,True,656,189,halfcheetah-expert-v2_tau7_mpi4_seed2.log,True,1221
halfcheetah-expert-v2_tau7_mpi4_seed3,76f01ac1db35a25b4ae5f65a8a7e951079d8e4007fa7967c04b93ec4d9ab2551,6056735,2026-08-31T02:59:29,True,True,656,189,halfcheetah-expert-v2_tau7_mpi4_seed3.log,True,1221
halfcheetah-medium-replay-v2_tau0.05_mpi4_seed0,e2d937f09665fb49da100f8f703293e4dd3fc7e354604df47d176cfb1f0feab0,6056742,2026-08-30T03:09:23,True,True,664,191,halfcheetah-medium-replay-v2_tau0.05_mpi4_seed0.log,True,1251
halfcheetah-medium-replay-v2_tau0.05_mpi4_seed1,0166e2f79298fc8ffae8cfec485c40eea18662d3fca14e5b5840c2178c6c187d,6056742,2026-08-30T03:09:23,True,True,664,189,halfcheetah-medium-replay-v2_tau0.05_mpi4_seed1.log,True,1251
halfcheetah-medium-replay-v2_tau0.05_mpi4_seed2,759508a865e5b545026a7818db6502b20a0cbeb5154820d283f2cbe8ba1fa9b7,6056742,2026-08-30T23:26:59,True,True,664,190,halfcheetah-medium-replay-v2_tau0.05_mpi4_seed2.log,True,1251
halfcheetah-medium-replay-v2_tau0.05_mpi4_seed3,b798f1909cd2de51ef75e6b2223d835b884bf582629940aee672bca78626e778,6056742,2026-08-30T23:26:59,True,True,664,191,halfcheetah-medium-replay-v2_tau0.05_mpi4_seed3.log,True,1251
halfcheetah-medium-replay-v2_tau0.1_mpi4_seed0,347cdf35656c7b43a7c223ee9ba0c925a270b59f7fe4349b95b366e30e90d9dc,6056742,2026-08-30T03:19:01,True,True,663,192,halfcheetah-medium-replay-v2_tau0.1_mpi4_seed0.log,True,1248
halfcheetah-medium-replay-v2_tau0.1_mpi4_seed1,c3a804f6c2c9528ed23b0c0897cc102d17e197f2ee56a89682ecf3aeab497277,6056742,2026-08-30T03:19:01,True,True,663,189,halfcheetah-medium-replay-v2_tau0.1_mpi4_seed1.log,True,1248
halfcheetah-medium-replay-v2_tau0.1_mpi4_seed2,a79c03881c38f1c29b8efbf7ef3e8ad174649b091913926ba9db1c936a9b64c6,6056742,2026-08-30T23:36:38,True,True,663,191,halfcheetah-medium-replay-v2_tau0.1_mpi4_seed2.log,True,1248
halfcheetah-medium-replay-v2_tau0.1_mpi4_seed3,abf9bfa82c84889331aabac3fe852a8bc14eed3dc777785ad0c897807889b9fe,6056742,2026-08-30T23:36:38,True,True,663,190,halfcheetah-medium-replay-v2_tau0.1_mpi4_seed3.log,True,1248
halfcheetah-medium-replay-v2_tau0.2_mpi4_seed0,cc30ae2b61600b616d65b21dc19e160c4a9c3bde6a0b1731c5e888470a44120e,6056742,2026-08-30T03:28:39,True,True,663,191,halfcheetah-medium-replay-v2_tau0.2_mpi4_seed0.log,True,1248
halfcheetah-medium-replay-v2_tau0.2_mpi4_seed1,b7729f412a8dab99e607f6cacb88c20581d64003319dd3a2b377ca2b41544740,6056742,2026-08-30T03:28:39,True,True,663,192,halfcheetah-medium-replay-v2_tau0.2_mpi4_seed1.log,True,1248
halfcheetah-medium-replay-v2_tau0.2_mpi4_seed2,ecd364f10319c638afb281de61cdc4fc0427fc0105860e9394e02ccd5a5427f8,6056742,2026-08-30T23:46:17,True,True,663,190,halfcheetah-medium-replay-v2_tau0.2_mpi4_seed2.log,True,1248
halfcheetah-medium-replay-v2_tau0.2_mpi4_seed3,3c1c07cf046376ec5c8d6ab67f4a3489419b58593c85108d658e7dbe62525920,6056742,2026-08-30T23:46:17,True,True,663,190,halfcheetah-medium-replay-v2_tau0.2_mpi4_seed3.log,True,1248
halfcheetah-medium-replay-v2_tau0.4_mpi4_seed0,e5587d833af0fb009d0ad9b12265c6143769fd1712bb360406a286528b38ab78,6056742,2026-08-30T03:38:18,True,True,663,190,halfcheetah-medium-replay-v2_tau0.4_mpi4_seed0.log,True,1248
halfcheetah-medium-replay-v2_tau0.4_mpi4_seed1,d5a18b5f4945e64fcdaf986cd388f95c87fa51f090a4749a1a539545a4f0b761,6056742,2026-08-30T03:38:18,True,True,663,192,halfcheetah-medium-replay-v2_tau0.4_mpi4_seed1.log,True,1248
halfcheetah-medium-replay-v2_tau0.4_mpi4_seed2,a361dc45e37d5972e31fc36b602e2ad7ead743333c68708a8d6df24274c80f0c,6056742,2026-08-30T23:55:55,True,True,663,193,halfcheetah-medium-replay-v2_tau0.4_mpi4_seed2.log,True,1248
halfcheetah-medium-replay-v2_tau0.4_mpi4_seed3,8410fb05a23e46b7de07022fd0191b221c72098709b67f824958009203f499c3,6056742,2026-08-30T23:55:55,True,True,663,193,halfcheetah-medium-replay-v2_tau0.4_mpi4_seed3.log,True,1248
halfcheetah-medium-replay-v2_tau0.7_mpi4_seed0,ff0b0dfc1fff75cfa9d19d6f0a2c9c2b87e517cdfdac1f37520f55aeecdd5076,6056742,2026-08-30T03:47:57,True,True,663,192,halfcheetah-medium-replay-v2_tau0.7_mpi4_seed0.log,True,1248
halfcheetah-medium-replay-v2_tau0.7_mpi4_seed1,3360aa7f1154590331b15e913e19b611b4afda7ffdadfa1d6400a25b8521040f,6056742,2026-08-30T03:47:57,True,True,663,189,halfcheetah-medium-replay-v2_tau0.7_mpi4_seed1.log,True,1248
halfcheetah-medium-replay-v2_tau0.7_mpi4_seed2,0da9a297bb9f51cf03599714ca336f3c62a23c0729197d7056b9e136aa39b9e2,6056742,2026-08-31T00:05:34,True,True,663,191,halfcheetah-medium-replay-v2_tau0.7_mpi4_seed2.log,True,1248
halfcheetah-medium-replay-v2_tau0.7_mpi4_seed3,136c2a1996c0e6dc575a9e0871e7cd6d1939031f66ec350788d9fd45097c1d07,6056742,2026-08-31T00:05:34,True,True,663,192,halfcheetah-medium-replay-v2_tau0.7_mpi4_seed3.log,True,1248
halfcheetah-medium-replay-v2_tau1.5_mpi4_seed0,756023f19159da78b9679c9a64e9e9e45df417497fca6cad3d402fe49b933eee,6056742,2026-08-30T03:57:35,True,True,663,189,halfcheetah-medium-replay-v2_tau1.5_mpi4_seed0.log,True,1248
halfcheetah-medium-replay-v2_tau1.5_mpi4_seed1,907b67fb4d4d920eaa0917bcb58efc0523cb3db9450835ef95f54edaacd5127d,6056742,2026-08-30T03:57:35,True,True,663,189,halfcheetah-medium-replay-v2_tau1.5_mpi4_seed1.log,True,1248
halfcheetah-medium-replay-v2_tau1.5_mpi4_seed2,102027d1c83d093ab723887476395fc2c6cdd5d02c3bba383e727e9524a2a245,6056742,2026-08-31T00:15:13,True,True,663,190,halfcheetah-medium-replay-v2_tau1.5_mpi4_seed2.log,True,1248
halfcheetah-medium-replay-v2_tau1.5_mpi4_seed3,1299851baab6791d76962b3e50c1133c4767f89e0f1b0fc7824fff6c719fd5f3,6056742,2026-08-31T00:15:13,True,True,663,190,halfcheetah-medium-replay-v2_tau1.5_mpi4_seed3.log,True,1248
halfcheetah-medium-replay-v2_tau10_mpi4_seed0,f000b6dc08cc5f00c387f154ef08c02585a9b7830fe53c650ed95102d18da432,6056742,2026-08-30T04:36:08,True,True,664,188,halfcheetah-medium-replay-v2_tau10_mpi4_seed0.log,True,1245
halfcheetah-medium-replay-v2_tau10_mpi4_seed1,a4d6dd6338c27ca79584837e8d98f59a4200c547f9ef8ac0d05684087465033a,6056742,2026-08-30T04:36:08,True,True,664,189,halfcheetah-medium-replay-v2_tau10_mpi4_seed1.log,True,1245
halfcheetah-medium-replay-v2_tau10_mpi4_seed2,21a4e01c4ba2c54ebec076bbd225cc88739d12899ed560e175786346ca8a9225,6056742,2026-08-31T00:53:48,True,True,664,186,halfcheetah-medium-replay-v2_tau10_mpi4_seed2.log,True,1245
halfcheetah-medium-replay-v2_tau10_mpi4_seed3,785554078f79e39bb140e053a96f6505a938615f6bbc223a48a35fcc15c41e89,6056742,2026-08-31T00:53:48,True,True,664,187,halfcheetah-medium-replay-v2_tau10_mpi4_seed3.log,True,1245
halfcheetah-medium-replay-v2_tau12_mpi4_seed0,e45f897fdf2da2c868fae75eea77967d32eccbe73bc939e9377e6dd094866ec2,6056742,2026-08-30T04:45:46,True,True,664,188,halfcheetah-medium-replay-v2_tau12_mpi4_seed0.log,True,1245
halfcheetah-medium-replay-v2_tau12_mpi4_seed1,d11f9c8737fde41e49f8e7ced38fd97096ceec2d98b07accbff16227ad030ddd,6056742,2026-08-30T04:45:46,True,True,664,187,halfcheetah-medium-replay-v2_tau12_mpi4_seed1.log,True,1245
halfcheetah-medium-replay-v2_tau12_mpi4_seed2,001614d312c4bc409988082999c9ed869865b63ac765d98a2a9d00000a1a7832,6056742,2026-08-31T01:03:26,True,True,664,185,halfcheetah-medium-replay-v2_tau12_mpi4_seed2.log,True,1245
halfcheetah-medium-replay-v2_tau12_mpi4_seed3,413642f83e0d64d4ea0fd1b13c3f7416cd602c507131596376f6f143d6578672,6056742,2026-08-31T01:03:26,True,True,664,190,halfcheetah-medium-replay-v2_tau12_mpi4_seed3.log,True,1245
halfcheetah-medium-replay-v2_tau14_mpi4_seed0,6450cf9f29f755530e6fd947b5373d8af70e7443236c3664799205cc99606573,6056742,2026-08-30T04:55:23,True,True,664,188,halfcheetah-medium-replay-v2_tau14_mpi4_seed0.log,True,1245
halfcheetah-medium-replay-v2_tau14_mpi4_seed1,4b45beb5e1cb64d2dbc6699c89bc4c85c42488ec093dc4afa622ddf990311f71,6056742,2026-08-30T04:55:23,True,True,664,187,halfcheetah-medium-replay-v2_tau14_mpi4_seed1.log,True,1245
halfcheetah-medium-replay-v2_tau14_mpi4_seed2,b259e209e8ff0457a43974497c381ed2b51e253264cfc37877ef3d36c624604f,6056742,2026-08-31T01:13:04,True,True,664,188,halfcheetah-medium-replay-v2_tau14_mpi4_seed2.log,True,1245
halfcheetah-medium-replay-v2_tau14_mpi4_seed3,28638f8d5f8da8555ca11622fa8bf97636ff5107f9904d088d1a2adb11356e74,6056742,2026-08-31T01:13:04,True,True,664,187,halfcheetah-medium-replay-v2_tau14_mpi4_seed3.log,True,1245
halfcheetah-medium-replay-v2_tau17_mpi4_seed0,ee8b737e19ba8dfb8ab13dd553aa5e3a08e2cd90694b408b4759e797c2526748,6056742,2026-08-30T05:05:00,True,True,664,185,halfcheetah-medium-replay-v2_tau17_mpi4_seed0.log,True,1245
halfcheetah-medium-replay-v2_tau17_mpi4_seed1,968f3d2bb97ab2cb35ebf65d97de7c30b55f8aff819c8cf11394911f8b684b89,6056742,2026-08-30T05:05:00,True,True,664,188,halfcheetah-medium-replay-v2_tau17_mpi4_seed1.log,True,1245
halfcheetah-medium-replay-v2_tau17_mpi4_seed2,eaa654351428db48b5006ca1ea687437baf1d80eaf9ba2c47ef57b1d62f9f6be,6056742,2026-08-31T01:22:43,True,True,664,187,halfcheetah-medium-replay-v2_tau17_mpi4_seed2.log,True,1245
halfcheetah-medium-replay-v2_tau17_mpi4_seed3,673bd235c4eebaf54ce11f2d41a768e95771d23d9013de83fa7e184148b8a579,6056742,2026-08-31T01:22:43,True,True,664,188,halfcheetah-medium-replay-v2_tau17_mpi4_seed3.log,True,1245
halfcheetah-medium-replay-v2_tau2.5_mpi4_seed0,fd3f02a9c8f1a86f7c315e5b205114c906973790f1d4aea27e6d128a13513ee6,6056742,2026-08-30T04:07:14,True,True,663,188,halfcheetah-medium-replay-v2_tau2.5_mpi4_seed0.log,True,1248
halfcheetah-medium-replay-v2_tau2.5_mpi4_seed1,252d2abababe1106be0806af7429226cdefb06a90fc802bc533fdb7338d33a05,6056742,2026-08-30T04:07:14,True,True,663,187,halfcheetah-medium-replay-v2_tau2.5_mpi4_seed1.log,True,1248
halfcheetah-medium-replay-v2_tau2.5_mpi4_seed2,f494ddcc890c1fe83ea5241427563913469a374a27ccead7be4b3107985bb7f9,6056742,2026-08-31T00:24:52,True,True,663,191,halfcheetah-medium-replay-v2_tau2.5_mpi4_seed2.log,True,1248
halfcheetah-medium-replay-v2_tau2.5_mpi4_seed3,256b21580d8cc60f80abb4f60b6a2391e22f1d9bec4fd3ffcf15a7f83eafbd63,6056742,2026-08-31T00:24:52,True,True,663,188,halfcheetah-medium-replay-v2_tau2.5_mpi4_seed3.log,True,1248
halfcheetah-medium-replay-v2_tau20_mpi4_seed0,1b402a1af19636512fdf1b00279a2ca7ef39da4ef829026f39e062a5fa6c6278,6056742,2026-08-30T05:14:39,True,True,664,184,halfcheetah-medium-replay-v2_tau20_mpi4_seed0.log,True,1245
halfcheetah-medium-replay-v2_tau20_mpi4_seed1,4ef4a0f1f8e4100d479013a678175349516eaec55e6507cc9850e6bc3ee58fd7,6056742,2026-08-30T05:14:39,True,True,664,187,halfcheetah-medium-replay-v2_tau20_mpi4_seed1.log,True,1245
halfcheetah-medium-replay-v2_tau20_mpi4_seed2,1af5e0e9a72a6c52af8fb1776ed5f3752f459b453848e2045ade4f4f5b35be0f,6056742,2026-08-31T01:32:23,True,True,664,188,halfcheetah-medium-replay-v2_tau20_mpi4_seed2.log,True,1245
halfcheetah-medium-replay-v2_tau20_mpi4_seed3,c5a09261a5a3d1644a7c653772429748b17ac24a4f20ca7781151afd755a9969,6056742,2026-08-31T01:32:23,True,True,664,188,halfcheetah-medium-replay-v2_tau20_mpi4_seed3.log,True,1245
halfcheetah-medium-replay-v2_tau4_mpi4_seed0,2a061f1aef1a5b4f266e0dd8fe7abb0437cee89a23c3b36ddc86aa3d716372cd,6056742,2026-08-30T04:16:52,True,True,663,187,halfcheetah-medium-replay-v2_tau4_mpi4_seed0.log,True,1242
halfcheetah-medium-replay-v2_tau4_mpi4_seed1,495d89797918ec1c42a401d7ce4fe53588e9d64e55839df8887a8e6b161074e7,6056742,2026-08-30T04:16:52,True,True,663,192,halfcheetah-medium-replay-v2_tau4_mpi4_seed1.log,True,1242
halfcheetah-medium-replay-v2_tau4_mpi4_seed2,b1389a5871d1153c97cb01efd09df8eb6d5d70c87079fd650e4db0d6bfe46b74,6056742,2026-08-31T00:34:30,True,True,663,189,halfcheetah-medium-replay-v2_tau4_mpi4_seed2.log,True,1242
halfcheetah-medium-replay-v2_tau4_mpi4_seed3,5479c1bc812080796f3cbeaee848ab30d7b4350c3ad263fb13d9091dea7f13cb,6056742,2026-08-31T00:34:30,True,True,663,189,halfcheetah-medium-replay-v2_tau4_mpi4_seed3.log,True,1242
halfcheetah-medium-replay-v2_tau7_mpi4_seed0,feca4472e782f507b02c88207db43b568d2508376199f72141d9a22db220cd81,6056742,2026-08-30T04:26:30,True,True,663,189,halfcheetah-medium-replay-v2_tau7_mpi4_seed0.log,True,1242
halfcheetah-medium-replay-v2_tau7_mpi4_seed1,871599bd8a799ccb046c3a77fb2aeab3177898301b504f6c45f65006233c610e,6056742,2026-08-30T04:26:30,True,True,663,189,halfcheetah-medium-replay-v2_tau7_mpi4_seed1.log,True,1242
halfcheetah-medium-replay-v2_tau7_mpi4_seed2,561791be8d7608f96f638221fbdafefbbb24bf9dc86556553783315cb45b6fd1,6056742,2026-08-31T00:44:09,True,True,663,188,halfcheetah-medium-replay-v2_tau7_mpi4_seed2.log,True,1242
halfcheetah-medium-replay-v2_tau7_mpi4_seed3,e803cc3b567e7998c680a2bbd659ae497116fb43cb32f27a49c80f28dda0bf59,6056742,2026-08-31T00:44:09,True,True,663,188,halfcheetah-medium-replay-v2_tau7_mpi4_seed3.log,True,1242
halfcheetah-medium-v2_tau0.05_mpi4_seed0,20cf5247afb6317f47bf3d2d61294d751e4ff03de5da3bb0c84a7f1027fef413,6056735,2026-08-30T00:54:08,True,True,657,194,halfcheetah-medium-v2_tau0.05_mpi4_seed0.log,True,1386
halfcheetah-medium-v2_tau0.05_mpi4_seed1,05e73919f9f0327d510feb1f033e488eec33845703979815ed0d08f794cce281,6056735,2026-08-30T00:54:08,True,True,657,189,halfcheetah-medium-v2_tau0.05_mpi4_seed1.log,True,1230
halfcheetah-medium-v2_tau0.05_mpi4_seed2,d478315a88262f226efb1a3c2295a9dac75c006c940e95fae1e8e6fcb05d76a1,6056735,2026-08-30T21:11:41,True,True,657,195,halfcheetah-medium-v2_tau0.05_mpi4_seed2.log,True,1230
halfcheetah-medium-v2_tau0.05_mpi4_seed3,81f565992523405b18d1b11ee868f09e16b4c05c06c11216e0d1d74340b67424,6056735,2026-08-30T21:11:41,True,True,657,191,halfcheetah-medium-v2_tau0.05_mpi4_seed3.log,True,1230
halfcheetah-medium-v2_tau0.1_mpi4_seed0,7db279681dc4db33b299ef23e1c0d2b2f560729dde92579ac167ac8d6a798747,6056735,2026-08-30T01:03:47,True,True,656,193,halfcheetah-medium-v2_tau0.1_mpi4_seed0.log,True,1227
halfcheetah-medium-v2_tau0.1_mpi4_seed1,66b7d2931a30b0efd2fab760fbe0270dde9d171187d966258b8e847402ec76a0,6056735,2026-08-30T01:03:47,True,True,656,193,halfcheetah-medium-v2_tau0.1_mpi4_seed1.log,True,1227
halfcheetah-medium-v2_tau0.1_mpi4_seed2,60633f6420b52d290519487a1796aa96642004515d9177acd004dd8bb006d484,6056735,2026-08-30T21:21:21,True,True,656,193,halfcheetah-medium-v2_tau0.1_mpi4_seed2.log,True,1227
halfcheetah-medium-v2_tau0.1_mpi4_seed3,f4bd70a36d84fd5d5bd27cb17b2c2521805a5eb0c74b405daf6fa73b76ed3961,6056735,2026-08-30T21:21:21,True,True,656,191,halfcheetah-medium-v2_tau0.1_mpi4_seed3.log,True,1227
halfcheetah-medium-v2_tau0.2_mpi4_seed0,913cd7a96e457f0291db4d41292be0a1561f3bc9b643742dff54a3b8c48247e3,6056735,2026-08-30T01:13:27,True,True,656,192,halfcheetah-medium-v2_tau0.2_mpi4_seed0.log,True,1227
halfcheetah-medium-v2_tau0.2_mpi4_seed1,06a0fa867c54158a99ece3d4f540467cf00b9120cbdcf8ad5d4bdbf5cc7a712e,6056735,2026-08-30T01:13:27,True,True,656,193,halfcheetah-medium-v2_tau0.2_mpi4_seed1.log,True,1227
halfcheetah-medium-v2_tau0.2_mpi4_seed2,8a68c6f98d1d1b088b65dfd5e2fcfde73acb2e9ceaa690ff1407bfc1be421382,6056735,2026-08-30T21:31:01,True,True,656,192,halfcheetah-medium-v2_tau0.2_mpi4_seed2.log,True,1227
halfcheetah-medium-v2_tau0.2_mpi4_seed3,63273bc9f25d445bc36c75727afefcc22036e8c0b017703466fc5f7f3d9e461b,6056735,2026-08-30T21:31:01,True,True,656,191,halfcheetah-medium-v2_tau0.2_mpi4_seed3.log,True,1227
halfcheetah-medium-v2_tau0.4_mpi4_seed0,258c073d85a44e6476d7921e9f6439c4e814fdca27197d39e8183e46f03fbd11,6056735,2026-08-30T01:23:06,True,True,656,190,halfcheetah-medium-v2_tau0.4_mpi4_seed0.log,True,1227
halfcheetah-medium-v2_tau0.4_mpi4_seed1,a29dd2784433c16b79e04fce080c0f54504b7234d449bc1a287fd128f7912f4f,6056735,2026-08-30T01:23:06,True,True,656,190,halfcheetah-medium-v2_tau0.4_mpi4_seed1.log,True,1227
halfcheetah-medium-v2_tau0.4_mpi4_seed2,b905efca2b1926581b13e4fe7dbbdede12c36a3203906cfbe2c3a65dd4402be2,6056735,2026-08-30T21:40:41,True,True,656,190,halfcheetah-medium-v2_tau0.4_mpi4_seed2.log,True,1227
halfcheetah-medium-v2_tau0.4_mpi4_seed3,5daf25be89429e6c441190b0dff5fc8330c3ec34061c2c1a05d4f38651ee8772,6056735,2026-08-30T21:40:41,True,True,656,189,halfcheetah-medium-v2_tau0.4_mpi4_seed3.log,True,1227
halfcheetah-medium-v2_tau0.7_mpi4_seed0,cf3a3481f2e5cacebec6840f72854d6329ad11dffa189e1818ee6e8df3cb9906,6056735,2026-08-30T01:32:45,True,True,656,190,halfcheetah-medium-v2_tau0.7_mpi4_seed0.log,True,1227
halfcheetah-medium-v2_tau0.7_mpi4_seed1,98c9207136fcce624bbde4168fe8cbc0e5b5c2cef0bfb7034a8eb138e9e7ec20,6056735,2026-08-30T01:32:45,True,True,656,189,halfcheetah-medium-v2_tau0.7_mpi4_seed1.log,True,1227
halfcheetah-medium-v2_tau0.7_mpi4_seed2,7a7d1c6072dd10ddd7aeb4141a077fff8822e9e98df0edc5fbc6f450050efa32,6056735,2026-08-30T21:50:21,True,True,656,190,halfcheetah-medium-v2_tau0.7_mpi4_seed2.log,True,1227
halfcheetah-medium-v2_tau0.7_mpi4_seed3,59cf83b6abeb5792fdd0b997bb2e1ed7feede46d5619e168959d505d9d39c63e,6056735,2026-08-30T21:50:21,True,True,656,191,halfcheetah-medium-v2_tau0.7_mpi4_seed3.log,True,1227
halfcheetah-medium-v2_tau1.5_mpi4_seed0,137166802aa1f62f98214ab12551bf1e40a2780fe10e7f0203426db5dacd252b,6056735,2026-08-30T01:42:25,True,True,656,190,halfcheetah-medium-v2_tau1.5_mpi4_seed0.log,True,1227
halfcheetah-medium-v2_tau1.5_mpi4_seed1,07a5180ed5bc52b6618951e4b6faa08cc24c1767f9b77f8fd912806f36f7ea5a,6056735,2026-08-30T01:42:25,True,True,656,190,halfcheetah-medium-v2_tau1.5_mpi4_seed1.log,True,1227
halfcheetah-medium-v2_tau1.5_mpi4_seed2,b04b31935024268de4f8429200c23df0523c4ec0fdab654794ca2783b5146082,6056735,2026-08-30T22:00:00,True,True,656,189,halfcheetah-medium-v2_tau1.5_mpi4_seed2.log,True,1227
halfcheetah-medium-v2_tau1.5_mpi4_seed3,74977e7601692481601e5eb8353bcd25ea2838a4f48cf116a22d9744d2524ea7,6056735,2026-08-30T22:00:00,True,True,656,190,halfcheetah-medium-v2_tau1.5_mpi4_seed3.log,True,1227
halfcheetah-medium-v2_tau10_mpi4_seed0,c904efaf06a84380f25d8da89b51be21d587752ab03604f7d21949d727ab44ef,6056735,2026-08-30T02:21:03,True,True,657,188,halfcheetah-medium-v2_tau10_mpi4_seed0.log,True,1224
halfcheetah-medium-v2_tau10_mpi4_seed1,dbff5e8dd6b6d41a2c0bd212d7c3f780502088abf5920458ab0af16995bf9b9b,6056735,2026-08-30T02:21:03,True,True,657,188,halfcheetah-medium-v2_tau10_mpi4_seed1.log,True,1224
halfcheetah-medium-v2_tau10_mpi4_seed2,7d278fc7e093a4e5ed1c7296f0363eccc5344ec6354551800eab0759619983ca,6056735,2026-08-30T22:38:41,True,True,657,188,halfcheetah-medium-v2_tau10_mpi4_seed2.log,True,1224
halfcheetah-medium-v2_tau10_mpi4_seed3,3799ce8849d804112ce2d9a288effab1a3a31bef193f0ac9f39cdd22e1eaa9f5,6056735,2026-08-30T22:38:41,True,True,657,190,halfcheetah-medium-v2_tau10_mpi4_seed3.log,True,1224
halfcheetah-medium-v2_tau12_mpi4_seed0,1513124b7ad22333290424bd86ed93dfe89361b5043c731d026134bd404320d7,6056735,2026-08-30T02:30:44,True,True,657,189,halfcheetah-medium-v2_tau12_mpi4_seed0.log,True,1224
halfcheetah-medium-v2_tau12_mpi4_seed1,6aa6ac2c43e42092b3822446149dfc4dc35779c32208e3cfb27457f491421db2,6056735,2026-08-30T02:30:44,True,True,657,188,halfcheetah-medium-v2_tau12_mpi4_seed1.log,True,1224
halfcheetah-medium-v2_tau12_mpi4_seed2,e8815b17e7e0f7f6e3845603417c74df5f978fe80690f0059e05c02bdd0b3a7d,6056735,2026-08-30T22:48:22,True,True,657,188,halfcheetah-medium-v2_tau12_mpi4_seed2.log,True,1224
halfcheetah-medium-v2_tau12_mpi4_seed3,b92d30c6a582de3f098793c4fddc7d29aafb8f9ee426c2983803274d323ea14a,6056735,2026-08-30T22:48:22,True,True,657,189,halfcheetah-medium-v2_tau12_mpi4_seed3.log,True,1224
halfcheetah-medium-v2_tau14_mpi4_seed0,30e471d35cb53383ae8b24cc4d2509d0f368bdfcdadfd38a088df411d4122b32,6056735,2026-08-30T02:40:24,True,True,657,188,halfcheetah-medium-v2_tau14_mpi4_seed0.log,True,1224
halfcheetah-medium-v2_tau14_mpi4_seed1,0b4c518501cb3174d6afcfe8754e0cc609ab46fcf85025bd26dbfcc14fe8efe7,6056735,2026-08-30T02:40:24,True,True,657,187,halfcheetah-medium-v2_tau14_mpi4_seed1.log,True,1224
halfcheetah-medium-v2_tau14_mpi4_seed2,a5b80489cce8346e5768df489a1893de91e51dc4954bb584e2993036833c0c49,6056735,2026-08-30T22:58:02,True,True,657,188,halfcheetah-medium-v2_tau14_mpi4_seed2.log,True,1224
halfcheetah-medium-v2_tau14_mpi4_seed3,e64356aadfbd5df5caa5b6742921daf1c1b1062a43607a8f34400448dc67b8ae,6056735,2026-08-30T22:58:02,True,True,657,188,halfcheetah-medium-v2_tau14_mpi4_seed3.log,True,1224
halfcheetah-medium-v2_tau17_mpi4_seed0,2f299bbcb68fe253e06a667760c514fb9ba773eb7c9020e020ebe489c6645da4,6056735,2026-08-30T02:50:03,True,True,657,188,halfcheetah-medium-v2_tau17_mpi4_seed0.log,True,1224
halfcheetah-medium-v2_tau17_mpi4_seed1,a259c8a53126f49612e43924e01d8e41389d1b96c857bd6c6c12c734b699eb11,6056735,2026-08-30T02:50:03,True,True,657,187,halfcheetah-medium-v2_tau17_mpi4_seed1.log,True,1224
halfcheetah-medium-v2_tau17_mpi4_seed2,91a5ce6d9c4931dbeed9549a31978beebf87d31fafe4ca1cef9f5379ec5e273b,6056735,2026-08-30T23:07:42,True,True,657,189,halfcheetah-medium-v2_tau17_mpi4_seed2.log,True,1224
halfcheetah-medium-v2_tau17_mpi4_seed3,b2df8a9a8b0f3a6f8ab531870bc4f128a27df3c3672942b7850d56903caa5c00,6056735,2026-08-30T23:07:42,True,True,657,186,halfcheetah-medium-v2_tau17_mpi4_seed3.log,True,1224
halfcheetah-medium-v2_tau2.5_mpi4_seed0,4a594d90967b414a3d304c21b4cc1a84f0f29cf4c10d997ecae98589619ddeeb,6056735,2026-08-30T01:52:04,True,True,656,189,halfcheetah-medium-v2_tau2.5_mpi4_seed0.log,True,1227
halfcheetah-medium-v2_tau2.5_mpi4_seed1,1b0f4603fb433140f093b4b3b31bf77bd1476ef36dd30469f811a6212854cccf,6056735,2026-08-30T01:52:04,True,True,656,189,halfcheetah-medium-v2_tau2.5_mpi4_seed1.log,True,1227
halfcheetah-medium-v2_tau2.5_mpi4_seed2,ca89404f6a1ec9ac403b1a03fbb3961cd19971c05258186528569f463069e23a,6056735,2026-08-30T22:09:40,True,True,656,187,halfcheetah-medium-v2_tau2.5_mpi4_seed2.log,True,1227
halfcheetah-medium-v2_tau2.5_mpi4_seed3,306087e86fab91edbe4cc8c5170c3c87faef733e21ecd1f9bed5419c0429e9b8,6056735,2026-08-30T22:09:40,True,True,656,191,halfcheetah-medium-v2_tau2.5_mpi4_seed3.log,True,1227
halfcheetah-medium-v2_tau20_mpi4_seed0,fd99e47179e318b3a6872e126a88cb002d77c4185896fa0f75039c93f236380b,6056735,2026-08-30T02:59:43,True,True,657,185,halfcheetah-medium-v2_tau20_mpi4_seed0.log,True,1224
halfcheetah-medium-v2_tau20_mpi4_seed1,cd8c9fc835b11b3b94c2c0f484be4fd7cdd4c6539f26388c570be5cff33e1045,6056735,2026-08-30T02:59:43,True,True,657,187,halfcheetah-medium-v2_tau20_mpi4_seed1.log,True,1224
halfcheetah-medium-v2_tau20_mpi4_seed2,fc8a6548a4aa8a5a57718c2347631e33aaa62d32bef23320366f8fd3c1d8034e,6056735,2026-08-30T23:17:22,True,True,657,189,halfcheetah-medium-v2_tau20_mpi4_seed2.log,True,1224
halfcheetah-medium-v2_tau20_mpi4_seed3,66e653784775a8b83ad23ea1e09699832fddb7e480613b838f307b22bdaf7e99,6056735,2026-08-30T23:17:22,True,True,657,185,halfcheetah-medium-v2_tau20_mpi4_seed3.log,True,1224
halfcheetah-medium-v2_tau4_mpi4_seed0,6d48330a086bb601cf61b06783fcff625b2dd5a22d4c86c44c3d1ca7690d9153,6056735,2026-08-30T02:01:43,True,True,656,187,halfcheetah-medium-v2_tau4_mpi4_seed0.log,True,1221
halfcheetah-medium-v2_tau4_mpi4_seed1,68480988ef99c1c98e7ece5939f28fc611896c2bff1fbfc50bf60800a3c603bf,6056735,2026-08-30T02:01:43,True,True,656,189,halfcheetah-medium-v2_tau4_mpi4_seed1.log,True,1221
halfcheetah-medium-v2_tau4_mpi4_seed2,3f3b89fb1dec2769e785115c0d81ebfd5ea99bd8553c7f714ed1c9ea07bd3711,6056735,2026-08-30T22:19:20,True,True,656,190,halfcheetah-medium-v2_tau4_mpi4_seed2.log,True,1221
halfcheetah-medium-v2_tau4_mpi4_seed3,b9aa76589f9727aa8e9608bc6d838c734bb50fd98fe76374cd8531f509ab7825,6056735,2026-08-30T22:19:20,True,True,656,189,halfcheetah-medium-v2_tau4_mpi4_seed3.log,True,1221
halfcheetah-medium-v2_tau7_mpi4_seed0,4404bd9595bbcbacee61e95d73138b62f45039b0817ff9b73496a8978a4b5394,6056735,2026-08-30T02:11:24,True,True,656,188,halfcheetah-medium-v2_tau7_mpi4_seed0.log,True,1221
halfcheetah-medium-v2_tau7_mpi4_seed1,5bba05c1fc78c49f595c2c2adf8e07059461ea774ef16404205599dab41c6a42,6056735,2026-08-30T02:11:24,True,True,656,188,halfcheetah-medium-v2_tau7_mpi4_seed1.log,True,1221
halfcheetah-medium-v2_tau7_mpi4_seed2,8e36c9fac13721285fbcdab52a5295c4d6edfdc8c887bcc50538db8f2a9d5425,6056735,2026-08-30T22:29:01,True,True,656,189,halfcheetah-medium-v2_tau7_mpi4_seed2.log,True,1221
halfcheetah-medium-v2_tau7_mpi4_seed3,5ca60eaed5ea496a42b28c77bafbe2c8978628226f1b597d7ffd4bb911cf81cd,6056735,2026-08-30T22:29:01,True,True,656,189,halfcheetah-medium-v2_tau7_mpi4_seed3.log,True,1221
hopper-expert-v2_tau0.05_mpi4_seed0,0adf26f20320bcbc94e0e9077b7d0749d289aa70a54096be66ade86793b729f5,5862990,2026-08-29T22:38:46,True,True,652,192,hopper-expert-v2_tau0.05_mpi4_seed0.log,True,1210
hopper-expert-v2_tau0.05_mpi4_seed1,5c86ad9e08c081d1a6fe7072da62ec5dd7be5df912a80affbca68c96f5127e40,5862990,2026-08-29T22:38:47,True,True,652,194,hopper-expert-v2_tau0.05_mpi4_seed1.log,True,1210
hopper-expert-v2_tau0.05_mpi4_seed2,eefe3bd46eeeb211db2b697b44b7275ba71c3e26cac95e34b4db298b61f67caf,5862990,2026-08-30T18:56:22,True,True,652,191,hopper-expert-v2_tau0.05_mpi4_seed2.log,True,1210
hopper-expert-v2_tau0.05_mpi4_seed3,b9ff15810328491ec55ead9f195d0d04649730e5f51017d77c0e5b63ac3197bb,5862990,2026-08-30T18:56:22,True,True,652,191,hopper-expert-v2_tau0.05_mpi4_seed3.log,True,1210
hopper-expert-v2_tau0.1_mpi4_seed0,7ee95e4cbae620d9675893e5bd2d19bca0ce014dc9d1c025455207c65548c133,5862990,2026-08-29T22:48:27,True,True,651,195,hopper-expert-v2_tau0.1_mpi4_seed0.log,True,1207
hopper-expert-v2_tau0.1_mpi4_seed1,39e70131a6fcc813623b6d9e93343c32c1ea7d85ac7ec36880fcbe512ed9bc09,5862990,2026-08-29T22:48:28,True,True,651,195,hopper-expert-v2_tau0.1_mpi4_seed1.log,True,1208
hopper-expert-v2_tau0.1_mpi4_seed2,d6a3b9a81e46812a614ad4e36f24390ec9476838b37f5d7f8be3c620751f73d3,5862990,2026-08-30T19:06:03,True,True,651,191,hopper-expert-v2_tau0.1_mpi4_seed2.log,True,1208
hopper-expert-v2_tau0.1_mpi4_seed3,ac8e5312e14ea8e403243828243827ca07294f32ebcda11250edf8f7a971360f,5862990,2026-08-30T19:06:03,True,True,651,193,hopper-expert-v2_tau0.1_mpi4_seed3.log,True,1208
hopper-expert-v2_tau0.2_mpi4_seed0,92fcd6661389d04427a407beb1028ce62a75a976565d1bb2c4fb065f46df2bf2,5862990,2026-08-29T22:58:08,True,True,651,192,hopper-expert-v2_tau0.2_mpi4_seed0.log,True,1207
hopper-expert-v2_tau0.2_mpi4_seed1,73b254075c243ee8380cfa86400ddc59a75f8d94b648b9a0ba4ec4be271414c1,5862990,2026-08-29T22:58:08,True,True,651,195,hopper-expert-v2_tau0.2_mpi4_seed1.log,True,1208
hopper-expert-v2_tau0.2_mpi4_seed2,73b9b092f5b390121bdf62be2ad1b6a255a0763cc00c830abf3247723267b685,5862990,2026-08-30T19:15:43,True,True,651,193,hopper-expert-v2_tau0.2_mpi4_seed2.log,True,1207
hopper-expert-v2_tau0.2_mpi4_seed3,07d72d3f75a510f29c82a13b01c790e3a523ba49e488972a3b2ecd233f3a1dc3,5862990,2026-08-30T19:15:43,True,True,651,194,hopper-expert-v2_tau0.2_mpi4_seed3.log,True,1208
hopper-expert-v2_tau0.4_mpi4_seed0,893346435bbcd0bafd28e064722ee4659111d1948bc6b1e45f1cb936659c8a49,5862990,2026-08-29T23:07:48,True,True,651,192,hopper-expert-v2_tau0.4_mpi4_seed0.log,True,1208
hopper-expert-v2_tau0.4_mpi4_seed1,76def24be8bd74b6e46bff52c4275757a853dd846c402cba1efa2b58eb1c5dcc,5862990,2026-08-29T23:07:48,True,True,651,194,hopper-expert-v2_tau0.4_mpi4_seed1.log,True,1208
hopper-expert-v2_tau0.4_mpi4_seed2,3659e52df1547d72e9e70836e18c48eb9aafa11e6e0cde92b3e31ca998d25e44,5862990,2026-08-30T19:25:24,True,True,651,193,hopper-expert-v2_tau0.4_mpi4_seed2.log,True,1208
hopper-expert-v2_tau0.4_mpi4_seed3,0210b0f2512bb7f164bf11bebef2561a62dc4ffa232a21e79d4f0355e41fece3,5862990,2026-08-30T19:25:24,True,True,651,192,hopper-expert-v2_tau0.4_mpi4_seed3.log,True,1207
hopper-expert-v2_tau0.7_mpi4_seed0,792d1b61754f7906ff21b51e668668cb269eef7a8f901cca11b313fdf6ffbb7a,5862990,2026-08-29T23:17:29,True,True,651,189,hopper-expert-v2_tau0.7_mpi4_seed0.log,True,1207
hopper-expert-v2_tau0.7_mpi4_seed1,4ed7275887e1cb53a304e32f19397144e9c4ca07d58569f1f4006e249e80938f,5862990,2026-08-29T23:17:29,True,True,651,193,hopper-expert-v2_tau0.7_mpi4_seed1.log,True,1208
hopper-expert-v2_tau0.7_mpi4_seed2,8c722c1317c5167cdc52618816016bd6ba94a57aa9370f864f16c577bed21eb5,5862990,2026-08-30T19:35:05,True,True,651,189,hopper-expert-v2_tau0.7_mpi4_seed2.log,True,1208
hopper-expert-v2_tau0.7_mpi4_seed3,ac99a93dc6e7d6ea929af72b713773a036af497cf5ab3d1ffae0d1dc29115de1,5862990,2026-08-30T19:35:05,True,True,651,192,hopper-expert-v2_tau0.7_mpi4_seed3.log,True,1208
hopper-expert-v2_tau1.5_mpi4_seed0,906a2371ef3450bc627c1276f7d8f154ebcf1dfea3319c2d312c8ebd2fa09b70,5862990,2026-08-29T23:27:09,True,True,651,190,hopper-expert-v2_tau1.5_mpi4_seed0.log,True,1207
hopper-expert-v2_tau1.5_mpi4_seed1,eb1fc9a2cbff57c517c38e0a333c734c986d77fcfa426349753769d876e92196,5862990,2026-08-29T23:27:10,True,True,651,192,hopper-expert-v2_tau1.5_mpi4_seed1.log,True,1208
hopper-expert-v2_tau1.5_mpi4_seed2,d15010f9b3e3a19c2dc9b89b6706ddaf672fae7e1edb73e46a2332cf72378491,5862990,2026-08-30T19:44:45,True,True,651,191,hopper-expert-v2_tau1.5_mpi4_seed2.log,True,1208
hopper-expert-v2_tau1.5_mpi4_seed3,027d5933e1a8e3a9a1d7251562587c2e4dc60e8301885e24af1bcbe7768c3898,5862990,2026-08-30T19:44:45,True,True,651,192,hopper-expert-v2_tau1.5_mpi4_seed3.log,True,1208
hopper-expert-v2_tau10_mpi4_seed0,d148dd742583575d280de6dabde6548ea9dfb7a21c13c9170e3468cc924ae4c9,5862990,2026-08-30T00:05:51,True,True,652,189,hopper-expert-v2_tau10_mpi4_seed0.log,True,1204
hopper-expert-v2_tau10_mpi4_seed1,843690ab9010aa21d49468a38b227320469e04117c93140352e64ed307e36f0d,5862990,2026-08-30T00:05:52,True,True,652,187,hopper-expert-v2_tau10_mpi4_seed1.log,True,1205
hopper-expert-v2_tau10_mpi4_seed2,9a19e65fde8e0d4a49b44c934305597d45ace33216a75368d31193e53897845d,5862990,2026-08-30T20:23:26,True,True,652,189,hopper-expert-v2_tau10_mpi4_seed2.log,True,1204
hopper-expert-v2_tau10_mpi4_seed3,a020b8651a3a70842fc0f00f1eb60ab2f43e5e3e3733311a78b10a11dd2d5e81,5862990,2026-08-30T20:23:25,True,True,652,185,hopper-expert-v2_tau10_mpi4_seed3.log,True,1203
hopper-expert-v2_tau12_mpi4_seed0,2820369fa9802cae99a70efd8a10fccde01b18f5e7cf28c4bed749eecb50434d,5862990,2026-08-30T00:15:30,True,True,652,189,hopper-expert-v2_tau12_mpi4_seed0.log,True,1204
hopper-expert-v2_tau12_mpi4_seed1,6214dc4265b144f44a79b853b41aaef10b64d7286055218c48ebff75573473f0,5862990,2026-08-30T00:15:31,True,True,652,189,hopper-expert-v2_tau12_mpi4_seed1.log,True,1204
hopper-expert-v2_tau12_mpi4_seed2,9e2fa4bce07908c2141cfe744655b5afa7d70742620ee466a818c9022b28465f,5862990,2026-08-30T20:33:05,True,True,652,189,hopper-expert-v2_tau12_mpi4_seed2.log,True,1204
hopper-expert-v2_tau12_mpi4_seed3,70fd2e63dd9253b71049a8aa1cc36f08e76a571e0b0051dbbd25bcac1519bb6b,5862990,2026-08-30T20:33:05,True,True,652,186,hopper-expert-v2_tau12_mpi4_seed3.log,True,1203
hopper-expert-v2_tau14_mpi4_seed0,8b23c030b210a5e2a2a4f985c0d4554a8142833804d8305742c0ebb9d1eca39d,5862990,2026-08-30T00:25:09,True,True,652,186,hopper-expert-v2_tau14_mpi4_seed0.log,True,1203
hopper-expert-v2_tau14_mpi4_seed1,4c7e80ee7d1f17786ad234a912be1265c45e2555fbbc5e07f27af4b9514c4cd9,5862990,2026-08-30T00:25:09,True,True,652,186,hopper-expert-v2_tau14_mpi4_seed1.log,True,1203
hopper-expert-v2_tau14_mpi4_seed2,6f89dfd10adefa2a5b6193f7d3976198074c190518b4f88503dd84a200e0a1e4,5862990,2026-08-30T20:42:45,True,True,652,189,hopper-expert-v2_tau14_mpi4_seed2.log,True,1204
hopper-expert-v2_tau14_mpi4_seed3,fc07d3cb8d65c0e656782c20058b8547738a97505275dddd8f5e00e82bb60bc1,5862990,2026-08-30T20:42:44,True,True,652,187,hopper-expert-v2_tau14_mpi4_seed3.log,True,1203
hopper-expert-v2_tau17_mpi4_seed0,32135611758c7ab0c1eec63a3bff77ddf82638c1d1cf5029dd8ad723ba61cd3c,5862990,2026-08-30T00:34:47,True,True,652,186,hopper-expert-v2_tau17_mpi4_seed0.log,True,1203
hopper-expert-v2_tau17_mpi4_seed1,11243ed1c89d3864efbc7fe93a410c30881be92b1b9475992d4ed86f61083d9c,5862990,2026-08-30T00:34:47,True,True,652,193,hopper-expert-v2_tau17_mpi4_seed1.log,True,1203
hopper-expert-v2_tau17_mpi4_seed2,eb0ec60eefd41dcfce59127f281ca7cd0af3b61dd6c6fab6e70e6161773951a0,5862990,2026-08-30T20:52:23,True,True,652,189,hopper-expert-v2_tau17_mpi4_seed2.log,True,1204
hopper-expert-v2_tau17_mpi4_seed3,41a0c2854a23c39403c85dab64884767c6cf1db1cd44527abbf375a8db32e9fa,5862990,2026-08-30T20:52:23,True,True,652,186,hopper-expert-v2_tau17_mpi4_seed3.log,True,1203
hopper-expert-v2_tau2.5_mpi4_seed0,76e373330372ab82dd936aa4b9eb5d7d3fffaaf0bf1959cba8393b34739f9b35,5862990,2026-08-29T23:36:50,True,True,651,187,hopper-expert-v2_tau2.5_mpi4_seed0.log,True,1207
hopper-expert-v2_tau2.5_mpi4_seed1,c8117664fa3981a9c3e1b6da84529f72201e1512b4ee5768d15e4491b5df16bb,5862990,2026-08-29T23:36:50,True,True,651,189,hopper-expert-v2_tau2.5_mpi4_seed1.log,True,1208
hopper-expert-v2_tau2.5_mpi4_seed2,00788cc7fe23c681cbe60cf708a16b3b340a2b303854ca51f2b2ba41bac49e4c,5862990,2026-08-30T19:54:26,True,True,651,192,hopper-expert-v2_tau2.5_mpi4_seed2.log,True,1208
hopper-expert-v2_tau2.5_mpi4_seed3,59ee4880a95cc4eead7420d0efc436dcde2b317cc142a882fbbab644c1330783,5862990,2026-08-30T19:54:26,True,True,651,192,hopper-expert-v2_tau2.5_mpi4_seed3.log,True,1208
hopper-expert-v2_tau20_mpi4_seed0,e97787bee699c4e1a0fc62bcfb138625af55c2347e927868ad4a8425654ad157,5862990,2026-08-30T00:44:26,True,True,652,185,hopper-expert-v2_tau20_mpi4_seed0.log,True,1203
hopper-expert-v2_tau20_mpi4_seed1,f59312ca76c4bd09ec62e84b6ab27198ff187115dcd92c21a94d83aa6df0bba0,5862990,2026-08-30T00:44:27,True,True,652,181,hopper-expert-v2_tau20_mpi4_seed1.log,True,1203
hopper-expert-v2_tau20_mpi4_seed2,a7182fc62ca4319c71952c781add33511ceecd910e1028689dd6f5107c3e246a,5862990,2026-08-30T21:02:02,True,True,652,195,hopper-expert-v2_tau20_mpi4_seed2.log,True,1203
hopper-expert-v2_tau20_mpi4_seed3,9309a84bdef37bb3d9fd1774d1c662ce405f11a72a32cd6cf993cfc68022c15b,5862990,2026-08-30T21:02:02,True,True,652,187,hopper-expert-v2_tau20_mpi4_seed3.log,True,1203
hopper-expert-v2_tau4_mpi4_seed0,968a94269e8073d2deb43ae564832d76eea0541401c8786a3cbe560ab4fe15e3,5862990,2026-08-29T23:46:31,True,True,651,191,hopper-expert-v2_tau4_mpi4_seed0.log,True,1201
hopper-expert-v2_tau4_mpi4_seed1,a79c31a99b1d1092428c811eca4b3da57690f7e60a9162c6beeee9d3c62f3436,5862990,2026-08-29T23:46:31,True,True,651,190,hopper-expert-v2_tau4_mpi4_seed1.log,True,1202
hopper-expert-v2_tau4_mpi4_seed2,5ecddbcfd9eb34875c9458ad8cb5c069410af6c486c59bc3e22c33d97403b189,5862990,2026-08-30T20:04:05,True,True,651,191,hopper-expert-v2_tau4_mpi4_seed2.log,True,1202
hopper-expert-v2_tau4_mpi4_seed3,3b9dfa733b3cd08b4a74ce277a6a69a498a0748106761c5952895494d79dc50e,5862990,2026-08-30T20:04:05,True,True,651,191,hopper-expert-v2_tau4_mpi4_seed3.log,True,1202
hopper-expert-v2_tau7_mpi4_seed0,43fa9f2edc9cb538c7a3fbad095d0c70477a96b29c8e616f282cd4f1fccf1e3c,5862990,2026-08-29T23:56:11,True,True,651,191,hopper-expert-v2_tau7_mpi4_seed0.log,True,1201
hopper-expert-v2_tau7_mpi4_seed1,fc4d43e07f3800d94e591d083f031eaf031683328465b8720c807e34b3bd5965,5862990,2026-08-29T23:56:11,True,True,651,190,hopper-expert-v2_tau7_mpi4_seed1.log,True,1201
hopper-expert-v2_tau7_mpi4_seed2,05d792fff3b482690802f79e0111dc60ef3c06f829c16c70a0c5b8491669d5f2,5862990,2026-08-30T20:13:46,True,True,651,190,hopper-expert-v2_tau7_mpi4_seed2.log,True,1202
hopper-expert-v2_tau7_mpi4_seed3,5e93654faadd4e12bf5584fc0c3e11bf9843987a07c8fac05ae569ea416c85f8,5862990,2026-08-30T20:13:46,True,True,651,189,hopper-expert-v2_tau7_mpi4_seed3.log,True,1201
hopper-medium-replay-v2_tau0.05_mpi4_seed0,7f96e177f5e7955da19a2de32815aee41cc51924b79f1a881a8b817cdff200a4,5862997,2026-08-29T20:23:32,True,True,659,191,hopper-medium-replay-v2_tau0.05_mpi4_seed0.log,True,1231
hopper-medium-replay-v2_tau0.05_mpi4_seed1,cf818f4351ec115f07b96aea630f3763c7e0ace4abda35a58606ada63c19fe35,5862997,2026-08-29T20:23:32,True,True,659,193,hopper-medium-replay-v2_tau0.05_mpi4_seed1.log,True,1231
hopper-medium-replay-v2_tau0.05_mpi4_seed2,0f0cb2c8d9a44fea84f48d7ac04c1575fe7b5c2f1ebcac4c675a818f9d888447,5862997,2026-08-30T16:41:04,True,True,659,192,hopper-medium-replay-v2_tau0.05_mpi4_seed2.log,True,1231
hopper-medium-replay-v2_tau0.05_mpi4_seed3,443d0822ce08db2f1a7725fd85fe06a93a7f9a1af9fd4313646ac963b705e00a,5862997,2026-08-30T16:41:05,True,True,659,193,hopper-medium-replay-v2_tau0.05_mpi4_seed3.log,True,1231
hopper-medium-replay-v2_tau0.1_mpi4_seed0,ad23d488caf051f733e2091b52d9d146e7d2253290bc13d7b492431b65a9a44f,5862997,2026-08-29T20:33:11,True,True,658,191,hopper-medium-replay-v2_tau0.1_mpi4_seed0.log,True,1228
hopper-medium-replay-v2_tau0.1_mpi4_seed1,a63333b10ceab8a52aa2e28005b6f94f8659fa231b028503a6bd5b26401a5403,5862997,2026-08-29T20:33:11,True,True,658,190,hopper-medium-replay-v2_tau0.1_mpi4_seed1.log,True,1228
hopper-medium-replay-v2_tau0.1_mpi4_seed2,955120db281f26df3fa46d4c948eff27439303cc10d96cde7eaf6e70081cea5f,5862997,2026-08-30T16:50:43,True,True,658,191,hopper-medium-replay-v2_tau0.1_mpi4_seed2.log,True,1228
hopper-medium-replay-v2_tau0.1_mpi4_seed3,309e57951309f7b6fea639684bde299f9707d5add2ae30829caf3688906c4e80,5862997,2026-08-30T16:50:43,True,True,658,190,hopper-medium-replay-v2_tau0.1_mpi4_seed3.log,True,1228
hopper-medium-replay-v2_tau0.2_mpi4_seed0,af70868e4f763a22a00087f6591b0c6a6dce4feabc2205e1b293c0d366cecb63,5862997,2026-08-29T20:42:50,True,True,658,191,hopper-medium-replay-v2_tau0.2_mpi4_seed0.log,True,1228
hopper-medium-replay-v2_tau0.2_mpi4_seed1,b3bd51d99eb3bfd1f780d0445da81f66148896328a36b69f3801b26e6f82e83c,5862997,2026-08-29T20:42:50,True,True,658,190,hopper-medium-replay-v2_tau0.2_mpi4_seed1.log,True,1228
hopper-medium-replay-v2_tau0.2_mpi4_seed2,d61f3f67dd8a3de8b1f7e2e90c33362962f039e0b3c4df454b0a6f60bdc953fd,5862997,2026-08-30T17:00:21,True,True,658,191,hopper-medium-replay-v2_tau0.2_mpi4_seed2.log,True,1228
hopper-medium-replay-v2_tau0.2_mpi4_seed3,ea5c9e064bb07ff7ce13321f7e95acc8dbde824f71b0823f3299a17195b76c75,5862997,2026-08-30T17:00:22,True,True,658,192,hopper-medium-replay-v2_tau0.2_mpi4_seed3.log,True,1228
hopper-medium-replay-v2_tau0.4_mpi4_seed0,04671cdf3aa6e364b80f7a4a84438788ac73dd356c25597a620eefb14b544eba,5862997,2026-08-29T20:52:28,True,True,658,191,hopper-medium-replay-v2_tau0.4_mpi4_seed0.log,True,1228
hopper-medium-replay-v2_tau0.4_mpi4_seed1,ad4e7c2f2a6785d2b79d080f2971a0218254c95b6366e6ab5914cc7e0b90ec1c,5862997,2026-08-29T20:52:28,True,True,658,191,hopper-medium-replay-v2_tau0.4_mpi4_seed1.log,True,1228
hopper-medium-replay-v2_tau0.4_mpi4_seed2,901448c6b2e59b1eb68113169593e8192977f2809e71af11804cdb12e93c1844,5862997,2026-08-30T17:10:00,True,True,658,192,hopper-medium-replay-v2_tau0.4_mpi4_seed2.log,True,1228
hopper-medium-replay-v2_tau0.4_mpi4_seed3,c45993469361fab8910be24b4ec370bb2c28eabea63c5ec69eeaca75eda1c5ed,5862997,2026-08-30T17:10:01,True,True,658,192,hopper-medium-replay-v2_tau0.4_mpi4_seed3.log,True,1228
hopper-medium-replay-v2_tau0.7_mpi4_seed0,0903feefaa1bff3f4f49798da3bc2c920ac9f491974926aa485e3d47c9fcb854,5862997,2026-08-29T21:02:07,True,True,658,191,hopper-medium-replay-v2_tau0.7_mpi4_seed0.log,True,1228
hopper-medium-replay-v2_tau0.7_mpi4_seed1,5cca595a40a84a69d97d0b76b6dfd6153878db5bfc25a8962f073c775506bccb,5862997,2026-08-29T21:02:07,True,True,658,191,hopper-medium-replay-v2_tau0.7_mpi4_seed1.log,True,1228
hopper-medium-replay-v2_tau0.7_mpi4_seed2,f77c43b67f6636f526214308fa830db6d1eda3d5188b2ca04164b903a91be794,5862997,2026-08-30T17:19:40,True,True,658,191,hopper-medium-replay-v2_tau0.7_mpi4_seed2.log,True,1228
hopper-medium-replay-v2_tau0.7_mpi4_seed3,fb4fe45ffa0129c5e6cedb403bccfc66aec9a295f7c122018e4933ad5df64f67,5862997,2026-08-30T17:19:40,True,True,658,191,hopper-medium-replay-v2_tau0.7_mpi4_seed3.log,True,1228
hopper-medium-replay-v2_tau1.5_mpi4_seed0,dc7f19268040bf34723f3549f64978f5d7a4e5cbc6a65c5ef8921a4012486277,5862997,2026-08-29T21:11:46,True,True,658,189,hopper-medium-replay-v2_tau1.5_mpi4_seed0.log,True,1228
hopper-medium-replay-v2_tau1.5_mpi4_seed1,39aedee1b55194fdca79db6a53c69d6147980b48d76dd13b9ec841d3be39daf0,5862997,2026-08-29T21:11:46,True,True,658,189,hopper-medium-replay-v2_tau1.5_mpi4_seed1.log,True,1228
hopper-medium-replay-v2_tau1.5_mpi4_seed2,49e8eaab3b247bb5792afe138f92693473eb094c73e91d01a981ec3b5f133c05,5862997,2026-08-30T17:29:21,True,True,658,190,hopper-medium-replay-v2_tau1.5_mpi4_seed2.log,True,1228
hopper-medium-replay-v2_tau1.5_mpi4_seed3,e529a2d9066b5b31bfb5552f93ba11a8a154f7907b5860e965b86cf053e200a0,5862997,2026-08-30T17:29:20,True,True,658,189,hopper-medium-replay-v2_tau1.5_mpi4_seed3.log,True,1228
hopper-medium-replay-v2_tau10_mpi4_seed0,0beb94e7cabc763f57f8c30acb5769122bb10d4233f66715450c000d16615de6,5862997,2026-08-29T21:50:25,True,True,659,187,hopper-medium-replay-v2_tau10_mpi4_seed0.log,True,1226
hopper-medium-replay-v2_tau10_mpi4_seed1,f5e0d997ac44cbf9b36b3c09f9f56d3253b13869d4d34c2bb1c0b41d00a13801,5862997,2026-08-29T21:50:25,True,True,659,190,hopper-medium-replay-v2_tau10_mpi4_seed1.log,True,1226
hopper-medium-replay-v2_tau10_mpi4_seed2,c75a3b4e39b31944fb5a7adf793e070249dcc3e1f7a902ee633aa50a372b0ca2,5862997,2026-08-30T18:08:01,True,True,659,188,hopper-medium-replay-v2_tau10_mpi4_seed2.log,True,1225
hopper-medium-replay-v2_tau10_mpi4_seed3,b819e35e5c2761067863fe1e971c096b8f5b3bb304e6e3f919965e2853e50957,5862997,2026-08-30T18:08:01,True,True,659,187,hopper-medium-replay-v2_tau10_mpi4_seed3.log,True,1225
hopper-medium-replay-v2_tau12_mpi4_seed0,32813dbef661c1b7dc002a383bf4c37576404bffaaeb5a234a303ae314c48086,5862997,2026-08-29T22:00:05,True,True,659,190,hopper-medium-replay-v2_tau12_mpi4_seed0.log,True,1226
hopper-medium-replay-v2_tau12_mpi4_seed1,f2e9ebbe6dcebb13ea82f0711e94906323167bce316c65b0a4bbcc04dbb58370,5862997,2026-08-29T22:00:05,True,True,659,188,hopper-medium-replay-v2_tau12_mpi4_seed1.log,True,1225
hopper-medium-replay-v2_tau12_mpi4_seed2,05dfbe35e65d437717ad764941d627270937440b9411bd9f609962155388ec58,5862997,2026-08-30T18:17:41,True,True,659,189,hopper-medium-replay-v2_tau12_mpi4_seed2.log,True,1225
hopper-medium-replay-v2_tau12_mpi4_seed3,ebdba63fadc27c8293941299ac5527ffdad611cce003a0a776e4718834a3d3df,5862997,2026-08-30T18:17:41,True,True,659,190,hopper-medium-replay-v2_tau12_mpi4_seed3.log,True,1226
hopper-medium-replay-v2_tau14_mpi4_seed0,db0e4dbd7ce70c773677c207d32468a072faf2d776805921964f4dc4013e42a5,5862997,2026-08-29T22:09:45,True,True,659,189,hopper-medium-replay-v2_tau14_mpi4_seed0.log,True,1225
hopper-medium-replay-v2_tau14_mpi4_seed1,49e5152b46fd10bd1da349c472eb12e0e97ffe2285a8692bfc567ea05b46d8db,5862997,2026-08-29T22:09:45,True,True,659,188,hopper-medium-replay-v2_tau14_mpi4_seed1.log,True,1226
hopper-medium-replay-v2_tau14_mpi4_seed2,d2bf43914c460ef72a4284eeb1f9c0a734acbf61446299bdd6d7f969dce13c9b,5862997,2026-08-30T18:27:21,True,True,659,188,hopper-medium-replay-v2_tau14_mpi4_seed2.log,True,1225
hopper-medium-replay-v2_tau14_mpi4_seed3,451986464dc44f8efd516c00b289a0e8aa739a62fad6f13863631e36f796e719,5862997,2026-08-30T18:27:21,True,True,659,188,hopper-medium-replay-v2_tau14_mpi4_seed3.log,True,1225
hopper-medium-replay-v2_tau17_mpi4_seed0,9d5a3882fe29c61203b685319c2ad675b861f29877275bf5a0b5793d7ca0e44f,5862997,2026-08-29T22:19:24,True,True,659,186,hopper-medium-replay-v2_tau17_mpi4_seed0.log,True,1225
hopper-medium-replay-v2_tau17_mpi4_seed1,d1c9d82b8e3961268bee73a568915b448019361dcf3b3a0a9fbb69aa2ef9bf69,5862997,2026-08-29T22:19:24,True,True,659,188,hopper-medium-replay-v2_tau17_mpi4_seed1.log,True,1226
hopper-medium-replay-v2_tau17_mpi4_seed2,a851afc517d18facdbf188924213d74caf4086c66ee479534f86ead32b7362fb,5862997,2026-08-30T18:37:00,True,True,659,188,hopper-medium-replay-v2_tau17_mpi4_seed2.log,True,1226
hopper-medium-replay-v2_tau17_mpi4_seed3,7e878c27cb41b4d1f70aca273e74758a8d8a73df6b80a3b608e9638b5f423eb2,5862997,2026-08-30T18:37:00,True,True,659,189,hopper-medium-replay-v2_tau17_mpi4_seed3.log,True,1226
hopper-medium-replay-v2_tau2.5_mpi4_seed0,0804d963f7235c86c822c35ccc00e6584c62b319d57770e1073ea06a92a69fd6,5862997,2026-08-29T21:21:25,True,True,658,188,hopper-medium-replay-v2_tau2.5_mpi4_seed0.log,True,1228
hopper-medium-replay-v2_tau2.5_mpi4_seed1,3a855bae114b216a4f068e0ba85446290417ea329d2c8efec9a4a60192e03311,5862997,2026-08-29T21:21:25,True,True,658,189,hopper-medium-replay-v2_tau2.5_mpi4_seed1.log,True,1228
hopper-medium-replay-v2_tau2.5_mpi4_seed2,187b177e3a2accb720fc28548a4d3987b4f7ff842d360ac6fe5582f944aced89,5862997,2026-08-30T17:38:59,True,True,658,189,hopper-medium-replay-v2_tau2.5_mpi4_seed2.log,True,1228
hopper-medium-replay-v2_tau2.5_mpi4_seed3,769abd3ec6d41c639d333c8bfacd74fc78dfeca143fd8d2e53b38d73d5c301c7,5862997,2026-08-30T17:39:00,True,True,658,191,hopper-medium-replay-v2_tau2.5_mpi4_seed3.log,True,1228
hopper-medium-replay-v2_tau20_mpi4_seed0,bb4b69c03c334fae4b1156aba852341f1afbe6512843bac3d86490f7e620b1a5,5862997,2026-08-29T22:29:04,True,True,659,188,hopper-medium-replay-v2_tau20_mpi4_seed0.log,True,1226
hopper-medium-replay-v2_tau20_mpi4_seed1,6dbd40cbe24c858f92bbcfc66a949279d250fa8648d9836ee9679cd0b6c8f9e1,5862997,2026-08-29T22:29:04,True,True,659,187,hopper-medium-replay-v2_tau20_mpi4_seed1.log,True,1225
hopper-medium-replay-v2_tau20_mpi4_seed2,d167154154a930632ab7c291423eceb75139e88c2b9f29b6878413c86bdfd9bd,5862997,2026-08-30T18:46:41,True,True,659,186,hopper-medium-replay-v2_tau20_mpi4_seed2.log,True,1226
hopper-medium-replay-v2_tau20_mpi4_seed3,aeb31e1a9c1f987c80e7499d112d3efb22fc1534ff2d89985de6317c4ab3ba8a,5862997,2026-08-30T18:46:41,True,True,659,190,hopper-medium-replay-v2_tau20_mpi4_seed3.log,True,1226
hopper-medium-replay-v2_tau4_mpi4_seed0,4cd9ca62ed7ae39eac89a9af7fbab92d9c4d9420c9039abd3421d6d40fe77b7c,5862997,2026-08-29T21:31:05,True,True,658,188,hopper-medium-replay-v2_tau4_mpi4_seed0.log,True,1222
hopper-medium-replay-v2_tau4_mpi4_seed1,8ddc850d5db0dddd05dd590b436069112fb429b103a0f3e8acf7ada160e63ea6,5862997,2026-08-29T21:31:05,True,True,658,190,hopper-medium-replay-v2_tau4_mpi4_seed1.log,True,1222
hopper-medium-replay-v2_tau4_mpi4_seed2,ff9900739fdc295ab494e2e37ae8f4cce91e65a4d4dc3f23d0fe20ea998a464a,5862997,2026-08-30T17:48:40,True,True,658,189,hopper-medium-replay-v2_tau4_mpi4_seed2.log,True,1222
hopper-medium-replay-v2_tau4_mpi4_seed3,50abb17abb9f282cc7f222703cedcbf3cb963bb6d6039e8ce7f0244d41cda261,5862997,2026-08-30T17:48:40,True,True,658,190,hopper-medium-replay-v2_tau4_mpi4_seed3.log,True,1222
hopper-medium-replay-v2_tau7_mpi4_seed0,ae97874a360f42ebf801737770703837f40992ff8e33e354b4a2c5e1b34ee045,5862997,2026-08-29T21:40:45,True,True,658,187,hopper-medium-replay-v2_tau7_mpi4_seed0.log,True,1222
hopper-medium-replay-v2_tau7_mpi4_seed1,f3cdc05d8d208c9ffb64acfbeb8cc8f5961898f251263eb089443798432cf0f4,5862997,2026-08-29T21:40:45,True,True,658,185,hopper-medium-replay-v2_tau7_mpi4_seed1.log,True,1222
hopper-medium-replay-v2_tau7_mpi4_seed2,1332453809d1059280d474dac24cf444840c8f7d153bf030f36d2cd99683e5db,5862997,2026-08-30T17:58:20,True,True,658,189,hopper-medium-replay-v2_tau7_mpi4_seed2.log,True,1222
hopper-medium-replay-v2_tau7_mpi4_seed3,0a6a56647b4706e3547266792cc3e8822085e892be8931198eadb8062c32337e,5862997,2026-08-30T17:58:20,True,True,658,188,hopper-medium-replay-v2_tau7_mpi4_seed3.log,True,1222
hopper-medium-v2_tau0.05_mpi4_seed0,e963195546999c7cd89b873837bc57a9fbb98f7fa1b9fc7eabb9b4bee222c2ed,5862990,2026-08-29T18:07:46,True,True,652,228,hopper-medium-v2_tau0.05_mpi4_seed0.log,True,1948
hopper-medium-v2_tau0.05_mpi4_seed1,48473f499f5b6ff4f629c2c0c07f7d13607ca606ba66eaa053df78179f41ca25,5862990,2026-08-29T18:07:46,True,True,652,227,hopper-medium-v2_tau0.05_mpi4_seed1.log,True,1948
hopper-medium-v2_tau0.05_mpi4_seed2,d28f9317de11625f7f8b466d1a28ce7ca05823ed38c6fb5293d8c3f36baa08b2,5863024,2026-08-30T14:26:01,True,True,652,194,hopper-medium-v2_tau0.05_mpi4_seed2.log,True,1332
hopper-medium-v2_tau0.05_mpi4_seed3,a1fbb32ef288d9db58c0e4596320b7bd7d36da2f9889e6d97bac578649094a27,5863024,2026-08-30T14:26:01,True,True,652,193,hopper-medium-v2_tau0.05_mpi4_seed3.log,True,1332
hopper-medium-v2_tau0.1_mpi4_seed0,1be2bac0fa4e0850b2b878a431cbebce22b7b83f25bf4b8b9fd2a8c2b5f79936,5862990,2026-08-29T18:17:27,True,True,651,226,hopper-medium-v2_tau0.1_mpi4_seed0.log,True,1476
hopper-medium-v2_tau0.1_mpi4_seed1,ceef9fdd93073a181b1b8406d3b977472dcabea6ae6e50c84af7349fe2ded78a,5862990,2026-08-29T18:17:27,True,True,651,231,hopper-medium-v2_tau0.1_mpi4_seed1.log,True,1476
hopper-medium-v2_tau0.1_mpi4_seed2,8234decd995a0198baf1efa2adfe6dc372d02f8f5d3d71e822a2a63380988e64,5863024,2026-08-30T14:35:25,True,True,651,195,hopper-medium-v2_tau0.1_mpi4_seed2.log,True,1326
hopper-medium-v2_tau0.1_mpi4_seed3,8a2688ddf0ca3b18b32c7b056c475144d7a9802d1832fb1c7862927b344808a3,5863024,2026-08-30T14:35:25,True,True,651,192,hopper-medium-v2_tau0.1_mpi4_seed3.log,True,1326
hopper-medium-v2_tau0.2_mpi4_seed0,02ffa875927948b6a750af0d98c96cb715ec0a6b412d286661372c47a295c6e2,5863024,2026-08-29T18:27:30,True,True,651,192,hopper-medium-v2_tau0.2_mpi4_seed0.log,True,1328
hopper-medium-v2_tau0.2_mpi4_seed1,b2992ca3e45fed41b8089e9c99c8e1490b4fce1f538987d6409447ed02e5d17b,5863024,2026-08-29T18:27:30,True,True,651,191,hopper-medium-v2_tau0.2_mpi4_seed1.log,True,1328
hopper-medium-v2_tau0.2_mpi4_seed2,1b71dd719b814893960c2a971364444a99eaa56b6ae4fbee1846a40011a5011c,5862990,2026-08-30T14:45:05,True,True,651,193,hopper-medium-v2_tau0.2_mpi4_seed2.log,True,1207
hopper-medium-v2_tau0.2_mpi4_seed3,c5a6c72525cb65296507c97790115e950be35a5f1446c6c5b422aec85903f6f6,5862990,2026-08-30T14:45:05,True,True,651,192,hopper-medium-v2_tau0.2_mpi4_seed3.log,True,1207
hopper-medium-v2_tau0.4_mpi4_seed0,62f36fdd56462b37812087b8d5e97b4f0c302962abcb3204820cd214d104d7ef,5862990,2026-08-29T18:37:09,True,True,651,191,hopper-medium-v2_tau0.4_mpi4_seed0.log,True,1207
hopper-medium-v2_tau0.4_mpi4_seed1,e92c85181e0090d146581d12888d1e775b8383bc6df61dfdc59ebf3de9c91227,5862990,2026-08-29T18:37:09,True,True,651,194,hopper-medium-v2_tau0.4_mpi4_seed1.log,True,1207
hopper-medium-v2_tau0.4_mpi4_seed2,e1923430564ccccd073a77e0f3adcddaf05a4aaab59c5086c19d46b4ef29802b,5862990,2026-08-30T14:54:45,True,True,651,193,hopper-medium-v2_tau0.4_mpi4_seed2.log,True,1207
hopper-medium-v2_tau0.4_mpi4_seed3,c312531ae4d2b2b19d75949b0f9120a9b4b98e5075358c0bdf30499a100d5471,5862990,2026-08-30T14:54:45,True,True,651,191,hopper-medium-v2_tau0.4_mpi4_seed3.log,True,1207
hopper-medium-v2_tau0.7_mpi4_seed0,02a3176aeb1d0186b3351f17ef81549806fcab66602224668f6aa8190705575d,5862990,2026-08-29T18:46:49,True,True,651,193,hopper-medium-v2_tau0.7_mpi4_seed0.log,True,1207
hopper-medium-v2_tau0.7_mpi4_seed1,7e50eba97d4477b3b11d3b5cf3698a7baca9f07037814a39098f9e576baf9ecd,5862990,2026-08-29T18:46:49,True,True,651,191,hopper-medium-v2_tau0.7_mpi4_seed1.log,True,1207
hopper-medium-v2_tau0.7_mpi4_seed2,b59518c3d71ec469544d08c5351213a84c0f2b910176ce6a107c49404ab3c457,5862990,2026-08-30T15:04:24,True,True,651,192,hopper-medium-v2_tau0.7_mpi4_seed2.log,True,1207
hopper-medium-v2_tau0.7_mpi4_seed3,8905b22028e95a7908620f78a13ebf2708d37845fa935116df579b1f47dfa46d,5862990,2026-08-30T15:04:24,True,True,651,188,hopper-medium-v2_tau0.7_mpi4_seed3.log,True,1207
hopper-medium-v2_tau1.5_mpi4_seed0,fdb1a3ba5d7d8f112de3be5b1cf17a2c783fb724e100b76f1d3fe1b58f71f1b0,5862990,2026-08-29T18:56:29,True,True,651,190,hopper-medium-v2_tau1.5_mpi4_seed0.log,True,1207
hopper-medium-v2_tau1.5_mpi4_seed1,61db47bc2488f67fdc704157bff431a4fff3a77b9ecf4ecfa03b8f64f3b925a8,5862990,2026-08-29T18:56:29,True,True,651,189,hopper-medium-v2_tau1.5_mpi4_seed1.log,True,1207
hopper-medium-v2_tau1.5_mpi4_seed2,d7de74c6bb4fb15a69f9b5400da51d9f3046132cdb9790ac2792a0eb456c7603,5862990,2026-08-30T15:14:04,True,True,651,191,hopper-medium-v2_tau1.5_mpi4_seed2.log,True,1207
hopper-medium-v2_tau1.5_mpi4_seed3,e3cc62d18525c0d0685219ce5166b7ecc311c8fece3470c8aaca21e2a3373781,5862990,2026-08-30T15:14:04,True,True,651,190,hopper-medium-v2_tau1.5_mpi4_seed3.log,True,1207
hopper-medium-v2_tau10_mpi4_seed0,fa6fdcb190be9ace5d1cd713e158aac0a3e3d9a04d54a3f81608d62dbf029686,5862990,2026-08-29T19:35:10,True,True,652,189,hopper-medium-v2_tau10_mpi4_seed0.log,True,1204
hopper-medium-v2_tau10_mpi4_seed1,92123ebfbd9cbda7ccfc09e014de176b5717e0474db0d9d95f0281ed708d1624,5862990,2026-08-29T19:35:10,True,True,652,188,hopper-medium-v2_tau10_mpi4_seed1.log,True,1205
hopper-medium-v2_tau10_mpi4_seed2,e297483a29208501391e611353ee333d1fcefe7350ebf611254c579c283cc0af,5862990,2026-08-30T15:52:45,True,True,652,190,hopper-medium-v2_tau10_mpi4_seed2.log,True,1205
hopper-medium-v2_tau10_mpi4_seed3,bd2e682eb258aed89880f67334e123b0e0b98369fbc319f29c3a8091f21bd6bf,5862990,2026-08-30T15:52:45,True,True,652,188,hopper-medium-v2_tau10_mpi4_seed3.log,True,1205
hopper-medium-v2_tau12_mpi4_seed0,c79e9627c8a9efb7a6aea670b92f70c4f8f05770b2f8d5e784867f632a8cb191,5862990,2026-08-29T19:44:51,True,True,652,190,hopper-medium-v2_tau12_mpi4_seed0.log,True,1205
hopper-medium-v2_tau12_mpi4_seed1,91d6d32f7e1d40d4e02acd8ac8fcdb107e911af5a71bb7aff8d3f19f498ad1ba,5862990,2026-08-29T19:44:51,True,True,652,189,hopper-medium-v2_tau12_mpi4_seed1.log,True,1205
hopper-medium-v2_tau12_mpi4_seed2,4c0309caa412375e6bf0d67fbbad6fc5e4a9351aee632ca06246bb810a26bbdb,5862990,2026-08-30T16:02:26,True,True,652,189,hopper-medium-v2_tau12_mpi4_seed2.log,True,1205
hopper-medium-v2_tau12_mpi4_seed3,3a0f3a921f2c393a1466783fe7ffda0ee0a7f424c71931e1cfda7a7f1e53b0e6,5862990,2026-08-30T16:02:26,True,True,652,188,hopper-medium-v2_tau12_mpi4_seed3.log,True,1205
hopper-medium-v2_tau14_mpi4_seed0,21ec9273fd61a904bcfaf4e2f274a2e2119b0e63169fc9cacbd6edd7a4f2d8f4,5862990,2026-08-29T19:54:31,True,True,652,189,hopper-medium-v2_tau14_mpi4_seed0.log,True,1205
hopper-medium-v2_tau14_mpi4_seed1,49a6ae1e4e413a97bd58bb360425b76790f68195236fba9449118cdb93b9acbb,5862990,2026-08-29T19:54:31,True,True,652,188,hopper-medium-v2_tau14_mpi4_seed1.log,True,1205
hopper-medium-v2_tau14_mpi4_seed2,cead41ad8f04b7d82ca6ab38158f79e33c0c1675c67a3964493a530044b2a719,5862990,2026-08-30T16:12:06,True,True,652,190,hopper-medium-v2_tau14_mpi4_seed2.log,True,1205
hopper-medium-v2_tau14_mpi4_seed3,37066b43ac21e5d5e1c22a3d77112e6c8cbd4f03d576570d99923d1136fcaf64,5862990,2026-08-30T16:12:06,True,True,652,188,hopper-medium-v2_tau14_mpi4_seed3.log,True,1205
hopper-medium-v2_tau17_mpi4_seed0,888bfd860665258513da1c08bcac57d5712358ce19c98823e52b0d8ac0986b5c,5862990,2026-08-29T20:04:12,True,True,652,188,hopper-medium-v2_tau17_mpi4_seed0.log,True,1204
hopper-medium-v2_tau17_mpi4_seed1,34b669490eee84fe86ba18dee12e72b70c53784c207d6a22349acf945f58613b,5862990,2026-08-29T20:04:12,True,True,652,190,hopper-medium-v2_tau17_mpi4_seed1.log,True,1205
hopper-medium-v2_tau17_mpi4_seed2,b439c95ed327ae670b03b31fad600e0f66e8838ce03fea332b680d4a85a1913e,5862990,2026-08-30T16:21:47,True,True,652,189,hopper-medium-v2_tau17_mpi4_seed2.log,True,1205
hopper-medium-v2_tau17_mpi4_seed3,3c9db06e5ad5a1eaf2a15433fa282c28ada51a7cd6693a1f5baa3e55ff3e03a3,5862990,2026-08-30T16:21:47,True,True,652,188,hopper-medium-v2_tau17_mpi4_seed3.log,True,1205
hopper-medium-v2_tau2.5_mpi4_seed0,959b6eb6bc3f6463d0b1156a154b628e87c14dc7188b4e32cd4d6d5599f40d17,5862990,2026-08-29T19:06:09,True,True,651,190,hopper-medium-v2_tau2.5_mpi4_seed0.log,True,1207
hopper-medium-v2_tau2.5_mpi4_seed1,8fb569ba7375340ac903bd751ff49309b22761822a3837ed488149475703f06e,5862990,2026-08-29T19:06:09,True,True,651,191,hopper-medium-v2_tau2.5_mpi4_seed1.log,True,1207
hopper-medium-v2_tau2.5_mpi4_seed2,cad9c32579dc054845d045293dec90ac7ebe27aef43838a60675db657f298cf0,5862990,2026-08-30T15:23:44,True,True,651,190,hopper-medium-v2_tau2.5_mpi4_seed2.log,True,1207
hopper-medium-v2_tau2.5_mpi4_seed3,48449b7381e76f40c8d1476cc6c99382979712595937be8dc2f174e1e8757856,5862990,2026-08-30T15:23:44,True,True,651,189,hopper-medium-v2_tau2.5_mpi4_seed3.log,True,1207
hopper-medium-v2_tau20_mpi4_seed0,b0b1baefa8d42fbf87fa81e389735f2d099cc9836cda385a4fd4853e9465431e,5862990,2026-08-29T20:13:52,True,True,652,188,hopper-medium-v2_tau20_mpi4_seed0.log,True,1204
hopper-medium-v2_tau20_mpi4_seed1,632317092aa2b91ad4888428f5e2780e409c6beeb4fe913f027f758636b3207f,5862990,2026-08-29T20:13:52,True,True,652,188,hopper-medium-v2_tau20_mpi4_seed1.log,True,1204
hopper-medium-v2_tau20_mpi4_seed2,4a8c8ec8f847f1d38b69980bbdb9f2717dfaf6ec1c020d07b07a364f0e4ede63,5862990,2026-08-30T16:31:26,True,True,652,193,hopper-medium-v2_tau20_mpi4_seed2.log,True,1203
hopper-medium-v2_tau20_mpi4_seed3,1597791fa17f903891d7e059604cbc582fd57e4e4822774fd3180711445e048e,5862990,2026-08-30T16:31:26,True,True,652,189,hopper-medium-v2_tau20_mpi4_seed3.log,True,1204
hopper-medium-v2_tau4_mpi4_seed0,83a735be5243ace9067983555a892a1217e66502431b4638d09d9136fa82bc78,5862990,2026-08-29T19:15:49,True,True,651,190,hopper-medium-v2_tau4_mpi4_seed0.log,True,1201
hopper-medium-v2_tau4_mpi4_seed1,67960202262e9ca1bc6e1067dd43decf6f293a528fb028bd5404f6edf07b4d50,5862990,2026-08-29T19:15:49,True,True,651,185,hopper-medium-v2_tau4_mpi4_seed1.log,True,1201
hopper-medium-v2_tau4_mpi4_seed2,6ff913115440ca795946b04abbf1add1aaa4da7031cf577a609e42988eff1b3d,5862990,2026-08-30T15:33:23,True,True,651,189,hopper-medium-v2_tau4_mpi4_seed2.log,True,1201
hopper-medium-v2_tau4_mpi4_seed3,64ffdcc39cdd44ce519260128f9689770a47a6c955215c494889d01002517ea5,5862990,2026-08-30T15:33:24,True,True,651,187,hopper-medium-v2_tau4_mpi4_seed3.log,True,1201
hopper-medium-v2_tau7_mpi4_seed0,d7fc2be45693dc63c94c309789a18c04a7456a1678a52bf9dd4527c022750c5c,5862990,2026-08-29T19:25:29,True,True,651,190,hopper-medium-v2_tau7_mpi4_seed0.log,True,1201
hopper-medium-v2_tau7_mpi4_seed1,003916d3883551651fece3a23e7c60a6d3e45e3e427c2516e70aa30fb29ed823,5862990,2026-08-29T19:25:29,True,True,651,191,hopper-medium-v2_tau7_mpi4_seed1.log,True,1201
hopper-medium-v2_tau7_mpi4_seed2,09048dfb88f6708e83529841d9a9c0f85f6bb570bf436eb50ffcb485ea5714b4,5862990,2026-08-30T15:43:03,True,True,651,190,hopper-medium-v2_tau7_mpi4_seed2.log,True,1201
hopper-medium-v2_tau7_mpi4_seed3,94eb5a5d7cc56bf241b51eb4811427c263281fe9f0601df13783e0d0d6983f08,5862990,2026-08-30T15:43:04,True,True,651,188,hopper-medium-v2_tau7_mpi4_seed3.log,True,1201
walker2d-expert-v2_tau0.05_mpi4_seed0,19e2bd9d941a78ae9d5ef6de6723ab59f89fa4ccdebe7a9b7ceaa4293cb155f4,6056732,2026-08-30T12:11:42,True,True,654,195,walker2d-expert-v2_tau0.05_mpi4_seed0.log,True,1219
walker2d-expert-v2_tau0.05_mpi4_seed1,95ae1d303bf09f5d8c26170c3b443b395f646c94267d5fa2889d521a1fe0a27c,6056732,2026-08-30T12:11:42,True,True,654,193,walker2d-expert-v2_tau0.05_mpi4_seed1.log,True,1219
walker2d-expert-v2_tau0.05_mpi4_seed2,bf95ddf13f554bfb2f38b5b0690a032b17b4ea1a3ac66f65f80e8cb011e1e022,6056732,2026-08-31T08:28:02,True,True,654,193,walker2d-expert-v2_tau0.05_mpi4_seed2.log,True,1219
walker2d-expert-v2_tau0.05_mpi4_seed3,db1b5dd7c087f19174957a5e7c0d64756186c9abadb4cbaae197fff440149d8c,6056732,2026-08-31T08:28:03,True,True,654,195,walker2d-expert-v2_tau0.05_mpi4_seed3.log,True,1219
walker2d-expert-v2_tau0.1_mpi4_seed0,d4bf657df21eee9507c2f7bfb62161c4140c45848615b47be0efabd6471310b5,6056732,2026-08-30T12:21:23,True,True,653,193,walker2d-expert-v2_tau0.1_mpi4_seed0.log,True,1216
walker2d-expert-v2_tau0.1_mpi4_seed1,a0d632a23e7a8b7732795556c1838ed384b29d85fb27aef32e5de4fff8715b81,6056732,2026-08-30T12:21:23,True,True,653,192,walker2d-expert-v2_tau0.1_mpi4_seed1.log,True,1216
walker2d-expert-v2_tau0.1_mpi4_seed2,232f25089b87064e49545cd79c1498ce1c05622032fe27d73f7165175565cf1b,6056732,2026-08-31T08:37:42,True,True,653,193,walker2d-expert-v2_tau0.1_mpi4_seed2.log,True,1216
walker2d-expert-v2_tau0.1_mpi4_seed3,fd99bf8e12c0e765f19476701860c4c6a00ec56685f0b612c5b44252da1c43e2,6056732,2026-08-31T08:37:43,True,True,653,194,walker2d-expert-v2_tau0.1_mpi4_seed3.log,True,1216
walker2d-expert-v2_tau0.2_mpi4_seed0,7662c2cc4991ed501bddf682c81205747308cf7c31f0cc47a5850bae25d8ec7e,6056732,2026-08-30T12:31:03,True,True,653,192,walker2d-expert-v2_tau0.2_mpi4_seed0.log,True,1216
walker2d-expert-v2_tau0.2_mpi4_seed1,d1cf3ec707f2d2b6f9b4bede9c92311c2b64d2cef67b2115bc25b2506fafa0ec,6056732,2026-08-30T12:31:03,True,True,653,193,walker2d-expert-v2_tau0.2_mpi4_seed1.log,True,1216
walker2d-expert-v2_tau0.2_mpi4_seed2,cc717a6854558c703f4b5c97947d361272c95f04e806eaf2830625303df5205f,6056732,2026-08-31T08:47:23,True,True,653,189,walker2d-expert-v2_tau0.2_mpi4_seed2.log,True,1216
walker2d-expert-v2_tau0.2_mpi4_seed3,d19457fa5ea3e48762279a2989406b3e7d1f6d1e9e3de4bbed566d60e9b9d75d,6056732,2026-08-31T08:47:23,True,True,653,192,walker2d-expert-v2_tau0.2_mpi4_seed3.log,True,1216
walker2d-expert-v2_tau0.4_mpi4_seed0,3b2ffa03491f3f6af97726cc551f7ddba3b65d84296b0c6f2a5d385b8228f412,6056732,2026-08-30T12:40:44,True,True,653,191,walker2d-expert-v2_tau0.4_mpi4_seed0.log,True,1216
walker2d-expert-v2_tau0.4_mpi4_seed1,385e2cffdda861134d13015740e2f1316e107b61af4e88e8f6c91a5671dc9c92,6056732,2026-08-30T12:40:44,True,True,653,193,walker2d-expert-v2_tau0.4_mpi4_seed1.log,True,1216
walker2d-expert-v2_tau0.4_mpi4_seed2,8e862b6951c586a98739e05bbcc5cc2bf1bec116cfde7e1d4f93efb67102776d,6056732,2026-08-31T08:57:04,True,True,653,192,walker2d-expert-v2_tau0.4_mpi4_seed2.log,True,1216
walker2d-expert-v2_tau0.4_mpi4_seed3,6da4864fec33e804e994d7c6a714dd9be624743f8b5e29f1e48e1ae5c6a9b56c,6056732,2026-08-31T08:57:04,True,True,653,190,walker2d-expert-v2_tau0.4_mpi4_seed3.log,True,1216
walker2d-expert-v2_tau0.7_mpi4_seed0,99b6e204e1ca0c99c4f7707f99201f58ba59067b19d634c242f697d18d2131c9,6056732,2026-08-30T12:50:24,True,True,653,189,walker2d-expert-v2_tau0.7_mpi4_seed0.log,True,1216
walker2d-expert-v2_tau0.7_mpi4_seed1,03c85fb332726cf66c6a6310c5a7406873542ab57af92f1ae59562aad7016ab4,6056732,2026-08-30T12:50:24,True,True,653,191,walker2d-expert-v2_tau0.7_mpi4_seed1.log,True,1216
walker2d-expert-v2_tau0.7_mpi4_seed2,50e5a296c24abea50d70214ca97d21fe2a0055f2a532f65373352564de8874d6,6056732,2026-08-31T09:06:45,True,True,653,190,walker2d-expert-v2_tau0.7_mpi4_seed2.log,True,1216
walker2d-expert-v2_tau0.7_mpi4_seed3,5856d94680d6640b7334513aecc6801063a5fef2d52a2c5361f9e51fd0baa942,6056732,2026-08-31T09:06:45,True,True,653,193,walker2d-expert-v2_tau0.7_mpi4_seed3.log,True,1216
walker2d-expert-v2_tau1.5_mpi4_seed0,05ddb6f48e4a546ad87ff850485c129337ceb63ef59f68d18a515fd022055e85,6056732,2026-08-30T13:00:04,True,True,653,189,walker2d-expert-v2_tau1.5_mpi4_seed0.log,True,1216
walker2d-expert-v2_tau1.5_mpi4_seed1,48294edc54e48e59c3b3fc5a5d670ca21361a5b53b96221161dc523dd205c021,6056732,2026-08-30T13:00:04,True,True,653,189,walker2d-expert-v2_tau1.5_mpi4_seed1.log,True,1216
walker2d-expert-v2_tau1.5_mpi4_seed2,ac9a75ecc4f543979ba7d6de82b6a0e5570d64467598a1ef95912c6133e1b043,6056732,2026-08-31T09:16:25,True,True,653,190,walker2d-expert-v2_tau1.5_mpi4_seed2.log,True,1216
walker2d-expert-v2_tau1.5_mpi4_seed3,e84e05389a706f2df9dd86adcde4dd2ef4096a465a5823add7f47a4c8e276551,6056732,2026-08-31T09:16:25,True,True,653,190,walker2d-expert-v2_tau1.5_mpi4_seed3.log,True,1216
walker2d-expert-v2_tau10_mpi4_seed0,d2f22df36463d906e0bcf3a4710ba316c442b774fe91fcf8068f592466f41625,6056732,2026-08-30T13:38:43,True,True,654,188,walker2d-expert-v2_tau10_mpi4_seed0.log,True,1213
walker2d-expert-v2_tau10_mpi4_seed1,61d44628adea5f94aa14229427d193a43df382f96dcf9824c57394c724c5c13a,6056732,2026-08-30T13:38:43,True,True,654,188,walker2d-expert-v2_tau10_mpi4_seed1.log,True,1213
walker2d-expert-v2_tau10_mpi4_seed2,0ec8367401c1dc4c3573a2a83cd69842f097745140526b15e0f963c2af3bb176,6056732,2026-08-31T09:55:07,True,True,654,188,walker2d-expert-v2_tau10_mpi4_seed2.log,True,1213
walker2d-expert-v2_tau10_mpi4_seed3,ce67d8bbc0471ee053d4aa6018110bec82a23c7b3207a9c820a704a9de8d1971,6056732,2026-08-31T09:55:07,True,True,654,189,walker2d-expert-v2_tau10_mpi4_seed3.log,True,1213
walker2d-expert-v2_tau12_mpi4_seed0,46dc639936c6a144d21c0f350c886d75619f5f97be3b807a9d992a7f74ceffb3,6056732,2026-08-30T13:48:24,True,True,654,190,walker2d-expert-v2_tau12_mpi4_seed0.log,True,1213
walker2d-expert-v2_tau12_mpi4_seed1,2b90d31c420b82e86bd939dc247b5d6a462d01100d8eb898fd6dccfe58c881f8,6056732,2026-08-30T13:48:24,True,True,654,188,walker2d-expert-v2_tau12_mpi4_seed1.log,True,1213
walker2d-expert-v2_tau12_mpi4_seed2,653569a65850f7a403f73f67d12a05676538278138579cab669fca0a7f10e95f,6056732,2026-08-31T10:04:46,True,True,654,189,walker2d-expert-v2_tau12_mpi4_seed2.log,True,1213
walker2d-expert-v2_tau12_mpi4_seed3,efd734396a3d5bdc0f7a8175a0dae8f5ea8b3914317f69b67c99926257170f5d,6056732,2026-08-31T10:04:45,True,True,654,197,walker2d-expert-v2_tau12_mpi4_seed3.log,True,1212
walker2d-expert-v2_tau14_mpi4_seed0,4e9d1f07c7684387a4ff77fdbd1cd063601e7efb160b658ceae6edb8ee9a8233,6056732,2026-08-30T13:58:03,True,True,654,191,walker2d-expert-v2_tau14_mpi4_seed0.log,True,1211
walker2d-expert-v2_tau14_mpi4_seed1,e4323ca574917fb19829e9c04009bf471e3298419aa7546acd4a96885da51234,6056732,2026-08-30T13:58:02,True,True,654,196,walker2d-expert-v2_tau14_mpi4_seed1.log,True,1212
walker2d-expert-v2_tau14_mpi4_seed2,cc29728aa665caee9bf69ea3c8f14c685957a298b6101e1cfcd74acfb71dbbd5,6056732,2026-08-31T10:14:24,True,True,654,195,walker2d-expert-v2_tau14_mpi4_seed2.log,True,1212
walker2d-expert-v2_tau14_mpi4_seed3,3b536c7cb516c9832456d00b860f64e94190579f7448066315549d732c151e25,6056732,2026-08-31T10:14:24,True,True,654,197,walker2d-expert-v2_tau14_mpi4_seed3.log,True,1212
walker2d-expert-v2_tau17_mpi4_seed0,04d4fac00153a8981f2436f2eec3b520698069c6c43a0d2be5b9d2e89e03df78,6056732,2026-08-30T14:07:41,True,True,654,192,walker2d-expert-v2_tau17_mpi4_seed0.log,True,1211
walker2d-expert-v2_tau17_mpi4_seed1,8d865a2bcc97bfc21b01780f2c965185401738b192fa43546427c45fd06c92dc,6056732,2026-08-30T14:07:43,True,True,654,188,walker2d-expert-v2_tau17_mpi4_seed1.log,True,1213
walker2d-expert-v2_tau17_mpi4_seed2,34b106358198ebf2fc5b41bc6ee6393f020430911f9adce0b2e7e2bf2a85350c,6056732,2026-08-31T10:24:02,True,True,654,195,walker2d-expert-v2_tau17_mpi4_seed2.log,True,1212
walker2d-expert-v2_tau17_mpi4_seed3,5152baf3f32014067c3285878b5d1e4fb8611c581b94700b82888efb6016af53,6056732,2026-08-31T10:24:02,True,True,654,193,walker2d-expert-v2_tau17_mpi4_seed3.log,True,1212
walker2d-expert-v2_tau2.5_mpi4_seed0,161c16525debb2af57f039e7a068951957a89c3bf9cb70c570104f096cfc0620,6056732,2026-08-30T13:09:44,True,True,653,191,walker2d-expert-v2_tau2.5_mpi4_seed0.log,True,1216
walker2d-expert-v2_tau2.5_mpi4_seed1,cb6de2d24d2fc2a66b5e5e69576a9378cc1e323966cb2bc51d23e326e824a1ff,6056732,2026-08-30T13:09:44,True,True,653,190,walker2d-expert-v2_tau2.5_mpi4_seed1.log,True,1216
walker2d-expert-v2_tau2.5_mpi4_seed2,dcd1872577681127990159693d913eab3decc1b76ac6b542a7cbc436dd5c4aa1,6056732,2026-08-31T09:26:05,True,True,653,191,walker2d-expert-v2_tau2.5_mpi4_seed2.log,True,1216
walker2d-expert-v2_tau2.5_mpi4_seed3,4260f9c735ae086482b91c004efb39d0dc11ea3bc395873757596451c8f70458,6056732,2026-08-31T09:26:05,True,True,653,191,walker2d-expert-v2_tau2.5_mpi4_seed3.log,True,1216
walker2d-expert-v2_tau20_mpi4_seed0,b679014b1fa5ab561f93ef341e959b191cbbf85c11e8eb74e127c4996e5463d8,6056732,2026-08-30T14:17:18,True,True,654,192,walker2d-expert-v2_tau20_mpi4_seed0.log,True,1211
walker2d-expert-v2_tau20_mpi4_seed1,a991e5aea74d337df9e168d034d92c199e90781866568502855db07d0a0f7eb0,6056732,2026-08-30T14:17:19,True,True,654,198,walker2d-expert-v2_tau20_mpi4_seed1.log,True,1212
walker2d-expert-v2_tau20_mpi4_seed2,0bc0fde1c378b981d481850f78d549da41fda236969879cba71c347b425b7daf,6056732,2026-08-31T10:33:41,True,True,654,195,walker2d-expert-v2_tau20_mpi4_seed2.log,True,1212
walker2d-expert-v2_tau20_mpi4_seed3,1dc98662f990d71bf93ab05c46e2d53abe072d95087ab21ed084eb1437c70bfd,6056732,2026-08-31T10:33:41,True,True,654,197,walker2d-expert-v2_tau20_mpi4_seed3.log,True,1212
walker2d-expert-v2_tau4_mpi4_seed0,a3b8713eecfb4504aeb210244de0f97f1118ee83089fb609b9388b6aa813e67c,6056732,2026-08-30T13:19:24,True,True,653,191,walker2d-expert-v2_tau4_mpi4_seed0.log,True,1210
walker2d-expert-v2_tau4_mpi4_seed1,c1dbbbf89ebf0ad45cecb6498163e051144476a827a59df21ba4893190dcd693,6056732,2026-08-30T13:19:24,True,True,653,190,walker2d-expert-v2_tau4_mpi4_seed1.log,True,1210
walker2d-expert-v2_tau4_mpi4_seed2,eccd585018ac63fdbeb378a8f943540c9bb7de2fce6e0d099010922d9f309573,6056732,2026-08-31T09:35:46,True,True,653,191,walker2d-expert-v2_tau4_mpi4_seed2.log,True,1210
walker2d-expert-v2_tau4_mpi4_seed3,7541a2e65b5b491f19ceb1301799f3bbf4352213d3c05af7f3a1af0e0dcce448,6056732,2026-08-31T09:35:46,True,True,653,191,walker2d-expert-v2_tau4_mpi4_seed3.log,True,1210
walker2d-expert-v2_tau7_mpi4_seed0,f954696c81cf71340de196285271e7c7d4beb03e2f9cc2462eac9ae071e28f58,6056732,2026-08-30T13:29:03,True,True,653,191,walker2d-expert-v2_tau7_mpi4_seed0.log,True,1210
walker2d-expert-v2_tau7_mpi4_seed1,2bbc9a9fbe5e145a7ce1cb2a1f2f14edc1ac86760cfad83dfa750adfcf1737f0,6056732,2026-08-30T13:29:03,True,True,653,189,walker2d-expert-v2_tau7_mpi4_seed1.log,True,1210
walker2d-expert-v2_tau7_mpi4_seed2,be2a2c5e77559cafabc258c01966ad31005a547e0f502466faaa3a96cf30cf36,6056732,2026-08-31T09:45:26,True,True,653,191,walker2d-expert-v2_tau7_mpi4_seed2.log,True,1210
walker2d-expert-v2_tau7_mpi4_seed3,367dcc70ba75b3a63447ffbdc9f083f53a284521b11b123dc887314c7fa0d734,6056732,2026-08-31T09:45:26,True,True,653,190,walker2d-expert-v2_tau7_mpi4_seed3.log,True,1210
walker2d-medium-replay-v2_tau0.05_mpi4_seed0,6cb3cc52762f7a5965f6192adeaec0f26dee98ad1a2df7d7026f5181e126e078,6056739,2026-08-30T09:54:41,True,True,661,190,walker2d-medium-replay-v2_tau0.05_mpi4_seed0.log,True,1239
walker2d-medium-replay-v2_tau0.05_mpi4_seed1,00eff49a4204de849a67fc647eb1a4d5e5d4aabebccfea107a735d395d6ee141,6056739,2026-08-30T09:54:41,True,True,661,191,walker2d-medium-replay-v2_tau0.05_mpi4_seed1.log,True,1239
walker2d-medium-replay-v2_tau0.05_mpi4_seed2,181cb8185cf15f935100cd059a42d5e7c261db99280c9dfe62bcdaffbee861a5,6056739,2026-08-31T06:12:57,True,True,661,190,walker2d-medium-replay-v2_tau0.05_mpi4_seed2.log,True,1239
walker2d-medium-replay-v2_tau0.05_mpi4_seed3,0f23757ca1f26f37ac8ec7d09795ccf061c25a14f3c72c40be505d80ec0d7bd3,6056739,2026-08-31T06:12:58,True,True,661,193,walker2d-medium-replay-v2_tau0.05_mpi4_seed3.log,True,1239
walker2d-medium-replay-v2_tau0.1_mpi4_seed0,49f1f9cb5cf555894d6f8135217afb51a4f538cb497a439d02b2759b9236190d,6056739,2026-08-30T10:04:19,True,True,660,193,walker2d-medium-replay-v2_tau0.1_mpi4_seed0.log,True,1236
walker2d-medium-replay-v2_tau0.1_mpi4_seed1,d95e588196cd8ba9e64c963220c8e2b3debfea88db2f438fc2a0f061e8e8f194,6056739,2026-08-30T10:04:19,True,True,660,193,walker2d-medium-replay-v2_tau0.1_mpi4_seed1.log,True,1236
walker2d-medium-replay-v2_tau0.1_mpi4_seed2,b1d8b6cbdac4f8734eedf596cf6db9f3680ac7f0ba7b5a8bf983526da943a967,6056739,2026-08-31T06:22:33,True,True,660,192,walker2d-medium-replay-v2_tau0.1_mpi4_seed2.log,True,1236
walker2d-medium-replay-v2_tau0.1_mpi4_seed3,a3fca45357635565b8ff326dbf95ed9e322656981e59ffd5cc1000020df14c2b,6056739,2026-08-31T06:22:34,True,True,660,191,walker2d-medium-replay-v2_tau0.1_mpi4_seed3.log,True,1236
walker2d-medium-replay-v2_tau0.2_mpi4_seed0,0007d9ea3a7d40267bf0ae2ac1b42df631aee9e5a09784932aaa5c93887f48ed,6056739,2026-08-30T10:13:58,True,True,660,189,walker2d-medium-replay-v2_tau0.2_mpi4_seed0.log,True,1236
walker2d-medium-replay-v2_tau0.2_mpi4_seed1,741ba55bb24e6818c8036a17aaaa42e76bd75cc8de67ef65758a6baac31b61d6,6056739,2026-08-30T10:13:58,True,True,660,188,walker2d-medium-replay-v2_tau0.2_mpi4_seed1.log,True,1236
walker2d-medium-replay-v2_tau0.2_mpi4_seed2,8ace2e5c2865fc16d88ba370ddf755d6d35acbddf978021ce658b770adf99807,6056739,2026-08-31T06:32:12,True,True,660,193,walker2d-medium-replay-v2_tau0.2_mpi4_seed2.log,True,1236
walker2d-medium-replay-v2_tau0.2_mpi4_seed3,9e3959b28a8395f93db68731620c1a1baeec83a3198ff02b26928aa690408041,6056739,2026-08-31T06:32:12,True,True,660,192,walker2d-medium-replay-v2_tau0.2_mpi4_seed3.log,True,1236
walker2d-medium-replay-v2_tau0.4_mpi4_seed0,551c573bb16d560ca35d8fca28430389da31290083d418b40cdfcc5d85172f4c,6056773,2026-08-30T10:25:45,True,True,660,191,walker2d-medium-replay-v2_tau0.4_mpi4_seed0.log,True,1366
walker2d-medium-replay-v2_tau0.4_mpi4_seed1,b2a0fa715e55d5705190506203af24dd0e31dab8026268c89f84dd27108f0802,6056773,2026-08-30T10:25:45,True,True,660,191,walker2d-medium-replay-v2_tau0.4_mpi4_seed1.log,True,1366
walker2d-medium-replay-v2_tau0.4_mpi4_seed2,370bc15a5bbcfb10f768371c02ccc12406aa070d200ebe79e88d2df110eacc9f,6056739,2026-08-31T06:41:51,True,True,660,192,walker2d-medium-replay-v2_tau0.4_mpi4_seed2.log,True,1236
walker2d-medium-replay-v2_tau0.4_mpi4_seed3,080ee743d03e2563c14b004441aaf7e09fa458895711b8749e86dffbebd774b5,6056739,2026-08-31T06:41:51,True,True,660,190,walker2d-medium-replay-v2_tau0.4_mpi4_seed3.log,True,1236
walker2d-medium-replay-v2_tau0.7_mpi4_seed0,2a536995e878cc3d96ec18a9ed8bceb2221cc3c07b2cc28b714ee368318f8ced,6056739,2026-08-30T10:35:23,True,True,660,190,walker2d-medium-replay-v2_tau0.7_mpi4_seed0.log,True,1236
walker2d-medium-replay-v2_tau0.7_mpi4_seed1,f78771651ae4250fa8c53142f7068ed52009870276dce27399e9d518c0ab8a59,6056739,2026-08-30T10:35:23,True,True,660,189,walker2d-medium-replay-v2_tau0.7_mpi4_seed1.log,True,1236
walker2d-medium-replay-v2_tau0.7_mpi4_seed2,74e6a2386888f09ada7a95280554fb75138178921b73b43697819bd48db3a857,6056739,2026-08-31T06:51:30,True,True,660,192,walker2d-medium-replay-v2_tau0.7_mpi4_seed2.log,True,1236
walker2d-medium-replay-v2_tau0.7_mpi4_seed3,1b8f1d9d483f2e0c0a052756caf634605ce83d70ffd1820e484bb17d98df7af8,6056739,2026-08-31T06:51:30,True,True,660,190,walker2d-medium-replay-v2_tau0.7_mpi4_seed3.log,True,1236
walker2d-medium-replay-v2_tau1.5_mpi4_seed0,5e02b497ce4b049eb76307ce8526ac3e135e24415d23b2c8b22fbd4b11464764,6056739,2026-08-30T10:45:00,True,True,660,190,walker2d-medium-replay-v2_tau1.5_mpi4_seed0.log,True,1236
walker2d-medium-replay-v2_tau1.5_mpi4_seed1,46af49280391d2c54a8bb796b15af3ac5e1bbff44c76af6b7303009280d32951,6056739,2026-08-30T10:45:01,True,True,660,187,walker2d-medium-replay-v2_tau1.5_mpi4_seed1.log,True,1236
walker2d-medium-replay-v2_tau1.5_mpi4_seed2,e5fc04c1845faa5a3ca6659bff8390922239a712ffa04d333c1e604566e47232,6056739,2026-08-31T07:01:11,True,True,660,190,walker2d-medium-replay-v2_tau1.5_mpi4_seed2.log,True,1236
walker2d-medium-replay-v2_tau1.5_mpi4_seed3,cbbaae092fb650200c450f6e0588ac2cda6061ffe0f19cbbf9d822246ffa0149,6056739,2026-08-31T07:01:11,True,True,660,187,walker2d-medium-replay-v2_tau1.5_mpi4_seed3.log,True,1236
walker2d-medium-replay-v2_tau10_mpi4_seed0,86f45fc4d787f55e360caafd270e33fb2fd510b4b2462e17f6faa6f5334ff2ed,6056739,2026-08-30T11:23:33,True,True,661,188,walker2d-medium-replay-v2_tau10_mpi4_seed0.log,True,1233
walker2d-medium-replay-v2_tau10_mpi4_seed1,672f140f16932a4a85339d30e132cced2d7d7125b6ebdb77d7e679fc5ff09bc4,6056739,2026-08-30T11:23:33,True,True,661,188,walker2d-medium-replay-v2_tau10_mpi4_seed1.log,True,1233
walker2d-medium-replay-v2_tau10_mpi4_seed2,dab23ef36d64dd438bfa55264d6eb3c93e262efef1ada936b515af526ba1d4b7,6056739,2026-08-31T07:39:48,True,True,661,184,walker2d-medium-replay-v2_tau10_mpi4_seed2.log,True,1233
walker2d-medium-replay-v2_tau10_mpi4_seed3,307829571c702608593b6f6f04c97e159a67ad07431b2185e993dbd3e2c24712,6056739,2026-08-31T07:39:48,True,True,661,188,walker2d-medium-replay-v2_tau10_mpi4_seed3.log,True,1233
walker2d-medium-replay-v2_tau12_mpi4_seed0,498b498595ca19a4637066ac388b537ba10730130a71faf017eab020312cfdb4,6056739,2026-08-30T11:33:11,True,True,661,188,walker2d-medium-replay-v2_tau12_mpi4_seed0.log,True,1232
walker2d-medium-replay-v2_tau12_mpi4_seed1,fe465f618a9117dad6c9db31bd93e43fc91086e6b87bc3d8031ca9c065fa1cb5,6056739,2026-08-30T11:33:12,True,True,661,187,walker2d-medium-replay-v2_tau12_mpi4_seed1.log,True,1233
walker2d-medium-replay-v2_tau12_mpi4_seed2,45d69e431c0173f11b70fb084af37de100b08119b764034cff0440c8330e5ac5,6056739,2026-08-31T07:49:26,True,True,661,183,walker2d-medium-replay-v2_tau12_mpi4_seed2.log,True,1233
walker2d-medium-replay-v2_tau12_mpi4_seed3,05a0e44fb3def8e170b89a3b71c22666e7e500038ca2e80cade03d126971b9ab,6056739,2026-08-31T07:49:27,True,True,661,189,walker2d-medium-replay-v2_tau12_mpi4_seed3.log,True,1233
walker2d-medium-replay-v2_tau14_mpi4_seed0,9c56b8e137046da811220b8caa33d43c57787b3a59398552b6b4c0ea1b1a4d6f,6056739,2026-08-30T11:42:48,True,True,661,188,walker2d-medium-replay-v2_tau14_mpi4_seed0.log,True,1232
walker2d-medium-replay-v2_tau14_mpi4_seed1,3f0d9bd9cee0254c0c4e095c65c97046e8fd607246c15d4ef97fb63dda2ca8a1,6056739,2026-08-30T11:42:49,True,True,661,186,walker2d-medium-replay-v2_tau14_mpi4_seed1.log,True,1233
walker2d-medium-replay-v2_tau14_mpi4_seed2,41cb7056f8b2fe70a67c7a3ed90ac3a20af2b0c791f38c7d68d9bc18d49e1a48,6056739,2026-08-31T07:59:05,True,True,661,187,walker2d-medium-replay-v2_tau14_mpi4_seed2.log,True,1233
walker2d-medium-replay-v2_tau14_mpi4_seed3,6aa466a3a52ba1657235fbc0681108be41d5262556edcf839103517659866c64,6056739,2026-08-31T07:59:06,True,True,661,188,walker2d-medium-replay-v2_tau14_mpi4_seed3.log,True,1233
walker2d-medium-replay-v2_tau17_mpi4_seed0,62166677f7972b0c53264c823fb43c12a0ecb72ca56b05f11a716ad1ff25184a,6056739,2026-08-30T11:52:25,True,True,661,186,walker2d-medium-replay-v2_tau17_mpi4_seed0.log,True,1233
walker2d-medium-replay-v2_tau17_mpi4_seed1,b2c8f878872283bdecdf4ef92f006c832860e1e53e68661605c97187a1b934d7,6056739,2026-08-30T11:52:26,True,True,661,187,walker2d-medium-replay-v2_tau17_mpi4_seed1.log,True,1233
walker2d-medium-replay-v2_tau17_mpi4_seed2,f052c8ac7303111ed32a101c0f215215a0a325a3a56da62b61022e118dca0cdd,6056739,2026-08-31T08:08:45,True,True,661,185,walker2d-medium-replay-v2_tau17_mpi4_seed2.log,True,1233
walker2d-medium-replay-v2_tau17_mpi4_seed3,82872a010ad28787930cf40b4bf0c329f610b0e62293a22cb1fda604ec2fe3fc,6056739,2026-08-31T08:08:45,True,True,661,186,walker2d-medium-replay-v2_tau17_mpi4_seed3.log,True,1233
walker2d-medium-replay-v2_tau2.5_mpi4_seed0,69dd2dcc3cc241309bf9b995add4e1fe528bd5d55ad49024c38ef41af6bfca21,6056739,2026-08-30T10:54:38,True,True,660,189,walker2d-medium-replay-v2_tau2.5_mpi4_seed0.log,True,1236
walker2d-medium-replay-v2_tau2.5_mpi4_seed1,9294fa1ae409a392a13928a0034b54c690fe9fcc5695e39e699ba6f42d006240,6056739,2026-08-30T10:54:39,True,True,660,188,walker2d-medium-replay-v2_tau2.5_mpi4_seed1.log,True,1236
walker2d-medium-replay-v2_tau2.5_mpi4_seed2,18c5854a77131c71867d1b06ff6014c3fd9041eea28dff2bff5a455c5274870e,6056739,2026-08-31T07:10:50,True,True,660,186,walker2d-medium-replay-v2_tau2.5_mpi4_seed2.log,True,1236
walker2d-medium-replay-v2_tau2.5_mpi4_seed3,03df09f4a4805259523c69f7474d27ac4b69c8e782c4a32224902d4620209b57,6056739,2026-08-31T07:10:50,True,True,660,190,walker2d-medium-replay-v2_tau2.5_mpi4_seed3.log,True,1236
walker2d-medium-replay-v2_tau20_mpi4_seed0,df4cf95db73ed149cfc4420fe73968e03d0caf7fe86d5d91aef8f0a4c7d7dd65,6056739,2026-08-30T12:02:03,True,True,661,187,walker2d-medium-replay-v2_tau20_mpi4_seed0.log,True,1233
walker2d-medium-replay-v2_tau20_mpi4_seed1,5ce5311ab3dbba54c22bff6fb8eeab7cb8f3f11a6ddaf8de611efcfe35195a39,6056739,2026-08-30T12:02:02,True,True,661,186,walker2d-medium-replay-v2_tau20_mpi4_seed1.log,True,1232
walker2d-medium-replay-v2_tau20_mpi4_seed2,8de763ec3c2e71d342c077a95a837a0b3222426114138b31203dc2f949eb0e64,6056739,2026-08-31T08:18:22,True,True,661,188,walker2d-medium-replay-v2_tau20_mpi4_seed2.log,True,1232
walker2d-medium-replay-v2_tau20_mpi4_seed3,e247842dc98f97f5ef0050acdc4eda02accda076c89c4c349c37346af6a4b1dc,6056739,2026-08-31T08:18:24,True,True,661,187,walker2d-medium-replay-v2_tau20_mpi4_seed3.log,True,1233
walker2d-medium-replay-v2_tau4_mpi4_seed0,2f07259e3d23c464a00236838f90b9678ebbcd1b8eaaef4f4731070750dcf81c,6056739,2026-08-30T11:04:16,True,True,660,188,walker2d-medium-replay-v2_tau4_mpi4_seed0.log,True,1230
walker2d-medium-replay-v2_tau4_mpi4_seed1,7c3a8ad1b8a279f16853999490f95ae7b411dd93a62cdc5536af8c35079ab6cb,6056739,2026-08-30T11:04:16,True,True,660,190,walker2d-medium-replay-v2_tau4_mpi4_seed1.log,True,1230
walker2d-medium-replay-v2_tau4_mpi4_seed2,19804e9dfc609d288dbfe45934172017e14328a0b4337b4f1833b33dbe497d15,6056739,2026-08-31T07:20:30,True,True,660,189,walker2d-medium-replay-v2_tau4_mpi4_seed2.log,True,1230
walker2d-medium-replay-v2_tau4_mpi4_seed3,03b4f7ae9f6478b191d62605c19877e823ffa245de38413fb8551f3e65cd5961,6056739,2026-08-31T07:20:30,True,True,660,190,walker2d-medium-replay-v2_tau4_mpi4_seed3.log,True,1230
walker2d-medium-replay-v2_tau7_mpi4_seed0,fd986e5b59096626ad3fb68a1ea3717111b0cdb2f8bab56009ce96191b28529f,6056739,2026-08-30T11:13:55,True,True,660,188,walker2d-medium-replay-v2_tau7_mpi4_seed0.log,True,1230
walker2d-medium-replay-v2_tau7_mpi4_seed1,a37d5df08551d3f71a4f91a6d673b9ed50b689257d9dd2d882960b8899586fbd,6056739,2026-08-30T11:13:55,True,True,660,185,walker2d-medium-replay-v2_tau7_mpi4_seed1.log,True,1230
walker2d-medium-replay-v2_tau7_mpi4_seed2,be80b9e17bb7b9d7df4991e57ff7ff88ee8412769c16b8e2704ef8e7260a0cb2,6056739,2026-08-31T07:30:08,True,True,660,188,walker2d-medium-replay-v2_tau7_mpi4_seed2.log,True,1230
walker2d-medium-replay-v2_tau7_mpi4_seed3,860d9749fd9dd0fccd3ed62014248d4ec2514c05bdc536d37d13a31c166fb026,6056739,2026-08-31T07:30:09,True,True,660,188,walker2d-medium-replay-v2_tau7_mpi4_seed3.log,True,1230
walker2d-medium-v2_tau0.05_mpi4_seed0,0b015de1cb41cc53ce6da6abce91d107b106d91c7d39ac96117eeab412dece89,6056732,2026-08-30T07:39:35,True,True,654,192,walker2d-medium-v2_tau0.05_mpi4_seed0.log,True,1218
walker2d-medium-v2_tau0.05_mpi4_seed1,99fa3b884a7d0164fc7d059a8eed7a8dc54f2f01846e4abce7753d7a0ab84faa,6056732,2026-08-30T07:39:35,True,True,654,193,walker2d-medium-v2_tau0.05_mpi4_seed1.log,True,1218
walker2d-medium-v2_tau0.05_mpi4_seed2,8dba6e58ff6ef54e824b09e33e58216846c38155198b6382a92532868e6c9c29,6056732,2026-08-31T03:57:32,True,True,654,192,walker2d-medium-v2_tau0.05_mpi4_seed2.log,True,1218
walker2d-medium-v2_tau0.05_mpi4_seed3,88e8668055e8f6395da6eba83606840ac663dc3c39048afebef3e55aa668bced,6056732,2026-08-31T03:57:32,True,True,654,193,walker2d-medium-v2_tau0.05_mpi4_seed3.log,True,1218
walker2d-medium-v2_tau0.1_mpi4_seed0,773041e2ecf36b4802ac79f6258559eacec29ff0fa1553ef88bf84218ed8fa8b,6056732,2026-08-30T07:49:16,True,True,653,193,walker2d-medium-v2_tau0.1_mpi4_seed0.log,True,1215
walker2d-medium-v2_tau0.1_mpi4_seed1,19771db431b2930fc8d39b48edbd3e03c38dcda74e68b811c8a79190225b7243,6056732,2026-08-30T07:49:16,True,True,653,193,walker2d-medium-v2_tau0.1_mpi4_seed1.log,True,1215
walker2d-medium-v2_tau0.1_mpi4_seed2,23c967fcb910ce4442aa15fa2188b39019003caac6a57c7f16f8ff7aaa7ff743,6056732,2026-08-31T04:07:13,True,True,653,192,walker2d-medium-v2_tau0.1_mpi4_seed2.log,True,1215
walker2d-medium-v2_tau0.1_mpi4_seed3,8a39ab9f52b60521188e6107c66fa65c92bf14236bdac90805b2cb05910cc6c8,6056732,2026-08-31T04:07:13,True,True,653,193,walker2d-medium-v2_tau0.1_mpi4_seed3.log,True,1215
walker2d-medium-v2_tau0.2_mpi4_seed0,f6790de1977f3e11b7734592ecdda84b693bff6fa644c283ee3f58c36b930fc5,6056732,2026-08-30T07:58:55,True,True,653,192,walker2d-medium-v2_tau0.2_mpi4_seed0.log,True,1215
walker2d-medium-v2_tau0.2_mpi4_seed1,e64ea81039526e416f7cb7aadb64f4a4b9dadbf2d664218653a040308c98f24c,6056732,2026-08-30T07:58:55,True,True,653,192,walker2d-medium-v2_tau0.2_mpi4_seed1.log,True,1215
walker2d-medium-v2_tau0.2_mpi4_seed2,672ee5981a5ba5c2ef0f2f7b17387c69729ee87d903b0050f59a75d2b2ad2a4d,6056732,2026-08-31T04:16:53,True,True,653,192,walker2d-medium-v2_tau0.2_mpi4_seed2.log,True,1215
walker2d-medium-v2_tau0.2_mpi4_seed3,9ba98069614ec4e70ee13fbbd02fdda808ee2539a807e3da28b8235e894c34e6,6056732,2026-08-31T04:16:54,True,True,653,193,walker2d-medium-v2_tau0.2_mpi4_seed3.log,True,1215
walker2d-medium-v2_tau0.4_mpi4_seed0,7fe3b540b44c2e312c43a18a201d02f09b03385fab77e30190af97bac81ce5f0,6056732,2026-08-30T08:08:36,True,True,653,190,walker2d-medium-v2_tau0.4_mpi4_seed0.log,True,1215
walker2d-medium-v2_tau0.4_mpi4_seed1,a572238535073f1add76a59e3cd63e4df26d7c207c07c749f895c9ccd8b0d4ee,6056732,2026-08-30T08:08:36,True,True,653,192,walker2d-medium-v2_tau0.4_mpi4_seed1.log,True,1215
walker2d-medium-v2_tau0.4_mpi4_seed2,c9fa1456f0e23fb06b523725e0be02d4bbfc8303c6fc2ea2f63c0364b1e4df0a,6056732,2026-08-31T04:26:34,True,True,653,192,walker2d-medium-v2_tau0.4_mpi4_seed2.log,True,1215
walker2d-medium-v2_tau0.4_mpi4_seed3,006938cebb5307f13af99713f2db7464819d925fa88f84e006f23aa4b634b8a7,6056732,2026-08-31T04:26:34,True,True,653,190,walker2d-medium-v2_tau0.4_mpi4_seed3.log,True,1215
walker2d-medium-v2_tau0.7_mpi4_seed0,fbe65033331400fbc12abe776956726caf57473419cea0bc67eae9815864bc96,6056732,2026-08-30T08:18:15,True,True,653,192,walker2d-medium-v2_tau0.7_mpi4_seed0.log,True,1215
walker2d-medium-v2_tau0.7_mpi4_seed1,18af891c4425cb0524488486a15bba21a8c1af8170df2d00314635ed4f62e834,6056732,2026-08-30T08:18:15,True,True,653,190,walker2d-medium-v2_tau0.7_mpi4_seed1.log,True,1215
walker2d-medium-v2_tau0.7_mpi4_seed2,03cc1ab2fee729d3f848a45c0bba9ed7f8e2fa7bfe0153fc6ff326fbe406aaa0,6056732,2026-08-31T04:36:15,True,True,653,190,walker2d-medium-v2_tau0.7_mpi4_seed2.log,True,1215
walker2d-medium-v2_tau0.7_mpi4_seed3,7869f3b1ca21ed055bd99e5d28b48754e71025586a1410f542e413b6b11cae94,6056732,2026-08-31T04:36:15,True,True,653,191,walker2d-medium-v2_tau0.7_mpi4_seed3.log,True,1215
walker2d-medium-v2_tau1.5_mpi4_seed0,39e6e31bacd861c62f3f0d3c55653aefc87f317bc5d93893809165e602286ada,6056732,2026-08-30T08:27:56,True,True,653,190,walker2d-medium-v2_tau1.5_mpi4_seed0.log,True,1215
walker2d-medium-v2_tau1.5_mpi4_seed1,cd289361cb40b56b75f7d22b90472738a523d2357b4b94845107db5e42df95b6,6056732,2026-08-30T08:27:56,True,True,653,191,walker2d-medium-v2_tau1.5_mpi4_seed1.log,True,1215
walker2d-medium-v2_tau1.5_mpi4_seed2,5bd6829c9e28ab84bb79ea9885e57b03aef8914cac803a0721d80262d152c5cb,6056732,2026-08-31T04:45:57,True,True,653,190,walker2d-medium-v2_tau1.5_mpi4_seed2.log,True,1215
walker2d-medium-v2_tau1.5_mpi4_seed3,c61ecc57153b61c1686e16b43931c24a4c48c053d5d49920f8d2c9aa2cb74c61,6056732,2026-08-31T04:45:57,True,True,653,189,walker2d-medium-v2_tau1.5_mpi4_seed3.log,True,1215
walker2d-medium-v2_tau10_mpi4_seed0,f4b0ef889350d3416de6caab4fc59c1e1ed3bb8b78dd16a9441fcd6f9dc164f1,6056732,2026-08-30T09:06:35,True,True,654,193,walker2d-medium-v2_tau10_mpi4_seed0.log,True,1211
walker2d-medium-v2_tau10_mpi4_seed1,de14e2606d1ea60db779cd753ba2ca045f184de751ed99cc9488f10681899c4d,6056732,2026-08-30T09:06:36,True,True,654,187,walker2d-medium-v2_tau10_mpi4_seed1.log,True,1212
walker2d-medium-v2_tau10_mpi4_seed2,9347637ff3798b67cd583597ea1ba6bcb4624b98b3666bff9c5cefbc76118baf,6056732,2026-08-31T05:24:42,True,True,654,188,walker2d-medium-v2_tau10_mpi4_seed2.log,True,1212
walker2d-medium-v2_tau10_mpi4_seed3,584336aea77c9d26335e6b3fede88037d99ebc8647b903f4c3094777903161d9,6056732,2026-08-31T05:24:42,True,True,654,188,walker2d-medium-v2_tau10_mpi4_seed3.log,True,1212
walker2d-medium-v2_tau12_mpi4_seed0,e699739f198a005a98a5bb4660f34e0e77bb9269cee817e9963b8f860d3ca542,6056732,2026-08-30T09:16:14,True,True,654,192,walker2d-medium-v2_tau12_mpi4_seed0.log,True,1211
walker2d-medium-v2_tau12_mpi4_seed1,bdbac01d7167f3d53ea137d5dda1668d4cd955536193fca73a04d03268e01e87,6056732,2026-08-30T09:16:15,True,True,654,187,walker2d-medium-v2_tau12_mpi4_seed1.log,True,1212
walker2d-medium-v2_tau12_mpi4_seed2,04185e011f716160f7def07f8fd3ae9a353727fb920d86abcf635378847f09d4,6056732,2026-08-31T05:34:23,True,True,654,189,walker2d-medium-v2_tau12_mpi4_seed2.log,True,1212
walker2d-medium-v2_tau12_mpi4_seed3,1147ed1fd9e0e61b525859df92348384d1e0bdc34e953cea57178b81ba5956e1,6056732,2026-08-31T05:34:23,True,True,654,186,walker2d-medium-v2_tau12_mpi4_seed3.log,True,1212
walker2d-medium-v2_tau14_mpi4_seed0,97af4a316fb1cfe2a9f19134b8002a94238ab94361e18055e8ac6655072e0230,6056732,2026-08-30T09:25:51,True,True,654,194,walker2d-medium-v2_tau14_mpi4_seed0.log,True,1211
walker2d-medium-v2_tau14_mpi4_seed1,a2ae4c067762b301be5f36797db4071f2f4415ace741d8f9e7dbf76ad71f115a,6056732,2026-08-30T09:25:53,True,True,654,189,walker2d-medium-v2_tau14_mpi4_seed1.log,True,1212
walker2d-medium-v2_tau14_mpi4_seed2,0f7d423a454c40d2856af4c963eef303e5360e9660b7ef4320b531308ea5c584,6056732,2026-08-31T05:44:03,True,True,654,185,walker2d-medium-v2_tau14_mpi4_seed2.log,True,1212
walker2d-medium-v2_tau14_mpi4_seed3,a96cb1871b81a7819f1f095e25130df4c13a06aa195b1c566c57f9c61ce70df0,6056732,2026-08-31T05:44:04,True,True,654,187,walker2d-medium-v2_tau14_mpi4_seed3.log,True,1212
walker2d-medium-v2_tau17_mpi4_seed0,f11ee4dc4f6b8274f9676539c04f1257c67c895afe86a06eb4563d65f301d8ea,6056732,2026-08-30T09:35:26,True,True,654,193,walker2d-medium-v2_tau17_mpi4_seed0.log,True,1211
walker2d-medium-v2_tau17_mpi4_seed1,df2e595af2b13280afe8a3b453feb3e1989886413b41648b1e064811db8db944,6056732,2026-08-30T09:35:28,True,True,654,182,walker2d-medium-v2_tau17_mpi4_seed1.log,True,1211
walker2d-medium-v2_tau17_mpi4_seed2,dbc7533cfb610790891eae0fa87c165702f8daa018a565043934ec859f144857,6056732,2026-08-31T05:53:43,True,True,654,185,walker2d-medium-v2_tau17_mpi4_seed2.log,True,1212
walker2d-medium-v2_tau17_mpi4_seed3,7c5aa2e3da64cd2e6ef5e6163a8172ae95afb76b950ff1fb06e15078ad2b5637,6056732,2026-08-31T05:53:44,True,True,654,187,walker2d-medium-v2_tau17_mpi4_seed3.log,True,1212
walker2d-medium-v2_tau2.5_mpi4_seed0,f62c7dba9578ba38ae36b14f87f48d3ec22385e6bff57f3df668685078912fec,6056732,2026-08-30T08:37:36,True,True,653,190,walker2d-medium-v2_tau2.5_mpi4_seed0.log,True,1215
walker2d-medium-v2_tau2.5_mpi4_seed1,bc241fdb09b0091bdf87d91903cca2e8a1d8efcba7e697ad13466709e35e72a5,6056732,2026-08-30T08:37:36,True,True,653,188,walker2d-medium-v2_tau2.5_mpi4_seed1.log,True,1215
walker2d-medium-v2_tau2.5_mpi4_seed2,eec31f3acb14f8a28ded8ecc9799ceefdaa020c45bcb3d8ee44704aa519a6879,6056732,2026-08-31T04:55:39,True,True,653,190,walker2d-medium-v2_tau2.5_mpi4_seed2.log,True,1215
walker2d-medium-v2_tau2.5_mpi4_seed3,0610224137236781788aaccf9427b95449d339ad1b7920e148c97ffef597f467,6056732,2026-08-31T04:55:39,True,True,653,189,walker2d-medium-v2_tau2.5_mpi4_seed3.log,True,1215
walker2d-medium-v2_tau20_mpi4_seed0,6afcce90cb8bbcf963876013da788714096f4e5c896d36e68fee793e3c19ff48,6056732,2026-08-30T09:45:02,True,True,654,193,walker2d-medium-v2_tau20_mpi4_seed0.log,True,1211
walker2d-medium-v2_tau20_mpi4_seed1,b71f0c609bc20212ba9cf3bb88b432fbb004b235afeedfa55107e71cb37309f4,6056732,2026-08-30T09:45:04,True,True,654,189,walker2d-medium-v2_tau20_mpi4_seed1.log,True,1211
walker2d-medium-v2_tau20_mpi4_seed2,487ecdf1941dee42f399ddbb007191925e4328a47c34656c86b7e526185c9e3d,6056732,2026-08-31T06:03:19,True,True,654,186,walker2d-medium-v2_tau20_mpi4_seed2.log,True,1211
walker2d-medium-v2_tau20_mpi4_seed3,14121c152002d13051e3ff964ebfa007860b5dc8452672866d82b0e77ab3efcb,6056732,2026-08-31T06:03:21,True,True,654,194,walker2d-medium-v2_tau20_mpi4_seed3.log,True,1211
walker2d-medium-v2_tau4_mpi4_seed0,938a797d5e0523ae05336232f5cadfe381716319520a1e5f87907fcd208f46a6,6056732,2026-08-30T08:47:16,True,True,653,188,walker2d-medium-v2_tau4_mpi4_seed0.log,True,1209
walker2d-medium-v2_tau4_mpi4_seed1,1f309828cdc2a947f2a686175b5f8dddf488d3d5b6cff90a9b0bba5af6d8c334,6056732,2026-08-30T08:47:16,True,True,653,190,walker2d-medium-v2_tau4_mpi4_seed1.log,True,1209
walker2d-medium-v2_tau4_mpi4_seed2,b597a280899cf303db8c060fe98e363f45d490426a67d10e0b3f55a4de4615b4,6056732,2026-08-31T05:05:20,True,True,653,191,walker2d-medium-v2_tau4_mpi4_seed2.log,True,1209
walker2d-medium-v2_tau4_mpi4_seed3,5b43bbdedc72706edb0e1fa12ead8eb30350ce1f58efdb23d32387e45240c54a,6056732,2026-08-31T05:05:20,True,True,653,190,walker2d-medium-v2_tau4_mpi4_seed3.log,True,1209
walker2d-medium-v2_tau7_mpi4_seed0,02926c6889fbed499b0a28cc3e53aa46dc242f342b7af0eab8e3d7480831e93c,6056732,2026-08-30T08:56:56,True,True,653,188,walker2d-medium-v2_tau7_mpi4_seed0.log,True,1209
walker2d-medium-v2_tau7_mpi4_seed1,56e9b25fe203c609e8cad5013a8304d2519ef1b2464a0a889a91749579f6df2e,6056732,2026-08-30T08:56:56,True,True,653,188,walker2d-medium-v2_tau7_mpi4_seed1.log,True,1209
walker2d-medium-v2_tau7_mpi4_seed2,525fb6ec00464be5cf79eb6adc4c9e78e6121b99fe0ed73e7d3163fd13cf8766,6056732,2026-08-31T05:15:01,True,True,653,189,walker2d-medium-v2_tau7_mpi4_seed2.log,True,1209
walker2d-medium-v2_tau7_mpi4_seed3,88e2cc3412b80c1efaee9fa88d83a83809246096e4689639179484b4d0c7dce7,6056732,2026-08-31T05:15:01,True,True,653,188,walker2d-medium-v2_tau7_mpi4_seed3.log,True,1209
