state_set,environment,T,seed,n_states,metric,mean,std,n_finite,n_near_zero_excluded
dataset,halfcheetah-expert-v2,10,0,2048,mart_adjacent_rms_mu1_to_mu2,0.048299923920895965,0.024668580625856553,2048,
dataset,halfcheetah-expert-v2,10,0,2048,mart_adjacent_l2_mu1_to_mu2,0.11831016822144252,0.060425435212055456,2048,
dataset,halfcheetah-expert-v2,10,0,2048,mart_delta_mu2_minus_mu1_rms,0.048299923920895965,0.024668580625856553,2048,
dataset,halfcheetah-expert-v2,10,0,2048,mart_adjacent_rms_mu2_to_mu3,0.0435129251368207,0.024365059519234747,2048,
dataset,halfcheetah-expert-v2,10,0,2048,mart_adjacent_l2_mu2_to_mu3,0.10658446380113462,0.05968196337466714,2048,
dataset,halfcheetah-expert-v2,10,0,2048,mart_delta_mu3_minus_mu2_rms,0.0435129251368207,0.024365059519234747,2048,
dataset,halfcheetah-expert-v2,10,0,2048,mart_adjacent_rms_mu3_to_mu4,0.043024323227419545,0.025327259577209764,2048,
dataset,halfcheetah-expert-v2,10,0,2048,mart_adjacent_l2_mu3_to_mu4,0.10538763843575222,0.06203886254718232,2048,
dataset,halfcheetah-expert-v2,10,0,2048,mart_delta_mu4_minus_mu3_rms,0.043024323227419545,0.025327259577209764,2048,
dataset,halfcheetah-expert-v2,10,0,2048,mart_from_mu1_rms_mu2,0.048299923920895965,0.024668580625856553,2048,
dataset,halfcheetah-expert-v2,10,0,2048,mart_from_mu1_rms_mu3,0.0709286453517586,0.036398257554949284,2048,
dataset,halfcheetah-expert-v2,10,0,2048,mart_from_mu1_rms_mu4,0.0877490630115238,0.04636950178970564,2048,
dataset,halfcheetah-expert-v2,10,0,2048,mart_delta2_rms,0.04829992390386906,0.024668580478805175,2048,
dataset,halfcheetah-expert-v2,10,0,2048,mart_delta2_l2,0.11831016827136409,0.060425435146644134,2048,
dataset,halfcheetah-expert-v2,10,0,2048,mart_delta3_rms,0.04351292511569227,0.024365059330387965,2048,
dataset,halfcheetah-expert-v2,10,0,2048,mart_delta3_l2,0.10658446381921749,0.0596819627005687,2048,
dataset,halfcheetah-expert-v2,10,0,2048,mart_delta4_rms,0.04302432320277205,0.025327259603886373,2048,
dataset,halfcheetah-expert-v2,10,0,2048,mart_delta4_l2,0.10538763838508203,0.062038862486980324,2048,
dataset,halfcheetah-expert-v2,10,0,2048,mart_cosine_delta2_delta3,0.21049659347846097,0.49658134014962163,2048,0
dataset,halfcheetah-expert-v2,10,0,2048,mart_cosine_delta3_delta4,0.07428051732007807,0.5396793615723919,2048,0
dataset,halfcheetah-expert-v2,10,0,2048,mart_cosine_delta2_delta4,0.15228508148665987,0.48463364954025884,2048,0
dataset,halfcheetah-expert-v2,10,0,2048,bound_frac_mart_mu1,0.24576822916666666,0.0,1,
dataset,halfcheetah-expert-v2,10,0,2048,bound_frac_mart_mu2,0.3091634114583333,0.0,1,
dataset,halfcheetah-expert-v2,10,0,2048,bound_frac_mart_mu3,0.3397623697916667,0.0,1,
dataset,halfcheetah-expert-v2,10,0,2048,bound_frac_mart_mu4,0.3643391927083333,0.0,1,
dataset,halfcheetah-expert-v2,10,0,2048,mart_mu4_vs_two_deploy_rms,0.08363879237837989,0.050913064481002274,2048,
dataset,halfcheetah-expert-v2,10,0,2048,mart_mu1_vs_two_target_rms,0.041530715915014234,0.024296053613874047,2048,
dataset,halfcheetah-expert-v2,10,0,2048,two_target_vs_deploy_rms,0.08115246014134932,0.04849589953577333,2048,
dataset,halfcheetah-expert-v2,10,0,2048,bound_frac_two_actor_target,0.24943033854166666,0.0,1,
dataset,halfcheetah-expert-v2,10,0,2048,bound_frac_two_actor_deploy,0.3678385416666667,0.0,1,
rollout_common,halfcheetah-expert-v2,10,0,512,mart_adjacent_rms_mu1_to_mu2,0.16005094539389042,0.14156091900293583,512,
rollout_common,halfcheetah-expert-v2,10,0,512,mart_adjacent_l2_mu1_to_mu2,0.39204314906508503,0.34675201907665154,512,
rollout_common,halfcheetah-expert-v2,10,0,512,mart_delta_mu2_minus_mu1_rms,0.16005094539389042,0.14156091900293583,512,
rollout_common,halfcheetah-expert-v2,10,0,512,mart_adjacent_rms_mu2_to_mu3,0.1489326708623508,0.13909486483671565,512,
rollout_common,halfcheetah-expert-v2,10,0,512,mart_adjacent_l2_mu2_to_mu3,0.3648090496426314,0.34071144469134756,512,
rollout_common,halfcheetah-expert-v2,10,0,512,mart_delta_mu3_minus_mu2_rms,0.1489326708623508,0.13909486483671565,512,
rollout_common,halfcheetah-expert-v2,10,0,512,mart_adjacent_rms_mu3_to_mu4,0.30842622045295787,0.3432388237896901,512,
rollout_common,halfcheetah-expert-v2,10,0,512,mart_adjacent_l2_mu3_to_mu4,0.7554868634049036,0.8407599781978087,512,
rollout_common,halfcheetah-expert-v2,10,0,512,mart_delta_mu4_minus_mu3_rms,0.30842622045295787,0.3432388237896901,512,
rollout_common,halfcheetah-expert-v2,10,0,512,mart_from_mu1_rms_mu2,0.16005094539389042,0.14156091900293583,512,
rollout_common,halfcheetah-expert-v2,10,0,512,mart_from_mu1_rms_mu3,0.2298778278714989,0.1970754538299177,512,
rollout_common,halfcheetah-expert-v2,10,0,512,mart_from_mu1_rms_mu4,0.2802623470219163,0.23306942137287676,512,
rollout_common,halfcheetah-expert-v2,10,0,512,mart_delta2_rms,0.1600509458477688,0.14156091798696557,512,
rollout_common,halfcheetah-expert-v2,10,0,512,mart_delta2_l2,0.3920431516872753,0.3467520210340801,512,
rollout_common,halfcheetah-expert-v2,10,0,512,mart_delta3_rms,0.14893267156302903,0.13909486588747605,512,
rollout_common,halfcheetah-expert-v2,10,0,512,mart_delta3_l2,0.36480905112088813,0.3407114451661251,512,
rollout_common,halfcheetah-expert-v2,10,0,512,mart_delta4_rms,0.30842622067712,0.34323882371921927,512,
rollout_common,halfcheetah-expert-v2,10,0,512,mart_delta4_l2,0.7554868613615326,0.8407599746160809,512,
rollout_common,halfcheetah-expert-v2,10,0,512,mart_cosine_delta2_delta3,0.13396975639633074,0.5263836887833087,489,23
rollout_common,halfcheetah-expert-v2,10,0,512,mart_cosine_delta3_delta4,-0.31325941334741164,0.617044213873098,488,24
rollout_common,halfcheetah-expert-v2,10,0,512,mart_cosine_delta2_delta4,-0.0197022157071502,0.4542258110215754,488,24
rollout_common,halfcheetah-expert-v2,10,0,512,bound_frac_mart_mu1,0.3138020833333333,0.0,1,
rollout_common,halfcheetah-expert-v2,10,0,512,bound_frac_mart_mu2,0.2916666666666667,0.0,1,
rollout_common,halfcheetah-expert-v2,10,0,512,bound_frac_mart_mu3,0.2591145833333333,0.0,1,
rollout_common,halfcheetah-expert-v2,10,0,512,bound_frac_mart_mu4,0.3707682291666667,0.0,1,
rollout_common,halfcheetah-expert-v2,10,0,512,mart_mu4_vs_two_deploy_rms,0.20775170827413292,0.16888210263880452,512,
rollout_common,halfcheetah-expert-v2,10,0,512,mart_mu1_vs_two_target_rms,0.16392825907813446,0.15912692286419547,512,
rollout_common,halfcheetah-expert-v2,10,0,512,two_target_vs_deploy_rms,0.24729901155141354,0.2081386883593153,512,
rollout_common,halfcheetah-expert-v2,10,0,512,bound_frac_two_actor_target,0.2692057291666667,0.0,1,
rollout_common,halfcheetah-expert-v2,10,0,512,bound_frac_two_actor_deploy,0.388671875,0.0,1,
dataset,halfcheetah-expert-v2,10,1,2048,mart_adjacent_rms_mu1_to_mu2,0.04898160745994555,0.0273615836373398,2048,
dataset,halfcheetah-expert-v2,10,1,2048,mart_adjacent_l2_mu1_to_mu2,0.11997994505816861,0.06702191846596789,2048,
dataset,halfcheetah-expert-v2,10,1,2048,mart_delta_mu2_minus_mu1_rms,0.04898160745994555,0.0273615836373398,2048,
dataset,halfcheetah-expert-v2,10,1,2048,mart_adjacent_rms_mu2_to_mu3,0.04257695225105887,0.025270321501329008,2048,
dataset,halfcheetah-expert-v2,10,1,2048,mart_adjacent_l2_mu2_to_mu3,0.10429180781793786,0.061899393314338615,2048,
dataset,halfcheetah-expert-v2,10,1,2048,mart_delta_mu3_minus_mu2_rms,0.04257695225105887,0.025270321501329008,2048,
dataset,halfcheetah-expert-v2,10,1,2048,mart_adjacent_rms_mu3_to_mu4,0.04794279681534075,0.02682432041511442,2048,
dataset,halfcheetah-expert-v2,10,1,2048,mart_adjacent_l2_mu3_to_mu4,0.11743538903951517,0.06570589771395217,2048,
dataset,halfcheetah-expert-v2,10,1,2048,mart_delta_mu4_minus_mu3_rms,0.04794279681534075,0.02682432041511442,2048,
dataset,halfcheetah-expert-v2,10,1,2048,mart_from_mu1_rms_mu2,0.04898160745994555,0.0273615836373398,2048,
dataset,halfcheetah-expert-v2,10,1,2048,mart_from_mu1_rms_mu3,0.06953116245552811,0.03663283672617636,2048,
dataset,halfcheetah-expert-v2,10,1,2048,mart_from_mu1_rms_mu4,0.0885381362331907,0.046069280755728755,2048,
dataset,halfcheetah-expert-v2,10,1,2048,mart_delta2_rms,0.04898160747870861,0.027361583666548756,2048,
dataset,halfcheetah-expert-v2,10,1,2048,mart_delta2_l2,0.11997994499233755,0.06702191883092236,2048,
dataset,halfcheetah-expert-v2,10,1,2048,mart_delta3_rms,0.04257695227380509,0.02527032149142994,2048,
dataset,halfcheetah-expert-v2,10,1,2048,mart_delta3_l2,0.10429180785126846,0.061899393400806774,2048,
dataset,halfcheetah-expert-v2,10,1,2048,mart_delta4_rms,0.0479427968643904,0.02682432047910243,2048,
dataset,halfcheetah-expert-v2,10,1,2048,mart_delta4_l2,0.11743538918540253,0.06570589801492445,2048,
dataset,halfcheetah-expert-v2,10,1,2048,mart_cosine_delta2_delta3,0.1543122868903115,0.49839146919524197,2048,0
dataset,halfcheetah-expert-v2,10,1,2048,mart_cosine_delta3_delta4,-0.06605416169664013,0.5450150360031735,2048,0
dataset,halfcheetah-expert-v2,10,1,2048,mart_cosine_delta2_delta4,0.19904155430226902,0.4904679948101567,2048,0
dataset,halfcheetah-expert-v2,10,1,2048,bound_frac_mart_mu1,0.24690755208333334,0.0,1,
dataset,halfcheetah-expert-v2,10,1,2048,bound_frac_mart_mu2,0.310791015625,0.0,1,
dataset,halfcheetah-expert-v2,10,1,2048,bound_frac_mart_mu3,0.3413899739583333,0.0,1,
dataset,halfcheetah-expert-v2,10,1,2048,bound_frac_mart_mu4,0.3745930989583333,0.0,1,
dataset,halfcheetah-expert-v2,10,1,2048,mart_mu4_vs_two_deploy_rms,0.07389863365829236,0.045053815854560926,2048,
dataset,halfcheetah-expert-v2,10,1,2048,mart_mu1_vs_two_target_rms,0.03849468091354276,0.025288160303484627,2048,
dataset,halfcheetah-expert-v2,10,1,2048,two_target_vs_deploy_rms,0.08180766648905093,0.0456286296854322,2048,
dataset,halfcheetah-expert-v2,10,1,2048,bound_frac_two_actor_target,0.2523600260416667,0.0,1,
dataset,halfcheetah-expert-v2,10,1,2048,bound_frac_two_actor_deploy,0.3688151041666667,0.0,1,
rollout_common,halfcheetah-expert-v2,10,1,512,mart_adjacent_rms_mu1_to_mu2,0.20334237423938875,0.1734628690510501,512,
rollout_common,halfcheetah-expert-v2,10,1,512,mart_adjacent_l2_mu1_to_mu2,0.49808505997256114,0.4248955184942888,512,
rollout_common,halfcheetah-expert-v2,10,1,512,mart_delta_mu2_minus_mu1_rms,0.20334237423938875,0.1734628690510501,512,
rollout_common,halfcheetah-expert-v2,10,1,512,mart_adjacent_rms_mu2_to_mu3,0.28527724465865356,0.272228279194895,512,
rollout_common,halfcheetah-expert-v2,10,1,512,mart_adjacent_l2_mu2_to_mu3,0.6987836846408191,0.6668203775834105,512,
rollout_common,halfcheetah-expert-v2,10,1,512,mart_delta_mu3_minus_mu2_rms,0.28527724465865356,0.272228279194895,512,
rollout_common,halfcheetah-expert-v2,10,1,512,mart_adjacent_rms_mu3_to_mu4,0.24368966524224764,0.22008590021511729,512,
rollout_common,halfcheetah-expert-v2,10,1,512,mart_adjacent_l2_mu3_to_mu4,0.5969153354331519,0.5390981551081319,512,
rollout_common,halfcheetah-expert-v2,10,1,512,mart_delta_mu4_minus_mu3_rms,0.24368966524224764,0.22008590021511729,512,
rollout_common,halfcheetah-expert-v2,10,1,512,mart_from_mu1_rms_mu2,0.20334237423938875,0.1734628690510501,512,
rollout_common,halfcheetah-expert-v2,10,1,512,mart_from_mu1_rms_mu3,0.277506762456329,0.2183040346836362,512,
rollout_common,halfcheetah-expert-v2,10,1,512,mart_from_mu1_rms_mu4,0.27454646206526473,0.19599595139316944,512,
rollout_common,halfcheetah-expert-v2,10,1,512,mart_delta2_rms,0.20334237400311395,0.17346286969579236,512,
rollout_common,halfcheetah-expert-v2,10,1,512,mart_delta2_l2,0.4980850595748052,0.42489552151856264,512,
rollout_common,halfcheetah-expert-v2,10,1,512,mart_delta3_rms,0.2852772445012306,0.27222827886533696,512,
rollout_common,halfcheetah-expert-v2,10,1,512,mart_delta3_l2,0.6987836839016381,0.6668203762565558,512,
rollout_common,halfcheetah-expert-v2,10,1,512,mart_delta4_rms,0.24368966505517164,0.2200858995728587,512,
rollout_common,halfcheetah-expert-v2,10,1,512,mart_delta4_l2,0.5969153337882744,0.539098152170134,512,
rollout_common,halfcheetah-expert-v2,10,1,512,mart_cosine_delta2_delta3,-0.13288308901690135,0.5516555784952799,512,0
rollout_common,halfcheetah-expert-v2,10,1,512,mart_cosine_delta3_delta4,-0.39196460979268205,0.568155256761666,512,0
rollout_common,halfcheetah-expert-v2,10,1,512,mart_cosine_delta2_delta4,0.23870606632630043,0.5177015750595317,512,0
rollout_common,halfcheetah-expert-v2,10,1,512,bound_frac_mart_mu1,0.18587239583333334,0.0,1,
rollout_common,halfcheetah-expert-v2,10,1,512,bound_frac_mart_mu2,0.2740885416666667,0.0,1,
rollout_common,halfcheetah-expert-v2,10,1,512,bound_frac_mart_mu3,0.2991536458333333,0.0,1,
rollout_common,halfcheetah-expert-v2,10,1,512,bound_frac_mart_mu4,0.2679036458333333,0.0,1,
rollout_common,halfcheetah-expert-v2,10,1,512,mart_mu4_vs_two_deploy_rms,0.3165545417607015,0.258334536625354,512,
rollout_common,halfcheetah-expert-v2,10,1,512,mart_mu1_vs_two_target_rms,0.19883585785612523,0.17540138589314103,512,
rollout_common,halfcheetah-expert-v2,10,1,512,two_target_vs_deploy_rms,0.3382320401618691,0.27111380183096934,512,
rollout_common,halfcheetah-expert-v2,10,1,512,bound_frac_two_actor_target,0.1923828125,0.0,1,
rollout_common,halfcheetah-expert-v2,10,1,512,bound_frac_two_actor_deploy,0.3274739583333333,0.0,1,
dataset,halfcheetah-expert-v2,14,0,2048,mart_adjacent_rms_mu1_to_mu2,0.05453230532035197,0.031185659829987143,2048,
dataset,halfcheetah-expert-v2,14,0,2048,mart_adjacent_l2_mu1_to_mu2,0.13357632253252266,0.07638895387547891,2048,
dataset,halfcheetah-expert-v2,14,0,2048,mart_delta_mu2_minus_mu1_rms,0.05453230532035197,0.031185659829987143,2048,
dataset,halfcheetah-expert-v2,14,0,2048,mart_adjacent_rms_mu2_to_mu3,0.047032818664790026,0.0293935431486619,2048,
dataset,halfcheetah-expert-v2,14,0,2048,mart_adjacent_l2_mu2_to_mu3,0.11520640689358437,0.07199918244670209,2048,
dataset,halfcheetah-expert-v2,14,0,2048,mart_delta_mu3_minus_mu2_rms,0.047032818664790026,0.0293935431486619,2048,
dataset,halfcheetah-expert-v2,14,0,2048,mart_adjacent_rms_mu3_to_mu4,0.04888128757127447,0.028651275340658845,2048,
dataset,halfcheetah-expert-v2,14,0,2048,mart_adjacent_l2_mu3_to_mu4,0.11973421251987167,0.07018100506460045,2048,
dataset,halfcheetah-expert-v2,14,0,2048,mart_delta_mu4_minus_mu3_rms,0.04888128757127447,0.028651275340658845,2048,
dataset,halfcheetah-expert-v2,14,0,2048,mart_from_mu1_rms_mu2,0.05453230532035197,0.031185659829987143,2048,
dataset,halfcheetah-expert-v2,14,0,2048,mart_from_mu1_rms_mu3,0.07915021524253273,0.0471594386386133,2048,
dataset,halfcheetah-expert-v2,14,0,2048,mart_from_mu1_rms_mu4,0.1044591081348507,0.05713060293005379,2048,
dataset,halfcheetah-expert-v2,14,0,2048,mart_delta2_rms,0.05453230529360553,0.031185659735445844,2048,
dataset,halfcheetah-expert-v2,14,0,2048,mart_delta2_l2,0.13357632258407648,0.07638895450514142,2048,
dataset,halfcheetah-expert-v2,14,0,2048,mart_delta3_rms,0.04703281859193709,0.029393543026291158,2048,
dataset,halfcheetah-expert-v2,14,0,2048,mart_delta3_l2,0.11520640675975358,0.07199918241091893,2048,
dataset,halfcheetah-expert-v2,14,0,2048,mart_delta4_rms,0.04888128753782439,0.02865127523485335,2048,
dataset,halfcheetah-expert-v2,14,0,2048,mart_delta4_l2,0.11973421241589222,0.07018100544578892,2048,
dataset,halfcheetah-expert-v2,14,0,2048,mart_cosine_delta2_delta3,0.20636585073717245,0.5219291955643155,2048,0
dataset,halfcheetah-expert-v2,14,0,2048,mart_cosine_delta3_delta4,0.20328537804076866,0.5348355437655605,2048,0
dataset,halfcheetah-expert-v2,14,0,2048,mart_cosine_delta2_delta4,0.18835029580873341,0.50745196090687,2048,0
dataset,halfcheetah-expert-v2,14,0,2048,bound_frac_mart_mu1,0.2769368489583333,0.0,1,
dataset,halfcheetah-expert-v2,14,0,2048,bound_frac_mart_mu2,0.3422037760416667,0.0,1,
dataset,halfcheetah-expert-v2,14,0,2048,bound_frac_mart_mu3,0.379638671875,0.0,1,
dataset,halfcheetah-expert-v2,14,0,2048,bound_frac_mart_mu4,0.4054361979166667,0.0,1,
dataset,halfcheetah-expert-v2,14,0,2048,mart_mu4_vs_two_deploy_rms,0.09432649538550661,0.056885738383738865,2048,
dataset,halfcheetah-expert-v2,14,0,2048,mart_mu1_vs_two_target_rms,0.044457401199990323,0.027556413187598574,2048,
dataset,halfcheetah-expert-v2,14,0,2048,two_target_vs_deploy_rms,0.09216034925878223,0.05682631385577701,2048,
dataset,halfcheetah-expert-v2,14,0,2048,bound_frac_two_actor_target,0.2710774739583333,0.0,1,
dataset,halfcheetah-expert-v2,14,0,2048,bound_frac_two_actor_deploy,0.3807779947916667,0.0,1,
rollout_common,halfcheetah-expert-v2,14,0,512,mart_adjacent_rms_mu1_to_mu2,0.13538277726516984,0.13215832184204443,512,
rollout_common,halfcheetah-expert-v2,14,0,512,mart_adjacent_l2_mu1_to_mu2,0.3316187242605332,0.32372045377552583,512,
rollout_common,halfcheetah-expert-v2,14,0,512,mart_delta_mu2_minus_mu1_rms,0.13538277726516984,0.13215832184204443,512,
rollout_common,halfcheetah-expert-v2,14,0,512,mart_adjacent_rms_mu2_to_mu3,0.16069405317956054,0.16626865559146034,512,
rollout_common,halfcheetah-expert-v2,14,0,512,mart_adjacent_l2_mu2_to_mu3,0.3936184349895881,0.40727336641763107,512,
rollout_common,halfcheetah-expert-v2,14,0,512,mart_delta_mu3_minus_mu2_rms,0.16069405317956054,0.16626865559146034,512,
rollout_common,halfcheetah-expert-v2,14,0,512,mart_adjacent_rms_mu3_to_mu4,0.29837065916562644,0.3202527602454754,512,
rollout_common,halfcheetah-expert-v2,14,0,512,mart_adjacent_l2_mu3_to_mu4,0.7308558691736575,0.7844558513192924,512,
rollout_common,halfcheetah-expert-v2,14,0,512,mart_delta_mu4_minus_mu3_rms,0.29837065916562644,0.3202527602454754,512,
rollout_common,halfcheetah-expert-v2,14,0,512,mart_from_mu1_rms_mu2,0.13538277726516984,0.13215832184204443,512,
rollout_common,halfcheetah-expert-v2,14,0,512,mart_from_mu1_rms_mu3,0.19123446422835438,0.17913681595668926,512,
rollout_common,halfcheetah-expert-v2,14,0,512,mart_from_mu1_rms_mu4,0.28800167055590287,0.25099993545508786,512,
rollout_common,halfcheetah-expert-v2,14,0,512,mart_delta2_rms,0.1353827770523291,0.13215832254629026,512,
rollout_common,halfcheetah-expert-v2,14,0,512,mart_delta2_l2,0.3316187231339427,0.32372045450282205,512,
rollout_common,halfcheetah-expert-v2,14,0,512,mart_delta3_rms,0.1606940530379688,0.16626865582075284,512,
rollout_common,halfcheetah-expert-v2,14,0,512,mart_delta3_l2,0.39361843577643185,0.40727336661721125,512,
rollout_common,halfcheetah-expert-v2,14,0,512,mart_delta4_rms,0.2983706572905511,0.3202527578041052,512,
rollout_common,halfcheetah-expert-v2,14,0,512,mart_delta4_l2,0.7308558676986223,0.784455849471102,512,
rollout_common,halfcheetah-expert-v2,14,0,512,mart_cosine_delta2_delta3,-0.1547685713038334,0.3995474504795063,460,52
rollout_common,halfcheetah-expert-v2,14,0,512,mart_cosine_delta3_delta4,-0.21929312852210164,0.44654574825700305,459,53
rollout_common,halfcheetah-expert-v2,14,0,512,mart_cosine_delta2_delta4,-0.06811588247661018,0.5078094284227448,459,53
rollout_common,halfcheetah-expert-v2,14,0,512,bound_frac_mart_mu1,0.2835286458333333,0.0,1,
rollout_common,halfcheetah-expert-v2,14,0,512,bound_frac_mart_mu2,0.4016927083333333,0.0,1,
rollout_common,halfcheetah-expert-v2,14,0,512,bound_frac_mart_mu3,0.3759765625,0.0,1,
rollout_common,halfcheetah-expert-v2,14,0,512,bound_frac_mart_mu4,0.3841145833333333,0.0,1,
rollout_common,halfcheetah-expert-v2,14,0,512,mart_mu4_vs_two_deploy_rms,0.3874257549735576,0.3533629241607729,512,
rollout_common,halfcheetah-expert-v2,14,0,512,mart_mu1_vs_two_target_rms,0.2714743088389173,0.27594779387976026,512,
rollout_common,halfcheetah-expert-v2,14,0,512,two_target_vs_deploy_rms,0.29635722510853796,0.26520293455287475,512,
rollout_common,halfcheetah-expert-v2,14,0,512,bound_frac_two_actor_target,0.3291015625,0.0,1,
rollout_common,halfcheetah-expert-v2,14,0,512,bound_frac_two_actor_deploy,0.4765625,0.0,1,
dataset,halfcheetah-expert-v2,14,1,2048,mart_adjacent_rms_mu1_to_mu2,0.05542383712108856,0.03338231485318673,2048,
dataset,halfcheetah-expert-v2,14,1,2048,mart_adjacent_l2_mu1_to_mu2,0.135760120533792,0.08176963782323944,2048,
dataset,halfcheetah-expert-v2,14,1,2048,mart_delta_mu2_minus_mu1_rms,0.05542383712108856,0.03338231485318673,2048,
dataset,halfcheetah-expert-v2,14,1,2048,mart_adjacent_rms_mu2_to_mu3,0.04835465248666898,0.0309137227886445,2048,
dataset,halfcheetah-expert-v2,14,1,2048,mart_adjacent_l2_mu2_to_mu3,0.11844422528194078,0.0757228468820273,2048,
dataset,halfcheetah-expert-v2,14,1,2048,mart_delta_mu3_minus_mu2_rms,0.04835465248666898,0.0309137227886445,2048,
dataset,halfcheetah-expert-v2,14,1,2048,mart_adjacent_rms_mu3_to_mu4,0.049292052115379154,0.030167907968133425,2048,
dataset,halfcheetah-expert-v2,14,1,2048,mart_adjacent_l2_mu3_to_mu4,0.1207403760573551,0.07389598112916973,2048,
dataset,halfcheetah-expert-v2,14,1,2048,mart_delta_mu4_minus_mu3_rms,0.049292052115379154,0.030167907968133425,2048,
dataset,halfcheetah-expert-v2,14,1,2048,mart_from_mu1_rms_mu2,0.05542383712108856,0.03338231485318673,2048,
dataset,halfcheetah-expert-v2,14,1,2048,mart_from_mu1_rms_mu3,0.08407900778041662,0.048343160097567804,2048,
dataset,halfcheetah-expert-v2,14,1,2048,mart_from_mu1_rms_mu4,0.10445265375552851,0.061064473040540516,2048,
dataset,halfcheetah-expert-v2,14,1,2048,mart_delta2_rms,0.05542383716419863,0.033382315385691703,2048,
dataset,halfcheetah-expert-v2,14,1,2048,mart_delta2_l2,0.13576012074963728,0.08176963967417619,2048,
dataset,halfcheetah-expert-v2,14,1,2048,mart_delta3_rms,0.04835465250951643,0.03091372264054452,2048,
dataset,halfcheetah-expert-v2,14,1,2048,mart_delta3_l2,0.11844422521829756,0.07572284722766892,2048,
dataset,halfcheetah-expert-v2,14,1,2048,mart_delta4_rms,0.04929205202211051,0.030167907866901277,2048,
dataset,halfcheetah-expert-v2,14,1,2048,mart_delta4_l2,0.12074037593220055,0.07389598086119319,2048,
dataset,halfcheetah-expert-v2,14,1,2048,mart_cosine_delta2_delta3,0.2928652279129921,0.4913651013463687,2048,0
dataset,halfcheetah-expert-v2,14,1,2048,mart_cosine_delta3_delta4,0.07635199229130554,0.5366359623393848,2048,0
dataset,halfcheetah-expert-v2,14,1,2048,mart_cosine_delta2_delta4,0.17981480556645055,0.49841732664606775,2048,0
dataset,halfcheetah-expert-v2,14,1,2048,bound_frac_mart_mu1,0.2681477864583333,0.0,1,
dataset,halfcheetah-expert-v2,14,1,2048,bound_frac_mart_mu2,0.330810546875,0.0,1,
dataset,halfcheetah-expert-v2,14,1,2048,bound_frac_mart_mu3,0.3623860677083333,0.0,1,
dataset,halfcheetah-expert-v2,14,1,2048,bound_frac_mart_mu4,0.38916015625,0.0,1,
dataset,halfcheetah-expert-v2,14,1,2048,mart_mu4_vs_two_deploy_rms,0.09690973250661832,0.058554525945640944,2048,
dataset,halfcheetah-expert-v2,14,1,2048,mart_mu1_vs_two_target_rms,0.044780634298989236,0.031007647837472598,2048,
dataset,halfcheetah-expert-v2,14,1,2048,two_target_vs_deploy_rms,0.08876790663289784,0.05307577073971874,2048,
dataset,halfcheetah-expert-v2,14,1,2048,bound_frac_two_actor_target,0.2763671875,0.0,1,
dataset,halfcheetah-expert-v2,14,1,2048,bound_frac_two_actor_deploy,0.3982747395833333,0.0,1,
rollout_common,halfcheetah-expert-v2,14,1,512,mart_adjacent_rms_mu1_to_mu2,0.2513687418489959,0.27074255672242376,512,
rollout_common,halfcheetah-expert-v2,14,1,512,mart_adjacent_l2_mu1_to_mu2,0.6157251548154281,0.6631811156264698,512,
rollout_common,halfcheetah-expert-v2,14,1,512,mart_delta_mu2_minus_mu1_rms,0.2513687418489959,0.27074255672242376,512,
rollout_common,halfcheetah-expert-v2,14,1,512,mart_adjacent_rms_mu2_to_mu3,0.23376936486520583,0.2684265824375227,512,
rollout_common,halfcheetah-expert-v2,14,1,512,mart_adjacent_l2_mu2_to_mu3,0.5726156614142599,0.6575081603710551,512,
rollout_common,halfcheetah-expert-v2,14,1,512,mart_delta_mu3_minus_mu2_rms,0.23376936486520583,0.2684265824375227,512,
rollout_common,halfcheetah-expert-v2,14,1,512,mart_adjacent_rms_mu3_to_mu4,0.2459811390791652,0.25294653826279656,512,
rollout_common,halfcheetah-expert-v2,14,1,512,mart_adjacent_l2_mu3_to_mu4,0.6025282770925374,0.6195899509472329,512,
rollout_common,halfcheetah-expert-v2,14,1,512,mart_delta_mu4_minus_mu3_rms,0.2459811390791652,0.25294653826279656,512,
rollout_common,halfcheetah-expert-v2,14,1,512,mart_from_mu1_rms_mu2,0.2513687418489959,0.27074255672242376,512,
rollout_common,halfcheetah-expert-v2,14,1,512,mart_from_mu1_rms_mu3,0.2713672752636328,0.2677500256614382,512,
rollout_common,halfcheetah-expert-v2,14,1,512,mart_from_mu1_rms_mu4,0.3129140211734339,0.2990807101209287,512,
rollout_common,halfcheetah-expert-v2,14,1,512,mart_delta2_rms,0.2513687410885268,0.27074255401677677,512,
rollout_common,halfcheetah-expert-v2,14,1,512,mart_delta2_l2,0.6157251538243145,0.6631811104061573,512,
rollout_common,halfcheetah-expert-v2,14,1,512,mart_delta3_rms,0.23376936489066225,0.26842658247198914,512,
rollout_common,halfcheetah-expert-v2,14,1,512,mart_delta3_l2,0.5726156597447698,0.6575081556146529,512,
rollout_common,halfcheetah-expert-v2,14,1,512,mart_delta4_rms,0.24598113899310192,0.2529465387891798,512,
rollout_common,halfcheetah-expert-v2,14,1,512,mart_delta4_l2,0.6025282736873123,0.6195899470805974,512,
rollout_common,halfcheetah-expert-v2,14,1,512,mart_cosine_delta2_delta3,-0.1536969446858638,0.4773143668722605,512,0
rollout_common,halfcheetah-expert-v2,14,1,512,mart_cosine_delta3_delta4,-0.0678439866946184,0.5776585522560207,488,24
rollout_common,halfcheetah-expert-v2,14,1,512,mart_cosine_delta2_delta4,-0.06344776894404235,0.505561188324767,488,24
rollout_common,halfcheetah-expert-v2,14,1,512,bound_frac_mart_mu1,0.2594401041666667,0.0,1,
rollout_common,halfcheetah-expert-v2,14,1,512,bound_frac_mart_mu2,0.2825520833333333,0.0,1,
rollout_common,halfcheetah-expert-v2,14,1,512,bound_frac_mart_mu3,0.3255208333333333,0.0,1,
rollout_common,halfcheetah-expert-v2,14,1,512,bound_frac_mart_mu4,0.376953125,0.0,1,
rollout_common,halfcheetah-expert-v2,14,1,512,mart_mu4_vs_two_deploy_rms,0.34810762947079965,0.3297142996673734,512,
rollout_common,halfcheetah-expert-v2,14,1,512,mart_mu1_vs_two_target_rms,0.24289620516453572,0.26117621677672076,512,
rollout_common,halfcheetah-expert-v2,14,1,512,two_target_vs_deploy_rms,0.29352541075295474,0.27685496280485394,512,
rollout_common,halfcheetah-expert-v2,14,1,512,bound_frac_two_actor_target,0.2535807291666667,0.0,1,
rollout_common,halfcheetah-expert-v2,14,1,512,bound_frac_two_actor_deploy,0.4091796875,0.0,1,
dataset,halfcheetah-expert-v2,20,0,2048,mart_adjacent_rms_mu1_to_mu2,0.06383138792039367,0.04024166614479261,2048,
dataset,halfcheetah-expert-v2,20,0,2048,mart_adjacent_l2_mu1_to_mu2,0.15635432997861837,0.09857154845417458,2048,
dataset,halfcheetah-expert-v2,20,0,2048,mart_delta_mu2_minus_mu1_rms,0.06383138792039367,0.04024166614479261,2048,
dataset,halfcheetah-expert-v2,20,0,2048,mart_adjacent_rms_mu2_to_mu3,0.05325929398859276,0.037898754603271266,2048,
dataset,halfcheetah-expert-v2,20,0,2048,mart_adjacent_l2_mu2_to_mu3,0.13045809433293173,0.09283261066496974,2048,
dataset,halfcheetah-expert-v2,20,0,2048,mart_delta_mu3_minus_mu2_rms,0.05325929398859276,0.037898754603271266,2048,
dataset,halfcheetah-expert-v2,20,0,2048,mart_adjacent_rms_mu3_to_mu4,0.054728240132419156,0.038206280143553345,2048,
dataset,halfcheetah-expert-v2,20,0,2048,mart_adjacent_l2_mu3_to_mu4,0.13405626284493544,0.09358589132153454,2048,
dataset,halfcheetah-expert-v2,20,0,2048,mart_delta_mu4_minus_mu3_rms,0.054728240132419156,0.038206280143553345,2048,
dataset,halfcheetah-expert-v2,20,0,2048,mart_from_mu1_rms_mu2,0.06383138792039367,0.04024166614479261,2048,
dataset,halfcheetah-expert-v2,20,0,2048,mart_from_mu1_rms_mu3,0.09256164912986102,0.05744593699266101,2048,
dataset,halfcheetah-expert-v2,20,0,2048,mart_from_mu1_rms_mu4,0.11961651625901121,0.06871773230068626,2048,
dataset,halfcheetah-expert-v2,20,0,2048,mart_delta2_rms,0.06383138791420606,0.0402416660276546,2048,
dataset,halfcheetah-expert-v2,20,0,2048,mart_delta2_l2,0.15635433003535582,0.09857154862533792,2048,
dataset,halfcheetah-expert-v2,20,0,2048,mart_delta3_rms,0.05325929404659746,0.037898754826428856,2048,
dataset,halfcheetah-expert-v2,20,0,2048,mart_delta3_l2,0.13045809428876964,0.09283261037919174,2048,
dataset,halfcheetah-expert-v2,20,0,2048,mart_delta4_rms,0.05472824014725575,0.03820628003280046,2048,
dataset,halfcheetah-expert-v2,20,0,2048,mart_delta4_l2,0.13405626282923322,0.09358589168524094,2048,
dataset,halfcheetah-expert-v2,20,0,2048,mart_cosine_delta2_delta3,0.24525484899082722,0.503079735566243,2048,0
dataset,halfcheetah-expert-v2,20,0,2048,mart_cosine_delta3_delta4,0.2378772180549376,0.534961798231004,2048,0
dataset,halfcheetah-expert-v2,20,0,2048,mart_cosine_delta2_delta4,0.1807881811229294,0.5017469933150943,2048,0
dataset,halfcheetah-expert-v2,20,0,2048,bound_frac_mart_mu1,0.29296875,0.0,1,
dataset,halfcheetah-expert-v2,20,0,2048,bound_frac_mart_mu2,0.3599446614583333,0.0,1,
dataset,halfcheetah-expert-v2,20,0,2048,bound_frac_mart_mu3,0.4054361979166667,0.0,1,
dataset,halfcheetah-expert-v2,20,0,2048,bound_frac_mart_mu4,0.4336751302083333,0.0,1,
dataset,halfcheetah-expert-v2,20,0,2048,mart_mu4_vs_two_deploy_rms,0.12291188071837357,0.08322771873155867,2048,
dataset,halfcheetah-expert-v2,20,0,2048,mart_mu1_vs_two_target_rms,0.05338930745460759,0.03129606580548835,2048,
dataset,halfcheetah-expert-v2,20,0,2048,two_target_vs_deploy_rms,0.10969318140537268,0.07876279576042447,2048,
dataset,halfcheetah-expert-v2,20,0,2048,bound_frac_two_actor_target,0.3072916666666667,0.0,1,
dataset,halfcheetah-expert-v2,20,0,2048,bound_frac_two_actor_deploy,0.4153645833333333,0.0,1,
rollout_common,halfcheetah-expert-v2,20,0,512,mart_adjacent_rms_mu1_to_mu2,0.4139672176219555,0.2655820684691933,512,
rollout_common,halfcheetah-expert-v2,20,0,512,mart_adjacent_l2_mu1_to_mu2,1.0140084534134717,0.6505405525824288,512,
rollout_common,halfcheetah-expert-v2,20,0,512,mart_delta_mu2_minus_mu1_rms,0.4139672176219555,0.2655820684691933,512,
rollout_common,halfcheetah-expert-v2,20,0,512,mart_adjacent_rms_mu2_to_mu3,0.3920404637968191,0.24011610793604912,512,
rollout_common,halfcheetah-expert-v2,20,0,512,mart_adjacent_l2_mu2_to_mu3,0.9602990948262684,0.5881619434663707,512,
rollout_common,halfcheetah-expert-v2,20,0,512,mart_delta_mu3_minus_mu2_rms,0.3920404637968191,0.24011610793604912,512,
rollout_common,halfcheetah-expert-v2,20,0,512,mart_adjacent_rms_mu3_to_mu4,0.37456811520700684,0.2688002316550018,512,
rollout_common,halfcheetah-expert-v2,20,0,512,mart_adjacent_l2_mu3_to_mu4,0.9175007561731912,0.6584234102966691,512,
rollout_common,halfcheetah-expert-v2,20,0,512,mart_delta_mu4_minus_mu3_rms,0.37456811520700684,0.2688002316550018,512,
rollout_common,halfcheetah-expert-v2,20,0,512,mart_from_mu1_rms_mu2,0.4139672176219555,0.2655820684691933,512,
rollout_common,halfcheetah-expert-v2,20,0,512,mart_from_mu1_rms_mu3,0.4213247832088424,0.2344043087335551,512,
rollout_common,halfcheetah-expert-v2,20,0,512,mart_from_mu1_rms_mu4,0.4680070901122211,0.24253394728556654,512,
rollout_common,halfcheetah-expert-v2,20,0,512,mart_delta2_rms,0.41396721940736825,0.26558206984393423,512,
rollout_common,halfcheetah-expert-v2,20,0,512,mart_delta2_l2,1.0140084558411218,0.6505405552097621,512,
rollout_common,halfcheetah-expert-v2,20,0,512,mart_delta3_rms,0.3920404661463621,0.2401161109941878,512,
rollout_common,halfcheetah-expert-v2,20,0,512,mart_delta3_l2,0.9602990966468781,0.5881619438181123,512,
rollout_common,halfcheetah-expert-v2,20,0,512,mart_delta4_rms,0.37456811517768074,0.26880023310147966,512,
rollout_common,halfcheetah-expert-v2,20,0,512,mart_delta4_l2,0.9175007549356451,0.6584234101486349,512,
rollout_common,halfcheetah-expert-v2,20,0,512,mart_cosine_delta2_delta3,-0.3705529017186039,0.4539149615241643,512,0
rollout_common,halfcheetah-expert-v2,20,0,512,mart_cosine_delta3_delta4,-0.41678596661410233,0.48432930786978434,512,0
rollout_common,halfcheetah-expert-v2,20,0,512,mart_cosine_delta2_delta4,0.13618873766866296,0.49726132273819357,512,0
rollout_common,halfcheetah-expert-v2,20,0,512,bound_frac_mart_mu1,0.2874348958333333,0.0,1,
rollout_common,halfcheetah-expert-v2,20,0,512,bound_frac_mart_mu2,0.3723958333333333,0.0,1,
rollout_common,halfcheetah-expert-v2,20,0,512,bound_frac_mart_mu3,0.3017578125,0.0,1,
rollout_common,halfcheetah-expert-v2,20,0,512,bound_frac_mart_mu4,0.3951822916666667,0.0,1,
rollout_common,halfcheetah-expert-v2,20,0,512,mart_mu4_vs_two_deploy_rms,0.48893864702622936,0.25090778788106743,512,
rollout_common,halfcheetah-expert-v2,20,0,512,mart_mu1_vs_two_target_rms,0.4012640906000525,0.24045424682975977,512,
rollout_common,halfcheetah-expert-v2,20,0,512,two_target_vs_deploy_rms,0.4888616396334907,0.276506834465719,512,
rollout_common,halfcheetah-expert-v2,20,0,512,bound_frac_two_actor_target,0.3577473958333333,0.0,1,
rollout_common,halfcheetah-expert-v2,20,0,512,bound_frac_two_actor_deploy,0.4007161458333333,0.0,1,
dataset,halfcheetah-expert-v2,20,1,2048,mart_adjacent_rms_mu1_to_mu2,0.07097516569954239,0.04159762769793883,2048,
dataset,halfcheetah-expert-v2,20,1,2048,mart_adjacent_l2_mu1_to_mu2,0.17385294037336552,0.10189296237021458,2048,
dataset,halfcheetah-expert-v2,20,1,2048,mart_delta_mu2_minus_mu1_rms,0.07097516569954239,0.04159762769793883,2048,
dataset,halfcheetah-expert-v2,20,1,2048,mart_adjacent_rms_mu2_to_mu3,0.06332598973219533,0.047641216327552166,2048,
dataset,halfcheetah-expert-v2,20,1,2048,mart_adjacent_l2_mu2_to_mu3,0.15511636230060533,0.1166966707280535,2048,
dataset,halfcheetah-expert-v2,20,1,2048,mart_delta_mu3_minus_mu2_rms,0.06332598973219533,0.047641216327552166,2048,
dataset,halfcheetah-expert-v2,20,1,2048,mart_adjacent_rms_mu3_to_mu4,0.06269452213799552,0.03982741756321349,2048,
dataset,halfcheetah-expert-v2,20,1,2048,mart_adjacent_l2_mu3_to_mu4,0.15356958890571293,0.09755685080263404,2048,
dataset,halfcheetah-expert-v2,20,1,2048,mart_delta_mu4_minus_mu3_rms,0.06269452213799552,0.03982741756321349,2048,
dataset,halfcheetah-expert-v2,20,1,2048,mart_from_mu1_rms_mu2,0.07097516569954239,0.04159762769793883,2048,
dataset,halfcheetah-expert-v2,20,1,2048,mart_from_mu1_rms_mu3,0.11044287009133215,0.06995211682178444,2048,
dataset,halfcheetah-expert-v2,20,1,2048,mart_from_mu1_rms_mu4,0.13596610743505078,0.08274916677426185,2048,
dataset,halfcheetah-expert-v2,20,1,2048,mart_delta2_rms,0.07097516558241068,0.04159762734810364,2048,
dataset,halfcheetah-expert-v2,20,1,2048,mart_delta2_l2,0.17385294021823938,0.1018929616317653,2048,
dataset,halfcheetah-expert-v2,20,1,2048,mart_delta3_rms,0.06332598968765524,0.04764121614457687,2048,
dataset,halfcheetah-expert-v2,20,1,2048,mart_delta3_l2,0.1551163620628131,0.11669667100002191,2048,
dataset,halfcheetah-expert-v2,20,1,2048,mart_delta4_rms,0.06269452205422965,0.039827417698971856,2048,
dataset,halfcheetah-expert-v2,20,1,2048,mart_delta4_l2,0.1535695887617976,0.09755685014698424,2048,
dataset,halfcheetah-expert-v2,20,1,2048,mart_cosine_delta2_delta3,0.2962866826685715,0.5189289617626115,2048,0
dataset,halfcheetah-expert-v2,20,1,2048,mart_cosine_delta3_delta4,0.04823446836209508,0.5800352338542007,2048,0
dataset,halfcheetah-expert-v2,20,1,2048,mart_cosine_delta2_delta4,0.19812948615113654,0.5142572273898014,2048,0
dataset,halfcheetah-expert-v2,20,1,2048,bound_frac_mart_mu1,0.3229166666666667,0.0,1,
dataset,halfcheetah-expert-v2,20,1,2048,bound_frac_mart_mu2,0.3872884114583333,0.0,1,
dataset,halfcheetah-expert-v2,20,1,2048,bound_frac_mart_mu3,0.420654296875,0.0,1,
dataset,halfcheetah-expert-v2,20,1,2048,bound_frac_mart_mu4,0.467529296875,0.0,1,
dataset,halfcheetah-expert-v2,20,1,2048,mart_mu4_vs_two_deploy_rms,0.1434454930596249,0.11735421336498851,2048,
dataset,halfcheetah-expert-v2,20,1,2048,mart_mu1_vs_two_target_rms,0.0614476338984261,0.04271734413341351,2048,
dataset,halfcheetah-expert-v2,20,1,2048,two_target_vs_deploy_rms,0.13621425902725148,0.11587410097118585,2048,
dataset,halfcheetah-expert-v2,20,1,2048,bound_frac_two_actor_target,0.3114420572916667,0.0,1,
dataset,halfcheetah-expert-v2,20,1,2048,bound_frac_two_actor_deploy,0.4312337239583333,0.0,1,
rollout_common,halfcheetah-expert-v2,20,1,512,mart_adjacent_rms_mu1_to_mu2,0.5551115519007498,0.28194982804545987,512,
rollout_common,halfcheetah-expert-v2,20,1,512,mart_adjacent_l2_mu1_to_mu2,1.3597400524813386,0.6906332117768347,512,
rollout_common,halfcheetah-expert-v2,20,1,512,mart_delta_mu2_minus_mu1_rms,0.5551115519007498,0.28194982804545987,512,
rollout_common,halfcheetah-expert-v2,20,1,512,mart_adjacent_rms_mu2_to_mu3,0.6858214175566866,0.21877718714653147,512,
rollout_common,halfcheetah-expert-v2,20,1,512,mart_adjacent_l2_mu2_to_mu3,1.6799125276861226,0.5358924758703846,512,
rollout_common,halfcheetah-expert-v2,20,1,512,mart_delta_mu3_minus_mu2_rms,0.6858214175566866,0.21877718714653147,512,
rollout_common,halfcheetah-expert-v2,20,1,512,mart_adjacent_rms_mu3_to_mu4,0.6356559707734839,0.19634955936045215,512,
rollout_common,halfcheetah-expert-v2,20,1,512,mart_adjacent_l2_mu3_to_mu4,1.5570327803485324,0.48095623165342427,512,
rollout_common,halfcheetah-expert-v2,20,1,512,mart_delta_mu4_minus_mu3_rms,0.6356559707734839,0.19634955936045215,512,
rollout_common,halfcheetah-expert-v2,20,1,512,mart_from_mu1_rms_mu2,0.5551115519007498,0.28194982804545987,512,
rollout_common,halfcheetah-expert-v2,20,1,512,mart_from_mu1_rms_mu3,0.8566899040935759,0.28585456107177937,512,
rollout_common,halfcheetah-expert-v2,20,1,512,mart_from_mu1_rms_mu4,0.7847280469988503,0.18912307279165044,512,
rollout_common,halfcheetah-expert-v2,20,1,512,mart_delta2_rms,0.5551115605439918,0.28194983393871537,512,
rollout_common,halfcheetah-expert-v2,20,1,512,mart_delta2_l2,1.3597400388080132,0.6906331888085725,512,
rollout_common,halfcheetah-expert-v2,20,1,512,mart_delta3_rms,0.6858214105498064,0.21877718362376408,512,
rollout_common,halfcheetah-expert-v2,20,1,512,mart_delta3_l2,1.679912508183861,0.5358924667078353,512,
rollout_common,halfcheetah-expert-v2,20,1,512,mart_delta4_rms,0.635655981117452,0.19634955846630087,512,
rollout_common,halfcheetah-expert-v2,20,1,512,mart_delta4_l2,1.557032784708099,0.48095623641252566,512,
rollout_common,halfcheetah-expert-v2,20,1,512,mart_cosine_delta2_delta3,-0.2262305428370221,0.4608305835285454,512,0
rollout_common,halfcheetah-expert-v2,20,1,512,mart_cosine_delta3_delta4,-0.40135078884899683,0.2515264724042764,512,0
rollout_common,halfcheetah-expert-v2,20,1,512,mart_cosine_delta2_delta4,-0.36034986836838656,0.2257056517727351,512,0
rollout_common,halfcheetah-expert-v2,20,1,512,bound_frac_mart_mu1,0.4150390625,0.0,1,
rollout_common,halfcheetah-expert-v2,20,1,512,bound_frac_mart_mu2,0.5699869791666666,0.0,1,
rollout_common,halfcheetah-expert-v2,20,1,512,bound_frac_mart_mu3,0.728515625,0.0,1,
rollout_common,halfcheetah-expert-v2,20,1,512,bound_frac_mart_mu4,0.3557942708333333,0.0,1,
rollout_common,halfcheetah-expert-v2,20,1,512,mart_mu4_vs_two_deploy_rms,1.1892844664349316,0.31250133835774535,512,
rollout_common,halfcheetah-expert-v2,20,1,512,mart_mu1_vs_two_target_rms,0.8992218645904548,0.2389350728973407,512,
rollout_common,halfcheetah-expert-v2,20,1,512,two_target_vs_deploy_rms,1.2261616275754181,0.3307760602069357,512,
rollout_common,halfcheetah-expert-v2,20,1,512,bound_frac_two_actor_target,0.3453776041666667,0.0,1,
rollout_common,halfcheetah-expert-v2,20,1,512,bound_frac_two_actor_deploy,0.8170572916666666,0.0,1,
dataset,halfcheetah-expert-v2,4,0,2048,mart_adjacent_rms_mu1_to_mu2,0.04082263291154243,0.02267492947578098,2048,
dataset,halfcheetah-expert-v2,4,0,2048,mart_adjacent_l2_mu1_to_mu2,0.09999462059022618,0.05554200716925746,2048,
dataset,halfcheetah-expert-v2,4,0,2048,mart_delta_mu2_minus_mu1_rms,0.04082263291154243,0.02267492947578098,2048,
dataset,halfcheetah-expert-v2,4,0,2048,mart_adjacent_rms_mu2_to_mu3,0.03545460109486434,0.019847215799781208,2048,
dataset,halfcheetah-expert-v2,4,0,2048,mart_adjacent_l2_mu2_to_mu3,0.08684568171633944,0.0486155515243683,2048,
dataset,halfcheetah-expert-v2,4,0,2048,mart_delta_mu3_minus_mu2_rms,0.03545460109486434,0.019847215799781208,2048,
dataset,halfcheetah-expert-v2,4,0,2048,mart_adjacent_rms_mu3_to_mu4,0.038936202088002456,0.022970871695967315,2048,
dataset,halfcheetah-expert-v2,4,0,2048,mart_adjacent_l2_mu3_to_mu4,0.095373827637495,0.05626691460206036,2048,
dataset,halfcheetah-expert-v2,4,0,2048,mart_delta_mu4_minus_mu3_rms,0.038936202088002456,0.022970871695967315,2048,
dataset,halfcheetah-expert-v2,4,0,2048,mart_from_mu1_rms_mu2,0.04082263291154243,0.02267492947578098,2048,
dataset,halfcheetah-expert-v2,4,0,2048,mart_from_mu1_rms_mu3,0.0531482112592883,0.02936452847733873,2048,
dataset,halfcheetah-expert-v2,4,0,2048,mart_from_mu1_rms_mu4,0.06257250342540942,0.03602710054410929,2048,
dataset,halfcheetah-expert-v2,4,0,2048,mart_delta2_rms,0.040822632837489436,0.022674929205265874,2048,
dataset,halfcheetah-expert-v2,4,0,2048,mart_delta2_l2,0.09999462051655428,0.05554200689035187,2048,
dataset,halfcheetah-expert-v2,4,0,2048,mart_delta3_rms,0.03545460106789733,0.01984721581536942,2048,
dataset,halfcheetah-expert-v2,4,0,2048,mart_delta3_l2,0.0868456816735943,0.04861555176896796,2048,
dataset,halfcheetah-expert-v2,4,0,2048,mart_delta4_rms,0.038936202057584524,0.022970871597078796,2048,
dataset,halfcheetah-expert-v2,4,0,2048,mart_delta4_l2,0.09537382768940006,0.05626691469870338,2048,
dataset,halfcheetah-expert-v2,4,0,2048,mart_cosine_delta2_delta3,-0.01542432601794623,0.4873775367078444,2048,0
dataset,halfcheetah-expert-v2,4,0,2048,mart_cosine_delta3_delta4,-0.12881160604794986,0.5076231870741005,2048,0
dataset,halfcheetah-expert-v2,4,0,2048,mart_cosine_delta2_delta4,-0.019061730669786232,0.5056730379735026,2048,0
dataset,halfcheetah-expert-v2,4,0,2048,bound_frac_mart_mu1,0.18660481770833334,0.0,1,
dataset,halfcheetah-expert-v2,4,0,2048,bound_frac_mart_mu2,0.23095703125,0.0,1,
dataset,halfcheetah-expert-v2,4,0,2048,bound_frac_mart_mu3,0.26171875,0.0,1,
dataset,halfcheetah-expert-v2,4,0,2048,bound_frac_mart_mu4,0.2840983072916667,0.0,1,
dataset,halfcheetah-expert-v2,4,0,2048,mart_mu4_vs_two_deploy_rms,0.055086676988777256,0.03524703677690618,2048,
dataset,halfcheetah-expert-v2,4,0,2048,mart_mu1_vs_two_target_rms,0.03358578186893417,0.022678284827909737,2048,
dataset,halfcheetah-expert-v2,4,0,2048,two_target_vs_deploy_rms,0.055935005766616544,0.03042539811928157,2048,
dataset,halfcheetah-expert-v2,4,0,2048,bound_frac_two_actor_target,0.19075520833333334,0.0,1,
dataset,halfcheetah-expert-v2,4,0,2048,bound_frac_two_actor_deploy,0.2960611979166667,0.0,1,
rollout_common,halfcheetah-expert-v2,4,0,512,mart_adjacent_rms_mu1_to_mu2,0.056470379109694734,0.05605486105806241,512,
rollout_common,halfcheetah-expert-v2,4,0,512,mart_adjacent_l2_mu1_to_mu2,0.13832361440027474,0.13730580719486007,512,
rollout_common,halfcheetah-expert-v2,4,0,512,mart_delta_mu2_minus_mu1_rms,0.056470379109694734,0.05605486105806241,512,
rollout_common,halfcheetah-expert-v2,4,0,512,mart_adjacent_rms_mu2_to_mu3,0.0483329149279983,0.048387682662345825,512,
rollout_common,halfcheetah-expert-v2,4,0,512,mart_adjacent_l2_mu2_to_mu3,0.11839097935494378,0.11852513235846351,512,
rollout_common,halfcheetah-expert-v2,4,0,512,mart_delta_mu3_minus_mu2_rms,0.0483329149279983,0.048387682662345825,512,
rollout_common,halfcheetah-expert-v2,4,0,512,mart_adjacent_rms_mu3_to_mu4,0.05189631408426734,0.04899555424275736,512,
rollout_common,halfcheetah-expert-v2,4,0,512,mart_adjacent_l2_mu3_to_mu4,0.127119489037667,0.12001410755961096,512,
rollout_common,halfcheetah-expert-v2,4,0,512,mart_delta_mu4_minus_mu3_rms,0.05189631408426734,0.04899555424275736,512,
rollout_common,halfcheetah-expert-v2,4,0,512,mart_from_mu1_rms_mu2,0.056470379109694734,0.05605486105806241,512,
rollout_common,halfcheetah-expert-v2,4,0,512,mart_from_mu1_rms_mu3,0.07288508167154963,0.06600284469517012,512,
rollout_common,halfcheetah-expert-v2,4,0,512,mart_from_mu1_rms_mu4,0.08426518322253017,0.07573372243181135,512,
rollout_common,halfcheetah-expert-v2,4,0,512,mart_delta2_rms,0.05647037910966901,0.05605486203980923,512,
rollout_common,halfcheetah-expert-v2,4,0,512,mart_delta2_l2,0.13832361425738782,0.1373058085164202,512,
rollout_common,halfcheetah-expert-v2,4,0,512,mart_delta3_rms,0.0483329146691176,0.04838768092514003,512,
rollout_common,halfcheetah-expert-v2,4,0,512,mart_delta3_l2,0.11839097923257214,0.11852513149130761,512,
rollout_common,halfcheetah-expert-v2,4,0,512,mart_delta4_rms,0.051896314077566785,0.04899555459192894,512,
rollout_common,halfcheetah-expert-v2,4,0,512,mart_delta4_l2,0.12711948890591884,0.12001410790599693,512,
rollout_common,halfcheetah-expert-v2,4,0,512,mart_cosine_delta2_delta3,0.04357948543837485,0.5571567449962417,512,0
rollout_common,halfcheetah-expert-v2,4,0,512,mart_cosine_delta3_delta4,-0.15144905505917672,0.5564675031145389,512,0
rollout_common,halfcheetah-expert-v2,4,0,512,mart_cosine_delta2_delta4,0.0014289087899243581,0.5469769176019122,512,0
rollout_common,halfcheetah-expert-v2,4,0,512,bound_frac_mart_mu1,0.2613932291666667,0.0,1,
rollout_common,halfcheetah-expert-v2,4,0,512,bound_frac_mart_mu2,0.3033854166666667,0.0,1,
rollout_common,halfcheetah-expert-v2,4,0,512,bound_frac_mart_mu3,0.3297526041666667,0.0,1,
rollout_common,halfcheetah-expert-v2,4,0,512,bound_frac_mart_mu4,0.3583984375,0.0,1,
rollout_common,halfcheetah-expert-v2,4,0,512,mart_mu4_vs_two_deploy_rms,0.07714974845733144,0.08863155011780764,512,
rollout_common,halfcheetah-expert-v2,4,0,512,mart_mu1_vs_two_target_rms,0.0483763041926152,0.057511337206331094,512,
rollout_common,halfcheetah-expert-v2,4,0,512,two_target_vs_deploy_rms,0.07584027031896598,0.07275373507031659,512,
rollout_common,halfcheetah-expert-v2,4,0,512,bound_frac_two_actor_target,0.2701822916666667,0.0,1,
rollout_common,halfcheetah-expert-v2,4,0,512,bound_frac_two_actor_deploy,0.3548177083333333,0.0,1,
dataset,halfcheetah-expert-v2,4,1,2048,mart_adjacent_rms_mu1_to_mu2,0.03885453639366498,0.02257766355325436,2048,
dataset,halfcheetah-expert-v2,4,1,2048,mart_adjacent_l2_mu1_to_mu2,0.09517378835687806,0.055303755289706165,2048,
dataset,halfcheetah-expert-v2,4,1,2048,mart_delta_mu2_minus_mu1_rms,0.03885453639366498,0.02257766355325436,2048,
dataset,halfcheetah-expert-v2,4,1,2048,mart_adjacent_rms_mu2_to_mu3,0.03786621809102628,0.021464740028218784,2048,
dataset,halfcheetah-expert-v2,4,1,2048,mart_adjacent_l2_mu2_to_mu3,0.09275291281195967,0.05257766053062942,2048,
dataset,halfcheetah-expert-v2,4,1,2048,mart_delta_mu3_minus_mu2_rms,0.03786621809102628,0.021464740028218784,2048,
dataset,halfcheetah-expert-v2,4,1,2048,mart_adjacent_rms_mu3_to_mu4,0.04190339215809569,0.0244890593814205,2048,
dataset,halfcheetah-expert-v2,4,1,2048,mart_adjacent_l2_mu3_to_mu4,0.10264192927907645,0.05998569976519767,2048,
dataset,halfcheetah-expert-v2,4,1,2048,mart_delta_mu4_minus_mu3_rms,0.04190339215809569,0.0244890593814205,2048,
dataset,halfcheetah-expert-v2,4,1,2048,mart_from_mu1_rms_mu2,0.03885453639366498,0.02257766355325436,2048,
dataset,halfcheetah-expert-v2,4,1,2048,mart_from_mu1_rms_mu3,0.055834262767146786,0.02756067831743469,2048,
dataset,halfcheetah-expert-v2,4,1,2048,mart_from_mu1_rms_mu4,0.06446224693567258,0.03175509806759526,2048,
dataset,halfcheetah-expert-v2,4,1,2048,mart_delta2_rms,0.03885453641942149,0.02257766357227601,2048,
dataset,halfcheetah-expert-v2,4,1,2048,mart_delta2_l2,0.09517378837244905,0.05530375515280917,2048,
dataset,halfcheetah-expert-v2,4,1,2048,mart_delta3_rms,0.03786621808364998,0.021464739904969613,2048,
dataset,halfcheetah-expert-v2,4,1,2048,mart_delta3_l2,0.0927529128803144,0.05257766066175281,2048,
dataset,halfcheetah-expert-v2,4,1,2048,mart_delta4_rms,0.041903392104472914,0.024489059157182663,2048,
dataset,halfcheetah-expert-v2,4,1,2048,mart_delta4_l2,0.10264192930799254,0.05998569994272336,2048,
dataset,halfcheetah-expert-v2,4,1,2048,mart_cosine_delta2_delta3,0.1159361299525152,0.49033063466766863,2048,0
dataset,halfcheetah-expert-v2,4,1,2048,mart_cosine_delta3_delta4,-0.15972591363449726,0.5134136737112038,2048,0
dataset,halfcheetah-expert-v2,4,1,2048,mart_cosine_delta2_delta4,0.03781471177855573,0.5021639438954806,2048,0
dataset,halfcheetah-expert-v2,4,1,2048,bound_frac_mart_mu1,0.19108072916666666,0.0,1,
dataset,halfcheetah-expert-v2,4,1,2048,bound_frac_mart_mu2,0.23616536458333334,0.0,1,
dataset,halfcheetah-expert-v2,4,1,2048,bound_frac_mart_mu3,0.270751953125,0.0,1,
dataset,halfcheetah-expert-v2,4,1,2048,bound_frac_mart_mu4,0.3013509114583333,0.0,1,
dataset,halfcheetah-expert-v2,4,1,2048,mart_mu4_vs_two_deploy_rms,0.060591280812799006,0.03763776694035551,2048,
dataset,halfcheetah-expert-v2,4,1,2048,mart_mu1_vs_two_target_rms,0.03244004924762309,0.02271044497116126,2048,
dataset,halfcheetah-expert-v2,4,1,2048,two_target_vs_deploy_rms,0.055858801555043726,0.03228460588791386,2048,
dataset,halfcheetah-expert-v2,4,1,2048,bound_frac_two_actor_target,0.19303385416666666,0.0,1,
dataset,halfcheetah-expert-v2,4,1,2048,bound_frac_two_actor_deploy,0.2894694010416667,0.0,1,
rollout_common,halfcheetah-expert-v2,4,1,512,mart_adjacent_rms_mu1_to_mu2,0.05060770632863088,0.061126968492951725,512,
rollout_common,halfcheetah-expert-v2,4,1,512,mart_adjacent_l2_mu1_to_mu2,0.12396305755776467,0.14972988233091578,512,
rollout_common,halfcheetah-expert-v2,4,1,512,mart_delta_mu2_minus_mu1_rms,0.05060770632863088,0.061126968492951725,512,
rollout_common,halfcheetah-expert-v2,4,1,512,mart_adjacent_rms_mu2_to_mu3,0.0498219043987448,0.05129917091342653,512,
rollout_common,halfcheetah-expert-v2,4,1,512,mart_adjacent_l2_mu2_to_mu3,0.12203824379064951,0.1256567929657194,512,
rollout_common,halfcheetah-expert-v2,4,1,512,mart_delta_mu3_minus_mu2_rms,0.0498219043987448,0.05129917091342653,512,
rollout_common,halfcheetah-expert-v2,4,1,512,mart_adjacent_rms_mu3_to_mu4,0.059282052377499894,0.06392875278251511,512,
rollout_common,halfcheetah-expert-v2,4,1,512,mart_adjacent_l2_mu3_to_mu4,0.1452107792298211,0.1565928242096923,512,
rollout_common,halfcheetah-expert-v2,4,1,512,mart_delta_mu4_minus_mu3_rms,0.059282052377499894,0.06392875278251511,512,
rollout_common,halfcheetah-expert-v2,4,1,512,mart_from_mu1_rms_mu2,0.05060770632863088,0.061126968492951725,512,
rollout_common,halfcheetah-expert-v2,4,1,512,mart_from_mu1_rms_mu3,0.06676300442285231,0.06507131098324807,512,
rollout_common,halfcheetah-expert-v2,4,1,512,mart_from_mu1_rms_mu4,0.08425797218324649,0.07572061909776696,512,
rollout_common,halfcheetah-expert-v2,4,1,512,mart_delta2_rms,0.05060770631826017,0.06112696860632342,512,
rollout_common,halfcheetah-expert-v2,4,1,512,mart_delta2_l2,0.12396305737274815,0.1497298811891365,512,
rollout_common,halfcheetah-expert-v2,4,1,512,mart_delta3_rms,0.04982190426380839,0.051299170693967444,512,
rollout_common,halfcheetah-expert-v2,4,1,512,mart_delta3_l2,0.1220382437149965,0.1256567943409893,512,
rollout_common,halfcheetah-expert-v2,4,1,512,mart_delta4_rms,0.05928205214513582,0.06392875201034165,512,
rollout_common,halfcheetah-expert-v2,4,1,512,mart_delta4_l2,0.1452107789755246,0.1565928234401634,512,
rollout_common,halfcheetah-expert-v2,4,1,512,mart_cosine_delta2_delta3,-0.028693271919090053,0.522831942859599,512,0
rollout_common,halfcheetah-expert-v2,4,1,512,mart_cosine_delta3_delta4,-0.20357487682843953,0.5655128895731646,512,0
rollout_common,halfcheetah-expert-v2,4,1,512,mart_cosine_delta2_delta4,0.1006094230628917,0.5206399050994117,512,0
rollout_common,halfcheetah-expert-v2,4,1,512,bound_frac_mart_mu1,0.22916666666666666,0.0,1,
rollout_common,halfcheetah-expert-v2,4,1,512,bound_frac_mart_mu2,0.2760416666666667,0.0,1,
rollout_common,halfcheetah-expert-v2,4,1,512,bound_frac_mart_mu3,0.2991536458333333,0.0,1,
rollout_common,halfcheetah-expert-v2,4,1,512,bound_frac_mart_mu4,0.3297526041666667,0.0,1,
rollout_common,halfcheetah-expert-v2,4,1,512,mart_mu4_vs_two_deploy_rms,0.07957333181044024,0.07587628513560866,512,
rollout_common,halfcheetah-expert-v2,4,1,512,mart_mu1_vs_two_target_rms,0.04374653700798642,0.055767590471417584,512,
rollout_common,halfcheetah-expert-v2,4,1,512,two_target_vs_deploy_rms,0.07148781200273895,0.08212635405732481,512,
rollout_common,halfcheetah-expert-v2,4,1,512,bound_frac_two_actor_target,0.228515625,0.0,1,
rollout_common,halfcheetah-expert-v2,4,1,512,bound_frac_two_actor_deploy,0.3134765625,0.0,1,
dataset,halfcheetah-expert-v2,7,0,2048,mart_adjacent_rms_mu1_to_mu2,0.04426053981521355,0.023310267876251387,2048,
dataset,halfcheetah-expert-v2,7,0,2048,mart_adjacent_l2_mu1_to_mu2,0.10841573828741205,0.05709826206440599,2048,
dataset,halfcheetah-expert-v2,7,0,2048,mart_delta_mu2_minus_mu1_rms,0.04426053981521355,0.023310267876251387,2048,
dataset,halfcheetah-expert-v2,7,0,2048,mart_adjacent_rms_mu2_to_mu3,0.04034607397115541,0.024757063446152524,2048,
dataset,halfcheetah-expert-v2,7,0,2048,mart_adjacent_l2_mu2_to_mu3,0.09882729435391654,0.060642172972782966,2048,
dataset,halfcheetah-expert-v2,7,0,2048,mart_delta_mu3_minus_mu2_rms,0.04034607397115541,0.024757063446152524,2048,
dataset,halfcheetah-expert-v2,7,0,2048,mart_adjacent_rms_mu3_to_mu4,0.0408943839344345,0.022605304309237975,2048,
dataset,halfcheetah-expert-v2,7,0,2048,mart_adjacent_l2_mu3_to_mu4,0.1001703739848345,0.05537146103797079,2048,
dataset,halfcheetah-expert-v2,7,0,2048,mart_delta_mu4_minus_mu3_rms,0.0408943839344345,0.022605304309237975,2048,
dataset,halfcheetah-expert-v2,7,0,2048,mart_from_mu1_rms_mu2,0.04426053981521355,0.023310267876251387,2048,
dataset,halfcheetah-expert-v2,7,0,2048,mart_from_mu1_rms_mu3,0.06226860676984144,0.030368826809673222,2048,
dataset,halfcheetah-expert-v2,7,0,2048,mart_from_mu1_rms_mu4,0.07724435594590559,0.03842611539818966,2048,
dataset,halfcheetah-expert-v2,7,0,2048,mart_delta2_rms,0.04426053986367151,0.023310268002817467,2048,
dataset,halfcheetah-expert-v2,7,0,2048,mart_delta2_l2,0.10841573838160912,0.05709826227315015,2048,
dataset,halfcheetah-expert-v2,7,0,2048,mart_delta3_rms,0.04034607403343671,0.024757063689216798,2048,
dataset,halfcheetah-expert-v2,7,0,2048,mart_delta3_l2,0.09882729449645922,0.06064217363402486,2048,
dataset,halfcheetah-expert-v2,7,0,2048,mart_delta4_rms,0.04089438391349631,0.022605304218143753,2048,
dataset,halfcheetah-expert-v2,7,0,2048,mart_delta4_l2,0.10017037392753991,0.05537146098974373,2048,
dataset,halfcheetah-expert-v2,7,0,2048,mart_cosine_delta2_delta3,0.10813117379094017,0.47648047366329865,2048,0
dataset,halfcheetah-expert-v2,7,0,2048,mart_cosine_delta3_delta4,0.06754017308015658,0.5233101520856495,2048,0
dataset,halfcheetah-expert-v2,7,0,2048,mart_cosine_delta2_delta4,0.07229172489811911,0.4947674226305688,2048,0
dataset,halfcheetah-expert-v2,7,0,2048,bound_frac_mart_mu1,0.22550455729166666,0.0,1,
dataset,halfcheetah-expert-v2,7,0,2048,bound_frac_mart_mu2,0.287109375,0.0,1,
dataset,halfcheetah-expert-v2,7,0,2048,bound_frac_mart_mu3,0.3209635416666667,0.0,1,
dataset,halfcheetah-expert-v2,7,0,2048,bound_frac_mart_mu4,0.35009765625,0.0,1,
dataset,halfcheetah-expert-v2,7,0,2048,mart_mu4_vs_two_deploy_rms,0.0674504048224321,0.04125814221381365,2048,
dataset,halfcheetah-expert-v2,7,0,2048,mart_mu1_vs_two_target_rms,0.03528619537879228,0.02256395319154417,2048,
dataset,halfcheetah-expert-v2,7,0,2048,two_target_vs_deploy_rms,0.07201875514363948,0.03920557084099272,2048,
dataset,halfcheetah-expert-v2,7,0,2048,bound_frac_two_actor_target,0.22648111979166666,0.0,1,
dataset,halfcheetah-expert-v2,7,0,2048,bound_frac_two_actor_deploy,0.3260904947916667,0.0,1,
rollout_common,halfcheetah-expert-v2,7,0,512,mart_adjacent_rms_mu1_to_mu2,0.09675393676659141,0.1310634263928053,512,
rollout_common,halfcheetah-expert-v2,7,0,512,mart_adjacent_l2_mu1_to_mu2,0.23699777568365787,0.32103851860319466,512,
rollout_common,halfcheetah-expert-v2,7,0,512,mart_delta_mu2_minus_mu1_rms,0.09675393676659141,0.1310634263928053,512,
rollout_common,halfcheetah-expert-v2,7,0,512,mart_adjacent_rms_mu2_to_mu3,0.08465469225358968,0.13190218666562373,512,
rollout_common,halfcheetah-expert-v2,7,0,512,mart_adjacent_l2_mu2_to_mu3,0.2073608003536345,0.3230930532881174,512,
rollout_common,halfcheetah-expert-v2,7,0,512,mart_delta_mu3_minus_mu2_rms,0.08465469225358968,0.13190218666562373,512,
rollout_common,halfcheetah-expert-v2,7,0,512,mart_adjacent_rms_mu3_to_mu4,0.08794095960346002,0.11639122003424074,512,
rollout_common,halfcheetah-expert-v2,7,0,512,mart_adjacent_l2_mu3_to_mu4,0.21541047851918513,0.2850990996238926,512,
rollout_common,halfcheetah-expert-v2,7,0,512,mart_delta_mu4_minus_mu3_rms,0.08794095960346002,0.11639122003424074,512,
rollout_common,halfcheetah-expert-v2,7,0,512,mart_from_mu1_rms_mu2,0.09675393676659141,0.1310634263928053,512,
rollout_common,halfcheetah-expert-v2,7,0,512,mart_from_mu1_rms_mu3,0.10891741693445567,0.1355578097456654,512,
rollout_common,halfcheetah-expert-v2,7,0,512,mart_from_mu1_rms_mu4,0.13154052123075907,0.1421823483217686,512,
rollout_common,halfcheetah-expert-v2,7,0,512,mart_delta2_rms,0.09675393643444054,0.1310634257394691,512,
rollout_common,halfcheetah-expert-v2,7,0,512,mart_delta2_l2,0.23699777424917556,0.3210385171168682,512,
rollout_common,halfcheetah-expert-v2,7,0,512,mart_delta3_rms,0.08465469251405011,0.13190218655617914,512,
rollout_common,halfcheetah-expert-v2,7,0,512,mart_delta3_l2,0.20736080117421807,0.32309305399533655,512,
rollout_common,halfcheetah-expert-v2,7,0,512,mart_delta4_rms,0.08794095930443291,0.11639121909591889,512,
rollout_common,halfcheetah-expert-v2,7,0,512,mart_delta4_l2,0.21541047775281186,0.28509909537315187,512,
rollout_common,halfcheetah-expert-v2,7,0,512,mart_cosine_delta2_delta3,-0.09283016715205177,0.5374843689806709,484,28
rollout_common,halfcheetah-expert-v2,7,0,512,mart_cosine_delta3_delta4,-0.05019099641349374,0.5727219492961003,484,28
rollout_common,halfcheetah-expert-v2,7,0,512,mart_cosine_delta2_delta4,0.07238365330257039,0.49706907185040855,484,28
rollout_common,halfcheetah-expert-v2,7,0,512,bound_frac_mart_mu1,0.2822265625,0.0,1,
rollout_common,halfcheetah-expert-v2,7,0,512,bound_frac_mart_mu2,0.3147786458333333,0.0,1,
rollout_common,halfcheetah-expert-v2,7,0,512,bound_frac_mart_mu3,0.3385416666666667,0.0,1,
rollout_common,halfcheetah-expert-v2,7,0,512,bound_frac_mart_mu4,0.3518880208333333,0.0,1,
rollout_common,halfcheetah-expert-v2,7,0,512,mart_mu4_vs_two_deploy_rms,0.13435648404070394,0.15093822848065144,512,
rollout_common,halfcheetah-expert-v2,7,0,512,mart_mu1_vs_two_target_rms,0.08119297434947638,0.10785382677900637,512,
rollout_common,halfcheetah-expert-v2,7,0,512,two_target_vs_deploy_rms,0.13159332802376156,0.15356680891321478,512,
rollout_common,halfcheetah-expert-v2,7,0,512,bound_frac_two_actor_target,0.2747395833333333,0.0,1,
rollout_common,halfcheetah-expert-v2,7,0,512,bound_frac_two_actor_deploy,0.3531901041666667,0.0,1,
dataset,halfcheetah-expert-v2,7,1,2048,mart_adjacent_rms_mu1_to_mu2,0.04409332910097569,0.0255858534409347,2048,
dataset,halfcheetah-expert-v2,7,1,2048,mart_adjacent_l2_mu1_to_mu2,0.10800615735800295,0.06267228556392324,2048,
dataset,halfcheetah-expert-v2,7,1,2048,mart_delta_mu2_minus_mu1_rms,0.04409332910097569,0.0255858534409347,2048,
dataset,halfcheetah-expert-v2,7,1,2048,mart_adjacent_rms_mu2_to_mu3,0.04020709060765486,0.020823809455177516,2048,
dataset,halfcheetah-expert-v2,7,1,2048,mart_adjacent_l2_mu2_to_mu3,0.09848685603060445,0.051007707666128686,2048,
dataset,halfcheetah-expert-v2,7,1,2048,mart_delta_mu3_minus_mu2_rms,0.04020709060765486,0.020823809455177516,2048,
dataset,halfcheetah-expert-v2,7,1,2048,mart_adjacent_rms_mu3_to_mu4,0.04289102646451318,0.0228463470118189,2048,
dataset,halfcheetah-expert-v2,7,1,2048,mart_adjacent_l2_mu3_to_mu4,0.10506112938226689,0.0559618926655155,2048,
dataset,halfcheetah-expert-v2,7,1,2048,mart_delta_mu4_minus_mu3_rms,0.04289102646451318,0.0228463470118189,2048,
dataset,halfcheetah-expert-v2,7,1,2048,mart_from_mu1_rms_mu2,0.04409332910097569,0.0255858534409347,2048,
dataset,halfcheetah-expert-v2,7,1,2048,mart_from_mu1_rms_mu3,0.06299737619221535,0.030759865406534182,2048,
dataset,halfcheetah-expert-v2,7,1,2048,mart_from_mu1_rms_mu4,0.07674530168729193,0.03924145455490928,2048,
dataset,halfcheetah-expert-v2,7,1,2048,mart_delta2_rms,0.04409332910927333,0.025585853567334414,2048,
dataset,halfcheetah-expert-v2,7,1,2048,mart_delta2_l2,0.10800615731204743,0.06267228501570495,2048,
dataset,halfcheetah-expert-v2,7,1,2048,mart_delta3_rms,0.040207090573517235,0.02082380936048747,2048,
dataset,halfcheetah-expert-v2,7,1,2048,mart_delta3_l2,0.09848685588849548,0.051007707483359414,2048,
dataset,halfcheetah-expert-v2,7,1,2048,mart_delta4_rms,0.042891026435768254,0.02284634696311965,2048,
dataset,halfcheetah-expert-v2,7,1,2048,mart_delta4_l2,0.10506112932080214,0.05596189275696935,2048,
dataset,halfcheetah-expert-v2,7,1,2048,mart_cosine_delta2_delta3,0.14816402807355444,0.4961542389814789,2048,0
dataset,halfcheetah-expert-v2,7,1,2048,mart_cosine_delta3_delta4,-0.05892906074071057,0.5446314735861125,2048,0
dataset,halfcheetah-expert-v2,7,1,2048,mart_cosine_delta2_delta4,0.10718512730398291,0.5116985542309401,2048,0
dataset,halfcheetah-expert-v2,7,1,2048,bound_frac_mart_mu1,0.22281901041666666,0.0,1,
dataset,halfcheetah-expert-v2,7,1,2048,bound_frac_mart_mu2,0.2750651041666667,0.0,1,
dataset,halfcheetah-expert-v2,7,1,2048,bound_frac_mart_mu3,0.3062337239583333,0.0,1,
dataset,halfcheetah-expert-v2,7,1,2048,bound_frac_mart_mu4,0.3324381510416667,0.0,1,
dataset,halfcheetah-expert-v2,7,1,2048,mart_mu4_vs_two_deploy_rms,0.07067253117890879,0.03960106652584907,2048,
dataset,halfcheetah-expert-v2,7,1,2048,mart_mu1_vs_two_target_rms,0.03472867054759235,0.021853838863827024,2048,
dataset,halfcheetah-expert-v2,7,1,2048,two_target_vs_deploy_rms,0.06970013507101933,0.03809463951695626,2048,
dataset,halfcheetah-expert-v2,7,1,2048,bound_frac_two_actor_target,0.228271484375,0.0,1,
dataset,halfcheetah-expert-v2,7,1,2048,bound_frac_two_actor_deploy,0.3411458333333333,0.0,1,
rollout_common,halfcheetah-expert-v2,7,1,512,mart_adjacent_rms_mu1_to_mu2,0.09492090526381208,0.13299702495138283,512,
rollout_common,halfcheetah-expert-v2,7,1,512,mart_adjacent_l2_mu1_to_mu2,0.23250778381940146,0.32577484843909066,512,
rollout_common,halfcheetah-expert-v2,7,1,512,mart_delta_mu2_minus_mu1_rms,0.09492090526381208,0.13299702495138283,512,
rollout_common,halfcheetah-expert-v2,7,1,512,mart_adjacent_rms_mu2_to_mu3,0.08569561848093596,0.11145663227504601,512,
rollout_common,halfcheetah-expert-v2,7,1,512,mart_adjacent_l2_mu2_to_mu3,0.20991053847051316,0.27301187752288175,512,
rollout_common,halfcheetah-expert-v2,7,1,512,mart_delta_mu3_minus_mu2_rms,0.08569561848093596,0.11145663227504601,512,
rollout_common,halfcheetah-expert-v2,7,1,512,mart_adjacent_rms_mu3_to_mu4,0.12294769770522138,0.14330614305867356,512,
rollout_common,halfcheetah-expert-v2,7,1,512,mart_adjacent_l2_mu3_to_mu4,0.3011591244277466,0.35102692750003966,512,
rollout_common,halfcheetah-expert-v2,7,1,512,mart_delta_mu4_minus_mu3_rms,0.12294769770522138,0.14330614305867356,512,
rollout_common,halfcheetah-expert-v2,7,1,512,mart_from_mu1_rms_mu2,0.09492090526381208,0.13299702495138283,512,
rollout_common,halfcheetah-expert-v2,7,1,512,mart_from_mu1_rms_mu3,0.11397818557679255,0.1434292931196671,512,
rollout_common,halfcheetah-expert-v2,7,1,512,mart_from_mu1_rms_mu4,0.15146039616833523,0.17184616617716278,512,
rollout_common,halfcheetah-expert-v2,7,1,512,mart_delta2_rms,0.0949209053565035,0.1329970257818274,512,
rollout_common,halfcheetah-expert-v2,7,1,512,mart_delta2_l2,0.23250778352485213,0.32577484721329275,512,
rollout_common,halfcheetah-expert-v2,7,1,512,mart_delta3_rms,0.08569561796437108,0.1114566309428618,512,
rollout_common,halfcheetah-expert-v2,7,1,512,mart_delta3_l2,0.20991053807301796,0.27301187432620744,512,
rollout_common,halfcheetah-expert-v2,7,1,512,mart_delta4_rms,0.12294769767711466,0.1433061443933902,512,
rollout_common,halfcheetah-expert-v2,7,1,512,mart_delta4_l2,0.30115912419023516,0.3510269295023096,512,
rollout_common,halfcheetah-expert-v2,7,1,512,mart_cosine_delta2_delta3,-0.09389783403576855,0.5282052524230387,482,30
rollout_common,halfcheetah-expert-v2,7,1,512,mart_cosine_delta3_delta4,-0.20024290527333327,0.5337177413156695,512,0
rollout_common,halfcheetah-expert-v2,7,1,512,mart_cosine_delta2_delta4,-0.008823651217032845,0.5258383474872124,482,30
rollout_common,halfcheetah-expert-v2,7,1,512,bound_frac_mart_mu1,0.2542317708333333,0.0,1,
rollout_common,halfcheetah-expert-v2,7,1,512,bound_frac_mart_mu2,0.2819010416666667,0.0,1,
rollout_common,halfcheetah-expert-v2,7,1,512,bound_frac_mart_mu3,0.291015625,0.0,1,
rollout_common,halfcheetah-expert-v2,7,1,512,bound_frac_mart_mu4,0.3180338541666667,0.0,1,
rollout_common,halfcheetah-expert-v2,7,1,512,mart_mu4_vs_two_deploy_rms,0.1487733256170521,0.1580712889003661,512,
rollout_common,halfcheetah-expert-v2,7,1,512,mart_mu1_vs_two_target_rms,0.08967142357854359,0.12577258257697266,512,
rollout_common,halfcheetah-expert-v2,7,1,512,two_target_vs_deploy_rms,0.1286310507902404,0.16698696910306132,512,
rollout_common,halfcheetah-expert-v2,7,1,512,bound_frac_two_actor_target,0.2529296875,0.0,1,
rollout_common,halfcheetah-expert-v2,7,1,512,bound_frac_two_actor_deploy,0.3235677083333333,0.0,1,
dataset,halfcheetah-medium-replay-v2,10,1,2048,mart_adjacent_rms_mu1_to_mu2,0.1387691030946747,0.09427435765488074,2048,
dataset,halfcheetah-medium-replay-v2,10,1,2048,mart_adjacent_l2_mu1_to_mu2,0.33991349464562703,0.23092407208310314,2048,
dataset,halfcheetah-medium-replay-v2,10,1,2048,mart_delta_mu2_minus_mu1_rms,0.1387691030946747,0.09427435765488074,2048,
dataset,halfcheetah-medium-replay-v2,10,1,2048,mart_adjacent_rms_mu2_to_mu3,0.10797208177801754,0.07542738078237136,2048,
dataset,halfcheetah-medium-replay-v2,10,1,2048,mart_adjacent_l2_mu2_to_mu3,0.2644765068222005,0.18475859555141966,2048,
dataset,halfcheetah-medium-replay-v2,10,1,2048,mart_delta_mu3_minus_mu2_rms,0.10797208177801754,0.07542738078237136,2048,
dataset,halfcheetah-medium-replay-v2,10,1,2048,mart_adjacent_rms_mu3_to_mu4,0.09387214471362687,0.06438663727744874,2048,
dataset,halfcheetah-medium-replay-v2,10,1,2048,mart_adjacent_l2_mu3_to_mu4,0.22993885560908717,0.15771440758341168,2048,
dataset,halfcheetah-medium-replay-v2,10,1,2048,mart_delta_mu4_minus_mu3_rms,0.09387214471362687,0.06438663727744874,2048,
dataset,halfcheetah-medium-replay-v2,10,1,2048,mart_from_mu1_rms_mu2,0.1387691030946747,0.09427435765488074,2048,
dataset,halfcheetah-medium-replay-v2,10,1,2048,mart_from_mu1_rms_mu3,0.18348391902154704,0.1255822306918854,2048,
dataset,halfcheetah-medium-replay-v2,10,1,2048,mart_from_mu1_rms_mu4,0.21657747352540363,0.14314240554962063,2048,
dataset,halfcheetah-medium-replay-v2,10,1,2048,mart_delta2_rms,0.13876910322051117,0.09427435786019822,2048,
dataset,halfcheetah-medium-replay-v2,10,1,2048,mart_delta2_l2,0.339913494380653,0.23092407180748623,2048,
dataset,halfcheetah-medium-replay-v2,10,1,2048,mart_delta3_rms,0.10797208177791617,0.07542738093488827,2048,
dataset,halfcheetah-medium-replay-v2,10,1,2048,mart_delta3_l2,0.26447650683576285,0.18475859578252438,2048,
dataset,halfcheetah-medium-replay-v2,10,1,2048,mart_delta4_rms,0.09387214482717354,0.06438663773688372,2048,
dataset,halfcheetah-medium-replay-v2,10,1,2048,mart_delta4_l2,0.22993885577625406,0.15771440796087569,2048,
dataset,halfcheetah-medium-replay-v2,10,1,2048,mart_cosine_delta2_delta3,0.08075394867871794,0.5473562847187462,2048,0
dataset,halfcheetah-medium-replay-v2,10,1,2048,mart_cosine_delta3_delta4,-0.015279139303508608,0.5579297627483901,2048,0
dataset,halfcheetah-medium-replay-v2,10,1,2048,mart_cosine_delta2_delta4,0.18374939186479344,0.5313006794680328,2048,0
dataset,halfcheetah-medium-replay-v2,10,1,2048,bound_frac_mart_mu1,0.31298828125,0.0,1,
dataset,halfcheetah-medium-replay-v2,10,1,2048,bound_frac_mart_mu2,0.3339029947916667,0.0,1,
dataset,halfcheetah-medium-replay-v2,10,1,2048,bound_frac_mart_mu3,0.3516438802083333,0.0,1,
dataset,halfcheetah-medium-replay-v2,10,1,2048,bound_frac_mart_mu4,0.360107421875,0.0,1,
dataset,halfcheetah-medium-replay-v2,10,1,2048,mart_mu4_vs_two_deploy_rms,0.2182765872167046,0.15786420592462166,2048,
dataset,halfcheetah-medium-replay-v2,10,1,2048,mart_mu1_vs_two_target_rms,0.14161993222627098,0.09627341360901204,2048,
dataset,halfcheetah-medium-replay-v2,10,1,2048,two_target_vs_deploy_rms,0.2329222457506226,0.17111769658468318,2048,
dataset,halfcheetah-medium-replay-v2,10,1,2048,bound_frac_two_actor_target,0.3133951822916667,0.0,1,
dataset,halfcheetah-medium-replay-v2,10,1,2048,bound_frac_two_actor_deploy,0.341796875,0.0,1,
rollout_common,halfcheetah-medium-replay-v2,10,1,512,mart_adjacent_rms_mu1_to_mu2,0.13066215449533414,0.08226624502772674,512,
rollout_common,halfcheetah-medium-replay-v2,10,1,512,mart_adjacent_l2_mu1_to_mu2,0.3200556072062719,0.20151032337270425,512,
rollout_common,halfcheetah-medium-replay-v2,10,1,512,mart_delta_mu2_minus_mu1_rms,0.13066215449533414,0.08226624502772674,512,
rollout_common,halfcheetah-medium-replay-v2,10,1,512,mart_adjacent_rms_mu2_to_mu3,0.11402808979489232,0.07617709742480333,512,
rollout_common,halfcheetah-medium-replay-v2,10,1,512,mart_adjacent_l2_mu2_to_mu3,0.27931063634174796,0.18659501877705062,512,
rollout_common,halfcheetah-medium-replay-v2,10,1,512,mart_delta_mu3_minus_mu2_rms,0.11402808979489232,0.07617709742480333,512,
rollout_common,halfcheetah-medium-replay-v2,10,1,512,mart_adjacent_rms_mu3_to_mu4,0.10191671885115515,0.0635761650000994,512,
rollout_common,halfcheetah-medium-replay-v2,10,1,512,mart_adjacent_l2_mu3_to_mu4,0.2496439574440215,0.15572916405323436,512,
rollout_common,halfcheetah-medium-replay-v2,10,1,512,mart_delta_mu4_minus_mu3_rms,0.10191671885115515,0.0635761650000994,512,
rollout_common,halfcheetah-medium-replay-v2,10,1,512,mart_from_mu1_rms_mu2,0.13066215449533414,0.08226624502772674,512,
rollout_common,halfcheetah-medium-replay-v2,10,1,512,mart_from_mu1_rms_mu3,0.16141305342835455,0.09608447092584252,512,
rollout_common,halfcheetah-medium-replay-v2,10,1,512,mart_from_mu1_rms_mu4,0.18444621358649232,0.10103015276190927,512,
rollout_common,halfcheetah-medium-replay-v2,10,1,512,mart_delta2_rms,0.1306621546518727,0.08226624575456493,512,
rollout_common,halfcheetah-medium-replay-v2,10,1,512,mart_delta2_l2,0.320055607593531,0.20151032526605003,512,
rollout_common,halfcheetah-medium-replay-v2,10,1,512,mart_delta3_rms,0.1140280893396266,0.07617709730095329,512,
rollout_common,halfcheetah-medium-replay-v2,10,1,512,mart_delta3_l2,0.2793106358149089,0.18659501849237456,512,
rollout_common,halfcheetah-medium-replay-v2,10,1,512,mart_delta4_rms,0.10191671840402705,0.06357616425719084,512,
rollout_common,halfcheetah-medium-replay-v2,10,1,512,mart_delta4_l2,0.2496439564456523,0.1557291619872713,512,
rollout_common,halfcheetah-medium-replay-v2,10,1,512,mart_cosine_delta2_delta3,-0.06173217298665401,0.5916626554173733,512,0
rollout_common,halfcheetah-medium-replay-v2,10,1,512,mart_cosine_delta3_delta4,-0.1996947992437023,0.5937877173893383,512,0
rollout_common,halfcheetah-medium-replay-v2,10,1,512,mart_cosine_delta2_delta4,0.14734368723665045,0.5952277702252334,512,0
rollout_common,halfcheetah-medium-replay-v2,10,1,512,bound_frac_mart_mu1,0.4069010416666667,0.0,1,
rollout_common,halfcheetah-medium-replay-v2,10,1,512,bound_frac_mart_mu2,0.4267578125,0.0,1,
rollout_common,halfcheetah-medium-replay-v2,10,1,512,bound_frac_mart_mu3,0.4430338541666667,0.0,1,
rollout_common,halfcheetah-medium-replay-v2,10,1,512,bound_frac_mart_mu4,0.4544270833333333,0.0,1,
rollout_common,halfcheetah-medium-replay-v2,10,1,512,mart_mu4_vs_two_deploy_rms,0.19162387704242062,0.10739334900435513,512,
rollout_common,halfcheetah-medium-replay-v2,10,1,512,mart_mu1_vs_two_target_rms,0.13230054294626506,0.08101497122941734,512,
rollout_common,halfcheetah-medium-replay-v2,10,1,512,two_target_vs_deploy_rms,0.19169021772525152,0.11662165397052422,512,
rollout_common,halfcheetah-medium-replay-v2,10,1,512,bound_frac_two_actor_target,0.4108072916666667,0.0,1,
rollout_common,halfcheetah-medium-replay-v2,10,1,512,bound_frac_two_actor_deploy,0.4430338541666667,0.0,1,
dataset,halfcheetah-medium-replay-v2,14,0,2048,mart_adjacent_rms_mu1_to_mu2,0.14932969779827798,0.09969299243778638,2048,
dataset,halfcheetah-medium-replay-v2,14,0,2048,mart_adjacent_l2_mu1_to_mu2,0.36578156304979365,0.2441969624037187,2048,
dataset,halfcheetah-medium-replay-v2,14,0,2048,mart_delta_mu2_minus_mu1_rms,0.14932969779827798,0.09969299243778638,2048,
dataset,halfcheetah-medium-replay-v2,14,0,2048,mart_adjacent_rms_mu2_to_mu3,0.11787862172529774,0.08328619783346604,2048,
dataset,halfcheetah-medium-replay-v2,14,0,2048,mart_adjacent_l2_mu2_to_mu3,0.2887424748095351,0.2040086873084856,2048,
dataset,halfcheetah-medium-replay-v2,14,0,2048,mart_delta_mu3_minus_mu2_rms,0.11787862172529774,0.08328619783346604,2048,
dataset,halfcheetah-medium-replay-v2,14,0,2048,mart_adjacent_rms_mu3_to_mu4,0.10766281703529179,0.07560723106832402,2048,
dataset,halfcheetah-medium-replay-v2,14,0,2048,mart_adjacent_l2_mu3_to_mu4,0.2637189660070892,0.1851991369820973,2048,
dataset,halfcheetah-medium-replay-v2,14,0,2048,mart_delta_mu4_minus_mu3_rms,0.10766281703529179,0.07560723106832402,2048,
dataset,halfcheetah-medium-replay-v2,14,0,2048,mart_from_mu1_rms_mu2,0.14932969779827798,0.09969299243778638,2048,
dataset,halfcheetah-medium-replay-v2,14,0,2048,mart_from_mu1_rms_mu3,0.20289886533561305,0.13923505834455546,2048,
dataset,halfcheetah-medium-replay-v2,14,0,2048,mart_from_mu1_rms_mu4,0.23970431024297334,0.15969236741427378,2048,
dataset,halfcheetah-medium-replay-v2,14,0,2048,mart_delta2_rms,0.14932969802794105,0.09969299259013259,2048,
dataset,halfcheetah-medium-replay-v2,14,0,2048,mart_delta2_l2,0.3657815634369399,0.24419696323884252,2048,
dataset,halfcheetah-medium-replay-v2,14,0,2048,mart_delta3_rms,0.11787862147139094,0.08328619711081642,2048,
dataset,halfcheetah-medium-replay-v2,14,0,2048,mart_delta3_l2,0.2887424741002178,0.20400868613722845,2048,
dataset,halfcheetah-medium-replay-v2,14,0,2048,mart_delta4_rms,0.10766281695953239,0.07560723103764524,2048,
dataset,halfcheetah-medium-replay-v2,14,0,2048,mart_delta4_l2,0.26371896577211373,0.18519913742287974,2048,
dataset,halfcheetah-medium-replay-v2,14,0,2048,mart_cosine_delta2_delta3,0.10347023204546316,0.5325381209445166,2048,0
dataset,halfcheetah-medium-replay-v2,14,0,2048,mart_cosine_delta3_delta4,0.00678945927403511,0.5511063038649813,2048,0
dataset,halfcheetah-medium-replay-v2,14,0,2048,mart_cosine_delta2_delta4,0.13897957728891364,0.5248485645914172,2048,0
dataset,halfcheetah-medium-replay-v2,14,0,2048,bound_frac_mart_mu1,0.2977701822916667,0.0,1,
dataset,halfcheetah-medium-replay-v2,14,0,2048,bound_frac_mart_mu2,0.3197428385416667,0.0,1,
dataset,halfcheetah-medium-replay-v2,14,0,2048,bound_frac_mart_mu3,0.3389485677083333,0.0,1,
dataset,halfcheetah-medium-replay-v2,14,0,2048,bound_frac_mart_mu4,0.3553059895833333,0.0,1,
dataset,halfcheetah-medium-replay-v2,14,0,2048,mart_mu4_vs_two_deploy_rms,0.25356960099600395,0.18006531505028983,2048,
dataset,halfcheetah-medium-replay-v2,14,0,2048,mart_mu1_vs_two_target_rms,0.15303406097149322,0.10784981332682252,2048,
dataset,halfcheetah-medium-replay-v2,14,0,2048,two_target_vs_deploy_rms,0.25462679373473507,0.18006260100099533,2048,
dataset,halfcheetah-medium-replay-v2,14,0,2048,bound_frac_two_actor_target,0.3055013020833333,0.0,1,
dataset,halfcheetah-medium-replay-v2,14,0,2048,bound_frac_two_actor_deploy,0.331298828125,0.0,1,
rollout_common,halfcheetah-medium-replay-v2,14,0,512,mart_adjacent_rms_mu1_to_mu2,0.1462266321931554,0.09103587003549395,512,
rollout_common,halfcheetah-medium-replay-v2,14,0,512,mart_adjacent_l2_mu1_to_mu2,0.35818063567886266,0.22299142987728487,512,
rollout_common,halfcheetah-medium-replay-v2,14,0,512,mart_delta_mu2_minus_mu1_rms,0.1462266321931554,0.09103587003549395,512,
rollout_common,halfcheetah-medium-replay-v2,14,0,512,mart_adjacent_rms_mu2_to_mu3,0.12193897635258609,0.09057236774466929,512,
rollout_common,halfcheetah-medium-replay-v2,14,0,512,mart_adjacent_l2_mu2_to_mu3,0.2986882718211401,0.2218560857701534,512,
rollout_common,halfcheetah-medium-replay-v2,14,0,512,mart_delta_mu3_minus_mu2_rms,0.12193897635258609,0.09057236774466929,512,
rollout_common,halfcheetah-medium-replay-v2,14,0,512,mart_adjacent_rms_mu3_to_mu4,0.12063439089833763,0.08855963246832615,512,
rollout_common,halfcheetah-medium-replay-v2,14,0,512,mart_adjacent_l2_mu3_to_mu4,0.29549270313237447,0.21692591135581302,512,
rollout_common,halfcheetah-medium-replay-v2,14,0,512,mart_delta_mu4_minus_mu3_rms,0.12063439089833763,0.08855963246832615,512,
rollout_common,halfcheetah-medium-replay-v2,14,0,512,mart_from_mu1_rms_mu2,0.1462266321931554,0.09103587003549395,512,
rollout_common,halfcheetah-medium-replay-v2,14,0,512,mart_from_mu1_rms_mu3,0.17554045856541917,0.0955944580626699,512,
rollout_common,halfcheetah-medium-replay-v2,14,0,512,mart_from_mu1_rms_mu4,0.20401599388354247,0.11191292019518313,512,
rollout_common,halfcheetah-medium-replay-v2,14,0,512,mart_delta2_rms,0.14622663247428136,0.09103587110894573,512,
rollout_common,halfcheetah-medium-replay-v2,14,0,512,mart_delta2_l2,0.3581806358488393,0.22299142997476773,512,
rollout_common,halfcheetah-medium-replay-v2,14,0,512,mart_delta3_rms,0.12193897644283425,0.09057236765268639,512,
rollout_common,halfcheetah-medium-replay-v2,14,0,512,mart_delta3_l2,0.29868827207610593,0.22185608577408936,512,
rollout_common,halfcheetah-medium-replay-v2,14,0,512,mart_delta4_rms,0.1206343911926524,0.08855963300201763,512,
rollout_common,halfcheetah-medium-replay-v2,14,0,512,mart_delta4_l2,0.29549270433562924,0.2169259134999089,512,
rollout_common,halfcheetah-medium-replay-v2,14,0,512,mart_cosine_delta2_delta3,-0.08191550969312186,0.5698961519255787,512,0
rollout_common,halfcheetah-medium-replay-v2,14,0,512,mart_cosine_delta3_delta4,-0.13750310153719342,0.5657232552712136,512,0
rollout_common,halfcheetah-medium-replay-v2,14,0,512,mart_cosine_delta2_delta4,0.07070720156322186,0.5417482136474969,512,0
rollout_common,halfcheetah-medium-replay-v2,14,0,512,bound_frac_mart_mu1,0.3766276041666667,0.0,1,
rollout_common,halfcheetah-medium-replay-v2,14,0,512,bound_frac_mart_mu2,0.3974609375,0.0,1,
rollout_common,halfcheetah-medium-replay-v2,14,0,512,bound_frac_mart_mu3,0.4000651041666667,0.0,1,
rollout_common,halfcheetah-medium-replay-v2,14,0,512,bound_frac_mart_mu4,0.3951822916666667,0.0,1,
rollout_common,halfcheetah-medium-replay-v2,14,0,512,mart_mu4_vs_two_deploy_rms,0.22193345144854798,0.12589636438865284,512,
rollout_common,halfcheetah-medium-replay-v2,14,0,512,mart_mu1_vs_two_target_rms,0.14279710072583102,0.0830507824251774,512,
rollout_common,halfcheetah-medium-replay-v2,14,0,512,two_target_vs_deploy_rms,0.21843532899070675,0.1438806980555284,512,
rollout_common,halfcheetah-medium-replay-v2,14,0,512,bound_frac_two_actor_target,0.3883463541666667,0.0,1,
rollout_common,halfcheetah-medium-replay-v2,14,0,512,bound_frac_two_actor_deploy,0.3971354166666667,0.0,1,
dataset,halfcheetah-medium-replay-v2,14,1,2048,mart_adjacent_rms_mu1_to_mu2,0.14779411961881123,0.09478080425785743,2048,
dataset,halfcheetah-medium-replay-v2,14,1,2048,mart_adjacent_l2_mu1_to_mu2,0.3620201800499482,0.23216460784236193,2048,
dataset,halfcheetah-medium-replay-v2,14,1,2048,mart_delta_mu2_minus_mu1_rms,0.14779411961881123,0.09478080425785743,2048,
dataset,halfcheetah-medium-replay-v2,14,1,2048,mart_adjacent_rms_mu2_to_mu3,0.11238289606103966,0.07489278734080593,2048,
dataset,halfcheetah-medium-replay-v2,14,1,2048,mart_adjacent_l2_mu2_to_mu3,0.27528075116578465,0.183449114399746,2048,
dataset,halfcheetah-medium-replay-v2,14,1,2048,mart_delta_mu3_minus_mu2_rms,0.11238289606103966,0.07489278734080593,2048,
dataset,halfcheetah-medium-replay-v2,14,1,2048,mart_adjacent_rms_mu3_to_mu4,0.10609147789471807,0.07260658391039441,2048,
dataset,halfcheetah-medium-replay-v2,14,1,2048,mart_adjacent_l2_mu3_to_mu4,0.2598699868998202,0.1778490825470372,2048,
dataset,halfcheetah-medium-replay-v2,14,1,2048,mart_delta_mu4_minus_mu3_rms,0.10609147789471807,0.07260658391039441,2048,
dataset,halfcheetah-medium-replay-v2,14,1,2048,mart_from_mu1_rms_mu2,0.14779411961881123,0.09478080425785743,2048,
dataset,halfcheetah-medium-replay-v2,14,1,2048,mart_from_mu1_rms_mu3,0.1915503588796847,0.1238222039326152,2048,
dataset,halfcheetah-medium-replay-v2,14,1,2048,mart_from_mu1_rms_mu4,0.23436539224546044,0.14837480612195192,2048,
dataset,halfcheetah-medium-replay-v2,14,1,2048,mart_delta2_rms,0.14779411983636237,0.09478080398682301,2048,
dataset,halfcheetah-medium-replay-v2,14,1,2048,mart_delta2_l2,0.3620201802459633,0.2321646068767237,2048,
dataset,halfcheetah-medium-replay-v2,14,1,2048,mart_delta3_rms,0.11238289607945262,0.07489278740586512,2048,
dataset,halfcheetah-medium-replay-v2,14,1,2048,mart_delta3_l2,0.27528075158261345,0.18344911521051718,2048,
dataset,halfcheetah-medium-replay-v2,14,1,2048,mart_delta4_rms,0.10609147785976347,0.07260658374995271,2048,
dataset,halfcheetah-medium-replay-v2,14,1,2048,mart_delta4_l2,0.25986998723055876,0.17784908273018243,2048,
dataset,halfcheetah-medium-replay-v2,14,1,2048,mart_cosine_delta2_delta3,0.050643050858237566,0.54923167972195,2048,0
dataset,halfcheetah-medium-replay-v2,14,1,2048,mart_cosine_delta3_delta4,0.011764775170320744,0.5664417541815945,2048,0
dataset,halfcheetah-medium-replay-v2,14,1,2048,mart_cosine_delta2_delta4,0.19297025112619193,0.5144479951972539,2048,0
dataset,halfcheetah-medium-replay-v2,14,1,2048,bound_frac_mart_mu1,0.3091634114583333,0.0,1,
dataset,halfcheetah-medium-replay-v2,14,1,2048,bound_frac_mart_mu2,0.33251953125,0.0,1,
dataset,halfcheetah-medium-replay-v2,14,1,2048,bound_frac_mart_mu3,0.3505045572916667,0.0,1,
dataset,halfcheetah-medium-replay-v2,14,1,2048,bound_frac_mart_mu4,0.3641764322916667,0.0,1,
dataset,halfcheetah-medium-replay-v2,14,1,2048,mart_mu4_vs_two_deploy_rms,0.2421684077213837,0.17972088265078692,2048,
dataset,halfcheetah-medium-replay-v2,14,1,2048,mart_mu1_vs_two_target_rms,0.15026972094016866,0.11078772378595939,2048,
dataset,halfcheetah-medium-replay-v2,14,1,2048,two_target_vs_deploy_rms,0.24404211571393072,0.1839050847444223,2048,
dataset,halfcheetah-medium-replay-v2,14,1,2048,bound_frac_two_actor_target,0.3138020833333333,0.0,1,
dataset,halfcheetah-medium-replay-v2,14,1,2048,bound_frac_two_actor_deploy,0.3500162760416667,0.0,1,
rollout_common,halfcheetah-medium-replay-v2,14,1,512,mart_adjacent_rms_mu1_to_mu2,0.1251620454890664,0.07141404865120542,512,
rollout_common,halfcheetah-medium-replay-v2,14,1,512,mart_adjacent_l2_mu1_to_mu2,0.3065831466112297,0.17492797966174653,512,
rollout_common,halfcheetah-medium-replay-v2,14,1,512,mart_delta_mu2_minus_mu1_rms,0.1251620454890664,0.07141404865120542,512,
rollout_common,halfcheetah-medium-replay-v2,14,1,512,mart_adjacent_rms_mu2_to_mu3,0.12462894002913548,0.0826928798584272,512,
rollout_common,halfcheetah-medium-replay-v2,14,1,512,mart_adjacent_l2_mu2_to_mu3,0.30527731025530724,0.2025553610144191,512,
rollout_common,halfcheetah-medium-replay-v2,14,1,512,mart_delta_mu3_minus_mu2_rms,0.12462894002913548,0.0826928798584272,512,
rollout_common,halfcheetah-medium-replay-v2,14,1,512,mart_adjacent_rms_mu3_to_mu4,0.11571211242296336,0.0752169773645067,512,
rollout_common,halfcheetah-medium-replay-v2,14,1,512,mart_adjacent_l2_mu3_to_mu4,0.2834356324958227,0.1842432145375137,512,
rollout_common,halfcheetah-medium-replay-v2,14,1,512,mart_delta_mu4_minus_mu3_rms,0.11571211242296336,0.0752169773645067,512,
rollout_common,halfcheetah-medium-replay-v2,14,1,512,mart_from_mu1_rms_mu2,0.1251620454890664,0.07141404865120542,512,
rollout_common,halfcheetah-medium-replay-v2,14,1,512,mart_from_mu1_rms_mu3,0.17033126322073297,0.10417956042558446,512,
rollout_common,halfcheetah-medium-replay-v2,14,1,512,mart_from_mu1_rms_mu4,0.19701784600316014,0.10706003314078677,512,
rollout_common,halfcheetah-medium-replay-v2,14,1,512,mart_delta2_rms,0.12516204560051847,0.07141404828723162,512,
rollout_common,halfcheetah-medium-replay-v2,14,1,512,mart_delta2_l2,0.3065831459425681,0.17492797882032304,512,
rollout_common,halfcheetah-medium-replay-v2,14,1,512,mart_delta3_rms,0.12462894000964297,0.08269288009776495,512,
rollout_common,halfcheetah-medium-replay-v2,14,1,512,mart_delta3_l2,0.30527731041729567,0.20255536237810343,512,
rollout_common,halfcheetah-medium-replay-v2,14,1,512,mart_delta4_rms,0.1157121123305842,0.07521697695411722,512,
rollout_common,halfcheetah-medium-replay-v2,14,1,512,mart_delta4_l2,0.2834356324892724,0.18424321338950145,512,
rollout_common,halfcheetah-medium-replay-v2,14,1,512,mart_cosine_delta2_delta3,-0.06285466833292369,0.5939871621052706,512,0
rollout_common,halfcheetah-medium-replay-v2,14,1,512,mart_cosine_delta3_delta4,-0.17937475595834357,0.5925512552672288,512,0
rollout_common,halfcheetah-medium-replay-v2,14,1,512,mart_cosine_delta2_delta4,0.07926279904394534,0.5697564285435979,512,0
rollout_common,halfcheetah-medium-replay-v2,14,1,512,bound_frac_mart_mu1,0.3974609375,0.0,1,
rollout_common,halfcheetah-medium-replay-v2,14,1,512,bound_frac_mart_mu2,0.4303385416666667,0.0,1,
rollout_common,halfcheetah-medium-replay-v2,14,1,512,bound_frac_mart_mu3,0.4427083333333333,0.0,1,
rollout_common,halfcheetah-medium-replay-v2,14,1,512,bound_frac_mart_mu4,0.4488932291666667,0.0,1,
rollout_common,halfcheetah-medium-replay-v2,14,1,512,mart_mu4_vs_two_deploy_rms,0.22570853412186626,0.13155950530052937,512,
rollout_common,halfcheetah-medium-replay-v2,14,1,512,mart_mu1_vs_two_target_rms,0.13514790912436025,0.084810694675463,512,
rollout_common,halfcheetah-medium-replay-v2,14,1,512,two_target_vs_deploy_rms,0.19802407983952194,0.11248964927504548,512,
rollout_common,halfcheetah-medium-replay-v2,14,1,512,bound_frac_two_actor_target,0.4104817708333333,0.0,1,
rollout_common,halfcheetah-medium-replay-v2,14,1,512,bound_frac_two_actor_deploy,0.4274088541666667,0.0,1,
dataset,halfcheetah-medium-replay-v2,20,0,2048,mart_adjacent_rms_mu1_to_mu2,0.16052240651443145,0.109860794899608,2048,
dataset,halfcheetah-medium-replay-v2,20,0,2048,mart_adjacent_l2_mu1_to_mu2,0.39319798824397134,0.2691028902405963,2048,
dataset,halfcheetah-medium-replay-v2,20,0,2048,mart_delta_mu2_minus_mu1_rms,0.16052240651443145,0.109860794899608,2048,
dataset,halfcheetah-medium-replay-v2,20,0,2048,mart_adjacent_rms_mu2_to_mu3,0.1209303752761643,0.08380552230954531,2048,
dataset,halfcheetah-medium-replay-v2,20,0,2048,mart_adjacent_l2_mu2_to_mu3,0.2962177138298849,0.20528076728581804,2048,
dataset,halfcheetah-medium-replay-v2,20,0,2048,mart_delta_mu3_minus_mu2_rms,0.1209303752761643,0.08380552230954531,2048,
dataset,halfcheetah-medium-replay-v2,20,0,2048,mart_adjacent_rms_mu3_to_mu4,0.11153186056182796,0.08325123378577089,2048,
dataset,halfcheetah-medium-replay-v2,20,0,2048,mart_adjacent_l2_mu3_to_mu4,0.27319614843972123,0.20392304323229016,2048,
dataset,halfcheetah-medium-replay-v2,20,0,2048,mart_delta_mu4_minus_mu3_rms,0.11153186056182796,0.08325123378577089,2048,
dataset,halfcheetah-medium-replay-v2,20,0,2048,mart_from_mu1_rms_mu2,0.16052240651443145,0.109860794899608,2048,
dataset,halfcheetah-medium-replay-v2,20,0,2048,mart_from_mu1_rms_mu3,0.20966219869302588,0.14128007319559474,2048,
dataset,halfcheetah-medium-replay-v2,20,0,2048,mart_from_mu1_rms_mu4,0.2512819762157371,0.1692985869044583,2048,
dataset,halfcheetah-medium-replay-v2,20,0,2048,mart_delta2_rms,0.16052240626800085,0.10986079398045479,2048,
dataset,halfcheetah-medium-replay-v2,20,0,2048,mart_delta2_l2,0.39319798772203285,0.26910288852362685,2048,
dataset,halfcheetah-medium-replay-v2,20,0,2048,mart_delta3_rms,0.12093037522254235,0.08380552206733374,2048,
dataset,halfcheetah-medium-replay-v2,20,0,2048,mart_delta3_l2,0.2962177136619175,0.20528076666380793,2048,
dataset,halfcheetah-medium-replay-v2,20,0,2048,mart_delta4_rms,0.11153186050933073,0.08325123389337234,2048,
dataset,halfcheetah-medium-replay-v2,20,0,2048,mart_delta4_l2,0.2731961487100989,0.20392304398434888,2048,
dataset,halfcheetah-medium-replay-v2,20,0,2048,mart_cosine_delta2_delta3,0.07807730016479805,0.5514697746668376,2048,0
dataset,halfcheetah-medium-replay-v2,20,0,2048,mart_cosine_delta3_delta4,-0.001938728729451871,0.5873348054299462,2048,0
dataset,halfcheetah-medium-replay-v2,20,0,2048,mart_cosine_delta2_delta4,0.14751319517777434,0.5400920362380248,2048,0
dataset,halfcheetah-medium-replay-v2,20,0,2048,bound_frac_mart_mu1,0.3184407552083333,0.0,1,
dataset,halfcheetah-medium-replay-v2,20,0,2048,bound_frac_mart_mu2,0.353515625,0.0,1,
dataset,halfcheetah-medium-replay-v2,20,0,2048,bound_frac_mart_mu3,0.3724772135416667,0.0,1,
dataset,halfcheetah-medium-replay-v2,20,0,2048,bound_frac_mart_mu4,0.397705078125,0.0,1,
dataset,halfcheetah-medium-replay-v2,20,0,2048,mart_mu4_vs_two_deploy_rms,0.2692132577588004,0.20110832239889426,2048,
dataset,halfcheetah-medium-replay-v2,20,0,2048,mart_mu1_vs_two_target_rms,0.16378686843349954,0.11176212447360045,2048,
dataset,halfcheetah-medium-replay-v2,20,0,2048,two_target_vs_deploy_rms,0.2650359882541793,0.1893109185267724,2048,
dataset,halfcheetah-medium-replay-v2,20,0,2048,bound_frac_two_actor_target,0.3035481770833333,0.0,1,
dataset,halfcheetah-medium-replay-v2,20,0,2048,bound_frac_two_actor_deploy,0.3604329427083333,0.0,1,
rollout_common,halfcheetah-medium-replay-v2,20,0,512,mart_adjacent_rms_mu1_to_mu2,0.16684475752427808,0.10489214433669632,512,
rollout_common,halfcheetah-medium-replay-v2,20,0,512,mart_adjacent_l2_mu1_to_mu2,0.40868452219286566,0.25693223165127027,512,
rollout_common,halfcheetah-medium-replay-v2,20,0,512,mart_delta_mu2_minus_mu1_rms,0.16684475752427808,0.10489214433669632,512,
rollout_common,halfcheetah-medium-replay-v2,20,0,512,mart_adjacent_rms_mu2_to_mu3,0.14312529737936996,0.09733568977850898,512,
rollout_common,halfcheetah-medium-replay-v2,20,0,512,mart_adjacent_l2_mu2_to_mu3,0.35058394786355884,0.2384227737191832,512,
rollout_common,halfcheetah-medium-replay-v2,20,0,512,mart_delta_mu3_minus_mu2_rms,0.14312529737936996,0.09733568977850898,512,
rollout_common,halfcheetah-medium-replay-v2,20,0,512,mart_adjacent_rms_mu3_to_mu4,0.13980789916377992,0.0980144953472165,512,
rollout_common,halfcheetah-medium-replay-v2,20,0,512,mart_adjacent_l2_mu3_to_mu4,0.3424580149617438,0.24008550099707632,512,
rollout_common,halfcheetah-medium-replay-v2,20,0,512,mart_delta_mu4_minus_mu3_rms,0.13980789916377992,0.0980144953472165,512,
rollout_common,halfcheetah-medium-replay-v2,20,0,512,mart_from_mu1_rms_mu2,0.16684475752427808,0.10489214433669632,512,
rollout_common,halfcheetah-medium-replay-v2,20,0,512,mart_from_mu1_rms_mu3,0.19857941234845317,0.10733817154015574,512,
rollout_common,halfcheetah-medium-replay-v2,20,0,512,mart_from_mu1_rms_mu4,0.22897249936470165,0.1336025596825588,512,
rollout_common,halfcheetah-medium-replay-v2,20,0,512,mart_delta2_rms,0.16684475708461832,0.10489214403493151,512,
rollout_common,halfcheetah-medium-replay-v2,20,0,512,mart_delta2_l2,0.40868452172435354,0.2569322328493192,512,
rollout_common,halfcheetah-medium-replay-v2,20,0,512,mart_delta3_rms,0.14312529723792977,0.09733568879780388,512,
rollout_common,halfcheetah-medium-replay-v2,20,0,512,mart_delta3_l2,0.35058394652514835,0.23842277114943355,512,
rollout_common,halfcheetah-medium-replay-v2,20,0,512,mart_delta4_rms,0.13980789882180034,0.0980144949834743,512,
rollout_common,halfcheetah-medium-replay-v2,20,0,512,mart_delta4_l2,0.3424580137234443,0.24008549837540583,512,
rollout_common,halfcheetah-medium-replay-v2,20,0,512,mart_cosine_delta2_delta3,-0.10259978366027989,0.5920851437331228,512,0
rollout_common,halfcheetah-medium-replay-v2,20,0,512,mart_cosine_delta3_delta4,-0.23071641682379906,0.5873242821352294,512,0
rollout_common,halfcheetah-medium-replay-v2,20,0,512,mart_cosine_delta2_delta4,0.10147600292530178,0.5606280126358288,512,0
rollout_common,halfcheetah-medium-replay-v2,20,0,512,bound_frac_mart_mu1,0.40234375,0.0,1,
rollout_common,halfcheetah-medium-replay-v2,20,0,512,bound_frac_mart_mu2,0.4514973958333333,0.0,1,
rollout_common,halfcheetah-medium-replay-v2,20,0,512,bound_frac_mart_mu3,0.4446614583333333,0.0,1,
rollout_common,halfcheetah-medium-replay-v2,20,0,512,bound_frac_mart_mu4,0.4586588541666667,0.0,1,
rollout_common,halfcheetah-medium-replay-v2,20,0,512,mart_mu4_vs_two_deploy_rms,0.260770645375876,0.14822776927947573,512,
rollout_common,halfcheetah-medium-replay-v2,20,0,512,mart_mu1_vs_two_target_rms,0.17982474743110485,0.12182488604706224,512,
rollout_common,halfcheetah-medium-replay-v2,20,0,512,two_target_vs_deploy_rms,0.24837294337355287,0.14997149342012533,512,
rollout_common,halfcheetah-medium-replay-v2,20,0,512,bound_frac_two_actor_target,0.3779296875,0.0,1,
rollout_common,halfcheetah-medium-replay-v2,20,0,512,bound_frac_two_actor_deploy,0.40234375,0.0,1,
dataset,halfcheetah-medium-replay-v2,20,1,2048,mart_adjacent_rms_mu1_to_mu2,0.15024145598921473,0.09991382046310973,2048,
dataset,halfcheetah-medium-replay-v2,20,1,2048,mart_adjacent_l2_mu1_to_mu2,0.3680149053863918,0.24473787838666727,2048,
dataset,halfcheetah-medium-replay-v2,20,1,2048,mart_delta_mu2_minus_mu1_rms,0.15024145598921473,0.09991382046310973,2048,
dataset,halfcheetah-medium-replay-v2,20,1,2048,mart_adjacent_rms_mu2_to_mu3,0.11961811059590532,0.08820173465782326,2048,
dataset,halfcheetah-medium-replay-v2,20,1,2048,mart_adjacent_l2_mu2_to_mu3,0.29300333495577385,0.21604924434002157,2048,
dataset,halfcheetah-medium-replay-v2,20,1,2048,mart_delta_mu3_minus_mu2_rms,0.11961811059590532,0.08820173465782326,2048,
dataset,halfcheetah-medium-replay-v2,20,1,2048,mart_adjacent_rms_mu3_to_mu4,0.10964333253953726,0.07764337853245339,2048,
dataset,halfcheetah-medium-replay-v2,20,1,2048,mart_adjacent_l2_mu3_to_mu4,0.2685702184201616,0.19018665931027617,2048,
dataset,halfcheetah-medium-replay-v2,20,1,2048,mart_delta_mu4_minus_mu3_rms,0.10964333253953726,0.07764337853245339,2048,
dataset,halfcheetah-medium-replay-v2,20,1,2048,mart_from_mu1_rms_mu2,0.15024145598921473,0.09991382046310973,2048,
dataset,halfcheetah-medium-replay-v2,20,1,2048,mart_from_mu1_rms_mu3,0.20301449277493322,0.13473468202079533,2048,
dataset,halfcheetah-medium-replay-v2,20,1,2048,mart_from_mu1_rms_mu4,0.24251877852184786,0.15792035999724716,2048,
dataset,halfcheetah-medium-replay-v2,20,1,2048,mart_delta2_rms,0.15024145611369022,0.09991382061521556,2048,
dataset,halfcheetah-medium-replay-v2,20,1,2048,mart_delta2_l2,0.36801490570724127,0.24473787837268776,2048,
dataset,halfcheetah-medium-replay-v2,20,1,2048,mart_delta3_rms,0.11961811053572546,0.08820173436759032,2048,
dataset,halfcheetah-medium-replay-v2,20,1,2048,mart_delta3_l2,0.2930033347624885,0.21604924286508467,2048,
dataset,halfcheetah-medium-replay-v2,20,1,2048,mart_delta4_rms,0.10964333241201984,0.07764337814263127,2048,
dataset,halfcheetah-medium-replay-v2,20,1,2048,mart_delta4_l2,0.26857021822797833,0.1901866580856744,2048,
dataset,halfcheetah-medium-replay-v2,20,1,2048,mart_cosine_delta2_delta3,0.1094702727501361,0.5503121431727438,2048,0
dataset,halfcheetah-medium-replay-v2,20,1,2048,mart_cosine_delta3_delta4,-0.024517871091639512,0.5634086414723433,2048,0
dataset,halfcheetah-medium-replay-v2,20,1,2048,mart_cosine_delta2_delta4,0.16625893414061133,0.5396465058686173,2048,0
dataset,halfcheetah-medium-replay-v2,20,1,2048,bound_frac_mart_mu1,0.319091796875,0.0,1,
dataset,halfcheetah-medium-replay-v2,20,1,2048,bound_frac_mart_mu2,0.3514811197916667,0.0,1,
dataset,halfcheetah-medium-replay-v2,20,1,2048,bound_frac_mart_mu3,0.3793131510416667,0.0,1,
dataset,halfcheetah-medium-replay-v2,20,1,2048,bound_frac_mart_mu4,0.40185546875,0.0,1,
dataset,halfcheetah-medium-replay-v2,20,1,2048,mart_mu4_vs_two_deploy_rms,0.2522078163141702,0.18907172077280227,2048,
dataset,halfcheetah-medium-replay-v2,20,1,2048,mart_mu1_vs_two_target_rms,0.15862807426159792,0.10676809853071488,2048,
dataset,halfcheetah-medium-replay-v2,20,1,2048,two_target_vs_deploy_rms,0.2578394323059707,0.19158775226854072,2048,
dataset,halfcheetah-medium-replay-v2,20,1,2048,bound_frac_two_actor_target,0.324951171875,0.0,1,
dataset,halfcheetah-medium-replay-v2,20,1,2048,bound_frac_two_actor_deploy,0.3889973958333333,0.0,1,
rollout_common,halfcheetah-medium-replay-v2,20,1,512,mart_adjacent_rms_mu1_to_mu2,0.16235145435504572,0.1087274069662191,512,
rollout_common,halfcheetah-medium-replay-v2,20,1,512,mart_adjacent_l2_mu1_to_mu2,0.39767822216861576,0.2663266681231659,512,
rollout_common,halfcheetah-medium-replay-v2,20,1,512,mart_delta_mu2_minus_mu1_rms,0.16235145435504572,0.1087274069662191,512,
rollout_common,halfcheetah-medium-replay-v2,20,1,512,mart_adjacent_rms_mu2_to_mu3,0.14396212447722723,0.09697575026464751,512,
rollout_common,halfcheetah-medium-replay-v2,20,1,512,mart_adjacent_l2_mu2_to_mu3,0.35263374725624325,0.23754110557195715,512,
rollout_common,halfcheetah-medium-replay-v2,20,1,512,mart_delta_mu3_minus_mu2_rms,0.14396212447722723,0.09697575026464751,512,
rollout_common,halfcheetah-medium-replay-v2,20,1,512,mart_adjacent_rms_mu3_to_mu4,0.15273815008515682,0.10599275540754555,512,
rollout_common,halfcheetah-medium-replay-v2,20,1,512,mart_adjacent_l2_mu3_to_mu4,0.37413053196526924,0.25962816718010906,512,
rollout_common,halfcheetah-medium-replay-v2,20,1,512,mart_delta_mu4_minus_mu3_rms,0.15273815008515682,0.10599275540754555,512,
rollout_common,halfcheetah-medium-replay-v2,20,1,512,mart_from_mu1_rms_mu2,0.16235145435504572,0.1087274069662191,512,
rollout_common,halfcheetah-medium-replay-v2,20,1,512,mart_from_mu1_rms_mu3,0.1925983163515656,0.12515600970347104,512,
rollout_common,halfcheetah-medium-replay-v2,20,1,512,mart_from_mu1_rms_mu4,0.2383300426721685,0.13712815611370635,512,
rollout_common,halfcheetah-medium-replay-v2,20,1,512,mart_delta2_rms,0.1623514537786832,0.10872740663864638,512,
rollout_common,halfcheetah-medium-replay-v2,20,1,512,mart_delta2_l2,0.39767822205067205,0.26632666816629924,512,
rollout_common,halfcheetah-medium-replay-v2,20,1,512,mart_delta3_rms,0.143962123919664,0.09697574938850258,512,
rollout_common,halfcheetah-medium-replay-v2,20,1,512,mart_delta3_l2,0.35263374719534113,0.23754110811016416,512,
rollout_common,halfcheetah-medium-replay-v2,20,1,512,mart_delta4_rms,0.15273815036562155,0.10599275660385242,512,
rollout_common,halfcheetah-medium-replay-v2,20,1,512,mart_delta4_l2,0.37413053238924476,0.25962816809560485,512,
rollout_common,halfcheetah-medium-replay-v2,20,1,512,mart_cosine_delta2_delta3,-0.16199958670847187,0.5805298582150927,512,0
rollout_common,halfcheetah-medium-replay-v2,20,1,512,mart_cosine_delta3_delta4,-0.15280092811772472,0.6061174662209173,512,0
rollout_common,halfcheetah-medium-replay-v2,20,1,512,mart_cosine_delta2_delta4,0.10611277450522022,0.5785104684473555,512,0
rollout_common,halfcheetah-medium-replay-v2,20,1,512,bound_frac_mart_mu1,0.4202473958333333,0.0,1,
rollout_common,halfcheetah-medium-replay-v2,20,1,512,bound_frac_mart_mu2,0.4456380208333333,0.0,1,
rollout_common,halfcheetah-medium-replay-v2,20,1,512,bound_frac_mart_mu3,0.4475911458333333,0.0,1,
rollout_common,halfcheetah-medium-replay-v2,20,1,512,bound_frac_mart_mu4,0.447265625,0.0,1,
rollout_common,halfcheetah-medium-replay-v2,20,1,512,mart_mu4_vs_two_deploy_rms,0.2843949324405787,0.16688931932222084,512,
rollout_common,halfcheetah-medium-replay-v2,20,1,512,mart_mu1_vs_two_target_rms,0.1650036108878704,0.1072952846237142,512,
rollout_common,halfcheetah-medium-replay-v2,20,1,512,two_target_vs_deploy_rms,0.25046481065507104,0.15217459504525324,512,
rollout_common,halfcheetah-medium-replay-v2,20,1,512,bound_frac_two_actor_target,0.4342447916666667,0.0,1,
rollout_common,halfcheetah-medium-replay-v2,20,1,512,bound_frac_two_actor_deploy,0.4557291666666667,0.0,1,
dataset,walker2d-expert-v2,10,0,2048,mart_adjacent_rms_mu1_to_mu2,0.03693826224937252,0.02080859143658565,2048,
dataset,walker2d-expert-v2,10,0,2048,mart_adjacent_l2_mu1_to_mu2,0.09047989449607308,0.050970431285682426,2048,
dataset,walker2d-expert-v2,10,0,2048,mart_delta_mu2_minus_mu1_rms,0.03693826224937252,0.02080859143658565,2048,
dataset,walker2d-expert-v2,10,0,2048,mart_adjacent_rms_mu2_to_mu3,0.03507891710637345,0.017028037649174037,2048,
dataset,walker2d-expert-v2,10,0,2048,mart_adjacent_l2_mu2_to_mu3,0.08592544764000314,0.041710003561377586,2048,
dataset,walker2d-expert-v2,10,0,2048,mart_delta_mu3_minus_mu2_rms,0.03507891710637345,0.017028037649174037,2048,
dataset,walker2d-expert-v2,10,0,2048,mart_adjacent_rms_mu3_to_mu4,0.035496478042554236,0.01826874828513727,2048,
dataset,walker2d-expert-v2,10,0,2048,mart_adjacent_l2_mu3_to_mu4,0.0869482588701649,0.04474911153793152,2048,
dataset,walker2d-expert-v2,10,0,2048,mart_delta_mu4_minus_mu3_rms,0.035496478042554236,0.01826874828513727,2048,
dataset,walker2d-expert-v2,10,0,2048,mart_from_mu1_rms_mu2,0.03693826224937252,0.02080859143658565,2048,
dataset,walker2d-expert-v2,10,0,2048,mart_from_mu1_rms_mu3,0.05372520586777496,0.029573089063785488,2048,
dataset,walker2d-expert-v2,10,0,2048,mart_from_mu1_rms_mu4,0.06586028564220697,0.03606960112889953,2048,
dataset,walker2d-expert-v2,10,0,2048,mart_delta2_rms,0.036938262274134104,0.020808591528608318,2048,
dataset,walker2d-expert-v2,10,0,2048,mart_delta2_l2,0.09047989437931392,0.05097043128054494,2048,
dataset,walker2d-expert-v2,10,0,2048,mart_delta3_rms,0.03507891714309608,0.01702803758669546,2048,
dataset,walker2d-expert-v2,10,0,2048,mart_delta3_l2,0.08592544763837395,0.04171000343682374,2048,
dataset,walker2d-expert-v2,10,0,2048,mart_delta4_rms,0.03549647798206479,0.01826874822423714,2048,
dataset,walker2d-expert-v2,10,0,2048,mart_delta4_l2,0.086948258798202,0.044749111428199095,2048,
dataset,walker2d-expert-v2,10,0,2048,mart_cosine_delta2_delta3,0.08867494655703735,0.47031827393231457,2048,0
dataset,walker2d-expert-v2,10,0,2048,mart_cosine_delta3_delta4,-0.030943736316936105,0.49245482033276633,2048,0
dataset,walker2d-expert-v2,10,0,2048,mart_cosine_delta2_delta4,0.14553041143874487,0.48906848106316997,2048,0
dataset,walker2d-expert-v2,10,0,2048,bound_frac_mart_mu1,0.156982421875,0.0,1,
dataset,walker2d-expert-v2,10,0,2048,bound_frac_mart_mu2,0.173583984375,0.0,1,
dataset,walker2d-expert-v2,10,0,2048,bound_frac_mart_mu3,0.18562825520833334,0.0,1,
dataset,walker2d-expert-v2,10,0,2048,bound_frac_mart_mu4,0.187744140625,0.0,1,
dataset,walker2d-expert-v2,10,0,2048,mart_mu4_vs_two_deploy_rms,0.06071698780127642,0.030872025398441146,2048,
dataset,walker2d-expert-v2,10,0,2048,mart_mu1_vs_two_target_rms,0.02907219123102919,0.017328999655586434,2048,
dataset,walker2d-expert-v2,10,0,2048,two_target_vs_deploy_rms,0.06180869578255267,0.03359091178057966,2048,
dataset,walker2d-expert-v2,10,0,2048,bound_frac_two_actor_target,0.16438802083333334,0.0,1,
dataset,walker2d-expert-v2,10,0,2048,bound_frac_two_actor_deploy,0.19571940104166666,0.0,1,
rollout_common,walker2d-expert-v2,10,0,512,mart_adjacent_rms_mu1_to_mu2,0.04593936599146775,0.024477014840609275,512,
rollout_common,walker2d-expert-v2,10,0,512,mart_adjacent_l2_mu1_to_mu2,0.11252800578606262,0.059956196786024055,512,
rollout_common,walker2d-expert-v2,10,0,512,mart_delta_mu2_minus_mu1_rms,0.04593936599146775,0.024477014840609275,512,
rollout_common,walker2d-expert-v2,10,0,512,mart_adjacent_rms_mu2_to_mu3,0.04254233702868848,0.024368045465650846,512,
rollout_common,walker2d-expert-v2,10,0,512,mart_adjacent_l2_mu2_to_mu3,0.10420701818579742,0.05968927741978588,512,
rollout_common,walker2d-expert-v2,10,0,512,mart_delta_mu3_minus_mu2_rms,0.04254233702868848,0.024368045465650846,512,
rollout_common,walker2d-expert-v2,10,0,512,mart_adjacent_rms_mu3_to_mu4,0.04670992557313876,0.0239604539909802,512,
rollout_common,walker2d-expert-v2,10,0,512,mart_adjacent_l2_mu3_to_mu4,0.11441548357756903,0.05869088628333426,512,
rollout_common,walker2d-expert-v2,10,0,512,mart_delta_mu4_minus_mu3_rms,0.04670992557313876,0.0239604539909802,512,
rollout_common,walker2d-expert-v2,10,0,512,mart_from_mu1_rms_mu2,0.04593936599146775,0.024477014840609275,512,
rollout_common,walker2d-expert-v2,10,0,512,mart_from_mu1_rms_mu3,0.0624087304676895,0.03278294205356793,512,
rollout_common,walker2d-expert-v2,10,0,512,mart_from_mu1_rms_mu4,0.0766737285965775,0.039288281369884506,512,
rollout_common,walker2d-expert-v2,10,0,512,mart_delta2_rms,0.04593936601668247,0.02447701482055394,512,
rollout_common,walker2d-expert-v2,10,0,512,mart_delta2_l2,0.11252800581496558,0.059956196819599704,512,
rollout_common,walker2d-expert-v2,10,0,512,mart_delta3_rms,0.042542336958831584,0.024368045598212096,512,
rollout_common,walker2d-expert-v2,10,0,512,mart_delta3_l2,0.10420701815564826,0.05968927763919795,512,
rollout_common,walker2d-expert-v2,10,0,512,mart_delta4_rms,0.04670992558749276,0.023960454224094214,512,
rollout_common,walker2d-expert-v2,10,0,512,mart_delta4_l2,0.1144154836601956,0.058690885813739,512,
rollout_common,walker2d-expert-v2,10,0,512,mart_cosine_delta2_delta3,0.009851156954833724,0.486126952561707,512,0
rollout_common,walker2d-expert-v2,10,0,512,mart_cosine_delta3_delta4,-0.1582236982614575,0.5234667320960463,512,0
rollout_common,walker2d-expert-v2,10,0,512,mart_cosine_delta2_delta4,0.1780939507180194,0.46027521040903807,512,0
rollout_common,walker2d-expert-v2,10,0,512,bound_frac_mart_mu1,0.18977864583333334,0.0,1,
rollout_common,walker2d-expert-v2,10,0,512,bound_frac_mart_mu2,0.20084635416666666,0.0,1,
rollout_common,walker2d-expert-v2,10,0,512,bound_frac_mart_mu3,0.22135416666666666,0.0,1,
rollout_common,walker2d-expert-v2,10,0,512,bound_frac_mart_mu4,0.228515625,0.0,1,
rollout_common,walker2d-expert-v2,10,0,512,mart_mu4_vs_two_deploy_rms,0.07255586519116028,0.035162163085569596,512,
rollout_common,walker2d-expert-v2,10,0,512,mart_mu1_vs_two_target_rms,0.036089913814782645,0.01987403591023175,512,
rollout_common,walker2d-expert-v2,10,0,512,two_target_vs_deploy_rms,0.06235981194480673,0.03398232980157527,512,
rollout_common,walker2d-expert-v2,10,0,512,bound_frac_two_actor_target,0.19010416666666666,0.0,1,
rollout_common,walker2d-expert-v2,10,0,512,bound_frac_two_actor_deploy,0.2197265625,0.0,1,
dataset,walker2d-expert-v2,10,1,2048,mart_adjacent_rms_mu1_to_mu2,0.037396258300287206,0.020091807881553615,2048,
dataset,walker2d-expert-v2,10,1,2048,mart_adjacent_l2_mu1_to_mu2,0.0916017511250238,0.0492146773198358,2048,
dataset,walker2d-expert-v2,10,1,2048,mart_delta_mu2_minus_mu1_rms,0.037396258300287206,0.020091807881553615,2048,
dataset,walker2d-expert-v2,10,1,2048,mart_adjacent_rms_mu2_to_mu3,0.03552761705205207,0.02027780117484099,2048,
dataset,walker2d-expert-v2,10,1,2048,mart_adjacent_l2_mu2_to_mu3,0.08702453355453027,0.04967026598396969,2048,
dataset,walker2d-expert-v2,10,1,2048,mart_delta_mu3_minus_mu2_rms,0.03552761705205207,0.02027780117484099,2048,
dataset,walker2d-expert-v2,10,1,2048,mart_adjacent_rms_mu3_to_mu4,0.04046966327369077,0.018652647785821375,2048,
dataset,walker2d-expert-v2,10,1,2048,mart_adjacent_l2_mu3_to_mu4,0.09913002508279463,0.04568946942711681,2048,
dataset,walker2d-expert-v2,10,1,2048,mart_delta_mu4_minus_mu3_rms,0.04046966327369077,0.018652647785821375,2048,
dataset,walker2d-expert-v2,10,1,2048,mart_from_mu1_rms_mu2,0.037396258300287206,0.020091807881553615,2048,
dataset,walker2d-expert-v2,10,1,2048,mart_from_mu1_rms_mu3,0.05139150536982881,0.028244076911630833,2048,
dataset,walker2d-expert-v2,10,1,2048,mart_from_mu1_rms_mu4,0.06895336962545548,0.036601904078371654,2048,
dataset,walker2d-expert-v2,10,1,2048,mart_delta2_rms,0.037396258352487166,0.020091807919459203,2048,
dataset,walker2d-expert-v2,10,1,2048,mart_delta2_l2,0.09160175122724468,0.04921467746135423,2048,
dataset,walker2d-expert-v2,10,1,2048,mart_delta3_rms,0.03552761706907859,0.02027780115697348,2048,
dataset,walker2d-expert-v2,10,1,2048,mart_delta3_l2,0.08702453355908801,0.04967026587635257,2048,
dataset,walker2d-expert-v2,10,1,2048,mart_delta4_rms,0.04046966330440682,0.01865264790547161,2048,
dataset,walker2d-expert-v2,10,1,2048,mart_delta4_l2,0.09913002502662493,0.04568946950285084,2048,
dataset,walker2d-expert-v2,10,1,2048,mart_cosine_delta2_delta3,0.006384049185071128,0.47331352387915643,2048,0
dataset,walker2d-expert-v2,10,1,2048,mart_cosine_delta3_delta4,0.020199209863900697,0.5225980305097676,2048,0
dataset,walker2d-expert-v2,10,1,2048,mart_cosine_delta2_delta4,0.13736146113933306,0.47051194358272225,2048,0
dataset,walker2d-expert-v2,10,1,2048,bound_frac_mart_mu1,0.16259765625,0.0,1,
dataset,walker2d-expert-v2,10,1,2048,bound_frac_mart_mu2,0.17179361979166666,0.0,1,
dataset,walker2d-expert-v2,10,1,2048,bound_frac_mart_mu3,0.18513997395833334,0.0,1,
dataset,walker2d-expert-v2,10,1,2048,bound_frac_mart_mu4,0.19490559895833334,0.0,1,
dataset,walker2d-expert-v2,10,1,2048,mart_mu4_vs_two_deploy_rms,0.06060194374759231,0.03306684615027265,2048,
dataset,walker2d-expert-v2,10,1,2048,mart_mu1_vs_two_target_rms,0.028621834132867063,0.016700583227323793,2048,
dataset,walker2d-expert-v2,10,1,2048,two_target_vs_deploy_rms,0.06311105321155207,0.03494434511183269,2048,
dataset,walker2d-expert-v2,10,1,2048,bound_frac_two_actor_target,0.16748046875,0.0,1,
dataset,walker2d-expert-v2,10,1,2048,bound_frac_two_actor_deploy,0.194091796875,0.0,1,
rollout_common,walker2d-expert-v2,10,1,512,mart_adjacent_rms_mu1_to_mu2,0.04945661689554339,0.03533990606983121,512,
rollout_common,walker2d-expert-v2,10,1,512,mart_adjacent_l2_mu1_to_mu2,0.12114347579839077,0.08656473742897253,512,
rollout_common,walker2d-expert-v2,10,1,512,mart_delta_mu2_minus_mu1_rms,0.04945661689554339,0.03533990606983121,512,
rollout_common,walker2d-expert-v2,10,1,512,mart_adjacent_rms_mu2_to_mu3,0.0521283182124196,0.043095579200153125,512,
rollout_common,walker2d-expert-v2,10,1,512,mart_adjacent_l2_mu2_to_mu3,0.12768778076985937,0.10556217921007514,512,
rollout_common,walker2d-expert-v2,10,1,512,mart_delta_mu3_minus_mu2_rms,0.0521283182124196,0.043095579200153125,512,
rollout_common,walker2d-expert-v2,10,1,512,mart_adjacent_rms_mu3_to_mu4,0.055592313089842915,0.03936246939588529,512,
rollout_common,walker2d-expert-v2,10,1,512,mart_adjacent_l2_mu3_to_mu4,0.13617280069116122,0.09641796503583779,512,
rollout_common,walker2d-expert-v2,10,1,512,mart_delta_mu4_minus_mu3_rms,0.055592313089842915,0.03936246939588529,512,
rollout_common,walker2d-expert-v2,10,1,512,mart_from_mu1_rms_mu2,0.04945661689554339,0.03533990606983121,512,
rollout_common,walker2d-expert-v2,10,1,512,mart_from_mu1_rms_mu3,0.06908331222715344,0.05662590989439128,512,
rollout_common,walker2d-expert-v2,10,1,512,mart_from_mu1_rms_mu4,0.08225308195152779,0.051527497719714335,512,
rollout_common,walker2d-expert-v2,10,1,512,mart_delta2_rms,0.04945661705278326,0.03533990631554582,512,
rollout_common,walker2d-expert-v2,10,1,512,mart_delta2_l2,0.12114347595343133,0.08656473762602669,512,
rollout_common,walker2d-expert-v2,10,1,512,mart_delta3_rms,0.05212831816606922,0.04309557899723294,512,
rollout_common,walker2d-expert-v2,10,1,512,mart_delta3_l2,0.1276877809832513,0.10556217995137819,512,
rollout_common,walker2d-expert-v2,10,1,512,mart_delta4_rms,0.055592313018678396,0.039362469351688946,512,
rollout_common,walker2d-expert-v2,10,1,512,mart_delta4_l2,0.13617280090693384,0.0964179657432766,512,
rollout_common,walker2d-expert-v2,10,1,512,mart_cosine_delta2_delta3,-0.06672688473549707,0.4931766782661878,512,0
rollout_common,walker2d-expert-v2,10,1,512,mart_cosine_delta3_delta4,-0.16691137780270593,0.5302102977518588,512,0
rollout_common,walker2d-expert-v2,10,1,512,mart_cosine_delta2_delta4,0.0779013495432558,0.48034241531055677,512,0
rollout_common,walker2d-expert-v2,10,1,512,bound_frac_mart_mu1,0.18912760416666666,0.0,1,
rollout_common,walker2d-expert-v2,10,1,512,bound_frac_mart_mu2,0.189453125,0.0,1,
rollout_common,walker2d-expert-v2,10,1,512,bound_frac_mart_mu3,0.20930989583333334,0.0,1,
rollout_common,walker2d-expert-v2,10,1,512,bound_frac_mart_mu4,0.20345052083333334,0.0,1,
rollout_common,walker2d-expert-v2,10,1,512,mart_mu4_vs_two_deploy_rms,0.07991064625380528,0.04533928729338308,512,
rollout_common,walker2d-expert-v2,10,1,512,mart_mu1_vs_two_target_rms,0.04388188284786742,0.03023439292160123,512,
rollout_common,walker2d-expert-v2,10,1,512,two_target_vs_deploy_rms,0.07559753029425176,0.04071607751273319,512,
rollout_common,walker2d-expert-v2,10,1,512,bound_frac_two_actor_target,0.1943359375,0.0,1,
rollout_common,walker2d-expert-v2,10,1,512,bound_frac_two_actor_deploy,0.22395833333333334,0.0,1,
dataset,walker2d-expert-v2,14,0,2048,mart_adjacent_rms_mu1_to_mu2,0.039484738106905524,0.021537367062001243,2048,
dataset,walker2d-expert-v2,14,0,2048,mart_adjacent_l2_mu1_to_mu2,0.09671746098934515,0.05275555970492832,2048,
dataset,walker2d-expert-v2,14,0,2048,mart_delta_mu2_minus_mu1_rms,0.039484738106905524,0.021537367062001243,2048,
dataset,walker2d-expert-v2,14,0,2048,mart_adjacent_rms_mu2_to_mu3,0.03959622003970795,0.019821387366057364,2048,
dataset,walker2d-expert-v2,14,0,2048,mart_adjacent_l2_mu2_to_mu3,0.09699053484025034,0.04855228504088959,2048,
dataset,walker2d-expert-v2,14,0,2048,mart_delta_mu3_minus_mu2_rms,0.03959622003970795,0.019821387366057364,2048,
dataset,walker2d-expert-v2,14,0,2048,mart_adjacent_rms_mu3_to_mu4,0.039973051589667734,0.01938528943893985,2048,
dataset,walker2d-expert-v2,14,0,2048,mart_adjacent_l2_mu3_to_mu4,0.09791357985663393,0.047484067641566235,2048,
dataset,walker2d-expert-v2,14,0,2048,mart_delta_mu4_minus_mu3_rms,0.039973051589667734,0.01938528943893985,2048,
dataset,walker2d-expert-v2,14,0,2048,mart_from_mu1_rms_mu2,0.039484738106905524,0.021537367062001243,2048,
dataset,walker2d-expert-v2,14,0,2048,mart_from_mu1_rms_mu3,0.06184245942622767,0.032587178439681605,2048,
dataset,walker2d-expert-v2,14,0,2048,mart_from_mu1_rms_mu4,0.07843086356355085,0.041082270777129046,2048,
dataset,walker2d-expert-v2,14,0,2048,mart_delta2_rms,0.039484738087821825,0.021537367170541055,2048,
dataset,walker2d-expert-v2,14,0,2048,mart_delta2_l2,0.09671746097183131,0.05275555985599202,2048,
dataset,walker2d-expert-v2,14,0,2048,mart_delta3_rms,0.03959622007141661,0.019821387445581946,2048,
dataset,walker2d-expert-v2,14,0,2048,mart_delta3_l2,0.09699053481335795,0.04855228501847918,2048,
dataset,walker2d-expert-v2,14,0,2048,mart_delta4_rms,0.03997305160010001,0.019385289483421272,2048,
dataset,walker2d-expert-v2,14,0,2048,mart_delta4_l2,0.09791357995436556,0.04748406779724061,2048,
dataset,walker2d-expert-v2,14,0,2048,mart_cosine_delta2_delta3,0.21098329651771144,0.4824422712434588,2048,0
dataset,walker2d-expert-v2,14,0,2048,mart_cosine_delta3_delta4,0.07370666692234781,0.4987061530596562,2048,0
dataset,walker2d-expert-v2,14,0,2048,mart_cosine_delta2_delta4,0.1808950789999187,0.48223986121770396,2048,0
dataset,walker2d-expert-v2,14,0,2048,bound_frac_mart_mu1,0.16764322916666666,0.0,1,
dataset,walker2d-expert-v2,14,0,2048,bound_frac_mart_mu2,0.192626953125,0.0,1,
dataset,walker2d-expert-v2,14,0,2048,bound_frac_mart_mu3,0.21378580729166666,0.0,1,
dataset,walker2d-expert-v2,14,0,2048,bound_frac_mart_mu4,0.21712239583333334,0.0,1,
dataset,walker2d-expert-v2,14,0,2048,mart_mu4_vs_two_deploy_rms,0.07444743848209007,0.040434447738343295,2048,
dataset,walker2d-expert-v2,14,0,2048,mart_mu1_vs_two_target_rms,0.03255880334378872,0.018582467554429556,2048,
dataset,walker2d-expert-v2,14,0,2048,two_target_vs_deploy_rms,0.0737317910023807,0.04436781818514077,2048,
dataset,walker2d-expert-v2,14,0,2048,bound_frac_two_actor_target,0.16292317708333334,0.0,1,
dataset,walker2d-expert-v2,14,0,2048,bound_frac_two_actor_deploy,0.18766276041666666,0.0,1,
rollout_common,walker2d-expert-v2,14,0,512,mart_adjacent_rms_mu1_to_mu2,0.05481232194298345,0.031073452368772295,512,
rollout_common,walker2d-expert-v2,14,0,512,mart_adjacent_l2_mu1_to_mu2,0.13426222037746727,0.07611410285016938,512,
rollout_common,walker2d-expert-v2,14,0,512,mart_delta_mu2_minus_mu1_rms,0.05481232194298345,0.031073452368772295,512,
rollout_common,walker2d-expert-v2,14,0,512,mart_adjacent_rms_mu2_to_mu3,0.05286371361291509,0.027360480339342762,512,
rollout_common,walker2d-expert-v2,14,0,512,mart_adjacent_l2_mu2_to_mu3,0.129489124260263,0.0670192159488409,512,
rollout_common,walker2d-expert-v2,14,0,512,mart_delta_mu3_minus_mu2_rms,0.05286371361291509,0.027360480339342762,512,
rollout_common,walker2d-expert-v2,14,0,512,mart_adjacent_rms_mu3_to_mu4,0.05621377903411974,0.036634551417894665,512,
rollout_common,walker2d-expert-v2,14,0,512,mart_adjacent_l2_mu3_to_mu4,0.1376950751471564,0.0897359579295959,512,
rollout_common,walker2d-expert-v2,14,0,512,mart_delta_mu4_minus_mu3_rms,0.05621377903411974,0.036634551417894665,512,
rollout_common,walker2d-expert-v2,14,0,512,mart_from_mu1_rms_mu2,0.05481232194298345,0.031073452368772295,512,
rollout_common,walker2d-expert-v2,14,0,512,mart_from_mu1_rms_mu3,0.07937721453914759,0.04092714793255918,512,
rollout_common,walker2d-expert-v2,14,0,512,mart_from_mu1_rms_mu4,0.09160652794195227,0.04124089214451523,512,
rollout_common,walker2d-expert-v2,14,0,512,mart_delta2_rms,0.05481232187230489,0.031073451825774912,512,
rollout_common,walker2d-expert-v2,14,0,512,mart_delta2_l2,0.13426222010457423,0.07611410050055206,512,
rollout_common,walker2d-expert-v2,14,0,512,mart_delta3_rms,0.052863713644910604,0.027360480218795117,512,
rollout_common,walker2d-expert-v2,14,0,512,mart_delta3_l2,0.1294891242741869,0.06701921600447458,512,
rollout_common,walker2d-expert-v2,14,0,512,mart_delta4_rms,0.056213779100289685,0.036634552397390184,512,
rollout_common,walker2d-expert-v2,14,0,512,mart_delta4_l2,0.13769507477809384,0.08973595698902354,512,
rollout_common,walker2d-expert-v2,14,0,512,mart_cosine_delta2_delta3,0.08750158169896637,0.48079598334916596,512,0
rollout_common,walker2d-expert-v2,14,0,512,mart_cosine_delta3_delta4,-0.11860830909682644,0.46255103087105653,512,0
rollout_common,walker2d-expert-v2,14,0,512,mart_cosine_delta2_delta4,0.03681869101988673,0.4935306228755694,512,0
rollout_common,walker2d-expert-v2,14,0,512,bound_frac_mart_mu1,0.2138671875,0.0,1,
rollout_common,walker2d-expert-v2,14,0,512,bound_frac_mart_mu2,0.24544270833333334,0.0,1,
rollout_common,walker2d-expert-v2,14,0,512,bound_frac_mart_mu3,0.2633463541666667,0.0,1,
rollout_common,walker2d-expert-v2,14,0,512,bound_frac_mart_mu4,0.2639973958333333,0.0,1,
rollout_common,walker2d-expert-v2,14,0,512,mart_mu4_vs_two_deploy_rms,0.09499625083267962,0.04784876005670266,512,
rollout_common,walker2d-expert-v2,14,0,512,mart_mu1_vs_two_target_rms,0.05038517499692522,0.028670744290124856,512,
rollout_common,walker2d-expert-v2,14,0,512,two_target_vs_deploy_rms,0.08515679539788354,0.050644177042811996,512,
rollout_common,walker2d-expert-v2,14,0,512,bound_frac_two_actor_target,0.19498697916666666,0.0,1,
rollout_common,walker2d-expert-v2,14,0,512,bound_frac_two_actor_deploy,0.22623697916666666,0.0,1,
dataset,walker2d-expert-v2,14,1,2048,mart_adjacent_rms_mu1_to_mu2,0.13954007780426686,0.10492293789191015,2048,
dataset,walker2d-expert-v2,14,1,2048,mart_adjacent_l2_mu1_to_mu2,0.3418019892887183,0.25700766014891036,2048,
dataset,walker2d-expert-v2,14,1,2048,mart_delta_mu2_minus_mu1_rms,0.13954007780426686,0.10492293789191015,2048,
dataset,walker2d-expert-v2,14,1,2048,mart_adjacent_rms_mu2_to_mu3,0.07248599806422745,0.061561643801504945,2048,
dataset,walker2d-expert-v2,14,1,2048,mart_adjacent_l2_mu2_to_mu3,0.17755370875372645,0.15079461504065797,2048,
dataset,walker2d-expert-v2,14,1,2048,mart_delta_mu3_minus_mu2_rms,0.07248599806422745,0.061561643801504945,2048,
dataset,walker2d-expert-v2,14,1,2048,mart_adjacent_rms_mu3_to_mu4,0.056994801281490634,0.05369399595577047,2048,
dataset,walker2d-expert-v2,14,1,2048,mart_adjacent_l2_mu3_to_mu4,0.13960818113097687,0.13152289234270123,2048,
dataset,walker2d-expert-v2,14,1,2048,mart_delta_mu4_minus_mu3_rms,0.056994801281490634,0.05369399595577047,2048,
dataset,walker2d-expert-v2,14,1,2048,mart_from_mu1_rms_mu2,0.13954007780426686,0.10492293789191015,2048,
dataset,walker2d-expert-v2,14,1,2048,mart_from_mu1_rms_mu3,0.2062207974752319,0.12347830373220797,2048,
dataset,walker2d-expert-v2,14,1,2048,mart_from_mu1_rms_mu4,0.2552701950868559,0.14262801712191628,2048,
dataset,walker2d-expert-v2,14,1,2048,mart_delta2_rms,0.13954007789910627,0.10492293799959539,2048,
dataset,walker2d-expert-v2,14,1,2048,mart_delta2_l2,0.34180198909983495,0.25700765844416734,2048,
dataset,walker2d-expert-v2,14,1,2048,mart_delta3_rms,0.07248599792186514,0.06156164361417945,2048,
dataset,walker2d-expert-v2,14,1,2048,mart_delta3_l2,0.17755370851741148,0.15079461473153707,2048,
dataset,walker2d-expert-v2,14,1,2048,mart_delta4_rms,0.05699480138286577,0.053693996069681615,2048,
dataset,walker2d-expert-v2,14,1,2048,mart_delta4_l2,0.1396081813531797,0.13152289252110205,2048,
dataset,walker2d-expert-v2,14,1,2048,mart_cosine_delta2_delta3,0.7657514675716024,0.382100740860447,1754,294
dataset,walker2d-expert-v2,14,1,2048,mart_cosine_delta3_delta4,0.6764637636284064,0.5604815088504661,1588,460
dataset,walker2d-expert-v2,14,1,2048,mart_cosine_delta2_delta4,0.7154637948158032,0.4221255565299381,1588,460
dataset,walker2d-expert-v2,14,1,2048,bound_frac_mart_mu1,0.6358235677083334,0.0,1,
dataset,walker2d-expert-v2,14,1,2048,bound_frac_mart_mu2,0.732666015625,0.0,1,
dataset,walker2d-expert-v2,14,1,2048,bound_frac_mart_mu3,0.7666829427083334,0.0,1,
dataset,walker2d-expert-v2,14,1,2048,bound_frac_mart_mu4,0.8013509114583334,0.0,1,
dataset,walker2d-expert-v2,14,1,2048,mart_mu4_vs_two_deploy_rms,0.44468423369497556,0.32242599352686224,2048,
dataset,walker2d-expert-v2,14,1,2048,mart_mu1_vs_two_target_rms,0.19124070256042144,0.1232781944924971,2048,
dataset,walker2d-expert-v2,14,1,2048,two_target_vs_deploy_rms,0.21814952429918105,0.22324124162511902,2048,
dataset,walker2d-expert-v2,14,1,2048,bound_frac_two_actor_target,0.71484375,0.0,1,
dataset,walker2d-expert-v2,14,1,2048,bound_frac_two_actor_deploy,0.8294270833333334,0.0,1,
rollout_common,walker2d-expert-v2,14,1,512,mart_adjacent_rms_mu1_to_mu2,0.05704768988971389,0.07075286078834041,512,
rollout_common,walker2d-expert-v2,14,1,512,mart_adjacent_l2_mu1_to_mu2,0.13973773123432978,0.17330840677360598,512,
rollout_common,walker2d-expert-v2,14,1,512,mart_delta_mu2_minus_mu1_rms,0.05704768988971389,0.07075286078834041,512,
rollout_common,walker2d-expert-v2,14,1,512,mart_adjacent_rms_mu2_to_mu3,0.01189571846562102,0.07869981934677354,512,
rollout_common,walker2d-expert-v2,14,1,512,mart_adjacent_l2_mu2_to_mu3,0.02913844036457514,0.1927744002488109,512,
rollout_common,walker2d-expert-v2,14,1,512,mart_delta_mu3_minus_mu2_rms,0.01189571846562102,0.07869981934677354,512,
rollout_common,walker2d-expert-v2,14,1,512,mart_adjacent_rms_mu3_to_mu4,0.01137359839943615,0.07864617690036088,512,
rollout_common,walker2d-expert-v2,14,1,512,mart_adjacent_l2_mu3_to_mu4,0.027859512617954024,0.19264300362654535,512,
rollout_common,walker2d-expert-v2,14,1,512,mart_delta_mu4_minus_mu3_rms,0.01137359839943615,0.07864617690036088,512,
rollout_common,walker2d-expert-v2,14,1,512,mart_from_mu1_rms_mu2,0.05704768988971389,0.07075286078834041,512,
rollout_common,walker2d-expert-v2,14,1,512,mart_from_mu1_rms_mu3,0.06766830068106942,0.0995891175562434,512,
rollout_common,walker2d-expert-v2,14,1,512,mart_from_mu1_rms_mu4,0.05760038785742465,0.0713767713663052,512,
rollout_common,walker2d-expert-v2,14,1,512,mart_delta2_rms,0.05704768991594507,0.07075286071284013,512,
rollout_common,walker2d-expert-v2,14,1,512,mart_delta2_l2,0.13973773119505495,0.17330840673621428,512,
rollout_common,walker2d-expert-v2,14,1,512,mart_delta3_rms,0.011895718444052086,0.07869981931842066,512,
rollout_common,walker2d-expert-v2,14,1,512,mart_delta3_l2,0.02913844011759159,0.19277439876763652,512,
rollout_common,walker2d-expert-v2,14,1,512,mart_delta4_rms,0.011373598399322754,0.07864617688776158,512,
rollout_common,walker2d-expert-v2,14,1,512,mart_delta4_l2,0.02785951237928086,0.1926430021435499,512,
rollout_common,walker2d-expert-v2,14,1,512,mart_cosine_delta2_delta3,0.7651664722601019,0.40128969060803105,412,100
rollout_common,walker2d-expert-v2,14,1,512,mart_cosine_delta3_delta4,-0.11180647339158303,0.35953665989160355,142,370
rollout_common,walker2d-expert-v2,14,1,512,mart_cosine_delta2_delta4,0.04895948630353622,0.2270487285764258,142,370
rollout_common,walker2d-expert-v2,14,1,512,bound_frac_mart_mu1,0.9189453125,0.0,1,
rollout_common,walker2d-expert-v2,14,1,512,bound_frac_mart_mu2,0.9996744791666666,0.0,1,
rollout_common,walker2d-expert-v2,14,1,512,bound_frac_mart_mu3,0.9951171875,0.0,1,
rollout_common,walker2d-expert-v2,14,1,512,bound_frac_mart_mu4,1.0,0.0,1,
rollout_common,walker2d-expert-v2,14,1,512,mart_mu4_vs_two_deploy_rms,0.8155193450863005,0.004841828710214695,512,
rollout_common,walker2d-expert-v2,14,1,512,mart_mu1_vs_two_target_rms,0.3786466380710397,0.10154404735672949,512,
rollout_common,walker2d-expert-v2,14,1,512,two_target_vs_deploy_rms,0.3792723191619971,0.1412462125578448,512,
rollout_common,walker2d-expert-v2,14,1,512,bound_frac_two_actor_target,0.8343098958333334,0.0,1,
rollout_common,walker2d-expert-v2,14,1,512,bound_frac_two_actor_deploy,0.9970703125,0.0,1,
dataset,walker2d-expert-v2,20,0,2048,mart_adjacent_rms_mu1_to_mu2,0.08500675472349632,0.08387074800408195,2048,
dataset,walker2d-expert-v2,20,0,2048,mart_adjacent_l2_mu1_to_mu2,0.2082231737624897,0.20544053695555145,2048,
dataset,walker2d-expert-v2,20,0,2048,mart_delta_mu2_minus_mu1_rms,0.08500675472349632,0.08387074800408195,2048,
dataset,walker2d-expert-v2,20,0,2048,mart_adjacent_rms_mu2_to_mu3,0.20115947429896328,0.26745243355956344,2048,
dataset,walker2d-expert-v2,20,0,2048,mart_adjacent_l2_mu2_to_mu3,0.4927380689589669,0.6551219926865502,2048,
dataset,walker2d-expert-v2,20,0,2048,mart_delta_mu3_minus_mu2_rms,0.20115947429896328,0.26745243355956344,2048,
dataset,walker2d-expert-v2,20,0,2048,mart_adjacent_rms_mu3_to_mu4,0.5087276667727506,0.35146672194214,2048,
dataset,walker2d-expert-v2,20,0,2048,mart_adjacent_l2_mu3_to_mu4,1.246123201629871,0.8609141303268993,2048,
dataset,walker2d-expert-v2,20,0,2048,mart_delta_mu4_minus_mu3_rms,0.5087276667727506,0.35146672194214,2048,
dataset,walker2d-expert-v2,20,0,2048,mart_from_mu1_rms_mu2,0.08500675472349632,0.08387074800408195,2048,
dataset,walker2d-expert-v2,20,0,2048,mart_from_mu1_rms_mu3,0.2699936191439616,0.2556205594474508,2048,
dataset,walker2d-expert-v2,20,0,2048,mart_from_mu1_rms_mu4,0.5432651618765847,0.2569026011041592,2048,
dataset,walker2d-expert-v2,20,0,2048,mart_delta2_rms,0.0850067547009457,0.0838707486384163,2048,
dataset,walker2d-expert-v2,20,0,2048,mart_delta2_l2,0.20822317365657028,0.2054405373713511,2048,
dataset,walker2d-expert-v2,20,0,2048,mart_delta3_rms,0.2011594736090624,0.267452432301331,2048,
dataset,walker2d-expert-v2,20,0,2048,mart_delta3_l2,0.4927380675199231,0.6551219891602156,2048,
dataset,walker2d-expert-v2,20,0,2048,mart_delta4_rms,0.5087276768774637,0.35146673092647907,2048,
dataset,walker2d-expert-v2,20,0,2048,mart_delta4_l2,1.2461232006608043,0.8609141298784997,2048,
dataset,walker2d-expert-v2,20,0,2048,mart_cosine_delta2_delta3,0.5865949553824764,0.5528802161934402,1337,711
dataset,walker2d-expert-v2,20,0,2048,mart_cosine_delta3_delta4,-0.6577700669632051,0.47480717105206066,1264,784
dataset,walker2d-expert-v2,20,0,2048,mart_cosine_delta2_delta4,-0.7054891337071054,0.45537498899497825,1463,585
dataset,walker2d-expert-v2,20,0,2048,bound_frac_mart_mu1,0.7005208333333334,0.0,1,
dataset,walker2d-expert-v2,20,0,2048,bound_frac_mart_mu2,0.7579752604166666,0.0,1,
dataset,walker2d-expert-v2,20,0,2048,bound_frac_mart_mu3,0.938232421875,0.0,1,
dataset,walker2d-expert-v2,20,0,2048,bound_frac_mart_mu4,1.0,0.0,1,
dataset,walker2d-expert-v2,20,0,2048,mart_mu4_vs_two_deploy_rms,0.0,0.0,2048,
dataset,walker2d-expert-v2,20,0,2048,mart_mu1_vs_two_target_rms,0.06693128967858375,0.11950285540519244,2048,
dataset,walker2d-expert-v2,20,0,2048,two_target_vs_deploy_rms,0.5219299004832006,0.25415174397146345,2048,
dataset,walker2d-expert-v2,20,0,2048,bound_frac_two_actor_target,0.764892578125,0.0,1,
dataset,walker2d-expert-v2,20,0,2048,bound_frac_two_actor_deploy,1.0,0.0,1,
rollout_common,walker2d-expert-v2,20,0,512,mart_adjacent_rms_mu1_to_mu2,0.08998124285503853,0.040776172309794884,512,
rollout_common,walker2d-expert-v2,20,0,512,mart_adjacent_l2_mu1_to_mu2,0.220408131416299,0.09988081582280202,512,
rollout_common,walker2d-expert-v2,20,0,512,mart_delta_mu2_minus_mu1_rms,0.08998124285503853,0.040776172309794884,512,
rollout_common,walker2d-expert-v2,20,0,512,mart_adjacent_rms_mu2_to_mu3,0.5588400414141825,0.09650720695276323,512,
rollout_common,walker2d-expert-v2,20,0,512,mart_adjacent_l2_mu2_to_mu3,1.3688729493005667,0.23639341353544693,512,
rollout_common,walker2d-expert-v2,20,0,512,mart_delta_mu3_minus_mu2_rms,0.5588400414141825,0.09650720695276323,512,
rollout_common,walker2d-expert-v2,20,0,512,mart_adjacent_rms_mu3_to_mu4,0.787548757954236,0.02792135872272593,512,
rollout_common,walker2d-expert-v2,20,0,512,mart_adjacent_l2_mu3_to_mu4,1.929092604550533,0.0683930817958868,512,
rollout_common,walker2d-expert-v2,20,0,512,mart_delta_mu4_minus_mu3_rms,0.787548757954236,0.02792135872272593,512,
rollout_common,walker2d-expert-v2,20,0,512,mart_from_mu1_rms_mu2,0.08998124285503853,0.040776172309794884,512,
rollout_common,walker2d-expert-v2,20,0,512,mart_from_mu1_rms_mu3,0.5653505560600265,0.16983229590200066,512,
rollout_common,walker2d-expert-v2,20,0,512,mart_from_mu1_rms_mu4,0.22219820189424122,0.15347547220641974,512,
rollout_common,walker2d-expert-v2,20,0,512,mart_delta2_rms,0.08998124317645306,0.04077617252122914,512,
rollout_common,walker2d-expert-v2,20,0,512,mart_delta2_l2,0.22040813160128891,0.09988081588206252,512,
rollout_common,walker2d-expert-v2,20,0,512,mart_delta3_rms,0.5588400417177581,0.09650720707198944,512,
rollout_common,walker2d-expert-v2,20,0,512,mart_delta3_l2,1.3688729484565556,0.2363934133656438,512,
rollout_common,walker2d-expert-v2,20,0,512,mart_delta4_rms,0.787548758322373,0.027921358879898276,512,
rollout_common,walker2d-expert-v2,20,0,512,mart_delta4_l2,1.9290926053654402,0.0683930811816471,512,
rollout_common,walker2d-expert-v2,20,0,512,mart_cosine_delta2_delta3,0.27734374999860867,0.9617103846741789,512,0
rollout_common,walker2d-expert-v2,20,0,512,mart_cosine_delta3_delta4,-1.0,0.0,512,0
rollout_common,walker2d-expert-v2,20,0,512,mart_cosine_delta2_delta4,-0.27734374999860867,0.9617103846741789,512,0
rollout_common,walker2d-expert-v2,20,0,512,bound_frac_mart_mu1,0.8375651041666666,0.0,1,
rollout_common,walker2d-expert-v2,20,0,512,bound_frac_mart_mu2,0.8346354166666666,0.0,1,
rollout_common,walker2d-expert-v2,20,0,512,bound_frac_mart_mu3,0.9440104166666666,0.0,1,
rollout_common,walker2d-expert-v2,20,0,512,bound_frac_mart_mu4,1.0,0.0,1,
rollout_common,walker2d-expert-v2,20,0,512,mart_mu4_vs_two_deploy_rms,0.0,0.0,512,
rollout_common,walker2d-expert-v2,20,0,512,mart_mu1_vs_two_target_rms,0.2525528849323921,0.09216978994628716,512,
rollout_common,walker2d-expert-v2,20,0,512,two_target_vs_deploy_rms,0.32254761697509526,0.13309385910595256,512,
rollout_common,walker2d-expert-v2,20,0,512,bound_frac_two_actor_target,0.8346354166666666,0.0,1,
rollout_common,walker2d-expert-v2,20,0,512,bound_frac_two_actor_deploy,1.0,0.0,1,
dataset,walker2d-expert-v2,20,1,2048,mart_adjacent_rms_mu1_to_mu2,0.22521630122757802,0.19530527077105744,2048,
dataset,walker2d-expert-v2,20,1,2048,mart_adjacent_l2_mu1_to_mu2,0.5516650197645189,0.4783982574651965,2048,
dataset,walker2d-expert-v2,20,1,2048,mart_delta_mu2_minus_mu1_rms,0.22521630122757802,0.19530527077105744,2048,
dataset,walker2d-expert-v2,20,1,2048,mart_adjacent_rms_mu2_to_mu3,0.03290730493204707,0.06581133563279411,2048,
dataset,walker2d-expert-v2,20,1,2048,mart_adjacent_l2_mu2_to_mu3,0.08060610589368758,0.16120419159139024,2048,
dataset,walker2d-expert-v2,20,1,2048,mart_delta_mu3_minus_mu2_rms,0.03290730493204707,0.06581133563279411,2048,
dataset,walker2d-expert-v2,20,1,2048,mart_adjacent_rms_mu3_to_mu4,0.029794798434910775,0.053480134006633866,2048,
dataset,walker2d-expert-v2,20,1,2048,mart_adjacent_l2_mu3_to_mu4,0.07298205315460624,0.13099903969191948,2048,
dataset,walker2d-expert-v2,20,1,2048,mart_delta_mu4_minus_mu3_rms,0.029794798434910775,0.053480134006633866,2048,
dataset,walker2d-expert-v2,20,1,2048,mart_from_mu1_rms_mu2,0.22521630122757802,0.19530527077105744,2048,
dataset,walker2d-expert-v2,20,1,2048,mart_from_mu1_rms_mu3,0.24955049491575648,0.19641659779297196,2048,
dataset,walker2d-expert-v2,20,1,2048,mart_from_mu1_rms_mu4,0.24959722995311023,0.19535157139468298,2048,
dataset,walker2d-expert-v2,20,1,2048,mart_delta2_rms,0.22521630084451671,0.19530527055563252,2048,
dataset,walker2d-expert-v2,20,1,2048,mart_delta2_l2,0.551665019635962,0.47839825786976103,2048,
dataset,walker2d-expert-v2,20,1,2048,mart_delta3_rms,0.032907304929794795,0.06581133576931189,2048,
dataset,walker2d-expert-v2,20,1,2048,mart_delta3_l2,0.0806061058758365,0.16120419164336386,2048,
dataset,walker2d-expert-v2,20,1,2048,mart_delta4_rms,0.029794798388153187,0.053480133852941265,2048,
dataset,walker2d-expert-v2,20,1,2048,mart_delta4_l2,0.07298205304732619,0.13099903954528058,2048,
dataset,walker2d-expert-v2,20,1,2048,mart_cosine_delta2_delta3,0.4137443886084113,0.42924590680621705,693,1355
dataset,walker2d-expert-v2,20,1,2048,mart_cosine_delta3_delta4,0.2089998127826132,0.64075320593233,554,1494
dataset,walker2d-expert-v2,20,1,2048,mart_cosine_delta2_delta4,0.09083377092703303,0.6526764844001577,698,1350
dataset,walker2d-expert-v2,20,1,2048,bound_frac_mart_mu1,0.6988932291666666,0.0,1,
dataset,walker2d-expert-v2,20,1,2048,bound_frac_mart_mu2,0.842041015625,0.0,1,
dataset,walker2d-expert-v2,20,1,2048,bound_frac_mart_mu3,0.8627115885416666,0.0,1,
dataset,walker2d-expert-v2,20,1,2048,bound_frac_mart_mu4,0.8453776041666666,0.0,1,
dataset,walker2d-expert-v2,20,1,2048,mart_mu4_vs_two_deploy_rms,1.3592474036088147,0.26075483333623134,2048,
dataset,walker2d-expert-v2,20,1,2048,mart_mu1_vs_two_target_rms,0.7074211081717423,0.33406777868193155,2048,
dataset,walker2d-expert-v2,20,1,2048,two_target_vs_deploy_rms,0.8408028963022802,0.3018438914933339,2048,
dataset,walker2d-expert-v2,20,1,2048,bound_frac_two_actor_target,0.195068359375,0.0,1,
dataset,walker2d-expert-v2,20,1,2048,bound_frac_two_actor_deploy,0.5576985677083334,0.0,1,
rollout_common,walker2d-expert-v2,20,1,506,mart_adjacent_rms_mu1_to_mu2,0.026284012753341333,0.12586594511261853,506,
rollout_common,walker2d-expert-v2,20,1,506,mart_adjacent_l2_mu1_to_mu2,0.06438241963849185,0.3083073415190696,506,
rollout_common,walker2d-expert-v2,20,1,506,mart_delta_mu2_minus_mu1_rms,0.026284012753341333,0.12586594511261853,506,
rollout_common,walker2d-expert-v2,20,1,506,mart_adjacent_rms_mu2_to_mu3,0.00829357114946359,0.08307208224004578,506,
rollout_common,walker2d-expert-v2,20,1,506,mart_adjacent_l2_mu2_to_mu3,0.020315017461653553,0.20348421335863276,506,
rollout_common,walker2d-expert-v2,20,1,506,mart_delta_mu3_minus_mu2_rms,0.00829357114946359,0.08307208224004578,506,
rollout_common,walker2d-expert-v2,20,1,506,mart_adjacent_rms_mu3_to_mu4,0.004636440724674634,0.059958102521883154,506,
rollout_common,walker2d-expert-v2,20,1,506,mart_adjacent_l2_mu3_to_mu4,0.01135691399811272,0.146866757124095,506,
rollout_common,walker2d-expert-v2,20,1,506,mart_delta_mu4_minus_mu3_rms,0.004636440724674634,0.059958102521883154,506,
rollout_common,walker2d-expert-v2,20,1,506,mart_from_mu1_rms_mu2,0.026284012753341333,0.12586594511261853,506,
rollout_common,walker2d-expert-v2,20,1,506,mart_from_mu1_rms_mu3,0.019849291165456202,0.10045411922705647,506,
rollout_common,walker2d-expert-v2,20,1,506,mart_from_mu1_rms_mu4,0.023540788037300243,0.11419161571655678,506,
rollout_common,walker2d-expert-v2,20,1,506,mart_delta2_rms,0.026284012631204286,0.1258659445891576,506,
rollout_common,walker2d-expert-v2,20,1,506,mart_delta2_l2,0.06438241887987424,0.3083073368876972,506,
rollout_common,walker2d-expert-v2,20,1,506,mart_delta3_rms,0.008293571217775892,0.08307208292850539,506,
rollout_common,walker2d-expert-v2,20,1,506,mart_delta3_l2,0.020315017254048547,0.2034842114028005,506,
rollout_common,walker2d-expert-v2,20,1,506,mart_delta4_rms,0.004636440597901891,0.059958100905239634,506,
rollout_common,walker2d-expert-v2,20,1,506,mart_delta4_l2,0.011356913997918706,0.14686675712189656,506,
rollout_common,walker2d-expert-v2,20,1,506,mart_cosine_delta2_delta3,-0.6597435762409276,0.460581536501087,11,495
rollout_common,walker2d-expert-v2,20,1,506,mart_cosine_delta3_delta4,-0.564606886710666,0.7694261394118997,7,499
rollout_common,walker2d-expert-v2,20,1,506,mart_cosine_delta2_delta4,0.39866767456318697,0.8290561339151573,10,496
rollout_common,walker2d-expert-v2,20,1,506,bound_frac_mart_mu1,0.9792490118577075,0.0,1,
rollout_common,walker2d-expert-v2,20,1,506,bound_frac_mart_mu2,0.9996706192358367,0.0,1,
rollout_common,walker2d-expert-v2,20,1,506,bound_frac_mart_mu3,1.0,0.0,1,
rollout_common,walker2d-expert-v2,20,1,506,bound_frac_mart_mu4,0.9996706192358367,0.0,1,
rollout_common,walker2d-expert-v2,20,1,506,mart_mu4_vs_two_deploy_rms,1.153207430262279,0.296986633573214,506,
rollout_common,walker2d-expert-v2,20,1,506,mart_mu1_vs_two_target_rms,0.926246813314457,0.25894451214939845,506,
rollout_common,walker2d-expert-v2,20,1,506,two_target_vs_deploy_rms,0.9282524716467766,0.2574201254206216,506,
rollout_common,walker2d-expert-v2,20,1,506,bound_frac_two_actor_target,0.31225296442687744,0.0,1,
rollout_common,walker2d-expert-v2,20,1,506,bound_frac_two_actor_deploy,0.691699604743083,0.0,1,
dataset,walker2d-expert-v2,4,0,2048,mart_adjacent_rms_mu1_to_mu2,0.03328198189147395,0.018480905380385892,2048,
dataset,walker2d-expert-v2,4,0,2048,mart_adjacent_l2_mu1_to_mu2,0.08152387326266092,0.04526878816660169,2048,
dataset,walker2d-expert-v2,4,0,2048,mart_delta_mu2_minus_mu1_rms,0.03328198189147395,0.018480905380385892,2048,
dataset,walker2d-expert-v2,4,0,2048,mart_adjacent_rms_mu2_to_mu3,0.032083179253281996,0.016026276772013508,2048,
dataset,walker2d-expert-v2,4,0,2048,mart_adjacent_l2_mu2_to_mu3,0.07858741849678831,0.03925620056805139,2048,
dataset,walker2d-expert-v2,4,0,2048,mart_delta_mu3_minus_mu2_rms,0.032083179253281996,0.016026276772013508,2048,
dataset,walker2d-expert-v2,4,0,2048,mart_adjacent_rms_mu3_to_mu4,0.03192523503782272,0.016492148057951184,2048,
dataset,walker2d-expert-v2,4,0,2048,mart_adjacent_l2_mu3_to_mu4,0.07820053576108886,0.040397347504412935,2048,
dataset,walker2d-expert-v2,4,0,2048,mart_delta_mu4_minus_mu3_rms,0.03192523503782272,0.016492148057951184,2048,
dataset,walker2d-expert-v2,4,0,2048,mart_from_mu1_rms_mu2,0.03328198189147395,0.018480905380385892,2048,
dataset,walker2d-expert-v2,4,0,2048,mart_from_mu1_rms_mu3,0.04383072518573963,0.02430421627327082,2048,
dataset,walker2d-expert-v2,4,0,2048,mart_from_mu1_rms_mu4,0.05030139382422473,0.025876343103763057,2048,
dataset,walker2d-expert-v2,4,0,2048,mart_delta2_rms,0.033281981880236344,0.01848090540260486,2048,
dataset,walker2d-expert-v2,4,0,2048,mart_delta2_l2,0.08152387324207666,0.04526878839582273,2048,
dataset,walker2d-expert-v2,4,0,2048,mart_delta3_rms,0.03208317923713366,0.016026276749205558,2048,
dataset,walker2d-expert-v2,4,0,2048,mart_delta3_l2,0.07858741847621786,0.03925620053236108,2048,
dataset,walker2d-expert-v2,4,0,2048,mart_delta4_rms,0.031925235037647326,0.01649214811027135,2048,
dataset,walker2d-expert-v2,4,0,2048,mart_delta4_l2,0.07820053576097052,0.0403973474200371,2048,
dataset,walker2d-expert-v2,4,0,2048,mart_cosine_delta2_delta3,-0.08298752459077013,0.4827933038409062,2048,0
dataset,walker2d-expert-v2,4,0,2048,mart_cosine_delta3_delta4,-0.10023935667084954,0.4932606269361298,2048,0
dataset,walker2d-expert-v2,4,0,2048,mart_cosine_delta2_delta4,-0.018651305792508927,0.48093684809610365,2048,0
dataset,walker2d-expert-v2,4,0,2048,bound_frac_mart_mu1,0.1513671875,0.0,1,
dataset,walker2d-expert-v2,4,0,2048,bound_frac_mart_mu2,0.1748046875,0.0,1,
dataset,walker2d-expert-v2,4,0,2048,bound_frac_mart_mu3,0.18367513020833334,0.0,1,
dataset,walker2d-expert-v2,4,0,2048,bound_frac_mart_mu4,0.18855794270833334,0.0,1,
dataset,walker2d-expert-v2,4,0,2048,mart_mu4_vs_two_deploy_rms,0.04608724593160932,0.024640959412748752,2048,
dataset,walker2d-expert-v2,4,0,2048,mart_mu1_vs_two_target_rms,0.025071454021680803,0.015388804114262205,2048,
dataset,walker2d-expert-v2,4,0,2048,two_target_vs_deploy_rms,0.04052733740950483,0.022679516270886695,2048,
dataset,walker2d-expert-v2,4,0,2048,bound_frac_two_actor_target,0.14689127604166666,0.0,1,
dataset,walker2d-expert-v2,4,0,2048,bound_frac_two_actor_deploy,0.17822265625,0.0,1,
rollout_common,walker2d-expert-v2,4,0,512,mart_adjacent_rms_mu1_to_mu2,0.03085123186243942,0.015038600799354363,512,
rollout_common,walker2d-expert-v2,4,0,512,mart_adjacent_l2_mu1_to_mu2,0.07556977599927092,0.036836898403829414,512,
rollout_common,walker2d-expert-v2,4,0,512,mart_delta_mu2_minus_mu1_rms,0.03085123186243942,0.015038600799354363,512,
rollout_common,walker2d-expert-v2,4,0,512,mart_adjacent_rms_mu2_to_mu3,0.03047085010442119,0.014301262155970055,512,
rollout_common,walker2d-expert-v2,4,0,512,mart_adjacent_l2_mu2_to_mu3,0.07463803478466344,0.035030794959901884,512,
rollout_common,walker2d-expert-v2,4,0,512,mart_delta_mu3_minus_mu2_rms,0.03047085010442119,0.014301262155970055,512,
rollout_common,walker2d-expert-v2,4,0,512,mart_adjacent_rms_mu3_to_mu4,0.029034807746321056,0.013522570084981483,512,
rollout_common,walker2d-expert-v2,4,0,512,mart_adjacent_l2_mu3_to_mu4,0.07112046375829498,0.03312339671922879,512,
rollout_common,walker2d-expert-v2,4,0,512,mart_delta_mu4_minus_mu3_rms,0.029034807746321056,0.013522570084981483,512,
rollout_common,walker2d-expert-v2,4,0,512,mart_from_mu1_rms_mu2,0.03085123186243942,0.015038600799354363,512,
rollout_common,walker2d-expert-v2,4,0,512,mart_from_mu1_rms_mu3,0.03851757433226761,0.020101095971840222,512,
rollout_common,walker2d-expert-v2,4,0,512,mart_from_mu1_rms_mu4,0.04555775229007364,0.019984551047900635,512,
rollout_common,walker2d-expert-v2,4,0,512,mart_delta2_rms,0.030851231844280846,0.015038600734172566,512,
rollout_common,walker2d-expert-v2,4,0,512,mart_delta2_l2,0.07556977587228175,0.03683689827475193,512,
rollout_common,walker2d-expert-v2,4,0,512,mart_delta3_rms,0.03047085005800909,0.01430126207356593,512,
rollout_common,walker2d-expert-v2,4,0,512,mart_delta3_l2,0.07463803476093744,0.035030794571965965,512,
rollout_common,walker2d-expert-v2,4,0,512,mart_delta4_rms,0.02903480770510214,0.01352257012769341,512,
rollout_common,walker2d-expert-v2,4,0,512,mart_delta4_l2,0.07112046374641068,0.03312339690631223,512,
rollout_common,walker2d-expert-v2,4,0,512,mart_cosine_delta2_delta3,-0.18968040742514464,0.4864641355451665,512,0
rollout_common,walker2d-expert-v2,4,0,512,mart_cosine_delta3_delta4,-0.053235478908427114,0.44735994623324304,512,0
rollout_common,walker2d-expert-v2,4,0,512,mart_cosine_delta2_delta4,-0.040683182673384444,0.4519483515584352,512,0
rollout_common,walker2d-expert-v2,4,0,512,bound_frac_mart_mu1,0.17447916666666666,0.0,1,
rollout_common,walker2d-expert-v2,4,0,512,bound_frac_mart_mu2,0.20345052083333334,0.0,1,
rollout_common,walker2d-expert-v2,4,0,512,bound_frac_mart_mu3,0.21419270833333334,0.0,1,
rollout_common,walker2d-expert-v2,4,0,512,bound_frac_mart_mu4,0.20735677083333334,0.0,1,
rollout_common,walker2d-expert-v2,4,0,512,mart_mu4_vs_two_deploy_rms,0.042968135866402885,0.01837196042197043,512,
rollout_common,walker2d-expert-v2,4,0,512,mart_mu1_vs_two_target_rms,0.021327331238820246,0.009486252534891182,512,
rollout_common,walker2d-expert-v2,4,0,512,two_target_vs_deploy_rms,0.033485216995918554,0.015418394488183496,512,
rollout_common,walker2d-expert-v2,4,0,512,bound_frac_two_actor_target,0.1748046875,0.0,1,
rollout_common,walker2d-expert-v2,4,0,512,bound_frac_two_actor_deploy,0.2060546875,0.0,1,
dataset,walker2d-expert-v2,4,1,2048,mart_adjacent_rms_mu1_to_mu2,0.034888797601780895,0.018363667921683206,2048,
dataset,walker2d-expert-v2,4,1,2048,mart_adjacent_l2_mu1_to_mu2,0.08545975186360064,0.044981616214039497,2048,
dataset,walker2d-expert-v2,4,1,2048,mart_delta_mu2_minus_mu1_rms,0.034888797601780895,0.018363667921683206,2048,
dataset,walker2d-expert-v2,4,1,2048,mart_adjacent_rms_mu2_to_mu3,0.033017215652097004,0.01793211688065001,2048,
dataset,walker2d-expert-v2,4,1,2048,mart_adjacent_l2_mu2_to_mu3,0.0808753310750718,0.04392453636554128,2048,
dataset,walker2d-expert-v2,4,1,2048,mart_delta_mu3_minus_mu2_rms,0.033017215652097004,0.01793211688065001,2048,
dataset,walker2d-expert-v2,4,1,2048,mart_adjacent_rms_mu3_to_mu4,0.03574556375610462,0.017965729585455864,2048,
dataset,walker2d-expert-v2,4,1,2048,mart_adjacent_l2_mu3_to_mu4,0.0875583917705804,0.04400687034119041,2048,
dataset,walker2d-expert-v2,4,1,2048,mart_delta_mu4_minus_mu3_rms,0.03574556375610462,0.017965729585455864,2048,
dataset,walker2d-expert-v2,4,1,2048,mart_from_mu1_rms_mu2,0.034888797601780895,0.018363667921683206,2048,
dataset,walker2d-expert-v2,4,1,2048,mart_from_mu1_rms_mu3,0.04389045205963785,0.021428560656655007,2048,
dataset,walker2d-expert-v2,4,1,2048,mart_from_mu1_rms_mu4,0.0515812450041703,0.02752430945881631,2048,
dataset,walker2d-expert-v2,4,1,2048,mart_delta2_rms,0.03488879760675445,0.018363667923504943,2048,
dataset,walker2d-expert-v2,4,1,2048,mart_delta2_l2,0.08545975182551047,0.044981616269707106,2048,
dataset,walker2d-expert-v2,4,1,2048,mart_delta3_rms,0.03301721562149851,0.017932116867978003,2048,
dataset,walker2d-expert-v2,4,1,2048,mart_delta3_l2,0.0808753310307111,0.043924536311474034,2048,
dataset,walker2d-expert-v2,4,1,2048,mart_delta4_rms,0.035745563695286364,0.01796572951169999,2048,
dataset,walker2d-expert-v2,4,1,2048,mart_delta4_l2,0.08755839175410074,0.04400687030284827,2048,
dataset,walker2d-expert-v2,4,1,2048,mart_cosine_delta2_delta3,-0.1321972802658325,0.4699923990410952,2048,0
dataset,walker2d-expert-v2,4,1,2048,mart_cosine_delta3_delta4,-0.09552376060566667,0.5084096437623689,2048,0
dataset,walker2d-expert-v2,4,1,2048,mart_cosine_delta2_delta4,-0.12889316102130877,0.4810290936638387,2048,0
dataset,walker2d-expert-v2,4,1,2048,bound_frac_mart_mu1,0.15592447916666666,0.0,1,
dataset,walker2d-expert-v2,4,1,2048,bound_frac_mart_mu2,0.16552734375,0.0,1,
dataset,walker2d-expert-v2,4,1,2048,bound_frac_mart_mu3,0.17862955729166666,0.0,1,
dataset,walker2d-expert-v2,4,1,2048,bound_frac_mart_mu4,0.184814453125,0.0,1,
dataset,walker2d-expert-v2,4,1,2048,mart_mu4_vs_two_deploy_rms,0.04726565170209622,0.02657620831878745,2048,
dataset,walker2d-expert-v2,4,1,2048,mart_mu1_vs_two_target_rms,0.02464109555744545,0.015609586684243672,2048,
dataset,walker2d-expert-v2,4,1,2048,two_target_vs_deploy_rms,0.039905928435475815,0.022892170917135853,2048,
dataset,walker2d-expert-v2,4,1,2048,bound_frac_two_actor_target,0.15413411458333334,0.0,1,
dataset,walker2d-expert-v2,4,1,2048,bound_frac_two_actor_deploy,0.17423502604166666,0.0,1,
rollout_common,walker2d-expert-v2,4,1,512,mart_adjacent_rms_mu1_to_mu2,0.033283871532763666,0.016189286121379202,512,
rollout_common,walker2d-expert-v2,4,1,512,mart_adjacent_l2_mu1_to_mu2,0.08152850191961762,0.03965549029730042,512,
rollout_common,walker2d-expert-v2,4,1,512,mart_delta_mu2_minus_mu1_rms,0.033283871532763666,0.016189286121379202,512,
rollout_common,walker2d-expert-v2,4,1,512,mart_adjacent_rms_mu2_to_mu3,0.03275041036280879,0.022138628842416824,512,
rollout_common,walker2d-expert-v2,4,1,512,mart_adjacent_l2_mu2_to_mu3,0.08022179425564005,0.05422834426878384,512,
rollout_common,walker2d-expert-v2,4,1,512,mart_delta_mu3_minus_mu2_rms,0.03275041036280879,0.022138628842416824,512,
rollout_common,walker2d-expert-v2,4,1,512,mart_adjacent_rms_mu3_to_mu4,0.03589599991778475,0.016994640750917802,512,
rollout_common,walker2d-expert-v2,4,1,512,mart_adjacent_l2_mu3_to_mu4,0.08792688360555953,0.04162819820165816,512,
rollout_common,walker2d-expert-v2,4,1,512,mart_delta_mu4_minus_mu3_rms,0.03589599991778475,0.016994640750917802,512,
rollout_common,walker2d-expert-v2,4,1,512,mart_from_mu1_rms_mu2,0.033283871532763666,0.016189286121379202,512,
rollout_common,walker2d-expert-v2,4,1,512,mart_from_mu1_rms_mu3,0.041777088818946456,0.024830782112747113,512,
rollout_common,walker2d-expert-v2,4,1,512,mart_from_mu1_rms_mu4,0.052546588150124904,0.030922479130108645,512,
rollout_common,walker2d-expert-v2,4,1,512,mart_delta2_rms,0.03328387144392764,0.01618928606658871,512,
rollout_common,walker2d-expert-v2,4,1,512,mart_delta2_l2,0.08152850151600433,0.0396554900480377,512,
rollout_common,walker2d-expert-v2,4,1,512,mart_delta3_rms,0.03275041044616955,0.022138629027554747,512,
rollout_common,walker2d-expert-v2,4,1,512,mart_delta3_l2,0.08022179445470101,0.054228344931703906,512,
rollout_common,walker2d-expert-v2,4,1,512,mart_delta4_rms,0.03589599998485937,0.0169946407918145,512,
rollout_common,walker2d-expert-v2,4,1,512,mart_delta4_l2,0.08792688381799962,0.04162819820782582,512,
rollout_common,walker2d-expert-v2,4,1,512,mart_cosine_delta2_delta3,-0.20058896737508727,0.46319213381366353,512,0
rollout_common,walker2d-expert-v2,4,1,512,mart_cosine_delta3_delta4,-0.07305853333662764,0.5103397133479929,512,0
rollout_common,walker2d-expert-v2,4,1,512,mart_cosine_delta2_delta4,-0.049968627745077904,0.510275041010438,512,0
rollout_common,walker2d-expert-v2,4,1,512,bound_frac_mart_mu1,0.17252604166666666,0.0,1,
rollout_common,walker2d-expert-v2,4,1,512,bound_frac_mart_mu2,0.1845703125,0.0,1,
rollout_common,walker2d-expert-v2,4,1,512,bound_frac_mart_mu3,0.2021484375,0.0,1,
rollout_common,walker2d-expert-v2,4,1,512,bound_frac_mart_mu4,0.21028645833333334,0.0,1,
rollout_common,walker2d-expert-v2,4,1,512,mart_mu4_vs_two_deploy_rms,0.045102247406974307,0.027733084836094227,512,
rollout_common,walker2d-expert-v2,4,1,512,mart_mu1_vs_two_target_rms,0.02441890693686819,0.016505862092181734,512,
rollout_common,walker2d-expert-v2,4,1,512,two_target_vs_deploy_rms,0.03539525033131614,0.017463761643262722,512,
rollout_common,walker2d-expert-v2,4,1,512,bound_frac_two_actor_target,0.16959635416666666,0.0,1,
rollout_common,walker2d-expert-v2,4,1,512,bound_frac_two_actor_deploy,0.1962890625,0.0,1,
dataset,walker2d-expert-v2,7,0,2048,mart_adjacent_rms_mu1_to_mu2,0.033983866669888674,0.01821994388467198,2048,
dataset,walker2d-expert-v2,7,0,2048,mart_adjacent_l2_mu1_to_mu2,0.08324313282800341,0.0446295656595891,2048,
dataset,walker2d-expert-v2,7,0,2048,mart_delta_mu2_minus_mu1_rms,0.033983866669888674,0.01821994388467198,2048,
dataset,walker2d-expert-v2,7,0,2048,mart_adjacent_rms_mu2_to_mu3,0.033066656266740574,0.01703313189414025,2048,
dataset,walker2d-expert-v2,7,0,2048,mart_adjacent_l2_mu2_to_mu3,0.08099643535351814,0.04172248186216955,2048,
dataset,walker2d-expert-v2,7,0,2048,mart_delta_mu3_minus_mu2_rms,0.033066656266740574,0.01703313189414025,2048,
dataset,walker2d-expert-v2,7,0,2048,mart_adjacent_rms_mu3_to_mu4,0.03578016184150974,0.017912615023359623,2048,
dataset,walker2d-expert-v2,7,0,2048,mart_adjacent_l2_mu3_to_mu4,0.08764313942590017,0.04387676676614325,2048,
dataset,walker2d-expert-v2,7,0,2048,mart_delta_mu4_minus_mu3_rms,0.03578016184150974,0.017912615023359623,2048,
dataset,walker2d-expert-v2,7,0,2048,mart_from_mu1_rms_mu2,0.033983866669888674,0.01821994388467198,2048,
dataset,walker2d-expert-v2,7,0,2048,mart_from_mu1_rms_mu3,0.04777393114836859,0.024353813054990545,2048,
dataset,walker2d-expert-v2,7,0,2048,mart_from_mu1_rms_mu4,0.05835327442831288,0.02889034884223938,2048,
dataset,walker2d-expert-v2,7,0,2048,mart_delta2_rms,0.03398386669800857,0.01821994387696049,2048,
dataset,walker2d-expert-v2,7,0,2048,mart_delta2_l2,0.0832431328731218,0.044629565713164274,2048,
dataset,walker2d-expert-v2,7,0,2048,mart_delta3_rms,0.03306665628474548,0.017033131967545214,2048,
dataset,walker2d-expert-v2,7,0,2048,mart_delta3_l2,0.08099643536627354,0.041722481870666406,2048,
dataset,walker2d-expert-v2,7,0,2048,mart_delta4_rms,0.035780161778689035,0.017912614853722534,2048,
dataset,walker2d-expert-v2,7,0,2048,mart_delta4_l2,0.08764313940696411,0.043876766668205426,2048,
dataset,walker2d-expert-v2,7,0,2048,mart_cosine_delta2_delta3,0.034636636455983694,0.49625396544087164,2048,0
dataset,walker2d-expert-v2,7,0,2048,mart_cosine_delta3_delta4,-0.07926592295542562,0.4940565709126237,2048,0
dataset,walker2d-expert-v2,7,0,2048,mart_cosine_delta2_delta4,0.0644963264011387,0.47656581976087686,2048,0
dataset,walker2d-expert-v2,7,0,2048,bound_frac_mart_mu1,0.16015625,0.0,1,
dataset,walker2d-expert-v2,7,0,2048,bound_frac_mart_mu2,0.18082682291666666,0.0,1,
dataset,walker2d-expert-v2,7,0,2048,bound_frac_mart_mu3,0.1962890625,0.0,1,
dataset,walker2d-expert-v2,7,0,2048,bound_frac_mart_mu4,0.19864908854166666,0.0,1,
dataset,walker2d-expert-v2,7,0,2048,mart_mu4_vs_two_deploy_rms,0.051899990498689645,0.02672541543531824,2048,
dataset,walker2d-expert-v2,7,0,2048,mart_mu1_vs_two_target_rms,0.026040193191179794,0.015430186835229794,2048,
dataset,walker2d-expert-v2,7,0,2048,two_target_vs_deploy_rms,0.05215012763056229,0.028520124067714328,2048,
dataset,walker2d-expert-v2,7,0,2048,bound_frac_two_actor_target,0.163330078125,0.0,1,
dataset,walker2d-expert-v2,7,0,2048,bound_frac_two_actor_deploy,0.19075520833333334,0.0,1,
rollout_common,walker2d-expert-v2,7,0,512,mart_adjacent_rms_mu1_to_mu2,0.03837078107093812,0.019042677621355107,512,
rollout_common,walker2d-expert-v2,7,0,512,mart_adjacent_l2_mu1_to_mu2,0.09398883465584185,0.0466448435086361,512,
rollout_common,walker2d-expert-v2,7,0,512,mart_delta_mu2_minus_mu1_rms,0.03837078107093812,0.019042677621355107,512,
rollout_common,walker2d-expert-v2,7,0,512,mart_adjacent_rms_mu2_to_mu3,0.036609418032041596,0.01758408027784647,512,
rollout_common,walker2d-expert-v2,7,0,512,mart_adjacent_l2_mu2_to_mu3,0.0896743939587474,0.0430720242768609,512,
rollout_common,walker2d-expert-v2,7,0,512,mart_delta_mu3_minus_mu2_rms,0.036609418032041596,0.01758408027784647,512,
rollout_common,walker2d-expert-v2,7,0,512,mart_adjacent_rms_mu3_to_mu4,0.03857256626506579,0.01777786005522063,512,
rollout_common,walker2d-expert-v2,7,0,512,mart_adjacent_l2_mu3_to_mu4,0.0944831054191031,0.04354668585389772,512,
rollout_common,walker2d-expert-v2,7,0,512,mart_delta_mu4_minus_mu3_rms,0.03857256626506579,0.01777786005522063,512,
rollout_common,walker2d-expert-v2,7,0,512,mart_from_mu1_rms_mu2,0.03837078107093812,0.019042677621355107,512,
rollout_common,walker2d-expert-v2,7,0,512,mart_from_mu1_rms_mu3,0.051013903575626705,0.02480173337804861,512,
rollout_common,walker2d-expert-v2,7,0,512,mart_from_mu1_rms_mu4,0.06118624928572744,0.02851615735594703,512,
rollout_common,walker2d-expert-v2,7,0,512,mart_delta2_rms,0.038370780925106374,0.019042677417585207,512,
rollout_common,walker2d-expert-v2,7,0,512,mart_delta2_l2,0.09398883445828687,0.04664484313662605,512,
rollout_common,walker2d-expert-v2,7,0,512,mart_delta3_rms,0.03660941802627349,0.017584080269668456,512,
rollout_common,walker2d-expert-v2,7,0,512,mart_delta3_l2,0.0896743939811131,0.043072024434518144,512,
rollout_common,walker2d-expert-v2,7,0,512,mart_delta4_rms,0.03857256623450667,0.01777785987169002,512,
rollout_common,walker2d-expert-v2,7,0,512,mart_delta4_l2,0.09448310531843163,0.043546685484108526,512,
rollout_common,walker2d-expert-v2,7,0,512,mart_cosine_delta2_delta3,-0.027446714494470465,0.49235220404480257,512,0
rollout_common,walker2d-expert-v2,7,0,512,mart_cosine_delta3_delta4,-0.1287177899276894,0.469015365021764,512,0
rollout_common,walker2d-expert-v2,7,0,512,mart_cosine_delta2_delta4,0.021604193070902524,0.4655973900025782,512,0
rollout_common,walker2d-expert-v2,7,0,512,bound_frac_mart_mu1,0.19173177083333334,0.0,1,
rollout_common,walker2d-expert-v2,7,0,512,bound_frac_mart_mu2,0.21549479166666666,0.0,1,
rollout_common,walker2d-expert-v2,7,0,512,bound_frac_mart_mu3,0.2275390625,0.0,1,
rollout_common,walker2d-expert-v2,7,0,512,bound_frac_mart_mu4,0.22330729166666666,0.0,1,
rollout_common,walker2d-expert-v2,7,0,512,mart_mu4_vs_two_deploy_rms,0.056466212327561965,0.02445988929649306,512,
rollout_common,walker2d-expert-v2,7,0,512,mart_mu1_vs_two_target_rms,0.02884738878097013,0.01682384004943449,512,
rollout_common,walker2d-expert-v2,7,0,512,two_target_vs_deploy_rms,0.052940261543301885,0.02439935547240258,512,
rollout_common,walker2d-expert-v2,7,0,512,bound_frac_two_actor_target,0.185546875,0.0,1,
rollout_common,walker2d-expert-v2,7,0,512,bound_frac_two_actor_deploy,0.1904296875,0.0,1,
dataset,walker2d-expert-v2,7,1,2048,mart_adjacent_rms_mu1_to_mu2,0.03705424955148111,0.01863570389708498,2048,
dataset,walker2d-expert-v2,7,1,2048,mart_adjacent_l2_mu1_to_mu2,0.09076400420288117,0.04564796554545416,2048,
dataset,walker2d-expert-v2,7,1,2048,mart_delta_mu2_minus_mu1_rms,0.03705424955148111,0.01863570389708498,2048,
dataset,walker2d-expert-v2,7,1,2048,mart_adjacent_rms_mu2_to_mu3,0.03606807770424133,0.019693641207261258,2048,
dataset,walker2d-expert-v2,7,1,2048,mart_adjacent_l2_mu2_to_mu3,0.08834838637844578,0.04823937213523858,2048,
dataset,walker2d-expert-v2,7,1,2048,mart_delta_mu3_minus_mu2_rms,0.03606807770424133,0.019693641207261258,2048,
dataset,walker2d-expert-v2,7,1,2048,mart_adjacent_rms_mu3_to_mu4,0.037223337306375025,0.017648079291648293,2048,
dataset,walker2d-expert-v2,7,1,2048,mart_adjacent_l2_mu3_to_mu4,0.09117818292412402,0.043228789204716705,2048,
dataset,walker2d-expert-v2,7,1,2048,mart_delta_mu4_minus_mu3_rms,0.037223337306375025,0.017648079291648293,2048,
dataset,walker2d-expert-v2,7,1,2048,mart_from_mu1_rms_mu2,0.03705424955148111,0.01863570389708498,2048,
dataset,walker2d-expert-v2,7,1,2048,mart_from_mu1_rms_mu3,0.048922759729629756,0.02454601795997268,2048,
dataset,walker2d-expert-v2,7,1,2048,mart_from_mu1_rms_mu4,0.06026474069713844,0.031265514247255315,2048,
dataset,walker2d-expert-v2,7,1,2048,mart_delta2_rms,0.03705424960708115,0.0186357039912298,2048,
dataset,walker2d-expert-v2,7,1,2048,mart_delta2_l2,0.09076400437197663,0.04564796571598654,2048,
dataset,walker2d-expert-v2,7,1,2048,mart_delta3_rms,0.03606807771620879,0.019693641153693625,2048,
dataset,walker2d-expert-v2,7,1,2048,mart_delta3_l2,0.08834838635311826,0.04823937199292693,2048,
dataset,walker2d-expert-v2,7,1,2048,mart_delta4_rms,0.03722333732116567,0.017648079235592248,2048,
dataset,walker2d-expert-v2,7,1,2048,mart_delta4_l2,0.09117818280901702,0.04322878904048472,2048,
dataset,walker2d-expert-v2,7,1,2048,mart_cosine_delta2_delta3,-0.08195226263121738,0.4744388052299426,2048,0
dataset,walker2d-expert-v2,7,1,2048,mart_cosine_delta3_delta4,-0.1039022917515645,0.5212365869868303,2048,0
dataset,walker2d-expert-v2,7,1,2048,mart_cosine_delta2_delta4,0.04610142030659829,0.48576799039767354,2048,0
dataset,walker2d-expert-v2,7,1,2048,bound_frac_mart_mu1,0.165283203125,0.0,1,
dataset,walker2d-expert-v2,7,1,2048,bound_frac_mart_mu2,0.18033854166666666,0.0,1,
dataset,walker2d-expert-v2,7,1,2048,bound_frac_mart_mu3,0.19376627604166666,0.0,1,
dataset,walker2d-expert-v2,7,1,2048,bound_frac_mart_mu4,0.20247395833333334,0.0,1,
dataset,walker2d-expert-v2,7,1,2048,mart_mu4_vs_two_deploy_rms,0.05340071267581656,0.027210000126574627,2048,
dataset,walker2d-expert-v2,7,1,2048,mart_mu1_vs_two_target_rms,0.027489487791477432,0.017579241155292333,2048,
dataset,walker2d-expert-v2,7,1,2048,two_target_vs_deploy_rms,0.05139212673158692,0.02837911612191781,2048,
dataset,walker2d-expert-v2,7,1,2048,bound_frac_two_actor_target,0.16316731770833334,0.0,1,
dataset,walker2d-expert-v2,7,1,2048,bound_frac_two_actor_deploy,0.191650390625,0.0,1,
rollout_common,walker2d-expert-v2,7,1,512,mart_adjacent_rms_mu1_to_mu2,0.042599835547579096,0.02289411043467629,512,
rollout_common,walker2d-expert-v2,7,1,512,mart_adjacent_l2_mu1_to_mu2,0.10434786021804521,0.05607888867988489,512,
rollout_common,walker2d-expert-v2,7,1,512,mart_delta_mu2_minus_mu1_rms,0.042599835547579096,0.02289411043467629,512,
rollout_common,walker2d-expert-v2,7,1,512,mart_adjacent_rms_mu2_to_mu3,0.04112390849485546,0.021723622266457954,512,
rollout_common,walker2d-expert-v2,7,1,512,mart_adjacent_l2_mu2_to_mu3,0.10073259204130247,0.05321178991778501,512,
rollout_common,walker2d-expert-v2,7,1,512,mart_delta_mu3_minus_mu2_rms,0.04112390849485546,0.021723622266457954,512,
rollout_common,walker2d-expert-v2,7,1,512,mart_adjacent_rms_mu3_to_mu4,0.04358106721472178,0.020548678024370198,512,
rollout_common,walker2d-expert-v2,7,1,512,mart_adjacent_l2_mu3_to_mu4,0.10675137712200528,0.050333776048448894,512,
rollout_common,walker2d-expert-v2,7,1,512,mart_delta_mu4_minus_mu3_rms,0.04358106721472178,0.020548678024370198,512,
rollout_common,walker2d-expert-v2,7,1,512,mart_from_mu1_rms_mu2,0.042599835547579096,0.02289411043467629,512,
rollout_common,walker2d-expert-v2,7,1,512,mart_from_mu1_rms_mu3,0.055455142090090614,0.030508437923683976,512,
rollout_common,walker2d-expert-v2,7,1,512,mart_from_mu1_rms_mu4,0.0660810261666961,0.035704790573167874,512,
rollout_common,walker2d-expert-v2,7,1,512,mart_delta2_rms,0.04259983562951675,0.022894110446141692,512,
rollout_common,walker2d-expert-v2,7,1,512,mart_delta2_l2,0.104347860499729,0.0560788887700741,512,
rollout_common,walker2d-expert-v2,7,1,512,mart_delta3_rms,0.04112390868249349,0.02172362247941999,512,
rollout_common,walker2d-expert-v2,7,1,512,mart_delta3_l2,0.10073259208729723,0.05321178982320244,512,
rollout_common,walker2d-expert-v2,7,1,512,mart_delta4_rms,0.04358106706786202,0.020548677810068302,512,
rollout_common,walker2d-expert-v2,7,1,512,mart_delta4_l2,0.10675137686848757,0.05033377566054403,512,
rollout_common,walker2d-expert-v2,7,1,512,mart_cosine_delta2_delta3,-0.14280788452785403,0.45740573560859954,512,0
rollout_common,walker2d-expert-v2,7,1,512,mart_cosine_delta3_delta4,-0.22814225775833807,0.5183523039819034,512,0
rollout_common,walker2d-expert-v2,7,1,512,mart_cosine_delta2_delta4,0.12755722559997842,0.46830991021308255,512,0
rollout_common,walker2d-expert-v2,7,1,512,bound_frac_mart_mu1,0.17643229166666666,0.0,1,
rollout_common,walker2d-expert-v2,7,1,512,bound_frac_mart_mu2,0.19108072916666666,0.0,1,
rollout_common,walker2d-expert-v2,7,1,512,bound_frac_mart_mu3,0.2080078125,0.0,1,
rollout_common,walker2d-expert-v2,7,1,512,bound_frac_mart_mu4,0.21809895833333334,0.0,1,
rollout_common,walker2d-expert-v2,7,1,512,mart_mu4_vs_two_deploy_rms,0.062019523649159206,0.032410867012314167,512,
rollout_common,walker2d-expert-v2,7,1,512,mart_mu1_vs_two_target_rms,0.030574188953452208,0.017606940208266177,512,
rollout_common,walker2d-expert-v2,7,1,512,two_target_vs_deploy_rms,0.05389590350515447,0.029541783263671444,512,
rollout_common,walker2d-expert-v2,7,1,512,bound_frac_two_actor_target,0.1806640625,0.0,1,
rollout_common,walker2d-expert-v2,7,1,512,bound_frac_two_actor_deploy,0.224609375,0.0,1,
dataset,walker2d-medium-replay-v2,10,0,2048,mart_adjacent_rms_mu1_to_mu2,0.1654339686835824,0.0945768961835031,2048,
dataset,walker2d-medium-replay-v2,10,0,2048,mart_adjacent_l2_mu1_to_mu2,0.4052288093983486,0.23166513710576037,2048,
dataset,walker2d-medium-replay-v2,10,0,2048,mart_delta_mu2_minus_mu1_rms,0.1654339686835824,0.0945768961835031,2048,
dataset,walker2d-medium-replay-v2,10,0,2048,mart_adjacent_rms_mu2_to_mu3,0.14270211153866297,0.08190147375320077,2048,
dataset,walker2d-medium-replay-v2,10,0,2048,mart_adjacent_l2_mu2_to_mu3,0.3495473584874559,0.20061681987729096,2048,
dataset,walker2d-medium-replay-v2,10,0,2048,mart_delta_mu3_minus_mu2_rms,0.14270211153866297,0.08190147375320077,2048,
dataset,walker2d-medium-replay-v2,10,0,2048,mart_adjacent_rms_mu3_to_mu4,0.13913942188467654,0.0773778504587294,2048,
dataset,walker2d-medium-replay-v2,10,0,2048,mart_adjacent_l2_mu3_to_mu4,0.3408205867232964,0.1895362510172683,2048,
dataset,walker2d-medium-replay-v2,10,0,2048,mart_delta_mu4_minus_mu3_rms,0.13913942188467654,0.0773778504587294,2048,
dataset,walker2d-medium-replay-v2,10,0,2048,mart_from_mu1_rms_mu2,0.1654339686835824,0.0945768961835031,2048,
dataset,walker2d-medium-replay-v2,10,0,2048,mart_from_mu1_rms_mu3,0.2359658570165202,0.13183930052389728,2048,
dataset,walker2d-medium-replay-v2,10,0,2048,mart_from_mu1_rms_mu4,0.2905123095365538,0.15685489134619915,2048,
dataset,walker2d-medium-replay-v2,10,0,2048,mart_delta2_rms,0.16543396865426985,0.0945768960954665,2048,
dataset,walker2d-medium-replay-v2,10,0,2048,mart_delta2_l2,0.4052288096045231,0.23166513752252663,2048,
dataset,walker2d-medium-replay-v2,10,0,2048,mart_delta3_rms,0.1427021115102889,0.08190147397344076,2048,
dataset,walker2d-medium-replay-v2,10,0,2048,mart_delta3_l2,0.34954735862356756,0.20061682016208865,2048,
dataset,walker2d-medium-replay-v2,10,0,2048,mart_delta4_rms,0.1391394216664139,0.07737785036758536,2048,
dataset,walker2d-medium-replay-v2,10,0,2048,mart_delta4_l2,0.34082058631565815,0.18953625059500884,2048,
dataset,walker2d-medium-replay-v2,10,0,2048,mart_cosine_delta2_delta3,0.1575341378323019,0.4783720009289774,2048,0
dataset,walker2d-medium-replay-v2,10,0,2048,mart_cosine_delta3_delta4,0.05137546273207513,0.49293457442899685,2048,0
dataset,walker2d-medium-replay-v2,10,0,2048,mart_cosine_delta2_delta4,0.17459586494527224,0.4601628968203417,2048,0
dataset,walker2d-medium-replay-v2,10,0,2048,bound_frac_mart_mu1,0.11482747395833333,0.0,1,
dataset,walker2d-medium-replay-v2,10,0,2048,bound_frac_mart_mu2,0.127685546875,0.0,1,
dataset,walker2d-medium-replay-v2,10,0,2048,bound_frac_mart_mu3,0.1513671875,0.0,1,
dataset,walker2d-medium-replay-v2,10,0,2048,bound_frac_mart_mu4,0.19002278645833334,0.0,1,
dataset,walker2d-medium-replay-v2,10,0,2048,mart_mu4_vs_two_deploy_rms,0.37476282667483674,0.20203610703016758,2048,
dataset,walker2d-medium-replay-v2,10,0,2048,mart_mu1_vs_two_target_rms,0.1782296393002182,0.10163578577547447,2048,
dataset,walker2d-medium-replay-v2,10,0,2048,two_target_vs_deploy_rms,0.33177690342484933,0.1976194594060292,2048,
dataset,walker2d-medium-replay-v2,10,0,2048,bound_frac_two_actor_target,0.12215169270833333,0.0,1,
dataset,walker2d-medium-replay-v2,10,0,2048,bound_frac_two_actor_deploy,0.20906575520833334,0.0,1,
rollout_common,walker2d-medium-replay-v2,10,0,512,mart_adjacent_rms_mu1_to_mu2,0.10760814389454124,0.056189199235728356,512,
rollout_common,walker2d-medium-replay-v2,10,0,512,mart_adjacent_l2_mu1_to_mu2,0.2635850447096151,0.13763486718311702,512,
rollout_common,walker2d-medium-replay-v2,10,0,512,mart_delta_mu2_minus_mu1_rms,0.10760814389454124,0.056189199235728356,512,
rollout_common,walker2d-medium-replay-v2,10,0,512,mart_adjacent_rms_mu2_to_mu3,0.10186651804204946,0.047721348639218994,512,
rollout_common,walker2d-medium-replay-v2,10,0,512,mart_adjacent_l2_mu2_to_mu3,0.24952099107703768,0.11689295400354692,512,
rollout_common,walker2d-medium-replay-v2,10,0,512,mart_delta_mu3_minus_mu2_rms,0.10186651804204946,0.047721348639218994,512,
rollout_common,walker2d-medium-replay-v2,10,0,512,mart_adjacent_rms_mu3_to_mu4,0.10798472493044964,0.05722887012943236,512,
rollout_common,walker2d-medium-replay-v2,10,0,512,mart_adjacent_l2_mu3_to_mu4,0.2645074760943993,0.14018153037311518,512,
rollout_common,walker2d-medium-replay-v2,10,0,512,mart_delta_mu4_minus_mu3_rms,0.10798472493044964,0.05722887012943236,512,
rollout_common,walker2d-medium-replay-v2,10,0,512,mart_from_mu1_rms_mu2,0.10760814389454124,0.056189199235728356,512,
rollout_common,walker2d-medium-replay-v2,10,0,512,mart_from_mu1_rms_mu3,0.1464871380650476,0.062388391008954214,512,
rollout_common,walker2d-medium-replay-v2,10,0,512,mart_from_mu1_rms_mu4,0.1837982990512842,0.08425234182371637,512,
rollout_common,walker2d-medium-replay-v2,10,0,512,mart_delta2_rms,0.10760814426794241,0.056189199873818256,512,
rollout_common,walker2d-medium-replay-v2,10,0,512,mart_delta2_l2,0.2635850453079911,0.13763486822006754,512,
rollout_common,walker2d-medium-replay-v2,10,0,512,mart_delta3_rms,0.10186651805179281,0.04772134823122412,512,
rollout_common,walker2d-medium-replay-v2,10,0,512,mart_delta3_l2,0.24952099160691432,0.11689295394010767,512,
rollout_common,walker2d-medium-replay-v2,10,0,512,mart_delta4_rms,0.10798472493934241,0.057228870540378944,512,
rollout_common,walker2d-medium-replay-v2,10,0,512,mart_delta4_l2,0.26450747624585347,0.14018153071649325,512,
rollout_common,walker2d-medium-replay-v2,10,0,512,mart_cosine_delta2_delta3,0.024022435066877984,0.5060812320566289,512,0
rollout_common,walker2d-medium-replay-v2,10,0,512,mart_cosine_delta3_delta4,-0.110786492266933,0.531902076523856,512,0
rollout_common,walker2d-medium-replay-v2,10,0,512,mart_cosine_delta2_delta4,0.09743124520203232,0.49691599565408867,512,0
rollout_common,walker2d-medium-replay-v2,10,0,512,bound_frac_mart_mu1,0.23860677083333334,0.0,1,
rollout_common,walker2d-medium-replay-v2,10,0,512,bound_frac_mart_mu2,0.22037760416666666,0.0,1,
rollout_common,walker2d-medium-replay-v2,10,0,512,bound_frac_mart_mu3,0.205078125,0.0,1,
rollout_common,walker2d-medium-replay-v2,10,0,512,bound_frac_mart_mu4,0.22688802083333334,0.0,1,
rollout_common,walker2d-medium-replay-v2,10,0,512,mart_mu4_vs_two_deploy_rms,0.2538298345254944,0.12494078331383607,512,
rollout_common,walker2d-medium-replay-v2,10,0,512,mart_mu1_vs_two_target_rms,0.11543633245305226,0.06474796183239571,512,
rollout_common,walker2d-medium-replay-v2,10,0,512,two_target_vs_deploy_rms,0.17226128492901382,0.1064472952724577,512,
rollout_common,walker2d-medium-replay-v2,10,0,512,bound_frac_two_actor_target,0.2900390625,0.0,1,
rollout_common,walker2d-medium-replay-v2,10,0,512,bound_frac_two_actor_deploy,0.2985026041666667,0.0,1,
dataset,walker2d-medium-replay-v2,10,1,2048,mart_adjacent_rms_mu1_to_mu2,0.17291248252987146,0.09676216932137073,2048,
dataset,walker2d-medium-replay-v2,10,1,2048,mart_adjacent_l2_mu1_to_mu2,0.4235473523560956,0.2370179412421467,2048,
dataset,walker2d-medium-replay-v2,10,1,2048,mart_delta_mu2_minus_mu1_rms,0.17291248252987146,0.09676216932137073,2048,
dataset,walker2d-medium-replay-v2,10,1,2048,mart_adjacent_rms_mu2_to_mu3,0.14935482864027008,0.0820211089679636,2048,
dataset,walker2d-medium-replay-v2,10,1,2048,mart_adjacent_l2_mu2_to_mu3,0.3658431207894808,0.20090986510872816,2048,
dataset,walker2d-medium-replay-v2,10,1,2048,mart_delta_mu3_minus_mu2_rms,0.14935482864027008,0.0820211089679636,2048,
dataset,walker2d-medium-replay-v2,10,1,2048,mart_adjacent_rms_mu3_to_mu4,0.13870722188800974,0.07654217864615295,2048,
dataset,walker2d-medium-replay-v2,10,1,2048,mart_adjacent_l2_mu3_to_mu4,0.3397619172646302,0.18748928148402927,2048,
dataset,walker2d-medium-replay-v2,10,1,2048,mart_delta_mu4_minus_mu3_rms,0.13870722188800974,0.07654217864615295,2048,
dataset,walker2d-medium-replay-v2,10,1,2048,mart_from_mu1_rms_mu2,0.17291248252987146,0.09676216932137073,2048,
dataset,walker2d-medium-replay-v2,10,1,2048,mart_from_mu1_rms_mu3,0.24925870546849802,0.13559563823889473,2048,
dataset,walker2d-medium-replay-v2,10,1,2048,mart_from_mu1_rms_mu4,0.30895639256782537,0.16071075184474132,2048,
dataset,walker2d-medium-replay-v2,10,1,2048,mart_delta2_rms,0.17291248264473325,0.09676216921274534,2048,
dataset,walker2d-medium-replay-v2,10,1,2048,mart_delta2_l2,0.42354735273511324,0.23701794181137784,2048,
dataset,walker2d-medium-replay-v2,10,1,2048,mart_delta3_rms,0.1493548284688586,0.08202110893551548,2048,
dataset,walker2d-medium-replay-v2,10,1,2048,mart_delta3_l2,0.3658431208696129,0.20090986534551883,2048,
dataset,walker2d-medium-replay-v2,10,1,2048,mart_delta4_rms,0.13870722208594088,0.07654217887074084,2048,
dataset,walker2d-medium-replay-v2,10,1,2048,mart_delta4_l2,0.33976191739748174,0.18748928084817731,2048,
dataset,walker2d-medium-replay-v2,10,1,2048,mart_cosine_delta2_delta3,0.19837055890040167,0.48285416747608206,2048,0
dataset,walker2d-medium-replay-v2,10,1,2048,mart_cosine_delta3_delta4,0.061132097903894636,0.4946907018511923,2048,0
dataset,walker2d-medium-replay-v2,10,1,2048,mart_cosine_delta2_delta4,0.2646556605226794,0.45179655167477434,2048,0
dataset,walker2d-medium-replay-v2,10,1,2048,bound_frac_mart_mu1,0.10709635416666667,0.0,1,
dataset,walker2d-medium-replay-v2,10,1,2048,bound_frac_mart_mu2,0.12190755208333333,0.0,1,
dataset,walker2d-medium-replay-v2,10,1,2048,bound_frac_mart_mu3,0.15055338541666666,0.0,1,
dataset,walker2d-medium-replay-v2,10,1,2048,bound_frac_mart_mu4,0.18522135416666666,0.0,1,
dataset,walker2d-medium-replay-v2,10,1,2048,mart_mu4_vs_two_deploy_rms,0.3559132501088537,0.19081521613431243,2048,
dataset,walker2d-medium-replay-v2,10,1,2048,mart_mu1_vs_two_target_rms,0.17325171584486185,0.0992558668068425,2048,
dataset,walker2d-medium-replay-v2,10,1,2048,two_target_vs_deploy_rms,0.32060030426164743,0.1800939684943239,2048,
dataset,walker2d-medium-replay-v2,10,1,2048,bound_frac_two_actor_target,0.117431640625,0.0,1,
dataset,walker2d-medium-replay-v2,10,1,2048,bound_frac_two_actor_deploy,0.20076497395833334,0.0,1,
rollout_common,walker2d-medium-replay-v2,10,1,512,mart_adjacent_rms_mu1_to_mu2,0.12191563450987906,0.06405760847366448,512,
rollout_common,walker2d-medium-replay-v2,10,1,512,mart_adjacent_l2_mu1_to_mu2,0.29863109621685163,0.15690845490346197,512,
rollout_common,walker2d-medium-replay-v2,10,1,512,mart_delta_mu2_minus_mu1_rms,0.12191563450987906,0.06405760847366448,512,
rollout_common,walker2d-medium-replay-v2,10,1,512,mart_adjacent_rms_mu2_to_mu3,0.10884188522291798,0.0632575670091222,512,
rollout_common,walker2d-medium-replay-v2,10,1,512,mart_adjacent_l2_mu2_to_mu3,0.2666070814387215,0.1549487615422644,512,
rollout_common,walker2d-medium-replay-v2,10,1,512,mart_delta_mu3_minus_mu2_rms,0.10884188522291798,0.0632575670091222,512,
rollout_common,walker2d-medium-replay-v2,10,1,512,mart_adjacent_rms_mu3_to_mu4,0.1095234715925732,0.0663717547576347,512,
rollout_common,walker2d-medium-replay-v2,10,1,512,mart_adjacent_l2_mu3_to_mu4,0.2682766202600128,0.1625769324893468,512,
rollout_common,walker2d-medium-replay-v2,10,1,512,mart_delta_mu4_minus_mu3_rms,0.1095234715925732,0.0663717547576347,512,
rollout_common,walker2d-medium-replay-v2,10,1,512,mart_from_mu1_rms_mu2,0.12191563450987906,0.06405760847366448,512,
rollout_common,walker2d-medium-replay-v2,10,1,512,mart_from_mu1_rms_mu3,0.16109403075091963,0.08188465864930379,512,
rollout_common,walker2d-medium-replay-v2,10,1,512,mart_from_mu1_rms_mu4,0.1976502092143895,0.09548451718132592,512,
rollout_common,walker2d-medium-replay-v2,10,1,512,mart_delta2_rms,0.12191563408487127,0.06405760779931548,512,
rollout_common,walker2d-medium-replay-v2,10,1,512,mart_delta2_l2,0.29863109561847523,0.15690845439271425,512,
rollout_common,walker2d-medium-replay-v2,10,1,512,mart_delta3_rms,0.10884188455383992,0.0632575658130321,512,
rollout_common,walker2d-medium-replay-v2,10,1,512,mart_delta3_l2,0.2666070803097682,0.154948757963788,512,
rollout_common,walker2d-medium-replay-v2,10,1,512,mart_delta4_rms,0.109523471308421,0.06637175386738793,512,
rollout_common,walker2d-medium-replay-v2,10,1,512,mart_delta4_l2,0.26827661960123805,0.16257693155301534,512,
rollout_common,walker2d-medium-replay-v2,10,1,512,mart_cosine_delta2_delta3,-0.013652334845233205,0.5173271331231043,512,0
rollout_common,walker2d-medium-replay-v2,10,1,512,mart_cosine_delta3_delta4,-0.0786896671212942,0.511233721368254,512,0
rollout_common,walker2d-medium-replay-v2,10,1,512,mart_cosine_delta2_delta4,0.13652711471216145,0.5047678837927114,512,0
rollout_common,walker2d-medium-replay-v2,10,1,512,bound_frac_mart_mu1,0.23600260416666666,0.0,1,
rollout_common,walker2d-medium-replay-v2,10,1,512,bound_frac_mart_mu2,0.22786458333333334,0.0,1,
rollout_common,walker2d-medium-replay-v2,10,1,512,bound_frac_mart_mu3,0.22916666666666666,0.0,1,
rollout_common,walker2d-medium-replay-v2,10,1,512,bound_frac_mart_mu4,0.22298177083333334,0.0,1,
rollout_common,walker2d-medium-replay-v2,10,1,512,mart_mu4_vs_two_deploy_rms,0.2777552603330241,0.11808402171728655,512,
rollout_common,walker2d-medium-replay-v2,10,1,512,mart_mu1_vs_two_target_rms,0.12215892729254636,0.06849300153442885,512,
rollout_common,walker2d-medium-replay-v2,10,1,512,two_target_vs_deploy_rms,0.18909588973079955,0.09717517890821516,512,
rollout_common,walker2d-medium-replay-v2,10,1,512,bound_frac_two_actor_target,0.2591145833333333,0.0,1,
rollout_common,walker2d-medium-replay-v2,10,1,512,bound_frac_two_actor_deploy,0.2591145833333333,0.0,1,
dataset,walker2d-medium-replay-v2,14,0,2048,mart_adjacent_rms_mu1_to_mu2,0.18710642296757107,0.10281945100393414,2048,
dataset,walker2d-medium-replay-v2,14,0,2048,mart_adjacent_l2_mu1_to_mu2,0.4583152638679162,0.25185519059273426,2048,
dataset,walker2d-medium-replay-v2,14,0,2048,mart_delta_mu2_minus_mu1_rms,0.18710642296757107,0.10281945100393414,2048,
dataset,walker2d-medium-replay-v2,14,0,2048,mart_adjacent_rms_mu2_to_mu3,0.16138393848076774,0.08934610190974354,2048,
dataset,walker2d-medium-replay-v2,14,0,2048,mart_adjacent_l2_mu2_to_mu3,0.395308301958592,0.21885236018557727,2048,
dataset,walker2d-medium-replay-v2,14,0,2048,mart_delta_mu3_minus_mu2_rms,0.16138393848076774,0.08934610190974354,2048,
dataset,walker2d-medium-replay-v2,14,0,2048,mart_adjacent_rms_mu3_to_mu4,0.1538505989224187,0.09123520997038076,2048,
dataset,walker2d-medium-replay-v2,14,0,2048,mart_adjacent_l2_mu3_to_mu4,0.37685546398151337,0.2234797110031172,2048,
dataset,walker2d-medium-replay-v2,14,0,2048,mart_delta_mu4_minus_mu3_rms,0.1538505989224187,0.09123520997038076,2048,
dataset,walker2d-medium-replay-v2,14,0,2048,mart_from_mu1_rms_mu2,0.18710642296757107,0.10281945100393414,2048,
dataset,walker2d-medium-replay-v2,14,0,2048,mart_from_mu1_rms_mu3,0.27115394803945436,0.14300615612557244,2048,
dataset,walker2d-medium-replay-v2,14,0,2048,mart_from_mu1_rms_mu4,0.337623692646818,0.16661767016805,2048,
dataset,walker2d-medium-replay-v2,14,0,2048,mart_delta2_rms,0.18710642288533563,0.10281945107013978,2048,
dataset,walker2d-medium-replay-v2,14,0,2048,mart_delta2_l2,0.4583152638570027,0.25185519188015243,2048,
dataset,walker2d-medium-replay-v2,14,0,2048,mart_delta3_rms,0.16138393825622188,0.08934610132452,2048,
dataset,walker2d-medium-replay-v2,14,0,2048,mart_delta3_l2,0.39530830145940854,0.21885235942176554,2048,
dataset,walker2d-medium-replay-v2,14,0,2048,mart_delta4_rms,0.15385059901791465,0.09123521038826898,2048,
dataset,walker2d-medium-replay-v2,14,0,2048,mart_delta4_l2,0.3768554640328148,0.22347971151828422,2048,
dataset,walker2d-medium-replay-v2,14,0,2048,mart_cosine_delta2_delta3,0.19949010135148512,0.48423962067673487,2048,0
dataset,walker2d-medium-replay-v2,14,0,2048,mart_cosine_delta3_delta4,0.09331935427797142,0.5096871277072049,2048,0
dataset,walker2d-medium-replay-v2,14,0,2048,mart_cosine_delta2_delta4,0.23132924179317657,0.4528251530728401,2048,0
dataset,walker2d-medium-replay-v2,14,0,2048,bound_frac_mart_mu1,0.123779296875,0.0,1,
dataset,walker2d-medium-replay-v2,14,0,2048,bound_frac_mart_mu2,0.1474609375,0.0,1,
dataset,walker2d-medium-replay-v2,14,0,2048,bound_frac_mart_mu3,0.19588216145833334,0.0,1,
dataset,walker2d-medium-replay-v2,14,0,2048,bound_frac_mart_mu4,0.23974609375,0.0,1,
dataset,walker2d-medium-replay-v2,14,0,2048,mart_mu4_vs_two_deploy_rms,0.4278639056884215,0.22292221920978533,2048,
dataset,walker2d-medium-replay-v2,14,0,2048,mart_mu1_vs_two_target_rms,0.19857460640423702,0.1131076584397286,2048,
dataset,walker2d-medium-replay-v2,14,0,2048,two_target_vs_deploy_rms,0.3510915569095293,0.18463640250108182,2048,
dataset,walker2d-medium-replay-v2,14,0,2048,bound_frac_two_actor_target,0.11979166666666667,0.0,1,
dataset,walker2d-medium-replay-v2,14,0,2048,bound_frac_two_actor_deploy,0.22981770833333334,0.0,1,
rollout_common,walker2d-medium-replay-v2,14,0,512,mart_adjacent_rms_mu1_to_mu2,0.1682303574076533,0.09022228099864932,512,
rollout_common,walker2d-medium-replay-v2,14,0,512,mart_adjacent_l2_mu1_to_mu2,0.41207853489479485,0.22099855187669312,512,
rollout_common,walker2d-medium-replay-v2,14,0,512,mart_delta_mu2_minus_mu1_rms,0.1682303574076533,0.09022228099864932,512,
rollout_common,walker2d-medium-replay-v2,14,0,512,mart_adjacent_rms_mu2_to_mu3,0.14675369469861468,0.09230889173972448,512,
rollout_common,walker2d-medium-replay-v2,14,0,512,mart_adjacent_l2_mu2_to_mu3,0.35947166987979073,0.22610968348413796,512,
rollout_common,walker2d-medium-replay-v2,14,0,512,mart_delta_mu3_minus_mu2_rms,0.14675369469861468,0.09230889173972448,512,
rollout_common,walker2d-medium-replay-v2,14,0,512,mart_adjacent_rms_mu3_to_mu4,0.16364723168479678,0.09810919230573119,512,
rollout_common,walker2d-medium-replay-v2,14,0,512,mart_adjacent_l2_mu3_to_mu4,0.4008522154467721,0.24031746022563086,512,
rollout_common,walker2d-medium-replay-v2,14,0,512,mart_delta_mu4_minus_mu3_rms,0.16364723168479678,0.09810919230573119,512,
rollout_common,walker2d-medium-replay-v2,14,0,512,mart_from_mu1_rms_mu2,0.1682303574076533,0.09022228099864932,512,
rollout_common,walker2d-medium-replay-v2,14,0,512,mart_from_mu1_rms_mu3,0.20620547596847238,0.11332947348974277,512,
rollout_common,walker2d-medium-replay-v2,14,0,512,mart_from_mu1_rms_mu4,0.2490363575521318,0.11801234659728868,512,
rollout_common,walker2d-medium-replay-v2,14,0,512,mart_delta2_rms,0.1682303573434183,0.09022228115746185,512,
rollout_common,walker2d-medium-replay-v2,14,0,512,mart_delta2_l2,0.4120785340637667,0.22099855333834448,512,
rollout_common,walker2d-medium-replay-v2,14,0,512,mart_delta3_rms,0.14675369466203847,0.09230889240960072,512,
rollout_common,walker2d-medium-replay-v2,14,0,512,mart_delta3_l2,0.3594716694424278,0.22610968270726853,512,
rollout_common,walker2d-medium-replay-v2,14,0,512,mart_delta4_rms,0.16364723162405426,0.09810919287510202,512,
rollout_common,walker2d-medium-replay-v2,14,0,512,mart_delta4_l2,0.40085221502158674,0.240317460309479,512,
rollout_common,walker2d-medium-replay-v2,14,0,512,mart_cosine_delta2_delta3,-0.1188432608655295,0.5141040729590532,512,0
rollout_common,walker2d-medium-replay-v2,14,0,512,mart_cosine_delta3_delta4,-0.12987608652820848,0.5678141467791024,512,0
rollout_common,walker2d-medium-replay-v2,14,0,512,mart_cosine_delta2_delta4,0.12151425887904786,0.5433470321957667,512,0
rollout_common,walker2d-medium-replay-v2,14,0,512,bound_frac_mart_mu1,0.3271484375,0.0,1,
rollout_common,walker2d-medium-replay-v2,14,0,512,bound_frac_mart_mu2,0.3284505208333333,0.0,1,
rollout_common,walker2d-medium-replay-v2,14,0,512,bound_frac_mart_mu3,0.3636067708333333,0.0,1,
rollout_common,walker2d-medium-replay-v2,14,0,512,bound_frac_mart_mu4,0.3323567708333333,0.0,1,
rollout_common,walker2d-medium-replay-v2,14,0,512,mart_mu4_vs_two_deploy_rms,0.3586592094501809,0.17379111420996235,512,
rollout_common,walker2d-medium-replay-v2,14,0,512,mart_mu1_vs_two_target_rms,0.17531244717134686,0.09793514486759125,512,
rollout_common,walker2d-medium-replay-v2,14,0,512,two_target_vs_deploy_rms,0.2689423828929546,0.15905477276701582,512,
rollout_common,walker2d-medium-replay-v2,14,0,512,bound_frac_two_actor_target,0.3089192708333333,0.0,1,
rollout_common,walker2d-medium-replay-v2,14,0,512,bound_frac_two_actor_deploy,0.3121744791666667,0.0,1,
dataset,walker2d-medium-replay-v2,14,1,2048,mart_adjacent_rms_mu1_to_mu2,0.1889004555751209,0.10470124237575897,2048,
dataset,walker2d-medium-replay-v2,14,1,2048,mart_adjacent_l2_mu1_to_mu2,0.462709728338328,0.256464619256077,2048,
dataset,walker2d-medium-replay-v2,14,1,2048,mart_delta_mu2_minus_mu1_rms,0.1889004555751209,0.10470124237575897,2048,
dataset,walker2d-medium-replay-v2,14,1,2048,mart_adjacent_rms_mu2_to_mu3,0.1626354640058213,0.09084387974147742,2048,
dataset,walker2d-medium-replay-v2,14,1,2048,mart_adjacent_l2_mu2_to_mu3,0.398373900895042,0.2225211516213775,2048,
dataset,walker2d-medium-replay-v2,14,1,2048,mart_delta_mu3_minus_mu2_rms,0.1626354640058213,0.09084387974147742,2048,
dataset,walker2d-medium-replay-v2,14,1,2048,mart_adjacent_rms_mu3_to_mu4,0.1567120996723934,0.09314827806654011,2048,
dataset,walker2d-medium-replay-v2,14,1,2048,mart_adjacent_l2_mu3_to_mu4,0.3838646807175427,0.22816575168190525,2048,
dataset,walker2d-medium-replay-v2,14,1,2048,mart_delta_mu4_minus_mu3_rms,0.1567120996723934,0.09314827806654011,2048,
dataset,walker2d-medium-replay-v2,14,1,2048,mart_from_mu1_rms_mu2,0.1889004555751209,0.10470124237575897,2048,
dataset,walker2d-medium-replay-v2,14,1,2048,mart_from_mu1_rms_mu3,0.271852602401897,0.14362146656052166,2048,
dataset,walker2d-medium-replay-v2,14,1,2048,mart_from_mu1_rms_mu4,0.33953434777659863,0.1721319708148073,2048,
dataset,walker2d-medium-replay-v2,14,1,2048,mart_delta2_rms,0.18890045554690005,0.10470124246897099,2048,
dataset,walker2d-medium-replay-v2,14,1,2048,mart_delta2_l2,0.4627097282645991,0.2564646195376267,2048,
dataset,walker2d-medium-replay-v2,14,1,2048,mart_delta3_rms,0.1626354637401164,0.09084387905714976,2048,
dataset,walker2d-medium-replay-v2,14,1,2048,mart_delta3_l2,0.3983738999795605,0.22252114950529214,2048,
dataset,walker2d-medium-replay-v2,14,1,2048,mart_delta4_rms,0.15671209944503062,0.09314827727464169,2048,
dataset,walker2d-medium-replay-v2,14,1,2048,mart_delta4_l2,0.3838646803910706,0.22816575114953863,2048,
dataset,walker2d-medium-replay-v2,14,1,2048,mart_cosine_delta2_delta3,0.1951934373874141,0.4881482493126292,2048,0
dataset,walker2d-medium-replay-v2,14,1,2048,mart_cosine_delta3_delta4,0.08740817527694417,0.5014954105234701,2048,0
dataset,walker2d-medium-replay-v2,14,1,2048,mart_cosine_delta2_delta4,0.23202127063832917,0.4544550331187372,2048,0
dataset,walker2d-medium-replay-v2,14,1,2048,bound_frac_mart_mu1,0.12825520833333334,0.0,1,
dataset,walker2d-medium-replay-v2,14,1,2048,bound_frac_mart_mu2,0.152587890625,0.0,1,
dataset,walker2d-medium-replay-v2,14,1,2048,bound_frac_mart_mu3,0.19547526041666666,0.0,1,
dataset,walker2d-medium-replay-v2,14,1,2048,bound_frac_mart_mu4,0.24324544270833334,0.0,1,
dataset,walker2d-medium-replay-v2,14,1,2048,mart_mu4_vs_two_deploy_rms,0.42372725638131165,0.2212972954254202,2048,
dataset,walker2d-medium-replay-v2,14,1,2048,mart_mu1_vs_two_target_rms,0.19695201010101443,0.10719780624676596,2048,
dataset,walker2d-medium-replay-v2,14,1,2048,two_target_vs_deploy_rms,0.3673303355787748,0.19951060510937219,2048,
dataset,walker2d-medium-replay-v2,14,1,2048,bound_frac_two_actor_target,0.10847981770833333,0.0,1,
dataset,walker2d-medium-replay-v2,14,1,2048,bound_frac_two_actor_deploy,0.21443684895833334,0.0,1,
rollout_common,walker2d-medium-replay-v2,14,1,512,mart_adjacent_rms_mu1_to_mu2,0.13034379196269635,0.06364893672537211,512,
rollout_common,walker2d-medium-replay-v2,14,1,512,mart_adjacent_l2_mu1_to_mu2,0.3192757814480891,0.1559074176478545,512,
rollout_common,walker2d-medium-replay-v2,14,1,512,mart_delta_mu2_minus_mu1_rms,0.13034379196269635,0.06364893672537211,512,
rollout_common,walker2d-medium-replay-v2,14,1,512,mart_adjacent_rms_mu2_to_mu3,0.12199536655447613,0.06424966384971659,512,
rollout_common,walker2d-medium-replay-v2,14,1,512,mart_adjacent_l2_mu2_to_mu3,0.29882639904226327,0.15737889257714793,512,
rollout_common,walker2d-medium-replay-v2,14,1,512,mart_delta_mu3_minus_mu2_rms,0.12199536655447613,0.06424966384971659,512,
rollout_common,walker2d-medium-replay-v2,14,1,512,mart_adjacent_rms_mu3_to_mu4,0.1266425650316921,0.06984206121566822,512,
rollout_common,walker2d-medium-replay-v2,14,1,512,mart_adjacent_l2_mu3_to_mu4,0.3102096640448814,0.17107741256261413,512,
rollout_common,walker2d-medium-replay-v2,14,1,512,mart_delta_mu4_minus_mu3_rms,0.1266425650316921,0.06984206121566822,512,
rollout_common,walker2d-medium-replay-v2,14,1,512,mart_from_mu1_rms_mu2,0.13034379196269635,0.06364893672537211,512,
rollout_common,walker2d-medium-replay-v2,14,1,512,mart_from_mu1_rms_mu3,0.16908482960506938,0.0850112875434163,512,
rollout_common,walker2d-medium-replay-v2,14,1,512,mart_from_mu1_rms_mu4,0.20298223380612002,0.09466185507419148,512,
rollout_common,walker2d-medium-replay-v2,14,1,512,mart_delta2_rms,0.130343792396161,0.06364893673078993,512,
rollout_common,walker2d-medium-replay-v2,14,1,512,mart_delta2_l2,0.3192757817960228,0.15590741829621846,512,
rollout_common,walker2d-medium-replay-v2,14,1,512,mart_delta3_rms,0.12199536658954457,0.06424966433127202,512,
rollout_common,walker2d-medium-replay-v2,14,1,512,mart_delta3_l2,0.2988263985243975,0.15737889204390754,512,
rollout_common,walker2d-medium-replay-v2,14,1,512,mart_delta4_rms,0.12664256503558136,0.0698420618117753,512,
rollout_common,walker2d-medium-replay-v2,14,1,512,mart_delta4_l2,0.310209664508875,0.1710774132234201,512,
rollout_common,walker2d-medium-replay-v2,14,1,512,mart_cosine_delta2_delta3,-0.06197467492515209,0.5273711756783281,512,0
rollout_common,walker2d-medium-replay-v2,14,1,512,mart_cosine_delta3_delta4,-0.12178650045717122,0.5194617349273986,512,0
rollout_common,walker2d-medium-replay-v2,14,1,512,mart_cosine_delta2_delta4,0.07631268382321646,0.503454851536707,512,0
rollout_common,walker2d-medium-replay-v2,14,1,512,bound_frac_mart_mu1,0.2897135416666667,0.0,1,
rollout_common,walker2d-medium-replay-v2,14,1,512,bound_frac_mart_mu2,0.2760416666666667,0.0,1,
rollout_common,walker2d-medium-replay-v2,14,1,512,bound_frac_mart_mu3,0.29296875,0.0,1,
rollout_common,walker2d-medium-replay-v2,14,1,512,bound_frac_mart_mu4,0.2916666666666667,0.0,1,
rollout_common,walker2d-medium-replay-v2,14,1,512,mart_mu4_vs_two_deploy_rms,0.32045078861129206,0.13995746780559976,512,
rollout_common,walker2d-medium-replay-v2,14,1,512,mart_mu1_vs_two_target_rms,0.15247261192206266,0.08184420169840856,512,
rollout_common,walker2d-medium-replay-v2,14,1,512,two_target_vs_deploy_rms,0.23660504189694032,0.11705979452404876,512,
rollout_common,walker2d-medium-replay-v2,14,1,512,bound_frac_two_actor_target,0.2578125,0.0,1,
rollout_common,walker2d-medium-replay-v2,14,1,512,bound_frac_two_actor_deploy,0.2662760416666667,0.0,1,
dataset,walker2d-medium-replay-v2,20,0,2048,mart_adjacent_rms_mu1_to_mu2,0.2029951590649509,0.11438973758968354,2048,
dataset,walker2d-medium-replay-v2,20,0,2048,mart_adjacent_l2_mu1_to_mu2,0.4972345599642368,0.2801964889055892,2048,
dataset,walker2d-medium-replay-v2,20,0,2048,mart_delta_mu2_minus_mu1_rms,0.2029951590649509,0.11438973758968354,2048,
dataset,walker2d-medium-replay-v2,20,0,2048,mart_adjacent_rms_mu2_to_mu3,0.17132909421247028,0.09609814947963799,2048,
dataset,walker2d-medium-replay-v2,20,0,2048,mart_adjacent_l2_mu2_to_mu3,0.4196688589137787,0.2353914314508179,2048,
dataset,walker2d-medium-replay-v2,20,0,2048,mart_delta_mu3_minus_mu2_rms,0.17132909421247028,0.09609814947963799,2048,
dataset,walker2d-medium-replay-v2,20,0,2048,mart_adjacent_rms_mu3_to_mu4,0.16278729476453532,0.09300885445680937,2048,
dataset,walker2d-medium-replay-v2,20,0,2048,mart_adjacent_l2_mu3_to_mu4,0.398745808781151,0.22782423497996804,2048,
dataset,walker2d-medium-replay-v2,20,0,2048,mart_delta_mu4_minus_mu3_rms,0.16278729476453532,0.09300885445680937,2048,
dataset,walker2d-medium-replay-v2,20,0,2048,mart_from_mu1_rms_mu2,0.2029951590649509,0.11438973758968354,2048,
dataset,walker2d-medium-replay-v2,20,0,2048,mart_from_mu1_rms_mu3,0.2892805012649717,0.15287853633362966,2048,
dataset,walker2d-medium-replay-v2,20,0,2048,mart_from_mu1_rms_mu4,0.3581184242325311,0.17874790292424148,2048,
dataset,walker2d-medium-replay-v2,20,0,2048,mart_delta2_rms,0.20299515873011842,0.11438973719753955,2048,
dataset,walker2d-medium-replay-v2,20,0,2048,mart_delta2_l2,0.4972345589667384,0.28019648756454696,2048,
dataset,walker2d-medium-replay-v2,20,0,2048,mart_delta3_rms,0.17132909421798104,0.0960981495382759,2048,
dataset,walker2d-medium-replay-v2,20,0,2048,mart_delta3_l2,0.41966885886722594,0.23539143184671904,2048,
dataset,walker2d-medium-replay-v2,20,0,2048,mart_delta4_rms,0.16278729479972753,0.09300885456014898,2048,
dataset,walker2d-medium-replay-v2,20,0,2048,mart_delta4_l2,0.39874580903688184,0.22782423577084587,2048,
dataset,walker2d-medium-replay-v2,20,0,2048,mart_cosine_delta2_delta3,0.1939939809636869,0.4845923065132711,2048,0
dataset,walker2d-medium-replay-v2,20,0,2048,mart_cosine_delta3_delta4,0.04960048478700946,0.5221530182465423,2048,0
dataset,walker2d-medium-replay-v2,20,0,2048,mart_cosine_delta2_delta4,0.25336424129874935,0.44758208841329983,2048,0
dataset,walker2d-medium-replay-v2,20,0,2048,bound_frac_mart_mu1,0.115966796875,0.0,1,
dataset,walker2d-medium-replay-v2,20,0,2048,bound_frac_mart_mu2,0.14933268229166666,0.0,1,
dataset,walker2d-medium-replay-v2,20,0,2048,bound_frac_mart_mu3,0.19401041666666666,0.0,1,
dataset,walker2d-medium-replay-v2,20,0,2048,bound_frac_mart_mu4,0.232666015625,0.0,1,
dataset,walker2d-medium-replay-v2,20,0,2048,mart_mu4_vs_two_deploy_rms,0.5021905348317318,0.265370582197002,2048,
dataset,walker2d-medium-replay-v2,20,0,2048,mart_mu1_vs_two_target_rms,0.23176539637382257,0.13513378556316993,2048,
dataset,walker2d-medium-replay-v2,20,0,2048,two_target_vs_deploy_rms,0.3908294223855382,0.21668998769976466,2048,
dataset,walker2d-medium-replay-v2,20,0,2048,bound_frac_two_actor_target,0.13411458333333334,0.0,1,
dataset,walker2d-medium-replay-v2,20,0,2048,bound_frac_two_actor_deploy,0.2833658854166667,0.0,1,
rollout_common,walker2d-medium-replay-v2,20,0,512,mart_adjacent_rms_mu1_to_mu2,0.21282062035782204,0.1759770606815135,512,
rollout_common,walker2d-medium-replay-v2,20,0,512,mart_adjacent_l2_mu1_to_mu2,0.5213019266192379,0.43105400510450015,512,
rollout_common,walker2d-medium-replay-v2,20,0,512,mart_delta_mu2_minus_mu1_rms,0.21282062035782204,0.1759770606815135,512,
rollout_common,walker2d-medium-replay-v2,20,0,512,mart_adjacent_rms_mu2_to_mu3,0.19710338527096724,0.17966674013371617,512,
rollout_common,walker2d-medium-replay-v2,20,0,512,mart_adjacent_l2_mu2_to_mu3,0.48280272048907513,0.4400918370768286,512,
rollout_common,walker2d-medium-replay-v2,20,0,512,mart_delta_mu3_minus_mu2_rms,0.19710338527096724,0.17966674013371617,512,
rollout_common,walker2d-medium-replay-v2,20,0,512,mart_adjacent_rms_mu3_to_mu4,0.21280660335121682,0.16428211654729724,512,
rollout_common,walker2d-medium-replay-v2,20,0,512,mart_adjacent_l2_mu3_to_mu4,0.5212675921053339,0.40240735940531525,512,
rollout_common,walker2d-medium-replay-v2,20,0,512,mart_delta_mu4_minus_mu3_rms,0.21280660335121682,0.16428211654729724,512,
rollout_common,walker2d-medium-replay-v2,20,0,512,mart_from_mu1_rms_mu2,0.21282062035782204,0.1759770606815135,512,
rollout_common,walker2d-medium-replay-v2,20,0,512,mart_from_mu1_rms_mu3,0.2600707638809225,0.18267421971854964,512,
rollout_common,walker2d-medium-replay-v2,20,0,512,mart_from_mu1_rms_mu4,0.3044113874592811,0.177363218940043,512,
rollout_common,walker2d-medium-replay-v2,20,0,512,mart_delta2_rms,0.212820620083221,0.17597705859065596,512,
rollout_common,walker2d-medium-replay-v2,20,0,512,mart_delta2_l2,0.5213019263537717,0.4310540040678403,512,
rollout_common,walker2d-medium-replay-v2,20,0,512,mart_delta3_rms,0.1971033849331434,0.1796667390524001,512,
rollout_common,walker2d-medium-replay-v2,20,0,512,mart_delta3_l2,0.48280272045667516,0.4400918347851155,512,
rollout_common,walker2d-medium-replay-v2,20,0,512,mart_delta4_rms,0.21280660387947137,0.1642821170333559,512,
rollout_common,walker2d-medium-replay-v2,20,0,512,mart_delta4_l2,0.5212675926122756,0.40240736133985777,512,
rollout_common,walker2d-medium-replay-v2,20,0,512,mart_cosine_delta2_delta3,-0.10041922766175013,0.5097785841286969,512,0
rollout_common,walker2d-medium-replay-v2,20,0,512,mart_cosine_delta3_delta4,-0.23764311951168288,0.5276206107783293,512,0
rollout_common,walker2d-medium-replay-v2,20,0,512,mart_cosine_delta2_delta4,0.1075704205596885,0.5124888904005358,512,0
rollout_common,walker2d-medium-replay-v2,20,0,512,bound_frac_mart_mu1,0.248046875,0.0,1,
rollout_common,walker2d-medium-replay-v2,20,0,512,bound_frac_mart_mu2,0.2633463541666667,0.0,1,
rollout_common,walker2d-medium-replay-v2,20,0,512,bound_frac_mart_mu3,0.2770182291666667,0.0,1,
rollout_common,walker2d-medium-replay-v2,20,0,512,bound_frac_mart_mu4,0.2841796875,0.0,1,
rollout_common,walker2d-medium-replay-v2,20,0,512,mart_mu4_vs_two_deploy_rms,0.452647887513326,0.22804851349181227,512,
rollout_common,walker2d-medium-replay-v2,20,0,512,mart_mu1_vs_two_target_rms,0.24004363162072773,0.18309579006099003,512,
rollout_common,walker2d-medium-replay-v2,20,0,512,two_target_vs_deploy_rms,0.3336268644112031,0.21397013516797195,512,
rollout_common,walker2d-medium-replay-v2,20,0,512,bound_frac_two_actor_target,0.2825520833333333,0.0,1,
rollout_common,walker2d-medium-replay-v2,20,0,512,bound_frac_two_actor_deploy,0.3173828125,0.0,1,
dataset,walker2d-medium-replay-v2,20,1,2048,mart_adjacent_rms_mu1_to_mu2,0.20508548925189668,0.11210934506991353,2048,
dataset,walker2d-medium-replay-v2,20,1,2048,mart_adjacent_l2_mu1_to_mu2,0.5023548023161907,0.274610690818893,2048,
dataset,walker2d-medium-replay-v2,20,1,2048,mart_delta_mu2_minus_mu1_rms,0.20508548925189668,0.11210934506991353,2048,
dataset,walker2d-medium-replay-v2,20,1,2048,mart_adjacent_rms_mu2_to_mu3,0.17485883023128101,0.09567470408060993,2048,
dataset,walker2d-medium-replay-v2,20,1,2048,mart_adjacent_l2_mu2_to_mu3,0.4283149110865879,0.23435420628926992,2048,
dataset,walker2d-medium-replay-v2,20,1,2048,mart_delta_mu3_minus_mu2_rms,0.17485883023128101,0.09567470408060993,2048,
dataset,walker2d-medium-replay-v2,20,1,2048,mart_adjacent_rms_mu3_to_mu4,0.16622865699156192,0.10013698350677633,2048,
dataset,walker2d-medium-replay-v2,20,1,2048,mart_adjacent_l2_mu3_to_mu4,0.40717539025745414,0.24528451397309692,2048,
dataset,walker2d-medium-replay-v2,20,1,2048,mart_delta_mu4_minus_mu3_rms,0.16622865699156192,0.10013698350677633,2048,
dataset,walker2d-medium-replay-v2,20,1,2048,mart_from_mu1_rms_mu2,0.20508548925189668,0.11210934506991353,2048,
dataset,walker2d-medium-replay-v2,20,1,2048,mart_from_mu1_rms_mu3,0.2922558658683001,0.1494131245711735,2048,
dataset,walker2d-medium-replay-v2,20,1,2048,mart_from_mu1_rms_mu4,0.36326305288145505,0.17310497356441243,2048,
dataset,walker2d-medium-replay-v2,20,1,2048,mart_delta2_rms,0.2050854895996963,0.11210934558816893,2048,
dataset,walker2d-medium-replay-v2,20,1,2048,mart_delta2_l2,0.5023548019953523,0.2746106909448877,2048,
dataset,walker2d-medium-replay-v2,20,1,2048,mart_delta3_rms,0.1748588303339602,0.09567470422605874,2048,
dataset,walker2d-medium-replay-v2,20,1,2048,mart_delta3_l2,0.42831491198785443,0.23435420761040765,2048,
dataset,walker2d-medium-replay-v2,20,1,2048,mart_delta4_rms,0.16622865700855982,0.100136983299496,2048,
dataset,walker2d-medium-replay-v2,20,1,2048,mart_delta4_l2,0.40717539046386264,0.2452845143158678,2048,
dataset,walker2d-medium-replay-v2,20,1,2048,mart_cosine_delta2_delta3,0.1891964756872354,0.4885317185048725,2048,0
dataset,walker2d-medium-replay-v2,20,1,2048,mart_cosine_delta3_delta4,0.04501980905247423,0.5154958736010328,2048,0
dataset,walker2d-medium-replay-v2,20,1,2048,mart_cosine_delta2_delta4,0.27478009090221617,0.44851610373983664,2048,0
dataset,walker2d-medium-replay-v2,20,1,2048,bound_frac_mart_mu1,0.11832682291666667,0.0,1,
dataset,walker2d-medium-replay-v2,20,1,2048,bound_frac_mart_mu2,0.155517578125,0.0,1,
dataset,walker2d-medium-replay-v2,20,1,2048,bound_frac_mart_mu3,0.19588216145833334,0.0,1,
dataset,walker2d-medium-replay-v2,20,1,2048,bound_frac_mart_mu4,0.231689453125,0.0,1,
dataset,walker2d-medium-replay-v2,20,1,2048,mart_mu4_vs_two_deploy_rms,0.509502238814242,0.2851062749604659,2048,
dataset,walker2d-medium-replay-v2,20,1,2048,mart_mu1_vs_two_target_rms,0.23734364024125723,0.1436523478482276,2048,
dataset,walker2d-medium-replay-v2,20,1,2048,two_target_vs_deploy_rms,0.4048463928758216,0.23919288874527,2048,
dataset,walker2d-medium-replay-v2,20,1,2048,bound_frac_two_actor_target,0.12491861979166667,0.0,1,
dataset,walker2d-medium-replay-v2,20,1,2048,bound_frac_two_actor_deploy,0.276611328125,0.0,1,
rollout_common,walker2d-medium-replay-v2,20,1,512,mart_adjacent_rms_mu1_to_mu2,0.1729601948032995,0.11767842957751262,512,
rollout_common,walker2d-medium-replay-v2,20,1,512,mart_adjacent_l2_mu1_to_mu2,0.4236642230804624,0.28825210619694974,512,
rollout_common,walker2d-medium-replay-v2,20,1,512,mart_delta_mu2_minus_mu1_rms,0.1729601948032995,0.11767842957751262,512,
rollout_common,walker2d-medium-replay-v2,20,1,512,mart_adjacent_rms_mu2_to_mu3,0.15593044728733807,0.1054575259479576,512,
rollout_common,walker2d-medium-replay-v2,20,1,512,mart_adjacent_l2_mu2_to_mu3,0.3819500312179276,0.25831712810881297,512,
rollout_common,walker2d-medium-replay-v2,20,1,512,mart_delta_mu3_minus_mu2_rms,0.15593044728733807,0.1054575259479576,512,
rollout_common,walker2d-medium-replay-v2,20,1,512,mart_adjacent_rms_mu3_to_mu4,0.1773964813083414,0.11829274768690501,512,
rollout_common,walker2d-medium-replay-v2,20,1,512,mart_adjacent_l2_mu3_to_mu4,0.43453086137061003,0.28975687210471235,512,
rollout_common,walker2d-medium-replay-v2,20,1,512,mart_delta_mu4_minus_mu3_rms,0.1773964813083414,0.11829274768690501,512,
rollout_common,walker2d-medium-replay-v2,20,1,512,mart_from_mu1_rms_mu2,0.1729601948032995,0.11767842957751262,512,
rollout_common,walker2d-medium-replay-v2,20,1,512,mart_from_mu1_rms_mu3,0.21268195455155786,0.12406139808728892,512,
rollout_common,walker2d-medium-replay-v2,20,1,512,mart_from_mu1_rms_mu4,0.2642478151917218,0.14161344221837185,512,
rollout_common,walker2d-medium-replay-v2,20,1,512,mart_delta2_rms,0.17296019456989598,0.11767843058867376,512,
rollout_common,walker2d-medium-replay-v2,20,1,512,mart_delta2_l2,0.4236642224350362,0.2882521072303942,512,
rollout_common,walker2d-medium-replay-v2,20,1,512,mart_delta3_rms,0.15593044727665983,0.10545752661555592,512,
rollout_common,walker2d-medium-replay-v2,20,1,512,mart_delta3_l2,0.38195003094369895,0.25831712903268006,512,
rollout_common,walker2d-medium-replay-v2,20,1,512,mart_delta4_rms,0.17739648180759104,0.11829274883292512,512,
rollout_common,walker2d-medium-replay-v2,20,1,512,mart_delta4_l2,0.4345308622214361,0.28975687334695704,512,
rollout_common,walker2d-medium-replay-v2,20,1,512,mart_cosine_delta2_delta3,-0.11175660503150686,0.509863768067862,512,0
rollout_common,walker2d-medium-replay-v2,20,1,512,mart_cosine_delta3_delta4,-0.2045343437663648,0.5021794710566441,512,0
rollout_common,walker2d-medium-replay-v2,20,1,512,mart_cosine_delta2_delta4,0.18373518839736439,0.5015485867885205,512,0
rollout_common,walker2d-medium-replay-v2,20,1,512,bound_frac_mart_mu1,0.2900390625,0.0,1,
rollout_common,walker2d-medium-replay-v2,20,1,512,bound_frac_mart_mu2,0.2923177083333333,0.0,1,
rollout_common,walker2d-medium-replay-v2,20,1,512,bound_frac_mart_mu3,0.3004557291666667,0.0,1,
rollout_common,walker2d-medium-replay-v2,20,1,512,bound_frac_mart_mu4,0.3089192708333333,0.0,1,
rollout_common,walker2d-medium-replay-v2,20,1,512,mart_mu4_vs_two_deploy_rms,0.38193036294693405,0.18838770887516496,512,
rollout_common,walker2d-medium-replay-v2,20,1,512,mart_mu1_vs_two_target_rms,0.19984679323849303,0.11361907175625025,512,
rollout_common,walker2d-medium-replay-v2,20,1,512,two_target_vs_deploy_rms,0.2824913201338449,0.16727291589460053,512,
rollout_common,walker2d-medium-replay-v2,20,1,512,bound_frac_two_actor_target,0.2913411458333333,0.0,1,
rollout_common,walker2d-medium-replay-v2,20,1,512,bound_frac_two_actor_deploy,0.318359375,0.0,1,
dataset,walker2d-medium-replay-v2,4,0,2048,mart_adjacent_rms_mu1_to_mu2,0.13872721664147203,0.0781667240448092,2048,
dataset,walker2d-medium-replay-v2,4,0,2048,mart_adjacent_l2_mu1_to_mu2,0.33981089420814553,0.19146858877472336,2048,
dataset,walker2d-medium-replay-v2,4,0,2048,mart_delta_mu2_minus_mu1_rms,0.13872721664147203,0.0781667240448092,2048,
dataset,walker2d-medium-replay-v2,4,0,2048,mart_adjacent_rms_mu2_to_mu3,0.11312719114710258,0.06962102680209642,2048,
dataset,walker2d-medium-replay-v2,4,0,2048,mart_adjacent_l2_mu2_to_mu3,0.27710389434469973,0.17053599103376793,2048,
dataset,walker2d-medium-replay-v2,4,0,2048,mart_delta_mu3_minus_mu2_rms,0.11312719114710258,0.06962102680209642,2048,
dataset,walker2d-medium-replay-v2,4,0,2048,mart_adjacent_rms_mu3_to_mu4,0.10653363506943224,0.060865581742892014,2048,
dataset,walker2d-medium-replay-v2,4,0,2048,mart_adjacent_l2_mu3_to_mu4,0.26095304636398053,0.14908961816774507,2048,
dataset,walker2d-medium-replay-v2,4,0,2048,mart_delta_mu4_minus_mu3_rms,0.10653363506943224,0.060865581742892014,2048,
dataset,walker2d-medium-replay-v2,4,0,2048,mart_from_mu1_rms_mu2,0.13872721664147203,0.0781667240448092,2048,
dataset,walker2d-medium-replay-v2,4,0,2048,mart_from_mu1_rms_mu3,0.18633569171339995,0.10924860656517064,2048,
dataset,walker2d-medium-replay-v2,4,0,2048,mart_from_mu1_rms_mu4,0.22931549333832071,0.12978838462579068,2048,
dataset,walker2d-medium-replay-v2,4,0,2048,mart_delta2_rms,0.1387272164697606,0.07816672419620911,2048,
dataset,walker2d-medium-replay-v2,4,0,2048,mart_delta2_l2,0.33981089426470135,0.19146858875883294,2048,
dataset,walker2d-medium-replay-v2,4,0,2048,mart_delta3_rms,0.11312719113288949,0.06962102671580689,2048,
dataset,walker2d-medium-replay-v2,4,0,2048,mart_delta3_l2,0.2771038941691586,0.17053599051997118,2048,
dataset,walker2d-medium-replay-v2,4,0,2048,mart_delta4_rms,0.10653363512483338,0.06086558151719393,2048,
dataset,walker2d-medium-replay-v2,4,0,2048,mart_delta4_l2,0.2609530464251293,0.1490896179055829,2048,
dataset,walker2d-medium-replay-v2,4,0,2048,mart_cosine_delta2_delta3,0.07340868058227908,0.4966206692439622,2048,0
dataset,walker2d-medium-replay-v2,4,0,2048,mart_cosine_delta3_delta4,0.05424751216783789,0.5030634716002674,2048,0
dataset,walker2d-medium-replay-v2,4,0,2048,mart_cosine_delta2_delta4,0.2002160401873478,0.4619157216017671,2048,0
dataset,walker2d-medium-replay-v2,4,0,2048,bound_frac_mart_mu1,0.12141927083333333,0.0,1,
dataset,walker2d-medium-replay-v2,4,0,2048,bound_frac_mart_mu2,0.11735026041666667,0.0,1,
dataset,walker2d-medium-replay-v2,4,0,2048,bound_frac_mart_mu3,0.13077799479166666,0.0,1,
dataset,walker2d-medium-replay-v2,4,0,2048,bound_frac_mart_mu4,0.13859049479166666,0.0,1,
dataset,walker2d-medium-replay-v2,4,0,2048,mart_mu4_vs_two_deploy_rms,0.31777572060147957,0.21256470506599037,2048,
dataset,walker2d-medium-replay-v2,4,0,2048,mart_mu1_vs_two_target_rms,0.1564888785056741,0.09234403263660325,2048,
dataset,walker2d-medium-replay-v2,4,0,2048,two_target_vs_deploy_rms,0.27800657588720856,0.17049856377530553,2048,
dataset,walker2d-medium-replay-v2,4,0,2048,bound_frac_two_actor_target,0.128173828125,0.0,1,
dataset,walker2d-medium-replay-v2,4,0,2048,bound_frac_two_actor_deploy,0.186767578125,0.0,1,
rollout_common,walker2d-medium-replay-v2,4,0,512,mart_adjacent_rms_mu1_to_mu2,0.11437849608526722,0.06004625892041433,512,
rollout_common,walker2d-medium-replay-v2,4,0,512,mart_adjacent_l2_mu1_to_mu2,0.280168952955828,0.14708269531805782,512,
rollout_common,walker2d-medium-replay-v2,4,0,512,mart_delta_mu2_minus_mu1_rms,0.11437849608526722,0.06004625892041433,512,
rollout_common,walker2d-medium-replay-v2,4,0,512,mart_adjacent_rms_mu2_to_mu3,0.11433445767988468,0.06676918516816825,512,
rollout_common,walker2d-medium-replay-v2,4,0,512,mart_adjacent_l2_mu2_to_mu3,0.2800610813335549,0.16355043420341886,512,
rollout_common,walker2d-medium-replay-v2,4,0,512,mart_delta_mu3_minus_mu2_rms,0.11433445767988468,0.06676918516816825,512,
rollout_common,walker2d-medium-replay-v2,4,0,512,mart_adjacent_rms_mu3_to_mu4,0.10957782230236723,0.060352420884279744,512,
rollout_common,walker2d-medium-replay-v2,4,0,512,mart_adjacent_l2_mu3_to_mu4,0.2684097517661663,0.1478326359081765,512,
rollout_common,walker2d-medium-replay-v2,4,0,512,mart_delta_mu4_minus_mu3_rms,0.10957782230236723,0.060352420884279744,512,
rollout_common,walker2d-medium-replay-v2,4,0,512,mart_from_mu1_rms_mu2,0.11437849608526722,0.06004625892041433,512,
rollout_common,walker2d-medium-replay-v2,4,0,512,mart_from_mu1_rms_mu3,0.15470516841124216,0.08204665946958135,512,
rollout_common,walker2d-medium-replay-v2,4,0,512,mart_from_mu1_rms_mu4,0.18990485240293684,0.09263754904593038,512,
rollout_common,walker2d-medium-replay-v2,4,0,512,mart_delta2_rms,0.11437849621506757,0.06004625892669099,512,
rollout_common,walker2d-medium-replay-v2,4,0,512,mart_delta2_l2,0.2801689531952434,0.1470826950710402,512,
rollout_common,walker2d-medium-replay-v2,4,0,512,mart_delta3_rms,0.11433445752663829,0.06676918451931102,512,
rollout_common,walker2d-medium-replay-v2,4,0,512,mart_delta3_l2,0.28006108131739893,0.1635504334865638,512,
rollout_common,walker2d-medium-replay-v2,4,0,512,mart_delta4_rms,0.10957782257719373,0.060352420969535386,512,
rollout_common,walker2d-medium-replay-v2,4,0,512,mart_delta4_l2,0.26840975185405114,0.1478326359008901,512,
rollout_common,walker2d-medium-replay-v2,4,0,512,mart_cosine_delta2_delta3,-0.10800240608223026,0.43668268585302283,512,0
rollout_common,walker2d-medium-replay-v2,4,0,512,mart_cosine_delta3_delta4,-0.1612017007923888,0.4527919461925468,512,0
rollout_common,walker2d-medium-replay-v2,4,0,512,mart_cosine_delta2_delta4,0.2085726682379604,0.4836700525897566,512,0
rollout_common,walker2d-medium-replay-v2,4,0,512,bound_frac_mart_mu1,0.11490885416666667,0.0,1,
rollout_common,walker2d-medium-replay-v2,4,0,512,bound_frac_mart_mu2,0.11979166666666667,0.0,1,
rollout_common,walker2d-medium-replay-v2,4,0,512,bound_frac_mart_mu3,0.15234375,0.0,1,
rollout_common,walker2d-medium-replay-v2,4,0,512,bound_frac_mart_mu4,0.14778645833333334,0.0,1,
rollout_common,walker2d-medium-replay-v2,4,0,512,mart_mu4_vs_two_deploy_rms,0.3198091254565164,0.18883042441557546,512,
rollout_common,walker2d-medium-replay-v2,4,0,512,mart_mu1_vs_two_target_rms,0.13484509796162022,0.07812106878354753,512,
rollout_common,walker2d-medium-replay-v2,4,0,512,two_target_vs_deploy_rms,0.22294598046097214,0.12151207713776958,512,
rollout_common,walker2d-medium-replay-v2,4,0,512,bound_frac_two_actor_target,0.13899739583333334,0.0,1,
rollout_common,walker2d-medium-replay-v2,4,0,512,bound_frac_two_actor_deploy,0.18391927083333334,0.0,1,
dataset,walker2d-medium-replay-v2,4,1,2048,mart_adjacent_rms_mu1_to_mu2,0.1437704213117882,0.08698392943473517,2048,
dataset,walker2d-medium-replay-v2,4,1,2048,mart_adjacent_l2_mu1_to_mu2,0.3521641723188412,0.21306624293735957,2048,
dataset,walker2d-medium-replay-v2,4,1,2048,mart_delta_mu2_minus_mu1_rms,0.1437704213117882,0.08698392943473517,2048,
dataset,walker2d-medium-replay-v2,4,1,2048,mart_adjacent_rms_mu2_to_mu3,0.11296194270076616,0.06470443761262243,2048,
dataset,walker2d-medium-replay-v2,4,1,2048,mart_adjacent_l2_mu2_to_mu3,0.27669911997038776,0.15849285624467271,2048,
dataset,walker2d-medium-replay-v2,4,1,2048,mart_delta_mu3_minus_mu2_rms,0.11296194270076616,0.06470443761262243,2048,
dataset,walker2d-medium-replay-v2,4,1,2048,mart_adjacent_rms_mu3_to_mu4,0.10705671189508104,0.06105541299091304,2048,
dataset,walker2d-medium-replay-v2,4,1,2048,mart_adjacent_l2_mu3_to_mu4,0.26223431768309485,0.1495546078626323,2048,
dataset,walker2d-medium-replay-v2,4,1,2048,mart_delta_mu4_minus_mu3_rms,0.10705671189508104,0.06105541299091304,2048,
dataset,walker2d-medium-replay-v2,4,1,2048,mart_from_mu1_rms_mu2,0.1437704213117882,0.08698392943473517,2048,
dataset,walker2d-medium-replay-v2,4,1,2048,mart_from_mu1_rms_mu3,0.19138224929107667,0.11453901864190728,2048,
dataset,walker2d-medium-replay-v2,4,1,2048,mart_from_mu1_rms_mu4,0.23622605454395426,0.13861963617985934,2048,
dataset,walker2d-medium-replay-v2,4,1,2048,mart_delta2_rms,0.14377042133673967,0.08698392924015999,2048,
dataset,walker2d-medium-replay-v2,4,1,2048,mart_delta2_l2,0.35216417231004016,0.2130662428047991,2048,
dataset,walker2d-medium-replay-v2,4,1,2048,mart_delta3_rms,0.11296194267197279,0.06470443735833709,2048,
dataset,walker2d-medium-replay-v2,4,1,2048,mart_delta3_l2,0.27669911989960383,0.158492856518501,2048,
dataset,walker2d-medium-replay-v2,4,1,2048,mart_delta4_rms,0.10705671189680288,0.061055413044720216,2048,
dataset,walker2d-medium-replay-v2,4,1,2048,mart_delta4_l2,0.2622343176853974,0.14955460774855725,2048,
dataset,walker2d-medium-replay-v2,4,1,2048,mart_cosine_delta2_delta3,0.07196599753445804,0.4909076966942789,2048,0
dataset,walker2d-medium-replay-v2,4,1,2048,mart_cosine_delta3_delta4,0.06781382425023419,0.4830962169021975,2048,0
dataset,walker2d-medium-replay-v2,4,1,2048,mart_cosine_delta2_delta4,0.1738557424612342,0.47293250694568345,2048,0
dataset,walker2d-medium-replay-v2,4,1,2048,bound_frac_mart_mu1,0.11669921875,0.0,1,
dataset,walker2d-medium-replay-v2,4,1,2048,bound_frac_mart_mu2,0.12044270833333333,0.0,1,
dataset,walker2d-medium-replay-v2,4,1,2048,bound_frac_mart_mu3,0.126220703125,0.0,1,
dataset,walker2d-medium-replay-v2,4,1,2048,bound_frac_mart_mu4,0.14070638020833334,0.0,1,
dataset,walker2d-medium-replay-v2,4,1,2048,mart_mu4_vs_two_deploy_rms,0.2508829329485511,0.13358385316005453,2048,
dataset,walker2d-medium-replay-v2,4,1,2048,mart_mu1_vs_two_target_rms,0.140826986806628,0.08095528230897721,2048,
dataset,walker2d-medium-replay-v2,4,1,2048,two_target_vs_deploy_rms,0.2567964531987389,0.14945540060959991,2048,
dataset,walker2d-medium-replay-v2,4,1,2048,bound_frac_two_actor_target,0.114501953125,0.0,1,
dataset,walker2d-medium-replay-v2,4,1,2048,bound_frac_two_actor_deploy,0.15193684895833334,0.0,1,
rollout_common,walker2d-medium-replay-v2,4,1,512,mart_adjacent_rms_mu1_to_mu2,0.10044898505516761,0.05379962883909276,512,
rollout_common,walker2d-medium-replay-v2,4,1,512,mart_adjacent_l2_mu1_to_mu2,0.24604875856561384,0.1317816390068998,512,
rollout_common,walker2d-medium-replay-v2,4,1,512,mart_delta_mu2_minus_mu1_rms,0.10044898505516761,0.05379962883909276,512,
rollout_common,walker2d-medium-replay-v2,4,1,512,mart_adjacent_rms_mu2_to_mu3,0.0810069339553384,0.04582671319321339,512,
rollout_common,walker2d-medium-replay-v2,4,1,512,mart_adjacent_l2_mu2_to_mu3,0.19842565381791571,0.11225206391224274,512,
rollout_common,walker2d-medium-replay-v2,4,1,512,mart_delta_mu3_minus_mu2_rms,0.0810069339553384,0.04582671319321339,512,
rollout_common,walker2d-medium-replay-v2,4,1,512,mart_adjacent_rms_mu3_to_mu4,0.07836152094036694,0.04096139654932668,512,
rollout_common,walker2d-medium-replay-v2,4,1,512,mart_adjacent_l2_mu3_to_mu4,0.19194574177231807,0.10033452069764998,512,
rollout_common,walker2d-medium-replay-v2,4,1,512,mart_delta_mu4_minus_mu3_rms,0.07836152094036694,0.04096139654932668,512,
rollout_common,walker2d-medium-replay-v2,4,1,512,mart_from_mu1_rms_mu2,0.10044898505516761,0.05379962883909276,512,
rollout_common,walker2d-medium-replay-v2,4,1,512,mart_from_mu1_rms_mu3,0.11977878108294993,0.05926903652462153,512,
rollout_common,walker2d-medium-replay-v2,4,1,512,mart_from_mu1_rms_mu4,0.13911569117365633,0.06361251857410752,512,
rollout_common,walker2d-medium-replay-v2,4,1,512,mart_delta2_rms,0.1004489847127843,0.053799628091509955,512,
rollout_common,walker2d-medium-replay-v2,4,1,512,mart_delta2_l2,0.24604875780642033,0.13178163763485434,512,
rollout_common,walker2d-medium-replay-v2,4,1,512,mart_delta3_rms,0.08100693376945856,0.045826712958755705,512,
rollout_common,walker2d-medium-replay-v2,4,1,512,mart_delta3_l2,0.19842565381986788,0.11225206366216244,512,
rollout_common,walker2d-medium-replay-v2,4,1,512,mart_delta4_rms,0.07836152096297155,0.04096139687216012,512,
rollout_common,walker2d-medium-replay-v2,4,1,512,mart_delta4_l2,0.19194574195898895,0.10033452007443848,512,
rollout_common,walker2d-medium-replay-v2,4,1,512,mart_cosine_delta2_delta3,-0.09260720398883496,0.5306644874629501,512,0
rollout_common,walker2d-medium-replay-v2,4,1,512,mart_cosine_delta3_delta4,-0.07637859745559356,0.505594924629828,512,0
rollout_common,walker2d-medium-replay-v2,4,1,512,mart_cosine_delta2_delta4,0.008363342124670565,0.48056013557602073,512,0
rollout_common,walker2d-medium-replay-v2,4,1,512,bound_frac_mart_mu1,0.23046875,0.0,1,
rollout_common,walker2d-medium-replay-v2,4,1,512,bound_frac_mart_mu2,0.23404947916666666,0.0,1,
rollout_common,walker2d-medium-replay-v2,4,1,512,bound_frac_mart_mu3,0.23828125,0.0,1,
rollout_common,walker2d-medium-replay-v2,4,1,512,bound_frac_mart_mu4,0.251953125,0.0,1,
rollout_common,walker2d-medium-replay-v2,4,1,512,mart_mu4_vs_two_deploy_rms,0.19299679080180893,0.09105547102892052,512,
rollout_common,walker2d-medium-replay-v2,4,1,512,mart_mu1_vs_two_target_rms,0.1065073365961203,0.05815067717918024,512,
rollout_common,walker2d-medium-replay-v2,4,1,512,two_target_vs_deploy_rms,0.16234357081205006,0.07944705294491418,512,
rollout_common,walker2d-medium-replay-v2,4,1,512,bound_frac_two_actor_target,0.216796875,0.0,1,
rollout_common,walker2d-medium-replay-v2,4,1,512,bound_frac_two_actor_deploy,0.21158854166666666,0.0,1,
dataset,walker2d-medium-replay-v2,7,0,2048,mart_adjacent_rms_mu1_to_mu2,0.1545432820141675,0.08823749910545566,2048,
dataset,walker2d-medium-replay-v2,7,0,2048,mart_adjacent_l2_mu1_to_mu2,0.3785521841097512,0.21613684898765348,2048,
dataset,walker2d-medium-replay-v2,7,0,2048,mart_delta_mu2_minus_mu1_rms,0.1545432820141675,0.08823749910545566,2048,
dataset,walker2d-medium-replay-v2,7,0,2048,mart_adjacent_rms_mu2_to_mu3,0.13273627821547798,0.07570356672611901,2048,
dataset,walker2d-medium-replay-v2,7,0,2048,mart_adjacent_l2_mu2_to_mu3,0.3251361519840275,0.1854351101877304,2048,
dataset,walker2d-medium-replay-v2,7,0,2048,mart_delta_mu3_minus_mu2_rms,0.13273627821547798,0.07570356672611901,2048,
dataset,walker2d-medium-replay-v2,7,0,2048,mart_adjacent_rms_mu3_to_mu4,0.12233458111667003,0.07208029924807688,2048,
dataset,walker2d-medium-replay-v2,7,0,2048,mart_adjacent_l2_mu3_to_mu4,0.2996573016329599,0.17655995366490634,2048,
dataset,walker2d-medium-replay-v2,7,0,2048,mart_delta_mu4_minus_mu3_rms,0.12233458111667003,0.07208029924807688,2048,
dataset,walker2d-medium-replay-v2,7,0,2048,mart_from_mu1_rms_mu2,0.1545432820141675,0.08823749910545566,2048,
dataset,walker2d-medium-replay-v2,7,0,2048,mart_from_mu1_rms_mu3,0.2163742184064181,0.12017154826709664,2048,
dataset,walker2d-medium-replay-v2,7,0,2048,mart_from_mu1_rms_mu4,0.26672935032023337,0.1443227213256077,2048,
dataset,walker2d-medium-replay-v2,7,0,2048,mart_delta2_rms,0.15454328194482514,0.08823749935886827,2048,
dataset,walker2d-medium-replay-v2,7,0,2048,mart_delta2_l2,0.37855218365075416,0.21613684912670844,2048,
dataset,walker2d-medium-replay-v2,7,0,2048,mart_delta3_rms,0.1327362783990793,0.07570356690790177,2048,
dataset,walker2d-medium-replay-v2,7,0,2048,mart_delta3_l2,0.3251361524889944,0.18543511114319075,2048,
dataset,walker2d-medium-replay-v2,7,0,2048,mart_delta4_rms,0.12233458111575146,0.07208029916057768,2048,
dataset,walker2d-medium-replay-v2,7,0,2048,mart_delta4_l2,0.2996573019272546,0.17655995415897807,2048,
dataset,walker2d-medium-replay-v2,7,0,2048,mart_cosine_delta2_delta3,0.1415453253305065,0.49021473858126874,2048,0
dataset,walker2d-medium-replay-v2,7,0,2048,mart_cosine_delta3_delta4,0.07930790120674608,0.5031823937711406,2048,0
dataset,walker2d-medium-replay-v2,7,0,2048,mart_cosine_delta2_delta4,0.20105544834869385,0.4605671632459654,2048,0
dataset,walker2d-medium-replay-v2,7,0,2048,bound_frac_mart_mu1,0.12312825520833333,0.0,1,
dataset,walker2d-medium-replay-v2,7,0,2048,bound_frac_mart_mu2,0.126708984375,0.0,1,
dataset,walker2d-medium-replay-v2,7,0,2048,bound_frac_mart_mu3,0.14640299479166666,0.0,1,
dataset,walker2d-medium-replay-v2,7,0,2048,bound_frac_mart_mu4,0.17008463541666666,0.0,1,
dataset,walker2d-medium-replay-v2,7,0,2048,mart_mu4_vs_two_deploy_rms,0.3350088885291619,0.19690220190559757,2048,
dataset,walker2d-medium-replay-v2,7,0,2048,mart_mu1_vs_two_target_rms,0.1617094063137923,0.09442608264627896,2048,
dataset,walker2d-medium-replay-v2,7,0,2048,two_target_vs_deploy_rms,0.3054127682874108,0.18753404741217783,2048,
dataset,walker2d-medium-replay-v2,7,0,2048,bound_frac_two_actor_target,0.11409505208333333,0.0,1,
dataset,walker2d-medium-replay-v2,7,0,2048,bound_frac_two_actor_deploy,0.17569986979166666,0.0,1,
rollout_common,walker2d-medium-replay-v2,7,0,512,mart_adjacent_rms_mu1_to_mu2,0.10306607564710957,0.05447611962569628,512,
rollout_common,walker2d-medium-replay-v2,7,0,512,mart_adjacent_l2_mu1_to_mu2,0.25245929512651,0.13343869624977242,512,
rollout_common,walker2d-medium-replay-v2,7,0,512,mart_delta_mu2_minus_mu1_rms,0.10306607564710957,0.05447611962569628,512,
rollout_common,walker2d-medium-replay-v2,7,0,512,mart_adjacent_rms_mu2_to_mu3,0.08843636853893821,0.04677031519659034,512,
rollout_common,walker2d-medium-replay-v2,7,0,512,mart_adjacent_l2_mu2_to_mu3,0.21662397762512212,0.11456340734078423,512,
rollout_common,walker2d-medium-replay-v2,7,0,512,mart_delta_mu3_minus_mu2_rms,0.08843636853893821,0.04677031519659034,512,
rollout_common,walker2d-medium-replay-v2,7,0,512,mart_adjacent_rms_mu3_to_mu4,0.07982526066555998,0.04345021593502798,512,
rollout_common,walker2d-medium-replay-v2,7,0,512,mart_adjacent_l2_mu3_to_mu4,0.19553115721528266,0.10643085825456523,512,
rollout_common,walker2d-medium-replay-v2,7,0,512,mart_delta_mu4_minus_mu3_rms,0.07982526066555998,0.04345021593502798,512,
rollout_common,walker2d-medium-replay-v2,7,0,512,mart_from_mu1_rms_mu2,0.10306607564710957,0.05447611962569628,512,
rollout_common,walker2d-medium-replay-v2,7,0,512,mart_from_mu1_rms_mu3,0.1218837318500938,0.0654017995053276,512,
rollout_common,walker2d-medium-replay-v2,7,0,512,mart_from_mu1_rms_mu4,0.14028937936326422,0.06796005957892934,512,
rollout_common,walker2d-medium-replay-v2,7,0,512,mart_delta2_rms,0.10306607561506098,0.05447611979902134,512,
rollout_common,walker2d-medium-replay-v2,7,0,512,mart_delta2_l2,0.2524592958689027,0.13343869755230356,512,
rollout_common,walker2d-medium-replay-v2,7,0,512,mart_delta3_rms,0.08843636836172664,0.04677031488473557,512,
rollout_common,walker2d-medium-replay-v2,7,0,512,mart_delta3_l2,0.21662397726686322,0.11456340633377823,512,
rollout_common,walker2d-medium-replay-v2,7,0,512,mart_delta4_rms,0.07982526067826257,0.04345021636074945,512,
rollout_common,walker2d-medium-replay-v2,7,0,512,mart_delta4_l2,0.19553115688177058,0.10643085870283955,512,
rollout_common,walker2d-medium-replay-v2,7,0,512,mart_cosine_delta2_delta3,-0.13967658628476387,0.5478160560407758,512,0
rollout_common,walker2d-medium-replay-v2,7,0,512,mart_cosine_delta3_delta4,-0.1190921460169279,0.5241018811743601,512,0
rollout_common,walker2d-medium-replay-v2,7,0,512,mart_cosine_delta2_delta4,0.032650735751170876,0.5102232924331507,512,0
rollout_common,walker2d-medium-replay-v2,7,0,512,bound_frac_mart_mu1,0.26953125,0.0,1,
rollout_common,walker2d-medium-replay-v2,7,0,512,bound_frac_mart_mu2,0.2766927083333333,0.0,1,
rollout_common,walker2d-medium-replay-v2,7,0,512,bound_frac_mart_mu3,0.2613932291666667,0.0,1,
rollout_common,walker2d-medium-replay-v2,7,0,512,bound_frac_mart_mu4,0.2639973958333333,0.0,1,
rollout_common,walker2d-medium-replay-v2,7,0,512,mart_mu4_vs_two_deploy_rms,0.2060484186370185,0.0959192062195147,512,
rollout_common,walker2d-medium-replay-v2,7,0,512,mart_mu1_vs_two_target_rms,0.10699733283971583,0.05789177539459131,512,
rollout_common,walker2d-medium-replay-v2,7,0,512,two_target_vs_deploy_rms,0.16841180662646263,0.089866122417298,512,
rollout_common,walker2d-medium-replay-v2,7,0,512,bound_frac_two_actor_target,0.2503255208333333,0.0,1,
rollout_common,walker2d-medium-replay-v2,7,0,512,bound_frac_two_actor_deploy,0.2431640625,0.0,1,
dataset,walker2d-medium-replay-v2,7,1,2048,mart_adjacent_rms_mu1_to_mu2,0.15547801590411278,0.0869718705766408,2048,
dataset,walker2d-medium-replay-v2,7,1,2048,mart_adjacent_l2_mu1_to_mu2,0.380841805185404,0.2130367048881477,2048,
dataset,walker2d-medium-replay-v2,7,1,2048,mart_delta_mu2_minus_mu1_rms,0.15547801590411278,0.0869718705766408,2048,
dataset,walker2d-medium-replay-v2,7,1,2048,mart_adjacent_rms_mu2_to_mu3,0.13154695395603277,0.07492440770901924,2048,
dataset,walker2d-medium-replay-v2,7,1,2048,mart_adjacent_l2_mu2_to_mu3,0.3222229144096733,0.18352656816734753,2048,
dataset,walker2d-medium-replay-v2,7,1,2048,mart_delta_mu3_minus_mu2_rms,0.13154695395603277,0.07492440770901924,2048,
dataset,walker2d-medium-replay-v2,7,1,2048,mart_adjacent_rms_mu3_to_mu4,0.12727849797321808,0.07303359011253582,2048,
dataset,walker2d-medium-replay-v2,7,1,2048,mart_adjacent_l2_mu3_to_mu4,0.3117673752622472,0.17889502985928743,2048,
dataset,walker2d-medium-replay-v2,7,1,2048,mart_delta_mu4_minus_mu3_rms,0.12727849797321808,0.07303359011253582,2048,
dataset,walker2d-medium-replay-v2,7,1,2048,mart_from_mu1_rms_mu2,0.15547801590411278,0.0869718705766408,2048,
dataset,walker2d-medium-replay-v2,7,1,2048,mart_from_mu1_rms_mu3,0.21935853926825605,0.12199388348810918,2048,
dataset,walker2d-medium-replay-v2,7,1,2048,mart_from_mu1_rms_mu4,0.2723769066815609,0.14940711507057286,2048,
dataset,walker2d-medium-replay-v2,7,1,2048,mart_delta2_rms,0.15547801608681766,0.0869718705785719,2048,
dataset,walker2d-medium-replay-v2,7,1,2048,mart_delta2_l2,0.3808418053431524,0.21303670472588787,2048,
dataset,walker2d-medium-replay-v2,7,1,2048,mart_delta3_rms,0.1315469543837935,0.07492440827210496,2048,
dataset,walker2d-medium-replay-v2,7,1,2048,mart_delta3_l2,0.3222229147950202,0.18352656877648932,2048,
dataset,walker2d-medium-replay-v2,7,1,2048,mart_delta4_rms,0.12727849804241487,0.07303359001002524,2048,
dataset,walker2d-medium-replay-v2,7,1,2048,mart_delta4_l2,0.3117673746719447,0.17889502873164176,2048,
dataset,walker2d-medium-replay-v2,7,1,2048,mart_cosine_delta2_delta3,0.1494656669128756,0.4892602479515525,2048,0
dataset,walker2d-medium-replay-v2,7,1,2048,mart_cosine_delta3_delta4,0.05890231465361991,0.5006099160150718,2048,0
dataset,walker2d-medium-replay-v2,7,1,2048,mart_cosine_delta2_delta4,0.1929754096243573,0.46302568397620486,2048,0
dataset,walker2d-medium-replay-v2,7,1,2048,bound_frac_mart_mu1,0.11710611979166667,0.0,1,
dataset,walker2d-medium-replay-v2,7,1,2048,bound_frac_mart_mu2,0.126220703125,0.0,1,
dataset,walker2d-medium-replay-v2,7,1,2048,bound_frac_mart_mu3,0.14542643229166666,0.0,1,
dataset,walker2d-medium-replay-v2,7,1,2048,bound_frac_mart_mu4,0.17244466145833334,0.0,1,
dataset,walker2d-medium-replay-v2,7,1,2048,mart_mu4_vs_two_deploy_rms,0.3078480608531215,0.16907776127265334,2048,
dataset,walker2d-medium-replay-v2,7,1,2048,mart_mu1_vs_two_target_rms,0.15702325275000312,0.09188923950229742,2048,
dataset,walker2d-medium-replay-v2,7,1,2048,two_target_vs_deploy_rms,0.29376332965485213,0.17297713241662166,2048,
dataset,walker2d-medium-replay-v2,7,1,2048,bound_frac_two_actor_target,0.11515299479166667,0.0,1,
dataset,walker2d-medium-replay-v2,7,1,2048,bound_frac_two_actor_deploy,0.18131510416666666,0.0,1,
rollout_common,walker2d-medium-replay-v2,7,1,512,mart_adjacent_rms_mu1_to_mu2,0.10281180528319361,0.047872982033230815,512,
rollout_common,walker2d-medium-replay-v2,7,1,512,mart_adjacent_l2_mu1_to_mu2,0.25183646247820407,0.11726437844684226,512,
rollout_common,walker2d-medium-replay-v2,7,1,512,mart_delta_mu2_minus_mu1_rms,0.10281180528319361,0.047872982033230815,512,
rollout_common,walker2d-medium-replay-v2,7,1,512,mart_adjacent_rms_mu2_to_mu3,0.09001356866983518,0.04722593354265222,512,
rollout_common,walker2d-medium-replay-v2,7,1,512,mart_adjacent_l2_mu2_to_mu3,0.22048731316807052,0.11567943980608665,512,
rollout_common,walker2d-medium-replay-v2,7,1,512,mart_delta_mu3_minus_mu2_rms,0.09001356866983518,0.04722593354265222,512,
rollout_common,walker2d-medium-replay-v2,7,1,512,mart_adjacent_rms_mu3_to_mu4,0.09536528421310521,0.044650467959638916,512,
rollout_common,walker2d-medium-replay-v2,7,1,512,mart_adjacent_l2_mu3_to_mu4,0.23359628549760375,0.10937086327760447,512,
rollout_common,walker2d-medium-replay-v2,7,1,512,mart_delta_mu4_minus_mu3_rms,0.09536528421310521,0.044650467959638916,512,
rollout_common,walker2d-medium-replay-v2,7,1,512,mart_from_mu1_rms_mu2,0.10281180528319361,0.047872982033230815,512,
rollout_common,walker2d-medium-replay-v2,7,1,512,mart_from_mu1_rms_mu3,0.12947614281101516,0.05834066734567994,512,
rollout_common,walker2d-medium-replay-v2,7,1,512,mart_from_mu1_rms_mu4,0.15369056179482096,0.06889011978994268,512,
rollout_common,walker2d-medium-replay-v2,7,1,512,mart_delta2_rms,0.10281180520541966,0.047872982268583504,512,
rollout_common,walker2d-medium-replay-v2,7,1,512,mart_delta2_l2,0.25183646252116887,0.1172643792534589,512,
rollout_common,walker2d-medium-replay-v2,7,1,512,mart_delta3_rms,0.09001356857152132,0.04722593326727659,512,
rollout_common,walker2d-medium-replay-v2,7,1,512,mart_delta3_l2,0.2204873128575855,0.1156794391529579,512,
rollout_common,walker2d-medium-replay-v2,7,1,512,mart_delta4_rms,0.09536528392345645,0.044650467830593836,512,
rollout_common,walker2d-medium-replay-v2,7,1,512,mart_delta4_l2,0.23359628535763477,0.1093708636521268,512,
rollout_common,walker2d-medium-replay-v2,7,1,512,mart_cosine_delta2_delta3,-0.06208352084066551,0.5168540787792156,512,0
rollout_common,walker2d-medium-replay-v2,7,1,512,mart_cosine_delta3_delta4,-0.14568055200293362,0.5151970797567256,512,0
rollout_common,walker2d-medium-replay-v2,7,1,512,mart_cosine_delta2_delta4,0.04685474858871948,0.5144425224044716,512,0
rollout_common,walker2d-medium-replay-v2,7,1,512,bound_frac_mart_mu1,0.23404947916666666,0.0,1,
rollout_common,walker2d-medium-replay-v2,7,1,512,bound_frac_mart_mu2,0.234375,0.0,1,
rollout_common,walker2d-medium-replay-v2,7,1,512,bound_frac_mart_mu3,0.23763020833333334,0.0,1,
rollout_common,walker2d-medium-replay-v2,7,1,512,bound_frac_mart_mu4,0.2568359375,0.0,1,
rollout_common,walker2d-medium-replay-v2,7,1,512,mart_mu4_vs_two_deploy_rms,0.22247525748341895,0.0776200858525822,512,
rollout_common,walker2d-medium-replay-v2,7,1,512,mart_mu1_vs_two_target_rms,0.1162758778746084,0.05042661768074039,512,
rollout_common,walker2d-medium-replay-v2,7,1,512,two_target_vs_deploy_rms,0.18190311519906477,0.07828087077175662,512,
rollout_common,walker2d-medium-replay-v2,7,1,512,bound_frac_two_actor_target,0.19563802083333334,0.0,1,
rollout_common,walker2d-medium-replay-v2,7,1,512,bound_frac_two_actor_deploy,0.162109375,0.0,1,
dataset,walker2d-medium-v2,10,0,2048,mart_adjacent_rms_mu1_to_mu2,0.07370511196599738,0.050454334970079034,2048,
dataset,walker2d-medium-v2,10,0,2048,mart_adjacent_l2_mu1_to_mu2,0.1805399157513963,0.12358737598815521,2048,
dataset,walker2d-medium-v2,10,0,2048,mart_delta_mu2_minus_mu1_rms,0.07370511196599738,0.050454334970079034,2048,
dataset,walker2d-medium-v2,10,0,2048,mart_adjacent_rms_mu2_to_mu3,0.07010026320412097,0.04445199978613291,2048,
dataset,walker2d-medium-v2,10,0,2048,mart_adjacent_l2_mu2_to_mu3,0.17170987568489537,0.10888471752233259,2048,
dataset,walker2d-medium-v2,10,0,2048,mart_delta_mu3_minus_mu2_rms,0.07010026320412097,0.04445199978613291,2048,
dataset,walker2d-medium-v2,10,0,2048,mart_adjacent_rms_mu3_to_mu4,0.06978044002350797,0.04583973086335254,2048,
dataset,walker2d-medium-v2,10,0,2048,mart_adjacent_l2_mu3_to_mu4,0.17092647208447956,0.11228395056172352,2048,
dataset,walker2d-medium-v2,10,0,2048,mart_delta_mu4_minus_mu3_rms,0.06978044002350797,0.04583973086335254,2048,
dataset,walker2d-medium-v2,10,0,2048,mart_from_mu1_rms_mu2,0.07370511196599738,0.050454334970079034,2048,
dataset,walker2d-medium-v2,10,0,2048,mart_from_mu1_rms_mu3,0.11285848218019012,0.0746371931532107,2048,
dataset,walker2d-medium-v2,10,0,2048,mart_from_mu1_rms_mu4,0.1416052291084107,0.09755010592255059,2048,
dataset,walker2d-medium-v2,10,0,2048,mart_delta2_rms,0.07370511196540974,0.0504543348518316,2048,
dataset,walker2d-medium-v2,10,0,2048,mart_delta2_l2,0.18053991574697648,0.12358737577216425,2048,
dataset,walker2d-medium-v2,10,0,2048,mart_delta3_rms,0.0701002631215033,0.04445199951053421,2048,
dataset,walker2d-medium-v2,10,0,2048,mart_delta3_l2,0.17170987554800377,0.10888471681856646,2048,
dataset,walker2d-medium-v2,10,0,2048,mart_delta4_rms,0.06978044008451434,0.045839730652434775,2048,
dataset,walker2d-medium-v2,10,0,2048,mart_delta4_l2,0.17092647219396895,0.11228395068781705,2048,
dataset,walker2d-medium-v2,10,0,2048,mart_cosine_delta2_delta3,0.21300939187567164,0.47959023626083724,2048,0
dataset,walker2d-medium-v2,10,0,2048,mart_cosine_delta3_delta4,0.02934471124342781,0.503781993026684,2048,0
dataset,walker2d-medium-v2,10,0,2048,mart_cosine_delta2_delta4,0.16414183145168554,0.48107076922387443,2048,0
dataset,walker2d-medium-v2,10,0,2048,bound_frac_mart_mu1,0.18009440104166666,0.0,1,
dataset,walker2d-medium-v2,10,0,2048,bound_frac_mart_mu2,0.19091796875,0.0,1,
dataset,walker2d-medium-v2,10,0,2048,bound_frac_mart_mu3,0.203857421875,0.0,1,
dataset,walker2d-medium-v2,10,0,2048,bound_frac_mart_mu4,0.21468098958333334,0.0,1,
dataset,walker2d-medium-v2,10,0,2048,mart_mu4_vs_two_deploy_rms,0.17541026550364328,0.1338590427688527,2048,
dataset,walker2d-medium-v2,10,0,2048,mart_mu1_vs_two_target_rms,0.06656753426479624,0.046758972231442965,2048,
dataset,walker2d-medium-v2,10,0,2048,two_target_vs_deploy_rms,0.14844303939471773,0.1332631862288045,2048,
dataset,walker2d-medium-v2,10,0,2048,bound_frac_two_actor_target,0.18172200520833334,0.0,1,
dataset,walker2d-medium-v2,10,0,2048,bound_frac_two_actor_deploy,0.2197265625,0.0,1,
rollout_common,walker2d-medium-v2,10,0,512,mart_adjacent_rms_mu1_to_mu2,0.07605244554146211,0.035561384587926584,512,
rollout_common,walker2d-medium-v2,10,0,512,mart_adjacent_l2_mu1_to_mu2,0.18628968526738768,0.08710724678729397,512,
rollout_common,walker2d-medium-v2,10,0,512,mart_delta_mu2_minus_mu1_rms,0.07605244554146211,0.035561384587926584,512,
rollout_common,walker2d-medium-v2,10,0,512,mart_adjacent_rms_mu2_to_mu3,0.07373451163860638,0.04030205162616985,512,
rollout_common,walker2d-medium-v2,10,0,512,mart_adjacent_l2_mu2_to_mu3,0.18061192994789319,0.09871946207142115,512,
rollout_common,walker2d-medium-v2,10,0,512,mart_delta_mu3_minus_mu2_rms,0.07373451163860638,0.04030205162616985,512,
rollout_common,walker2d-medium-v2,10,0,512,mart_adjacent_rms_mu3_to_mu4,0.07547895491258858,0.0438296735302821,512,
rollout_common,walker2d-medium-v2,10,0,512,mart_adjacent_l2_mu3_to_mu4,0.18488492585437966,0.10736033574196138,512,
rollout_common,walker2d-medium-v2,10,0,512,mart_delta_mu4_minus_mu3_rms,0.07547895491258858,0.0438296735302821,512,
rollout_common,walker2d-medium-v2,10,0,512,mart_from_mu1_rms_mu2,0.07605244554146211,0.035561384587926584,512,
rollout_common,walker2d-medium-v2,10,0,512,mart_from_mu1_rms_mu3,0.11142227021137853,0.05087107871891215,512,
rollout_common,walker2d-medium-v2,10,0,512,mart_from_mu1_rms_mu4,0.1315295340201645,0.06403872742706952,512,
rollout_common,walker2d-medium-v2,10,0,512,mart_delta2_rms,0.07605244558862978,0.03556138456244176,512,
rollout_common,walker2d-medium-v2,10,0,512,mart_delta2_l2,0.1862896853708662,0.08710724646669905,512,
rollout_common,walker2d-medium-v2,10,0,512,mart_delta3_rms,0.07373451159310207,0.04030205127389952,512,
rollout_common,walker2d-medium-v2,10,0,512,mart_delta3_l2,0.18061192997265607,0.09871946179495425,512,
rollout_common,walker2d-medium-v2,10,0,512,mart_delta4_rms,0.07547895465359034,0.04382967297839566,512,
rollout_common,walker2d-medium-v2,10,0,512,mart_delta4_l2,0.18488492543110624,0.107360334678006,512,
rollout_common,walker2d-medium-v2,10,0,512,mart_cosine_delta2_delta3,0.13144869063479983,0.49499175308100096,512,0
rollout_common,walker2d-medium-v2,10,0,512,mart_cosine_delta3_delta4,-0.08642346193805842,0.4955626261584911,512,0
rollout_common,walker2d-medium-v2,10,0,512,mart_cosine_delta2_delta4,0.045152252014425014,0.4820115419959934,512,0
rollout_common,walker2d-medium-v2,10,0,512,bound_frac_mart_mu1,0.2353515625,0.0,1,
rollout_common,walker2d-medium-v2,10,0,512,bound_frac_mart_mu2,0.24381510416666666,0.0,1,
rollout_common,walker2d-medium-v2,10,0,512,bound_frac_mart_mu3,0.25390625,0.0,1,
rollout_common,walker2d-medium-v2,10,0,512,bound_frac_mart_mu4,0.24869791666666666,0.0,1,
rollout_common,walker2d-medium-v2,10,0,512,mart_mu4_vs_two_deploy_rms,0.15993896280935893,0.07579693002723549,512,
rollout_common,walker2d-medium-v2,10,0,512,mart_mu1_vs_two_target_rms,0.06876568315702997,0.03659124591069333,512,
rollout_common,walker2d-medium-v2,10,0,512,two_target_vs_deploy_rms,0.1271548934895821,0.07207476326866143,512,
rollout_common,walker2d-medium-v2,10,0,512,bound_frac_two_actor_target,0.2747395833333333,0.0,1,
rollout_common,walker2d-medium-v2,10,0,512,bound_frac_two_actor_deploy,0.2610677083333333,0.0,1,
dataset,walker2d-medium-v2,10,1,2048,mart_adjacent_rms_mu1_to_mu2,0.0710118427794546,0.04994071055935056,2048,
dataset,walker2d-medium-v2,10,1,2048,mart_adjacent_l2_mu1_to_mu2,0.17394278050440573,0.12232925826243274,2048,
dataset,walker2d-medium-v2,10,1,2048,mart_delta_mu2_minus_mu1_rms,0.0710118427794546,0.04994071055935056,2048,
dataset,walker2d-medium-v2,10,1,2048,mart_adjacent_rms_mu2_to_mu3,0.06642832502351864,0.043952435869906006,2048,
dataset,walker2d-medium-v2,10,1,2048,mart_adjacent_l2_mu2_to_mu3,0.162715500775376,0.10766104083367019,2048,
dataset,walker2d-medium-v2,10,1,2048,mart_delta_mu3_minus_mu2_rms,0.06642832502351864,0.043952435869906006,2048,
dataset,walker2d-medium-v2,10,1,2048,mart_adjacent_rms_mu3_to_mu4,0.07635726128607565,0.05069364068226839,2048,
dataset,walker2d-medium-v2,10,1,2048,mart_adjacent_l2_mu3_to_mu4,0.18703632830725736,0.12417355287555246,2048,
dataset,walker2d-medium-v2,10,1,2048,mart_delta_mu4_minus_mu3_rms,0.07635726128607565,0.05069364068226839,2048,
dataset,walker2d-medium-v2,10,1,2048,mart_from_mu1_rms_mu2,0.0710118427794546,0.04994071055935056,2048,
dataset,walker2d-medium-v2,10,1,2048,mart_from_mu1_rms_mu3,0.10708015452191026,0.07481604695114978,2048,
dataset,walker2d-medium-v2,10,1,2048,mart_from_mu1_rms_mu4,0.1432220500188373,0.09979287244464656,2048,
dataset,walker2d-medium-v2,10,1,2048,mart_delta2_rms,0.07101184271755301,0.04994071016708714,2048,
dataset,walker2d-medium-v2,10,1,2048,mart_delta2_l2,0.17394278027404653,0.1223292566398887,2048,
dataset,walker2d-medium-v2,10,1,2048,mart_delta3_rms,0.0664283250138169,0.0439524359695846,2048,
dataset,walker2d-medium-v2,10,1,2048,mart_delta3_l2,0.1627155007493002,0.10766104081502151,2048,
dataset,walker2d-medium-v2,10,1,2048,mart_delta4_rms,0.07635726136550147,0.050693640793959306,2048,
dataset,walker2d-medium-v2,10,1,2048,mart_delta4_l2,0.18703632822416694,0.12417355272527586,2048,
dataset,walker2d-medium-v2,10,1,2048,mart_cosine_delta2_delta3,0.20229044466721122,0.4993150901134744,2048,0
dataset,walker2d-medium-v2,10,1,2048,mart_cosine_delta3_delta4,0.02986729799853264,0.511077511600436,2048,0
dataset,walker2d-medium-v2,10,1,2048,mart_cosine_delta2_delta4,0.19726760128656196,0.4839268923864691,2048,0
dataset,walker2d-medium-v2,10,1,2048,bound_frac_mart_mu1,0.17789713541666666,0.0,1,
dataset,walker2d-medium-v2,10,1,2048,bound_frac_mart_mu2,0.18904622395833334,0.0,1,
dataset,walker2d-medium-v2,10,1,2048,bound_frac_mart_mu3,0.19881184895833334,0.0,1,
dataset,walker2d-medium-v2,10,1,2048,bound_frac_mart_mu4,0.211669921875,0.0,1,
dataset,walker2d-medium-v2,10,1,2048,mart_mu4_vs_two_deploy_rms,0.17468820817982184,0.12280253532484431,2048,
dataset,walker2d-medium-v2,10,1,2048,mart_mu1_vs_two_target_rms,0.06531814150890239,0.04709128136569177,2048,
dataset,walker2d-medium-v2,10,1,2048,two_target_vs_deploy_rms,0.15411404214969068,0.12065343380692092,2048,
dataset,walker2d-medium-v2,10,1,2048,bound_frac_two_actor_target,0.18343098958333334,0.0,1,
dataset,walker2d-medium-v2,10,1,2048,bound_frac_two_actor_deploy,0.21671549479166666,0.0,1,
rollout_common,walker2d-medium-v2,10,1,512,mart_adjacent_rms_mu1_to_mu2,0.07554529667691576,0.03966203905826737,512,
rollout_common,walker2d-medium-v2,10,1,512,mart_adjacent_l2_mu1_to_mu2,0.18504742932561724,0.0971517578510917,512,
rollout_common,walker2d-medium-v2,10,1,512,mart_delta_mu2_minus_mu1_rms,0.07554529667691576,0.03966203905826737,512,
rollout_common,walker2d-medium-v2,10,1,512,mart_adjacent_rms_mu2_to_mu3,0.060838419703379054,0.029806841638702893,512,
rollout_common,walker2d-medium-v2,10,1,512,mart_adjacent_l2_mu2_to_mu3,0.149023085030565,0.07301155285876527,512,
rollout_common,walker2d-medium-v2,10,1,512,mart_delta_mu3_minus_mu2_rms,0.060838419703379054,0.029806841638702893,512,
rollout_common,walker2d-medium-v2,10,1,512,mart_adjacent_rms_mu3_to_mu4,0.0848964186175083,0.03833011297693514,512,
rollout_common,walker2d-medium-v2,10,1,512,mart_adjacent_l2_mu3_to_mu4,0.2079529066026134,0.09388921857672301,512,
rollout_common,walker2d-medium-v2,10,1,512,mart_delta_mu4_minus_mu3_rms,0.0848964186175083,0.03833011297693514,512,
rollout_common,walker2d-medium-v2,10,1,512,mart_from_mu1_rms_mu2,0.07554529667691576,0.03966203905826737,512,
rollout_common,walker2d-medium-v2,10,1,512,mart_from_mu1_rms_mu3,0.10475829097898862,0.05637484622037203,512,
rollout_common,walker2d-medium-v2,10,1,512,mart_from_mu1_rms_mu4,0.13615568079477305,0.0669099839589119,512,
rollout_common,walker2d-medium-v2,10,1,512,mart_delta2_rms,0.07554529670505872,0.03966203895314,512,
rollout_common,walker2d-medium-v2,10,1,512,mart_delta2_l2,0.18504742951336084,0.09715175753816535,512,
rollout_common,walker2d-medium-v2,10,1,512,mart_delta3_rms,0.06083841987310734,0.02980684171396762,512,
rollout_common,walker2d-medium-v2,10,1,512,mart_delta3_l2,0.1490230853414687,0.07301155343261992,512,
rollout_common,walker2d-medium-v2,10,1,512,mart_delta4_rms,0.08489641869164188,0.03833011290569171,512,
rollout_common,walker2d-medium-v2,10,1,512,mart_delta4_l2,0.20795290641399333,0.09388921889583991,512,
rollout_common,walker2d-medium-v2,10,1,512,mart_cosine_delta2_delta3,0.10879916212138849,0.49246569793210526,512,0
rollout_common,walker2d-medium-v2,10,1,512,mart_cosine_delta3_delta4,-0.1325827617532272,0.4760651852901187,512,0
rollout_common,walker2d-medium-v2,10,1,512,mart_cosine_delta2_delta4,0.0893413048223649,0.4603044526566757,512,0
rollout_common,walker2d-medium-v2,10,1,512,bound_frac_mart_mu1,0.234375,0.0,1,
rollout_common,walker2d-medium-v2,10,1,512,bound_frac_mart_mu2,0.22786458333333334,0.0,1,
rollout_common,walker2d-medium-v2,10,1,512,bound_frac_mart_mu3,0.2275390625,0.0,1,
rollout_common,walker2d-medium-v2,10,1,512,bound_frac_mart_mu4,0.22786458333333334,0.0,1,
rollout_common,walker2d-medium-v2,10,1,512,mart_mu4_vs_two_deploy_rms,0.14915653895324832,0.07551769361935007,512,
rollout_common,walker2d-medium-v2,10,1,512,mart_mu1_vs_two_target_rms,0.06402325185545862,0.03291323834193295,512,
rollout_common,walker2d-medium-v2,10,1,512,two_target_vs_deploy_rms,0.11481799444133357,0.05762596952819737,512,
rollout_common,walker2d-medium-v2,10,1,512,bound_frac_two_actor_target,0.23860677083333334,0.0,1,
rollout_common,walker2d-medium-v2,10,1,512,bound_frac_two_actor_deploy,0.2490234375,0.0,1,
dataset,walker2d-medium-v2,14,0,2048,mart_adjacent_rms_mu1_to_mu2,0.08238478482200891,0.06020084941163483,2048,
dataset,walker2d-medium-v2,14,0,2048,mart_adjacent_l2_mu1_to_mu2,0.20180068538291007,0.14746136314063427,2048,
dataset,walker2d-medium-v2,14,0,2048,mart_delta_mu2_minus_mu1_rms,0.08238478482200891,0.06020084941163483,2048,
dataset,walker2d-medium-v2,14,0,2048,mart_adjacent_rms_mu2_to_mu3,0.08677087210399524,0.056067420741587166,2048,
dataset,walker2d-medium-v2,14,0,2048,mart_adjacent_l2_mu2_to_mu3,0.21254436119108733,0.13733657201082658,2048,
dataset,walker2d-medium-v2,14,0,2048,mart_delta_mu3_minus_mu2_rms,0.08677087210399524,0.056067420741587166,2048,
dataset,walker2d-medium-v2,14,0,2048,mart_adjacent_rms_mu3_to_mu4,0.08550058661953837,0.05672131884878338,2048,
dataset,walker2d-medium-v2,14,0,2048,mart_adjacent_l2_mu3_to_mu4,0.20943280992650387,0.13893828871722902,2048,
dataset,walker2d-medium-v2,14,0,2048,mart_delta_mu4_minus_mu3_rms,0.08550058661953837,0.05672131884878338,2048,
dataset,walker2d-medium-v2,14,0,2048,mart_from_mu1_rms_mu2,0.08238478482200891,0.06020084941163483,2048,
dataset,walker2d-medium-v2,14,0,2048,mart_from_mu1_rms_mu3,0.12954553009742756,0.09136632220223415,2048,
dataset,walker2d-medium-v2,14,0,2048,mart_from_mu1_rms_mu4,0.17560608281070572,0.11948517053817433,2048,
dataset,walker2d-medium-v2,14,0,2048,mart_delta2_rms,0.08238478484406642,0.06020084967220139,2048,
dataset,walker2d-medium-v2,14,0,2048,mart_delta2_l2,0.201800685141734,0.14746136299300766,2048,
dataset,walker2d-medium-v2,14,0,2048,mart_delta3_rms,0.0867708721824556,0.056067420574176415,2048,
dataset,walker2d-medium-v2,14,0,2048,mart_delta3_l2,0.21254436127060217,0.13733657181675077,2048,
dataset,walker2d-medium-v2,14,0,2048,mart_delta4_rms,0.08550058659932347,0.05672131863573061,2048,
dataset,walker2d-medium-v2,14,0,2048,mart_delta4_l2,0.20943280975575362,0.13893828808543088,2048,
dataset,walker2d-medium-v2,14,0,2048,mart_cosine_delta2_delta3,0.12773393852767687,0.4938342268737773,2048,0
dataset,walker2d-medium-v2,14,0,2048,mart_cosine_delta3_delta4,0.1636885562541734,0.5089098410002783,2048,0
dataset,walker2d-medium-v2,14,0,2048,mart_cosine_delta2_delta4,0.2488293804502503,0.4824299115036971,2048,0
dataset,walker2d-medium-v2,14,0,2048,bound_frac_mart_mu1,0.176513671875,0.0,1,
dataset,walker2d-medium-v2,14,0,2048,bound_frac_mart_mu2,0.19392903645833334,0.0,1,
dataset,walker2d-medium-v2,14,0,2048,bound_frac_mart_mu3,0.20979817708333334,0.0,1,
dataset,walker2d-medium-v2,14,0,2048,bound_frac_mart_mu4,0.218017578125,0.0,1,
dataset,walker2d-medium-v2,14,0,2048,mart_mu4_vs_two_deploy_rms,0.2544662957871162,0.20735974397898485,2048,
dataset,walker2d-medium-v2,14,0,2048,mart_mu1_vs_two_target_rms,0.08055886681945194,0.059409435616683375,2048,
dataset,walker2d-medium-v2,14,0,2048,two_target_vs_deploy_rms,0.2220937094342213,0.21976262019964674,2048,
dataset,walker2d-medium-v2,14,0,2048,bound_frac_two_actor_target,0.18359375,0.0,1,
dataset,walker2d-medium-v2,14,0,2048,bound_frac_two_actor_deploy,0.2674967447916667,0.0,1,
rollout_common,walker2d-medium-v2,14,0,512,mart_adjacent_rms_mu1_to_mu2,0.1639275547963165,0.1682299789241342,512,
rollout_common,walker2d-medium-v2,14,0,512,mart_adjacent_l2_mu1_to_mu2,0.4015388640331046,0.41207760780329694,512,
rollout_common,walker2d-medium-v2,14,0,512,mart_delta_mu2_minus_mu1_rms,0.1639275547963165,0.1682299789241342,512,
rollout_common,walker2d-medium-v2,14,0,512,mart_adjacent_rms_mu2_to_mu3,0.14966333736944432,0.1341809460199774,512,
rollout_common,walker2d-medium-v2,14,0,512,mart_adjacent_l2_mu2_to_mu3,0.3665988097571522,0.32867485095287796,512,
rollout_common,walker2d-medium-v2,14,0,512,mart_delta_mu3_minus_mu2_rms,0.14966333736944432,0.1341809460199774,512,
rollout_common,walker2d-medium-v2,14,0,512,mart_adjacent_rms_mu3_to_mu4,0.176595150648928,0.1848746522887097,512,
rollout_common,walker2d-medium-v2,14,0,512,mart_adjacent_l2_mu3_to_mu4,0.4325680101397993,0.452848564481801,512,
rollout_common,walker2d-medium-v2,14,0,512,mart_delta_mu4_minus_mu3_rms,0.176595150648928,0.1848746522887097,512,
rollout_common,walker2d-medium-v2,14,0,512,mart_from_mu1_rms_mu2,0.1639275547963165,0.1682299789241342,512,
rollout_common,walker2d-medium-v2,14,0,512,mart_from_mu1_rms_mu3,0.19828077362001248,0.1746894128371714,512,
rollout_common,walker2d-medium-v2,14,0,512,mart_from_mu1_rms_mu4,0.27473297648266376,0.2518402017694296,512,
rollout_common,walker2d-medium-v2,14,0,512,mart_delta2_rms,0.16392755471315468,0.16822997894132327,512,
rollout_common,walker2d-medium-v2,14,0,512,mart_delta2_l2,0.40153886478219647,0.41207760914755337,512,
rollout_common,walker2d-medium-v2,14,0,512,mart_delta3_rms,0.14966333634401963,0.13418094373195485,512,
rollout_common,walker2d-medium-v2,14,0,512,mart_delta3_l2,0.3665988072716573,0.3286748441227003,512,
rollout_common,walker2d-medium-v2,14,0,512,mart_delta4_rms,0.17659515079412813,0.184874653169905,512,
rollout_common,walker2d-medium-v2,14,0,512,mart_delta4_l2,0.4325680100973841,0.4528485648087047,512,
rollout_common,walker2d-medium-v2,14,0,512,mart_cosine_delta2_delta3,-0.11288874618721113,0.5043565745408078,512,0
rollout_common,walker2d-medium-v2,14,0,512,mart_cosine_delta3_delta4,-0.1637728006478869,0.4947903358232376,512,0
rollout_common,walker2d-medium-v2,14,0,512,mart_cosine_delta2_delta4,0.16843753482162827,0.46280542978324724,512,0
rollout_common,walker2d-medium-v2,14,0,512,bound_frac_mart_mu1,0.2757161458333333,0.0,1,
rollout_common,walker2d-medium-v2,14,0,512,bound_frac_mart_mu2,0.2845052083333333,0.0,1,
rollout_common,walker2d-medium-v2,14,0,512,bound_frac_mart_mu3,0.3024088541666667,0.0,1,
rollout_common,walker2d-medium-v2,14,0,512,bound_frac_mart_mu4,0.3157552083333333,0.0,1,
rollout_common,walker2d-medium-v2,14,0,512,mart_mu4_vs_two_deploy_rms,0.3520249943249396,0.30060852565084734,512,
rollout_common,walker2d-medium-v2,14,0,512,mart_mu1_vs_two_target_rms,0.16023635293477934,0.16101919522379876,512,
rollout_common,walker2d-medium-v2,14,0,512,two_target_vs_deploy_rms,0.2407233593129354,0.19152620638218734,512,
rollout_common,walker2d-medium-v2,14,0,512,bound_frac_two_actor_target,0.2685546875,0.0,1,
rollout_common,walker2d-medium-v2,14,0,512,bound_frac_two_actor_deploy,0.2972005208333333,0.0,1,
dataset,walker2d-medium-v2,14,1,2048,mart_adjacent_rms_mu1_to_mu2,0.0837249292200602,0.05629179762942757,2048,
dataset,walker2d-medium-v2,14,1,2048,mart_adjacent_l2_mu1_to_mu2,0.20508335533978506,0.13788618089610927,2048,
dataset,walker2d-medium-v2,14,1,2048,mart_delta_mu2_minus_mu1_rms,0.0837249292200602,0.05629179762942757,2048,
dataset,walker2d-medium-v2,14,1,2048,mart_adjacent_rms_mu2_to_mu3,0.08036730399651443,0.05362896773787666,2048,
dataset,walker2d-medium-v2,14,1,2048,mart_adjacent_l2_mu2_to_mu3,0.1968588867945996,0.13136360638997888,2048,
dataset,walker2d-medium-v2,14,1,2048,mart_delta_mu3_minus_mu2_rms,0.08036730399651443,0.05362896773787666,2048,
dataset,walker2d-medium-v2,14,1,2048,mart_adjacent_rms_mu3_to_mu4,0.08293045077417638,0.05480070795708679,2048,
dataset,walker2d-medium-v2,14,1,2048,mart_adjacent_l2_mu3_to_mu4,0.2031372885357303,0.1342337720381406,2048,
dataset,walker2d-medium-v2,14,1,2048,mart_delta_mu4_minus_mu3_rms,0.08293045077417638,0.05480070795708679,2048,
dataset,walker2d-medium-v2,14,1,2048,mart_from_mu1_rms_mu2,0.0837249292200602,0.05629179762942757,2048,
dataset,walker2d-medium-v2,14,1,2048,mart_from_mu1_rms_mu3,0.131227161514976,0.08810468650461209,2048,
dataset,walker2d-medium-v2,14,1,2048,mart_from_mu1_rms_mu4,0.17526576674016836,0.11739464975129499,2048,
dataset,walker2d-medium-v2,14,1,2048,mart_delta2_rms,0.0837249292630986,0.056291797927737836,2048,
dataset,walker2d-medium-v2,14,1,2048,mart_delta2_l2,0.2050833553512348,0.13788618168597339,2048,
dataset,walker2d-medium-v2,14,1,2048,mart_delta3_rms,0.0803673040513786,0.05362896777314076,2048,
dataset,walker2d-medium-v2,14,1,2048,mart_delta3_l2,0.19685888697631526,0.13136360626335591,2048,
dataset,walker2d-medium-v2,14,1,2048,mart_delta4_rms,0.0829304508797577,0.05480070799927154,2048,
dataset,walker2d-medium-v2,14,1,2048,mart_delta4_l2,0.20313728855308,0.1342337718804414,2048,
dataset,walker2d-medium-v2,14,1,2048,mart_cosine_delta2_delta3,0.25911851478179704,0.49993913103664145,2048,0
dataset,walker2d-medium-v2,14,1,2048,mart_cosine_delta3_delta4,0.1673067866459923,0.5313354707709859,2048,0
dataset,walker2d-medium-v2,14,1,2048,mart_cosine_delta2_delta4,0.2858754595674055,0.47808985357889416,2048,0
dataset,walker2d-medium-v2,14,1,2048,bound_frac_mart_mu1,0.1865234375,0.0,1,
dataset,walker2d-medium-v2,14,1,2048,bound_frac_mart_mu2,0.21687825520833334,0.0,1,
dataset,walker2d-medium-v2,14,1,2048,bound_frac_mart_mu3,0.23478190104166666,0.0,1,
dataset,walker2d-medium-v2,14,1,2048,bound_frac_mart_mu4,0.24747721354166666,0.0,1,
dataset,walker2d-medium-v2,14,1,2048,mart_mu4_vs_two_deploy_rms,0.23916450013574214,0.17554246545292962,2048,
dataset,walker2d-medium-v2,14,1,2048,mart_mu1_vs_two_target_rms,0.07999952564644257,0.0540184121389099,2048,
dataset,walker2d-medium-v2,14,1,2048,two_target_vs_deploy_rms,0.20210397043752493,0.17127436598381515,2048,
dataset,walker2d-medium-v2,14,1,2048,bound_frac_two_actor_target,0.189208984375,0.0,1,
dataset,walker2d-medium-v2,14,1,2048,bound_frac_two_actor_deploy,0.2632649739583333,0.0,1,
rollout_common,walker2d-medium-v2,14,1,512,mart_adjacent_rms_mu1_to_mu2,0.08984421103847379,0.046896782145894406,512,
rollout_common,walker2d-medium-v2,14,1,512,mart_adjacent_l2_mu1_to_mu2,0.22007247338718872,0.11487318683590562,512,
rollout_common,walker2d-medium-v2,14,1,512,mart_delta_mu2_minus_mu1_rms,0.08984421103847379,0.046896782145894406,512,
rollout_common,walker2d-medium-v2,14,1,512,mart_adjacent_rms_mu2_to_mu3,0.08643532450721371,0.045359726868880554,512,
rollout_common,walker2d-medium-v2,14,1,512,mart_adjacent_l2_mu2_to_mu3,0.21172244079455546,0.11110818570076943,512,
rollout_common,walker2d-medium-v2,14,1,512,mart_delta_mu3_minus_mu2_rms,0.08643532450721371,0.045359726868880554,512,
rollout_common,walker2d-medium-v2,14,1,512,mart_adjacent_rms_mu3_to_mu4,0.09385961865396163,0.0505636705757033,512,
rollout_common,walker2d-medium-v2,14,1,512,mart_adjacent_l2_mu3_to_mu4,0.22990817315441964,0.12385519243265283,512,
rollout_common,walker2d-medium-v2,14,1,512,mart_delta_mu4_minus_mu3_rms,0.09385961865396163,0.0505636705757033,512,
rollout_common,walker2d-medium-v2,14,1,512,mart_from_mu1_rms_mu2,0.08984421103847379,0.046896782145894406,512,
rollout_common,walker2d-medium-v2,14,1,512,mart_from_mu1_rms_mu3,0.12079605046437877,0.06462690279682799,512,
rollout_common,walker2d-medium-v2,14,1,512,mart_from_mu1_rms_mu4,0.15521340847866472,0.08276115605042254,512,
rollout_common,walker2d-medium-v2,14,1,512,mart_delta2_rms,0.08984421131754061,0.046896782534509206,512,
rollout_common,walker2d-medium-v2,14,1,512,mart_delta2_l2,0.22007247441797517,0.11487318849473789,512,
rollout_common,walker2d-medium-v2,14,1,512,mart_delta3_rms,0.0864353248198313,0.04535972736726156,512,
rollout_common,walker2d-medium-v2,14,1,512,mart_delta3_l2,0.2117224412795622,0.11110818663572843,512,
rollout_common,walker2d-medium-v2,14,1,512,mart_delta4_rms,0.09385961907730689,0.05056367175381186,512,
rollout_common,walker2d-medium-v2,14,1,512,mart_delta4_l2,0.22990817300660638,0.12385519148116086,512,
rollout_common,walker2d-medium-v2,14,1,512,mart_cosine_delta2_delta3,-0.08713028440235467,0.4893865145915449,512,0
rollout_common,walker2d-medium-v2,14,1,512,mart_cosine_delta3_delta4,-0.08566650489634996,0.5238535516112474,512,0
rollout_common,walker2d-medium-v2,14,1,512,mart_cosine_delta2_delta4,0.1309773919705111,0.4862967470062327,512,0
rollout_common,walker2d-medium-v2,14,1,512,bound_frac_mart_mu1,0.2688802083333333,0.0,1,
rollout_common,walker2d-medium-v2,14,1,512,bound_frac_mart_mu2,0.2763671875,0.0,1,
rollout_common,walker2d-medium-v2,14,1,512,bound_frac_mart_mu3,0.2643229166666667,0.0,1,
rollout_common,walker2d-medium-v2,14,1,512,bound_frac_mart_mu4,0.265625,0.0,1,
rollout_common,walker2d-medium-v2,14,1,512,mart_mu4_vs_two_deploy_rms,0.1918384464891344,0.09088925461730331,512,
rollout_common,walker2d-medium-v2,14,1,512,mart_mu1_vs_two_target_rms,0.08923161328079576,0.048590961012098206,512,
rollout_common,walker2d-medium-v2,14,1,512,two_target_vs_deploy_rms,0.1542680090290429,0.0724372324107642,512,
rollout_common,walker2d-medium-v2,14,1,512,bound_frac_two_actor_target,0.2711588541666667,0.0,1,
rollout_common,walker2d-medium-v2,14,1,512,bound_frac_two_actor_deploy,0.248046875,0.0,1,
dataset,walker2d-medium-v2,20,0,2048,mart_adjacent_rms_mu1_to_mu2,0.10247998971825917,0.06945219415429815,2048,
dataset,walker2d-medium-v2,20,0,2048,mart_adjacent_l2_mu1_to_mu2,0.2510236836554014,0.1701224371947391,2048,
dataset,walker2d-medium-v2,20,0,2048,mart_delta_mu2_minus_mu1_rms,0.10247998971825917,0.06945219415429815,2048,
dataset,walker2d-medium-v2,20,0,2048,mart_adjacent_rms_mu2_to_mu3,0.10311743498915471,0.06860458031473526,2048,
dataset,walker2d-medium-v2,20,0,2048,mart_adjacent_l2_mu2_to_mu3,0.2525850993080457,0.1680462157888888,2048,
dataset,walker2d-medium-v2,20,0,2048,mart_delta_mu3_minus_mu2_rms,0.10311743498915471,0.06860458031473526,2048,
dataset,walker2d-medium-v2,20,0,2048,mart_adjacent_rms_mu3_to_mu4,0.10232346993316402,0.06507201134363771,2048,
dataset,walker2d-medium-v2,20,0,2048,mart_adjacent_l2_mu3_to_mu4,0.2506402900472682,0.15939322432851122,2048,
dataset,walker2d-medium-v2,20,0,2048,mart_delta_mu4_minus_mu3_rms,0.10232346993316402,0.06507201134363771,2048,
dataset,walker2d-medium-v2,20,0,2048,mart_from_mu1_rms_mu2,0.10247998971825917,0.06945219415429815,2048,
dataset,walker2d-medium-v2,20,0,2048,mart_from_mu1_rms_mu3,0.17044607459932132,0.11778905083716619,2048,
dataset,walker2d-medium-v2,20,0,2048,mart_from_mu1_rms_mu4,0.22478489341763883,0.14662628143974527,2048,
dataset,walker2d-medium-v2,20,0,2048,mart_delta2_rms,0.1024799897329558,0.06945219431900237,2048,
dataset,walker2d-medium-v2,20,0,2048,mart_delta2_l2,0.25102368371335615,0.17012243705952196,2048,
dataset,walker2d-medium-v2,20,0,2048,mart_delta3_rms,0.10311743493912218,0.06860458029616955,2048,
dataset,walker2d-medium-v2,20,0,2048,mart_delta3_l2,0.252585099136013,0.16804621567171915,2048,
dataset,walker2d-medium-v2,20,0,2048,mart_delta4_rms,0.10232346983389107,0.06507201110085392,2048,
dataset,walker2d-medium-v2,20,0,2048,mart_delta4_l2,0.25064029005852717,0.15939322445101287,2048,
dataset,walker2d-medium-v2,20,0,2048,mart_cosine_delta2_delta3,0.3158877655405233,0.49108389176985096,2048,0
dataset,walker2d-medium-v2,20,0,2048,mart_cosine_delta3_delta4,0.163469182220343,0.5028757278686604,2048,0
dataset,walker2d-medium-v2,20,0,2048,mart_cosine_delta2_delta4,0.29478850130648193,0.44180493819760847,2048,0
dataset,walker2d-medium-v2,20,0,2048,bound_frac_mart_mu1,0.18115234375,0.0,1,
dataset,walker2d-medium-v2,20,0,2048,bound_frac_mart_mu2,0.201171875,0.0,1,
dataset,walker2d-medium-v2,20,0,2048,bound_frac_mart_mu3,0.22664388020833334,0.0,1,
dataset,walker2d-medium-v2,20,0,2048,bound_frac_mart_mu4,0.24601236979166666,0.0,1,
dataset,walker2d-medium-v2,20,0,2048,mart_mu4_vs_two_deploy_rms,0.3183862715303135,0.23043954815049078,2048,
dataset,walker2d-medium-v2,20,0,2048,mart_mu1_vs_two_target_rms,0.10044675722771076,0.06726215355401406,2048,
dataset,walker2d-medium-v2,20,0,2048,two_target_vs_deploy_rms,0.25911425483477446,0.2132980317306042,2048,
dataset,walker2d-medium-v2,20,0,2048,bound_frac_two_actor_target,0.18473307291666666,0.0,1,
dataset,walker2d-medium-v2,20,0,2048,bound_frac_two_actor_deploy,0.258544921875,0.0,1,
rollout_common,walker2d-medium-v2,20,0,512,mart_adjacent_rms_mu1_to_mu2,0.24505860679437305,0.24779184859159803,512,
rollout_common,walker2d-medium-v2,20,0,512,mart_adjacent_l2_mu1_to_mu2,0.6002685437235529,0.6069635914704017,512,
rollout_common,walker2d-medium-v2,20,0,512,mart_delta_mu2_minus_mu1_rms,0.24505860679437305,0.24779184859159803,512,
rollout_common,walker2d-medium-v2,20,0,512,mart_adjacent_rms_mu2_to_mu3,0.2009965111941198,0.14671934539509668,512,
rollout_common,walker2d-medium-v2,20,0,512,mart_adjacent_l2_mu2_to_mu3,0.4923388925052006,0.3593875316131516,512,
rollout_common,walker2d-medium-v2,20,0,512,mart_delta_mu3_minus_mu2_rms,0.2009965111941198,0.14671934539509668,512,
rollout_common,walker2d-medium-v2,20,0,512,mart_adjacent_rms_mu3_to_mu4,0.22915043212145525,0.17004082238098964,512,
rollout_common,walker2d-medium-v2,20,0,512,mart_adjacent_l2_mu3_to_mu4,0.5613016330358374,0.4165132502766504,512,
rollout_common,walker2d-medium-v2,20,0,512,mart_delta_mu4_minus_mu3_rms,0.22915043212145525,0.17004082238098964,512,
rollout_common,walker2d-medium-v2,20,0,512,mart_from_mu1_rms_mu2,0.24505860679437305,0.24779184859159803,512,
rollout_common,walker2d-medium-v2,20,0,512,mart_from_mu1_rms_mu3,0.26374259411181644,0.19968937755194885,512,
rollout_common,walker2d-medium-v2,20,0,512,mart_from_mu1_rms_mu4,0.3078048303199393,0.2042318329782742,512,
rollout_common,walker2d-medium-v2,20,0,512,mart_delta2_rms,0.2450586064514937,0.2477918482131538,512,
rollout_common,walker2d-medium-v2,20,0,512,mart_delta2_l2,0.6002685423081857,0.6069635886342756,512,
rollout_common,walker2d-medium-v2,20,0,512,mart_delta3_rms,0.20099651112286665,0.1467193458545372,512,
rollout_common,walker2d-medium-v2,20,0,512,mart_delta3_l2,0.4923388921197329,0.35938753239390975,512,
rollout_common,walker2d-medium-v2,20,0,512,mart_delta4_rms,0.22915043245302513,0.1700408229939611,512,
rollout_common,walker2d-medium-v2,20,0,512,mart_delta4_l2,0.5613016318384325,0.4165132462803389,512,
rollout_common,walker2d-medium-v2,20,0,512,mart_cosine_delta2_delta3,-0.18801844828555303,0.5420427916411948,512,0
rollout_common,walker2d-medium-v2,20,0,512,mart_cosine_delta3_delta4,-0.2166354151859447,0.4752430543192053,512,0
rollout_common,walker2d-medium-v2,20,0,512,mart_cosine_delta2_delta4,0.07827949658598965,0.46132942536187294,512,0
rollout_common,walker2d-medium-v2,20,0,512,bound_frac_mart_mu1,0.2939453125,0.0,1,
rollout_common,walker2d-medium-v2,20,0,512,bound_frac_mart_mu2,0.3466796875,0.0,1,
rollout_common,walker2d-medium-v2,20,0,512,bound_frac_mart_mu3,0.3173828125,0.0,1,
rollout_common,walker2d-medium-v2,20,0,512,bound_frac_mart_mu4,0.3245442708333333,0.0,1,
rollout_common,walker2d-medium-v2,20,0,512,mart_mu4_vs_two_deploy_rms,0.446703722459034,0.24110992542016838,512,
rollout_common,walker2d-medium-v2,20,0,512,mart_mu1_vs_two_target_rms,0.19093676751676483,0.12821358666593197,512,
rollout_common,walker2d-medium-v2,20,0,512,two_target_vs_deploy_rms,0.32115962810609167,0.20598034875754578,512,
rollout_common,walker2d-medium-v2,20,0,512,bound_frac_two_actor_target,0.22819010416666666,0.0,1,
rollout_common,walker2d-medium-v2,20,0,512,bound_frac_two_actor_deploy,0.29296875,0.0,1,
dataset,walker2d-medium-v2,20,1,2048,mart_adjacent_rms_mu1_to_mu2,0.3082259224755186,0.13570236877468467,2048,
dataset,walker2d-medium-v2,20,1,2048,mart_adjacent_l2_mu1_to_mu2,0.7549962355636657,0.3324015603849704,2048,
dataset,walker2d-medium-v2,20,1,2048,mart_delta_mu2_minus_mu1_rms,0.3082259224755186,0.13570236877468467,2048,
dataset,walker2d-medium-v2,20,1,2048,mart_adjacent_rms_mu2_to_mu3,0.1932466671601506,0.11403444735142884,2048,
dataset,walker2d-medium-v2,20,1,2048,mart_adjacent_l2_mu2_to_mu3,0.4733557290358238,0.27932620911127326,2048,
dataset,walker2d-medium-v2,20,1,2048,mart_delta_mu3_minus_mu2_rms,0.1932466671601506,0.11403444735142884,2048,
dataset,walker2d-medium-v2,20,1,2048,mart_adjacent_rms_mu3_to_mu4,0.12871404092176292,0.09821143041416357,2048,
dataset,walker2d-medium-v2,20,1,2048,mart_adjacent_l2_mu3_to_mu4,0.3152837229900325,0.24056789142355756,2048,
dataset,walker2d-medium-v2,20,1,2048,mart_delta_mu4_minus_mu3_rms,0.12871404092176292,0.09821143041416357,2048,
dataset,walker2d-medium-v2,20,1,2048,mart_from_mu1_rms_mu2,0.3082259224755186,0.13570236877468467,2048,
dataset,walker2d-medium-v2,20,1,2048,mart_from_mu1_rms_mu3,0.4754431891683356,0.2241792385853161,2048,
dataset,walker2d-medium-v2,20,1,2048,mart_from_mu1_rms_mu4,0.5701681373985288,0.26145087189115873,2048,
dataset,walker2d-medium-v2,20,1,2048,mart_delta2_rms,0.30822592270112636,0.13570236947759012,2048,
dataset,walker2d-medium-v2,20,1,2048,mart_delta2_l2,0.7549962355731168,0.3324015611339199,2048,
dataset,walker2d-medium-v2,20,1,2048,mart_delta3_rms,0.19324666722087258,0.11403444783112114,2048,
dataset,walker2d-medium-v2,20,1,2048,mart_delta3_l2,0.47335572944911775,0.2793262098970325,2048,
dataset,walker2d-medium-v2,20,1,2048,mart_delta4_rms,0.12871404081472837,0.09821143007629225,2048,
dataset,walker2d-medium-v2,20,1,2048,mart_delta4_l2,0.3152837226693794,0.24056789073793347,2048,
dataset,walker2d-medium-v2,20,1,2048,mart_cosine_delta2_delta3,0.6875623028328314,0.3415072446104354,2048,0
dataset,walker2d-medium-v2,20,1,2048,mart_cosine_delta3_delta4,0.625415125069857,0.44108835092254733,2048,0
dataset,walker2d-medium-v2,20,1,2048,mart_cosine_delta2_delta4,0.45268388848767777,0.32615129833354345,2048,0
dataset,walker2d-medium-v2,20,1,2048,bound_frac_mart_mu1,0.3837890625,0.0,1,
dataset,walker2d-medium-v2,20,1,2048,bound_frac_mart_mu2,0.5267740885416666,0.0,1,
dataset,walker2d-medium-v2,20,1,2048,bound_frac_mart_mu3,0.66015625,0.0,1,
dataset,walker2d-medium-v2,20,1,2048,bound_frac_mart_mu4,0.7442220052083334,0.0,1,
dataset,walker2d-medium-v2,20,1,2048,mart_mu4_vs_two_deploy_rms,1.1233294099620281,0.12665715351026494,2048,
dataset,walker2d-medium-v2,20,1,2048,mart_mu1_vs_two_target_rms,0.8701756893409318,0.22168224487486285,2048,
dataset,walker2d-medium-v2,20,1,2048,two_target_vs_deploy_rms,0.08910689218094478,0.19294029490161604,2048,
dataset,walker2d-medium-v2,20,1,2048,bound_frac_two_actor_target,0.9561360677083334,0.0,1,
dataset,walker2d-medium-v2,20,1,2048,bound_frac_two_actor_deploy,0.9996744791666666,0.0,1,
rollout_common,walker2d-medium-v2,20,1,512,mart_adjacent_rms_mu1_to_mu2,0.40081211715272114,0.15932954470967808,512,
rollout_common,walker2d-medium-v2,20,1,512,mart_adjacent_l2_mu1_to_mu2,0.9817851697488,0.39027608548867027,512,
rollout_common,walker2d-medium-v2,20,1,512,mart_delta_mu2_minus_mu1_rms,0.40081211715272114,0.15932954470967808,512,
rollout_common,walker2d-medium-v2,20,1,512,mart_adjacent_rms_mu2_to_mu3,0.23059882805944937,0.1530343968809842,512,
rollout_common,walker2d-medium-v2,20,1,512,mart_adjacent_l2_mu2_to_mu3,0.564849464029443,0.3748561854529807,512,
rollout_common,walker2d-medium-v2,20,1,512,mart_delta_mu3_minus_mu2_rms,0.23059882805944937,0.1530343968809842,512,
rollout_common,walker2d-medium-v2,20,1,512,mart_adjacent_rms_mu3_to_mu4,0.17394954083699776,0.1437635397288112,512,
rollout_common,walker2d-medium-v2,20,1,512,mart_adjacent_l2_mu3_to_mu4,0.4260876160420696,0.35214731595192494,512,
rollout_common,walker2d-medium-v2,20,1,512,mart_delta_mu4_minus_mu3_rms,0.17394954083699776,0.1437635397288112,512,
rollout_common,walker2d-medium-v2,20,1,512,mart_from_mu1_rms_mu2,0.40081211715272114,0.15932954470967808,512,
rollout_common,walker2d-medium-v2,20,1,512,mart_from_mu1_rms_mu3,0.5124358123967542,0.19172679049651598,512,
rollout_common,walker2d-medium-v2,20,1,512,mart_from_mu1_rms_mu4,0.5286541830524987,0.2184689962053409,512,
rollout_common,walker2d-medium-v2,20,1,512,mart_delta2_rms,0.4008121174410917,0.1593295434146961,512,
rollout_common,walker2d-medium-v2,20,1,512,mart_delta2_l2,0.9817851689440431,0.39027608124968965,512,
rollout_common,walker2d-medium-v2,20,1,512,mart_delta3_rms,0.23059882773918616,0.1530343967980706,512,
rollout_common,walker2d-medium-v2,20,1,512,mart_delta3_l2,0.5648494634306189,0.37485618411002625,512,
rollout_common,walker2d-medium-v2,20,1,512,mart_delta4_rms,0.17394954025985498,0.14376353913368625,512,
rollout_common,walker2d-medium-v2,20,1,512,mart_delta4_l2,0.42608761595874967,0.35214731652123615,512,
rollout_common,walker2d-medium-v2,20,1,512,mart_cosine_delta2_delta3,0.23183222272788667,0.6147035928243332,512,0
rollout_common,walker2d-medium-v2,20,1,512,mart_cosine_delta3_delta4,-0.0695178025935547,0.6415455020645133,512,0
rollout_common,walker2d-medium-v2,20,1,512,mart_cosine_delta2_delta4,0.14254954083147345,0.3884205941075123,512,0
rollout_common,walker2d-medium-v2,20,1,512,bound_frac_mart_mu1,0.3743489583333333,0.0,1,
rollout_common,walker2d-medium-v2,20,1,512,bound_frac_mart_mu2,0.6263020833333334,0.0,1,
rollout_common,walker2d-medium-v2,20,1,512,bound_frac_mart_mu3,0.7141927083333334,0.0,1,
rollout_common,walker2d-medium-v2,20,1,512,bound_frac_mart_mu4,0.7389322916666666,0.0,1,
rollout_common,walker2d-medium-v2,20,1,512,mart_mu4_vs_two_deploy_rms,0.9806886172908726,0.11136979919667628,512,
rollout_common,walker2d-medium-v2,20,1,512,mart_mu1_vs_two_target_rms,0.931325641200126,0.20827964808754082,512,
rollout_common,walker2d-medium-v2,20,1,512,two_target_vs_deploy_rms,0.017753150048043072,0.11799360670513792,512,
rollout_common,walker2d-medium-v2,20,1,512,bound_frac_two_actor_target,0.9983723958333334,0.0,1,
rollout_common,walker2d-medium-v2,20,1,512,bound_frac_two_actor_deploy,1.0,0.0,1,
dataset,walker2d-medium-v2,4,0,2048,mart_adjacent_rms_mu1_to_mu2,0.05903380918635901,0.040136073942131985,2048,
dataset,walker2d-medium-v2,4,0,2048,mart_adjacent_l2_mu1_to_mu2,0.14460271007940573,0.09831290143683949,2048,
dataset,walker2d-medium-v2,4,0,2048,mart_delta_mu2_minus_mu1_rms,0.05903380918635901,0.040136073942131985,2048,
dataset,walker2d-medium-v2,4,0,2048,mart_adjacent_rms_mu2_to_mu3,0.051117306035585355,0.03466662603108508,2048,
dataset,walker2d-medium-v2,4,0,2048,mart_adjacent_l2_mu2_to_mu3,0.12521131681287495,0.08491554488004321,2048,
dataset,walker2d-medium-v2,4,0,2048,mart_delta_mu3_minus_mu2_rms,0.051117306035585355,0.03466662603108508,2048,
dataset,walker2d-medium-v2,4,0,2048,mart_adjacent_rms_mu3_to_mu4,0.05629287381583437,0.03480497779702666,2048,
dataset,walker2d-medium-v2,4,0,2048,mart_adjacent_l2_mu3_to_mu4,0.13788881700367403,0.08525443611161306,2048,
dataset,walker2d-medium-v2,4,0,2048,mart_delta_mu4_minus_mu3_rms,0.05629287381583437,0.03480497779702666,2048,
dataset,walker2d-medium-v2,4,0,2048,mart_from_mu1_rms_mu2,0.05903380918635901,0.040136073942131985,2048,
dataset,walker2d-medium-v2,4,0,2048,mart_from_mu1_rms_mu3,0.07979351467479506,0.0563083025994297,2048,
dataset,walker2d-medium-v2,4,0,2048,mart_from_mu1_rms_mu4,0.09706426014725965,0.07138174428565007,2048,
dataset,walker2d-medium-v2,4,0,2048,mart_delta2_rms,0.05903380919767187,0.04013607395080015,2048,
dataset,walker2d-medium-v2,4,0,2048,mart_delta2_l2,0.14460271014195314,0.09831290168227026,2048,
dataset,walker2d-medium-v2,4,0,2048,mart_delta3_rms,0.05111730602834541,0.034666625917604756,2048,
dataset,walker2d-medium-v2,4,0,2048,mart_delta3_l2,0.1252113166651725,0.08491554458264729,2048,
dataset,walker2d-medium-v2,4,0,2048,mart_delta4_rms,0.05629287380156711,0.03480497769470306,2048,
dataset,walker2d-medium-v2,4,0,2048,mart_delta4_l2,0.1378888167396326,0.08525443558238611,2048,
dataset,walker2d-medium-v2,4,0,2048,mart_cosine_delta2_delta3,0.041892970126243725,0.49648845007485126,2048,0
dataset,walker2d-medium-v2,4,0,2048,mart_cosine_delta3_delta4,-0.0642020269234766,0.5127402451099734,2048,0
dataset,walker2d-medium-v2,4,0,2048,mart_cosine_delta2_delta4,0.019951253607039594,0.5017448766095491,2048,0
dataset,walker2d-medium-v2,4,0,2048,bound_frac_mart_mu1,0.1728515625,0.0,1,
dataset,walker2d-medium-v2,4,0,2048,bound_frac_mart_mu2,0.17333984375,0.0,1,
dataset,walker2d-medium-v2,4,0,2048,bound_frac_mart_mu3,0.17390950520833334,0.0,1,
dataset,walker2d-medium-v2,4,0,2048,bound_frac_mart_mu4,0.17594401041666666,0.0,1,
dataset,walker2d-medium-v2,4,0,2048,mart_mu4_vs_two_deploy_rms,0.1081925871151258,0.07892299700882285,2048,
dataset,walker2d-medium-v2,4,0,2048,mart_mu1_vs_two_target_rms,0.047204295854553255,0.03266347669127839,2048,
dataset,walker2d-medium-v2,4,0,2048,two_target_vs_deploy_rms,0.09946254434570365,0.08568366645508588,2048,
dataset,walker2d-medium-v2,4,0,2048,bound_frac_two_actor_target,0.18123372395833334,0.0,1,
dataset,walker2d-medium-v2,4,0,2048,bound_frac_two_actor_deploy,0.17862955729166666,0.0,1,
rollout_common,walker2d-medium-v2,4,0,512,mart_adjacent_rms_mu1_to_mu2,0.053515967572588405,0.02557216298032439,512,
rollout_common,walker2d-medium-v2,4,0,512,mart_adjacent_l2_mu1_to_mu2,0.13108681364417246,0.06263875092108429,512,
rollout_common,walker2d-medium-v2,4,0,512,mart_delta_mu2_minus_mu1_rms,0.053515967572588405,0.02557216298032439,512,
rollout_common,walker2d-medium-v2,4,0,512,mart_adjacent_rms_mu2_to_mu3,0.04740617476482199,0.02538486977220505,512,
rollout_common,walker2d-medium-v2,4,0,512,mart_adjacent_l2_mu2_to_mu3,0.11612093883101823,0.06217997812890302,512,
rollout_common,walker2d-medium-v2,4,0,512,mart_delta_mu3_minus_mu2_rms,0.04740617476482199,0.02538486977220505,512,
rollout_common,walker2d-medium-v2,4,0,512,mart_adjacent_rms_mu3_to_mu4,0.05248063094874149,0.02782614881589999,512,
rollout_common,walker2d-medium-v2,4,0,512,mart_adjacent_l2_mu3_to_mu4,0.12855076720373168,0.0681598661057053,512,
rollout_common,walker2d-medium-v2,4,0,512,mart_delta_mu4_minus_mu3_rms,0.05248063094874149,0.02782614881589999,512,
rollout_common,walker2d-medium-v2,4,0,512,mart_from_mu1_rms_mu2,0.053515967572588405,0.02557216298032439,512,
rollout_common,walker2d-medium-v2,4,0,512,mart_from_mu1_rms_mu3,0.0690256712213947,0.03312987126360918,512,
rollout_common,walker2d-medium-v2,4,0,512,mart_from_mu1_rms_mu4,0.08340113630178222,0.041083996104284703,512,
rollout_common,walker2d-medium-v2,4,0,512,mart_delta2_rms,0.053515967553721566,0.025572162850749505,512,
rollout_common,walker2d-medium-v2,4,0,512,mart_delta2_l2,0.13108681382072973,0.06263875071263372,512,
rollout_common,walker2d-medium-v2,4,0,512,mart_delta3_rms,0.047406174839125015,0.02538486989001382,512,
rollout_common,walker2d-medium-v2,4,0,512,mart_delta3_l2,0.11612093893381825,0.06217997819623408,512,
rollout_common,walker2d-medium-v2,4,0,512,mart_delta4_rms,0.052480630962691066,0.027826148955190852,512,
rollout_common,walker2d-medium-v2,4,0,512,mart_delta4_l2,0.12855076700361678,0.06815986608745596,512,
rollout_common,walker2d-medium-v2,4,0,512,mart_cosine_delta2_delta3,-0.04051357449472441,0.5110160496361504,512,0
rollout_common,walker2d-medium-v2,4,0,512,mart_cosine_delta3_delta4,-0.01976367539498987,0.517521085584696,512,0
rollout_common,walker2d-medium-v2,4,0,512,mart_cosine_delta2_delta4,-0.04396067822993291,0.5182031140011238,512,0
rollout_common,walker2d-medium-v2,4,0,512,bound_frac_mart_mu1,0.2158203125,0.0,1,
rollout_common,walker2d-medium-v2,4,0,512,bound_frac_mart_mu2,0.2177734375,0.0,1,
rollout_common,walker2d-medium-v2,4,0,512,bound_frac_mart_mu3,0.2119140625,0.0,1,
rollout_common,walker2d-medium-v2,4,0,512,bound_frac_mart_mu4,0.2021484375,0.0,1,
rollout_common,walker2d-medium-v2,4,0,512,mart_mu4_vs_two_deploy_rms,0.09331102520275954,0.04227274019437838,512,
rollout_common,walker2d-medium-v2,4,0,512,mart_mu1_vs_two_target_rms,0.042645106666581285,0.022851918010861425,512,
rollout_common,walker2d-medium-v2,4,0,512,two_target_vs_deploy_rms,0.07891623553095051,0.046553480402159585,512,
rollout_common,walker2d-medium-v2,4,0,512,bound_frac_two_actor_target,0.23958333333333334,0.0,1,
rollout_common,walker2d-medium-v2,4,0,512,bound_frac_two_actor_deploy,0.22688802083333334,0.0,1,
dataset,walker2d-medium-v2,4,1,2048,mart_adjacent_rms_mu1_to_mu2,0.05543835679722986,0.038095366103788296,2048,
dataset,walker2d-medium-v2,4,1,2048,mart_adjacent_l2_mu1_to_mu2,0.13579568633156863,0.0933142085187994,2048,
dataset,walker2d-medium-v2,4,1,2048,mart_delta_mu2_minus_mu1_rms,0.05543835679722986,0.038095366103788296,2048,
dataset,walker2d-medium-v2,4,1,2048,mart_adjacent_rms_mu2_to_mu3,0.05369644155511612,0.034876292986936897,2048,
dataset,walker2d-medium-v2,4,1,2048,mart_adjacent_l2_mu2_to_mu3,0.13152888281321334,0.08542912193780282,2048,
dataset,walker2d-medium-v2,4,1,2048,mart_delta_mu3_minus_mu2_rms,0.05369644155511612,0.034876292986936897,2048,
dataset,walker2d-medium-v2,4,1,2048,mart_adjacent_rms_mu3_to_mu4,0.05461549665064975,0.03506220021568646,2048,
dataset,walker2d-medium-v2,4,1,2048,mart_adjacent_l2_mu3_to_mu4,0.13378009884277556,0.08588449978773412,2048,
dataset,walker2d-medium-v2,4,1,2048,mart_delta_mu4_minus_mu3_rms,0.05461549665064975,0.03506220021568646,2048,
dataset,walker2d-medium-v2,4,1,2048,mart_from_mu1_rms_mu2,0.05543835679722986,0.038095366103788296,2048,
dataset,walker2d-medium-v2,4,1,2048,mart_from_mu1_rms_mu3,0.077144766702922,0.056620050500215645,2048,
dataset,walker2d-medium-v2,4,1,2048,mart_from_mu1_rms_mu4,0.09593282671384498,0.07305371394646165,2048,
dataset,walker2d-medium-v2,4,1,2048,mart_delta2_rms,0.055438356825106894,0.038095366285786976,2048,
dataset,walker2d-medium-v2,4,1,2048,mart_delta2_l2,0.1357956864994776,0.09331420881949584,2048,
dataset,walker2d-medium-v2,4,1,2048,mart_delta3_rms,0.05369644158463416,0.034876293137698536,2048,
dataset,walker2d-medium-v2,4,1,2048,mart_delta3_l2,0.1315288829559904,0.08542912244650593,2048,
dataset,walker2d-medium-v2,4,1,2048,mart_delta4_rms,0.05461549669485066,0.03506220018873773,2048,
dataset,walker2d-medium-v2,4,1,2048,mart_delta4_l2,0.13378009900270627,0.0858845000054283,2048,
dataset,walker2d-medium-v2,4,1,2048,mart_cosine_delta2_delta3,-0.010281273024687794,0.5115223294665955,2048,0
dataset,walker2d-medium-v2,4,1,2048,mart_cosine_delta3_delta4,-0.10697961843608512,0.509158222428262,2048,0
dataset,walker2d-medium-v2,4,1,2048,mart_cosine_delta2_delta4,0.11953187451372418,0.4960420188045814,2048,0
dataset,walker2d-medium-v2,4,1,2048,bound_frac_mart_mu1,0.19401041666666666,0.0,1,
dataset,walker2d-medium-v2,4,1,2048,bound_frac_mart_mu2,0.19718424479166666,0.0,1,
dataset,walker2d-medium-v2,4,1,2048,bound_frac_mart_mu3,0.20556640625,0.0,1,
dataset,walker2d-medium-v2,4,1,2048,bound_frac_mart_mu4,0.20613606770833334,0.0,1,
dataset,walker2d-medium-v2,4,1,2048,mart_mu4_vs_two_deploy_rms,0.10547773766652108,0.07286416493234572,2048,
dataset,walker2d-medium-v2,4,1,2048,mart_mu1_vs_two_target_rms,0.046119039706537836,0.032288439271966236,2048,
dataset,walker2d-medium-v2,4,1,2048,two_target_vs_deploy_rms,0.09546309625887754,0.0795162947393125,2048,
dataset,walker2d-medium-v2,4,1,2048,bound_frac_two_actor_target,0.18880208333333334,0.0,1,
dataset,walker2d-medium-v2,4,1,2048,bound_frac_two_actor_deploy,0.18562825520833334,0.0,1,
rollout_common,walker2d-medium-v2,4,1,512,mart_adjacent_rms_mu1_to_mu2,0.049192916425806615,0.02449588452467731,512,
rollout_common,walker2d-medium-v2,4,1,512,mart_adjacent_l2_mu1_to_mu2,0.12049754420260342,0.060002417883598266,512,
rollout_common,walker2d-medium-v2,4,1,512,mart_delta_mu2_minus_mu1_rms,0.049192916425806615,0.02449588452467731,512,
rollout_common,walker2d-medium-v2,4,1,512,mart_adjacent_rms_mu2_to_mu3,0.04948049729953615,0.024455522905243655,512,
rollout_common,walker2d-medium-v2,4,1,512,mart_adjacent_l2_mu2_to_mu3,0.12120197060302455,0.05990355251079341,512,
rollout_common,walker2d-medium-v2,4,1,512,mart_delta_mu3_minus_mu2_rms,0.04948049729953615,0.024455522905243655,512,
rollout_common,walker2d-medium-v2,4,1,512,mart_adjacent_rms_mu3_to_mu4,0.05085797499629503,0.02327905017239387,512,
rollout_common,walker2d-medium-v2,4,1,512,mart_adjacent_l2_mu3_to_mu4,0.12457608809214801,0.057021794619013765,512,
rollout_common,walker2d-medium-v2,4,1,512,mart_delta_mu4_minus_mu3_rms,0.05085797499629503,0.02327905017239387,512,
rollout_common,walker2d-medium-v2,4,1,512,mart_from_mu1_rms_mu2,0.049192916425806615,0.02449588452467731,512,
rollout_common,walker2d-medium-v2,4,1,512,mart_from_mu1_rms_mu3,0.06679908051580469,0.034900964287527696,512,
rollout_common,walker2d-medium-v2,4,1,512,mart_from_mu1_rms_mu4,0.08218067273362924,0.04112586920496468,512,
rollout_common,walker2d-medium-v2,4,1,512,mart_delta2_rms,0.04919291646547208,0.024495884581536304,512,
rollout_common,walker2d-medium-v2,4,1,512,mart_delta2_l2,0.12049754450163164,0.06000241841367406,512,
rollout_common,walker2d-medium-v2,4,1,512,mart_delta3_rms,0.04948049728318438,0.024455523119406217,512,
rollout_common,walker2d-medium-v2,4,1,512,mart_delta3_l2,0.12120197038711922,0.0599035526403344,512,
rollout_common,walker2d-medium-v2,4,1,512,mart_delta4_rms,0.05085797487072341,0.023279049913272187,512,
rollout_common,walker2d-medium-v2,4,1,512,mart_delta4_l2,0.12457608796830755,0.05702179468642271,512,
rollout_common,walker2d-medium-v2,4,1,512,mart_cosine_delta2_delta3,-0.06255941023837946,0.49779758296297816,512,0
rollout_common,walker2d-medium-v2,4,1,512,mart_cosine_delta3_delta4,-0.13868784083360738,0.5176356892586094,512,0
rollout_common,walker2d-medium-v2,4,1,512,mart_cosine_delta2_delta4,0.08007790971491438,0.5137306954287534,512,0
rollout_common,walker2d-medium-v2,4,1,512,bound_frac_mart_mu1,0.236328125,0.0,1,
rollout_common,walker2d-medium-v2,4,1,512,bound_frac_mart_mu2,0.236328125,0.0,1,
rollout_common,walker2d-medium-v2,4,1,512,bound_frac_mart_mu3,0.23795572916666666,0.0,1,
rollout_common,walker2d-medium-v2,4,1,512,bound_frac_mart_mu4,0.2314453125,0.0,1,
rollout_common,walker2d-medium-v2,4,1,512,mart_mu4_vs_two_deploy_rms,0.09617881152176741,0.04303174238723786,512,
rollout_common,walker2d-medium-v2,4,1,512,mart_mu1_vs_two_target_rms,0.04283548961925306,0.021332491684420352,512,
rollout_common,walker2d-medium-v2,4,1,512,two_target_vs_deploy_rms,0.07815593507716287,0.03930164211008565,512,
rollout_common,walker2d-medium-v2,4,1,512,bound_frac_two_actor_target,0.24381510416666666,0.0,1,
rollout_common,walker2d-medium-v2,4,1,512,bound_frac_two_actor_deploy,0.23502604166666666,0.0,1,
dataset,walker2d-medium-v2,7,0,2048,mart_adjacent_rms_mu1_to_mu2,0.06521630453978343,0.044129589941253,2048,
dataset,walker2d-medium-v2,7,0,2048,mart_adjacent_l2_mu1_to_mu2,0.15974666903242352,0.10809497791432694,2048,
dataset,walker2d-medium-v2,7,0,2048,mart_delta_mu2_minus_mu1_rms,0.06521630453978343,0.044129589941253,2048,
dataset,walker2d-medium-v2,7,0,2048,mart_adjacent_rms_mu2_to_mu3,0.05945121527066032,0.04152219039911387,2048,
dataset,walker2d-medium-v2,7,0,2048,mart_adjacent_l2_mu2_to_mu3,0.14562514200147714,0.10170817948051958,2048,
dataset,walker2d-medium-v2,7,0,2048,mart_delta_mu3_minus_mu2_rms,0.05945121527066032,0.04152219039911387,2048,
dataset,walker2d-medium-v2,7,0,2048,mart_adjacent_rms_mu3_to_mu4,0.06208536899861647,0.044216218431561524,2048,
dataset,walker2d-medium-v2,7,0,2048,mart_adjacent_l2_mu3_to_mu4,0.15207747453901976,0.10830717351277044,2048,
dataset,walker2d-medium-v2,7,0,2048,mart_delta_mu4_minus_mu3_rms,0.06208536899861647,0.044216218431561524,2048,
dataset,walker2d-medium-v2,7,0,2048,mart_from_mu1_rms_mu2,0.06521630453978343,0.044129589941253,2048,
dataset,walker2d-medium-v2,7,0,2048,mart_from_mu1_rms_mu3,0.09060169604417988,0.0685385835901462,2048,
dataset,walker2d-medium-v2,7,0,2048,mart_from_mu1_rms_mu4,0.12030774435985103,0.09176153381833332,2048,
dataset,walker2d-medium-v2,7,0,2048,mart_delta2_rms,0.06521630453494254,0.044129589937166425,2048,
dataset,walker2d-medium-v2,7,0,2048,mart_delta2_l2,0.15974666916008573,0.10809497867994736,2048,
dataset,walker2d-medium-v2,7,0,2048,mart_delta3_rms,0.05945121528384334,0.041522190541444584,2048,
dataset,walker2d-medium-v2,7,0,2048,mart_delta3_l2,0.14562514189333342,0.1017081798063075,2048,
dataset,walker2d-medium-v2,7,0,2048,mart_delta4_rms,0.0620853689271712,0.04421621849883032,2048,
dataset,walker2d-medium-v2,7,0,2048,mart_delta4_l2,0.15207747459328402,0.10830717362673933,2048,
dataset,walker2d-medium-v2,7,0,2048,mart_cosine_delta2_delta3,0.02388893462509665,0.5207856995017461,2048,0
dataset,walker2d-medium-v2,7,0,2048,mart_cosine_delta3_delta4,0.08372459026455177,0.4991449079478591,2048,0
dataset,walker2d-medium-v2,7,0,2048,mart_cosine_delta2_delta4,0.17525420495547678,0.49008499407158584,2048,0
dataset,walker2d-medium-v2,7,0,2048,bound_frac_mart_mu1,0.18229166666666666,0.0,1,
dataset,walker2d-medium-v2,7,0,2048,bound_frac_mart_mu2,0.1875,0.0,1,
dataset,walker2d-medium-v2,7,0,2048,bound_frac_mart_mu3,0.19222005208333334,0.0,1,
dataset,walker2d-medium-v2,7,0,2048,bound_frac_mart_mu4,0.20060221354166666,0.0,1,
dataset,walker2d-medium-v2,7,0,2048,mart_mu4_vs_two_deploy_rms,0.1467883914250408,0.10164434754785333,2048,
dataset,walker2d-medium-v2,7,0,2048,mart_mu1_vs_two_target_rms,0.057069372468894215,0.03900353855344791,2048,
dataset,walker2d-medium-v2,7,0,2048,two_target_vs_deploy_rms,0.12735794230925757,0.09845785267861219,2048,
dataset,walker2d-medium-v2,7,0,2048,bound_frac_two_actor_target,0.18302408854166666,0.0,1,
dataset,walker2d-medium-v2,7,0,2048,bound_frac_two_actor_deploy,0.19637044270833334,0.0,1,
rollout_common,walker2d-medium-v2,7,0,512,mart_adjacent_rms_mu1_to_mu2,0.05955798880796494,0.027401445109379915,512,
rollout_common,walker2d-medium-v2,7,0,512,mart_adjacent_l2_mu1_to_mu2,0.14588668268590543,0.06711955873286238,512,
rollout_common,walker2d-medium-v2,7,0,512,mart_delta_mu2_minus_mu1_rms,0.05955798880796494,0.027401445109379915,512,
rollout_common,walker2d-medium-v2,7,0,512,mart_adjacent_rms_mu2_to_mu3,0.05293689672511655,0.027398255278833467,512,
rollout_common,walker2d-medium-v2,7,0,512,mart_adjacent_l2_mu2_to_mu3,0.12966838554294538,0.06711174527565764,512,
rollout_common,walker2d-medium-v2,7,0,512,mart_delta_mu3_minus_mu2_rms,0.05293689672511655,0.027398255278833467,512,
rollout_common,walker2d-medium-v2,7,0,512,mart_adjacent_rms_mu3_to_mu4,0.060919849572689914,0.03088174650897489,512,
rollout_common,walker2d-medium-v2,7,0,512,mart_adjacent_l2_mu3_to_mu4,0.14922254666019813,0.07564452131296422,512,
rollout_common,walker2d-medium-v2,7,0,512,mart_delta_mu4_minus_mu3_rms,0.060919849572689914,0.03088174650897489,512,
rollout_common,walker2d-medium-v2,7,0,512,mart_from_mu1_rms_mu2,0.05955798880796494,0.027401445109379915,512,
rollout_common,walker2d-medium-v2,7,0,512,mart_from_mu1_rms_mu3,0.0777460283310856,0.03909792716498888,512,
rollout_common,walker2d-medium-v2,7,0,512,mart_from_mu1_rms_mu4,0.10438792347074254,0.05219580623448375,512,
rollout_common,walker2d-medium-v2,7,0,512,mart_delta2_rms,0.05955798877585039,0.02740144512822267,512,
rollout_common,walker2d-medium-v2,7,0,512,mart_delta2_l2,0.14588668278156547,0.06711955894591684,512,
rollout_common,walker2d-medium-v2,7,0,512,mart_delta3_rms,0.05293689663267287,0.02739825504168666,512,
rollout_common,walker2d-medium-v2,7,0,512,mart_delta3_l2,0.12966838528518565,0.06711174473966833,512,
rollout_common,walker2d-medium-v2,7,0,512,mart_delta4_rms,0.06091984957583918,0.03088174652459109,512,
rollout_common,walker2d-medium-v2,7,0,512,mart_delta4_l2,0.14922254686280212,0.07564452206301088,512,
rollout_common,walker2d-medium-v2,7,0,512,mart_cosine_delta2_delta3,-0.05716280495532217,0.5285415056549838,512,0
rollout_common,walker2d-medium-v2,7,0,512,mart_cosine_delta3_delta4,0.02436399377125375,0.5135680808401435,512,0
rollout_common,walker2d-medium-v2,7,0,512,mart_cosine_delta2_delta4,0.13586863176247607,0.5068713768271487,512,0
rollout_common,walker2d-medium-v2,7,0,512,bound_frac_mart_mu1,0.2581380208333333,0.0,1,
rollout_common,walker2d-medium-v2,7,0,512,bound_frac_mart_mu2,0.2705078125,0.0,1,
rollout_common,walker2d-medium-v2,7,0,512,bound_frac_mart_mu3,0.2705078125,0.0,1,
rollout_common,walker2d-medium-v2,7,0,512,bound_frac_mart_mu4,0.2584635416666667,0.0,1,
rollout_common,walker2d-medium-v2,7,0,512,mart_mu4_vs_two_deploy_rms,0.12557874636487537,0.05318603124706942,512,
rollout_common,walker2d-medium-v2,7,0,512,mart_mu1_vs_two_target_rms,0.0520709811092208,0.026919246514600394,512,
rollout_common,walker2d-medium-v2,7,0,512,two_target_vs_deploy_rms,0.10545814759825758,0.0495610899087771,512,
rollout_common,walker2d-medium-v2,7,0,512,bound_frac_two_actor_target,0.2623697916666667,0.0,1,
rollout_common,walker2d-medium-v2,7,0,512,bound_frac_two_actor_deploy,0.24283854166666666,0.0,1,
dataset,walker2d-medium-v2,7,1,2048,mart_adjacent_rms_mu1_to_mu2,0.06376402269267846,0.04704124942447422,2048,
dataset,walker2d-medium-v2,7,1,2048,mart_adjacent_l2_mu1_to_mu2,0.1561893195443097,0.11522705795295468,2048,
dataset,walker2d-medium-v2,7,1,2048,mart_delta_mu2_minus_mu1_rms,0.06376402269267846,0.04704124942447422,2048,
dataset,walker2d-medium-v2,7,1,2048,mart_adjacent_rms_mu2_to_mu3,0.061090454471681974,0.04213664300225961,2048,
dataset,walker2d-medium-v2,7,1,2048,mart_adjacent_l2_mu2_to_mu3,0.14964044161034773,0.1032132748293515,2048,
dataset,walker2d-medium-v2,7,1,2048,mart_delta_mu3_minus_mu2_rms,0.061090454471681974,0.04213664300225961,2048,
dataset,walker2d-medium-v2,7,1,2048,mart_adjacent_rms_mu3_to_mu4,0.06567435039258282,0.044881602968122096,2048,
dataset,walker2d-medium-v2,7,1,2048,mart_adjacent_l2_mu3_to_mu4,0.16086864765058004,0.1099370261100821,2048,
dataset,walker2d-medium-v2,7,1,2048,mart_delta_mu4_minus_mu3_rms,0.06567435039258282,0.044881602968122096,2048,
dataset,walker2d-medium-v2,7,1,2048,mart_from_mu1_rms_mu2,0.06376402269267846,0.04704124942447422,2048,
dataset,walker2d-medium-v2,7,1,2048,mart_from_mu1_rms_mu3,0.0933124671405703,0.07099250792690937,2048,
dataset,walker2d-medium-v2,7,1,2048,mart_from_mu1_rms_mu4,0.12182945652893232,0.09373066492015773,2048,
dataset,walker2d-medium-v2,7,1,2048,mart_delta2_rms,0.06376402267596859,0.0470412498050086,2048,
dataset,walker2d-medium-v2,7,1,2048,mart_delta2_l2,0.15618931961671478,0.11522705839817675,2048,
dataset,walker2d-medium-v2,7,1,2048,mart_delta3_rms,0.06109045451171369,0.0421366431164581,2048,
dataset,walker2d-medium-v2,7,1,2048,mart_delta3_l2,0.149640441585575,0.10321327492844944,2048,
dataset,walker2d-medium-v2,7,1,2048,mart_delta4_rms,0.06567435019223922,0.04488160284356101,2048,
dataset,walker2d-medium-v2,7,1,2048,mart_delta4_l2,0.16086864742055695,0.10993702557928564,2048,
dataset,walker2d-medium-v2,7,1,2048,mart_cosine_delta2_delta3,0.09575180143839679,0.5144457663721402,2048,0
dataset,walker2d-medium-v2,7,1,2048,mart_cosine_delta3_delta4,0.03356428007823352,0.5023182638633276,2048,0
dataset,walker2d-medium-v2,7,1,2048,mart_cosine_delta2_delta4,0.12129904928141819,0.4938742086384761,2048,0
dataset,walker2d-medium-v2,7,1,2048,bound_frac_mart_mu1,0.18473307291666666,0.0,1,
dataset,walker2d-medium-v2,7,1,2048,bound_frac_mart_mu2,0.19222005208333334,0.0,1,
dataset,walker2d-medium-v2,7,1,2048,bound_frac_mart_mu3,0.203369140625,0.0,1,
dataset,walker2d-medium-v2,7,1,2048,bound_frac_mart_mu4,0.20515950520833334,0.0,1,
dataset,walker2d-medium-v2,7,1,2048,mart_mu4_vs_two_deploy_rms,0.1466231931601264,0.09838653299845178,2048,
dataset,walker2d-medium-v2,7,1,2048,mart_mu1_vs_two_target_rms,0.05578166681996967,0.03676798765229294,2048,
dataset,walker2d-medium-v2,7,1,2048,two_target_vs_deploy_rms,0.13075685142314017,0.10841598450167009,2048,
dataset,walker2d-medium-v2,7,1,2048,bound_frac_two_actor_target,0.17887369791666666,0.0,1,
dataset,walker2d-medium-v2,7,1,2048,bound_frac_two_actor_deploy,0.18994140625,0.0,1,
rollout_common,walker2d-medium-v2,7,1,512,mart_adjacent_rms_mu1_to_mu2,0.053006745441371586,0.027017219024164436,512,
rollout_common,walker2d-medium-v2,7,1,512,mart_adjacent_l2_mu1_to_mu2,0.12983947925695868,0.06617840087821734,512,
rollout_common,walker2d-medium-v2,7,1,512,mart_delta_mu2_minus_mu1_rms,0.053006745441371586,0.027017219024164436,512,
rollout_common,walker2d-medium-v2,7,1,512,mart_adjacent_rms_mu2_to_mu3,0.05068165455212186,0.026520130599170747,512,
rollout_common,walker2d-medium-v2,7,1,512,mart_adjacent_l2_mu2_to_mu3,0.12414419297270288,0.06496078787993904,512,
rollout_common,walker2d-medium-v2,7,1,512,mart_delta_mu3_minus_mu2_rms,0.05068165455212186,0.026520130599170747,512,
rollout_common,walker2d-medium-v2,7,1,512,mart_adjacent_rms_mu3_to_mu4,0.05654561561998484,0.029547095799609558,512,
rollout_common,walker2d-medium-v2,7,1,512,mart_adjacent_l2_mu3_to_mu4,0.13850790546051311,0.07237530809017553,512,
rollout_common,walker2d-medium-v2,7,1,512,mart_delta_mu4_minus_mu3_rms,0.05654561561998484,0.029547095799609558,512,
rollout_common,walker2d-medium-v2,7,1,512,mart_from_mu1_rms_mu2,0.053006745441371586,0.027017219024164436,512,
rollout_common,walker2d-medium-v2,7,1,512,mart_from_mu1_rms_mu3,0.0724259537416029,0.03981008159565096,512,
rollout_common,walker2d-medium-v2,7,1,512,mart_from_mu1_rms_mu4,0.09382158624969344,0.047401561833478184,512,
rollout_common,walker2d-medium-v2,7,1,512,mart_delta2_rms,0.053006745488346496,0.027017219149552973,512,
rollout_common,walker2d-medium-v2,7,1,512,mart_delta2_l2,0.1298394793211628,0.06617840084547615,512,
rollout_common,walker2d-medium-v2,7,1,512,mart_delta3_rms,0.050681654597383385,0.026520130451422128,512,
rollout_common,walker2d-medium-v2,7,1,512,mart_delta3_l2,0.12414419291508239,0.06496078781768118,512,
rollout_common,walker2d-medium-v2,7,1,512,mart_delta4_rms,0.0565456156127766,0.029547096336422895,512,
rollout_common,walker2d-medium-v2,7,1,512,mart_delta4_l2,0.13850790551259706,0.0723753084134644,512,
rollout_common,walker2d-medium-v2,7,1,512,mart_cosine_delta2_delta3,-0.03535408810056259,0.5117267024046501,512,0
rollout_common,walker2d-medium-v2,7,1,512,mart_cosine_delta3_delta4,-0.03679065971328347,0.51669258524921,512,0
rollout_common,walker2d-medium-v2,7,1,512,mart_cosine_delta2_delta4,0.11024872140797479,0.5295885068739712,512,0
rollout_common,walker2d-medium-v2,7,1,512,bound_frac_mart_mu1,0.24869791666666666,0.0,1,
rollout_common,walker2d-medium-v2,7,1,512,bound_frac_mart_mu2,0.23600260416666666,0.0,1,
rollout_common,walker2d-medium-v2,7,1,512,bound_frac_mart_mu3,0.23795572916666666,0.0,1,
rollout_common,walker2d-medium-v2,7,1,512,bound_frac_mart_mu4,0.2373046875,0.0,1,
rollout_common,walker2d-medium-v2,7,1,512,mart_mu4_vs_two_deploy_rms,0.11972365902361448,0.04844322969852108,512,
rollout_common,walker2d-medium-v2,7,1,512,mart_mu1_vs_two_target_rms,0.05069886853377879,0.023585147570762684,512,
rollout_common,walker2d-medium-v2,7,1,512,two_target_vs_deploy_rms,0.09791480832498098,0.04595446427322817,512,
rollout_common,walker2d-medium-v2,7,1,512,bound_frac_two_actor_target,0.23470052083333334,0.0,1,
rollout_common,walker2d-medium-v2,7,1,512,bound_frac_two_actor_deploy,0.21126302083333334,0.0,1,
