state_set,environment,T,seed,condition,run_key,hop_index,ref_actor,new_actor,n_states,optimizer_diverged,c_k,mean_q_new,mean_q_ref,mean_q_gain,transport_mean_sq,delta_L,q_term
dataset,halfcheetah-expert-v2,10,0,bar_p4,bar_p4|halfcheetah-expert-v2|T=10|seed=0,1,dataset_action,mart_mu1,2048,False,0.004827555152160232,1034.7265625,1033.0758056640625,1.6507357824593782,0.02800221799601596,0.020033199964548935,-0.007969018031467023
dataset,halfcheetah-expert-v2,10,0,bar_p4,bar_p4|halfcheetah-expert-v2|T=10|seed=0,2,mart_mu1,mart_mu2,2048,False,0.004827555152160232,1035.3414306640625,1034.7265625,0.6148517062538303,0.0029411243827385607,-2.7106139601627832e-05,-0.0029682305223401886
dataset,halfcheetah-expert-v2,10,0,bar_p4,bar_p4|halfcheetah-expert-v2|T=10|seed=0,3,mart_mu2,mart_mu3,2048,False,0.004824758545391316,1035.70068359375,1035.3414306640625,0.3591591626754962,0.002486740908183446,0.0007538846689092559,-0.00173285623927419
dataset,halfcheetah-expert-v2,10,0,bar_p4,bar_p4|halfcheetah-expert-v2|T=10|seed=0,4,mart_mu3,mart_mu4,2048,False,0.004823093380962465,1035.914306640625,1035.70068359375,0.2136325123719871,0.002492249249057464,0.0014618796926777512,-0.0010303695563797129
dataset,halfcheetah-expert-v2,10,0,two_actor_p4,two_actor_p4|halfcheetah-expert-v2|T=10|seed=0,1,dataset_action,two_actor_target,2048,False,0.004827568238661557,1034.8448486328125,1033.022216796875,1.8227219032123685,0.028178615941222285,0.019379301573361513,-0.008799314367860774
dataset,halfcheetah-expert-v2,10,0,two_actor_p4,two_actor_p4|halfcheetah-expert-v2|T=10|seed=0,1,dataset_action,two_actor_deploy,2048,False,0.01928732031054637,1036.1060791015625,1033.022216796875,3.083953071385622,0.04103613174109891,-0.01844505896940886,-0.05948119071050777
rollout_common,halfcheetah-expert-v2,10,0,bar_p4,bar_p4|halfcheetah-expert-v2|T=10|seed=0,2,mart_mu1,mart_mu2,512,False,0.008192637373764862,529.728515625,532.0864868164062,-2.3580298498272896,0.04561665927412728,0.06493514275027548,0.019318483476148198
rollout_common,halfcheetah-expert-v2,10,0,bar_p4,bar_p4|halfcheetah-expert-v2|T=10|seed=0,3,mart_mu2,mart_mu3,512,False,0.008225566879846508,520.8854370117188,529.728515625,-8.843014471232891,0.04149053401979388,0.11422934097237053,0.07273880695257665
rollout_common,halfcheetah-expert-v2,10,0,bar_p4,bar_p4|halfcheetah-expert-v2|T=10|seed=0,4,mart_mu3,mart_mu4,512,False,0.008347192661729364,546.8497314453125,520.8854370117188,25.964294590055943,0.2127095203183396,-0.004019448950754789,-0.21672896926909438
dataset,halfcheetah-expert-v2,10,1,bar_p4,bar_p4|halfcheetah-expert-v2|T=10|seed=1,1,dataset_action,mart_mu1,2048,False,0.004815037206102308,1037.3739013671875,1035.8939208984375,1.4799709599465132,0.027922720198966952,0.02079660496287354,-0.00712611523609341
dataset,halfcheetah-expert-v2,10,1,bar_p4,bar_p4|halfcheetah-expert-v2|T=10|seed=1,2,mart_mu1,mart_mu2,2048,False,0.004815037206102308,1037.9727783203125,1037.3739013671875,0.5989668648689985,0.0031474885736893,0.0002634408341226184,-0.0028840477395666816
dataset,halfcheetah-expert-v2,10,1,bar_p4,bar_p4|halfcheetah-expert-v2|T=10|seed=1,3,mart_mu2,mart_mu3,2048,False,0.004812308790978797,1038.289794921875,1037.9727783203125,0.3170824870467186,0.0024510742006616753,0.0009251753607813309,-0.0015258988398803445
dataset,halfcheetah-expert-v2,10,1,bar_p4,bar_p4|halfcheetah-expert-v2|T=10|seed=1,4,mart_mu3,mart_mu4,2048,False,0.004810924552650836,1038.529296875,1038.289794921875,0.23940097074955702,0.003017704592285097,0.0018659645841776083,-0.0011517400081074885
dataset,halfcheetah-expert-v2,10,1,two_actor_p4,two_actor_p4|halfcheetah-expert-v2|T=10|seed=1,1,dataset_action,two_actor_target,2048,False,0.004800603821340823,1040.25341796875,1038.6572265625,1.5962556172162294,0.028493975001612094,0.020830984185767107,-0.007662990815844985
dataset,halfcheetah-expert-v2,10,1,two_actor_p4,two_actor_p4|halfcheetah-expert-v2|T=10|seed=1,1,dataset_action,two_actor_deploy,2048,False,0.019178975030211314,1041.5496826171875,1038.6572265625,2.8924790658056736,0.041000631893770824,-0.014474151884725138,-0.05547478377849596
rollout_common,halfcheetah-expert-v2,10,1,bar_p4,bar_p4|halfcheetah-expert-v2|T=10|seed=1,2,mart_mu1,mart_mu2,512,False,0.008242730696841893,580.307373046875,569.5403442382812,10.767033249139786,0.07137871980592983,-0.017371035670671997,-0.08874975547660183
rollout_common,halfcheetah-expert-v2,10,1,bar_p4,bar_p4|halfcheetah-expert-v2|T=10|seed=1,3,mart_mu2,mart_mu3,512,False,0.008098990371406347,580.6085205078125,580.307373046875,0.30115893483161926,0.15534659966502237,0.1529075163515581,-0.002439083313464276
rollout_common,halfcheetah-expert-v2,10,1,bar_p4,bar_p4|halfcheetah-expert-v2|T=10|seed=1,4,mart_mu3,mart_mu4,512,False,0.008095984844869326,578.4441528320312,580.6085205078125,-2.164345234632492,0.1077278513344681,0.12525035755311792,0.0175225062186498
dataset,halfcheetah-expert-v2,14,0,bar_p4,bar_p4|halfcheetah-expert-v2|T=14|seed=0,1,dataset_action,mart_mu1,2048,False,0.006522907292288712,1072.39013671875,1070.130126953125,2.2600950095802546,0.03008019858301136,0.015337808363754991,-0.01474239021925637
dataset,halfcheetah-expert-v2,14,0,bar_p4,bar_p4|halfcheetah-expert-v2|T=14|seed=0,2,mart_mu1,mart_mu2,2048,False,0.006522907292288712,1073.13916015625,1072.39013671875,0.749050909653306,0.003945842826910406,-0.0009401468139626371,-0.004885989640873043
dataset,halfcheetah-expert-v2,14,0,bar_p4,bar_p4|halfcheetah-expert-v2|T=14|seed=0,3,mart_mu2,mart_mu3,2048,False,0.006518357655160147,1073.5283203125,1073.13916015625,0.3891640082001686,0.0030756445449679182,0.0005389343530035427,-0.0025367101919643756
dataset,halfcheetah-expert-v2,14,0,bar_p4,bar_p4|halfcheetah-expert-v2|T=14|seed=0,4,mart_mu3,mart_mu4,2048,False,0.006516005250009077,1073.771484375,1073.5283203125,0.24317381158471107,0.0032098750253526168,0.0016253531924019214,-0.0015845218329506954
dataset,halfcheetah-expert-v2,14,0,two_actor_p4,two_actor_p4|halfcheetah-expert-v2|T=14|seed=0,1,dataset_action,two_actor_target,2048,False,0.006566201096574097,1065.095458984375,1063.1341552734375,1.961353452410549,0.029490515268437364,0.01661187407844983,-0.012878641189987536
dataset,halfcheetah-expert-v2,14,0,two_actor_p4,two_actor_p4|halfcheetah-expert-v2|T=14|seed=0,1,dataset_action,two_actor_deploy,2048,False,0.026234215052842687,1066.34130859375,1063.1341552734375,3.2070527006872,0.04718525891313979,-0.03694925132248814,-0.08413451023562793
rollout_common,halfcheetah-expert-v2,14,0,bar_p4,bar_p4|halfcheetah-expert-v2|T=14|seed=0,2,mart_mu1,mart_mu2,512,False,0.014019457274143504,380.95404052734375,378.01983642578125,2.934204265475273,0.03576020547847953,-0.005375745854960687,-0.04113595133344022
rollout_common,halfcheetah-expert-v2,14,0,bar_p4,bar_p4|halfcheetah-expert-v2|T=14|seed=0,3,mart_mu2,mart_mu3,512,False,0.013937470206196309,373.67041015625,380.95404052734375,-7.283608369529247,0.05341384989963859,0.15492892454355456,0.10151507464391596
rollout_common,halfcheetah-expert-v2,14,0,bar_p4,bar_p4|halfcheetah-expert-v2|T=14|seed=0,4,mart_mu3,mart_mu4,512,False,0.01414717061129237,384.4339599609375,373.67041015625,10.763519082218409,0.1913865646206888,0.03911322378664389,-0.1522733408340449
dataset,halfcheetah-expert-v2,14,1,bar_p4,bar_p4|halfcheetah-expert-v2|T=14|seed=1,1,dataset_action,mart_mu1,2048,False,0.006558402243365349,1066.4783935546875,1064.4637451171875,2.0146086364984512,0.029860150196538347,0.016647536395423698,-0.01321261380111465
dataset,halfcheetah-expert-v2,14,1,bar_p4,bar_p4|halfcheetah-expert-v2|T=14|seed=1,2,mart_mu1,mart_mu2,2048,False,0.006558402243365349,1067.210693359375,1066.4783935546875,0.7323026321828365,0.004185636535838029,-0.0006170986898922362,-0.004802735225730265
dataset,halfcheetah-expert-v2,14,1,bar_p4,bar_p4|halfcheetah-expert-v2|T=14|seed=1,3,mart_mu2,mart_mu3,2048,False,0.006553920574207547,1067.638671875,1067.210693359375,0.42795291543006897,0.0032933640437515497,0.0004885946265223181,-0.0028047694172292316
dataset,halfcheetah-expert-v2,14,1,bar_p4,bar_p4|halfcheetah-expert-v2|T=14|seed=1,4,mart_mu3,mart_mu4,2048,False,0.006551304416798835,1067.9412841796875,1067.638671875,0.30266400054097176,0.0033393646868491137,0.0013565206832990406,-0.001982844003550073
dataset,halfcheetah-expert-v2,14,1,two_actor_p4,two_actor_p4|halfcheetah-expert-v2|T=14|seed=1,1,dataset_action,two_actor_target,2048,False,0.006595062966264044,1060.2294921875,1058.3758544921875,1.8536956924945116,0.029837723027463976,0.01761248321517024,-0.012225239812293735
dataset,halfcheetah-expert-v2,14,1,two_actor_p4,two_actor_p4|halfcheetah-expert-v2|T=14|seed=1,1,dataset_action,two_actor_deploy,2048,False,0.026349535449995787,1061.469482421875,1058.3758544921875,3.0935448678210378,0.04665094049479862,-0.03486252966600435,-0.08151347016080297
rollout_common,halfcheetah-expert-v2,14,1,bar_p4,bar_p4|halfcheetah-expert-v2|T=14|seed=1,2,mart_mu1,mart_mu2,512,False,0.01286983607355321,443.99066162109375,442.68927001953125,1.3014009445905685,0.13634460934461426,0.11959579252176633,-0.01674881682284792
rollout_common,halfcheetah-expert-v2,14,1,bar_p4,bar_p4|halfcheetah-expert-v2|T=14|seed=1,3,mart_mu2,mart_mu3,512,False,0.012844662415973516,444.6187744140625,443.99066162109375,0.6280997768044472,0.12656021792466543,0.118492488328064,-0.008067729596601436
rollout_common,halfcheetah-expert-v2,14,1,bar_p4,bar_p4|halfcheetah-expert-v2|T=14|seed=1,4,mart_mu3,mart_mu4,512,False,0.012830994848468441,446.73358154296875,444.6187744140625,2.1147896721959114,0.12436370725334113,0.09722885186380112,-0.027134855389540004
dataset,halfcheetah-expert-v2,20,0,bar_p4,bar_p4|halfcheetah-expert-v2|T=20|seed=0,1,dataset_action,mart_mu1,2048,False,0.00907884519633846,1100.498779296875,1098.0655517578125,2.4331381637603045,0.03292312723275662,0.010833042502673602,-0.02209008473008302
dataset,halfcheetah-expert-v2,20,0,bar_p4,bar_p4|halfcheetah-expert-v2|T=20|seed=0,2,mart_mu1,mart_mu2,2048,False,0.00907884519633846,1101.25048828125,1100.498779296875,0.7517896145582199,0.005693047059352088,-0.001132334471436949,-0.006825381530789037
dataset,halfcheetah-expert-v2,20,0,bar_p4,bar_p4|halfcheetah-expert-v2|T=20|seed=0,3,mart_mu2,mart_mu3,2048,False,0.009072657447561633,1101.6839599609375,1101.25048828125,0.43338804692029953,0.004272166670665532,0.000340185379089886,-0.003931981291575646
dataset,halfcheetah-expert-v2,20,0,bar_p4,bar_p4|halfcheetah-expert-v2|T=20|seed=0,4,mart_mu3,mart_mu4,2048,False,0.009069097837952973,1101.92041015625,1101.6839599609375,0.2364993691444397,0.004454187356570113,0.002309351439185033,-0.00214483591738508
dataset,halfcheetah-expert-v2,20,0,two_actor_p4,two_actor_p4|halfcheetah-expert-v2|T=20|seed=0,1,dataset_action,two_actor_target,2048,False,0.00906708424017706,1101.895751953125,1099.2637939453125,2.63193435780704,0.03334295893540413,0.009478988398551384,-0.023863970536852745
dataset,halfcheetah-expert-v2,20,0,two_actor_p4,two_actor_p4|halfcheetah-expert-v2|T=20|seed=0,1,dataset_action,two_actor_deploy,2048,False,0.03621880452117139,1103.4068603515625,1099.2637939453125,4.143043028190732,0.06259762856603122,-0.08745843699481086,-0.15005606556084208
rollout_common,halfcheetah-expert-v2,20,0,bar_p4,bar_p4|halfcheetah-expert-v2|T=20|seed=0,2,mart_mu1,mart_mu2,512,False,0.01731316828088302,563.7833251953125,577.5950317382812,-13.81170779466629,0.24176493096137394,0.4808893522568151,0.23912442129544118
rollout_common,halfcheetah-expert-v2,20,0,bar_p4,bar_p4|halfcheetah-expert-v2|T=20|seed=0,3,mart_mu2,mart_mu3,512,False,0.017737310657065585,566.6302490234375,563.7833251953125,2.8469568490982056,0.21123886166686123,0.16074150360714579,-0.05049735805971546
rollout_common,halfcheetah-expert-v2,20,0,bar_p4,bar_p4|halfcheetah-expert-v2|T=20|seed=0,4,mart_mu3,mart_mu4,512,False,0.01764819297873061,567.251708984375,566.6302490234375,0.6213787794113159,0.2124137172242743,0.20144750461233532,-0.010966212611938982
dataset,halfcheetah-expert-v2,20,1,bar_p4,bar_p4|halfcheetah-expert-v2|T=20|seed=1,1,dataset_action,mart_mu1,2048,False,0.007917123789250543,1261.4542236328125,1256.099609375,5.354663535952568,0.038799788582524905,-0.0035937454813976047,-0.04239353406392251
dataset,halfcheetah-expert-v2,20,1,bar_p4,bar_p4|halfcheetah-expert-v2|T=20|seed=1,2,mart_mu1,mart_mu2,2048,False,0.007917123789250543,1262.80419921875,1261.4542236328125,1.3500035852193832,0.006766991872545849,-0.003921153627568052,-0.010688145500113901
dataset,halfcheetah-expert-v2,20,1,bar_p4,bar_p4|halfcheetah-expert-v2|T=20|seed=1,3,mart_mu2,mart_mu3,2048,False,0.00790868022404311,1263.506103515625,1262.80419921875,0.7019422799348831,0.00627875822386102,0.0007273211961202767,-0.005551437027740743
dataset,halfcheetah-expert-v2,20,1,bar_p4,bar_p4|halfcheetah-expert-v2|T=20|seed=1,4,mart_mu3,mart_mu4,2048,False,0.007904296256656514,1263.822021484375,1263.506103515625,0.31589843332767487,0.005516051772824305,0.003019096968788707,-0.0024969548040355977
dataset,halfcheetah-expert-v2,20,1,two_actor_p4,two_actor_p4|halfcheetah-expert-v2|T=20|seed=1,1,dataset_action,two_actor_target,2048,False,0.008354575010107619,1195.841796875,1191.619384765625,4.222479410469532,0.03714619383201243,0.001869172868609728,-0.035277020963402704
dataset,halfcheetah-expert-v2,20,1,two_actor_p4,two_actor_p4|halfcheetah-expert-v2|T=20|seed=1,1,dataset_action,two_actor_deploy,2048,False,0.03335009927545321,1198.3505859375,1191.619384765625,6.731248456984758,0.0838349213096158,-0.14065288297856715,-0.22448780428818293
rollout_common,halfcheetah-expert-v2,20,1,bar_p4,bar_p4|halfcheetah-expert-v2|T=20|seed=1,2,mart_mu1,mart_mu2,512,False,0.02286512071600008,446.20635986328125,437.34735107421875,8.859048068523407,0.38748927553865037,0.1849260720230153,-0.20256320351563506
rollout_common,halfcheetah-expert-v2,20,1,bar_p4,bar_p4|halfcheetah-expert-v2|T=20|seed=1,3,mart_mu2,mart_mu3,512,False,0.02241115518983833,427.1181640625,446.20635986328125,-19.08823174238205,0.5181209910795558,0.945910314957678,0.42778932387812224
rollout_common,halfcheetah-expert-v2,20,1,bar_p4,bar_p4|halfcheetah-expert-v2|T=20|seed=1,4,mart_mu3,mart_mu4,512,False,0.023412724669616206,442.7447814941406,427.1181640625,15.626633167266846,0.44253636352098286,0.07667430366267158,-0.3658620598583113
dataset,halfcheetah-expert-v2,4,0,bar_p4,bar_p4|halfcheetah-expert-v2|T=4|seed=0,1,dataset_action,mart_mu1,2048,False,0.002038779109693922,980.0233154296875,978.9003295898438,1.1229600198566914,0.026040980799755406,0.02375151337025011,-0.002289467429505294
dataset,halfcheetah-expert-v2,4,0,bar_p4,bar_p4|halfcheetah-expert-v2|T=4|seed=0,2,mart_mu1,mart_mu2,2048,False,0.002038779109693922,980.4637451171875,980.0233154296875,0.4404688058421016,0.002180388733572573,0.001282370133749868,-0.0008980185998227048
dataset,halfcheetah-expert-v2,4,0,bar_p4,bar_p4|halfcheetah-expert-v2|T=4|seed=0,3,mart_mu2,mart_mu3,2048,False,0.0020378795061830987,980.7415771484375,980.4637451171875,0.27785719372332096,0.0016507483739674961,0.0010845088932331932,-0.0005662394807343029
dataset,halfcheetah-expert-v2,4,0,bar_p4,bar_p4|halfcheetah-expert-v2|T=4|seed=0,4,mart_mu3,mart_mu4,2048,False,0.0020373228979364212,980.95654296875,980.7415771484375,0.21490475721657276,0.0020434311325638393,0.0016056007498110483,-0.00043783038275279105
dataset,halfcheetah-expert-v2,4,0,two_actor_p4,two_actor_p4|halfcheetah-expert-v2|T=4|seed=0,1,dataset_action,two_actor_target,2048,False,0.002028903828284103,984.950927734375,983.8692016601562,1.0817335657775402,0.02617599730153899,0.023981263928749524,-0.002194733372789465
dataset,halfcheetah-expert-v2,4,0,two_actor_p4,two_actor_p4|halfcheetah-expert-v2|T=4|seed=0,1,dataset_action,two_actor_deploy,2048,False,0.008107715726134435,985.9212036132812,983.8692016601562,2.0520012760534883,0.030336282165314393,0.0136992391494076,-0.016637043015906794
rollout_common,halfcheetah-expert-v2,4,0,bar_p4,bar_p4|halfcheetah-expert-v2|T=4|seed=0,2,mart_mu1,mart_mu2,512,False,0.0020237350354028955,989.174560546875,988.2716674804688,0.9028269052505493,0.006324914158296488,0.004497831719236581,-0.001827082439059907
rollout_common,halfcheetah-expert-v2,4,0,bar_p4,bar_p4|halfcheetah-expert-v2|T=4|seed=0,3,mart_mu2,mart_mu3,512,False,0.002021887822178112,989.681884765625,989.174560546875,0.5073105096817017,0.004672865514819332,0.003647140573230928,-0.0010257249415884038
rollout_common,halfcheetah-expert-v2,4,0,bar_p4,bar_p4|halfcheetah-expert-v2|T=4|seed=0,4,mart_mu3,mart_mu4,512,False,0.0020208513753414673,990.0474853515625,989.681884765625,0.3656470775604248,0.005089103148870022,0.00435018474929245,-0.0007389183995775726
dataset,halfcheetah-expert-v2,4,1,bar_p4,bar_p4|halfcheetah-expert-v2|T=4|seed=1,1,dataset_action,mart_mu1,2048,False,0.002024164699528544,986.6680297851562,985.60302734375,1.0650205165147781,0.02673049245880302,0.02457471552500015,-0.002155776933802871
dataset,halfcheetah-expert-v2,4,1,bar_p4,bar_p4|halfcheetah-expert-v2|T=4|seed=1,2,mart_mu1,mart_mu2,2048,False,0.002024164699528544,987.1100463867188,986.6680297851562,0.441986259073019,0.0020191769880880846,0.0011245240047958018,-0.0008946529832922829
dataset,halfcheetah-expert-v2,4,1,bar_p4,bar_p4|halfcheetah-expert-v2|T=4|seed=1,3,mart_mu2,mart_mu3,2048,False,0.0020232696988534424,987.373779296875,987.1100463867188,0.2637408599257469,0.0018943605687029806,0.0013607416784656668,-0.0005336188902373139
dataset,halfcheetah-expert-v2,4,1,bar_p4,bar_p4|halfcheetah-expert-v2|T=4|seed=1,4,mart_mu3,mart_mu4,2048,False,0.0020227330283056413,987.5721435546875,987.373779296875,0.19839606061577797,0.0023553154746259832,0.0019540132101327212,-0.00040130226449326217
dataset,halfcheetah-expert-v2,4,1,two_actor_p4,two_actor_p4|halfcheetah-expert-v2|T=4|seed=1,1,dataset_action,two_actor_target,2048,False,0.002032094161884639,983.1452026367188,982.05859375,1.08658517152071,0.026146355417584626,0.023938312034146973,-0.002208043383437654
dataset,halfcheetah-expert-v2,4,1,two_actor_p4,two_actor_p4|halfcheetah-expert-v2|T=4|seed=1,1,dataset_action,two_actor_deploy,2048,False,0.00812018859632157,984.1553344726562,982.05859375,2.0967281199991703,0.03087978882730529,0.013853961057701258,-0.01702582776960403
rollout_common,halfcheetah-expert-v2,4,1,bar_p4,bar_p4|halfcheetah-expert-v2|T=4|seed=1,2,mart_mu1,mart_mu2,512,False,0.002035709655335055,972.6373901367188,972.0443725585938,0.5930266082286835,0.006290348353160723,0.005083118360918994,-0.00120722999224173
rollout_common,halfcheetah-expert-v2,4,1,bar_p4,bar_p4|halfcheetah-expert-v2|T=4|seed=1,3,mart_mu2,mart_mu3,512,False,0.0020346807235649403,972.7274169921875,972.6373901367188,0.09010902047157288,0.005108687240931197,0.0049253441539583685,-0.0001833430869728279
rollout_common,halfcheetah-expert-v2,4,1,bar_p4,bar_p4|halfcheetah-expert-v2|T=4|seed=1,4,mart_mu3,mart_mu4,512,False,0.0020346632887247363,973.0120849609375,972.7274169921875,0.2846054434776306,0.007593264968306559,0.007014188720691401,-0.000579076247615158
dataset,halfcheetah-expert-v2,7,0,bar_p4,bar_p4|halfcheetah-expert-v2|T=7|seed=0,1,dataset_action,mart_mu1,2048,False,0.0034499411068314094,1013.5324096679688,1012.13916015625,1.3932210057973862,0.026779721190635795,0.02197319077183439,-0.004806530418801404
dataset,halfcheetah-expert-v2,7,0,bar_p4,bar_p4|halfcheetah-expert-v2|T=7|seed=0,2,mart_mu1,mart_mu2,2048,False,0.0034499411068314094,1014.086669921875,1013.5324096679688,0.5542113594710827,0.002502098656503116,0.000590102105590909,-0.0019119965509122071
dataset,halfcheetah-expert-v2,7,0,bar_p4,bar_p4|halfcheetah-expert-v2|T=7|seed=0,3,mart_mu2,mart_mu3,2048,False,0.0034480566976058387,1014.4392700195312,1014.086669921875,0.3526368588209152,0.002240418601832259,0.0010245067189521178,-0.0012159118828801412
dataset,halfcheetah-expert-v2,7,0,bar_p4,bar_p4|halfcheetah-expert-v2|T=7|seed=0,4,mart_mu3,mart_mu4,2048,False,0.0034468618580142615,1014.6844482421875,1014.4392700195312,0.2451594416052103,0.0021831009086774366,0.0013380701802763626,-0.000845030728401074
dataset,halfcheetah-expert-v2,7,0,two_actor_p4,two_actor_p4|halfcheetah-expert-v2|T=7|seed=0,1,dataset_action,two_actor_target,2048,False,0.003455900562305741,1011.86181640625,1010.3155517578125,1.5463062797207385,0.027059160721824432,0.021715279980240632,-0.005343880741583799
dataset,halfcheetah-expert-v2,7,0,two_actor_p4,two_actor_p4|halfcheetah-expert-v2|T=7|seed=0,1,dataset_action,two_actor_deploy,2048,False,0.013806357064562286,1013.1339721679688,1010.3155517578125,2.818449958693236,0.036005597967522805,-0.00290692853079684,-0.038912526498319645
rollout_common,halfcheetah-expert-v2,7,0,bar_p4,bar_p4|halfcheetah-expert-v2|T=7|seed=0,2,mart_mu1,mart_mu2,512,False,0.005001997075775779,617.7119140625,616.5892333984375,1.1227255165576935,0.026505395975199176,0.020889526224478743,-0.005615869750720434
rollout_common,halfcheetah-expert-v2,7,0,bar_p4,bar_p4|halfcheetah-expert-v2|T=7|seed=0,3,mart_mu2,mart_mu3,512,False,0.00499481129119365,618.0819091796875,617.7119140625,0.37000354193150997,0.024530622934037138,0.022682525065015988,-0.001848097869021149
rollout_common,halfcheetah-expert-v2,7,0,bar_p4,bar_p4|halfcheetah-expert-v2|T=7|seed=0,4,mart_mu3,mart_mu4,512,False,0.004991581747354613,618.605224609375,618.0819091796875,0.5233054179698229,0.021254069656526545,0.0186419478838966,-0.0026121217726299446
dataset,halfcheetah-expert-v2,7,1,bar_p4,bar_p4|halfcheetah-expert-v2|T=7|seed=1,1,dataset_action,mart_mu1,2048,False,0.0034536678534081754,1012.439697265625,1011.1517333984375,1.2878911001607776,0.02695639574984046,0.022508447658524694,-0.004447948091315766
dataset,halfcheetah-expert-v2,7,1,bar_p4,bar_p4|halfcheetah-expert-v2|T=7|seed=1,2,mart_mu1,mart_mu2,2048,False,0.0034536678534081754,1012.9509887695312,1012.439697265625,0.5112897004000843,0.002598537921074199,0.0008327131190237307,-0.0017658248020504682
dataset,halfcheetah-expert-v2,7,1,bar_p4,bar_p4|halfcheetah-expert-v2|T=7|seed=1,3,mart_mu2,mart_mu3,2048,False,0.0034519252377092527,1013.2717895507812,1012.9509887695312,0.320837564766407,0.0020500294414513487,0.0009425221544290114,-0.0011075072870223373
dataset,halfcheetah-expert-v2,7,1,bar_p4,bar_p4|halfcheetah-expert-v2|T=7|seed=1,4,mart_mu3,mart_mu4,2048,False,0.0034508400586699037,1013.4886474609375,1013.2717895507812,0.21682257764041424,0.002361340861844981,0.0016131208252993744,-0.0007482200365456068
dataset,halfcheetah-expert-v2,7,1,two_actor_p4,two_actor_p4|halfcheetah-expert-v2|T=7|seed=1,1,dataset_action,two_actor_target,2048,False,0.0034351263440308565,1017.6317138671875,1016.343017578125,1.2886628899723291,0.026927139113214576,0.02250041927129569,-0.004426719841918885
dataset,halfcheetah-expert-v2,7,1,two_actor_p4,two_actor_p4|halfcheetah-expert-v2|T=7|seed=1,1,dataset_action,two_actor_deploy,2048,False,0.013725413801104336,1018.7660522460938,1016.343017578125,2.4230330400168896,0.03473904332100577,0.0014819121930261595,-0.03325713112797961
rollout_common,halfcheetah-expert-v2,7,1,bar_p4,bar_p4|halfcheetah-expert-v2|T=7|seed=1,2,mart_mu1,mart_mu2,512,False,0.005750194625175313,521.4387817382812,520.438232421875,1.0005287304520607,0.02666363961950877,0.02091040469132985,-0.005753234928178919
rollout_common,halfcheetah-expert-v2,7,1,bar_p4,bar_p4|halfcheetah-expert-v2|T=7|seed=1,3,mart_mu2,mart_mu3,512,False,0.00574084351335359,522.3701782226562,521.4387817382812,0.9313948750495911,0.01974205705164743,0.014395064824848206,-0.005346992226799223
rollout_common,halfcheetah-expert-v2,7,1,bar_p4,bar_p4|halfcheetah-expert-v2|T=7|seed=1,4,mart_mu3,mart_mu4,512,False,0.00573195932232931,522.1674194335938,522.3701782226562,-0.20274412631988525,0.035612676363589474,0.03677479744849625,0.0011621210849067775
dataset,halfcheetah-medium-replay-v2,10,1,bar_p4,bar_p4|halfcheetah-medium-replay-v2|T=10|seed=1,1,dataset_action,mart_mu1,2048,False,0.014648870534882785,332.1287536621094,329.7607727050781,2.367951436317526,0.1019627476640731,0.06727493364056791,-0.034687814023505174
dataset,halfcheetah-medium-replay-v2,10,1,bar_p4,bar_p4|halfcheetah-medium-replay-v2|T=10|seed=1,2,mart_mu1,mart_mu2,2048,False,0.014648870534882785,333.444580078125,332.1287536621094,1.3158577440772206,0.028140178809886503,0.008864349074576373,-0.01927582973531013
dataset,halfcheetah-medium-replay-v2,10,1,bar_p4,bar_p4|halfcheetah-medium-replay-v2|T=10|seed=1,3,mart_mu2,mart_mu3,2048,False,0.01459838921615631,334.2473449707031,333.444580078125,0.802763719460927,0.01734448224164642,0.005625425016346495,-0.011719057225299924
dataset,halfcheetah-medium-replay-v2,10,1,bar_p4,bar_p4|halfcheetah-medium-replay-v2|T=10|seed=1,4,mart_mu3,mart_mu4,2048,False,0.014567862420715696,334.70556640625,334.2473449707031,0.45822538435459137,0.01295559437521164,0.006280230018254383,-0.006675364356957258
dataset,halfcheetah-medium-replay-v2,10,1,two_actor_p4,two_actor_p4|halfcheetah-medium-replay-v2|T=10|seed=1,1,dataset_action,two_actor_target,2048,False,0.014583951006515432,333.530029296875,331.2518310546875,2.2781768906861544,0.10170349448318956,0.06847867432524703,-0.033224820157942536
dataset,halfcheetah-medium-replay-v2,10,1,two_actor_p4,two_actor_p4|halfcheetah-medium-replay-v2|T=10|seed=1,1,dataset_action,two_actor_deploy,2048,False,0.057921612983119035,336.389404296875,331.2518310546875,5.137573533807881,0.1899198715638323,-0.10765667433370299,-0.2975765458975353
rollout_common,halfcheetah-medium-replay-v2,10,1,bar_p4,bar_p4|halfcheetah-medium-replay-v2|T=10|seed=1,2,mart_mu1,mart_mu2,512,False,0.011232091288160374,445.892822265625,445.153076171875,0.7397327423095703,0.023827115455764065,0.015518369765301757,-0.008308745690462308
rollout_common,halfcheetah-medium-replay-v2,10,1,bar_p4,bar_p4|halfcheetah-medium-replay-v2|T=10|seed=1,3,mart_mu2,mart_mu3,512,False,0.011213456999332383,446.4288330078125,445.892822265625,0.5360322594642639,0.018794021547285183,0.012783246855527682,-0.006010774691757502
rollout_common,halfcheetah-medium-replay-v2,10,1,bar_p4,bar_p4|halfcheetah-medium-replay-v2|T=10|seed=1,4,mart_mu3,mart_mu4,512,False,0.011199993412415874,446.57647705078125,446.4288330078125,0.14763373136520386,0.014421051945403468,0.01276755512666281,-0.001653496818740658
dataset,halfcheetah-medium-replay-v2,14,0,bar_p4,bar_p4|halfcheetah-medium-replay-v2|T=14|seed=0,1,dataset_action,mart_mu1,2048,False,0.019444160882499013,349.7962341308594,347.2622985839844,2.5339126521139406,0.10407097747502049,0.05480117220511728,-0.04926980526990321
dataset,halfcheetah-medium-replay-v2,14,0,bar_p4,bar_p4|halfcheetah-medium-replay-v2|T=14|seed=0,2,mart_mu1,mart_mu2,2048,False,0.019444160882499013,351.1063537597656,349.7962341308594,1.3101434031268582,0.03223319850841053,0.0067585593988671346,-0.025474639109543392
dataset,halfcheetah-medium-replay-v2,14,0,bar_p4,bar_p4|halfcheetah-medium-replay-v2|T=14|seed=0,3,mart_mu2,mart_mu3,2048,False,0.01938284114284393,351.8953857421875,351.1063537597656,0.7890206245938316,0.020828573202209148,0.005535111777279415,-0.015293461424929733
dataset,halfcheetah-medium-replay-v2,14,0,bar_p4,bar_p4|halfcheetah-medium-replay-v2|T=14|seed=0,4,mart_mu3,mart_mu4,2048,False,0.019346267227575507,352.3531799316406,351.8953857421875,0.45779726607725024,0.017304944324786905,0.008448276079202933,-0.008856668245583971
dataset,halfcheetah-medium-replay-v2,14,0,two_actor_p4,two_actor_p4|halfcheetah-medium-replay-v2|T=14|seed=0,1,dataset_action,two_actor_target,2048,False,0.019626392075796466,348.35595703125,346.0006408691406,2.3553192931140075,0.10774948939237476,0.06152306948203147,-0.04622641991034329
dataset,halfcheetah-medium-replay-v2,14,0,two_actor_p4,two_actor_p4|halfcheetah-medium-replay-v2|T=14|seed=0,1,dataset_action,two_actor_deploy,2048,False,0.07796373690376668,351.1181640625,346.0006408691406,5.117509577903547,0.21606696513151066,-0.18291320520266754,-0.3989801703341782
rollout_common,halfcheetah-medium-replay-v2,14,0,bar_p4,bar_p4|halfcheetah-medium-replay-v2|T=14|seed=0,2,mart_mu1,mart_mu2,512,False,0.015189381174048416,461.5618896484375,460.8482666015625,0.7136313319206238,0.029653571014357016,0.018813952696070797,-0.010839618318286219
rollout_common,halfcheetah-medium-replay-v2,14,0,bar_p4,bar_p4|halfcheetah-medium-replay-v2|T=14|seed=0,3,mart_mu2,mart_mu3,512,False,0.015165896799161352,462.0477294921875,461.5618896484375,0.485848069190979,0.023056445577403727,0.015688123899981535,-0.007368321677422191
rollout_common,halfcheetah-medium-replay-v2,14,0,bar_p4,bar_p4|halfcheetah-medium-replay-v2|T=14|seed=0,4,mart_mu3,mart_mu4,512,False,0.015149949968466211,462.12640380859375,462.0477294921875,0.0786544680595398,0.022380146784980664,0.021188535529082314,-0.0011916112558983515
dataset,halfcheetah-medium-replay-v2,14,1,bar_p4,bar_p4|halfcheetah-medium-replay-v2|T=14|seed=1,1,dataset_action,mart_mu1,2048,False,0.019316454344525426,356.0825500488281,353.38458251953125,2.697960082005011,0.10738919362469083,0.05527417087728897,-0.052115022747401867
dataset,halfcheetah-medium-replay-v2,14,1,bar_p4,bar_p4|halfcheetah-medium-replay-v2|T=14|seed=1,2,mart_mu1,mart_mu2,2048,False,0.019316454344525426,357.3759460449219,356.0825500488281,1.2934015478531364,0.030822116223466662,0.005838184275223035,-0.024983931948243627
dataset,halfcheetah-medium-replay-v2,14,1,bar_p4,bar_p4|halfcheetah-medium-replay-v2|T=14|seed=1,3,mart_mu2,mart_mu3,2048,False,0.019256613531293616,358.0843505859375,357.3759460449219,0.7084243764402345,0.018236106187587486,0.004594251754330224,-0.013641854433257262
dataset,halfcheetah-medium-replay-v2,14,1,bar_p4,bar_p4|halfcheetah-medium-replay-v2|T=14|seed=1,4,mart_mu3,mart_mu4,2048,False,0.01922197650166113,358.52490234375,358.0843505859375,0.4405046648462303,0.01652454362893122,0.008057173312384867,-0.008467370316546352
dataset,halfcheetah-medium-replay-v2,14,1,two_actor_p4,two_actor_p4|halfcheetah-medium-replay-v2|T=14|seed=1,1,dataset_action,two_actor_target,2048,False,0.019529121772734182,350.9801025390625,348.5942687988281,2.3858357234857976,0.10730400063802847,0.06071072426433497,-0.0465932763736935
dataset,halfcheetah-medium-replay-v2,14,1,two_actor_p4,two_actor_p4|halfcheetah-medium-replay-v2|T=14|seed=1,1,dataset_action,two_actor_deploy,2048,False,0.07762851524128943,353.517333984375,348.5942687988281,4.923065299226437,0.21237221538958106,-0.1697980342252815,-0.38217024961486257
rollout_common,halfcheetah-medium-replay-v2,14,1,bar_p4,bar_p4|halfcheetah-medium-replay-v2|T=14|seed=1,2,mart_mu1,mart_mu2,512,False,0.014967350893831608,468.3074951171875,467.68463134765625,0.6228783130645752,0.020755543103996757,0.011432704828201364,-0.009322838275795393
rollout_common,halfcheetah-medium-replay-v2,14,1,bar_p4,bar_p4|halfcheetah-medium-replay-v2|T=14|seed=1,3,mart_mu2,mart_mu3,512,False,0.014947443844136859,468.68206787109375,468.3074951171875,0.3745764493942261,0.022357129383825346,0.01675816894116898,-0.0055989604426563665
rollout_common,halfcheetah-medium-replay-v2,14,1,bar_p4,bar_p4|halfcheetah-medium-replay-v2|T=14|seed=1,4,mart_mu3,mart_mu4,512,False,0.014935497781813536,468.8924865722656,468.68206787109375,0.21041840314865112,0.019035836657573454,0.01589313306409403,-0.0031427035934794255
dataset,halfcheetah-medium-replay-v2,20,0,bar_p4,bar_p4|halfcheetah-medium-replay-v2|T=20|seed=0,1,dataset_action,mart_mu1,2048,False,0.026373153656764327,368.5366516113281,365.6883850097656,2.848270293092355,0.1171927776453902,0.04207490754966835,-0.07511787009572185
dataset,halfcheetah-medium-replay-v2,20,0,bar_p4,bar_p4|halfcheetah-medium-replay-v2|T=20|seed=0,2,mart_mu1,mart_mu2,2048,False,0.026373153656764327,369.7853698730469,368.5366516113281,1.2487052739597857,0.037830943990244066,0.004898647928090645,-0.03293229606215342
dataset,halfcheetah-medium-replay-v2,20,0,bar_p4,bar_p4|halfcheetah-medium-replay-v2|T=20|seed=0,3,mart_mu2,mart_mu3,2048,False,0.026301274091427736,370.455322265625,369.7853698730469,0.6699722578632645,0.02164409185629011,0.004022967868575686,-0.017621123987714423
dataset,halfcheetah-medium-replay-v2,20,0,bar_p4,bar_p4|halfcheetah-medium-replay-v2|T=20|seed=0,4,mart_mu3,mart_mu4,2048,False,0.026263963181349385,370.86981201171875,370.455322265625,0.4144882171531208,0.019366739683209327,0.008480636408796614,-0.010886103274412712
dataset,halfcheetah-medium-replay-v2,20,0,two_actor_p4,two_actor_p4|halfcheetah-medium-replay-v2|T=20|seed=0,1,dataset_action,two_actor_target,2048,False,0.026387912063323332,369.18817138671875,366.54193115234375,2.6461905661271885,0.1170579666488492,0.04723052268708916,-0.06982744396176004
dataset,halfcheetah-medium-replay-v2,20,0,two_actor_p4,two_actor_p4|halfcheetah-medium-replay-v2|T=20|seed=0,1,dataset_action,two_actor_deploy,2048,False,0.10499865071217304,371.61529541015625,366.54193115234375,5.073342354269698,0.2496033614609826,-0.2830907403382551,-0.5326941017992377
rollout_common,halfcheetah-medium-replay-v2,20,0,bar_p4,bar_p4|halfcheetah-medium-replay-v2|T=20|seed=0,2,mart_mu1,mart_mu2,512,False,0.020663373188661717,484.6222839355469,483.9480895996094,0.6741765141487122,0.03881804606871448,0.024887285161828566,-0.013930760906885916
rollout_common,halfcheetah-medium-replay-v2,20,0,bar_p4,bar_p4|halfcheetah-medium-replay-v2|T=20|seed=0,3,mart_mu2,mart_mu3,512,False,0.020634626823506405,484.9129333496094,484.6222839355469,0.29067760705947876,0.02994058288641807,0.023942558938795898,-0.005998023947622175
rollout_common,halfcheetah-medium-replay-v2,20,0,bar_p4,bar_p4|halfcheetah-medium-replay-v2|T=20|seed=0,4,mart_mu3,mart_mu4,512,False,0.020622258743030898,485.22296142578125,484.9129333496094,0.3099864721298218,0.02913432660484869,0.02274170536974817,-0.006392621235100521
dataset,halfcheetah-medium-replay-v2,20,1,bar_p4,bar_p4|halfcheetah-medium-replay-v2|T=20|seed=1,1,dataset_action,mart_mu1,2048,False,0.026563822577656836,369.859619140625,366.9859619140625,2.8737049377232324,0.11560437338848069,0.03926778528226435,-0.07633658810621634
dataset,halfcheetah-medium-replay-v2,20,1,bar_p4,bar_p4|halfcheetah-medium-replay-v2|T=20|seed=1,2,mart_mu1,mart_mu2,2048,False,0.026563822577656836,371.02984619140625,369.859619140625,1.170195495360531,0.03255039221713765,0.0014655266972072555,-0.031084865519930397
dataset,halfcheetah-medium-replay-v2,20,1,bar_p4,bar_p4|halfcheetah-medium-replay-v2|T=20|seed=1,3,mart_mu2,mart_mu3,2048,False,0.026483512674285063,371.6397399902344,371.02984619140625,0.6098896748153493,0.022084239772739617,0.005932218839851719,-0.0161520209328879
dataset,halfcheetah-medium-replay-v2,20,1,bar_p4,bar_p4|halfcheetah-medium-replay-v2|T=20|seed=1,4,mart_mu3,mart_mu4,2048,False,0.02644167351824262,372.02581787109375,371.6397399902344,0.38607034308370203,0.018047210999611183,0.007838865032716016,-0.010208345966895167
dataset,halfcheetah-medium-replay-v2,20,1,two_actor_p4,two_actor_p4|halfcheetah-medium-replay-v2|T=20|seed=1,1,dataset_action,two_actor_target,2048,False,0.02643119706703912,371.42291259765625,368.5178527832031,2.9050665903487243,0.11565346922762669,0.03886908168524815,-0.07678438754237854
dataset,halfcheetah-medium-replay-v2,20,1,two_actor_p4,two_actor_p4|halfcheetah-medium-replay-v2|T=20|seed=1,1,dataset_action,two_actor_deploy,2048,False,0.10507998259330098,373.79150390625,368.5178527832031,5.273675769625697,0.24645787442800082,-0.30769988364698064,-0.5541577580749815
rollout_common,halfcheetah-medium-replay-v2,20,1,bar_p4,bar_p4|halfcheetah-medium-replay-v2|T=20|seed=1,2,mart_mu1,mart_mu2,512,False,0.021143498806882183,471.3197021484375,470.850830078125,0.4688545987010002,0.03815655459854319,0.028243327950307366,-0.009913226648235823
rollout_common,halfcheetah-medium-replay-v2,20,1,bar_p4,bar_p4|halfcheetah-medium-replay-v2|T=20|seed=1,3,mart_mu2,mart_mu3,512,False,0.021123095231448247,471.6290283203125,471.3197021484375,0.30930787697434425,0.030111021657490702,0.02357748191632455,-0.006533539741166152
rollout_common,halfcheetah-medium-replay-v2,20,1,bar_p4,bar_p4|halfcheetah-medium-replay-v2|T=20|seed=1,4,mart_mu3,mart_mu4,512,False,0.021109253613709418,471.9794006347656,471.6290283203125,0.35043109953403473,0.03454146437743122,0.027144125423236232,-0.007397338954194988
dataset,walker2d-expert-v2,10,0,bar_p4,bar_p4|walker2d-expert-v2|T=10|seed=0,1,dataset_action,mart_mu1,2048,False,0.009957533385372438,502.13238525390625,501.94146728515625,0.1909252107143402,0.02591266707045585,0.02401152291065854,-0.0019011441597973102
dataset,walker2d-expert-v2,10,0,bar_p4,bar_p4|walker2d-expert-v2|T=10|seed=0,2,mart_mu1,mart_mu2,2048,False,0.009957533385372438,502.23968505859375,502.13238525390625,0.10731068253517151,0.0017972212710285677,0.0007286715670774945,-0.0010685497039510732
dataset,walker2d-expert-v2,10,0,bar_p4,bar_p4|walker2d-expert-v2|T=10|seed=0,3,mart_mu2,mart_mu3,2048,False,0.009955406031805848,502.3228759765625,502.23968505859375,0.08318465948104858,0.001520342912403631,0.0006922058516522844,-0.0008281370607513466
dataset,walker2d-expert-v2,10,0,bar_p4,bar_p4|walker2d-expert-v2|T=10|seed=0,4,mart_mu3,mart_mu4,2048,False,0.009953757292708951,502.38671875,502.3228759765625,0.06385928392410278,0.001593584154848865,0.0009579443417821554,-0.0006356398130667096
dataset,walker2d-expert-v2,10,0,two_actor_p4,two_actor_p4|walker2d-expert-v2|T=10|seed=0,1,dataset_action,two_actor_target,2048,False,0.009977666547105093,501.1191711425781,500.9219055175781,0.19726595282554626,0.0259591705517328,0.023990916653342534,-0.0019682538983902646
dataset,walker2d-expert-v2,10,0,two_actor_p4,two_actor_p4|walker2d-expert-v2|T=10|seed=0,1,dataset_action,two_actor_deploy,2048,False,0.03988922842882416,501.38848876953125,500.9219055175781,0.4665939062833786,0.03278514998220166,0.014173079070966599,-0.01861207091123506
rollout_common,walker2d-expert-v2,10,0,bar_p4,bar_p4|walker2d-expert-v2|T=10|seed=0,2,mart_mu1,mart_mu2,512,False,0.009645068069076113,518.4981079101562,518.399658203125,0.09842133522033691,0.0027083794386438924,0.0017590989609943845,-0.0009492804776495078
rollout_common,walker2d-expert-v2,10,0,bar_p4,bar_p4|walker2d-expert-v2|T=10|seed=0,3,mart_mu2,mart_mu3,512,False,0.009643236714034737,518.5426635742188,518.4981079101562,0.044546306133270264,0.0024024923108507796,0.001972921736071797,-0.0004295705747789826
rollout_common,walker2d-expert-v2,10,0,bar_p4,bar_p4|walker2d-expert-v2|T=10|seed=0,4,mart_mu3,mart_mu4,512,False,0.00964240812104739,518.597412109375,518.5426635742188,0.054774463176727295,0.00275479920688592,0.0022266414783246335,-0.0005281577285612865
dataset,walker2d-expert-v2,10,1,bar_p4,bar_p4|walker2d-expert-v2|T=10|seed=1,1,dataset_action,mart_mu1,2048,False,0.009976249758987362,501.1903381347656,500.99627685546875,0.19407300651073456,0.02579986865446493,0.023863747870036263,-0.0019361207844286684
dataset,walker2d-expert-v2,10,1,bar_p4,bar_p4|walker2d-expert-v2|T=10|seed=1,2,mart_mu1,mart_mu2,2048,False,0.009976249758987362,501.28387451171875,501.1903381347656,0.0935375839471817,0.0018019637690728039,0.0008688094697634723,-0.0009331542993093316
dataset,walker2d-expert-v2,10,1,bar_p4,bar_p4|walker2d-expert-v2|T=10|seed=1,3,mart_mu2,mart_mu3,2048,False,0.009974388254351726,501.365966796875,501.28387451171875,0.08208993077278137,0.0016732000178970778,0.000854403176596501,-0.0008187968413005768
dataset,walker2d-expert-v2,10,1,bar_p4,bar_p4|walker2d-expert-v2|T=10|seed=1,4,mart_mu3,mart_mu4,2048,False,0.00997275507544165,501.4615173339844,501.365966796875,0.09556333720684052,0.0019855450314754876,0.0010325152753198272,-0.0009530297561556605
dataset,walker2d-expert-v2,10,1,two_actor_p4,two_actor_p4|walker2d-expert-v2|T=10|seed=1,1,dataset_action,two_actor_target,2048,False,0.009985676044579447,500.71722412109375,500.5050964355469,0.21211260557174683,0.026213193328776235,0.024095105564565112,-0.0021180877642111213
dataset,walker2d-expert-v2,10,1,two_actor_p4,two_actor_p4|walker2d-expert-v2|T=10|seed=1,1,dataset_action,two_actor_deploy,2048,False,0.03992035413549248,500.99755859375,500.5050964355469,0.49245212972164154,0.03282783874107657,0.01316897532781116,-0.019658863413265414
rollout_common,walker2d-expert-v2,10,1,bar_p4,bar_p4|walker2d-expert-v2|T=10|seed=1,2,mart_mu1,mart_mu2,512,False,0.009661218139233178,517.64501953125,517.5330810546875,0.11195051670074463,0.0036924266404625393,0.0026108482778167785,-0.0010815783626457608
rollout_common,walker2d-expert-v2,10,1,bar_p4,bar_p4|walker2d-expert-v2|T=10|seed=1,3,mart_mu2,mart_mu3,512,False,0.00965912894297445,517.72216796875,517.64501953125,0.07713299989700317,0.004570963105965626,0.0038259255142020373,-0.0007450375917635886
rollout_common,walker2d-expert-v2,10,1,bar_p4,bar_p4|walker2d-expert-v2|T=10|seed=1,4,mart_mu3,mart_mu4,512,False,0.009657689586597176,517.78857421875,517.72216796875,0.06641817092895508,0.004636883091939598,0.003995437014198197,-0.0006414460777414007
dataset,walker2d-expert-v2,14,0,bar_p4,bar_p4|walker2d-expert-v2|T=14|seed=0,1,dataset_action,mart_mu1,2048,False,0.013893859164808469,503.8197021484375,503.589599609375,0.2300959825515747,0.02658021152947715,0.02338329035351734,-0.003196921175959806
dataset,walker2d-expert-v2,14,0,bar_p4,bar_p4|walker2d-expert-v2|T=14|seed=0,2,mart_mu1,mart_mu2,2048,False,0.013893859164808469,503.9460144042969,503.8197021484375,0.12631390988826752,0.002022676230082358,0.00026768855553846124,-0.0017549876745438966
dataset,walker2d-expert-v2,14,0,bar_p4,bar_p4|walker2d-expert-v2|T=14|seed=0,3,mart_mu2,mart_mu3,2048,False,0.013890376718990752,504.04144287109375,503.9460144042969,0.09543873369693756,0.001960556198998895,0.0006348762343649954,-0.0013256799646338996
dataset,walker2d-expert-v2,14,0,bar_p4,bar_p4|walker2d-expert-v2|T=14|seed=0,4,mart_mu3,mart_mu4,2048,False,0.01388774690080885,504.1173400878906,504.04144287109375,0.07586529850959778,0.0019734508090809735,0.0009198527448253686,-0.001053598064255605
dataset,walker2d-expert-v2,14,0,two_actor_p4,two_actor_p4|walker2d-expert-v2|T=14|seed=0,1,dataset_action,two_actor_target,2048,False,0.013896203373535117,503.7347106933594,503.49713134765625,0.23759005963802338,0.026440250894308927,0.023138651106048617,-0.00330159978826031
dataset,walker2d-expert-v2,14,0,two_actor_p4,two_actor_p4|walker2d-expert-v2|T=14|seed=0,1,dataset_action,two_actor_deploy,2048,False,0.05555025775992725,504.0480651855469,503.49713134765625,0.5509447157382965,0.037395926989955426,0.006790806019223206,-0.03060512097073222
rollout_common,walker2d-expert-v2,14,0,bar_p4,bar_p4|walker2d-expert-v2|T=14|seed=0,2,mart_mu1,mart_mu2,512,False,0.013431773013240386,521.2554931640625,521.15234375,0.1031067967414856,0.003968064220610246,0.0025831571306562974,-0.001384907089953948
rollout_common,walker2d-expert-v2,14,0,bar_p4,bar_p4|walker2d-expert-v2|T=14|seed=0,3,mart_mu2,mart_mu3,512,False,0.013429115046980753,521.3414306640625,521.2554931640625,0.08591568470001221,0.003541706000011149,0.002387934385834561,-0.001153771614176588
rollout_common,walker2d-expert-v2,14,0,bar_p4,bar_p4|walker2d-expert-v2|T=14|seed=0,4,mart_mu3,mart_mu4,512,False,0.013426901402516192,521.3937377929688,521.3414306640625,0.052327632904052734,0.004499458040657539,0.0037968600730277613,-0.0007025979676297781
dataset,walker2d-expert-v2,14,1,bar_p4,bar_p4|walker2d-expert-v2|T=14|seed=1,1,dataset_action,mart_mu1,2048,True,3.151830781161899e-12,2220931153920.0,1761574649856.0,459356543323.2843,0.4085362478313497,-1.0392778449431073,-1.447814092774457
dataset,walker2d-expert-v2,14,1,bar_p4,bar_p4|walker2d-expert-v2|T=14|seed=1,2,mart_mu1,mart_mu2,2048,True,3.151830781161899e-12,2242730786816.0,2220931153920.0,21799690528.38108,0.030474880807685855,-0.038234054819469135,-0.068708935627155
dataset,walker2d-expert-v2,14,1,bar_p4,bar_p4|walker2d-expert-v2|T=14|seed=1,3,mart_mu2,mart_mu3,2048,True,3.1211942176676533e-12,2248663367680.0,2242730786816.0,5932340168.583233,0.009042205397057265,-0.009473780434362275,-0.01851598583141954
dataset,walker2d-expert-v2,14,1,bar_p4,bar_p4|walker2d-expert-v2|T=14|seed=1,4,mart_mu3,mart_mu4,2048,True,3.1129603926540896e-12,2252466028544.0,2248663367680.0,3802725667.117583,0.006130044837900011,-0.005707689547966124,-0.011837734385866135
dataset,walker2d-expert-v2,14,1,two_actor_p4,two_actor_p4|walker2d-expert-v2|T=14|seed=1,1,dataset_action,two_actor_target,2048,True,3.3501869107733838e-12,2089435660288.0,1520421044224.0,569014679404.6571,0.4665194389128365,-1.439786092066559,-1.9063055309793955
dataset,walker2d-expert-v2,14,1,two_actor_p4,two_actor_p4|walker2d-expert-v2|T=14|seed=1,1,dataset_action,two_actor_deploy,2048,True,1.3238830113316746e-11,2114990505984.0,1520421044224.0,594569486479.4636,0.6334321811923325,-7.237972240871264,-7.871404422063597
rollout_common,walker2d-expert-v2,14,1,bar_p4,bar_p4|walker2d-expert-v2|T=14|seed=1,2,mart_mu1,mart_mu2,512,True,2.0383248349478507e-12,3438428553216.0,3434192568320.0,4235830528.0,0.008250628951585418,-0.00038336961026724965,-0.008633998561852667
rollout_common,walker2d-expert-v2,14,1,bar_p4,bar_p4|walker2d-expert-v2|T=14|seed=1,3,mart_mu2,mart_mu3,512,True,2.0358137130558736e-12,3434790780928.0,3438428553216.0,-3637753856.0,0.006323072687783549,0.01372886187255023,0.007405789184766681
rollout_common,walker2d-expert-v2,14,1,bar_p4,bar_p4|walker2d-expert-v2|T=14|seed=1,4,mart_mu3,mart_mu4,512,True,2.037969834689251e-12,3438469971968.0,3434790780928.0,3679328000.0,0.006302499371553415,-0.0011958601043741178,-0.007498359475927533
dataset,walker2d-expert-v2,20,0,bar_p4,bar_p4|walker2d-expert-v2|T=20|seed=0,1,dataset_action,mart_mu1,2048,True,4.190999573533325e-12,2386065620992.0,1722310983680.0,663754702768.8641,0.4953940762691483,-2.2864015999658998,-2.781795676235048
dataset,walker2d-expert-v2,20,0,bar_p4,bar_p4|walker2d-expert-v2|T=20|seed=0,2,mart_mu1,mart_mu2,2048,True,4.190999573533325e-12,2393751683072.0,2386065620992.0,7685879757.135803,0.014257016001430403,-0.017954502782954164,-0.032211518784384566
dataset,walker2d-expert-v2,20,0,bar_p4,bar_p4|walker2d-expert-v2|T=20|seed=0,3,mart_mu2,mart_mu3,2048,True,4.177542754629665e-12,2400452083712.0,2393751683072.0,6700677954.395317,0.11196101116667145,0.08396864252718057,-0.02799236863949088
dataset,walker2d-expert-v2,20,0,bar_p4,bar_p4|walker2d-expert-v2|T=20|seed=0,4,mart_mu3,mart_mu4,2048,True,4.165874667904843e-12,2355080200192.0,2400452083712.0,-45371976728.29372,0.38227237874827247,0.5712863472334393,0.18901396848516686
dataset,walker2d-expert-v2,20,0,two_actor_p4,two_actor_p4|walker2d-expert-v2|T=20|seed=0,1,dataset_action,two_actor_target,2048,True,4.769467665319086e-12,2096669786112.0,1527691476992.0,568978280396.386,0.49307781996010364,-2.2206456906593153,-2.713723510619419
dataset,walker2d-expert-v2,20,0,two_actor_p4,two_actor_p4|walker2d-expert-v2|T=20|seed=0,1,dataset_action,two_actor_deploy,2048,True,1.9275123393949102e-11,2075206615040.0,1527691476992.0,547515084480.32166,0.7577525855756567,-9.79566822783101,-10.553420813406667
rollout_common,walker2d-expert-v2,20,0,bar_p4,bar_p4|walker2d-expert-v2|T=20|seed=0,2,mart_mu1,mart_mu2,512,True,3.182914250261996e-12,3142791987200.0,3141774868480.0,1017100288.0,0.009756072840404728,0.006518729839783948,-0.00323734300062078
rollout_common,walker2d-expert-v2,20,0,bar_p4,bar_p4|walker2d-expert-v2|T=20|seed=0,3,mart_mu2,mart_mu3,512,True,3.1818841465576206e-12,3183620653056.0,3142791987200.0,40828660736.0,0.32159764217656267,0.19168557385550467,-0.129912068321058
rollout_common,walker2d-expert-v2,20,0,bar_p4,bar_p4|walker2d-expert-v2|T=20|seed=0,4,mart_mu3,mart_mu4,512,True,3.1410777507052754e-12,3127030841344.0,3183620653056.0,-56589961216.0,0.6210111257674937,0.7987645938563458,0.17775346808885206
dataset,walker2d-expert-v2,20,1,bar_p4,bar_p4|walker2d-expert-v2|T=20|seed=1,1,dataset_action,mart_mu1,2048,True,4.1346505857633604e-12,2418584059904.0,1932993757184.0,485590044178.4253,0.4546116965980868,-1.5531334640050953,-2.007745160603182
dataset,walker2d-expert-v2,20,1,bar_p4,bar_p4|walker2d-expert-v2|T=20|seed=1,2,mart_mu1,mart_mu2,2048,True,4.1346505857633604e-12,2443501371392.0,2418584059904.0,24917652064.998596,0.08884790605693539,-0.014177878649458658,-0.10302578470639405
dataset,walker2d-expert-v2,20,1,bar_p4,bar_p4|walker2d-expert-v2|T=20|seed=1,3,mart_mu2,mart_mu3,2048,True,4.092487983464178e-12,2445395623936.0,2443501371392.0,1894261189.7435913,0.0054119078051660455,-0.002340333351402159,-0.007752241156568205
dataset,walker2d-expert-v2,20,1,bar_p4,bar_p4|walker2d-expert-v2|T=20|seed=1,4,mart_mu3,mart_mu4,2048,True,4.0893178601115044e-12,2446944894976.0,2445395623936.0,1548881549.3255615,0.0037464582018645123,-0.0025874107809896844,-0.006333868982854197
dataset,walker2d-expert-v2,20,1,two_actor_p4,two_actor_p4|walker2d-expert-v2|T=20|seed=1,1,dataset_action,two_actor_target,2048,False,3.4573478235378463e-06,2892390.5,2826039.0,66351.80541992188,0.14821650354182095,-0.08118476651455261,-0.22940127005637356
dataset,walker2d-expert-v2,20,1,two_actor_p4,two_actor_p4|walker2d-expert-v2|T=20|seed=1,1,dataset_action,two_actor_deploy,2048,False,1.3155046279859582e-05,3040658.25,2826039.0,214619.16577148438,1.0642620855354825,-1.75906297273325,-2.8233250582687326
rollout_common,walker2d-expert-v2,20,1,bar_p4,bar_p4|walker2d-expert-v2|T=20|seed=1,2,mart_mu1,mart_mu2,506,True,2.482599123520898e-12,4032877035520.0,4028036546560.0,4840491517.976285,0.016501776698437207,0.00448477669849894,-0.012016999999938266
rollout_common,walker2d-expert-v2,20,1,bar_p4,bar_p4|walker2d-expert-v2|T=20|seed=1,3,mart_mu2,mart_mu3,506,True,2.4796193665028513e-12,4032378699776.0,4032877035520.0,-498392408.03162056,0.006956115887800445,0.008191939354873643,0.0012358234670731977
rollout_common,walker2d-expert-v2,20,1,bar_p4,bar_p4|walker2d-expert-v2|T=20|seed=1,4,mart_mu3,mart_mu4,506,True,2.47992580670945e-12,4032645562368.0,4032378699776.0,267110942.35573122,0.003609365948803795,0.0029469506296013366,-0.0006624153192024582
dataset,walker2d-expert-v2,4,0,bar_p4,bar_p4|walker2d-expert-v2|T=4|seed=0,1,dataset_action,mart_mu1,2048,False,0.004069863834850488,491.41693115234375,491.23486328125,0.18211832642555237,0.025725504267398114,0.02498430747701526,-0.0007411967903828516
dataset,walker2d-expert-v2,4,0,bar_p4,bar_p4|walker2d-expert-v2|T=4|seed=0,2,mart_mu1,mart_mu2,2048,False,0.004069863834850488,491.5057373046875,491.41693115234375,0.08882054686546326,0.0014490674128384892,0.0010875798813590972,-0.0003614875314793918
dataset,walker2d-expert-v2,4,0,bar_p4,bar_p4|walker2d-expert-v2|T=4|seed=0,3,mart_mu2,mart_mu3,2048,False,0.004069128484437322,491.5705871582031,491.5057373046875,0.06483136117458344,0.0012860465272596982,0.0010222393888193568,-0.00026380713844034135
dataset,walker2d-expert-v2,4,0,bar_p4,bar_p4|walker2d-expert-v2|T=4|seed=0,4,mart_mu3,mart_mu4,2048,False,0.004068591669598296,491.6098937988281,491.5705871582031,0.03931532800197601,0.0012910787717057403,0.0011311207557093762,-0.00015995801599636423
dataset,walker2d-expert-v2,4,0,two_actor_p4,two_actor_p4|walker2d-expert-v2|T=4|seed=0,1,dataset_action,two_actor_target,2048,False,0.004064705317349048,492.04058837890625,491.8841857910156,0.15641973912715912,0.025677055208234947,0.025041255062866433,-0.0006358001453685146
dataset,walker2d-expert-v2,4,0,two_actor_p4,two_actor_p4|walker2d-expert-v2|T=4|seed=0,1,dataset_action,two_actor_deploy,2048,False,0.016252457653361675,492.2332458496094,491.8841857910156,0.3490547239780426,0.027489079050049315,0.02181608192989033,-0.005672997120158985
rollout_common,walker2d-expert-v2,4,0,bar_p4,bar_p4|walker2d-expert-v2|T=4|seed=0,2,mart_mu1,mart_mu2,512,False,0.003968025706794029,504.0799255371094,504.02899169921875,0.050937533378601074,0.0011775163036315533,0.0009753948617445853,-0.00020212144188696795
rollout_common,walker2d-expert-v2,4,0,bar_p4,bar_p4|walker2d-expert-v2|T=4|seed=0,3,mart_mu2,mart_mu3,512,False,0.003967624764865069,504.1202392578125,504.0799255371094,0.040308594703674316,0.0011325993403022811,0.000972669961719074,-0.0001599293785832072
rollout_common,walker2d-expert-v2,4,0,bar_p4,bar_p4|walker2d-expert-v2|T=4|seed=0,4,mart_mu3,mart_mu4,512,False,0.003967307480011472,504.1445007324219,504.1202392578125,0.024262070655822754,0.001025522814323547,0.0009292677199301346,-9.625509439341246e-05
dataset,walker2d-expert-v2,4,1,bar_p4,bar_p4|walker2d-expert-v2|T=4|seed=1,1,dataset_action,mart_mu1,2048,False,0.0040569184286809385,492.9850158691406,492.8209228515625,0.1640869826078415,0.025606115756972678,0.024940428253324275,-0.0006656875036484007
dataset,walker2d-expert-v2,4,1,bar_p4,bar_p4|walker2d-expert-v2|T=4|seed=1,2,mart_mu1,mart_mu2,2048,False,0.0040569184286809385,493.0562438964844,492.9850158691406,0.07120704650878906,0.0015542878373333805,0.0012654066580999334,-0.00028888117923344704
dataset,walker2d-expert-v2,4,1,bar_p4,bar_p4|walker2d-expert-v2|T=4|seed=1,3,mart_mu2,mart_mu3,2048,False,0.004056332357011103,493.11761474609375,493.0562438964844,0.061396703124046326,0.0014115403331212719,0.001162494899625398,-0.0002490454334958738
dataset,walker2d-expert-v2,4,1,bar_p4,bar_p4|walker2d-expert-v2|T=4|seed=1,4,mart_mu3,mart_mu4,2048,False,0.004055827527017003,493.19622802734375,493.11761474609375,0.07858435809612274,0.0016003551664906274,0.0012816305637314113,-0.00031872460275921607
dataset,walker2d-expert-v2,4,1,two_actor_p4,two_actor_p4|walker2d-expert-v2|T=4|seed=1,1,dataset_action,two_actor_target,2048,False,0.004042346432811867,494.76214599609375,494.59808349609375,0.16406847536563873,0.025417892238524514,0.02475467062239334,-0.0006632216161311713
dataset,walker2d-expert-v2,4,1,two_actor_p4,two_actor_p4|walker2d-expert-v2|T=4|seed=1,1,dataset_action,two_actor_deploy,2048,False,0.01616357826038378,494.9399108886719,494.59808349609375,0.3418475091457367,0.02715789535604864,0.021632416388854266,-0.005525478967194374
rollout_common,walker2d-expert-v2,4,1,bar_p4,bar_p4|walker2d-expert-v2|T=4|seed=1,2,mart_mu1,mart_mu2,512,False,0.003962469715557712,504.798583984375,504.7357177734375,0.06284558773040771,0.001369397188967835,0.001120373450829669,-0.0002490237381381659
rollout_common,walker2d-expert-v2,4,1,bar_p4,bar_p4|walker2d-expert-v2|T=4|seed=1,3,mart_mu2,mart_mu3,512,False,0.003961976240606748,504.86114501953125,504.798583984375,0.06259351968765259,0.0015617510025034483,0.001313756964685018,-0.00024799403781843027
rollout_common,walker2d-expert-v2,4,1,bar_p4,bar_p4|walker2d-expert-v2|T=4|seed=1,4,mart_mu3,mart_mu4,512,False,0.0039614852831685865,504.90936279296875,504.86114501953125,0.04820525646209717,0.001576776527056896,0.0013858121130109306,-0.00019096441404596533
dataset,walker2d-expert-v2,7,0,bar_p4,bar_p4|walker2d-expert-v2|T=7|seed=0,1,dataset_action,mart_mu1,2048,False,0.007034853943082132,497.52276611328125,497.3377685546875,0.1850331723690033,0.025983913723488728,0.02468223238124765,-0.0013016813422410786
dataset,walker2d-expert-v2,7,0,bar_p4,bar_p4|walker2d-expert-v2|T=7|seed=0,2,mart_mu1,mart_mu2,2048,False,0.007034853943082132,497.6090087890625,497.52276611328125,0.08621370792388916,0.0014867074560505102,0.0008802066129144073,-0.0006065008431361029
dataset,walker2d-expert-v2,7,0,bar_p4,bar_p4|walker2d-expert-v2|T=7|seed=0,3,mart_mu2,mart_mu3,2048,False,0.007033634703446502,497.6810607910156,497.6090087890625,0.07205142080783844,0.001383389674927493,0.0008766063011008533,-0.0005067833738266398
dataset,walker2d-expert-v2,7,0,bar_p4,bar_p4|walker2d-expert-v2|T=7|seed=0,4,mart_mu3,mart_mu4,2048,False,0.007032616405785011,497.7372131347656,497.6810607910156,0.05618730187416077,0.0016009250875901797,0.0012057813466331618,-0.0003951437409570179
dataset,walker2d-expert-v2,7,0,two_actor_p4,two_actor_p4|walker2d-expert-v2|T=7|seed=0,1,dataset_action,two_actor_target,2048,False,0.0070332050933788436,497.639404296875,497.4400939941406,0.19928742945194244,0.025929312436069284,0.024527683072201507,-0.0014016293638677785
dataset,walker2d-expert-v2,7,0,two_actor_p4,two_actor_p4|walker2d-expert-v2|T=7|seed=0,1,dataset_action,two_actor_deploy,2048,False,0.0281188615155385,497.8864440917969,497.4400939941406,0.4463542699813843,0.03007043434630526,0.01751946044182943,-0.012550973904475828
rollout_common,walker2d-expert-v2,7,0,bar_p4,bar_p4|walker2d-expert-v2|T=7|seed=0,2,mart_mu1,mart_mu2,512,False,0.0068327868781574855,512.2960815429688,512.236083984375,0.06001323461532593,0.00183423216182263,0.0014241745198272445,-0.0004100576419953856
rollout_common,walker2d-expert-v2,7,0,bar_p4,bar_p4|walker2d-expert-v2|T=7|seed=0,3,mart_mu2,mart_mu3,512,False,0.006831986656283748,512.3521728515625,512.2960815429688,0.05613046884536743,0.0016488454618484247,0.0012653628476859238,-0.0003834826141625009
rollout_common,walker2d-expert-v2,7,0,bar_p4,bar_p4|walker2d-expert-v2|T=7|seed=0,4,mart_mu3,mart_mu4,512,False,0.006831238703817839,512.3915405273438,512.3521728515625,0.03935861587524414,0.0018032778867515594,0.0015344097866558924,-0.000268868100095667
dataset,walker2d-expert-v2,7,1,bar_p4,bar_p4|walker2d-expert-v2|T=7|seed=1,1,dataset_action,mart_mu1,2048,False,0.007033083466326275,497.64801025390625,497.44293212890625,0.2050769329071045,0.025894373022606543,0.024452049836452685,-0.0014423231861538594
dataset,walker2d-expert-v2,7,1,bar_p4,bar_p4|walker2d-expert-v2|T=7|seed=1,2,mart_mu1,mart_mu2,2048,False,0.007033083466326275,497.73931884765625,497.64801025390625,0.09130990505218506,0.0017201372946317529,0.001077947111097408,-0.0006421901835343448
dataset,walker2d-expert-v2,7,1,bar_p4,bar_p4|walker2d-expert-v2|T=7|seed=1,3,mart_mu2,mart_mu3,2048,False,0.007031793270966115,497.8164367675781,497.73931884765625,0.07713280618190765,0.0016885563585217166,0.0011461744110410448,-0.0005423819474806718
dataset,walker2d-expert-v2,7,1,bar_p4,bar_p4|walker2d-expert-v2|T=7|seed=1,4,mart_mu3,mart_mu4,2048,False,0.007030703959265583,497.9051818847656,497.8164367675781,0.08871151506900787,0.0016968794654169306,0.0010731750651888083,-0.0006237044002281221
dataset,walker2d-expert-v2,7,1,two_actor_p4,two_actor_p4|walker2d-expert-v2|T=7|seed=1,1,dataset_action,two_actor_target,2048,False,0.007030672496234422,497.81866455078125,497.6366271972656,0.1820327341556549,0.02579402971910443,0.024514217181661913,-0.0012798125374425152
dataset,walker2d-expert-v2,7,1,two_actor_p4,two_actor_p4|walker2d-expert-v2|T=7|seed=1,1,dataset_action,two_actor_deploy,2048,False,0.028109740135938418,498.0480041503906,497.6366271972656,0.41139252483844757,0.029506847229108586,0.017942710262032233,-0.011564136967076352
rollout_common,walker2d-expert-v2,7,1,bar_p4,bar_p4|walker2d-expert-v2|T=7|seed=1,2,mart_mu1,mart_mu2,512,False,0.006843500033997447,511.51617431640625,511.4342041015625,0.08196109533309937,0.0023378625697669624,0.0017769618110684289,-0.0005609007586985335
rollout_common,walker2d-expert-v2,7,1,bar_p4,bar_p4|walker2d-expert-v2|T=7|seed=1,3,mart_mu2,mart_mu3,512,False,0.006842403366491823,511.57916259765625,511.51617431640625,0.0629814863204956,0.0021621699037916967,0.0017312251697656788,-0.00043094473402601786
rollout_common,walker2d-expert-v2,7,1,bar_p4,bar_p4|walker2d-expert-v2|T=7|seed=1,4,mart_mu3,mart_mu4,512,False,0.0068415608942835274,511.64208984375,511.57916259765625,0.06293666362762451,0.002320732884669135,0.0018901478679777027,-0.0004305850166914323
dataset,walker2d-medium-replay-v2,10,0,bar_p4,bar_p4|walker2d-medium-replay-v2|T=10|seed=0,1,dataset_action,mart_mu1,2048,False,0.02157746767830576,231.34962463378906,229.00082397460938,2.348791674554377,0.12292922841953884,0.07224825197876811,-0.050680976440770735
dataset,walker2d-medium-replay-v2,10,0,bar_p4,bar_p4|walker2d-medium-replay-v2|T=10|seed=0,2,mart_mu1,mart_mu2,2048,False,0.02157746767830576,232.81137084960938,231.34962463378906,1.4617555316362996,0.03630881971320931,0.004767836975742401,-0.03154098273746691
dataset,walker2d-medium-replay-v2,10,0,bar_p4,bar_p4|walker2d-medium-replay-v2|T=10|seed=0,3,mart_mu2,mart_mu3,2048,False,0.021449815796188577,233.8477783203125,232.81137084960938,1.036412180546904,0.027068468722471387,0.004837618360814158,-0.02223085036165723
dataset,walker2d-medium-replay-v2,10,0,bar_p4,bar_p4|walker2d-medium-replay-v2|T=10|seed=0,4,mart_mu3,mart_mu4,2048,False,0.02136023796380346,234.44932556152344,233.8477783203125,0.6015469155645405,0.025344186962188528,0.012495001699337954,-0.012849185262850574
dataset,walker2d-medium-replay-v2,10,0,two_actor_p4,two_actor_p4|walker2d-medium-replay-v2|T=10|seed=0,1,dataset_action,two_actor_target,2048,False,0.021514427008985825,231.84161376953125,229.27603149414062,2.5655823636916466,0.12298409823309853,0.06778706373391327,-0.055197034499185255
dataset,walker2d-medium-replay-v2,10,0,two_actor_p4,two_actor_p4|walker2d-medium-replay-v2|T=10|seed=0,1,dataset_action,two_actor_deploy,2048,False,0.08468980075939685,235.76412963867188,229.27603149414062,6.48811296743952,0.312442585845193,-0.237034408671719,-0.549476994516912
rollout_common,walker2d-medium-replay-v2,10,0,bar_p4,bar_p4|walker2d-medium-replay-v2|T=10|seed=0,2,mart_mu1,mart_mu2,512,False,0.014760648880822541,339.11944580078125,338.7384948730469,0.38094469904899597,0.014730572285933108,0.009107581340260266,-0.005622990945672842
rollout_common,walker2d-medium-replay-v2,10,0,bar_p4,bar_p4|walker2d-medium-replay-v2|T=10|seed=0,3,mart_mu2,mart_mu3,512,False,0.014744067458146376,339.3798828125,339.11944580078125,0.2604605257511139,0.012649666709433747,0.008809419147575052,-0.0038402475618586947
rollout_common,walker2d-medium-replay-v2,10,0,bar_p4,bar_p4|walker2d-medium-replay-v2|T=10|seed=0,4,mart_mu3,mart_mu4,512,False,0.014732752995938885,339.60394287109375,339.3798828125,0.2240641713142395,0.014929447629798859,0.011628365538586434,-0.0033010820912124255
dataset,walker2d-medium-replay-v2,10,1,bar_p4,bar_p4|walker2d-medium-replay-v2|T=10|seed=1,1,dataset_action,mart_mu1,2048,False,0.021184114875445567,235.5001983642578,233.12171936035156,2.3784868356451625,0.11927232698629615,0.068886188630254,-0.050386138356042144
dataset,walker2d-medium-replay-v2,10,1,bar_p4,bar_p4|walker2d-medium-replay-v2|T=10|seed=1,2,mart_mu1,mart_mu2,2048,False,0.021184114875445567,237.20721435546875,235.5001983642578,1.707024035655195,0.03925707228940325,0.0030952790229369087,-0.03616179326646634
dataset,walker2d-medium-replay-v2,10,1,bar_p4,bar_p4|walker2d-medium-replay-v2|T=10|seed=1,3,mart_mu2,mart_mu3,2048,False,0.02103566489028924,238.39662170410156,237.20721435546875,1.18939012294868,0.02903104226078984,0.004011430210621489,-0.025019612050168352
dataset,walker2d-medium-replay-v2,10,1,bar_p4,bar_p4|walker2d-medium-replay-v2|T=10|seed=1,4,mart_mu3,mart_mu4,2048,False,0.020935996383476468,239.06275939941406,238.39662170410156,0.6661293879151344,0.025095537819933744,0.011149455363615095,-0.013946082456318648
dataset,walker2d-medium-replay-v2,10,1,two_actor_p4,two_actor_p4|walker2d-medium-replay-v2|T=10|seed=1,1,dataset_action,two_actor_target,2048,False,0.02136688593023027,233.66253662109375,231.2901153564453,2.372412117954809,0.11937711246925187,0.06868605336541546,-0.05069105910383641
dataset,walker2d-medium-replay-v2,10,1,two_actor_p4,two_actor_p4|walker2d-medium-replay-v2|T=10|seed=1,1,dataset_action,two_actor_deploy,2048,False,0.08412541038266158,237.4940185546875,231.2901153564453,6.203898214444052,0.29387041496012944,-0.22803506830223785,-0.5219054832623673
rollout_common,walker2d-medium-replay-v2,10,1,bar_p4,bar_p4|walker2d-medium-replay-v2|T=10|seed=1,2,mart_mu1,mart_mu2,512,False,0.014503896153797277,345.26519775390625,344.7349548339844,0.5302657335996628,0.018958784732711387,0.011267865598664746,-0.007690919134046641
rollout_common,walker2d-medium-replay-v2,10,1,bar_p4,bar_p4|walker2d-medium-replay-v2|T=10|seed=1,3,mart_mu2,mart_mu3,512,False,0.014481621715844686,345.67633056640625,345.26519775390625,0.4110967218875885,0.01584026029446448,0.009886913079464614,-0.005953347214999865
rollout_common,walker2d-medium-replay-v2,10,1,bar_p4,bar_p4|walker2d-medium-replay-v2|T=10|seed=1,4,mart_mu3,mart_mu4,512,False,0.014464397887303642,345.91827392578125,345.67633056640625,0.24195894598960876,0.016391996733848346,0.012892206266662033,-0.003499790467186313
dataset,walker2d-medium-replay-v2,14,0,bar_p4,bar_p4|walker2d-medium-replay-v2|T=14|seed=0,1,dataset_action,mart_mu1,2048,False,0.02819891722481055,248.01544189453125,245.37847900390625,2.6369554980046814,0.1324560712609984,0.0580967814472553,-0.0743592898137431
dataset,walker2d-medium-replay-v2,14,0,bar_p4,bar_p4|walker2d-medium-replay-v2|T=14|seed=0,2,mart_mu1,mart_mu2,2048,False,0.02819891722481055,249.72120666503906,248.01544189453125,1.7057759593008086,0.04557549098946184,-0.0025255440909334667,-0.04810103508039531
dataset,walker2d-medium-replay-v2,14,0,bar_p4,bar_p4|walker2d-medium-replay-v2|T=14|seed=0,3,mart_mu2,mart_mu3,2048,False,0.028010698798667782,250.71107482910156,249.72120666503906,0.989859646288096,0.03402360371063671,0.006296943305505023,-0.027726660405131685
dataset,walker2d-medium-replay-v2,14,0,bar_p4,bar_p4|walker2d-medium-replay-v2|T=14|seed=0,4,mart_mu3,mart_mu4,2048,False,0.027901975127142202,251.31149291992188,250.71107482910156,0.6004317666811403,0.03198980594063308,0.015236573721149855,-0.016753232219483227
dataset,walker2d-medium-replay-v2,14,0,two_actor_p4,two_actor_p4|walker2d-medium-replay-v2|T=14|seed=0,1,dataset_action,two_actor_target,2048,False,0.028289316159775597,247.05465698242188,244.2610626220703,2.793600493010672,0.13459737610389758,0.0555683285330137,-0.07902904757088387
dataset,walker2d-medium-replay-v2,14,0,two_actor_p4,two_actor_p4|walker2d-medium-replay-v2|T=14|seed=0,1,dataset_action,two_actor_deploy,2048,False,0.11157406501571103,250.745849609375,244.2610626220703,6.484791221841078,0.3540878536839303,-0.36944666371507834,-0.7235345173990086
rollout_common,walker2d-medium-replay-v2,14,0,bar_p4,bar_p4|walker2d-medium-replay-v2|T=14|seed=0,2,mart_mu1,mart_mu2,512,False,0.020509225586456566,341.77093505859375,341.309814453125,0.46112299524247646,0.03642561458744078,0.026968339054910292,-0.009457275532530488
rollout_common,walker2d-medium-replay-v2,14,0,bar_p4,bar_p4|walker2d-medium-replay-v2|T=14|seed=0,3,mart_mu2,mart_mu3,512,False,0.020481554343754697,342.21484375,341.77093505859375,0.4439271418377757,0.03004093595758574,0.02094861807736764,-0.009092317880218102
rollout_common,walker2d-medium-replay-v2,14,0,bar_p4,bar_p4|walker2d-medium-replay-v2|T=14|seed=0,4,mart_mu3,mart_mu4,512,False,0.020454986413911257,342.09320068359375,342.21484375,-0.12163843214511871,0.03638703041701394,0.03887514289395181,0.0024881124769378696
dataset,walker2d-medium-replay-v2,14,1,bar_p4,bar_p4|walker2d-medium-replay-v2|T=14|seed=1,1,dataset_action,mart_mu1,2048,False,0.028372755973131075,246.562255859375,244.01290893554688,2.5493653107769205,0.13044632416284355,0.058113804313804515,-0.07233251984903903
dataset,walker2d-medium-replay-v2,14,1,bar_p4,bar_p4|walker2d-medium-replay-v2|T=14|seed=1,2,mart_mu1,mart_mu2,2048,False,0.028372755973131075,248.30047607421875,246.562255859375,1.7381957808102015,0.04664037956147901,-0.002677025160974865,-0.04931740472245388
dataset,walker2d-medium-replay-v2,14,1,bar_p4,bar_p4|walker2d-medium-replay-v2|T=14|seed=1,3,mart_mu2,mart_mu3,2048,False,0.02817976110136231,249.3043670654297,248.30047607421875,1.0039064534503268,0.03469887504390869,0.006409031017562582,-0.02828984402634611
dataset,walker2d-medium-replay-v2,14,1,bar_p4,bar_p4|walker2d-medium-replay-v2|T=14|seed=1,4,mart_mu3,mart_mu4,2048,False,0.028067745187010044,249.86407470703125,249.3043670654297,0.5597086967463838,0.03323104726856451,0.017521286189333532,-0.01570976107923098
dataset,walker2d-medium-replay-v2,14,1,two_actor_p4,two_actor_p4|walker2d-medium-replay-v2|T=14|seed=1,1,dataset_action,two_actor_target,2048,False,0.028851426905751425,242.36825561523438,239.8785858154297,2.4896621741354465,0.13060638168311145,0.058776075446028433,-0.07183030623708302
dataset,walker2d-medium-replay-v2,14,1,two_actor_p4,two_actor_p4|walker2d-medium-replay-v2|T=14|seed=1,1,dataset_action,two_actor_deploy,2048,False,0.1136209426542887,246.283935546875,239.8785858154297,6.405332282156451,0.36076202183994655,-0.36701787007261566,-0.7277798919125622
rollout_common,walker2d-medium-replay-v2,14,1,bar_p4,bar_p4|walker2d-medium-replay-v2|T=14|seed=1,2,mart_mu1,mart_mu2,512,False,0.01978019091622072,354.3607482910156,353.889404296875,0.4713323190808296,0.02103277877459003,0.011709735518186158,-0.009323043256403872
rollout_common,walker2d-medium-replay-v2,14,1,bar_p4,bar_p4|walker2d-medium-replay-v2|T=14|seed=1,3,mart_mu2,mart_mu3,512,False,0.019753880795221234,354.5857238769531,354.3607482910156,0.2249910980463028,0.019002826227857882,0.014558378897065283,-0.004444447330792599
rollout_common,walker2d-medium-replay-v2,14,1,bar_p4,bar_p4|walker2d-medium-replay-v2|T=14|seed=1,4,mart_mu3,mart_mu4,512,False,0.01974134746239181,354.7012939453125,354.5857238769531,0.11560101062059402,0.02090672561782581,0.018624605900161018,-0.0022821197176647926
dataset,walker2d-medium-replay-v2,20,0,bar_p4,bar_p4|walker2d-medium-replay-v2|T=20|seed=0,1,dataset_action,mart_mu1,2048,False,0.0386863087599469,258.4642028808594,255.77334594726562,2.690858828922501,0.14588891331212597,0.04178951782700098,-0.104099395485125
dataset,walker2d-medium-replay-v2,20,0,bar_p4,bar_p4|walker2d-medium-replay-v2|T=20|seed=0,2,mart_mu1,mart_mu2,2048,False,0.0386863087599469,260.05712890625,258.4642028808594,1.5929119718202855,0.0542856575035936,-0.0073382268656618024,-0.0616238843692554
dataset,walker2d-medium-replay-v2,20,0,bar_p4,bar_p4|walker2d-medium-replay-v2|T=20|seed=0,3,mart_mu2,mart_mu3,2048,False,0.03844950208435384,260.8537292480469,260.05712890625,0.7965967578347772,0.03858400365085888,0.0079552549501011,-0.03062874870075778
dataset,walker2d-medium-replay-v2,20,0,bar_p4,bar_p4|walker2d-medium-replay-v2|T=20|seed=0,4,mart_mu3,mart_mu4,2048,False,0.03833192475019436,261.3337707519531,260.8537292480469,0.48006203726981767,0.03514612639538959,0.016744424507337936,-0.018401701888051653
dataset,walker2d-medium-replay-v2,20,0,two_actor_p4,two_actor_p4|walker2d-medium-replay-v2|T=20|seed=0,1,dataset_action,two_actor_target,2048,False,0.037604287261476806,265.637451171875,262.7744140625,2.863029045824078,0.14715613669794755,0.03949397002082709,-0.10766216667712046
dataset,walker2d-medium-replay-v2,20,0,two_actor_p4,two_actor_p4|walker2d-medium-replay-v2|T=20|seed=0,1,dataset_action,two_actor_deploy,2048,False,0.14858941349523427,269.072509765625,262.7744140625,6.29807198717026,0.4156706146143041,-0.5201562081100896,-0.9358268227243937
rollout_common,walker2d-medium-replay-v2,20,0,bar_p4,bar_p4|walker2d-medium-replay-v2|T=20|seed=0,2,mart_mu1,mart_mu2,512,False,0.0297788739594439,336.45599365234375,335.77923583984375,0.6767576631973498,0.076200058105347,0.05604697695190533,-0.020153081153441665
rollout_common,walker2d-medium-replay-v2,20,0,bar_p4,bar_p4|walker2d-medium-replay-v2|T=20|seed=0,3,mart_mu2,mart_mu3,512,False,0.029721568820115358,336.99993896484375,336.45599365234375,0.5439584365230985,0.07106683485197689,0.05489953674557327,-0.016167298106403622
rollout_common,walker2d-medium-replay-v2,20,0,bar_p4,bar_p4|walker2d-medium-replay-v2|T=20|seed=0,4,mart_mu3,mart_mu4,512,False,0.029673595790679404,337.16387939453125,336.99993896484375,0.16392497858032584,0.07222255211078005,0.06735830855639167,-0.004864243554388368
dataset,walker2d-medium-replay-v2,20,1,bar_p4,bar_p4|walker2d-medium-replay-v2|T=20|seed=1,1,dataset_action,mart_mu1,2048,False,0.03904834887264858,255.93865966796875,253.18572998046875,2.7529203404992586,0.14312438032423094,0.03562738644980537,-0.10749699387442557
dataset,walker2d-medium-replay-v2,20,1,bar_p4,bar_p4|walker2d-medium-replay-v2|T=20|seed=1,2,mart_mu1,mart_mu2,2048,False,0.03904834887264858,257.4713439941406,255.93865966796875,1.53268049901817,0.0546224261882397,-0.0052262166477269195,-0.05984864283596662
dataset,walker2d-medium-replay-v2,20,1,bar_p4,bar_p4|walker2d-medium-replay-v2|T=20|seed=1,3,mart_mu2,mart_mu3,2048,False,0.038819727540191314,258.26416015625,257.4713439941406,0.7928145724872593,0.039724789955588,0.008947944261739338,-0.030776845693848663
dataset,walker2d-medium-replay-v2,20,1,bar_p4,bar_p4|walker2d-medium-replay-v2|T=20|seed=1,4,mart_mu3,mart_mu4,2048,False,0.038702328533235374,258.6910705566406,258.26416015625,0.4269201963325031,0.03765448567209682,0.021131679976162936,-0.01652280569593388
dataset,walker2d-medium-replay-v2,20,1,two_actor_p4,two_actor_p4|walker2d-medium-replay-v2|T=20|seed=1,1,dataset_action,two_actor_target,2048,False,0.038989629663053804,256.3369445800781,253.15855407714844,3.1784080922952853,0.15142991300931832,0.02750495857267181,-0.12392495443664651
dataset,walker2d-medium-replay-v2,20,1,two_actor_p4,two_actor_p4|walker2d-medium-replay-v2|T=20|seed=1,1,dataset_action,two_actor_deploy,2048,False,0.15382807958182704,259.96722412109375,253.15855407714844,6.80867661969387,0.44898800954251766,-0.5983776393586762,-1.0473656489011938
rollout_common,walker2d-medium-replay-v2,20,1,bar_p4,bar_p4|walker2d-medium-replay-v2|T=20|seed=1,2,mart_mu1,mart_mu2,512,False,0.028369231423979673,353.011474609375,352.49456787109375,0.5168800503015518,0.043736394483623674,0.029072904718180696,-0.014663489765442978
rollout_common,walker2d-medium-replay-v2,20,1,bar_p4,bar_p4|walker2d-medium-replay-v2|T=20|seed=1,3,mart_mu2,mart_mu3,512,False,0.028327690998537124,353.2262878417969,353.011474609375,0.214834064245224,0.03541387290119372,0.029328119913295144,-0.006085752987898578
rollout_common,walker2d-medium-replay-v2,20,1,bar_p4,bar_p4|walker2d-medium-replay-v2|T=20|seed=1,4,mart_mu3,mart_mu4,512,False,0.02831046362033038,353.42974853515625,353.2262878417969,0.2034166306257248,0.04543535531762638,0.03967653619652661,-0.005758819121099764
dataset,walker2d-medium-replay-v2,4,0,bar_p4,bar_p4|walker2d-medium-replay-v2|T=4|seed=0,1,dataset_action,mart_mu1,2048,False,0.01021019813424772,193.70651245117188,191.6674346923828,2.039062006837412,0.10700307887564318,0.08618385177781643,-0.020819227097826756
dataset,walker2d-medium-replay-v2,4,0,bar_p4,bar_p4|walker2d-medium-replay-v2|T=4|seed=0,2,mart_mu1,mart_mu2,2048,False,0.01021019813424772,195.05084228515625,193.70651245117188,1.3443401917538722,0.02535229396860646,0.011626314250966852,-0.013725979717639608
dataset,walker2d-medium-replay-v2,4,0,bar_p4,bar_p4|walker2d-medium-replay-v2|T=4|seed=0,3,mart_mu2,mart_mu3,2048,False,0.01015288502175401,196.2212371826172,195.05084228515625,1.1703987193322973,0.017642482007929977,0.00575955838094102,-0.011882923626988957
dataset,walker2d-medium-replay-v2,4,0,bar_p4,bar_p4|walker2d-medium-replay-v2|T=4|seed=0,4,mart_mu3,mart_mu4,2048,False,0.01010734109636068,197.06959533691406,196.2212371826172,0.8483599405644782,0.015052225545991567,0.006477562254218113,-0.008574663291773454
dataset,walker2d-medium-replay-v2,4,0,two_actor_p4,two_actor_p4|walker2d-medium-replay-v2|T=4|seed=0,1,dataset_action,two_actor_target,2048,False,0.010504011715685903,187.8514862060547,184.718994140625,3.132499595551053,0.1102724429609205,0.07736863050987088,-0.03290381245104962
dataset,walker2d-medium-replay-v2,4,0,two_actor_p4,two_actor_p4|walker2d-medium-replay-v2|T=4|seed=0,1,dataset_action,two_actor_deploy,2048,False,0.040950990572405,193.71975708007812,184.718994140625,9.000771436461946,0.23246364449279203,-0.13612686174613334,-0.36859050623892536
rollout_common,walker2d-medium-replay-v2,4,0,bar_p4,bar_p4|walker2d-medium-replay-v2|T=4|seed=0,2,mart_mu1,mart_mu2,512,False,0.010372759928773598,194.080322265625,192.73785400390625,1.3424832049640827,0.016680951480950987,0.002755695487447996,-0.013925255993502991
rollout_common,walker2d-medium-replay-v2,4,0,bar_p4,bar_p4|walker2d-medium-replay-v2|T=4|seed=0,3,mart_mu2,mart_mu3,512,False,0.010302998760057507,194.357421875,194.080322265625,0.2771016741753556,0.017521785027365063,0.014666806821926516,-0.002854978205438548
rollout_common,walker2d-medium-replay-v2,4,0,bar_p4,bar_p4|walker2d-medium-replay-v2|T=4|seed=0,4,mart_mu3,mart_mu4,512,False,0.010284767612364687,194.9705810546875,194.357421875,0.6131404656916857,0.015642599755898604,0.009336592552522553,-0.00630600720337605
dataset,walker2d-medium-replay-v2,4,1,bar_p4,bar_p4|walker2d-medium-replay-v2|T=4|seed=1,1,dataset_action,mart_mu1,2048,False,0.010251121613596132,193.28298950195312,191.2797088623047,2.0032756415748736,0.10503667329966142,0.08450085107232258,-0.020535822227338844
dataset,walker2d-medium-replay-v2,4,1,bar_p4,bar_p4|walker2d-medium-replay-v2|T=4|seed=1,2,mart_mu1,mart_mu2,2048,False,0.010251121613596132,195.02749633789062,193.28298950195312,1.7445157450129045,0.028232443588538995,0.01034920052957845,-0.017883243058960545
dataset,walker2d-medium-replay-v2,4,1,bar_p4,bar_p4|walker2d-medium-replay-v2|T=4|seed=1,3,mart_mu2,mart_mu3,2048,False,0.01018556684627805,196.20401000976562,195.02749633789062,1.1765112002904061,0.016945020475845184,0.00496158699989243,-0.011983433475952755
dataset,walker2d-medium-replay-v2,4,1,bar_p4,bar_p4|walker2d-medium-replay-v2|T=4|seed=1,4,mart_mu3,mart_mu4,2048,False,0.010130918449635266,197.116943359375,196.20401000976562,0.9129463601639145,0.015187082820277586,0.005938097696565623,-0.009248985123711964
dataset,walker2d-medium-replay-v2,4,1,two_actor_p4,two_actor_p4|walker2d-medium-replay-v2|T=4|seed=1,1,dataset_action,two_actor_target,2048,False,0.010244768567165783,193.29811096191406,191.2191162109375,2.0789884450568934,0.10687002769119504,0.0855712722177753,-0.02129875547341973
dataset,walker2d-medium-replay-v2,4,1,two_actor_p4,two_actor_p4|walker2d-medium-replay-v2|T=4|seed=1,1,dataset_action,two_actor_deploy,2048,False,0.04023759044171412,197.63229370117188,191.2191162109375,6.413167474725924,0.20021677561740295,-0.05783363066474076,-0.2580504062821437
rollout_common,walker2d-medium-replay-v2,4,1,bar_p4,bar_p4|walker2d-medium-replay-v2|T=4|seed=1,2,mart_mu1,mart_mu2,512,False,0.006586859005593122,304.0411376953125,303.6348571777344,0.40629512071609497,0.012978745536713946,0.010302536861896592,-0.0026762086748173546
rollout_common,walker2d-medium-replay-v2,4,1,bar_p4,bar_p4|walker2d-medium-replay-v2|T=4|seed=1,3,mart_mu2,mart_mu3,512,False,0.00657805719509639,304.42852783203125,304.0411376953125,0.3873959183692932,0.008658109257261628,0.006109796749081525,-0.002548312508180103
rollout_common,walker2d-medium-replay-v2,4,1,bar_p4,bar_p4|walker2d-medium-replay-v2|T=4|seed=1,4,mart_mu3,mart_mu4,512,False,0.006569686512867859,304.726318359375,304.42852783203125,0.29777267575263977,0.007815086947907057,0.005858813816114365,-0.001956273131792692
dataset,walker2d-medium-replay-v2,7,0,bar_p4,bar_p4|walker2d-medium-replay-v2|T=7|seed=0,1,dataset_action,mart_mu1,2048,False,0.016183048080635556,215.425537109375,213.3009796142578,2.1245617855456658,0.11438394447126642,0.08000205894549997,-0.03438188552576644
dataset,walker2d-medium-replay-v2,7,0,bar_p4,bar_p4|walker2d-medium-replay-v2|T=7|seed=0,2,mart_mu1,mart_mu2,2048,False,0.016183048080635556,216.94190979003906,215.425537109375,1.5163626462308457,0.03166568057647451,0.007126310964840968,-0.02453936961163354
dataset,walker2d-medium-replay-v2,7,0,bar_p4,bar_p4|walker2d-medium-replay-v2|T=7|seed=0,3,mart_mu2,mart_mu3,2048,False,0.016074441769676057,218.03594970703125,216.94190979003906,1.094027640472632,0.023347151215053184,0.005761267613859769,-0.017585883601193415
dataset,walker2d-medium-replay-v2,7,0,bar_p4,bar_p4|walker2d-medium-replay-v2|T=7|seed=0,4,mart_mu3,mart_mu4,2048,False,0.015998531311684855,218.76559448242188,218.03594970703125,0.7296450491739961,0.02015878237749413,0.008485533211868118,-0.011673249165626011
dataset,walker2d-medium-replay-v2,7,0,two_actor_p4,two_actor_p4|walker2d-medium-replay-v2|T=7|seed=0,1,dataset_action,two_actor_target,2048,False,0.016100953217541368,216.52003479003906,214.17474365234375,2.3452969744612346,0.11601248189770856,0.07825096503066692,-0.03776151686704165
dataset,walker2d-medium-replay-v2,7,0,two_actor_p4,two_actor_p4|walker2d-medium-replay-v2|T=7|seed=0,1,dataset_action,two_actor_deploy,2048,False,0.06320693694714719,220.90675354003906,214.17474365234375,6.7320240101762465,0.27159022624036305,-0.1539203908975279,-0.42551061713789096
rollout_common,walker2d-medium-replay-v2,7,0,bar_p4,bar_p4|walker2d-medium-replay-v2|T=7|seed=0,2,mart_mu1,mart_mu2,512,False,0.010804805753727541,324.2872619628906,323.929931640625,0.35735422372817993,0.013584467372031636,0.009723324399374558,-0.0038611429726570774
rollout_common,walker2d-medium-replay-v2,7,0,bar_p4,bar_p4|walker2d-medium-replay-v2|T=7|seed=0,3,mart_mu2,mart_mu3,512,False,0.010792899998667286,324.51068115234375,324.2872619628906,0.22342979907989502,0.010004181276475363,0.0075927257982837315,-0.002411455478191631
rollout_common,walker2d-medium-replay-v2,7,0,bar_p4,bar_p4|walker2d-medium-replay-v2|T=7|seed=0,4,mart_mu3,mart_mu4,512,False,0.010785469300381616,324.6651306152344,324.51068115234375,0.15443900227546692,0.008256306158904844,0.006590609041081229,-0.001665697117823615
dataset,walker2d-medium-replay-v2,7,1,bar_p4,bar_p4|walker2d-medium-replay-v2|T=7|seed=1,1,dataset_action,mart_mu1,2048,False,0.016105681100722795,216.61370849609375,214.5013427734375,2.1123670617307653,0.11444040378727076,0.08041929352336423,-0.03402111026390653
dataset,walker2d-medium-replay-v2,7,1,bar_p4,bar_p4|walker2d-medium-replay-v2|T=7|seed=1,2,mart_mu1,mart_mu2,2048,False,0.016105681100722795,218.16738891601562,216.61370849609375,1.5536545661416312,0.03173382628981406,0.006711161306855118,-0.025022664982958943
dataset,walker2d-medium-replay-v2,7,1,bar_p4,bar_p4|walker2d-medium-replay-v2|T=7|seed=1,3,mart_mu2,mart_mu3,2048,False,0.01599521675903261,219.33995056152344,218.16738891601562,1.1725741555310378,0.022915526917381315,0.004159949133622748,-0.018755577783758567
dataset,walker2d-medium-replay-v2,7,1,bar_p4,bar_p4|walker2d-medium-replay-v2|T=7|seed=1,4,mart_mu3,mart_mu4,2048,False,0.015914014738381613,220.10391235351562,219.33995056152344,0.7639763924526051,0.021531116885104562,0.00937318531583819,-0.012157931569266372
dataset,walker2d-medium-replay-v2,7,1,two_actor_p4,two_actor_p4|walker2d-medium-replay-v2|T=7|seed=1,1,dataset_action,two_actor_target,2048,False,0.01628559422068631,213.9757537841797,211.75909423828125,2.216658801655285,0.11395034191142674,0.07785073614195598,-0.03609960576947075
dataset,walker2d-medium-replay-v2,7,1,two_actor_p4,two_actor_p4|walker2d-medium-replay-v2|T=7|seed=1,1,dataset_action,two_actor_deploy,2048,False,0.06407132911647044,217.92587280273438,211.75909423828125,6.166778770028031,0.25025267083401287,-0.14486104132891592,-0.3951137121629288
rollout_common,walker2d-medium-replay-v2,7,1,bar_p4,bar_p4|walker2d-medium-replay-v2|T=7|seed=1,2,mart_mu1,mart_mu2,512,False,0.010732934920567334,326.4111022949219,326.09906005859375,0.31206125020980835,0.01285761349870126,0.009508280408968508,-0.0033493330897327524
rollout_common,walker2d-medium-replay-v2,7,1,bar_p4,bar_p4|walker2d-medium-replay-v2|T=7|seed=1,3,mart_mu2,mart_mu3,512,False,0.01072267445766895,326.72052001953125,326.4111022949219,0.30942994356155396,0.010328375310843638,0.007010458758578218,-0.0033179165522654193
rollout_common,walker2d-medium-replay-v2,7,1,bar_p4,bar_p4|walker2d-medium-replay-v2|T=7|seed=1,4,mart_mu3,mart_mu4,512,False,0.010712519645470236,326.85162353515625,326.72052001953125,0.13111191987991333,0.011084307846496591,0.0096797688290277,-0.0014045390174688911
dataset,walker2d-medium-v2,10,0,bar_p4,bar_p4|walker2d-medium-v2|T=10|seed=0,1,dataset_action,mart_mu1,2048,False,0.015727106997953495,317.92242431640625,317.265869140625,0.6565398939419538,0.035908719731831386,0.025583246571381238,-0.010325473160450146
dataset,walker2d-medium-v2,10,0,bar_p4,bar_p4|walker2d-medium-v2|T=10|seed=0,2,mart_mu1,mart_mu2,2048,False,0.015727106997953495,318.4212646484375,317.92242431640625,0.49885565671138465,0.007976840458952297,0.00013128416931799253,-0.007845556289634304
dataset,walker2d-medium-v2,10,0,bar_p4,bar_p4|walker2d-medium-v2|T=10|seed=0,3,mart_mu2,mart_mu3,2048,False,0.015702468834227924,318.80450439453125,318.4212646484375,0.3832560903392732,0.006889062352149869,0.0008709955380693897,-0.006018066814080479
dataset,walker2d-medium-v2,10,0,bar_p4,bar_p4|walker2d-medium-v2|T=10|seed=0,4,mart_mu3,mart_mu4,2048,False,0.015683592657551475,319.1003112792969,318.80450439453125,0.2957842005416751,0.0069695647194220256,0.002330605803586877,-0.0046389589158351485
dataset,walker2d-medium-v2,10,0,two_actor_p4,two_actor_p4|walker2d-medium-v2|T=10|seed=0,1,dataset_action,two_actor_target,2048,False,0.015802374588634576,316.40814208984375,315.74090576171875,0.6672266820678487,0.0357660152357561,0.025222249270188166,-0.010543765965567935
dataset,walker2d-medium-v2,10,0,two_actor_p4,two_actor_p4|walker2d-medium-v2|T=10|seed=0,1,dataset_action,two_actor_deploy,2048,False,0.06292100895380134,317.8588562011719,315.74090576171875,2.1179277760675177,0.08794095803871028,-0.04532119452273857,-0.13326215256144885
rollout_common,walker2d-medium-v2,10,0,bar_p4,bar_p4|walker2d-medium-v2|T=10|seed=0,2,mart_mu1,mart_mu2,512,False,0.013234060611605708,378.0313415527344,377.81298828125,0.21837234497070312,0.00704611660119082,0.004156163751950064,-0.002889952849240756
rollout_common,walker2d-medium-v2,10,0,bar_p4,bar_p4|walker2d-medium-v2|T=10|seed=0,3,mart_mu2,mart_mu3,512,False,0.013226416535296973,378.26812744140625,378.0313415527344,0.23679009079933167,0.00705786119810193,0.003925976825759178,-0.003131884372342752
rollout_common,walker2d-medium-v2,10,0,bar_p4,bar_p4|walker2d-medium-v2|T=10|seed=0,4,mart_mu3,mart_mu4,512,False,0.013218137146795069,378.4352111816406,378.26812744140625,0.1670803725719452,0.0076143608846673564,0.005405869605473767,-0.0022084912791935887
dataset,walker2d-medium-v2,10,1,bar_p4,bar_p4|walker2d-medium-v2|T=10|seed=1,1,dataset_action,mart_mu1,2048,False,0.01569455389070721,318.5779113769531,317.85205078125,0.725846205430571,0.036966835811655496,0.025575003424160064,-0.011391832387495433
dataset,walker2d-medium-v2,10,1,bar_p4,bar_p4|walker2d-medium-v2|T=10|seed=1,2,mart_mu1,mart_mu2,2048,False,0.01569455389070721,319.1005859375,318.5779113769531,0.5226877558161505,0.007535538576257601,-0.0006678125754117836,-0.008203351151669385
dataset,walker2d-medium-v2,10,1,bar_p4,bar_p4|walker2d-medium-v2|T=10|seed=1,3,mart_mu2,mart_mu3,2048,False,0.0156689789969844,319.4703674316406,319.1005859375,0.3697811033343896,0.0063435957144949845,0.0005495033728667147,-0.00579409234162827
dataset,walker2d-medium-v2,10,1,bar_p4,bar_p4|walker2d-medium-v2|T=10|seed=1,4,mart_mu3,mart_mu4,2048,False,0.015650903789751276,319.8206787109375,319.4703674316406,0.3503168716561049,0.008399021749503655,0.002916246095287311,-0.005482775654216344
dataset,walker2d-medium-v2,10,1,two_actor_p4,two_actor_p4|walker2d-medium-v2|T=10|seed=1,1,dataset_action,two_actor_target,2048,False,0.015791524073162963,316.6241455078125,315.9593505859375,0.6648157355375588,0.03609528164803871,0.02559682795607981,-0.010498453691958901
dataset,walker2d-medium-v2,10,1,two_actor_p4,two_actor_p4|walker2d-medium-v2|T=10|seed=1,1,dataset_action,two_actor_deploy,2048,False,0.06287593888550837,318.0867004394531,315.9593505859375,2.1273636538535357,0.08708961626020921,-0.04667037082673749,-0.1337599870869467
rollout_common,walker2d-medium-v2,10,1,bar_p4,bar_p4|walker2d-medium-v2|T=10|seed=1,2,mart_mu1,mart_mu2,512,False,0.013179551485650342,379.6700744628906,379.3755798339844,0.29450494050979614,0.007277096775578644,0.0033956537493513945,-0.0038814430262272496
rollout_common,walker2d-medium-v2,10,1,bar_p4,bar_p4|walker2d-medium-v2|T=10|seed=1,3,mart_mu2,mart_mu3,512,False,0.013169328643833838,379.86181640625,379.6700744628906,0.19174602627754211,0.004588025870853286,0.002062859434655135,-0.002525166436198151
rollout_common,walker2d-medium-v2,10,1,bar_p4,bar_p4|walker2d-medium-v2|T=10|seed=1,4,mart_mu3,mart_mu4,512,False,0.01316268119323154,380.0425109863281,379.86181640625,0.18070244789123535,0.008673729928417835,0.00629520121598897,-0.002378528712428866
dataset,walker2d-medium-v2,14,0,bar_p4,bar_p4|walker2d-medium-v2|T=14|seed=0,1,dataset_action,mart_mu1,2048,False,0.021351412068064044,327.84716796875,326.96966552734375,0.8774784677661955,0.040256863351307376,0.021521459005177882,-0.018735404346129494
dataset,walker2d-medium-v2,14,0,bar_p4,bar_p4|walker2d-medium-v2|T=14|seed=0,2,mart_mu1,mart_mu2,2048,False,0.021351412068064044,328.43853759765625,327.84716796875,0.5913707972504199,0.010409625439333327,-0.0022169761377799427,-0.01262660157711327
dataset,walker2d-medium-v2,14,0,bar_p4,bar_p4|walker2d-medium-v2|T=14|seed=0,3,mart_mu2,mart_mu3,2048,False,0.021312967807883044,328.8821716308594,328.43853759765625,0.4436245816759765,0.010671204975010742,0.0012162485469650736,-0.009454956428045669
dataset,walker2d-medium-v2,14,0,bar_p4,bar_p4|walker2d-medium-v2|T=14|seed=0,4,mart_mu3,mart_mu4,2048,False,0.021284218429975132,329.2666015625,328.8821716308594,0.38443608302623034,0.010526087373052823,0.002343665809558481,-0.008182421563494342
dataset,walker2d-medium-v2,14,0,two_actor_p4,two_actor_p4|walker2d-medium-v2|T=14|seed=0,1,dataset_action,two_actor_target,2048,False,0.021470081231338627,326.03509521484375,325.28936767578125,0.7456943192519248,0.03869250878165963,0.022682391173573048,-0.016010117608086585
dataset,walker2d-medium-v2,14,0,two_actor_p4,two_actor_p4|walker2d-medium-v2|T=14|seed=0,1,dataset_action,two_actor_deploy,2048,False,0.08520875331155338,328.604736328125,325.28936767578125,3.3153550350107253,0.1576490664382589,-0.12484820288018642,-0.2824972693184453
rollout_common,walker2d-medium-v2,14,0,bar_p4,bar_p4|walker2d-medium-v2|T=14|seed=0,2,mart_mu1,mart_mu2,512,False,0.019322792410961024,362.7559509277344,362.2664794921875,0.48944658041000366,0.05511829300334362,0.045660818333826375,-0.009457474669517244
rollout_common,walker2d-medium-v2,14,0,bar_p4,bar_p4|walker2d-medium-v2|T=14|seed=0,3,mart_mu2,mart_mu3,512,False,0.01929671990990375,362.8250732421875,362.7559509277344,0.06911274790763855,0.0403684757369957,0.03903482639841822,-0.0013336493385774876
rollout_common,walker2d-medium-v2,14,0,bar_p4,bar_p4|walker2d-medium-v2|T=14|seed=0,4,mart_mu3,mart_mu4,512,False,0.01929304366469299,362.79803466796875,362.8250732421875,-0.027001380920410156,0.06529772914108328,0.06581866796218776,0.0005209388211044814
dataset,walker2d-medium-v2,14,1,bar_p4,bar_p4|walker2d-medium-v2|T=14|seed=1,1,dataset_action,mart_mu1,2048,False,0.021386305747198003,327.312255859375,326.5327453613281,0.7795285168103874,0.039135120751987364,0.022463885552820643,-0.01667123519916672
dataset,walker2d-medium-v2,14,1,bar_p4,bar_p4|walker2d-medium-v2|T=14|seed=1,2,mart_mu1,mart_mu2,2048,False,0.021386305747198003,327.8847961425781,327.312255859375,0.5725584814790636,0.010177083003998532,-0.002067827739064127,-0.01224491074306266
dataset,walker2d-medium-v2,14,1,bar_p4,bar_p4|walker2d-medium-v2|T=14|seed=1,3,mart_mu2,mart_mu3,2048,False,0.021348961772558503,328.32354736328125,327.8847961425781,0.4387441286817193,0.009333565403108618,-3.3166228051896215e-05,-0.009366731631160514
dataset,walker2d-medium-v2,14,1,bar_p4,bar_p4|walker2d-medium-v2|T=14|seed=1,4,mart_mu3,mart_mu4,2048,False,0.02132043234454413,328.667724609375,328.32354736328125,0.34417219273746014,0.009879110892193996,0.002541210942061574,-0.007337899950132422
dataset,walker2d-medium-v2,14,1,two_actor_p4,two_actor_p4|walker2d-medium-v2|T=14|seed=1,1,dataset_action,two_actor_target,2048,False,0.02130653364404998,328.5377197265625,327.73309326171875,0.8045998271554708,0.039081843956055747,0.021938610668770907,-0.01714323328728484
dataset,walker2d-medium-v2,14,1,two_actor_p4,two_actor_p4|walker2d-medium-v2|T=14|seed=1,1,dataset_action,two_actor_deploy,2048,False,0.08473835194212934,330.42889404296875,327.73309326171875,2.6957667437382042,0.12954222672659124,-0.0988926043581847,-0.22843483108477594
rollout_common,walker2d-medium-v2,14,1,bar_p4,bar_p4|walker2d-medium-v2|T=14|seed=1,2,mart_mu1,mart_mu2,512,False,0.017987481113567166,389.4264831542969,389.1595458984375,0.2669266164302826,0.010266994908984748,0.005465657437236653,-0.004801337471748096
rollout_common,walker2d-medium-v2,14,1,bar_p4,bar_p4|walker2d-medium-v2|T=14|seed=1,3,mart_mu2,mart_mu3,512,False,0.017975151369588133,389.67340087890625,389.4264831542969,0.24692308902740479,0.009524551580182056,0.005086071678268168,-0.004438479901913888
rollout_common,walker2d-medium-v2,14,1,bar_p4,bar_p4|walker2d-medium-v2|T=14|seed=1,4,mart_mu3,mart_mu4,512,False,0.017963761360790285,389.88775634765625,389.67340087890625,0.21435195207595825,0.011361319270990329,0.007510751956678259,-0.00385056731431207
dataset,walker2d-medium-v2,20,0,bar_p4,bar_p4|walker2d-medium-v2|T=20|seed=0,1,dataset_action,mart_mu1,2048,False,0.02896750906390892,345.21435546875,344.07958984375,1.13474790006876,0.04697943000245081,0.0141086099219574,-0.03287082008049341
dataset,walker2d-medium-v2,20,0,bar_p4,bar_p4|walker2d-medium-v2|T=20|seed=0,2,mart_mu1,mart_mu2,2048,False,0.02896750906390892,345.94830322265625,345.21435546875,0.7339172372594476,0.015323400288512137,-0.005936353933959903,-0.02125975422247204
dataset,walker2d-medium-v2,20,0,bar_p4,bar_p4|walker2d-medium-v2|T=20|seed=0,3,mart_mu2,mart_mu3,2048,False,0.028906052950512188,346.58856201171875,345.94830322265625,0.6403000671416521,0.015337495700016713,-0.003171051944996393,-0.018508547645013106
dataset,walker2d-medium-v2,20,0,bar_p4,bar_p4|walker2d-medium-v2|T=20|seed=0,4,mart_mu3,mart_mu4,2048,False,0.02885265432045397,346.9974365234375,346.58856201171875,0.4088754151016474,0.014702391597623784,0.0029052505855638264,-0.011797141012059958
dataset,walker2d-medium-v2,20,0,two_actor_p4,two_actor_p4|walker2d-medium-v2|T=20|seed=0,1,dataset_action,two_actor_target,2048,False,0.029381189102243382,340.316162109375,339.37139892578125,0.9447533171623945,0.0432444624530758,0.01548648658655577,-0.027757975866520034
dataset,walker2d-medium-v2,20,0,two_actor_p4,two_actor_p4|walker2d-medium-v2|T=20|seed=0,1,dataset_action,two_actor_deploy,2048,False,0.11683572954242906,342.3417663574219,339.37139892578125,2.9703770484775305,0.1838260445459252,-0.16322012492903423,-0.3470461694749594
rollout_common,walker2d-medium-v2,20,0,bar_p4,bar_p4|walker2d-medium-v2|T=20|seed=0,2,mart_mu1,mart_mu2,512,False,0.030431935013665614,330.89239501953125,328.6021728515625,2.2902211993932724,0.12133459755449442,0.05163873484763905,-0.06969586270685538
rollout_common,walker2d-medium-v2,20,0,bar_p4,bar_p4|walker2d-medium-v2|T=20|seed=0,3,mart_mu2,mart_mu3,512,False,0.03021752867588261,330.3692626953125,330.89239501953125,-0.5231524016708136,0.06188411975054319,0.07769249244988785,0.015808372699344667
rollout_common,walker2d-medium-v2,20,0,bar_p4,bar_p4|walker2d-medium-v2|T=20|seed=0,4,mart_mu3,mart_mu4,512,False,0.030269159691631103,330.3359375,330.3692626953125,-0.03329363092780113,0.08136732939308573,0.08237509962435358,0.0010077702312678407
dataset,walker2d-medium-v2,20,1,bar_p4,bar_p4|walker2d-medium-v2|T=20|seed=1,1,dataset_action,mart_mu1,2048,False,3.5647769522624475e-07,28052246.0,26748198.0,1304048.208984375,0.247218504070046,-0.21764559593261637,-0.4648641000026624
dataset,walker2d-medium-v2,20,1,bar_p4,bar_p4|walker2d-medium-v2|T=20|seed=1,2,mart_mu1,mart_mu2,2048,False,3.5647769522624475e-07,28728046.0,28052246.0,675799.7768554688,0.11340936041283793,-0.12749818647501004,-0.240907546887848
dataset,walker2d-medium-v2,20,1,bar_p4,bar_p4|walker2d-medium-v2|T=20|seed=1,3,mart_mu2,mart_mu3,2048,False,3.4809189598205363e-07,29054506.0,28728046.0,326460.35791015625,0.05034178001258838,-0.06329642493533773,-0.1136382049479261
dataset,walker2d-medium-v2,20,1,bar_p4,bar_p4|walker2d-medium-v2|T=20|seed=1,4,mart_mu3,mart_mu4,2048,False,3.441806926608787e-07,29201760.0,29054506.0,147252.23828125,0.026208079684901454,-0.024473297682603926,-0.05068137736750538
dataset,walker2d-medium-v2,20,1,two_actor_p4,two_actor_p4|walker2d-medium-v2|T=20|seed=1,1,dataset_action,two_actor_target,2048,False,1.582853069339653e-11,631770578944.0,420395417600.0,211375137736.0,0.7186146255284296,-2.6271432299467654,-3.345757855475195
dataset,walker2d-medium-v2,20,1,two_actor_p4,two_actor_p4|walker2d-medium-v2|T=20|seed=1,1,dataset_action,two_actor_deploy,2048,False,6.287073008557855e-11,636226109440.0,420395417600.0,215830719620.0,0.8105665468389672,-12.758868370566235,-13.569434917405202
rollout_common,walker2d-medium-v2,20,1,bar_p4,bar_p4|walker2d-medium-v2|T=20|seed=1,2,mart_mu1,mart_mu2,512,False,2.3243915231114175e-07,43837808.0,43022012.0,815793.2421875,0.18598667523044662,-0.003635614444773838,-0.18962228967522046
rollout_common,walker2d-medium-v2,20,1,bar_p4,bar_p4|walker2d-medium-v2|T=20|seed=1,3,mart_mu2,mart_mu3,512,False,2.2811359546078975e-07,43972652.0,43837808.0,134843.9921875,0.07654960486817133,0.04578985698399407,-0.030759747884177267
rollout_common,walker2d-medium-v2,20,1,bar_p4,bar_p4|walker2d-medium-v2|T=20|seed=1,4,mart_mu3,mart_mu4,512,False,2.2741407545762245e-07,43998576.0,43972652.0,25925.28125,0.05088603101245639,0.0449902571460088,-0.005895773866447585
dataset,walker2d-medium-v2,4,0,bar_p4,bar_p4|walker2d-medium-v2|T=4|seed=0,1,dataset_action,mart_mu1,2048,False,0.006807374826812259,293.77996826171875,293.22271728515625,0.5572199984453619,0.033322226193411165,0.029529020802997845,-0.0037932053904133223
dataset,walker2d-medium-v2,4,0,bar_p4,bar_p4|walker2d-medium-v2|T=4|seed=0,2,mart_mu1,mart_mu2,2048,False,0.006807374826812259,294.275146484375,293.77996826171875,0.4952062100637704,0.0050951084841102945,0.0017240541956410802,-0.0033710542884692143
dataset,walker2d-medium-v2,4,0,bar_p4,bar_p4|walker2d-medium-v2|T=4|seed=0,3,mart_mu2,mart_mu3,2048,False,0.006796009561172108,294.6126403808594,294.275146484375,0.3374700337299146,0.003814167132534924,0.0015207175566973505,-0.0022934495758375733
dataset,walker2d-medium-v2,4,0,bar_p4,bar_p4|walker2d-medium-v2|T=4|seed=0,4,mart_mu3,mart_mu4,2048,False,0.006788339396416161,294.90625,294.6126403808594,0.293627951934468,0.00437968262459255,0.0023864364305868097,-0.00199324619400574
dataset,walker2d-medium-v2,4,0,two_actor_p4,two_actor_p4|walker2d-medium-v2|T=4|seed=0,1,dataset_action,two_actor_target,2048,False,0.006765776068493061,295.55908203125,295.0513916015625,0.5076924082823098,0.03301851347510067,0.029583580328988612,-0.0034349331461120598
dataset,walker2d-medium-v2,4,0,two_actor_p4,two_actor_p4|walker2d-medium-v2|T=4|seed=0,1,dataset_action,two_actor_deploy,2048,False,0.026950975461237765,296.8016357421875,295.0513916015625,1.7502383140381426,0.052648894736566594,0.005478264883606455,-0.04717062985296014
rollout_common,walker2d-medium-v2,4,0,bar_p4,bar_p4|walker2d-medium-v2|T=4|seed=0,2,mart_mu1,mart_mu2,512,False,0.005751627545915838,347.9482421875,347.7276611328125,0.2205866277217865,0.003516617086911098,0.002247884962645789,-0.0012687321242653095
rollout_common,walker2d-medium-v2,4,0,bar_p4,bar_p4|walker2d-medium-v2|T=4|seed=0,3,mart_mu2,mart_mu3,512,False,0.005747981313767558,348.1010437011719,347.9482421875,0.15281128883361816,0.002890478441814828,0.0020121220090664536,-0.0008783564327483743
rollout_common,walker2d-medium-v2,4,0,bar_p4,bar_p4|walker2d-medium-v2|T=4|seed=0,4,mart_mu3,mart_mu4,512,False,0.005745458195096497,348.2591552734375,348.1010437011719,0.15811899304389954,0.0035269988886441686,0.00261853282425969,-0.0009084660643844787
dataset,walker2d-medium-v2,4,1,bar_p4,bar_p4|walker2d-medium-v2|T=4|seed=1,1,dataset_action,mart_mu1,2048,False,0.0067816871038025375,294.8556823730469,294.3463134765625,0.5093920215731487,0.03343673295963829,0.029982195656155765,-0.003454537303482526
dataset,walker2d-medium-v2,4,1,bar_p4,bar_p4|walker2d-medium-v2|T=4|seed=1,2,mart_mu1,mart_mu2,2048,False,0.0067816871038025375,295.2431335449219,294.8556823730469,0.3874212127411738,0.004523959701416349,0.0018965902592299909,-0.002627369442186358
dataset,walker2d-medium-v2,4,1,bar_p4,bar_p4|walker2d-medium-v2|T=4|seed=1,3,mart_mu2,mart_mu3,2048,False,0.006772805204658238,295.6020202636719,295.2431335449219,0.35892999661155045,0.0040990697244560875,0.0016681067752974147,-0.0024309629491586727
dataset,walker2d-medium-v2,4,1,bar_p4,bar_p4|walker2d-medium-v2|T=4|seed=1,4,mart_mu3,mart_mu4,2048,False,0.006764721524846603,295.9051208496094,295.6020202636719,0.3030980055918917,0.004211610085957738,0.0021612364833921917,-0.002050373602565546
dataset,walker2d-medium-v2,4,1,two_actor_p4,two_actor_p4|walker2d-medium-v2|T=4|seed=1,1,dataset_action,two_actor_target,2048,False,0.006798572957085083,294.13214111328125,293.640869140625,0.49129753577290103,0.03360271371027377,0.030262591569685582,-0.003340122140588186
dataset,walker2d-medium-v2,4,1,two_actor_p4,two_actor_p4|walker2d-medium-v2|T=4|seed=1,1,dataset_action,two_actor_deploy,2048,False,0.027087679614325327,295.29681396484375,293.640869140625,1.6559401057311334,0.05068951514689856,0.00583394010234161,-0.04485557504455695
rollout_common,walker2d-medium-v2,4,1,bar_p4,bar_p4|walker2d-medium-v2|T=4|seed=1,2,mart_mu1,mart_mu2,512,False,0.005733694309133256,348.9804382324219,348.81524658203125,0.1651882529258728,0.0030188194156722387,0.002071680469935497,-0.0009471389457367418
rollout_common,walker2d-medium-v2,4,1,bar_p4,bar_p4|walker2d-medium-v2|T=4|seed=1,3,mart_mu2,mart_mu3,512,False,0.005730980236024045,349.110107421875,348.9804382324219,0.12969177961349487,0.003045224103030316,0.0023019630772905908,-0.0007432610257397253
rollout_common,walker2d-medium-v2,4,1,bar_p4,bar_p4|walker2d-medium-v2|T=4|seed=1,4,mart_mu3,mart_mu4,512,False,0.0057288515908085385,349.2266845703125,349.110107421875,0.11655935645103455,0.0031273893715257875,0.0024596381168976588,-0.0006677512546281288
dataset,walker2d-medium-v2,7,0,bar_p4,bar_p4|walker2d-medium-v2|T=7|seed=0,1,dataset_action,mart_mu1,2048,False,0.011312818817080253,309.36920166015625,308.74981689453125,0.6193817823659629,0.03454559475967351,0.02753864087716714,-0.007006953882506371
dataset,walker2d-medium-v2,7,0,bar_p4,bar_p4|walker2d-medium-v2|T=7|seed=0,2,mart_mu1,mart_mu2,2048,False,0.011312818817080253,309.819091796875,309.36920166015625,0.4498903937637806,0.006199636197191149,0.001110107684996608,-0.005089528512194541
dataset,walker2d-medium-v2,7,0,bar_p4,bar_p4|walker2d-medium-v2|T=7|seed=0,3,mart_mu2,mart_mu3,2048,False,0.011296496757244737,310.18267822265625,309.819091796875,0.36358955269679427,0.005257697450757478,0.0011504092477500772,-0.0041072882030074006
dataset,walker2d-medium-v2,7,0,bar_p4,bar_p4|walker2d-medium-v2|T=7|seed=0,4,mart_mu3,mart_mu4,2048,False,0.011283271388244353,310.5040283203125,310.18267822265625,0.3213271554559469,0.0058087123901188475,0.0021830908906968166,-0.003625621499422031
dataset,walker2d-medium-v2,7,0,two_actor_p4,two_actor_p4|walker2d-medium-v2|T=7|seed=0,1,dataset_action,two_actor_target,2048,False,0.011347444715308823,308.38311767578125,307.7469482421875,0.6361526139080524,0.03491339505534096,0.02769468843852014,-0.007218706616820824
dataset,walker2d-medium-v2,7,0,two_actor_p4,two_actor_p4|walker2d-medium-v2|T=7|seed=0,1,dataset_action,two_actor_deploy,2048,False,0.04519654213417583,309.7117919921875,307.7469482421875,1.964867975562811,0.06836399885220366,-0.020441239393413677,-0.08880523824561734
rollout_common,walker2d-medium-v2,7,0,bar_p4,bar_p4|walker2d-medium-v2|T=7|seed=0,2,mart_mu1,mart_mu2,512,False,0.009545608118628411,366.8653564453125,366.6607666015625,0.20458123087882996,0.0042965267421310955,0.0023436744837351427,-0.0019528522583959528
rollout_common,walker2d-medium-v2,7,0,bar_p4,bar_p4|walker2d-medium-v2|T=7|seed=0,3,mart_mu2,mart_mu3,512,False,0.009540284818311673,367.050048828125,366.8653564453125,0.1847045123577118,0.003551513285818522,0.0017893796306985834,-0.0017621336551199387
rollout_common,walker2d-medium-v2,7,0,bar_p4,bar_p4|walker2d-medium-v2|T=7|seed=0,4,mart_mu3,mart_mu4,512,False,0.009535484334190695,367.25067138671875,367.050048828125,0.2006266713142395,0.004663047678725147,0.002749975197387391,-0.0019130724813377564
dataset,walker2d-medium-v2,7,1,bar_p4,bar_p4|walker2d-medium-v2|T=7|seed=1,1,dataset_action,mart_mu1,2048,False,0.011284730214599773,310.1346435546875,309.5296630859375,0.6049900699872524,0.034560624694506284,0.027733474972188307,-0.006827149722317978
dataset,walker2d-medium-v2,7,1,bar_p4,bar_p4|walker2d-medium-v2|T=7|seed=1,2,mart_mu1,mart_mu2,2048,False,0.011284730214599773,310.61431884765625,310.1346435546875,0.4796636097598821,0.006277649229971811,0.0008647748000704747,-0.0054128744299013366
dataset,walker2d-medium-v2,7,1,bar_p4,bar_p4|walker2d-medium-v2|T=7|seed=1,3,mart_mu2,mart_mu3,2048,False,0.01126741519776622,310.975341796875,310.61431884765625,0.36103028431534767,0.005506673369316532,0.001438795256967925,-0.0040678781123486074
dataset,walker2d-medium-v2,7,1,bar_p4,bar_p4|walker2d-medium-v2|T=7|seed=1,4,mart_mu3,mart_mu4,2048,False,0.011254324058670927,311.3704833984375,310.975341796875,0.39512750832363963,0.006326495011094548,0.001879601987925113,-0.004446893023169435
dataset,walker2d-medium-v2,7,1,two_actor_p4,two_actor_p4|walker2d-medium-v2|T=7|seed=1,1,dataset_action,two_actor_target,2048,False,0.011216022227110503,312.0211181640625,311.4151611328125,0.6059459818061441,0.0344072215897448,0.027610917989378793,-0.006796303600366009
dataset,walker2d-medium-v2,7,1,two_actor_p4,two_actor_p4|walker2d-medium-v2|T=7|seed=1,1,dataset_action,two_actor_deploy,2048,False,0.04465861000004154,313.4700927734375,311.4151611328125,2.054938150802627,0.07010532987916133,-0.021665351571739738,-0.09177068145090107
rollout_common,walker2d-medium-v2,7,1,bar_p4,bar_p4|walker2d-medium-v2|T=7|seed=1,2,mart_mu1,mart_mu2,512,False,0.009514792669327045,368.04571533203125,367.8482666015625,0.19741031527519226,0.0035382195413129944,0.0016599013206830544,-0.00187831822062994
rollout_common,walker2d-medium-v2,7,1,bar_p4,bar_p4|walker2d-medium-v2|T=7|seed=1,3,mart_mu2,mart_mu3,512,False,0.009509688184612605,368.18084716796875,368.04571533203125,0.1351400911808014,0.003270573768483396,0.0019854336401138586,-0.0012851401283695372
rollout_common,walker2d-medium-v2,7,1,bar_p4,bar_p4|walker2d-medium-v2|T=7|seed=1,4,mart_mu3,mart_mu4,512,False,0.009506197884587566,368.3246154785156,368.18084716796875,0.14376914501190186,0.004068732377616035,0.0027020344354349306,-0.0013666979421811045
