environment,seed,method,integrator,s,t,total,Phi_u_vs_Phi_t_Phi_s_aD_rms,relative_frozen_semigroup_from_aD,pi_u_vs_Phi_u_aD_rms,pi_u_vs_Phi_t_Phi_s_aD_rms,solver_converged_sample_fraction,all_numeric_outputs_finite
halfcheetah-medium-v2,2,mpi1,explicit,0.05,0.05,0.1,0.0025146329754532344,0.010287623111824542,0.24390087628852536,0.24389857292450923,1.0,True
halfcheetah-medium-v2,2,mpi1,implicit,0.05,0.05,0.1,0.00045987399290837766,0.0018243024758240875,0.25154333083066366,0.2515462679421681,0.701171875,True
halfcheetah-medium-v2,2,mpi1,explicit,0.1,0.1,0.2,0.0027082355981640992,0.010774723719632265,0.25022576029090776,0.25029536780110945,1.0,True
halfcheetah-medium-v2,2,mpi1,implicit,0.1,0.1,0.2,0.0005521940631331696,0.0019921613090253644,0.27682280792947356,0.27682156698164595,0.53125,True
halfcheetah-medium-v2,2,mpi1,explicit,0.2,0.2,0.4,0.010874495842971515,0.04521726160743634,0.23905142488511336,0.23861763046776838,1.0,True
halfcheetah-medium-v2,2,mpi1,implicit,0.2,0.2,0.4,0.0022234619090017345,0.008079460155842336,0.27365836169435953,0.2736630186050904,0.396484375,True
halfcheetah-medium-v2,2,mpi1,explicit,1.5,2.5,4.0,0.05795843890404247,0.2086241859951304,0.2762842880421024,0.26744883047880613,1.0,True
halfcheetah-medium-v2,2,mpi1,implicit,1.5,2.5,4.0,0.009172225858342356,0.017673707626498687,0.5299522113566778,0.5300902709016162,0.03515625,True
halfcheetah-medium-v2,2,mpi1,explicit,4.0,10.0,14.0,0.20002151186314177,0.5556755870685467,0.3703814299688227,0.3409562971268019,1.0,True
halfcheetah-medium-v2,2,mpi1,implicit,4.0,10.0,14.0,0.00048332622089761326,0.0008619261104416561,0.6196639403228075,0.6195168984238109,0.00390625,True
halfcheetah-medium-v2,2,mpi1,explicit,7.0,7.0,14.0,0.18129226470049667,0.5036442564605886,0.3703814299688227,0.3334020827902837,1.0,True
halfcheetah-medium-v2,2,mpi1,implicit,7.0,7.0,14.0,0.039861966057622766,0.06344463983224309,0.6413336980701656,0.6371118934156719,0.013671875,True
halfcheetah-medium-v2,2,mpi1,explicit,7.0,10.0,17.0,0.23368908329554605,0.5914456807230851,0.39298569210108986,0.3503318356634808,1.0,True
halfcheetah-medium-v2,2,mpi1,implicit,7.0,10.0,17.0,0.013747723915021224,0.022447634120529723,0.6463171142231527,0.6465531064390316,0.021484375,True
halfcheetah-medium-v2,2,mpi1,explicit,10.0,10.0,20.0,0.26559614682968796,0.5708683379756453,0.4515649092319648,0.39448946167895127,1.0,True
halfcheetah-medium-v2,2,mpi1,implicit,10.0,10.0,20.0,0.0005844385646975667,0.0008217711395420348,0.8455161677914238,0.8451140816210838,0.001953125,True
halfcheetah-medium-v2,2,mpi2,explicit,0.05,0.05,0.1,0.008764633846882417,0.0344427716980237,0.253968907084056,0.2537945996338523,1.0,True
halfcheetah-medium-v2,2,mpi2,implicit,0.05,0.05,0.1,0.0005321473919751059,0.001883900035455646,0.28178701451575,0.28178330466464535,0.591796875,True
halfcheetah-medium-v2,2,mpi2,explicit,0.1,0.1,0.2,0.012161282443250222,0.047662081003242006,0.25543650480027524,0.25510104069123024,1.0,True
halfcheetah-medium-v2,2,mpi2,implicit,0.1,0.1,0.2,0.001020939934134464,0.0035721555925080123,0.2862302889459066,0.2862180971587509,0.46875,True
halfcheetah-medium-v2,2,mpi2,explicit,0.2,0.2,0.4,0.010681268340095756,0.04168615634503336,0.2533896326696195,0.2531732225716724,1.0,True
halfcheetah-medium-v2,2,mpi2,implicit,0.2,0.2,0.4,0.002149739174715754,0.006959806552071662,0.30665385695999087,0.306654344103625,0.3046875,True
halfcheetah-medium-v2,2,mpi2,explicit,1.5,2.5,4.0,0.07816627616777763,0.2712313971102221,0.289884052855578,0.2822637673585241,1.0,True
halfcheetah-medium-v2,2,mpi2,implicit,1.5,2.5,4.0,0.0006905500499790924,0.0013125392724665167,0.5297056303369625,0.5296928007553227,0.017578125,True
halfcheetah-medium-v2,2,mpi2,explicit,4.0,10.0,14.0,0.2412162940084826,0.6117959219051587,0.382777365034143,0.3485002713043897,1.0,True
halfcheetah-medium-v2,2,mpi2,implicit,4.0,10.0,14.0,0.021660365404257257,0.03129008994716247,0.6334119631069343,0.6300323791583355,0.01171875,True
halfcheetah-medium-v2,2,mpi2,explicit,7.0,7.0,14.0,0.22474746248286098,0.5700260903631648,0.382777365034143,0.3373053149697442,1.0,True
halfcheetah-medium-v2,2,mpi2,implicit,7.0,7.0,14.0,0.015876209743419526,0.028167616060533446,0.5265679975091517,0.5287824440747569,0.0078125,True
halfcheetah-medium-v2,2,mpi2,explicit,7.0,10.0,17.0,0.26754507247786635,0.5894206218929745,0.41392632498249526,0.35522066337761005,1.0,True
halfcheetah-medium-v2,2,mpi2,implicit,7.0,10.0,17.0,0.0902830128399381,0.13541819639443062,1.0336766062058278,0.9765257473629528,0.001953125,True
halfcheetah-medium-v2,2,mpi2,explicit,10.0,10.0,20.0,0.2851320436131036,0.5959206620704646,0.45647676650703,0.38445885566055477,1.0,True
halfcheetah-medium-v2,2,mpi2,implicit,10.0,10.0,20.0,0.03226931037367594,0.036437788971400265,1.0857887010214233,1.084626811588912,0.005859375,True
halfcheetah-medium-v2,2,mpi3,explicit,0.05,0.05,0.1,0.005592402228448722,0.02182122057402166,0.254869876542574,0.2547321418345714,1.0,True
halfcheetah-medium-v2,2,mpi3,implicit,0.05,0.05,0.1,0.0010376141376237068,0.0037855584657280695,0.27366728982276334,0.2736213385251779,0.599609375,True
halfcheetah-medium-v2,2,mpi3,explicit,0.1,0.1,0.2,0.007239071843137098,0.027962730831218724,0.25827132170179423,0.2580379663310761,1.0,True
halfcheetah-medium-v2,2,mpi3,implicit,0.1,0.1,0.2,0.0009260913307732173,0.00311867734794718,0.29557489888211574,0.29558044702590514,0.4140625,True
halfcheetah-medium-v2,2,mpi3,explicit,0.2,0.2,0.4,0.010820378371408203,0.0417565189665616,0.2563527586273436,0.2563583950266205,1.0,True
halfcheetah-medium-v2,2,mpi3,implicit,0.2,0.2,0.4,0.0016999030638406372,0.005168264236438971,0.3275354072033585,0.3275531000519285,0.302734375,True
halfcheetah-medium-v2,2,mpi3,explicit,1.5,2.5,4.0,0.1089967829132153,0.37328237047593626,0.3007071560991234,0.28224324963772396,1.0,True
halfcheetah-medium-v2,2,mpi3,implicit,1.5,2.5,4.0,0.0036684594775305184,0.007415424077742491,0.5056589894725111,0.5057148154505389,0.025390625,True
halfcheetah-medium-v2,2,mpi3,explicit,4.0,10.0,14.0,0.2708129612477853,0.6154080677432069,0.4228473405353098,0.3650519186806807,1.0,True
halfcheetah-medium-v2,2,mpi3,implicit,4.0,10.0,14.0,0.009675271905891174,0.017962006357967075,0.4576630322120249,0.45923141975173654,0.0078125,True
halfcheetah-medium-v2,2,mpi3,explicit,7.0,7.0,14.0,0.25254959242658354,0.5739055323218923,0.4228473405353098,0.3565381171829368,1.0,True
halfcheetah-medium-v2,2,mpi3,implicit,7.0,7.0,14.0,0.012797674174258096,0.023810478542727494,0.5107541042641794,0.5120366115337354,0.013671875,True
halfcheetah-medium-v2,2,mpi3,explicit,7.0,10.0,17.0,0.3216314859626095,0.6550367700592913,0.4580348498717814,0.3804598858984175,1.0,True
halfcheetah-medium-v2,2,mpi3,implicit,7.0,10.0,17.0,0.0005773254082645382,0.0008918745932369415,0.5878784230992032,0.5880232485724661,0.00390625,True
halfcheetah-medium-v2,2,mpi3,explicit,10.0,10.0,20.0,0.33365817922110025,0.6244429625311699,0.4786277237237449,0.38552176717433556,1.0,True
halfcheetah-medium-v2,2,mpi3,implicit,10.0,10.0,20.0,0.0011783936785386355,0.0015529340123073478,0.8905941538557874,0.8899518933042236,0.00390625,True
halfcheetah-medium-v2,3,mpi1,explicit,0.05,0.05,0.1,0.0023794506276268767,0.009401029191593703,0.25255092477374225,0.2525799727083651,1.0,True
halfcheetah-medium-v2,3,mpi1,implicit,0.05,0.05,0.1,0.00036099104804633233,0.0013234262019047643,0.2720670685298792,0.2720644617348234,0.677734375,True
halfcheetah-medium-v2,3,mpi1,explicit,0.1,0.1,0.2,0.002516972845294905,0.009860050467806157,0.2546280476254191,0.254642231182199,1.0,True
halfcheetah-medium-v2,3,mpi1,implicit,0.1,0.1,0.2,0.0007476813855974402,0.0026659559719576184,0.28059667785989684,0.2806104976650529,0.544921875,True
halfcheetah-medium-v2,3,mpi1,explicit,0.2,0.2,0.4,0.004562566913661105,0.01804075635028597,0.25132402272756577,0.25139087959682704,1.0,True
halfcheetah-medium-v2,3,mpi1,implicit,0.2,0.2,0.4,0.0012740603179409093,0.00439439552452739,0.288641700277122,0.28869161905430235,0.412109375,True
halfcheetah-medium-v2,3,mpi1,explicit,1.5,2.5,4.0,0.06651969461705935,0.23957209657174727,0.2799267365929046,0.27225082950791046,1.0,True
halfcheetah-medium-v2,3,mpi1,implicit,1.5,2.5,4.0,0.002436058229244537,0.004810398856581032,0.5149358712981108,0.5145350875275322,0.037109375,True
halfcheetah-medium-v2,3,mpi1,explicit,4.0,10.0,14.0,0.1883959653854661,0.5346678238955908,0.3717827122610751,0.3411157144241928,1.0,True
halfcheetah-medium-v2,3,mpi1,implicit,4.0,10.0,14.0,0.002449673928650037,0.003803594743295247,0.670995185036125,0.6705977092162174,0.005859375,True
halfcheetah-medium-v2,3,mpi1,explicit,7.0,7.0,14.0,0.17935779434135407,0.5090174909159848,0.3717827122610751,0.33329684907230084,1.0,True
halfcheetah-medium-v2,3,mpi1,implicit,7.0,7.0,14.0,0.013094254969005122,0.020906105098018733,0.7127344343393935,0.7106317181048617,0.0078125,True
halfcheetah-medium-v2,3,mpi1,explicit,7.0,10.0,17.0,0.20617009867027145,0.5416670758573402,0.3943212215933117,0.3547602211594305,1.0,True
halfcheetah-medium-v2,3,mpi1,implicit,7.0,10.0,17.0,0.013360004730337244,0.015216724811556332,0.9621473826471139,0.9574911556094067,0.00390625,True
halfcheetah-medium-v2,3,mpi1,explicit,10.0,10.0,20.0,0.225465209731123,0.5330090616969679,0.42295106977977187,0.369366508234401,1.0,True
halfcheetah-medium-v2,3,mpi1,implicit,10.0,10.0,20.0,0.03570867479440061,0.04271615631680143,0.8723954459697959,0.8736531281557229,0.0078125,True
halfcheetah-medium-v2,3,mpi2,explicit,0.05,0.05,0.1,0.0012226004886576043,0.004881043720588753,0.24957130246779113,0.249573128713466,1.0,True
halfcheetah-medium-v2,3,mpi2,implicit,0.05,0.05,0.1,0.0004323671684034615,0.0016369077123681197,0.2632998237055928,0.26330458513084165,0.66796875,True
halfcheetah-medium-v2,3,mpi2,explicit,0.1,0.1,0.2,0.005343510632190234,0.02102856369362952,0.25233501501244987,0.2524187571340746,1.0,True
halfcheetah-medium-v2,3,mpi2,implicit,0.1,0.1,0.2,0.0009841725696528127,0.003497980532597616,0.2800736414359577,0.28004524061571295,0.541015625,True
halfcheetah-medium-v2,3,mpi2,explicit,0.2,0.2,0.4,0.010463420598473844,0.04035828736531411,0.2567573670401016,0.25631561612546927,1.0,True
halfcheetah-medium-v2,3,mpi2,implicit,0.2,0.2,0.4,0.002360792499492708,0.007590627306415727,0.30829003200398736,0.3083403255263762,0.376953125,True
halfcheetah-medium-v2,3,mpi2,explicit,1.5,2.5,4.0,0.081698623241352,0.2813883643569482,0.29368207054158363,0.28301394436053784,1.0,True
halfcheetah-medium-v2,3,mpi2,implicit,1.5,2.5,4.0,0.00651070366109162,0.012946206584862481,0.5269342207087557,0.526708193462613,0.0234375,True
halfcheetah-medium-v2,3,mpi2,explicit,4.0,10.0,14.0,0.2502249573392038,0.6093735870560799,0.39810144070539777,0.3445442712815458,1.0,True
halfcheetah-medium-v2,3,mpi2,implicit,4.0,10.0,14.0,0.011662050892824882,0.019162422718129155,0.5851236464109432,0.5836733413323337,0.0078125,True
halfcheetah-medium-v2,3,mpi2,explicit,7.0,7.0,14.0,0.22073696907180637,0.5375614010269597,0.39810144070539777,0.3387261487574246,1.0,True
halfcheetah-medium-v2,3,mpi2,implicit,7.0,7.0,14.0,0.035015096704519605,0.07030168283162395,0.6228996762337117,0.6130754012400726,0.0078125,True
halfcheetah-medium-v2,3,mpi2,explicit,7.0,10.0,17.0,0.30393449781332504,0.6342187992001506,0.4445787968288857,0.35338721623983194,1.0,True
halfcheetah-medium-v2,3,mpi2,implicit,7.0,10.0,17.0,0.002444594251664358,0.0051111678059183934,0.28384662492405416,0.28430618532769336,0.001953125,True
halfcheetah-medium-v2,3,mpi2,explicit,10.0,10.0,20.0,0.2884391686480869,0.5975040550076919,0.43853744903193764,0.36973232031308156,1.0,True
halfcheetah-medium-v2,3,mpi2,implicit,10.0,10.0,20.0,0.02533155152128492,0.04533734782872049,0.5747798674360891,0.5875408846245028,0.00390625,True
halfcheetah-medium-v2,3,mpi3,explicit,0.05,0.05,0.1,0.003483736054387199,0.013770292567389939,0.2519950113611015,0.2520897309262731,1.0,True
halfcheetah-medium-v2,3,mpi3,implicit,0.05,0.05,0.1,0.0008001330896334796,0.0029032535224371996,0.2746173938560437,0.27456977643983366,0.578125,True
halfcheetah-medium-v2,3,mpi3,explicit,0.1,0.1,0.2,0.005867768501013009,0.022477414431178292,0.26026031457254845,0.2603005261086267,1.0,True
halfcheetah-medium-v2,3,mpi3,implicit,0.1,0.1,0.2,0.002016729386871135,0.006641624169419664,0.30234736241031746,0.30232802158448696,0.4296875,True
halfcheetah-medium-v2,3,mpi3,explicit,0.2,0.2,0.4,0.011611941394391551,0.044680321180926845,0.2579002970102733,0.25750070151868937,1.0,True
halfcheetah-medium-v2,3,mpi3,implicit,0.2,0.2,0.4,0.0021506483928112976,0.006628445724442139,0.3239767156102137,0.3239513198890271,0.28515625,True
halfcheetah-medium-v2,3,mpi3,explicit,1.5,2.5,4.0,0.09731645156669445,0.33397415387871526,0.30224400921883837,0.29016992528597635,1.0,True
halfcheetah-medium-v2,3,mpi3,implicit,1.5,2.5,4.0,0.008180285542971164,0.016064773935243797,0.5073085242966883,0.5076498716569314,0.03125,True
halfcheetah-medium-v2,3,mpi3,explicit,4.0,10.0,14.0,0.28310476461644934,0.662322365674903,0.4068798518125292,0.36169650084484395,1.0,True
halfcheetah-medium-v2,3,mpi3,implicit,4.0,10.0,14.0,0.05993178241943914,0.0925814635715927,0.7677951327349053,0.7656107774504266,0.009765625,True
halfcheetah-medium-v2,3,mpi3,explicit,7.0,7.0,14.0,0.24912089602518714,0.5828172528922055,0.4068798518125292,0.3450877945597732,1.0,True
halfcheetah-medium-v2,3,mpi3,implicit,7.0,7.0,14.0,0.00046912580840203805,0.0006756984628930305,0.7472795726161915,0.7471957680505663,0.009765625,True
halfcheetah-medium-v2,3,mpi3,explicit,7.0,10.0,17.0,0.30012145299924686,0.6203772381757698,0.445880990568219,0.3716580087642767,1.0,True
halfcheetah-medium-v2,3,mpi3,implicit,7.0,10.0,17.0,0.00035374878796041445,0.0005667632481324398,0.5914541980678525,0.5915472148247278,0.001953125,True
halfcheetah-medium-v2,3,mpi3,explicit,10.0,10.0,20.0,0.31946801014354326,0.6277608432262954,0.4725225714928377,0.3940824216058493,1.0,True
halfcheetah-medium-v2,3,mpi3,implicit,10.0,10.0,20.0,0.0007461358695653363,0.0014782380989374199,0.5257197276339848,0.5256242891403574,0.001953125,True
halfcheetah-medium-replay-v2,2,mpi1,explicit,0.05,0.05,0.1,0.01982011465447125,0.04748026205657986,0.41725764450823205,0.4169857921099526,1.0,True
halfcheetah-medium-replay-v2,2,mpi1,implicit,0.05,0.05,0.1,0.001679288601951519,0.0033132113266806907,0.5060074414995802,0.5060325701548213,0.345703125,True
halfcheetah-medium-replay-v2,2,mpi1,explicit,0.1,0.1,0.2,0.04086933263111459,0.0969857029473263,0.42233755843762766,0.419378504939633,1.0,True
halfcheetah-medium-replay-v2,2,mpi1,implicit,0.1,0.1,0.2,0.0009503287131040051,0.0018504581405198244,0.5099742669436775,0.5099902717666146,0.298828125,True
halfcheetah-medium-replay-v2,2,mpi1,explicit,0.2,0.2,0.4,0.042038715427213776,0.09975619047387609,0.41948466091298436,0.4178215943585951,1.0,True
halfcheetah-medium-replay-v2,2,mpi1,implicit,0.2,0.2,0.4,0.00018035942859659729,0.0003461456717598483,0.5177577402463399,0.5177707207750877,0.263671875,True
halfcheetah-medium-replay-v2,2,mpi1,explicit,1.5,2.5,4.0,0.19019150497563264,0.42424448676479853,0.4756843673459907,0.44590627281128703,1.0,True
halfcheetah-medium-replay-v2,2,mpi1,implicit,1.5,2.5,4.0,0.001330508237672336,0.0025250226116613436,0.5148935318353883,0.514882135588701,0.142578125,True
halfcheetah-medium-replay-v2,2,mpi1,explicit,4.0,10.0,14.0,0.4373121576050343,0.7648454417524055,0.5840284169404121,0.527507020874308,1.0,True
halfcheetah-medium-replay-v2,2,mpi1,implicit,4.0,10.0,14.0,0.004919051087086656,0.009047754365321006,0.5220810731430794,0.5222144651726541,0.05078125,True
halfcheetah-medium-replay-v2,2,mpi1,explicit,7.0,7.0,14.0,0.40203907665191047,0.7031539138257422,0.5840284169404121,0.5122674244320922,1.0,True
halfcheetah-medium-replay-v2,2,mpi1,implicit,7.0,7.0,14.0,0.0036295183204608818,0.006431897476357537,0.5394214898790254,0.539856887271512,0.03125,True
halfcheetah-medium-replay-v2,2,mpi1,explicit,7.0,10.0,17.0,0.48362005224325494,0.8052849730198881,0.6329121442539536,0.5615454820165624,1.0,True
halfcheetah-medium-replay-v2,2,mpi1,implicit,7.0,10.0,17.0,0.013873037667371399,0.023758865304519136,0.5723824866385129,0.5727750774065146,0.01953125,True
halfcheetah-medium-replay-v2,2,mpi1,explicit,10.0,10.0,20.0,0.4990994603500806,0.7909860748180054,0.6542423223219476,0.5773680360202902,1.0,True
halfcheetah-medium-replay-v2,2,mpi1,implicit,10.0,10.0,20.0,0.006217674880581481,0.011700834176236073,0.5253682897029011,0.5260373734221545,0.02734375,True
halfcheetah-medium-replay-v2,2,mpi2,explicit,0.05,0.05,0.1,0.017544773106662692,0.03896370015674222,0.44729966491814954,0.44691526520133135,1.0,True
halfcheetah-medium-replay-v2,2,mpi2,implicit,0.05,0.05,0.1,0.001048592973892166,0.0019387796339230383,0.5378721987878127,0.5378829924608235,0.361328125,True
halfcheetah-medium-replay-v2,2,mpi2,explicit,0.1,0.1,0.2,0.0409134918648709,0.0909410843174211,0.4475423150423677,0.445336368000097,1.0,True
halfcheetah-medium-replay-v2,2,mpi2,implicit,0.1,0.1,0.2,0.0014128390169596166,0.0025716980825907353,0.5449713342521219,0.5449400508279444,0.2734375,True
halfcheetah-medium-replay-v2,2,mpi2,explicit,0.2,0.2,0.4,0.06876732103372339,0.1526244722781111,0.45785322792164995,0.4529281153777859,1.0,True
halfcheetah-medium-replay-v2,2,mpi2,implicit,0.2,0.2,0.4,0.0013162878828719847,0.0024095599195558945,0.5403100376179361,0.5403634817432521,0.234375,True
halfcheetah-medium-replay-v2,2,mpi2,explicit,1.5,2.5,4.0,0.2649228072942503,0.5371573839309248,0.5390832737996817,0.49238779136157335,1.0,True
halfcheetah-medium-replay-v2,2,mpi2,implicit,1.5,2.5,4.0,0.005096248042668266,0.009040966462668918,0.5511586172703541,0.5512366268464174,0.1015625,True
halfcheetah-medium-replay-v2,2,mpi2,explicit,4.0,10.0,14.0,0.5283731396768654,0.8413273273762889,0.6358190710253051,0.5632976250810151,1.0,True
halfcheetah-medium-replay-v2,2,mpi2,implicit,4.0,10.0,14.0,0.004699562411784323,0.007947804311171834,0.5790790245343144,0.5788346006249576,0.037109375,True
halfcheetah-medium-replay-v2,2,mpi2,explicit,7.0,7.0,14.0,0.4815462433701414,0.7667649687689676,0.6358190710253051,0.5454840126415631,1.0,True
halfcheetah-medium-replay-v2,2,mpi2,implicit,7.0,7.0,14.0,0.007171560608256386,0.012874772232070382,0.5416970875639381,0.5417969640664627,0.04296875,True
halfcheetah-medium-replay-v2,2,mpi2,explicit,7.0,10.0,17.0,0.5602142987248627,0.8454035274029479,0.6611651673933664,0.5971838257351089,1.0,True
halfcheetah-medium-replay-v2,2,mpi2,implicit,7.0,10.0,17.0,0.005874944088590398,0.010389503394099688,0.5166048952649627,0.5173952060948406,0.015625,True
halfcheetah-medium-replay-v2,2,mpi2,explicit,10.0,10.0,20.0,0.5994176223667528,0.8438370483436877,0.6840075893181357,0.5969627239576905,1.0,True
halfcheetah-medium-replay-v2,2,mpi2,implicit,10.0,10.0,20.0,0.011461453518663345,0.021571536250969928,0.5022421515745699,0.5011880253114247,0.017578125,True
halfcheetah-medium-replay-v2,2,mpi3,explicit,0.05,0.05,0.1,0.022040796499468527,0.04786969053296874,0.4597699785025487,0.45898184566878575,1.0,True
halfcheetah-medium-replay-v2,2,mpi3,implicit,0.05,0.05,0.1,0.0038881751734745154,0.006961932021607864,0.5565738537910014,0.5566509690457045,0.306640625,True
halfcheetah-medium-replay-v2,2,mpi3,explicit,0.1,0.1,0.2,0.04500338339153808,0.09764137930959978,0.4613532513443323,0.4591931906922636,1.0,True
halfcheetah-medium-replay-v2,2,mpi3,implicit,0.1,0.1,0.2,0.0011325372989217809,0.0020272217060034303,0.5555585267318774,0.5555603631050717,0.2734375,True
halfcheetah-medium-replay-v2,2,mpi3,explicit,0.2,0.2,0.4,0.09304126526611521,0.19820300640261956,0.4785426923773671,0.47236961140289785,1.0,True
halfcheetah-medium-replay-v2,2,mpi3,implicit,0.2,0.2,0.4,0.0007563192814165326,0.001327930733876705,0.5668991300412836,0.5668809403850208,0.263671875,True
halfcheetah-medium-replay-v2,2,mpi3,explicit,1.5,2.5,4.0,0.3396302368888986,0.6613574066543002,0.5595621992539251,0.5136109854870171,1.0,True
halfcheetah-medium-replay-v2,2,mpi3,implicit,1.5,2.5,4.0,0.006379383601097915,0.011226285978728453,0.550244026464132,0.5506537416650802,0.111328125,True
halfcheetah-medium-replay-v2,2,mpi3,explicit,4.0,10.0,14.0,0.580757295929881,0.8976231516887936,0.6637136948503136,0.6117519396668563,1.0,True
halfcheetah-medium-replay-v2,2,mpi3,implicit,4.0,10.0,14.0,0.005227176228766484,0.009887247274145297,0.5126864031843845,0.5119869887680779,0.021484375,True
halfcheetah-medium-replay-v2,2,mpi3,explicit,7.0,7.0,14.0,0.5405375280423148,0.8354591546724087,0.6637136948503136,0.5787935433787549,1.0,True
halfcheetah-medium-replay-v2,2,mpi3,implicit,7.0,7.0,14.0,0.006196932316457833,0.010705148481273647,0.5618108260783603,0.5616376906906297,0.025390625,True
halfcheetah-medium-replay-v2,2,mpi3,explicit,7.0,10.0,17.0,0.6349757545539522,0.9086978700590416,0.6886075047825229,0.6065404371613554,1.0,True
halfcheetah-medium-replay-v2,2,mpi3,implicit,7.0,10.0,17.0,0.003785969251177009,0.006684023793374567,0.5204472431127609,0.5201019017531225,0.013671875,True
halfcheetah-medium-replay-v2,2,mpi3,explicit,10.0,10.0,20.0,0.6369409240179723,0.9006816423247513,0.6902041271346839,0.62126418103081,1.0,True
halfcheetah-medium-replay-v2,2,mpi3,implicit,10.0,10.0,20.0,0.0056860573821104895,0.009102316566760565,0.5877960492976371,0.5876465834460843,0.02734375,True
halfcheetah-medium-replay-v2,3,mpi1,explicit,0.05,0.05,0.1,0.02162420883912274,0.05226066231003706,0.4138845408558309,0.41275759399811257,1.0,True
halfcheetah-medium-replay-v2,3,mpi1,implicit,0.05,0.05,0.1,0.006361074422147468,0.012724310467619338,0.4987830962629154,0.4984509471102549,0.326171875,True
halfcheetah-medium-replay-v2,3,mpi1,explicit,0.1,0.1,0.2,0.03108417997210082,0.07420201685364344,0.4215510528634615,0.4206880194668377,1.0,True
halfcheetah-medium-replay-v2,3,mpi1,implicit,0.1,0.1,0.2,0.0020330001978205946,0.004044683773502773,0.5016154246401168,0.5016142727976424,0.30078125,True
halfcheetah-medium-replay-v2,3,mpi1,explicit,0.2,0.2,0.4,0.04494680157827411,0.1077161024804697,0.4188598463700287,0.4158864171306658,1.0,True
halfcheetah-medium-replay-v2,3,mpi1,implicit,0.2,0.2,0.4,0.0008512315990529739,0.0017010884275345274,0.49915306364413736,0.4990921820423837,0.29296875,True
halfcheetah-medium-replay-v2,3,mpi1,explicit,1.5,2.5,4.0,0.1959218883715464,0.43183968613727214,0.48402010384826655,0.45215154334414415,1.0,True
halfcheetah-medium-replay-v2,3,mpi1,implicit,1.5,2.5,4.0,0.0009719078577139647,0.0018270028671719227,0.5300704355173312,0.530130355177333,0.154296875,True
halfcheetah-medium-replay-v2,3,mpi1,explicit,4.0,10.0,14.0,0.4456485208890682,0.7863962277780857,0.5771616027565896,0.5183176323672763,1.0,True
halfcheetah-medium-replay-v2,3,mpi1,implicit,4.0,10.0,14.0,0.006155219815641192,0.011437357121663074,0.5033448230180346,0.5033355824175525,0.060546875,True
halfcheetah-medium-replay-v2,3,mpi1,explicit,7.0,7.0,14.0,0.41014655567905606,0.7237490737739284,0.5771616027565896,0.5040718509815306,1.0,True
halfcheetah-medium-replay-v2,3,mpi1,implicit,7.0,7.0,14.0,0.0035020424199547788,0.007080974784732788,0.4667184268834612,0.4670526186519383,0.041015625,True
halfcheetah-medium-replay-v2,3,mpi1,explicit,7.0,10.0,17.0,0.4910779061957102,0.7967832828699567,0.6249399726288126,0.5401140273074085,1.0,True
halfcheetah-medium-replay-v2,3,mpi1,implicit,7.0,10.0,17.0,0.013627560344829717,0.025657289378459774,0.5217683394073112,0.5194734619015993,0.015625,True
halfcheetah-medium-replay-v2,3,mpi1,explicit,10.0,10.0,20.0,0.4869666209840031,0.7660491224712307,0.643219249532724,0.5499602380898131,1.0,True
halfcheetah-medium-replay-v2,3,mpi1,implicit,10.0,10.0,20.0,0.010592709075328187,0.018379844109387616,0.5267322872218553,0.5277455454206573,0.025390625,True
halfcheetah-medium-replay-v2,3,mpi2,explicit,0.05,0.05,0.1,0.019135563789208672,0.04208099563615588,0.45219904532528116,0.45286985590515116,1.0,True
halfcheetah-medium-replay-v2,3,mpi2,implicit,0.05,0.05,0.1,0.002196805125422279,0.004052734907320403,0.5407855637207019,0.5406939280696423,0.34765625,True
halfcheetah-medium-replay-v2,3,mpi2,explicit,0.1,0.1,0.2,0.04116598713807859,0.09083733563749463,0.45314261635059766,0.4516538544616421,1.0,True
halfcheetah-medium-replay-v2,3,mpi2,implicit,0.1,0.1,0.2,0.0006426032224597737,0.0011741764523338707,0.5443835869506614,0.5443477531629509,0.28125,True
halfcheetah-medium-replay-v2,3,mpi2,explicit,0.2,0.2,0.4,0.06952158548881747,0.15208339940637622,0.46612774516522976,0.45952260121889443,1.0,True
halfcheetah-medium-replay-v2,3,mpi2,implicit,0.2,0.2,0.4,0.0009940043524489374,0.0017798621480373512,0.553534474592774,0.5535111096334522,0.259765625,True
halfcheetah-medium-replay-v2,3,mpi2,explicit,1.5,2.5,4.0,0.25406708328332656,0.51913380344295,0.5199563499508105,0.48307051869386575,1.0,True
halfcheetah-medium-replay-v2,3,mpi2,implicit,1.5,2.5,4.0,0.0020384869233955097,0.0036396591523641833,0.5410446092199124,0.5412219505133178,0.091796875,True
halfcheetah-medium-replay-v2,3,mpi2,explicit,4.0,10.0,14.0,0.5334965916322089,0.8448381544741397,0.6322862329103713,0.5628260285450092,1.0,True
halfcheetah-medium-replay-v2,3,mpi2,implicit,4.0,10.0,14.0,0.005839039302334713,0.009550685644330304,0.5686953546914623,0.5661836392136562,0.01171875,True
halfcheetah-medium-replay-v2,3,mpi2,explicit,7.0,7.0,14.0,0.5035007069711135,0.7973370678010885,0.6322862329103713,0.5405619473788912,1.0,True
halfcheetah-medium-replay-v2,3,mpi2,implicit,7.0,7.0,14.0,0.010503942584619551,0.019593768733859096,0.4895090516100235,0.4880664250007575,0.03515625,True
halfcheetah-medium-replay-v2,3,mpi2,explicit,7.0,10.0,17.0,0.5727340929279092,0.8720287089261469,0.6599420712139591,0.5945149158794671,1.0,True
halfcheetah-medium-replay-v2,3,mpi2,implicit,7.0,10.0,17.0,0.006756701721649495,0.011338061857523262,0.5832775070231122,0.5828991001217688,0.009765625,True
halfcheetah-medium-replay-v2,3,mpi2,explicit,10.0,10.0,20.0,0.6190415222740653,0.8731565021340044,0.6914100685762608,0.6003379538663259,1.0,True
halfcheetah-medium-replay-v2,3,mpi2,implicit,10.0,10.0,20.0,0.015447407825531096,0.03034825664466033,0.48314504612147596,0.4812214195378618,0.029296875,True
halfcheetah-medium-replay-v2,3,mpi3,explicit,0.05,0.05,0.1,0.014663191433601513,0.032057096587869136,0.4537176748808391,0.45344751103236636,1.0,True
halfcheetah-medium-replay-v2,3,mpi3,implicit,0.05,0.05,0.1,0.001619760199511886,0.002959815791848692,0.5452779381759726,0.545240293571077,0.34765625,True
halfcheetah-medium-replay-v2,3,mpi3,explicit,0.1,0.1,0.2,0.054057002855300386,0.1167013108918221,0.46387850181227175,0.459787928621608,1.0,True
halfcheetah-medium-replay-v2,3,mpi3,implicit,0.1,0.1,0.2,0.0032619930565257324,0.005882733827649419,0.5505808579281336,0.550744972593903,0.28515625,True
halfcheetah-medium-replay-v2,3,mpi3,explicit,0.2,0.2,0.4,0.089387286047014,0.19060694264401265,0.4725580512041444,0.4666223560387031,1.0,True
halfcheetah-medium-replay-v2,3,mpi3,implicit,0.2,0.2,0.4,0.0017234825844175562,0.0030464459496845706,0.5610544361519064,0.5609729965487897,0.24609375,True
halfcheetah-medium-replay-v2,3,mpi3,explicit,1.5,2.5,4.0,0.2933607265994306,0.5759095328002481,0.5492735398535866,0.5026181912278813,1.0,True
halfcheetah-medium-replay-v2,3,mpi3,implicit,1.5,2.5,4.0,0.004039128348429001,0.006830559247182994,0.5798405690410462,0.5800100601971838,0.0703125,True
halfcheetah-medium-replay-v2,3,mpi3,explicit,4.0,10.0,14.0,0.6092092254378781,0.8943096910253675,0.66912509681869,0.5937262966056273,1.0,True
halfcheetah-medium-replay-v2,3,mpi3,implicit,4.0,10.0,14.0,0.015370586640247924,0.024301689103311444,0.6068635809757754,0.6051141429526701,0.037109375,True
halfcheetah-medium-replay-v2,3,mpi3,explicit,7.0,7.0,14.0,0.5520627173185514,0.8104195037376749,0.66912509681869,0.5751846710412939,1.0,True
halfcheetah-medium-replay-v2,3,mpi3,implicit,7.0,7.0,14.0,0.008010491195243958,0.013823728187650592,0.5451246872518789,0.5445057267807012,0.044921875,True
halfcheetah-medium-replay-v2,3,mpi3,explicit,7.0,10.0,17.0,0.6270681561271138,0.9145071064447258,0.6889131694952899,0.6233786634707417,1.0,True
halfcheetah-medium-replay-v2,3,mpi3,implicit,7.0,10.0,17.0,0.009121182253896949,0.016282202968484673,0.5448271097001322,0.5424581368925426,0.015625,True
halfcheetah-medium-replay-v2,3,mpi3,explicit,10.0,10.0,20.0,0.6107655024721779,0.8600519596837121,0.7216838358335717,0.6340852470328477,1.0,True
halfcheetah-medium-replay-v2,3,mpi3,implicit,10.0,10.0,20.0,0.002889542933393542,0.004910489416361504,0.5660721730159948,0.5658775149010459,0.021484375,True
halfcheetah-expert-v2,2,mpi1,explicit,0.05,0.05,0.1,0.00024910601338990374,0.0013011546670568669,0.1906441097889261,0.19064380465941702,1.0,True
halfcheetah-expert-v2,2,mpi1,implicit,0.05,0.05,0.1,9.00611382788855e-05,0.00046527118815906056,0.1928207214421686,0.19282237364552207,0.859375,True
halfcheetah-expert-v2,2,mpi1,explicit,0.1,0.1,0.2,0.0004771005793133199,0.0024669270887545426,0.1916988109176485,0.19172044983350464,1.0,True
halfcheetah-expert-v2,2,mpi1,implicit,0.1,0.1,0.2,0.000264941631624667,0.0013902435427662735,0.18910531009898165,0.1891029637766824,0.779296875,True
halfcheetah-expert-v2,2,mpi1,explicit,0.2,0.2,0.4,0.0015929286107484969,0.00826680496770907,0.1895524190742122,0.18965731658446114,1.0,True
halfcheetah-expert-v2,2,mpi1,implicit,0.2,0.2,0.4,0.0007217036717596588,0.003785754758606169,0.1877996921140162,0.1877980381554889,0.615234375,True
halfcheetah-expert-v2,2,mpi1,explicit,1.5,2.5,4.0,0.03246600339570639,0.1574703528745235,0.18781287286362583,0.18686645849343514,1.0,True
halfcheetah-expert-v2,2,mpi1,implicit,1.5,2.5,4.0,0.007715004001158986,0.04086453335113652,0.17182258788537155,0.1714128998930504,0.076171875,True
halfcheetah-expert-v2,2,mpi1,explicit,4.0,10.0,14.0,0.17755454146630567,0.5813102226492605,0.264999438727202,0.23665745805182312,1.0,True
halfcheetah-expert-v2,2,mpi1,implicit,4.0,10.0,14.0,0.011260730195719946,0.05471152621369178,0.15118976019221245,0.14730326356550333,0.005859375,True
halfcheetah-expert-v2,2,mpi1,explicit,7.0,7.0,14.0,0.16105806255737423,0.5273010615864917,0.264999438727202,0.22369008769809137,1.0,True
halfcheetah-expert-v2,2,mpi1,implicit,7.0,7.0,14.0,0.007704622939697529,0.02835187760485139,0.25007717761663933,0.24948291958667662,0.013671875,True
halfcheetah-expert-v2,2,mpi1,explicit,7.0,10.0,17.0,0.09133143653181008,0.1804944399922477,0.3806638992397227,0.36260675010267995,1.0,True
halfcheetah-expert-v2,2,mpi1,implicit,7.0,10.0,17.0,1.1454992457381696e-05,3.658999559620454e-05,0.2750782054845964,0.27506674463891034,0.001953125,True
halfcheetah-expert-v2,2,mpi1,explicit,10.0,10.0,20.0,0.1413708715693249,0.486168124157847,0.25643035459927993,0.21659069483892462,1.0,True
halfcheetah-expert-v2,2,mpi1,implicit,10.0,10.0,20.0,0.027673445464182034,0.07301516605652848,0.26993182378179315,0.26893975356869587,0.013671875,True
halfcheetah-expert-v2,2,mpi2,explicit,0.05,0.05,0.1,0.0003672473857365834,0.0018830138591751449,0.19419460940632366,0.1941992310771982,1.0,True
halfcheetah-expert-v2,2,mpi2,implicit,0.05,0.05,0.1,0.00012158755129140516,0.0006136393522852208,0.19735216897627875,0.19735229526507614,0.83984375,True
halfcheetah-expert-v2,2,mpi2,explicit,0.1,0.1,0.2,0.0008928368650670972,0.004570486539405694,0.19371605662645164,0.1937551447555918,1.0,True
halfcheetah-expert-v2,2,mpi2,implicit,0.1,0.1,0.2,0.00027201583627010754,0.0013449899147903344,0.2008070725525249,0.2008112138546559,0.755859375,True
halfcheetah-expert-v2,2,mpi2,explicit,0.2,0.2,0.4,0.0013303781296183828,0.006790402559473552,0.1929754705118682,0.19297609852460712,1.0,True
halfcheetah-expert-v2,2,mpi2,implicit,0.2,0.2,0.4,0.0005544187782113943,0.002840433850590406,0.1930048930440222,0.19299368505305253,0.623046875,True
halfcheetah-expert-v2,2,mpi2,explicit,1.5,2.5,4.0,0.028388587350297232,0.1370581945546676,0.18956578059815174,0.18844513425545795,1.0,True
halfcheetah-expert-v2,2,mpi2,implicit,1.5,2.5,4.0,0.009055394248135474,0.050033933098008736,0.16973720429243644,0.1695731308205916,0.056640625,True
halfcheetah-expert-v2,2,mpi2,explicit,4.0,10.0,14.0,0.16165307334409915,0.568347503339286,0.24714480771815514,0.22174484748626813,1.0,True
halfcheetah-expert-v2,2,mpi2,implicit,4.0,10.0,14.0,0.012974804311853229,0.05285665406986568,0.2156951095943886,0.21134164674329978,0.00390625,True
halfcheetah-expert-v2,2,mpi2,explicit,7.0,7.0,14.0,0.14895785431001743,0.5237130531979821,0.24714480771815514,0.21292268459631705,1.0,True
halfcheetah-expert-v2,2,mpi2,implicit,7.0,7.0,14.0,0.03601647685687895,0.188474777539154,0.18234909581160486,0.1759614319965504,0.01171875,True
halfcheetah-expert-v2,2,mpi2,explicit,7.0,10.0,17.0,0.19285264732315985,0.6395862939669773,0.25546051088290134,0.21775539526287774,1.0,True
halfcheetah-expert-v2,2,mpi2,implicit,7.0,10.0,17.0,0.03611359569507648,0.21143125289817952,0.12639726992615674,0.1287870565372391,0.00390625,True
halfcheetah-expert-v2,2,mpi2,explicit,10.0,10.0,20.0,0.27018551871646684,0.6957666000818025,0.3252675580188157,0.2431572783836924,1.0,True
halfcheetah-expert-v2,2,mpi2,implicit,10.0,10.0,20.0,0.005526500186583873,0.03403832293307605,0.16065235978538964,0.16019052174989928,0.001953125,True
halfcheetah-expert-v2,2,mpi3,explicit,0.05,0.05,0.1,0.0001800184903232213,0.0009186019272507593,0.1949926293865862,0.19499801829426658,1.0,True
halfcheetah-expert-v2,2,mpi3,implicit,0.05,0.05,0.1,0.00011198344248542318,0.0005718578325282153,0.19487743356583487,0.19487787306686236,0.892578125,True
halfcheetah-expert-v2,2,mpi3,explicit,0.1,0.1,0.2,0.0006471201454767573,0.0032972696158002643,0.19463766528474197,0.19466251062753992,1.0,True
halfcheetah-expert-v2,2,mpi3,implicit,0.1,0.1,0.2,0.0002598855100891931,0.0013118782921996547,0.19657531417111798,0.19657847224929878,0.783203125,True
halfcheetah-expert-v2,2,mpi3,explicit,0.2,0.2,0.4,0.002989000477926368,0.015288710402396072,0.1921332836051135,0.1921061919592754,1.0,True
halfcheetah-expert-v2,2,mpi3,implicit,0.2,0.2,0.4,0.0005575246060983132,0.002881570025965033,0.19073764888581576,0.1907505429953217,0.615234375,True
halfcheetah-expert-v2,2,mpi3,explicit,1.5,2.5,4.0,0.02641063278470523,0.12476862481959373,0.19479883662067635,0.1945052734544222,1.0,True
halfcheetah-expert-v2,2,mpi3,implicit,1.5,2.5,4.0,0.003475639925980819,0.01698326814953822,0.19042455812395845,0.1905212554152002,0.05078125,True
halfcheetah-expert-v2,2,mpi3,explicit,4.0,10.0,14.0,0.14382719816778639,0.5699151585320545,0.23306227515609163,0.21644251450698185,1.0,True
halfcheetah-expert-v2,2,mpi3,implicit,4.0,10.0,14.0,0.00013607940688133212,0.0006464052275274273,0.1450732301964485,0.1451086054797067,0.001953125,True
halfcheetah-expert-v2,2,mpi3,explicit,7.0,7.0,14.0,0.12688359192867676,0.5027761322638666,0.23306227515609163,0.2038518856263417,1.0,True
halfcheetah-expert-v2,2,mpi3,implicit,7.0,7.0,14.0,0.00010678696188898714,0.0005233756120485291,0.1591931785440043,0.15920759813194607,0.005859375,True
halfcheetah-expert-v2,2,mpi3,explicit,7.0,10.0,17.0,0.20343597025268864,0.6548400933524493,0.2760173562425579,0.22622242161204079,1.0,True
halfcheetah-expert-v2,2,mpi3,implicit,7.0,10.0,17.0,0.00682938521067133,0.04147025124496358,0.11922318782059675,0.11858122518714469,0.00390625,True
halfcheetah-expert-v2,2,mpi3,explicit,10.0,10.0,20.0,0.17278413753904123,0.5563833927437895,0.2688735060799625,0.2224022170574375,1.0,True
halfcheetah-expert-v2,2,mpi3,implicit,10.0,10.0,20.0,0.00980343054186691,0.04146482661618986,0.17427457453285003,0.17380742467215,0.005859375,True
halfcheetah-expert-v2,3,mpi1,explicit,0.05,0.05,0.1,0.00019970509211980443,0.001048968694594431,0.18964415405185242,0.18964501541288967,1.0,True
halfcheetah-expert-v2,3,mpi1,implicit,0.05,0.05,0.1,0.00014187797843224822,0.0007383136073747358,0.19142664029315348,0.19142585428208733,0.87109375,True
halfcheetah-expert-v2,3,mpi1,explicit,0.1,0.1,0.2,0.00045277834199811064,0.002363448735300947,0.19003059260707222,0.19003737594639242,1.0,True
halfcheetah-expert-v2,3,mpi1,implicit,0.1,0.1,0.2,0.00019405803346794507,0.0010082155954671222,0.19115120467523783,0.1911513018892727,0.787109375,True
halfcheetah-expert-v2,3,mpi1,explicit,0.2,0.2,0.4,0.0015477671559070171,0.008133548725489236,0.1875077664562972,0.18752471841087662,1.0,True
halfcheetah-expert-v2,3,mpi1,implicit,0.2,0.2,0.4,0.0005219916168898655,0.0026763827070087967,0.1925930217621373,0.1925735758973746,0.583984375,True
halfcheetah-expert-v2,3,mpi1,explicit,1.5,2.5,4.0,0.03600208770545877,0.1772723900644447,0.18818527515735148,0.1861385077921534,1.0,True
halfcheetah-expert-v2,3,mpi1,implicit,1.5,2.5,4.0,0.006864160140979525,0.034672884148829596,0.18758302994557932,0.18730866549723396,0.068359375,True
halfcheetah-expert-v2,3,mpi1,explicit,4.0,10.0,14.0,0.17168326210358714,0.6251318260019209,0.2481313228317054,0.22048264439196896,1.0,True
halfcheetah-expert-v2,3,mpi1,implicit,4.0,10.0,14.0,0.00618295294866305,0.034948824945296254,0.1278342048027424,0.130087854040639,0.005859375,True
halfcheetah-expert-v2,3,mpi1,explicit,7.0,7.0,14.0,0.13487263160870466,0.49109723010949413,0.2481313228317054,0.2093639558107104,1.0,True
halfcheetah-expert-v2,3,mpi1,implicit,7.0,7.0,14.0,0.005983930103913378,0.027890007031201765,0.1450553188350899,0.1426054182264166,0.013671875,True
halfcheetah-expert-v2,3,mpi1,explicit,7.0,10.0,17.0,0.18629705735077465,0.6014029911048216,0.2841115781554333,0.2473842097117214,1.0,True
halfcheetah-expert-v2,3,mpi1,implicit,7.0,10.0,17.0,0.00014608188205230029,0.0006354784325887189,0.17985993905560257,0.17988253371550403,0.0078125,True
halfcheetah-expert-v2,3,mpi1,explicit,10.0,10.0,20.0,0.1294394077754762,0.3076548908543862,0.3107055632697571,0.27372246095949776,1.0,True
halfcheetah-expert-v2,3,mpi1,implicit,10.0,10.0,20.0,0.014485287081869606,0.04772824666250907,0.17793137749261945,0.18026736378937072,0.0078125,True
halfcheetah-expert-v2,3,mpi2,explicit,0.05,0.05,0.1,0.0002294523625321003,0.001179901422898293,0.1937021532921281,0.1937082745809626,1.0,True
halfcheetah-expert-v2,3,mpi2,implicit,0.05,0.05,0.1,8.048201427449706e-05,0.00041885071252803887,0.19142778161891866,0.1914263754392219,0.873046875,True
halfcheetah-expert-v2,3,mpi2,explicit,0.1,0.1,0.2,0.0005274868803105896,0.002718411187095795,0.19248864275764474,0.19250101089890184,1.0,True
halfcheetah-expert-v2,3,mpi2,implicit,0.1,0.1,0.2,0.0002084564773936377,0.0010753805634324965,0.19242532200451729,0.19242064342468546,0.759765625,True
halfcheetah-expert-v2,3,mpi2,explicit,0.2,0.2,0.4,0.0014774471037708053,0.0075991693878300496,0.19107574978113473,0.19109561251332918,1.0,True
halfcheetah-expert-v2,3,mpi2,implicit,0.2,0.2,0.4,0.0006034144652880011,0.003026215081755294,0.19619699944042174,0.19618429000133852,0.6015625,True
halfcheetah-expert-v2,3,mpi2,explicit,1.5,2.5,4.0,0.026518214525632366,0.12795148642682927,0.1877289351823695,0.18777011752997103,1.0,True
halfcheetah-expert-v2,3,mpi2,implicit,1.5,2.5,4.0,0.00439091064468507,0.020039809270304576,0.2089558721168027,0.2086440249836575,0.05859375,True
halfcheetah-expert-v2,3,mpi2,explicit,4.0,10.0,14.0,0.1378150261242601,0.32101534590509806,0.2927132511714482,0.26473261856859187,1.0,True
halfcheetah-expert-v2,3,mpi2,implicit,4.0,10.0,14.0,0.050546873641811076,0.07258197457828126,0.5330363422086515,0.5233568664771151,0.00390625,True
halfcheetah-expert-v2,3,mpi2,explicit,7.0,7.0,14.0,0.12293213815032701,0.2863483319707014,0.2927132511714482,0.2587001163717538,1.0,True
halfcheetah-expert-v2,3,mpi2,implicit,7.0,7.0,14.0,nan,nan,nan,nan,0.0,False
halfcheetah-expert-v2,3,mpi2,explicit,7.0,10.0,17.0,0.11550929442202001,0.26963848424756404,0.3207567730969735,0.29386358247126204,1.0,True
halfcheetah-expert-v2,3,mpi2,implicit,7.0,10.0,17.0,nan,nan,nan,nan,0.0,False
halfcheetah-expert-v2,3,mpi2,explicit,10.0,10.0,20.0,0.18204759731555234,0.3648924760779046,0.3889897503762754,0.3471869497707966,1.0,True
halfcheetah-expert-v2,3,mpi2,implicit,10.0,10.0,20.0,0.000571593781888255,0.0010162425460707608,0.17872794573835737,0.17815712310071996,0.001953125,True
halfcheetah-expert-v2,3,mpi3,explicit,0.05,0.05,0.1,0.0004355013205174388,0.002234026394790164,0.1941212425065012,0.1941223591903002,1.0,True
halfcheetah-expert-v2,3,mpi3,implicit,0.05,0.05,0.1,9.85474261957183e-05,0.0005028360501488406,0.19519341210458155,0.1951925520709564,0.841796875,True
halfcheetah-expert-v2,3,mpi3,explicit,0.1,0.1,0.2,0.0012319867327006098,0.0062986025373785726,0.19367995594677997,0.1937107170518061,1.0,True
halfcheetah-expert-v2,3,mpi3,implicit,0.1,0.1,0.2,0.0002318277747832807,0.0011845826807299765,0.19416085566552158,0.19416027064811775,0.71875,True
halfcheetah-expert-v2,3,mpi3,explicit,0.2,0.2,0.4,0.0014490430398662992,0.007441290301314676,0.19164875703804318,0.1917064770361887,1.0,True
halfcheetah-expert-v2,3,mpi3,implicit,0.2,0.2,0.4,0.0004629208871318417,0.002323707350337279,0.19641627693243452,0.19641429715989137,0.552734375,True
halfcheetah-expert-v2,3,mpi3,explicit,1.5,2.5,4.0,0.03216829655608075,0.15366858238098016,0.19061363261867942,0.18859729057449204,1.0,True
halfcheetah-expert-v2,3,mpi3,implicit,1.5,2.5,4.0,0.0059525494775831455,0.024387544385089294,0.22051775252645744,0.22015796887225575,0.041015625,True
halfcheetah-expert-v2,3,mpi3,explicit,4.0,10.0,14.0,0.1493647717427133,0.602979438597516,0.23193984800084078,0.2121373043281242,1.0,True
halfcheetah-expert-v2,3,mpi3,implicit,4.0,10.0,14.0,0.00015151473150558394,0.00035948053934145807,0.4820501742658232,0.4819872061287893,0.00390625,True
halfcheetah-expert-v2,3,mpi3,explicit,7.0,7.0,14.0,0.13562731282828824,0.5475218821246621,0.23193984800084078,0.2013841202773492,1.0,True
halfcheetah-expert-v2,3,mpi3,implicit,7.0,7.0,14.0,0.00010370495365664588,0.00024737233600840566,0.4800325893155773,0.47998427916506575,0.00390625,True
halfcheetah-expert-v2,3,mpi3,explicit,7.0,10.0,17.0,0.1824670046833914,0.5907949510779695,0.2638291737679741,0.21779235801411861,1.0,True
halfcheetah-expert-v2,3,mpi3,implicit,7.0,10.0,17.0,0.017252360474108646,0.036791854281457495,0.5230882258883457,0.5246568955765019,0.00390625,True
halfcheetah-expert-v2,3,mpi3,explicit,10.0,10.0,20.0,0.20508759487830422,0.5794991552797736,0.28167013706463356,0.22169053883357803,1.0,True
halfcheetah-expert-v2,3,mpi3,implicit,10.0,10.0,20.0,0.002034143512269948,0.008362300830941683,0.1869285004270335,0.18720375230683475,0.0078125,True
hopper-medium-v2,2,mpi1,explicit,0.05,0.05,0.1,0.0003555787217241584,0.0013544729099506752,0.26220991791752224,0.2622109183576015,1.0,True
hopper-medium-v2,2,mpi1,implicit,0.05,0.05,0.1,0.00017884740507840126,0.0006832562743424262,0.26145619268132886,0.2614562139583088,0.953125,True
hopper-medium-v2,2,mpi1,explicit,0.1,0.1,0.2,0.0009332502035109639,0.003552925538372847,0.2621325609074376,0.2621143873804038,1.0,True
hopper-medium-v2,2,mpi1,implicit,0.1,0.1,0.2,0.00022751209685369203,0.0008751902470292906,0.2592818542050935,0.2592835038282989,0.94140625,True
hopper-medium-v2,2,mpi1,explicit,0.2,0.2,0.4,0.0016497563681042093,0.006235658484145534,0.26340960107341943,0.2635558338650854,1.0,True
hopper-medium-v2,2,mpi1,implicit,0.2,0.2,0.4,0.00047600562868757666,0.0017769410551415493,0.2673394157823804,0.26733570909820564,0.912109375,True
hopper-medium-v2,2,mpi1,explicit,1.5,2.5,4.0,0.03349478760108995,0.04580588591094594,0.23707409387034142,0.2333745072627935,1.0,True
hopper-medium-v2,2,mpi1,implicit,1.5,2.5,4.0,0.07445396789674585,0.10375275276001975,0.23878890032609498,0.23814279976222447,0.6015625,True
hopper-medium-v2,2,mpi1,explicit,4.0,10.0,14.0,0.08679143464856841,0.08342083482516713,0.21903763520125213,0.1798157581594462,1.0,True
hopper-medium-v2,2,mpi1,implicit,4.0,10.0,14.0,0.06732625248869946,0.06446907441036712,0.12034354740320001,0.1309323665445423,0.98046875,True
hopper-medium-v2,2,mpi1,explicit,7.0,7.0,14.0,0.0662762883902572,0.0637024071443896,0.21903763520125213,0.18417460410614686,1.0,True
hopper-medium-v2,2,mpi1,implicit,7.0,7.0,14.0,0.06851921430740955,0.06587533026747734,0.1201134536223351,0.12172883815221974,0.978515625,True
hopper-medium-v2,2,mpi1,explicit,7.0,10.0,17.0,0.07165266047793624,0.06906405195570058,0.2438533870088024,0.21605204245946705,1.0,True
hopper-medium-v2,2,mpi1,implicit,7.0,10.0,17.0,0.08560047514839493,0.08262433484340027,0.18432425597513133,0.1706381998035447,0.978515625,True
hopper-medium-v2,2,mpi1,explicit,10.0,10.0,20.0,0.09041487417103149,0.08465122522373977,0.5014665058156226,0.47580792585500137,1.0,True
hopper-medium-v2,2,mpi1,implicit,10.0,10.0,20.0,0.0462168414470382,0.0432656654051404,0.4521579847735264,0.4432509225869727,0.99609375,True
hopper-medium-v2,2,mpi2,explicit,0.05,0.05,0.1,0.0002514359210932017,0.000952586828169704,0.26355590920845534,0.2635701370071347,1.0,True
hopper-medium-v2,2,mpi2,implicit,0.05,0.05,0.1,7.944033494221289e-05,0.00029960702519224675,0.26478090611179395,0.26478187104301737,0.96875,True
hopper-medium-v2,2,mpi2,explicit,0.1,0.1,0.2,0.0012012758367792923,0.004550489057790007,0.2631728402139712,0.26319331759196035,1.0,True
hopper-medium-v2,2,mpi2,implicit,0.1,0.1,0.2,0.00020162181882319856,0.0007671537700562194,0.2620091632647691,0.26200706634391807,0.931640625,True
hopper-medium-v2,2,mpi2,explicit,0.2,0.2,0.4,0.002136327375551084,0.0080595443264235,0.2636145595530381,0.2636077367947296,1.0,True
hopper-medium-v2,2,mpi2,implicit,0.2,0.2,0.4,0.000788489707689872,0.0029465063408535422,0.26629634128409807,0.2662950669579854,0.85546875,True
hopper-medium-v2,2,mpi2,explicit,1.5,2.5,4.0,0.013643747927471224,0.04955291240717162,0.2660149346812068,0.26627038812882803,1.0,True
hopper-medium-v2,2,mpi2,implicit,1.5,2.5,4.0,0.003934073088438111,0.014439164546157384,0.26950413408292534,0.2694337674839808,0.46875,True
hopper-medium-v2,2,mpi2,explicit,4.0,10.0,14.0,0.09492702499723933,0.0904079825389224,0.29720778977976164,0.2599840671790175,1.0,True
hopper-medium-v2,2,mpi2,implicit,4.0,10.0,14.0,0.062366015744093256,0.059891830760955334,0.1236802221202983,0.153784516242741,0.453125,True
hopper-medium-v2,2,mpi2,explicit,7.0,7.0,14.0,0.08416017384656505,0.08015369203674301,0.29720778977976164,0.25719950459790336,1.0,True
hopper-medium-v2,2,mpi2,implicit,7.0,7.0,14.0,0.0873962016724268,0.08335613171938326,0.2059463603754277,0.19974346527973988,0.611328125,True
hopper-medium-v2,2,mpi2,explicit,7.0,10.0,17.0,0.09272612819609485,0.09723402724424715,0.2795358806462325,0.2335042877796349,1.0,True
hopper-medium-v2,2,mpi2,implicit,7.0,10.0,17.0,0.0641836312322139,0.06570280683056104,0.18167020010304338,0.17837677459018117,0.513671875,True
hopper-medium-v2,2,mpi2,explicit,10.0,10.0,20.0,0.07483341805297473,0.07422850778761905,0.2448454501349701,0.21888069006784786,1.0,True
hopper-medium-v2,2,mpi2,implicit,10.0,10.0,20.0,0.09264537094915527,0.09142039698047255,0.1957798624149723,0.180300592443022,1.0,True
hopper-medium-v2,2,mpi3,explicit,0.05,0.05,0.1,0.00025823783542342225,0.0009540099970030152,0.27028129610228185,0.270278463734665,1.0,True
hopper-medium-v2,2,mpi3,implicit,0.05,0.05,0.1,0.00010367431306513662,0.0003807463342180559,0.27184327293862315,0.2718467551910371,0.962890625,True
hopper-medium-v2,2,mpi3,explicit,0.1,0.1,0.2,0.0005403182218446616,0.0020130405460831095,0.26765781857855225,0.26768290615426593,1.0,True
hopper-medium-v2,2,mpi3,implicit,0.1,0.1,0.2,0.0004950161894159514,0.001827473940775318,0.2704479314064551,0.2704336393565178,0.931640625,True
hopper-medium-v2,2,mpi3,explicit,0.2,0.2,0.4,0.0015015994929609491,0.00554942010042427,0.26949650521869434,0.2694972340469274,1.0,True
hopper-medium-v2,2,mpi3,implicit,0.2,0.2,0.4,0.00044551176569190734,0.0016234172342161513,0.2738320380311572,0.27380920160669897,0.857421875,True
hopper-medium-v2,2,mpi3,explicit,1.5,2.5,4.0,0.020079165914594247,0.07118806806384063,0.2695504916322424,0.2683770900235655,1.0,True
hopper-medium-v2,2,mpi3,implicit,1.5,2.5,4.0,0.004296340113758567,0.015568680919700626,0.27022277310147647,0.2700886190012718,0.46484375,True
hopper-medium-v2,2,mpi3,explicit,4.0,10.0,14.0,0.04939705434945561,0.04644026378433345,0.1696210920217854,0.15102863472395814,1.0,True
hopper-medium-v2,2,mpi3,implicit,4.0,10.0,14.0,0.0,0.0,0.04168655437947609,0.04168655437947609,0.29296875,True
hopper-medium-v2,2,mpi3,explicit,7.0,7.0,14.0,0.04277091220140835,0.04021074679631904,0.1696210920217854,0.14992918655267098,1.0,True
hopper-medium-v2,2,mpi3,implicit,7.0,7.0,14.0,0.0,0.0,0.046228528956811,0.046228528956811,0.501953125,True
hopper-medium-v2,2,mpi3,explicit,7.0,10.0,17.0,0.08790493263794684,0.08332348974007747,0.17248740921464215,0.12575263009317691,1.0,True
hopper-medium-v2,2,mpi3,implicit,7.0,10.0,17.0,0.018428819868750213,0.017430772780339058,0.08796108012087915,0.09048859736428086,0.21875,True
hopper-medium-v2,2,mpi3,explicit,10.0,10.0,20.0,0.04501226760614566,0.04243503020275026,0.2079485175085452,0.1889271609950041,1.0,True
hopper-medium-v2,2,mpi3,implicit,10.0,10.0,20.0,0.08855152285951001,0.08315230585570417,0.21989922203907813,0.21568992901930398,0.228515625,True
hopper-medium-v2,2,exp3,explicit,0.05,0.05,0.1,0.00036589315770011165,0.0013596805791011189,0.26876649387957885,0.2687515993147838,1.0,True
hopper-medium-v2,2,exp3,implicit,0.05,0.05,0.1,8.973053246434515e-05,0.0003330037819015286,0.2691868147673807,0.26918943781372506,0.96484375,True
hopper-medium-v2,2,exp3,explicit,0.1,0.1,0.2,0.0005001523161371889,0.0018481791617697267,0.2702004385777252,0.27021468572038726,1.0,True
hopper-medium-v2,2,exp3,implicit,0.1,0.1,0.2,0.0004563635861092681,0.0016785961209591753,0.2715497176336948,0.2715238051744993,0.94921875,True
hopper-medium-v2,2,exp3,explicit,0.2,0.2,0.4,0.001256822285175483,0.004661329219601996,0.26842354125738405,0.2684559343992443,1.0,True
hopper-medium-v2,2,exp3,implicit,0.2,0.2,0.4,0.0008852306784958714,0.0032636547777217546,0.2699107653663363,0.26991214866756985,0.884765625,True
hopper-medium-v2,3,mpi1,explicit,0.05,0.05,0.1,0.0003929054745333411,0.00148144687887487,0.2647184057439054,0.26470868091930977,1.0,True
hopper-medium-v2,3,mpi1,implicit,0.05,0.05,0.1,8.050903147005712e-05,0.00030365453451202626,0.26471744165867833,0.26471744741997455,0.95703125,True
hopper-medium-v2,3,mpi1,explicit,0.1,0.1,0.2,0.00028966653215876047,0.001087263830059299,0.26570663649184867,0.26571107964631263,1.0,True
hopper-medium-v2,3,mpi1,implicit,0.1,0.1,0.2,0.0002220599640360269,0.0008352698025386304,0.26511729977267917,0.26511770119532846,0.9375,True
hopper-medium-v2,3,mpi1,explicit,0.2,0.2,0.4,0.0006840028994180381,0.002561052072125248,0.2655650937634621,0.26557301107412645,1.0,True
hopper-medium-v2,3,mpi1,implicit,0.2,0.2,0.4,0.0005705841931934262,0.0021475733302779893,0.2645925799291315,0.264576125291055,0.91796875,True
hopper-medium-v2,3,mpi1,explicit,1.5,2.5,4.0,0.011998235285079208,0.04419103945505333,0.2629667566995391,0.26212696941020586,1.0,True
hopper-medium-v2,3,mpi1,implicit,1.5,2.5,4.0,0.0035446438620127577,0.013212121367682404,0.26537499442878376,0.26537708880892164,0.541015625,True
hopper-medium-v2,3,mpi1,explicit,4.0,10.0,14.0,0.10429377879471641,0.09955344132026878,0.35456138164466267,0.320464721850488,1.0,True
hopper-medium-v2,3,mpi1,implicit,4.0,10.0,14.0,0.06683058881605769,0.06296418137626066,0.3574956057915548,0.35109950969571413,0.576171875,True
hopper-medium-v2,3,mpi1,explicit,7.0,7.0,14.0,0.08251940964492398,0.07876875592013109,0.35456138164466267,0.32625177838501285,1.0,True
hopper-medium-v2,3,mpi1,implicit,7.0,7.0,14.0,0.07522836616533324,0.07180910331575412,0.30174548869868156,0.29524559945927287,1.0,True
hopper-medium-v2,3,mpi1,explicit,7.0,10.0,17.0,0.09849733341290065,0.09318222542476752,0.31316986695316507,0.2811461085582856,1.0,True
hopper-medium-v2,3,mpi1,implicit,7.0,10.0,17.0,0.11653597146281389,0.11024746342544066,0.25512007510008167,0.24774015433445837,1.0,True
hopper-medium-v2,3,mpi1,explicit,10.0,10.0,20.0,0.10479538177089014,0.09861505913555356,0.2601350428676663,0.21118717658901173,1.0,True
hopper-medium-v2,3,mpi1,implicit,10.0,10.0,20.0,0.07449661709956965,0.07010316844624011,0.16156559026461495,0.1654812758012897,1.0,True
hopper-medium-v2,3,mpi2,explicit,0.05,0.05,0.1,0.00033719855481042057,0.0012630478809263213,0.2665323048911011,0.26652569625037636,1.0,True
hopper-medium-v2,3,mpi2,implicit,0.05,0.05,0.1,8.128694113661124e-05,0.00030369091975869,0.2672572476398296,0.26725353647468125,0.966796875,True
hopper-medium-v2,3,mpi2,explicit,0.1,0.1,0.2,0.00045811367727993885,0.001716366649161647,0.26603582074507676,0.2660377261035647,1.0,True
hopper-medium-v2,3,mpi2,implicit,0.1,0.1,0.2,0.00036164959655516954,0.0013525358107229631,0.2667573057142478,0.26676234169554364,0.9296875,True
hopper-medium-v2,3,mpi2,explicit,0.2,0.2,0.4,0.0009239083326806067,0.003428385947139744,0.2680683059014546,0.2680926556840147,1.0,True
hopper-medium-v2,3,mpi2,implicit,0.2,0.2,0.4,0.0006756486199668972,0.0025083832392326384,0.2681158380063464,0.26808913124182776,0.88671875,True
hopper-medium-v2,3,mpi2,explicit,1.5,2.5,4.0,0.016537819786329854,0.05969919016700279,0.26863421576860097,0.268714837995334,1.0,True
hopper-medium-v2,3,mpi2,implicit,1.5,2.5,4.0,0.004041731003358945,0.014356252742408888,0.2789924978934162,0.2789380366575658,0.509765625,True
hopper-medium-v2,3,mpi2,explicit,4.0,10.0,14.0,0.10507367547237385,0.1029578362268289,0.2643519477458199,0.21254877022278446,1.0,True
hopper-medium-v2,3,mpi2,implicit,4.0,10.0,14.0,0.07338959472579085,0.07126458736285803,0.13089835635931812,0.14999711117767464,0.22265625,True
hopper-medium-v2,3,mpi2,explicit,7.0,7.0,14.0,0.08651317719819954,0.08477108552062362,0.2643519477458199,0.2142801305341512,1.0,True
hopper-medium-v2,3,mpi2,implicit,7.0,7.0,14.0,0.07824440055297335,0.0760050863657527,0.16515530282640709,0.15900907216603954,0.513671875,True
hopper-medium-v2,3,mpi2,explicit,7.0,10.0,17.0,0.08873703734581402,0.08624871254356756,0.20331568310877332,0.1440760528612784,1.0,True
hopper-medium-v2,3,mpi2,implicit,7.0,10.0,17.0,0.04700234214325734,0.043096212301974794,0.18297874467472178,0.17563501529611314,0.185546875,True
hopper-medium-v2,3,mpi2,explicit,10.0,10.0,20.0,0.10979987217050981,0.10816355890481646,0.31586142567029624,0.2612947232527258,1.0,True
hopper-medium-v2,3,mpi2,implicit,10.0,10.0,20.0,0.07309180328059756,0.06956316893844548,0.17373706435086642,0.15321979961293677,0.11328125,True
hopper-medium-v2,3,mpi3,explicit,0.05,0.05,0.1,0.00019994590884994358,0.0007407317840382408,0.26970903536039936,0.26971146909594756,1.0,True
hopper-medium-v2,3,mpi3,implicit,0.05,0.05,0.1,0.00012142672358633667,0.00044817309960288584,0.27076775516275786,0.270764690682996,0.951171875,True
hopper-medium-v2,3,mpi3,explicit,0.1,0.1,0.2,0.000443634211245286,0.0016477651344991011,0.2683758954017095,0.26837026188805096,1.0,True
hopper-medium-v2,3,mpi3,implicit,0.1,0.1,0.2,0.0005136236896646329,0.0018992704144034022,0.2696982171543673,0.26969365025490905,0.935546875,True
hopper-medium-v2,3,mpi3,explicit,0.2,0.2,0.4,0.0015240564951384866,0.005621676429223771,0.2700033824749165,0.27005299613035616,1.0,True
hopper-medium-v2,3,mpi3,implicit,0.2,0.2,0.4,0.001273213306588612,0.00463146991175458,0.27398161346236816,0.2739528576248964,0.912109375,True
hopper-medium-v2,3,mpi3,explicit,1.5,2.5,4.0,0.019559359961408212,0.06923621566588042,0.2760817853524427,0.27514637331285285,1.0,True
hopper-medium-v2,3,mpi3,implicit,1.5,2.5,4.0,0.0037969677941780537,0.013059184965000595,0.28984329151508653,0.2896147181486664,0.49609375,True
hopper-medium-v2,3,mpi3,explicit,4.0,10.0,14.0,0.058987466841273935,0.18657217359443387,0.2887703849569327,0.2835521062966566,1.0,True
hopper-medium-v2,3,mpi3,implicit,4.0,10.0,14.0,0.013514839537370248,0.04159567689902032,0.3145349316121745,0.31524123999057857,0.24609375,True
hopper-medium-v2,3,mpi3,explicit,7.0,7.0,14.0,0.05297301556740644,0.16754899278616583,0.2887703849569327,0.2830052763176198,1.0,True
hopper-medium-v2,3,mpi3,implicit,7.0,7.0,14.0,0.012370262975497101,0.040901250894796515,0.2881146721151729,0.28705298297198606,0.28515625,True
hopper-medium-v2,3,mpi3,explicit,7.0,10.0,17.0,0.06756592844592235,0.19935225595450076,0.29232355383841385,0.28300955065838135,1.0,True
hopper-medium-v2,3,mpi3,implicit,7.0,10.0,17.0,0.0060697416224361825,0.019196435792131455,0.3091465844772218,0.30884035569640206,0.185546875,True
hopper-medium-v2,3,mpi3,explicit,10.0,10.0,20.0,0.06641384137245984,0.1911465253293018,0.300420300533335,0.28900573490523535,1.0,True
hopper-medium-v2,3,mpi3,implicit,10.0,10.0,20.0,0.01629157533975553,0.04830615165015669,0.30578092296607773,0.305295315682967,0.234375,True
hopper-medium-v2,3,exp3,explicit,0.05,0.05,0.1,0.0003387605501119628,0.0012508785463243328,0.2705560060306749,0.2705587056360082,1.0,True
hopper-medium-v2,3,exp3,implicit,0.05,0.05,0.1,6.636291087344165e-05,0.0002442773141172662,0.27141646659877194,0.2714129155114162,0.966796875,True
hopper-medium-v2,3,exp3,explicit,0.1,0.1,0.2,0.0004915843260396804,0.001822460442184129,0.2689155840221513,0.2689151208420984,1.0,True
hopper-medium-v2,3,exp3,implicit,0.1,0.1,0.2,0.00035525116516182557,0.0013067418013201092,0.27096330486089276,0.2709645073622764,0.943359375,True
hopper-medium-v2,3,exp3,explicit,0.2,0.2,0.4,0.0017870431613495146,0.006599641530966886,0.26990005565031294,0.26994953988622633,1.0,True
hopper-medium-v2,3,exp3,implicit,0.2,0.2,0.4,0.0009508506489993406,0.003495788820196252,0.2719209989052446,0.271842004210435,0.896484375,True
hopper-medium-replay-v2,2,mpi1,explicit,0.05,0.05,0.1,0.0022756637283924516,0.0063015738036926216,0.35818761749922673,0.3583977862632421,1.0,True
hopper-medium-replay-v2,2,mpi1,implicit,0.05,0.05,0.1,0.0011611453774533036,0.0032770987092280417,0.35302565519593304,0.35295969606464456,0.708984375,True
hopper-medium-replay-v2,2,mpi1,explicit,0.1,0.1,0.2,0.006313168298695765,0.017528811993140467,0.356112255523813,0.3565135973287769,1.0,True
hopper-medium-replay-v2,2,mpi1,implicit,0.1,0.1,0.2,0.0024792652106473325,0.007130305567757349,0.34530488478371635,0.3455441336998633,0.6171875,True
hopper-medium-replay-v2,2,mpi1,explicit,0.2,0.2,0.4,0.008765187994776933,0.023935988527343566,0.35906617127030177,0.3598111315512389,1.0,True
hopper-medium-replay-v2,2,mpi1,implicit,0.2,0.2,0.4,0.004692739267616237,0.01333518895930328,0.350645159676463,0.3501519908125951,0.4453125,True
hopper-medium-replay-v2,2,mpi1,explicit,1.5,2.5,4.0,0.044633067355600006,0.1125689723926141,0.35886142117851977,0.3574168982922816,1.0,True
hopper-medium-replay-v2,2,mpi1,implicit,1.5,2.5,4.0,0.006046980330324387,0.016044062512578117,0.3858706423376058,0.38572694922900946,0.087890625,True
hopper-medium-replay-v2,2,mpi1,explicit,4.0,10.0,14.0,0.12479926746152684,0.26330541241039135,0.38810352283829197,0.37553377800498944,1.0,True
hopper-medium-replay-v2,2,mpi1,implicit,4.0,10.0,14.0,0.027031333783064562,0.06555776072932627,0.39267248309418057,0.3885148061608413,0.037109375,True
hopper-medium-replay-v2,2,mpi1,explicit,7.0,7.0,14.0,0.10514187409606085,0.22183162676815638,0.38810352283829197,0.3730617157325572,1.0,True
hopper-medium-replay-v2,2,mpi1,implicit,7.0,7.0,14.0,0.028423806355035164,0.069632015967521,0.3736419889122615,0.3679925135364615,0.060546875,True
hopper-medium-replay-v2,2,mpi1,explicit,7.0,10.0,17.0,0.14962679970745357,0.3146539529789258,0.39257667311059796,0.3738184518430835,1.0,True
hopper-medium-replay-v2,2,mpi1,implicit,7.0,10.0,17.0,0.017578310657572847,0.03990230051972802,0.42243993548300324,0.41913408892783266,0.02734375,True
hopper-medium-replay-v2,2,mpi1,explicit,10.0,10.0,20.0,0.12744828292858174,0.24182006748934506,0.4272405430364988,0.40579001693963096,1.0,True
hopper-medium-replay-v2,2,mpi1,implicit,10.0,10.0,20.0,0.051882181661854404,0.08982442567640628,0.4765394463508806,0.4529536537993131,0.01953125,True
hopper-medium-replay-v2,2,mpi2,explicit,0.05,0.05,0.1,0.0022701555901991086,0.006114533011466464,0.3680247972345236,0.3679093445270226,1.0,True
hopper-medium-replay-v2,2,mpi2,implicit,0.05,0.05,0.1,0.0012466441330809415,0.0033581429260495835,0.36850479995760715,0.36845424981713837,0.732421875,True
hopper-medium-replay-v2,2,mpi2,explicit,0.1,0.1,0.2,0.00811849270303456,0.021868811365025886,0.3640658646456118,0.3642755190925798,1.0,True
hopper-medium-replay-v2,2,mpi2,implicit,0.1,0.1,0.2,0.002296114657767356,0.0062422855582548635,0.3635458894529356,0.36349920971388455,0.58984375,True
hopper-medium-replay-v2,2,mpi2,explicit,0.2,0.2,0.4,0.011490467591026106,0.030691030761457083,0.36317014742389886,0.36326315553080046,1.0,True
hopper-medium-replay-v2,2,mpi2,implicit,0.2,0.2,0.4,0.004281620654573826,0.012061108413709165,0.3489874575345802,0.34905633555244897,0.435546875,True
hopper-medium-replay-v2,2,mpi2,explicit,1.5,2.5,4.0,0.06896794126665683,0.15958057399758063,0.3812389982247728,0.3769376603073223,1.0,True
hopper-medium-replay-v2,2,mpi2,implicit,1.5,2.5,4.0,0.03683077422444688,0.10339377644520073,0.34443715218491283,0.3413451984650467,0.06640625,True
hopper-medium-replay-v2,2,mpi2,explicit,4.0,10.0,14.0,0.15655146268484954,0.2873579746063341,0.4295650006888935,0.4152615870983207,1.0,True
hopper-medium-replay-v2,2,mpi2,implicit,4.0,10.0,14.0,0.005696116364056358,0.014885262559964597,0.44116193369416085,0.43959033131536457,0.01171875,True
hopper-medium-replay-v2,2,mpi2,explicit,7.0,7.0,14.0,0.14999599470211067,0.27532508797717065,0.4295650006888935,0.4096678737003372,1.0,True
hopper-medium-replay-v2,2,mpi2,implicit,7.0,7.0,14.0,0.07046858650889357,0.17745345039684304,0.39994502824580014,0.39357111003538076,0.02734375,True
hopper-medium-replay-v2,2,mpi2,explicit,7.0,10.0,17.0,0.2009658811909542,0.3707992010495333,0.4273012879911448,0.4048278338243044,1.0,True
hopper-medium-replay-v2,2,mpi2,implicit,7.0,10.0,17.0,0.02096631109592619,0.04921390295959402,0.35156893097011493,0.34711447994889977,0.01171875,True
hopper-medium-replay-v2,2,mpi2,explicit,10.0,10.0,20.0,0.19190343224724804,0.32700678924973825,0.47950994839183253,0.4484825093610503,1.0,True
hopper-medium-replay-v2,2,mpi2,implicit,10.0,10.0,20.0,0.010756605392567025,0.018317571175871402,0.6256631127535179,0.6222646036626366,0.015625,True
hopper-medium-replay-v2,2,mpi3,explicit,0.05,0.05,0.1,0.003332001194648819,0.008786791610162268,0.37508178713625023,0.37509441308380437,1.0,True
hopper-medium-replay-v2,2,mpi3,implicit,0.05,0.05,0.1,0.002229857147482697,0.005890666798951698,0.37644739242047953,0.37641517677330555,0.68359375,True
hopper-medium-replay-v2,2,mpi3,explicit,0.1,0.1,0.2,0.012418495792607778,0.032973835729920214,0.3697253293182107,0.370323870125243,1.0,True
hopper-medium-replay-v2,2,mpi3,implicit,0.1,0.1,0.2,0.0017425674052232842,0.004796078803057625,0.3600122092115463,0.359946687557121,0.513671875,True
hopper-medium-replay-v2,2,mpi3,explicit,0.2,0.2,0.4,0.022468676817512374,0.05867587178019174,0.37273861845365774,0.37296298922867166,1.0,True
hopper-medium-replay-v2,2,mpi3,implicit,0.2,0.2,0.4,0.00396558033068722,0.01071961036214774,0.36887539698308824,0.36885809003578657,0.400390625,True
hopper-medium-replay-v2,2,mpi3,explicit,1.5,2.5,4.0,0.0924833857455194,0.1964556752406514,0.4053212802308193,0.40034117571755673,1.0,True
hopper-medium-replay-v2,2,mpi3,implicit,1.5,2.5,4.0,0.02043425075744763,0.05329129533922656,0.38844393912408454,0.38578325485919757,0.044921875,True
hopper-medium-replay-v2,2,mpi3,explicit,4.0,10.0,14.0,0.1936245508677084,0.3266903327611377,0.45357916313856644,0.4398094341510875,1.0,True
hopper-medium-replay-v2,2,mpi3,implicit,4.0,10.0,14.0,0.032296495005765063,0.07265673899356505,0.38680983550623776,0.38288944920499496,0.013671875,True
hopper-medium-replay-v2,2,mpi3,explicit,7.0,7.0,14.0,0.17567103404348125,0.296398510989286,0.45357916313856644,0.4305626073507808,1.0,True
hopper-medium-replay-v2,2,mpi3,implicit,7.0,7.0,14.0,0.020137788695394773,0.04224780222793327,0.37818987653462127,0.3776679914580201,0.02734375,True
hopper-medium-replay-v2,2,mpi3,explicit,7.0,10.0,17.0,0.20956138238329244,0.3625610934087995,0.44452167856616537,0.41392467438715286,1.0,True
hopper-medium-replay-v2,2,mpi3,implicit,7.0,10.0,17.0,0.006746395735125921,0.017928803073714396,0.35292182370927216,0.35307404644630225,0.017578125,True
hopper-medium-replay-v2,2,mpi3,explicit,10.0,10.0,20.0,0.21350527245933473,0.3527476818132238,0.46783145463647396,0.42899979779041914,1.0,True
hopper-medium-replay-v2,2,mpi3,implicit,10.0,10.0,20.0,0.011129650986737618,0.023980497175617215,0.4028459049275922,0.4040554082031292,0.029296875,True
hopper-medium-replay-v2,3,mpi1,explicit,0.05,0.05,0.1,0.0022889774633615204,0.006269550863234733,0.36196905079077074,0.3620948378867668,1.0,True
hopper-medium-replay-v2,3,mpi1,implicit,0.05,0.05,0.1,0.0013250388427765308,0.003635765624789654,0.3626950214079463,0.36272061122745497,0.7578125,True
hopper-medium-replay-v2,3,mpi1,explicit,0.1,0.1,0.2,0.005627755314855088,0.0154322990977832,0.35951076022964074,0.35969106742983503,1.0,True
hopper-medium-replay-v2,3,mpi1,implicit,0.1,0.1,0.2,0.0024034564479255348,0.006812100001913868,0.35190461246174304,0.3519768183427866,0.59765625,True
hopper-medium-replay-v2,3,mpi1,explicit,0.2,0.2,0.4,0.009485260541889784,0.025494260825570984,0.3641376906660335,0.3643327024653613,1.0,True
hopper-medium-replay-v2,3,mpi1,implicit,0.2,0.2,0.4,0.004719468193439061,0.013122414210428155,0.35802472644755207,0.35820877679224755,0.490234375,True
hopper-medium-replay-v2,3,mpi1,explicit,1.5,2.5,4.0,0.04565466550265497,0.11400353617396554,0.36519094244900596,0.3642725977828728,1.0,True
hopper-medium-replay-v2,3,mpi1,implicit,1.5,2.5,4.0,0.008003679874023579,0.019712989370760794,0.39456639876100436,0.39505375847991936,0.09765625,True
hopper-medium-replay-v2,3,mpi1,explicit,4.0,10.0,14.0,0.12614601887847138,0.2710181390268492,0.38092252894267215,0.37204895604260085,1.0,True
hopper-medium-replay-v2,3,mpi1,implicit,4.0,10.0,14.0,0.02350512636209191,0.05947180401328179,0.368101938335542,0.3664011263328812,0.03125,True
hopper-medium-replay-v2,3,mpi1,explicit,7.0,7.0,14.0,0.10410730373041248,0.2236691095523319,0.38092252894267215,0.367515533264204,1.0,True
hopper-medium-replay-v2,3,mpi1,implicit,7.0,7.0,14.0,0.02722334669052432,0.07321379477948255,0.33238576703271566,0.33204199703076015,0.052734375,True
hopper-medium-replay-v2,3,mpi1,explicit,7.0,10.0,17.0,0.16099287695996758,0.3333789633465955,0.41281745207308246,0.38975638634292714,1.0,True
hopper-medium-replay-v2,3,mpi1,implicit,7.0,10.0,17.0,0.07624399603058475,0.12718887483806854,0.4670396816897081,0.4439944562161399,0.015625,True
hopper-medium-replay-v2,3,mpi1,explicit,10.0,10.0,20.0,0.16925842502020882,0.33042403746726273,0.4467125441474517,0.4144946525936886,1.0,True
hopper-medium-replay-v2,3,mpi1,implicit,10.0,10.0,20.0,0.061609657964860225,0.13435323290372075,0.37032695950535083,0.3613985646638636,0.02734375,True
hopper-medium-replay-v2,3,mpi2,explicit,0.05,0.05,0.1,0.0026904689322778293,0.007263885564030494,0.3668979126918996,0.3668131314627306,1.0,True
hopper-medium-replay-v2,3,mpi2,implicit,0.05,0.05,0.1,0.0009020634950467712,0.0024386928260486814,0.36764480257923343,0.3676046858111393,0.736328125,True
hopper-medium-replay-v2,3,mpi2,explicit,0.1,0.1,0.2,0.004346445168469273,0.011578809296768676,0.3695336434150864,0.36965894487588535,1.0,True
hopper-medium-replay-v2,3,mpi2,implicit,0.1,0.1,0.2,0.002671264761290612,0.0073153199355095,0.3601448932797598,0.360345899959355,0.591796875,True
hopper-medium-replay-v2,3,mpi2,explicit,0.2,0.2,0.4,0.01460396225812473,0.03916394771577921,0.36107885705808374,0.36141815637366215,1.0,True
hopper-medium-replay-v2,3,mpi2,implicit,0.2,0.2,0.4,0.006224411252889242,0.016974255442845792,0.3554977376167566,0.35551903256512085,0.44921875,True
hopper-medium-replay-v2,3,mpi2,explicit,1.5,2.5,4.0,0.06758871874017841,0.15136975630791893,0.3864004482733263,0.3843057589575727,1.0,True
hopper-medium-replay-v2,3,mpi2,implicit,1.5,2.5,4.0,0.023180632512968726,0.05885098347645184,0.38987325367899567,0.39235890184173966,0.060546875,True
hopper-medium-replay-v2,3,mpi2,explicit,4.0,10.0,14.0,0.1566673756531432,0.27688217293851375,0.4356754902887854,0.42144905546897726,1.0,True
hopper-medium-replay-v2,3,mpi2,implicit,4.0,10.0,14.0,0.00985788693498732,0.01966794967999352,0.4610812010213849,0.4605779968091797,0.015625,True
hopper-medium-replay-v2,3,mpi2,explicit,7.0,7.0,14.0,0.14927692169071796,0.26382083873547735,0.4356754902887854,0.4114747105226461,1.0,True
hopper-medium-replay-v2,3,mpi2,implicit,7.0,7.0,14.0,0.04496934762389044,0.077865966940864,0.4677802612325319,0.4744778518334728,0.03125,True
hopper-medium-replay-v2,3,mpi2,explicit,7.0,10.0,17.0,0.18603019784739852,0.3356432641618378,0.42431812921810247,0.3968934276319148,1.0,True
hopper-medium-replay-v2,3,mpi2,implicit,7.0,10.0,17.0,0.02313177699212507,0.03877037948922131,0.3974181821055148,0.3975975879805128,0.025390625,True
hopper-medium-replay-v2,3,mpi2,explicit,10.0,10.0,20.0,0.18853062671283566,0.33055198925253654,0.43596457173980224,0.40939995955361863,1.0,True
hopper-medium-replay-v2,3,mpi2,implicit,10.0,10.0,20.0,0.04362660016248513,0.07454402468494514,0.40083080959118356,0.4045342810304535,0.021484375,True
hopper-medium-replay-v2,3,mpi3,explicit,0.05,0.05,0.1,0.0024313724774516444,0.006449200866166763,0.3730841564430926,0.3731306360214301,1.0,True
hopper-medium-replay-v2,3,mpi3,implicit,0.05,0.05,0.1,0.0012829797318388884,0.0034319844775255485,0.3710841806439805,0.3710676255575527,0.712890625,True
hopper-medium-replay-v2,3,mpi3,explicit,0.1,0.1,0.2,0.008745107528322233,0.023009572795403666,0.37089908619241047,0.3714981093680807,1.0,True
hopper-medium-replay-v2,3,mpi3,implicit,0.1,0.1,0.2,0.0033785227728399436,0.009138854705286704,0.3672920845509035,0.3670979247064823,0.53515625,True
hopper-medium-replay-v2,3,mpi3,explicit,0.2,0.2,0.4,0.015264351301648525,0.03938043136121047,0.3732209566924604,0.3731414128857364,1.0,True
hopper-medium-replay-v2,3,mpi3,implicit,0.2,0.2,0.4,0.007805299471171994,0.020609940152502615,0.36975505714071555,0.37032805331917207,0.388671875,True
hopper-medium-replay-v2,3,mpi3,explicit,1.5,2.5,4.0,0.0933298785916332,0.19204093787371337,0.4239694658734453,0.4191450153692258,1.0,True
hopper-medium-replay-v2,3,mpi3,implicit,1.5,2.5,4.0,0.017331659640921905,0.03232919755010962,0.5295981967681258,0.5291953489263935,0.04296875,True
hopper-medium-replay-v2,3,mpi3,explicit,4.0,10.0,14.0,0.18724091258061487,0.31981926940603345,0.46172605992092797,0.44829995230796554,1.0,True
hopper-medium-replay-v2,3,mpi3,implicit,4.0,10.0,14.0,0.03231077203865409,0.06415128038523282,0.4403106999982238,0.4361827671807155,0.0234375,True
hopper-medium-replay-v2,3,mpi3,explicit,7.0,7.0,14.0,0.17162366422350778,0.29314402578078064,0.46172605992092797,0.4418015284368444,1.0,True
hopper-medium-replay-v2,3,mpi3,implicit,7.0,7.0,14.0,0.06452196290272653,0.13136526614123814,0.45408913011990915,0.4613030028065318,0.021484375,True
hopper-medium-replay-v2,3,mpi3,explicit,7.0,10.0,17.0,0.2222681899071653,0.37439957189498835,0.4756640665848832,0.4422675392267232,1.0,True
hopper-medium-replay-v2,3,mpi3,implicit,7.0,10.0,17.0,0.03416092517471513,0.05722585346474179,0.4555341881462333,0.4532298432452012,0.0078125,True
hopper-medium-replay-v2,3,mpi3,explicit,10.0,10.0,20.0,0.22234966093210856,0.3670174875272534,0.4867931510860471,0.440099500518541,1.0,True
hopper-medium-replay-v2,3,mpi3,implicit,10.0,10.0,20.0,0.0012943618305936509,0.0021989829144016325,0.519756076409443,0.5200477847981617,0.021484375,True
hopper-expert-v2,2,mpi1,explicit,0.05,0.05,0.1,3.432931388267542e-06,1.3926934737835096e-05,0.24644505802849057,0.2464450772870331,1.0,True
hopper-expert-v2,2,mpi1,implicit,0.05,0.05,0.1,6.3036020297880775e-06,2.5551289848350507e-05,0.2466537083852236,0.24665361208867756,0.994140625,True
hopper-expert-v2,2,mpi1,explicit,0.1,0.1,0.2,2.4856229124246598e-05,0.00010061098677358633,0.24699653807363084,0.2469961678185968,1.0,True
hopper-expert-v2,2,mpi1,implicit,0.1,0.1,0.2,1.5881979534882608e-05,6.415055744127523e-05,0.24752328631358853,0.2475227832598136,0.982421875,True
hopper-expert-v2,2,mpi1,explicit,0.2,0.2,0.4,4.932097040156147e-05,0.00020175526117453105,0.24432251109612493,0.24432328083380564,1.0,True
hopper-expert-v2,2,mpi1,implicit,0.2,0.2,0.4,5.7940553219547766e-05,0.00023734903046713346,0.24398992239800651,0.24398859666085262,0.974609375,True
hopper-expert-v2,2,mpi1,explicit,1.5,2.5,4.0,0.03596428226895211,0.03584372654134672,0.14465700252596217,0.15123299761949263,1.0,True
hopper-expert-v2,2,mpi1,implicit,1.5,2.5,4.0,0.09568526269955079,0.0942936486108119,0.05101041328573031,0.0825056490725184,0.720703125,True
hopper-expert-v2,2,mpi1,explicit,4.0,10.0,14.0,0.07278271964456322,0.07341345257457951,0.2054577837927564,0.19421098374123008,1.0,True
hopper-expert-v2,2,mpi1,implicit,4.0,10.0,14.0,0.10944340310469683,0.11036194333941236,0.1453700704660909,0.16774618717758646,0.98828125,True
hopper-expert-v2,2,mpi1,explicit,7.0,7.0,14.0,0.057401346100290095,0.05789878449486402,0.2054577837927564,0.19307786095389795,1.0,True
hopper-expert-v2,2,mpi1,implicit,7.0,7.0,14.0,0.10202345134301467,0.10237924670431844,0.14589877321985797,0.16393369281531917,0.982421875,True
hopper-expert-v2,2,mpi1,explicit,7.0,10.0,17.0,0.06925747055099093,0.06960477064964381,0.2112127339282284,0.1975617190965019,1.0,True
hopper-expert-v2,2,mpi1,implicit,7.0,10.0,17.0,0.09466664671488267,0.09512857760223671,0.13668754021013746,0.13146934108188668,0.978515625,True
hopper-expert-v2,2,mpi1,explicit,10.0,10.0,20.0,0.05332377268483071,0.05365769483525857,0.215287405340038,0.20746253839496706,1.0,True
hopper-expert-v2,2,mpi1,implicit,10.0,10.0,20.0,0.0646575299957581,0.06511987368912099,0.15793164469974652,0.16011965620064922,0.974609375,True
hopper-expert-v2,2,mpi2,explicit,0.05,0.05,0.1,9.356769955145373e-06,3.764323494408996e-05,0.24849854525244536,0.24849847956415774,1.0,True
hopper-expert-v2,2,mpi2,implicit,0.05,0.05,0.1,4.755522197378276e-06,1.909338518284267e-05,0.24900177707469967,0.24900179231832956,0.9921875,True
hopper-expert-v2,2,mpi2,explicit,0.1,0.1,0.2,6.634806312442395e-05,0.00026660869919388155,0.2487387816793367,0.24874043095395756,1.0,True
hopper-expert-v2,2,mpi2,implicit,0.1,0.1,0.2,3.091929884004761e-05,0.0001244010445715312,0.24843293275288278,0.2484320974362858,0.98046875,True
hopper-expert-v2,2,mpi2,explicit,0.2,0.2,0.4,6.254343078120407e-05,0.0002525186319008861,0.24739671095635998,0.24739207498492644,1.0,True
hopper-expert-v2,2,mpi2,implicit,0.2,0.2,0.4,6.360370789366527e-05,0.00025664357387830135,0.24754197290876148,0.24754238013159047,0.984375,True
hopper-expert-v2,2,mpi2,explicit,1.5,2.5,4.0,0.0017350572832708713,0.0069744594073768195,0.24669731898251715,0.2467184220394269,1.0,True
hopper-expert-v2,2,mpi2,implicit,1.5,2.5,4.0,0.0011001745259238433,0.004365609969584507,0.25047761977479477,0.2503891504283853,0.78125,True
hopper-expert-v2,2,mpi2,explicit,4.0,10.0,14.0,0.05608072833921808,0.054835625655267596,0.10879504827127409,0.10098409794099826,1.0,True
hopper-expert-v2,2,mpi2,implicit,4.0,10.0,14.0,0.061081570890792476,0.05878590966821056,0.04789794743732238,0.04280756527005453,0.677734375,True
hopper-expert-v2,2,mpi2,explicit,7.0,7.0,14.0,0.057568802867701885,0.0562906619967627,0.10879504827127409,0.08525874800287428,1.0,True
hopper-expert-v2,2,mpi2,implicit,7.0,7.0,14.0,0.043238690456333856,0.042241356971595,0.05010918922625247,0.06963259501773839,0.35546875,True
hopper-expert-v2,2,mpi2,explicit,7.0,10.0,17.0,0.20526460408212485,0.19993586688587167,0.5210559070879018,0.42990984900697354,1.0,True
hopper-expert-v2,2,mpi2,implicit,7.0,10.0,17.0,0.1783118462417619,0.17528295842954042,0.28572283580239416,0.22342681543441142,0.283203125,True
hopper-expert-v2,2,mpi2,explicit,10.0,10.0,20.0,0.07014134682937097,0.07016204132050072,0.16707082458716105,0.14012336714821838,1.0,True
hopper-expert-v2,2,mpi2,implicit,10.0,10.0,20.0,0.05364291591748939,0.052370627890130826,0.13210159802312205,0.1236582233160946,0.6328125,True
hopper-expert-v2,2,mpi3,explicit,0.05,0.05,0.1,5.638665352294188e-06,2.2689900412300417e-05,0.24845852117763714,0.24845862757532855,1.0,True
hopper-expert-v2,2,mpi3,implicit,0.05,0.05,0.1,6.402006752939264e-06,2.585858687347316e-05,0.24752429168190385,0.24752420958510457,0.9921875,True
hopper-expert-v2,2,mpi3,explicit,0.1,0.1,0.2,2.4544508642906396e-05,9.841655313339143e-05,0.2493195776156071,0.2493200969774714,1.0,True
hopper-expert-v2,2,mpi3,implicit,0.1,0.1,0.2,4.460177471889745e-06,1.783270887214625e-05,0.2500389948698808,0.2500388787037996,0.982421875,True
hopper-expert-v2,2,mpi3,explicit,0.2,0.2,0.4,7.302662255775147e-05,0.0002917578658234447,0.2501693698154304,0.25016886949678785,1.0,True
hopper-expert-v2,2,mpi3,implicit,0.2,0.2,0.4,3.444698165719772e-05,0.0001371561374147143,0.2510320557448342,0.25103171277772934,0.9765625,True
hopper-expert-v2,2,mpi3,explicit,1.5,2.5,4.0,0.002047367347677922,0.008220041830856204,0.24775439831889745,0.24775894565015688,1.0,True
hopper-expert-v2,2,mpi3,implicit,1.5,2.5,4.0,0.0009047241919175359,0.0035636704543021724,0.25267657760988305,0.2526939633963238,0.798828125,True
hopper-expert-v2,2,mpi3,explicit,4.0,10.0,14.0,0.16139085760059552,0.4291115349043987,0.33382793630055135,0.3136319468662458,1.0,True
hopper-expert-v2,2,mpi3,implicit,4.0,10.0,14.0,0.04148094137238915,0.11976464721603745,0.31851067058737703,0.309297473663563,0.19140625,True
hopper-expert-v2,2,mpi3,explicit,7.0,7.0,14.0,0.13281104920037437,0.3531225623428744,0.33382793630055135,0.30631999268993926,1.0,True
hopper-expert-v2,2,mpi3,implicit,7.0,7.0,14.0,0.041817510988916784,0.11238460343795652,0.29503428581318514,0.2892233911340797,0.2734375,True
hopper-expert-v2,2,mpi3,explicit,7.0,10.0,17.0,0.10253174186568435,0.1060050058756016,0.17026004457392163,0.1204794743053702,1.0,True
hopper-expert-v2,2,mpi3,implicit,7.0,10.0,17.0,0.03966319954784861,0.040857625083035656,0.08735936853794231,0.0816349167754424,0.349609375,True
hopper-expert-v2,2,mpi3,explicit,10.0,10.0,20.0,0.021713185696990257,0.02092990934772975,0.11523160436629597,0.10973431509563011,1.0,True
hopper-expert-v2,2,mpi3,implicit,10.0,10.0,20.0,0.0026037150683291634,0.00259447703094309,0.10447031151377201,0.10431884700813987,0.21875,True
hopper-expert-v2,3,mpi1,explicit,0.05,0.05,0.1,9.090090941425425e-06,3.729117661867418e-05,0.24369797814652172,0.24369796818236952,1.0,True
hopper-expert-v2,3,mpi1,implicit,0.05,0.05,0.1,6.197895043142208e-06,2.5408364313753666e-05,0.24386893761122616,0.24386901315717413,0.986328125,True
hopper-expert-v2,3,mpi1,explicit,0.1,0.1,0.2,1.3103223849994664e-05,5.392361158675665e-05,0.2429140156380056,0.2429139261418828,1.0,True
hopper-expert-v2,3,mpi1,implicit,0.1,0.1,0.2,9.191511482147276e-06,3.7731471070571936e-05,0.24352239692053654,0.24352228107607093,0.986328125,True
hopper-expert-v2,3,mpi1,explicit,0.2,0.2,0.4,5.560084748628992e-05,0.00022886887314985243,0.24272731632336897,0.24272858551701895,1.0,True
hopper-expert-v2,3,mpi1,implicit,0.2,0.2,0.4,4.2662917547143407e-05,0.00017486623350846284,0.24376849444083856,0.24376759309026616,0.97265625,True
hopper-expert-v2,3,mpi1,explicit,1.5,2.5,4.0,0.02428629155712238,0.07774274688800151,0.2609304259751714,0.2604444988007641,1.0,True
hopper-expert-v2,3,mpi1,implicit,1.5,2.5,4.0,0.017296514202666497,0.052889193329350916,0.2702953210546189,0.2689114886036509,0.53515625,True
hopper-expert-v2,3,mpi1,explicit,4.0,10.0,14.0,0.13491020347576846,0.1359363079463994,0.5105823329227633,0.4741202483883836,1.0,True
hopper-expert-v2,3,mpi1,implicit,4.0,10.0,14.0,0.11359756079919053,0.11422881894015297,0.35507668309456786,0.35781105675470437,0.384765625,True
hopper-expert-v2,3,mpi1,explicit,7.0,7.0,14.0,0.13393604021128644,0.13495473535886354,0.5105823329227633,0.4723337221182284,1.0,True
hopper-expert-v2,3,mpi1,implicit,7.0,7.0,14.0,0.12260183207806499,0.12348713549067022,0.42308659860087416,0.41893630714556956,0.99609375,True
hopper-expert-v2,3,mpi1,explicit,7.0,10.0,17.0,0.16759565789189737,0.15995203020717966,0.4944758379214123,0.4479919203377455,1.0,True
hopper-expert-v2,3,mpi1,implicit,7.0,10.0,17.0,0.15138998276836924,0.14386725408726275,0.43342931108167254,0.42106549181793307,0.96875,True
hopper-expert-v2,3,mpi1,explicit,10.0,10.0,20.0,0.08835634762399236,0.08402828147064699,0.24165895992559766,0.2128213853590162,1.0,True
hopper-expert-v2,3,mpi1,implicit,10.0,10.0,20.0,0.05406848772070313,0.051419985400729444,0.16190548517296963,0.17235521212210594,1.0,True
hopper-expert-v2,3,mpi2,explicit,0.05,0.05,0.1,4.200183966224323e-06,1.700635178206223e-05,0.246918198688769,0.24691811501298072,1.0,True
hopper-expert-v2,3,mpi2,implicit,0.05,0.05,0.1,3.4554023682043327e-07,1.3996899530896917e-06,0.2468096306766375,0.24680962965512387,0.9921875,True
hopper-expert-v2,3,mpi2,explicit,0.1,0.1,0.2,1.921666216374532e-05,7.818852010040115e-05,0.24571494867412982,0.24571505764626073,1.0,True
hopper-expert-v2,3,mpi2,implicit,0.1,0.1,0.2,2.3325049435046098e-05,9.451813219752096e-05,0.24671803351662466,0.24671868189796756,0.982421875,True
hopper-expert-v2,3,mpi2,explicit,0.2,0.2,0.4,8.575338075580411e-05,0.00034784932294137157,0.24631644467517075,0.24631672838462088,1.0,True
hopper-expert-v2,3,mpi2,implicit,0.2,0.2,0.4,2.8402286352021125e-05,0.00011512597810792188,0.2465030305047709,0.24650331791361813,0.966796875,True
hopper-expert-v2,3,mpi2,explicit,1.5,2.5,4.0,0.0028163027080967897,0.01136754001979446,0.24571592138695653,0.24571988275854323,1.0,True
hopper-expert-v2,3,mpi2,implicit,1.5,2.5,4.0,0.001428587530490986,0.0057070411259325556,0.24845695265189147,0.24844636585900148,0.787109375,True
hopper-expert-v2,3,mpi2,explicit,4.0,10.0,14.0,0.05764277755060384,0.05584496226815292,0.20271928481648194,0.17497388295152658,1.0,True
hopper-expert-v2,3,mpi2,implicit,4.0,10.0,14.0,0.08338802956280222,0.08137716791472913,0.04423941618327269,0.050290270157197364,0.515625,True
hopper-expert-v2,3,mpi2,explicit,7.0,7.0,14.0,0.06363253292695917,0.061647903715489984,0.20271928481648194,0.16250218869236388,1.0,True
hopper-expert-v2,3,mpi2,implicit,7.0,7.0,14.0,0.07610722506279037,0.07111602857939787,0.022677263285145365,0.057226461759533956,0.267578125,True
hopper-expert-v2,3,mpi2,explicit,7.0,10.0,17.0,0.05516672766718532,0.05417863018391618,0.13265384450570505,0.1255386455482885,1.0,True
hopper-expert-v2,3,mpi2,implicit,7.0,10.0,17.0,0.0,0.0,1.1920928955078125e-07,1.1920928955078125e-07,0.1171875,True
hopper-expert-v2,3,mpi2,explicit,10.0,10.0,20.0,0.06983420625167526,0.06815184721162768,0.11824467889244841,0.10458573750437643,1.0,True
hopper-expert-v2,3,mpi2,implicit,10.0,10.0,20.0,0.058022960882545216,0.05604601373501699,0.05420506291522694,0.07028181824080525,0.296875,True
hopper-expert-v2,3,mpi3,explicit,0.05,0.05,0.1,1.2753162930272867e-05,5.0807566695002844e-05,0.2509395891912622,0.25093995671194996,1.0,True
hopper-expert-v2,3,mpi3,implicit,0.05,0.05,0.1,9.398545049202692e-06,3.7576945332418364e-05,0.2500513121793126,0.250051143694005,0.99609375,True
hopper-expert-v2,3,mpi3,explicit,0.1,0.1,0.2,2.1440035416260956e-05,8.582134889995953e-05,0.2497273711735798,0.24972727509362358,1.0,True
hopper-expert-v2,3,mpi3,implicit,0.1,0.1,0.2,1.9424513497174217e-05,7.802054452992006e-05,0.2488753021943894,0.24887499956909048,0.982421875,True
hopper-expert-v2,3,mpi3,explicit,0.2,0.2,0.4,2.72129470821684e-05,0.00010867758593814038,0.25024689880608403,0.2502464153152088,1.0,True
hopper-expert-v2,3,mpi3,implicit,0.2,0.2,0.4,1.511491854310623e-05,6.0656651118601375e-05,0.24903929851474566,0.2490394596366528,0.98046875,True
hopper-expert-v2,3,mpi3,explicit,1.5,2.5,4.0,0.0015586630963792243,0.0061920788169317655,0.25108709714211364,0.25112566548492987,1.0,True
hopper-expert-v2,3,mpi3,implicit,1.5,2.5,4.0,0.0013693519726630397,0.005322381910625955,0.2569450038737582,0.25692819688334184,0.734375,True
hopper-expert-v2,3,mpi3,explicit,4.0,10.0,14.0,0.176946313907489,0.28514532453390723,0.4306826769930282,0.39829325871299914,1.0,True
hopper-expert-v2,3,mpi3,implicit,4.0,10.0,14.0,0.09142691576139537,0.13563702539145367,0.34103149910967184,0.32343776568553806,0.103515625,True
hopper-expert-v2,3,mpi3,explicit,7.0,7.0,14.0,0.15171222146398583,0.24448110655600003,0.4306826769930282,0.39262658823789537,1.0,True
hopper-expert-v2,3,mpi3,implicit,7.0,7.0,14.0,0.1064180910773769,0.16989062614063394,0.3315743413431896,0.3133336584711211,0.07421875,True
hopper-expert-v2,3,mpi3,explicit,7.0,10.0,17.0,0.05988487250770194,0.0575023382977952,0.13915254433504376,0.10808539458319072,1.0,True
hopper-expert-v2,3,mpi3,implicit,7.0,10.0,17.0,0.011065975864883195,0.010670859412624226,0.00418633186917025,0.006915715619125876,0.234375,True
hopper-expert-v2,3,mpi3,explicit,10.0,10.0,20.0,0.026920786366209596,0.025949533493636667,0.11727396755774781,0.10819637292620042,1.0,True
hopper-expert-v2,3,mpi3,implicit,10.0,10.0,20.0,0.003327508107284895,0.003185015715891423,0.16408210521327893,0.16562902977561603,0.2421875,True
walker2d-medium-v2,2,mpi1,explicit,0.05,0.05,0.1,0.0007890301669604494,0.004159869264542468,0.18876901259200837,0.18876544890365812,1.0,True
walker2d-medium-v2,2,mpi1,implicit,0.05,0.05,0.1,0.00024646130384653307,0.001302067909244422,0.18847533208261577,0.18848015466073784,0.8125,True
walker2d-medium-v2,2,mpi1,explicit,0.1,0.1,0.2,0.0012004355097604278,0.006283806823532691,0.1897782997702745,0.18978470489702212,1.0,True
walker2d-medium-v2,2,mpi1,implicit,0.1,0.1,0.2,0.0004930521319474465,0.002556225557988722,0.191503039777949,0.1914950529416637,0.67578125,True
walker2d-medium-v2,2,mpi1,explicit,0.2,0.2,0.4,0.0025469188537538302,0.013436750473015858,0.1879957959267492,0.18802179305469854,1.0,True
walker2d-medium-v2,2,mpi1,implicit,0.2,0.2,0.4,0.0014537546709518798,0.007825382296454741,0.18395003133590826,0.18393940704907003,0.548828125,True
walker2d-medium-v2,2,mpi1,explicit,1.5,2.5,4.0,0.025386083133780074,0.12663176403115892,0.1972217451107706,0.1965273290300677,1.0,True
walker2d-medium-v2,2,mpi1,implicit,1.5,2.5,4.0,0.017895476122588603,0.09087726659401832,0.20307100099657147,0.19915742039312265,0.05078125,True
walker2d-medium-v2,2,mpi1,explicit,4.0,10.0,14.0,0.15161482470950055,0.21831469140491808,0.3183435506661557,0.23230424245020032,1.0,True
walker2d-medium-v2,2,mpi1,implicit,4.0,10.0,14.0,0.019934112007046784,0.03079853703086335,0.1790209825295361,0.17859176771453492,0.01171875,True
walker2d-medium-v2,2,mpi1,explicit,7.0,7.0,14.0,0.108674907790612,0.15648422905361642,0.3183435506661557,0.25169075827958776,1.0,True
walker2d-medium-v2,2,mpi1,implicit,7.0,7.0,14.0,0.040890890436973394,0.0735093680696432,0.15156260872497201,0.16706698040085732,0.03125,True
walker2d-medium-v2,2,mpi1,explicit,7.0,10.0,17.0,0.21792938965721192,0.2426621467376852,0.3325324053883388,0.16792294149830456,1.0,True
walker2d-medium-v2,2,mpi1,implicit,7.0,10.0,17.0,0.0,0.0,1.1920928955078125e-07,1.1920928955078125e-07,0.013671875,True
walker2d-medium-v2,2,mpi1,explicit,10.0,10.0,20.0,0.22384808033073933,0.2497760704802282,0.39155742878560146,0.2739217807449813,1.0,True
walker2d-medium-v2,2,mpi1,implicit,10.0,10.0,20.0,0.07556221559509951,0.08136838967725778,0.17099088014894825,0.15338915173745102,0.166015625,True
walker2d-medium-v2,2,mpi2,explicit,0.05,0.05,0.1,0.0007509744071075551,0.003906067613130071,0.19133112023337343,0.19131436531445983,1.0,True
walker2d-medium-v2,2,mpi2,implicit,0.05,0.05,0.1,0.00023382952656435377,0.0012293569390225117,0.18942075263970373,0.1894169243595284,0.767578125,True
walker2d-medium-v2,2,mpi2,explicit,0.1,0.1,0.2,0.0017137147623269954,0.008938263505236743,0.19008708912784902,0.19003938108947666,1.0,True
walker2d-medium-v2,2,mpi2,implicit,0.1,0.1,0.2,0.0017328419698149783,0.009211431028894745,0.1868043586740195,0.1867557730225565,0.658203125,True
walker2d-medium-v2,2,mpi2,explicit,0.2,0.2,0.4,0.004452903999749286,0.023275922617939367,0.18885614255321495,0.18882365938954415,1.0,True
walker2d-medium-v2,2,mpi2,implicit,0.2,0.2,0.4,0.0015070743756138484,0.008099579840333755,0.1845995986246561,0.18455132663409868,0.5078125,True
walker2d-medium-v2,2,mpi2,explicit,1.5,2.5,4.0,0.041889144189425555,0.20316093941141644,0.20358542211929,0.20121697105453415,1.0,True
walker2d-medium-v2,2,mpi2,implicit,1.5,2.5,4.0,0.004716171060543293,0.02709701315826741,0.1696896917882344,0.16976861313534225,0.064453125,True
walker2d-medium-v2,2,mpi2,explicit,4.0,10.0,14.0,0.17042433548962888,0.19189311945938653,0.3380442626348349,0.22947845713812778,1.0,True
walker2d-medium-v2,2,mpi2,implicit,4.0,10.0,14.0,0.0,0.0,1.1920928955078125e-07,1.1920928955078125e-07,0.0546875,True
walker2d-medium-v2,2,mpi2,explicit,7.0,7.0,14.0,0.13735972368614996,0.15466327499818083,0.3380442626348349,0.2538288328706052,1.0,True
walker2d-medium-v2,2,mpi2,implicit,7.0,7.0,14.0,0.06142071690916487,0.06915803974397063,0.07583394710345805,0.07579542117488963,1.0,True
walker2d-medium-v2,2,mpi2,explicit,7.0,10.0,17.0,0.16666107849518136,0.1852543223132081,0.22278744075960885,0.11635317627240879,1.0,True
walker2d-medium-v2,2,mpi2,implicit,7.0,10.0,17.0,0.06321650321816011,0.07030976192119867,0.08755707103894904,0.059485767544318405,0.998046875,True
walker2d-medium-v2,2,mpi2,explicit,10.0,10.0,20.0,0.16410112473698574,0.18234628874655057,0.2060435234366288,0.10108290319548006,1.0,True
walker2d-medium-v2,2,mpi2,implicit,10.0,10.0,20.0,0.03692812812903974,0.04101896309075419,0.08215281026602718,0.07637739673202128,0.998046875,True
walker2d-medium-v2,2,mpi3,explicit,0.05,0.05,0.1,0.0007187217996027519,0.0037049189178758103,0.19288590629959707,0.19288520807723655,1.0,True
walker2d-medium-v2,2,mpi3,implicit,0.05,0.05,0.1,0.0005234167055018787,0.002743763899399531,0.18970750439520742,0.18970789214549097,0.8203125,True
walker2d-medium-v2,2,mpi3,explicit,0.1,0.1,0.2,0.0019496957887899784,0.00993479550982542,0.19437339325465966,0.19432980540601738,1.0,True
walker2d-medium-v2,2,mpi3,implicit,0.1,0.1,0.2,0.0005108537870847233,0.0026019917936715574,0.19506171067794878,0.19507624253926747,0.69140625,True
walker2d-medium-v2,2,mpi3,explicit,0.2,0.2,0.4,0.005269649774365353,0.026833891335146413,0.19284728015086858,0.19304848974766314,1.0,True
walker2d-medium-v2,2,mpi3,implicit,0.2,0.2,0.4,0.001066762731671978,0.005469997089579692,0.1916979265195537,0.1916752178892974,0.541015625,True
walker2d-medium-v2,2,mpi3,explicit,1.5,2.5,4.0,0.044283880743686305,0.20724029150145723,0.20762422664976077,0.20412129086627193,1.0,True
walker2d-medium-v2,2,mpi3,implicit,1.5,2.5,4.0,0.002106352008106485,0.014415978083353287,0.14455144971023096,0.1445628313903031,0.060546875,True
walker2d-medium-v2,2,mpi3,explicit,4.0,10.0,14.0,0.16849397892917167,0.1894567870564141,0.33031136460610494,0.2132303717784689,1.0,True
walker2d-medium-v2,2,mpi3,implicit,4.0,10.0,14.0,0.0,0.0,1.1920928955078125e-07,1.1920928955078125e-07,0.017578125,True
walker2d-medium-v2,2,mpi3,explicit,7.0,7.0,14.0,0.1358740628648817,0.15277853581642087,0.33031136460610494,0.24020615196371478,1.0,True
walker2d-medium-v2,2,mpi3,implicit,7.0,7.0,14.0,0.0,0.0,1.1920928955078125e-07,1.1920928955078125e-07,0.140625,True
walker2d-medium-v2,2,mpi3,explicit,7.0,10.0,17.0,0.215832522403929,0.24025243641722138,0.29481531604621436,0.11073891882773258,1.0,True
walker2d-medium-v2,2,mpi3,implicit,7.0,10.0,17.0,0.0,0.0,1.1920928955078125e-07,1.1920928955078125e-07,0.044921875,True
walker2d-medium-v2,2,mpi3,explicit,10.0,10.0,20.0,0.15571051705058278,0.17547234302725362,0.34301948172490715,0.24563653736685867,1.0,True
walker2d-medium-v2,2,mpi3,implicit,10.0,10.0,20.0,0.0,0.0,1.1920928955078125e-07,1.1920928955078125e-07,0.0390625,True
walker2d-medium-v2,3,mpi1,explicit,0.05,0.05,0.1,0.0006087686181406032,0.0032271436487510065,0.18785097112778246,0.18784650819129817,1.0,True
walker2d-medium-v2,3,mpi1,implicit,0.05,0.05,0.1,0.00019034700102967187,0.0010271416338034456,0.18472066733905557,0.1847191570378696,0.78515625,True
walker2d-medium-v2,3,mpi1,explicit,0.1,0.1,0.2,0.001476506408060036,0.007782701313290735,0.18852118111266544,0.18852185795794119,1.0,True
walker2d-medium-v2,3,mpi1,implicit,0.1,0.1,0.2,0.0005230118206412625,0.0028118732544891683,0.18506529071772568,0.18507660622026234,0.681640625,True
walker2d-medium-v2,3,mpi1,explicit,0.2,0.2,0.4,0.002866814354832135,0.015132649552676859,0.18730824599550164,0.1873364732339341,1.0,True
walker2d-medium-v2,3,mpi1,implicit,0.2,0.2,0.4,0.0011016515915910057,0.006076191452982272,0.17987197423285042,0.1798571686925756,0.57421875,True
walker2d-medium-v2,3,mpi1,explicit,1.5,2.5,4.0,0.08522358945453386,0.10868097154285215,0.2386908495596181,0.1784432801517347,1.0,True
walker2d-medium-v2,3,mpi1,implicit,1.5,2.5,4.0,0.09877952402937473,0.12100359583136823,0.07555615824246714,0.05863588016710621,0.16796875,True
walker2d-medium-v2,3,mpi1,explicit,4.0,10.0,14.0,0.25711933108225643,0.2861611261955252,0.33977659049347797,0.16962987905246862,1.0,True
walker2d-medium-v2,3,mpi1,implicit,4.0,10.0,14.0,0.03761217455080529,0.042394597085327904,0.12216852029370849,0.11456515339285189,0.953125,True
walker2d-medium-v2,3,mpi1,explicit,7.0,7.0,14.0,0.20159219538914563,0.22436216453258837,0.33977659049347797,0.18770574912060928,1.0,True
walker2d-medium-v2,3,mpi1,implicit,7.0,7.0,14.0,0.0,0.0,0.11419706048970374,0.11419706048970374,0.998046875,True
walker2d-medium-v2,3,mpi1,explicit,7.0,10.0,17.0,0.19118073526919296,0.21291619902445424,0.29752864494685366,0.14053302401768902,1.0,True
walker2d-medium-v2,3,mpi1,implicit,7.0,10.0,17.0,0.0,0.0,0.06256108617680425,0.06256108617680425,0.998046875,True
walker2d-medium-v2,3,mpi1,explicit,10.0,10.0,20.0,0.17809606768346464,0.19791688823496384,0.20980929147786997,0.08165328509919967,1.0,True
walker2d-medium-v2,3,mpi1,implicit,10.0,10.0,20.0,0.0,0.0,0.05113099622672477,0.05113099622672477,0.99609375,True
walker2d-medium-v2,3,mpi2,explicit,0.05,0.05,0.1,0.0009121092262486273,0.004771646413436948,0.19035176554150088,0.19033270194795374,1.0,True
walker2d-medium-v2,3,mpi2,implicit,0.05,0.05,0.1,0.00039771798243903536,0.00212368813744268,0.1865965284712807,0.18659652432796411,0.783203125,True
walker2d-medium-v2,3,mpi2,explicit,0.1,0.1,0.2,0.0024811731288522545,0.012995659493913738,0.1896690477577068,0.18978466615192363,1.0,True
walker2d-medium-v2,3,mpi2,implicit,0.1,0.1,0.2,0.0005715109409932959,0.003053524353390864,0.1860102925679208,0.18598587348589052,0.642578125,True
walker2d-medium-v2,3,mpi2,explicit,0.2,0.2,0.4,0.005924480224920335,0.03102825789787291,0.18909659418427752,0.1889183028375541,1.0,True
walker2d-medium-v2,3,mpi2,implicit,0.2,0.2,0.4,0.0010918027377387906,0.005840666574126069,0.18587502711383008,0.18583122827001025,0.5078125,True
walker2d-medium-v2,3,mpi2,explicit,1.5,2.5,4.0,0.04090635797218132,0.19733789621299935,0.2068374229107767,0.2035105020461414,1.0,True
walker2d-medium-v2,3,mpi2,implicit,1.5,2.5,4.0,0.006451337973191579,0.03862064572733155,0.1688010134343973,0.16901831925604235,0.046875,True
walker2d-medium-v2,3,mpi2,explicit,4.0,10.0,14.0,0.19591830540703697,0.2192219195029559,0.34384458204220764,0.2113057443200955,1.0,True
walker2d-medium-v2,3,mpi2,implicit,4.0,10.0,14.0,0.0,0.0,1.1920928955078125e-07,1.1920928955078125e-07,0.0390625,True
walker2d-medium-v2,3,mpi2,explicit,7.0,7.0,14.0,0.15531643354403357,0.1737906349339696,0.34384458204220764,0.23737409804964135,1.0,True
walker2d-medium-v2,3,mpi2,implicit,7.0,7.0,14.0,0.0,0.0,0.1740771994189171,0.1740771994189171,0.04296875,True
walker2d-medium-v2,3,mpi2,explicit,7.0,10.0,17.0,0.13769804915243286,0.15422687921136566,0.32910905506996796,0.2288935583542429,1.0,True
walker2d-medium-v2,3,mpi2,implicit,7.0,10.0,17.0,0.0,0.0,1.1920928955078125e-07,1.1920928955078125e-07,0.001953125,True
walker2d-medium-v2,3,mpi2,explicit,10.0,10.0,20.0,0.15417933477040655,0.1717084862042096,0.30046319695062645,0.1759321286227314,1.0,True
walker2d-medium-v2,3,mpi2,implicit,10.0,10.0,20.0,0.0,0.0,1.1920928955078125e-07,1.1920928955078125e-07,0.04296875,True
walker2d-medium-v2,3,mpi3,explicit,0.05,0.05,0.1,0.0009714858061898302,0.005029074106521067,0.19227369201073038,0.1922698549001256,1.0,True
walker2d-medium-v2,3,mpi3,implicit,0.05,0.05,0.1,0.00033508835098353,0.0017640593398123958,0.1891727641692327,0.18917855865324917,0.81640625,True
walker2d-medium-v2,3,mpi3,explicit,0.1,0.1,0.2,0.0014399606757069235,0.007443831640776815,0.1921140788795231,0.19216919284474906,1.0,True
walker2d-medium-v2,3,mpi3,implicit,0.1,0.1,0.2,0.0005444405311328337,0.002858881574472666,0.18976928682489833,0.18978798471670583,0.638671875,True
walker2d-medium-v2,3,mpi3,explicit,0.2,0.2,0.4,0.005618619722225113,0.028891419711730336,0.19174146996185523,0.19175663341722643,1.0,True
walker2d-medium-v2,3,mpi3,implicit,0.2,0.2,0.4,0.0012666895907887078,0.006801763866004542,0.1842094353782973,0.18411724564361467,0.46484375,True
walker2d-medium-v2,3,mpi3,explicit,1.5,2.5,4.0,0.046202191580014276,0.2198375215138944,0.2070635449704171,0.20454187975531707,1.0,True
walker2d-medium-v2,3,mpi3,implicit,1.5,2.5,4.0,0.0027813873469900315,0.016137372868039714,0.1707284496828842,0.17025234805166667,0.068359375,True
walker2d-medium-v2,3,mpi3,explicit,4.0,10.0,14.0,0.24457033084292626,0.4093317787959332,0.4353027350836615,0.39946562614155334,1.0,True
walker2d-medium-v2,3,mpi3,implicit,4.0,10.0,14.0,0.05610365767319885,0.09378861715991958,0.566718079507673,0.543683014002289,0.005859375,True
walker2d-medium-v2,3,mpi3,explicit,7.0,7.0,14.0,0.22460249718782704,0.3759120715053035,0.4353027350836615,0.37902291694039336,1.0,True
walker2d-medium-v2,3,mpi3,implicit,7.0,7.0,14.0,0.042425587719297886,0.07682485297217122,0.5265256517043524,0.5470577503580802,0.0078125,True
walker2d-medium-v2,3,mpi3,explicit,7.0,10.0,17.0,0.2034246031806018,0.23140226444592632,0.39531037337003955,0.29303232942658775,1.0,True
walker2d-medium-v2,3,mpi3,implicit,7.0,10.0,17.0,0.0,0.0,0.13074408229922174,0.13074408229922174,0.076171875,True
walker2d-medium-v2,3,mpi3,explicit,10.0,10.0,20.0,0.29162790634417857,0.5006465779722526,0.46006023740528146,0.3680704453996712,1.0,True
walker2d-medium-v2,3,mpi3,implicit,10.0,10.0,20.0,0.06877907115941802,0.12852184762183613,0.35755201633920974,0.35853346587261664,0.052734375,True
walker2d-medium-replay-v2,2,mpi1,explicit,0.05,0.05,0.1,0.003585746675201341,0.010775160468374201,0.32895901430413893,0.32912341025535596,1.0,True
walker2d-medium-replay-v2,2,mpi1,implicit,0.05,0.05,0.1,0.001641816531519397,0.005090820706949957,0.31799504056804695,0.3179705311271633,0.365234375,True
walker2d-medium-replay-v2,2,mpi1,explicit,0.1,0.1,0.2,0.007858707295993037,0.023431002083498048,0.32827326606616786,0.3282240771571457,1.0,True
walker2d-medium-replay-v2,2,mpi1,implicit,0.1,0.1,0.2,0.003518935775646596,0.012087051633006982,0.28752820728094275,0.28739384280476366,0.19140625,True
walker2d-medium-replay-v2,2,mpi1,explicit,0.2,0.2,0.4,0.015748411997648388,0.04606305212125697,0.33103641721036725,0.33113277591307494,1.0,True
walker2d-medium-replay-v2,2,mpi1,implicit,0.2,0.2,0.4,0.0082279252459955,0.02731267074885075,0.29202235075541294,0.29266437568506043,0.07421875,True
walker2d-medium-replay-v2,2,mpi1,explicit,1.5,2.5,4.0,0.10039743026543485,0.2662222838412898,0.3580135607222693,0.3467248177543245,1.0,True
walker2d-medium-replay-v2,2,mpi1,implicit,1.5,2.5,4.0,nan,nan,nan,nan,0.0,False
walker2d-medium-replay-v2,2,mpi1,explicit,4.0,10.0,14.0,0.24458306324672213,0.435043483723506,0.4622589275520087,0.4247815558771245,1.0,True
walker2d-medium-replay-v2,2,mpi1,implicit,4.0,10.0,14.0,nan,nan,nan,nan,0.0,False
walker2d-medium-replay-v2,2,mpi1,explicit,7.0,7.0,14.0,0.2285281565218918,0.4064863855348204,0.4622589275520087,0.40924869005107,1.0,True
walker2d-medium-replay-v2,2,mpi1,implicit,7.0,7.0,14.0,nan,nan,nan,nan,0.0,False
walker2d-medium-replay-v2,2,mpi1,explicit,7.0,10.0,17.0,0.26581663396170846,0.4646962532141191,0.5003272947438085,0.45487885041249926,1.0,True
walker2d-medium-replay-v2,2,mpi1,implicit,7.0,10.0,17.0,nan,nan,nan,nan,0.0,False
walker2d-medium-replay-v2,2,mpi1,explicit,10.0,10.0,20.0,0.36205768637159313,0.5021422415445878,0.567179409619058,0.5058950237647755,1.0,True
walker2d-medium-replay-v2,2,mpi1,implicit,10.0,10.0,20.0,nan,nan,nan,nan,0.0,False
walker2d-medium-replay-v2,2,mpi2,explicit,0.05,0.05,0.1,0.005404413409507421,0.015461473372228533,0.3443430359460485,0.34459452478933367,1.0,True
walker2d-medium-replay-v2,2,mpi2,implicit,0.05,0.05,0.1,0.002980346562362711,0.009103859467113725,0.32216468976296453,0.3222203054165332,0.33203125,True
walker2d-medium-replay-v2,2,mpi2,explicit,0.1,0.1,0.2,0.011184606579354278,0.0319144221634479,0.33981418971329025,0.3402858760322584,1.0,True
walker2d-medium-replay-v2,2,mpi2,implicit,0.1,0.1,0.2,0.0044815515622718075,0.015159008064812947,0.2972677995106471,0.29721839801464306,0.171875,True
walker2d-medium-replay-v2,2,mpi2,explicit,0.2,0.2,0.4,0.023270786439067038,0.06498565783773959,0.34126857241791486,0.34140359041295193,1.0,True
walker2d-medium-replay-v2,2,mpi2,implicit,0.2,0.2,0.4,0.007150025671481405,0.021005259110968445,0.32213061934059284,0.32185867024541137,0.06640625,True
walker2d-medium-replay-v2,2,mpi2,explicit,1.5,2.5,4.0,0.13962210274870937,0.3191265615957191,0.40612930562755384,0.3859031785337661,1.0,True
walker2d-medium-replay-v2,2,mpi2,implicit,1.5,2.5,4.0,nan,nan,nan,nan,0.0,False
walker2d-medium-replay-v2,2,mpi2,explicit,4.0,10.0,14.0,0.3529327522817264,0.5325551028724456,0.5467406600777337,0.4952697098826293,1.0,True
walker2d-medium-replay-v2,2,mpi2,implicit,4.0,10.0,14.0,0.030215398975835146,0.12601177403368255,0.22118037353958714,0.19283152769291462,0.001953125,True
walker2d-medium-replay-v2,2,mpi2,explicit,7.0,7.0,14.0,0.3351158712618735,0.5056704602796273,0.5467406600777337,0.4726109730829119,1.0,True
walker2d-medium-replay-v2,2,mpi2,implicit,7.0,7.0,14.0,nan,nan,nan,nan,0.0,False
walker2d-medium-replay-v2,2,mpi2,explicit,7.0,10.0,17.0,0.35307600455621313,0.5555838938867727,0.5519845799007633,0.49233591700147017,1.0,True
walker2d-medium-replay-v2,2,mpi2,implicit,7.0,10.0,17.0,nan,nan,nan,nan,0.0,False
walker2d-medium-replay-v2,2,mpi2,explicit,10.0,10.0,20.0,0.26323119138603546,0.36882030580307973,0.48853776999903786,0.43053248634063895,1.0,True
walker2d-medium-replay-v2,2,mpi2,implicit,10.0,10.0,20.0,nan,nan,nan,nan,0.0,False
walker2d-medium-replay-v2,2,mpi3,explicit,0.05,0.05,0.1,0.005859722572526578,0.016529485984499024,0.3474129700382121,0.3476808970552441,1.0,True
walker2d-medium-replay-v2,2,mpi3,implicit,0.05,0.05,0.1,0.0037155403614711835,0.011228252611322861,0.3259123339219359,0.3259590797940812,0.2890625,True
walker2d-medium-replay-v2,2,mpi3,explicit,0.1,0.1,0.2,0.013462445848793386,0.03765946308501377,0.347068504180773,0.3473152344265532,1.0,True
walker2d-medium-replay-v2,2,mpi3,implicit,0.1,0.1,0.2,0.004928180223688062,0.013107610435648311,0.36486664718621875,0.36482768688436973,0.08203125,True
walker2d-medium-replay-v2,2,mpi3,explicit,0.2,0.2,0.4,0.02517601169360896,0.06954192650263233,0.34317035194937917,0.344095320036669,1.0,True
walker2d-medium-replay-v2,2,mpi3,implicit,0.2,0.2,0.4,0.03478099225100578,0.10815402855744971,0.3159581685960144,0.32082426433561756,0.029296875,True
walker2d-medium-replay-v2,2,mpi3,explicit,1.5,2.5,4.0,0.18592286909023242,0.4137429074788479,0.41322358928301745,0.38802322897006275,1.0,True
walker2d-medium-replay-v2,2,mpi3,implicit,1.5,2.5,4.0,nan,nan,nan,nan,0.0,False
walker2d-medium-replay-v2,2,mpi3,explicit,4.0,10.0,14.0,0.3882577239955164,0.5888290833068925,0.5573397440744999,0.5098157911826272,1.0,True
walker2d-medium-replay-v2,2,mpi3,implicit,4.0,10.0,14.0,nan,nan,nan,nan,0.0,False
walker2d-medium-replay-v2,2,mpi3,explicit,7.0,7.0,14.0,0.35957271216151354,0.5453255850402147,0.5573397440744999,0.48260075275730824,1.0,True
walker2d-medium-replay-v2,2,mpi3,implicit,7.0,7.0,14.0,nan,nan,nan,nan,0.0,False
walker2d-medium-replay-v2,2,mpi3,explicit,7.0,10.0,17.0,0.4717692610488935,0.6510666215103434,0.5963708219373256,0.5073614667861633,1.0,True
walker2d-medium-replay-v2,2,mpi3,implicit,7.0,10.0,17.0,nan,nan,nan,nan,0.0,False
walker2d-medium-replay-v2,2,mpi3,explicit,10.0,10.0,20.0,0.3433849692586723,0.4215683437662793,0.5385040912794261,0.43577391098132545,1.0,True
walker2d-medium-replay-v2,2,mpi3,implicit,10.0,10.0,20.0,nan,nan,nan,nan,0.0,False
walker2d-medium-replay-v2,2,exp3,explicit,0.05,0.05,0.1,0.005712286164214029,0.01608189699769441,0.3483775011116028,0.3486613479131487,1.0,True
walker2d-medium-replay-v2,2,exp3,implicit,0.05,0.05,0.1,0.004824540871675864,0.013372903827122294,0.35634908383256225,0.35648526419307475,0.291015625,True
walker2d-medium-replay-v2,2,exp3,explicit,0.1,0.1,0.2,0.014648952448893318,0.04103589246420366,0.34349407239306334,0.3442401272179767,1.0,True
walker2d-medium-replay-v2,2,exp3,implicit,0.1,0.1,0.2,0.007196537918986717,0.022320928295402387,0.31774979563430655,0.3171998494498952,0.09375,True
walker2d-medium-replay-v2,2,exp3,explicit,0.2,0.2,0.4,0.028127067247732635,0.0773815237735321,0.34806821060645726,0.34792478260579107,1.0,True
walker2d-medium-replay-v2,2,exp3,implicit,0.2,0.2,0.4,0.009384109521347,0.026467217448509342,0.3640465187683666,0.362076370461513,0.041015625,True
walker2d-medium-replay-v2,2,exp3,explicit,1.5,2.5,4.0,0.2115939051688728,0.4613917830850794,0.42566142900334997,0.3957701112667682,1.0,True
walker2d-medium-replay-v2,2,exp3,implicit,1.5,2.5,4.0,0.0005524676553423134,0.0010068617547036606,0.7937329948135796,0.7939969232730504,0.001953125,True
walker2d-medium-replay-v2,2,exp3,explicit,4.0,10.0,14.0,0.45881555739884416,0.6547598048995229,0.5737915762535192,0.5132982089777697,1.0,True
walker2d-medium-replay-v2,2,exp3,implicit,4.0,10.0,14.0,nan,nan,nan,nan,0.0,False
walker2d-medium-replay-v2,2,exp3,explicit,7.0,7.0,14.0,0.419437332903619,0.5985645033845612,0.5737915762535192,0.4857073959200021,1.0,True
walker2d-medium-replay-v2,2,exp3,implicit,7.0,7.0,14.0,nan,nan,nan,nan,0.0,False
walker2d-medium-replay-v2,2,exp3,explicit,7.0,10.0,17.0,0.49871972970620837,0.6188642681932122,0.5712251244454726,0.5109812131672695,1.0,True
walker2d-medium-replay-v2,2,exp3,implicit,7.0,10.0,17.0,nan,nan,nan,nan,0.0,False
walker2d-medium-replay-v2,2,exp3,explicit,10.0,10.0,20.0,0.48810291524956806,0.6291482126546268,0.5975425067507149,0.4944718135042763,1.0,True
walker2d-medium-replay-v2,2,exp3,implicit,10.0,10.0,20.0,nan,nan,nan,nan,0.0,False
walker2d-medium-replay-v2,3,mpi1,explicit,0.05,0.05,0.1,0.004250765816486164,0.012595539770265696,0.3328912349680237,0.3329915026820851,1.0,True
walker2d-medium-replay-v2,3,mpi1,implicit,0.05,0.05,0.1,0.002179394918228101,0.006399735331563973,0.33758680000725133,0.33762467924610845,0.3359375,True
walker2d-medium-replay-v2,3,mpi1,explicit,0.1,0.1,0.2,0.008517894950770466,0.025465082207966366,0.32678235304757663,0.3268202803872396,1.0,True
walker2d-medium-replay-v2,3,mpi1,implicit,0.1,0.1,0.2,0.00824789382330226,0.026342860705057255,0.3084954962799336,0.3088352721493587,0.19140625,True
walker2d-medium-replay-v2,3,mpi1,explicit,0.2,0.2,0.4,0.014237180297332,0.04256818878518329,0.32434171950343793,0.3241672806596953,1.0,True
walker2d-medium-replay-v2,3,mpi1,implicit,0.2,0.2,0.4,0.008624488385344457,0.027192076694593382,0.3184113601800017,0.3182801219281438,0.10546875,True
walker2d-medium-replay-v2,3,mpi1,explicit,1.5,2.5,4.0,0.08707756089827524,0.22678728217901273,0.35551014486985827,0.34958311191049374,1.0,True
walker2d-medium-replay-v2,3,mpi1,implicit,1.5,2.5,4.0,0.02612433431542839,0.11135545614557055,0.23255705414363465,0.2205476482189768,0.001953125,True
walker2d-medium-replay-v2,3,mpi1,explicit,4.0,10.0,14.0,0.2382244128365304,0.4291142066091387,0.46268223234622496,0.42017325089656477,1.0,True
walker2d-medium-replay-v2,3,mpi1,implicit,4.0,10.0,14.0,nan,nan,nan,nan,0.0,False
walker2d-medium-replay-v2,3,mpi1,explicit,7.0,7.0,14.0,0.22408915705284466,0.403652336439704,0.46268223234622496,0.40847977443614714,1.0,True
walker2d-medium-replay-v2,3,mpi1,implicit,7.0,7.0,14.0,nan,nan,nan,nan,0.0,False
walker2d-medium-replay-v2,3,mpi1,explicit,7.0,10.0,17.0,0.26813190858099156,0.4815422355132411,0.4825917947646756,0.4345710237927343,1.0,True
walker2d-medium-replay-v2,3,mpi1,implicit,7.0,10.0,17.0,nan,nan,nan,nan,0.0,False
walker2d-medium-replay-v2,3,mpi1,explicit,10.0,10.0,20.0,0.3539676770763836,0.4758348317846072,0.5948633400296492,0.518240835611837,1.0,True
walker2d-medium-replay-v2,3,mpi1,implicit,10.0,10.0,20.0,nan,nan,nan,nan,0.0,False
walker2d-medium-replay-v2,3,mpi2,explicit,0.05,0.05,0.1,0.004478542523693095,0.01285873998873044,0.3421006451140479,0.34220883124205187,1.0,True
walker2d-medium-replay-v2,3,mpi2,implicit,0.05,0.05,0.1,0.002593756191274224,0.007626207424983574,0.3339423446445772,0.3339654383361898,0.318359375,True
walker2d-medium-replay-v2,3,mpi2,explicit,0.1,0.1,0.2,0.010749647935564944,0.030645273333349852,0.34055878737737466,0.340992328160344,1.0,True
walker2d-medium-replay-v2,3,mpi2,implicit,0.1,0.1,0.2,0.004965931801131173,0.014720260757201191,0.33403029764601244,0.3334918345058443,0.123046875,True
walker2d-medium-replay-v2,3,mpi2,explicit,0.2,0.2,0.4,0.022646488236392457,0.0634970904970552,0.34009088536465754,0.34065626651179404,1.0,True
walker2d-medium-replay-v2,3,mpi2,implicit,0.2,0.2,0.4,0.013492259120059762,0.04501621692529192,0.30118549776074105,0.2998779782027011,0.041015625,True
walker2d-medium-replay-v2,3,mpi2,explicit,1.5,2.5,4.0,0.14596961369994196,0.34909126213985764,0.3972251132540787,0.3799155333057627,1.0,True
walker2d-medium-replay-v2,3,mpi2,implicit,1.5,2.5,4.0,nan,nan,nan,nan,0.0,False
walker2d-medium-replay-v2,3,mpi2,explicit,4.0,10.0,14.0,0.29504191113439515,0.49202356899357375,0.5086927117394611,0.4570464902087901,1.0,True
walker2d-medium-replay-v2,3,mpi2,implicit,4.0,10.0,14.0,nan,nan,nan,nan,0.0,False
walker2d-medium-replay-v2,3,mpi2,explicit,7.0,7.0,14.0,0.2803035229349818,0.46744524947548693,0.5086927117394611,0.43973488054945253,1.0,True
walker2d-medium-replay-v2,3,mpi2,implicit,7.0,7.0,14.0,nan,nan,nan,nan,0.0,False
walker2d-medium-replay-v2,3,mpi2,explicit,7.0,10.0,17.0,0.36273167739007617,0.49518992187335426,0.5724109784221801,0.5086021038470417,1.0,True
walker2d-medium-replay-v2,3,mpi2,implicit,7.0,10.0,17.0,nan,nan,nan,nan,0.0,False
walker2d-medium-replay-v2,3,mpi2,explicit,10.0,10.0,20.0,0.3597507168730867,0.5260362699204144,0.5550198563792024,0.4765173867167241,1.0,True
walker2d-medium-replay-v2,3,mpi2,implicit,10.0,10.0,20.0,nan,nan,nan,nan,0.0,False
walker2d-medium-replay-v2,3,mpi3,explicit,0.05,0.05,0.1,0.007114157951146797,0.019860304775615328,0.3508277837082736,0.3511317761523052,1.0,True
walker2d-medium-replay-v2,3,mpi3,implicit,0.05,0.05,0.1,0.004611107882928503,0.013277881127272002,0.34256392455414314,0.3421363952179831,0.279296875,True
walker2d-medium-replay-v2,3,mpi3,explicit,0.1,0.1,0.2,0.015982101318353932,0.04466882619502931,0.3454896937389295,0.3457983139113691,1.0,True
walker2d-medium-replay-v2,3,mpi3,implicit,0.1,0.1,0.2,0.006409794219999914,0.01938887068152812,0.32436305118974545,0.32425664913917046,0.134765625,True
walker2d-medium-replay-v2,3,mpi3,explicit,0.2,0.2,0.4,0.02782645763516361,0.07678911991581126,0.3454454853979571,0.34482152195927573,1.0,True
walker2d-medium-replay-v2,3,mpi3,implicit,0.2,0.2,0.4,0.01426515137491675,0.04477879768947533,0.31320555534278005,0.3111063152813966,0.04296875,True
walker2d-medium-replay-v2,3,mpi3,explicit,1.5,2.5,4.0,0.19816140550984357,0.44180778498157763,0.4233917670805453,0.3979519488521189,1.0,True
walker2d-medium-replay-v2,3,mpi3,implicit,1.5,2.5,4.0,0.0008130603920545781,0.0038547056955577992,0.16336820298249716,0.16375501546517063,0.001953125,True
walker2d-medium-replay-v2,3,mpi3,explicit,4.0,10.0,14.0,0.3597370686468222,0.5534846793007977,0.5620161124519472,0.5113899172572709,1.0,True
walker2d-medium-replay-v2,3,mpi3,implicit,4.0,10.0,14.0,nan,nan,nan,nan,0.0,False
walker2d-medium-replay-v2,3,mpi3,explicit,7.0,7.0,14.0,0.33925770840195807,0.5219755212925569,0.5620161124519472,0.49124284538041935,1.0,True
walker2d-medium-replay-v2,3,mpi3,implicit,7.0,7.0,14.0,nan,nan,nan,nan,0.0,False
walker2d-medium-replay-v2,3,mpi3,explicit,7.0,10.0,17.0,0.4427924016838954,0.5641928241399417,0.6029745476729026,0.5053301596807885,1.0,True
walker2d-medium-replay-v2,3,mpi3,implicit,7.0,10.0,17.0,nan,nan,nan,nan,0.0,False
walker2d-medium-replay-v2,3,mpi3,explicit,10.0,10.0,20.0,0.3917928269199976,0.49083039468468415,0.6226094802465597,0.53297833519834,1.0,True
walker2d-medium-replay-v2,3,mpi3,implicit,10.0,10.0,20.0,nan,nan,nan,nan,0.0,False
walker2d-medium-replay-v2,3,exp3,explicit,0.05,0.05,0.1,0.006318630212627831,0.017697803691112637,0.3504595335227067,0.3509447067893436,1.0,True
walker2d-medium-replay-v2,3,exp3,implicit,0.05,0.05,0.1,0.0030345881460071937,0.008885234285952113,0.33811711019660506,0.33839824545644565,0.310546875,True
walker2d-medium-replay-v2,3,exp3,explicit,0.1,0.1,0.2,0.013632538050543744,0.03834842291205475,0.347092796153446,0.3471229908344306,1.0,True
walker2d-medium-replay-v2,3,exp3,implicit,0.1,0.1,0.2,0.005404119078957716,0.015328506053664547,0.3497535890749106,0.34956688411718867,0.1171875,True
walker2d-medium-replay-v2,3,exp3,explicit,0.2,0.2,0.4,0.028238972659575638,0.07710666056526864,0.349338215987211,0.34906983183078155,1.0,True
walker2d-medium-replay-v2,3,exp3,implicit,0.2,0.2,0.4,0.008980844535215533,0.025130404949515257,0.35286214388717335,0.3534696271661017,0.048828125,True
walker2d-medium-replay-v2,3,exp3,explicit,1.5,2.5,4.0,0.21477544304378673,0.4660670181023748,0.4244001348265059,0.3936659277526788,1.0,True
walker2d-medium-replay-v2,3,exp3,implicit,1.5,2.5,4.0,nan,nan,nan,nan,0.0,False
walker2d-medium-replay-v2,3,exp3,explicit,4.0,10.0,14.0,0.4471697325633948,0.646561189450443,0.5509032775060283,0.503684333739323,1.0,True
walker2d-medium-replay-v2,3,exp3,implicit,4.0,10.0,14.0,nan,nan,nan,nan,0.0,False
walker2d-medium-replay-v2,3,exp3,explicit,7.0,7.0,14.0,0.41635750685168543,0.6020098975023592,0.5509032775060283,0.47617872335064326,1.0,True
walker2d-medium-replay-v2,3,exp3,implicit,7.0,7.0,14.0,nan,nan,nan,nan,0.0,False
walker2d-medium-replay-v2,3,exp3,explicit,7.0,10.0,17.0,0.5343083651918281,0.7062302512685104,0.5973791635439638,0.5274826985184571,1.0,True
walker2d-medium-replay-v2,3,exp3,implicit,7.0,10.0,17.0,nan,nan,nan,nan,0.0,False
walker2d-medium-replay-v2,3,exp3,explicit,10.0,10.0,20.0,0.45938016938394777,0.5189381274415069,0.5724248263178771,0.45643982799381305,1.0,True
walker2d-medium-replay-v2,3,exp3,implicit,10.0,10.0,20.0,nan,nan,nan,nan,0.0,False
walker2d-expert-v2,2,mpi1,explicit,0.05,0.05,0.1,6.791696648156166e-05,0.0003882924642920857,0.17460790954308383,0.17460866213975512,1.0,True
walker2d-expert-v2,2,mpi1,implicit,0.05,0.05,0.1,4.813905295056701e-05,0.00027572109616735445,0.1743127365780686,0.174313071905664,0.9375,True
walker2d-expert-v2,2,mpi1,explicit,0.1,0.1,0.2,0.00043656883876564296,0.0025086360359615955,0.17367609201357945,0.17368407560192986,1.0,True
walker2d-expert-v2,2,mpi1,implicit,0.1,0.1,0.2,8.802168699043855e-05,0.000515821214746595,0.17030478340152794,0.17030627099829196,0.8828125,True
walker2d-expert-v2,2,mpi1,explicit,0.2,0.2,0.4,0.0003600093200332184,0.0020623171544564287,0.17387194189318425,0.17386799919695695,1.0,True
walker2d-expert-v2,2,mpi1,implicit,0.2,0.2,0.4,0.00026254578696667855,0.0015066112942064634,0.17368962865792575,0.1736906227246594,0.828125,True
walker2d-expert-v2,2,mpi1,explicit,1.5,2.5,4.0,0.04666616239245239,0.07341941160619206,0.14444260458169994,0.1280080751077872,1.0,True
walker2d-expert-v2,2,mpi1,implicit,1.5,2.5,4.0,0.03654445183346519,0.05755503014554336,0.10267747574688597,0.0928770021992442,0.412109375,True
walker2d-expert-v2,2,mpi1,explicit,4.0,10.0,14.0,0.17976359750299645,0.2482672362913138,0.3016602587055897,0.23898605251638888,1.0,True
walker2d-expert-v2,2,mpi1,implicit,4.0,10.0,14.0,0.07399623279793544,0.09711063089484033,0.11087188213673227,0.10992660393003996,0.8046875,True
walker2d-expert-v2,2,mpi1,explicit,7.0,7.0,14.0,0.1415894978657666,0.19554589366972813,0.3016602587055897,0.23504751290926168,1.0,True
walker2d-expert-v2,2,mpi1,implicit,7.0,7.0,14.0,0.06884200818003888,0.09111767275174787,0.11502409310201421,0.11511367584241436,0.828125,True
walker2d-expert-v2,2,mpi1,explicit,7.0,10.0,17.0,0.18916411150122892,0.26272422598715395,0.2895017132017323,0.20904423178937964,1.0,True
walker2d-expert-v2,2,mpi1,implicit,7.0,10.0,17.0,0.04371916559326572,0.057562155064895676,0.07710352279385065,0.07229590986287021,0.81640625,True
walker2d-expert-v2,2,mpi1,explicit,10.0,10.0,20.0,0.17143636067429294,0.2318079844745519,0.31284665127794853,0.21124034855542284,1.0,True
walker2d-expert-v2,2,mpi1,implicit,10.0,10.0,20.0,0.033855258771655135,0.04404866592454213,0.08171777541365981,0.07419414972445211,0.822265625,True
walker2d-expert-v2,2,mpi2,explicit,0.05,0.05,0.1,0.00023070718086298577,0.0012993246572827772,0.17716103776752143,0.1771607193380903,1.0,True
walker2d-expert-v2,2,mpi2,implicit,0.05,0.05,0.1,7.7053876241882e-05,0.00044276773662697014,0.173672130897486,0.1736734752627571,0.86328125,True
walker2d-expert-v2,2,mpi2,explicit,0.1,0.1,0.2,0.0004578476520711263,0.0025772812696728334,0.17702693470653544,0.17702572959840493,1.0,True
walker2d-expert-v2,2,mpi2,implicit,0.1,0.1,0.2,0.0002014789254235018,0.0011351399029597515,0.17685442019950487,0.17684704748902264,0.802734375,True
walker2d-expert-v2,2,mpi2,explicit,0.2,0.2,0.4,0.0008536849468054329,0.004807697967738653,0.1765964555822191,0.17660269526089176,1.0,True
walker2d-expert-v2,2,mpi2,implicit,0.2,0.2,0.4,0.00027441536931502753,0.0015397668853717858,0.1775567202428409,0.17755607730001804,0.75390625,True
walker2d-expert-v2,2,mpi2,explicit,1.5,2.5,4.0,0.008505108515391477,0.04687975822927943,0.17561964971292063,0.1756159441713884,1.0,True
walker2d-expert-v2,2,mpi2,implicit,1.5,2.5,4.0,0.0023498232740489272,0.012939005140669917,0.17970670244325848,0.17965553860942038,0.2421875,True
walker2d-expert-v2,2,mpi2,explicit,4.0,10.0,14.0,0.11479520481203127,0.14226703603951382,0.2325005829939761,0.1968136684183428,1.0,True
walker2d-expert-v2,2,mpi2,implicit,4.0,10.0,14.0,0.05945122149506549,0.07908239193877699,0.24062182491773249,0.22692063390917874,0.193359375,True
walker2d-expert-v2,2,mpi2,explicit,7.0,7.0,14.0,0.10564038825443763,0.13092136511826807,0.2325005829939761,0.19696351617974317,1.0,True
walker2d-expert-v2,2,mpi2,implicit,7.0,7.0,14.0,0.040685471013732,0.04877023193578088,0.17886111110639608,0.1705017186693584,0.927734375,True
walker2d-expert-v2,2,mpi2,explicit,7.0,10.0,17.0,0.1202128092683298,0.1467234622081812,0.269040117316381,0.23290197098625143,1.0,True
walker2d-expert-v2,2,mpi2,implicit,7.0,10.0,17.0,0.10336873446724132,0.12118237846717299,0.15627724488132594,0.18262445158397386,0.900390625,True
walker2d-expert-v2,2,mpi2,explicit,10.0,10.0,20.0,0.08435939769685502,0.10213374980789669,0.2972328171225193,0.2712509126103502,1.0,True
walker2d-expert-v2,2,mpi2,implicit,10.0,10.0,20.0,0.03134562804292959,0.037078747764321796,0.22180479809573472,0.21181623590760182,0.927734375,True
walker2d-expert-v2,2,mpi3,explicit,0.05,0.05,0.1,0.00012133672716226429,0.0006810309938024284,0.17788150580196135,0.17788289496487225,1.0,True
walker2d-expert-v2,2,mpi3,implicit,0.05,0.05,0.1,9.857193253097433e-05,0.0005696981179530318,0.17277997894791294,0.1727798263666003,0.845703125,True
walker2d-expert-v2,2,mpi3,explicit,0.1,0.1,0.2,0.00026449379808249476,0.0014859391185712927,0.17735132883717697,0.17736139143682725,1.0,True
walker2d-expert-v2,2,mpi3,implicit,0.1,0.1,0.2,0.00017956306924233134,0.0010205159413255501,0.17533123668830888,0.1753310133645867,0.875,True
walker2d-expert-v2,2,mpi3,explicit,0.2,0.2,0.4,0.0008890353749906087,0.00498508171111096,0.1771773637509331,0.1772029406916402,1.0,True
walker2d-expert-v2,2,mpi3,implicit,0.2,0.2,0.4,0.00026522370067519867,0.0014737718275461878,0.1788998889660752,0.17889281916166505,0.767578125,True
walker2d-expert-v2,2,mpi3,explicit,1.5,2.5,4.0,0.009068548805729788,0.049574402051881815,0.1752499535965426,0.17533594284815684,1.0,True
walker2d-expert-v2,2,mpi3,implicit,1.5,2.5,4.0,0.002602929526076276,0.014646028310166096,0.17402311838972404,0.17380797352021754,0.203125,True
walker2d-expert-v2,2,mpi3,explicit,4.0,10.0,14.0,0.15632356190870605,0.20483689598988009,0.6613199538118946,0.6720763729211703,1.0,True
walker2d-expert-v2,2,mpi3,implicit,4.0,10.0,14.0,0.03286241772061477,0.04046479968276753,0.6890616616087206,0.6871818900265655,0.181640625,True
walker2d-expert-v2,2,mpi3,explicit,7.0,7.0,14.0,0.12718570646064703,0.16665642087207364,0.6613199538118946,0.6639124334196406,1.0,True
walker2d-expert-v2,2,mpi3,implicit,7.0,7.0,14.0,0.11490835681018473,0.1493170029990204,0.6767351999419788,0.6692357023681588,0.236328125,True
walker2d-expert-v2,2,mpi3,explicit,7.0,10.0,17.0,0.09611184473267007,0.12803540805215224,0.6206620927320415,0.5865126424291232,1.0,True
walker2d-expert-v2,2,mpi3,implicit,7.0,10.0,17.0,0.07797518927832219,0.10570830580366934,0.6258936172678489,0.5995971420353501,0.17578125,True
walker2d-expert-v2,2,mpi3,explicit,10.0,10.0,20.0,0.12536039824803333,0.1529750165002463,0.24543151780187064,0.18677461876869164,1.0,True
walker2d-expert-v2,2,mpi3,implicit,10.0,10.0,20.0,0.013218468778447413,0.015599391600680466,0.10632506883270358,0.1029679774170828,0.935546875,True
walker2d-expert-v2,2,exp3,explicit,0.05,0.05,0.1,0.00031575293272368603,0.0017700942213180345,0.1780791628057306,0.17808694613474355,1.0,True
walker2d-expert-v2,2,exp3,implicit,0.05,0.05,0.1,0.00023580621004122974,0.0013246055255750754,0.17779349254363955,0.17778228782155892,0.7890625,True
walker2d-expert-v2,2,exp3,explicit,0.1,0.1,0.2,0.00018671890438240216,0.0010494311085967752,0.1773151796512029,0.17732192671617983,1.0,True
walker2d-expert-v2,2,exp3,implicit,0.1,0.1,0.2,0.00011165591491370217,0.0006266845248716473,0.17761746652724167,0.1776220852177015,0.791015625,True
walker2d-expert-v2,2,exp3,explicit,0.2,0.2,0.4,0.000601423022707498,0.0033767329179422967,0.17728031840947034,0.17729720832060267,1.0,True
walker2d-expert-v2,2,exp3,implicit,0.2,0.2,0.4,0.00028816928346040035,0.0015979298319012602,0.1795647159766068,0.17956748313943025,0.8203125,True
walker2d-expert-v2,2,exp3,explicit,1.5,2.5,4.0,0.009614536815685647,0.05260451952482208,0.17430234936209082,0.1742883316837002,1.0,True
walker2d-expert-v2,2,exp3,implicit,1.5,2.5,4.0,0.0030791079487679273,0.01656517358025543,0.18264831145112412,0.18236280270748104,0.173828125,True
walker2d-expert-v2,2,exp3,explicit,4.0,10.0,14.0,0.13991672567934188,0.17817301757336082,0.1761022658960287,0.11371645760792433,1.0,True
walker2d-expert-v2,2,exp3,implicit,4.0,10.0,14.0,0.02920877308105457,0.037513030415108034,0.09808160052997508,0.0907816831939581,0.162109375,True
walker2d-expert-v2,2,exp3,explicit,7.0,7.0,14.0,0.11262135959320684,0.14341450162236682,0.1761022658960287,0.11050876751927688,1.0,True
walker2d-expert-v2,2,exp3,implicit,7.0,7.0,14.0,0.03867459925228868,0.05648638192228285,0.14683503403670295,0.1321051150210534,0.21875,True
walker2d-expert-v2,2,exp3,explicit,7.0,10.0,17.0,0.09448711182191279,0.1187147468692882,0.15742975893964029,0.12176513128965384,1.0,True
walker2d-expert-v2,2,exp3,implicit,7.0,10.0,17.0,0.015327931228391368,0.02193870651675548,0.10345581234174978,0.10061506469497199,0.177734375,True
walker2d-expert-v2,2,exp3,explicit,10.0,10.0,20.0,0.10117258515587929,0.12690828739015456,0.15780720008889396,0.11196672280800361,1.0,True
walker2d-expert-v2,2,exp3,implicit,10.0,10.0,20.0,0.06549110742363133,0.07917598309090887,0.14959955984476858,0.12360514054549127,0.958984375,True
walker2d-expert-v2,3,mpi1,explicit,0.05,0.05,0.1,0.00020847206572897702,0.0012017146303471501,0.1732419209300211,0.173243156913321,1.0,True
walker2d-expert-v2,3,mpi1,implicit,0.05,0.05,0.1,6.607098766807047e-05,0.00037833566490729463,0.17440064468165234,0.17440089705835451,0.9140625,True
walker2d-expert-v2,3,mpi1,explicit,0.1,0.1,0.2,0.00016754711540572487,0.000966209788239315,0.17302215189605905,0.1730274693364472,1.0,True
walker2d-expert-v2,3,mpi1,implicit,0.1,0.1,0.2,9.521953174181167e-05,0.0005522616458662408,0.17199805145198954,0.17199793016739665,0.8671875,True
walker2d-expert-v2,3,mpi1,explicit,0.2,0.2,0.4,0.0006021349951526658,0.003456101272927605,0.1734386493454899,0.17343741740380955,1.0,True
walker2d-expert-v2,3,mpi1,implicit,0.2,0.2,0.4,0.00019949642474201827,0.001142550098525434,0.17391601108635207,0.17390904081218994,0.849609375,True
walker2d-expert-v2,3,mpi1,explicit,1.5,2.5,4.0,0.05195649714408822,0.07793183660423562,0.1913269534820542,0.17365745547467462,1.0,True
walker2d-expert-v2,3,mpi1,implicit,1.5,2.5,4.0,0.05661413776538089,0.08748100191262055,0.1428889955696027,0.12959256747497,0.4609375,True
walker2d-expert-v2,3,mpi1,explicit,4.0,10.0,14.0,0.12353764169706846,0.15177347840677335,0.25645005554141087,0.21596340678563156,1.0,True
walker2d-expert-v2,3,mpi1,implicit,4.0,10.0,14.0,0.06512403734833483,0.07960493046255102,0.17878555145874434,0.18245440261955323,0.98828125,True
walker2d-expert-v2,3,mpi1,explicit,7.0,7.0,14.0,0.10104093578044863,0.12413491203335801,0.25645005554141087,0.21835536381245665,1.0,True
walker2d-expert-v2,3,mpi1,implicit,7.0,7.0,14.0,0.06138820430889577,0.07480179505713636,0.176271984909711,0.18072639326995563,0.974609375,True
walker2d-expert-v2,3,mpi1,explicit,7.0,10.0,17.0,0.11502000824906462,0.13941079819384664,0.2640575612286479,0.23140203900135517,1.0,True
walker2d-expert-v2,3,mpi1,implicit,7.0,10.0,17.0,0.054996880637440286,0.06578329445909567,0.15647398305147775,0.16497246159047294,0.958984375,True
walker2d-expert-v2,3,mpi1,explicit,10.0,10.0,20.0,0.09609505246561581,0.11628809211300874,0.2671638213496296,0.2446295489813653,1.0,True
walker2d-expert-v2,3,mpi1,implicit,10.0,10.0,20.0,0.06273170119038617,0.07517125437388887,0.2172978663361178,0.215281486813505,0.97265625,True
walker2d-expert-v2,3,mpi2,explicit,0.05,0.05,0.1,0.0002970932616492241,0.0016844080939277532,0.17596470065589642,0.17596328386193863,1.0,True
walker2d-expert-v2,3,mpi2,implicit,0.05,0.05,0.1,0.0001172982297553931,0.0006616128962591886,0.1769105456344278,0.17691199849566264,0.884765625,True
walker2d-expert-v2,3,mpi2,explicit,0.1,0.1,0.2,0.00025572766845401434,0.0014540008759896738,0.17546303196246452,0.17546007718755446,1.0,True
walker2d-expert-v2,3,mpi2,implicit,0.1,0.1,0.2,0.00012880658719467193,0.0007331611853931424,0.17529803339173247,0.17529899726051726,0.85546875,True
walker2d-expert-v2,3,mpi2,explicit,0.2,0.2,0.4,0.0010206220781630844,0.005805059426012337,0.1746933998317288,0.17468849038504988,1.0,True
walker2d-expert-v2,3,mpi2,implicit,0.2,0.2,0.4,0.0005361561848275489,0.0030201081169394187,0.17656846160925427,0.17657754114276544,0.75390625,True
walker2d-expert-v2,3,mpi2,explicit,1.5,2.5,4.0,0.00865360974290875,0.04796735896679563,0.1742946669667194,0.174037043632646,1.0,True
walker2d-expert-v2,3,mpi2,implicit,1.5,2.5,4.0,0.0018813172639986617,0.010131817354225681,0.1814213840795587,0.18126914969650257,0.21484375,True
walker2d-expert-v2,3,mpi2,explicit,4.0,10.0,14.0,0.16104727773869326,0.23356209170511616,0.259488129885711,0.1829280823903417,1.0,True
walker2d-expert-v2,3,mpi2,implicit,4.0,10.0,14.0,0.045633232974614885,0.0650355986530468,0.13976856776401939,0.13653128611915907,0.181640625,True
walker2d-expert-v2,3,mpi2,explicit,7.0,7.0,14.0,0.12516552595358474,0.18152385101798282,0.259488129885711,0.18569397822933426,1.0,True
walker2d-expert-v2,3,mpi2,implicit,7.0,7.0,14.0,0.05226725662021042,0.07203013379214819,0.11232528282158218,0.09711829575474552,0.876953125,True
walker2d-expert-v2,3,mpi2,explicit,7.0,10.0,17.0,0.09359147880278797,0.11858138309770344,0.47454118265700806,0.4592820258944984,1.0,True
walker2d-expert-v2,3,mpi2,implicit,7.0,10.0,17.0,0.059806743291748295,0.07509480216349973,0.4718025566195558,0.4521706441914637,0.923828125,True
walker2d-expert-v2,3,mpi2,explicit,10.0,10.0,20.0,0.16217446834744542,0.2173864497965692,0.29608168569310156,0.19213721204136908,1.0,True
walker2d-expert-v2,3,mpi2,implicit,10.0,10.0,20.0,0.01843206767442234,0.02405965216954865,0.09698243174338955,0.09505323033042763,0.859375,True
walker2d-expert-v2,3,mpi3,explicit,0.05,0.05,0.1,0.00019025530011571346,0.001072230816945511,0.17711017146869945,0.17711228101902773,1.0,True
walker2d-expert-v2,3,mpi3,implicit,0.05,0.05,0.1,3.651541963832171e-05,0.00020626561268193862,0.17670919958823475,0.17670942456804725,0.94140625,True
walker2d-expert-v2,3,mpi3,explicit,0.1,0.1,0.2,0.0002883850242819531,0.0016285260820323554,0.17654451918293923,0.17654178849072577,1.0,True
walker2d-expert-v2,3,mpi3,implicit,0.1,0.1,0.2,0.0002511488290127964,0.0014300196115914858,0.17512039155642528,0.17512110085037272,0.865234375,True
walker2d-expert-v2,3,mpi3,explicit,0.2,0.2,0.4,0.0008064382345441244,0.004535555952695127,0.1769501973325404,0.17694982264979936,1.0,True
walker2d-expert-v2,3,mpi3,implicit,0.2,0.2,0.4,0.00022042801150909175,0.0012533083806356177,0.17513888764520952,0.17513587849843332,0.775390625,True
walker2d-expert-v2,3,mpi3,explicit,1.5,2.5,4.0,0.01072672134187912,0.05866891299614608,0.1753539953698034,0.17526868205467902,1.0,True
walker2d-expert-v2,3,mpi3,implicit,1.5,2.5,4.0,0.00465102765785441,0.02721849722704199,0.16402839026375482,0.16399911770488995,0.18359375,True
walker2d-expert-v2,3,mpi3,explicit,4.0,10.0,14.0,0.10233715628641817,0.12960044204402835,0.22193115828391113,0.16944199921118136,1.0,True
walker2d-expert-v2,3,mpi3,implicit,4.0,10.0,14.0,0.11522002334800115,0.14587664986046678,0.10540661948000227,0.06916730106488425,0.103515625,True
walker2d-expert-v2,3,mpi3,explicit,7.0,7.0,14.0,0.09256730763081285,0.11722784199907528,0.22193115828391113,0.17174650227968394,1.0,True
walker2d-expert-v2,3,mpi3,implicit,7.0,7.0,14.0,0.033137338802303275,0.03722759097207505,0.11006316469781009,0.10345550451922877,0.177734375,True
walker2d-expert-v2,3,mpi3,explicit,7.0,10.0,17.0,0.09569957188419514,0.12125235909348518,0.5467182386802829,0.5332073610161195,1.0,True
walker2d-expert-v2,3,mpi3,implicit,7.0,10.0,17.0,0.040644610794229194,0.05143982696130375,0.5440605926098859,0.5282257695644687,0.08984375,True
walker2d-expert-v2,3,mpi3,explicit,10.0,10.0,20.0,0.15122734950737496,0.1843576771109804,0.25907965562000274,0.19601801197117852,1.0,True
walker2d-expert-v2,3,mpi3,implicit,10.0,10.0,20.0,0.1080129245289267,0.12667014936329307,0.15636005757939264,0.14447770721374484,0.134765625,True
walker2d-expert-v2,3,exp3,explicit,0.05,0.05,0.1,0.00012464179088734494,0.0007036939012645351,0.17678088334505346,0.1767851220190079,1.0,True
walker2d-expert-v2,3,exp3,implicit,0.05,0.05,0.1,9.094796025159683e-05,0.0005160285384649274,0.17592031361445787,0.17592058503399818,0.94140625,True
walker2d-expert-v2,3,exp3,explicit,0.1,0.1,0.2,0.0006749550996926059,0.0037893743416501503,0.1773389061558264,0.17733659413543157,1.0,True
walker2d-expert-v2,3,exp3,implicit,0.1,0.1,0.2,0.00031093802590823885,0.0017364711875718503,0.178296691326429,0.1783036314795743,0.80078125,True
walker2d-expert-v2,3,exp3,explicit,0.2,0.2,0.4,0.0007255286043398287,0.004087040182984309,0.1765509656602595,0.17655638572006713,1.0,True
walker2d-expert-v2,3,exp3,implicit,0.2,0.2,0.4,0.00046738989884897666,0.0026362770505730395,0.1764533853763081,0.17644525182056567,0.728515625,True
walker2d-expert-v2,3,exp3,explicit,1.5,2.5,4.0,0.00875694632070008,0.04812144591071328,0.1747433461292945,0.17466312531576947,1.0,True
walker2d-expert-v2,3,exp3,implicit,1.5,2.5,4.0,0.0019149989984280915,0.010707703582379133,0.1741902021669118,0.17429493847833097,0.1796875,True
walker2d-expert-v2,3,exp3,explicit,4.0,10.0,14.0,0.06407758436413188,0.08078787565705535,0.13329014284523985,0.1188051532991204,1.0,True
walker2d-expert-v2,3,exp3,implicit,4.0,10.0,14.0,0.015457549740025396,0.021639271343275764,0.09729067313033797,0.09264168781165874,0.228515625,True
walker2d-expert-v2,3,exp3,explicit,7.0,7.0,14.0,0.06693697003419105,0.08439293811783083,0.13329014284523985,0.1174207406694754,1.0,True
walker2d-expert-v2,3,exp3,implicit,7.0,7.0,14.0,0.08696360924365552,0.11439621286870884,0.1564509416339366,0.14636527128208415,0.27734375,True
walker2d-expert-v2,3,exp3,explicit,7.0,10.0,17.0,0.09765638119579875,0.1414701113529581,0.15650995756811034,0.11402324204280138,1.0,True
walker2d-expert-v2,3,exp3,implicit,7.0,10.0,17.0,0.16446897136612218,0.24419604995991737,0.23317423236249513,0.1903125106778028,0.21875,True
walker2d-expert-v2,3,exp3,explicit,10.0,10.0,20.0,0.07370491512083058,0.09237945922263693,0.15050909498216566,0.12882393148378488,1.0,True
walker2d-expert-v2,3,exp3,implicit,10.0,10.0,20.0,0.027696642578085497,0.0343370764090601,0.1470708033810595,0.1364053764682951,0.974609375,True
