environment,seed,tau,method,hop,n_hops,hop_vs_mpi1_final_rms,relative_hop_vs_mpi1_final,hop_vs_prev_rms,hop_vs_aD_rms,is_final_hop,n_states
halfcheetah-medium-v2,2,0.05,mpi1,1,1,0.0,0.0,0.2409804692240663,0.2409804692240663,True,512
halfcheetah-medium-v2,2,0.05,mpi2,1,2,0.09523282972883668,0.3951889961683498,0.25241702404792904,0.25241702404792904,False,512
halfcheetah-medium-v2,2,0.05,mpi2,2,2,0.09872859400556347,0.409695417738458,0.063431973274942,0.2540818795607159,True,512
halfcheetah-medium-v2,2,0.05,mpi3,1,3,0.09742021646706524,0.4042660252955307,0.2514553227853642,0.2514553227853642,False,512
halfcheetah-medium-v2,2,0.05,mpi3,2,3,0.09696985274855863,0.40239714471796045,0.06398609917159484,0.2537860626151585,False,512
halfcheetah-medium-v2,2,0.05,mpi3,3,3,0.10492142353390989,0.4353938884414437,0.0600279016934643,0.2582827068419045,True,512
halfcheetah-medium-v2,2,0.1,mpi1,1,1,0.0,0.0,0.24443284402234058,0.24443284402234058,True,512
halfcheetah-medium-v2,2,0.1,mpi2,1,2,0.09422274069906947,0.38547495970082374,0.2517546881079023,0.2517546881079023,False,512
halfcheetah-medium-v2,2,0.1,mpi2,2,2,0.09612727816596738,0.39326661910124305,0.0635909078887695,0.2544694696386855,True,512
halfcheetah-medium-v2,2,0.1,mpi3,1,3,0.10212910299968943,0.41782070412090394,0.2517008206768301,0.2517008206768301,False,512
halfcheetah-medium-v2,2,0.1,mpi3,2,3,0.10023973061403818,0.41009108663349886,0.06774395825035379,0.25467948311312555,False,512
halfcheetah-medium-v2,2,0.1,mpi3,3,3,0.10341044701926025,0.42306281479017926,0.05861875256361755,0.2562827413562064,True,512
halfcheetah-medium-v2,2,0.2,mpi1,1,1,0.0,0.0,0.2513508159127564,0.2513508159127564,True,512
halfcheetah-medium-v2,2,0.2,mpi2,1,2,0.07817917377888661,0.3110360851425385,0.25156230978589006,0.25156230978589006,False,512
halfcheetah-medium-v2,2,0.2,mpi2,2,2,0.07722661450327888,0.30724632511272276,0.06691260413371737,0.25515634624562455,True,512
halfcheetah-medium-v2,2,0.2,mpi3,1,3,0.07270509951241301,0.2892574637101989,0.25076250511397724,0.25076250511397724,False,512
halfcheetah-medium-v2,2,0.2,mpi3,2,3,0.07602150023454944,0.30245177426014974,0.06480541571390351,0.25550699143894157,False,512
halfcheetah-medium-v2,2,0.2,mpi3,3,3,0.08374885633507295,0.33319508445177315,0.058413763838759,0.2588828640103743,True,512
halfcheetah-medium-v2,2,0.4,mpi1,1,1,0.0,0.0,0.2404943478749522,0.2404943478749522,True,512
halfcheetah-medium-v2,2,0.4,mpi2,1,2,0.09760733271978352,0.4058612336724669,0.2517314467058579,0.2517314467058579,False,512
halfcheetah-medium-v2,2,0.4,mpi2,2,2,0.10059871780710074,0.4182997176274937,0.0695483435912643,0.256230587720481,True,512
halfcheetah-medium-v2,2,0.4,mpi3,1,3,0.0992247035420711,0.4125864263290883,0.2510462025422044,0.2510462025422044,False,512
halfcheetah-medium-v2,2,0.4,mpi3,2,3,0.10065109364887555,0.41851750171363794,0.0682671923477731,0.25738345568042564,False,512
halfcheetah-medium-v2,2,0.4,mpi3,3,3,0.10632319698012983,0.4421026852382153,0.06388466859474547,0.2591302780788098,True,512
halfcheetah-medium-v2,2,1.5,mpi1,1,1,0.0,0.0,0.25350867025891133,0.25350867025891133,True,512
halfcheetah-medium-v2,2,1.5,mpi2,1,2,0.10130800369409548,0.3996234274379194,0.2554195269121829,0.2554195269121829,False,512
halfcheetah-medium-v2,2,1.5,mpi2,2,2,0.10894544901667988,0.42975038646770003,0.07949866842756315,0.26625732976264777,True,512
halfcheetah-medium-v2,2,1.5,mpi3,1,3,0.10113706380264754,0.3989491314019165,0.25309658196531887,0.25309658196531887,False,512
halfcheetah-medium-v2,2,1.5,mpi3,2,3,0.10187551313495952,0.40186204689138594,0.0710436845384031,0.2618165262772394,False,512
halfcheetah-medium-v2,2,1.5,mpi3,3,3,0.10948030609644775,0.43186020416830023,0.0667988759469242,0.2681795949408985,True,512
halfcheetah-medium-v2,2,2.5,mpi1,1,1,0.0,0.0,0.26556712693089785,0.26556712693089785,True,512
halfcheetah-medium-v2,2,2.5,mpi2,1,2,0.10322834654413332,0.38870905347781975,0.25975604290787047,0.25975604290787047,False,512
halfcheetah-medium-v2,2,2.5,mpi2,2,2,0.11062393945890135,0.41655735307814046,0.08688304791444,0.2767647063326275,True,512
halfcheetah-medium-v2,2,2.5,mpi3,1,3,0.10524276839999144,0.3962944119487207,0.2534708784781506,0.2534708784781506,False,512
halfcheetah-medium-v2,2,2.5,mpi3,2,3,0.10791273969712938,0.40634825907955435,0.07669132319341107,0.26712990460957603,False,512
halfcheetah-medium-v2,2,2.5,mpi3,3,3,0.11670200871577491,0.439444482698122,0.07012916247143909,0.27709306854906396,True,512
halfcheetah-medium-v2,2,4.0,mpi1,1,1,0.0,0.0,0.2778126544992022,0.2778126544992022,True,512
halfcheetah-medium-v2,2,4.0,mpi2,1,2,0.11492489609396142,0.4136776861411525,0.26581112399274426,0.26581112399274426,False,512
halfcheetah-medium-v2,2,4.0,mpi2,2,2,0.1319206746264848,0.47485480769150357,0.09539180713836212,0.28819036807900483,True,512
halfcheetah-medium-v2,2,4.0,mpi3,1,3,0.12239906143372237,0.44058130344841384,0.2587403481071233,0.2587403481071233,False,512
halfcheetah-medium-v2,2,4.0,mpi3,2,3,0.12371972813071115,0.44533510668811677,0.0843583637089919,0.27359250223362114,False,512
halfcheetah-medium-v2,2,4.0,mpi3,3,3,0.13832196764031826,0.4978965695053156,0.08207888360510206,0.2919955281419908,True,512
halfcheetah-medium-v2,2,7.0,mpi1,1,1,0.0,0.0,0.2971121997157259,0.2971121997157259,True,512
halfcheetah-medium-v2,2,7.0,mpi2,1,2,0.17112559004247474,0.5759628524382575,0.27118570026218525,0.27118570026218525,False,512
halfcheetah-medium-v2,2,7.0,mpi2,2,2,0.16397058242928614,0.5518810152735957,0.11355337236549826,0.3065818425175125,True,512
halfcheetah-medium-v2,2,7.0,mpi3,1,3,0.16486735606166567,0.5548993148696323,0.2701500087116015,0.2701500087116015,False,512
halfcheetah-medium-v2,2,7.0,mpi3,2,3,0.16568059064262342,0.5576364444177823,0.09857805164826106,0.29204115496244293,False,512
halfcheetah-medium-v2,2,7.0,mpi3,3,3,0.1820698400011469,0.6127982633340185,0.09470447580890115,0.3161377786741505,True,512
halfcheetah-medium-v2,2,10.0,mpi1,1,1,0.0,0.0,0.3270485689665314,0.3270485689665314,True,512
halfcheetah-medium-v2,2,10.0,mpi2,1,2,0.21048377267420926,0.64358567089694,0.28342691044203194,0.28342691044203194,False,512
halfcheetah-medium-v2,2,10.0,mpi2,2,2,0.23230686487556523,0.7103130449695941,0.1350735294019071,0.33179912753744484,True,512
halfcheetah-medium-v2,2,10.0,mpi3,1,3,0.21198302589597956,0.6481698622496431,0.26935679683269936,0.26935679683269936,False,512
halfcheetah-medium-v2,2,10.0,mpi3,2,3,0.21927053976149405,0.6704525277526383,0.1091764814373108,0.30252164252216174,False,512
halfcheetah-medium-v2,2,10.0,mpi3,3,3,0.23240618638277216,0.7106167353588253,0.10967320175645623,0.33930769686818496,True,512
halfcheetah-medium-v2,2,14.0,mpi1,1,1,0.0,0.0,0.3482908503006933,0.3482908503006933,True,512
halfcheetah-medium-v2,2,14.0,mpi2,1,2,0.21312176340871514,0.6119074423709916,0.2983361792391171,0.2983361792391171,False,512
halfcheetah-medium-v2,2,14.0,mpi2,2,2,0.2346481619254696,0.6737132535146662,0.15644976741255043,0.3562752828567231,True,512
halfcheetah-medium-v2,2,14.0,mpi3,1,3,0.222106945199013,0.6377053689675146,0.27831665764530267,0.27831665764530267,False,512
halfcheetah-medium-v2,2,14.0,mpi3,2,3,0.22385703736102464,0.6427301698214581,0.12597610378731913,0.32486461342904016,False,512
halfcheetah-medium-v2,2,14.0,mpi3,3,3,0.23731190311074046,0.681361290156947,0.12278675237589823,0.3668807740597502,True,512
halfcheetah-medium-v2,2,17.0,mpi1,1,1,0.0,0.0,0.36710406117098876,0.36710406117098876,True,512
halfcheetah-medium-v2,2,17.0,mpi2,1,2,0.22844644148088322,0.6222934193432365,0.3084894546584382,0.3084894546584382,False,512
halfcheetah-medium-v2,2,17.0,mpi2,2,2,0.24651308984542658,0.6715073896461373,0.15862439181993404,0.37698327374050883,True,512
halfcheetah-medium-v2,2,17.0,mpi3,1,3,0.23848746639546625,0.6496454047245862,0.2856279247211527,0.2856279247211527,False,512
halfcheetah-medium-v2,2,17.0,mpi3,2,3,0.23969798381346438,0.6529428823230002,0.12829569331599217,0.33363382025343585,False,512
halfcheetah-medium-v2,2,17.0,mpi3,3,3,0.2659414933090643,0.7244308125079411,0.1267653750779533,0.38002275579721384,True,512
halfcheetah-medium-v2,2,20.0,mpi1,1,1,0.0,0.0,0.402822341236871,0.402822341236871,True,512
halfcheetah-medium-v2,2,20.0,mpi2,1,2,0.28031006832000777,0.6958652478393136,0.3210416411263989,0.3210416411263989,False,512
halfcheetah-medium-v2,2,20.0,mpi2,2,2,0.3066091786922654,0.761152367445207,0.18627697010737573,0.4088323608974221,True,512
halfcheetah-medium-v2,2,20.0,mpi3,1,3,0.2821414489353483,0.7004116208376862,0.29443094730024205,0.29443094730024205,False,512
halfcheetah-medium-v2,2,20.0,mpi3,2,3,0.28354116880053265,0.7038864029485454,0.1422168273662751,0.35433087246922695,False,512
halfcheetah-medium-v2,2,20.0,mpi3,3,3,0.29700645247416285,0.7373137536567631,0.121954751778608,0.3964307311138274,True,512
halfcheetah-medium-v2,3,0.05,mpi1,1,1,0.0,0.0,0.2565951113979575,0.2565951113979575,True,512
halfcheetah-medium-v2,3,0.05,mpi2,1,2,0.09458368944581678,0.3686106447255163,0.24518401854130356,0.24518401854130356,False,512
halfcheetah-medium-v2,3,0.05,mpi2,2,2,0.10272738215969478,0.40034816563739295,0.06803531154092764,0.2500568173368848,True,512
halfcheetah-medium-v2,3,0.05,mpi3,1,3,0.0770399184641918,0.3002392292061611,0.253299936122379,0.253299936122379,False,512
halfcheetah-medium-v2,3,0.05,mpi3,2,3,0.08039734257983229,0.3133237501752041,0.06691814689325921,0.2544571207556438,False,512
halfcheetah-medium-v2,3,0.05,mpi3,3,3,0.088129257788752,0.34345649575556764,0.0640958771789461,0.2592538496923307,True,512
halfcheetah-medium-v2,3,0.1,mpi1,1,1,0.0,0.0,0.25310533337717483,0.25310533337717483,True,512
halfcheetah-medium-v2,3,0.1,mpi2,1,2,0.08328712301778175,0.3290611142265745,0.24809023337119956,0.24809023337119956,False,512
halfcheetah-medium-v2,3,0.1,mpi2,2,2,0.09049707504117818,0.3575470885329801,0.0709757510966004,0.25047931521296307,True,512
halfcheetah-medium-v2,3,0.1,mpi3,1,3,0.09644530623684265,0.3810480994215989,0.2481317914659593,0.2481317914659593,False,512
halfcheetah-medium-v2,3,0.1,mpi3,2,3,0.09382904269448507,0.37071144034196246,0.07071841392215392,0.2502816025372149,False,512
halfcheetah-medium-v2,3,0.1,mpi3,3,3,0.10816561827692267,0.4273541645040543,0.06824999287400475,0.25298925475535605,True,512
halfcheetah-medium-v2,3,0.2,mpi1,1,1,0.0,0.0,0.2552697730618134,0.2552697730618134,True,512
halfcheetah-medium-v2,3,0.2,mpi2,1,2,0.08832416186840399,0.34600321381183013,0.2474229860101826,0.2474229860101826,False,512
halfcheetah-medium-v2,3,0.2,mpi2,2,2,0.08751710402959557,0.34284162586066685,0.07296237941900123,0.2541072566838704,True,512
halfcheetah-medium-v2,3,0.2,mpi3,1,3,0.07531273252818269,0.2950319249508078,0.2533042823780577,0.2533042823780577,False,512
halfcheetah-medium-v2,3,0.2,mpi3,2,3,0.07746995875379933,0.3034826952858223,0.07172955804692946,0.2581100376407096,False,512
halfcheetah-medium-v2,3,0.2,mpi3,3,3,0.08753624928673928,0.3429166259553278,0.06433894845124527,0.2610517557070025,True,512
halfcheetah-medium-v2,3,0.4,mpi1,1,1,0.0,0.0,0.25290330544200174,0.25290330544200174,True,512
halfcheetah-medium-v2,3,0.4,mpi2,1,2,0.08784903351568754,0.3473621404914138,0.2546327720443601,0.2546327720443601,False,512
halfcheetah-medium-v2,3,0.4,mpi2,2,2,0.09348582168522272,0.3696504540414629,0.07175787687795163,0.2592632463256263,True,512
halfcheetah-medium-v2,3,0.4,mpi3,1,3,0.08609390726894642,0.3404222302214643,0.25463292615982625,0.25463292615982625,False,512
halfcheetah-medium-v2,3,0.4,mpi3,2,3,0.08929419434646312,0.35307642258926875,0.0677308476936545,0.2574214109244719,False,512
halfcheetah-medium-v2,3,0.4,mpi3,3,3,0.09779473645067677,0.3866882494072582,0.06433758205690297,0.2598893895003705,True,512
halfcheetah-medium-v2,3,1.5,mpi1,1,1,0.0,0.0,0.26143927461185795,0.26143927461185795,True,512
halfcheetah-medium-v2,3,1.5,mpi2,1,2,0.09307380850262395,0.35600545725505334,0.2599491741826131,0.2599491741826131,False,512
halfcheetah-medium-v2,3,1.5,mpi2,2,2,0.0925560557539401,0.3540250633396689,0.07507990645830946,0.26617458654938897,True,512
halfcheetah-medium-v2,3,1.5,mpi3,1,3,0.09244428712600204,0.3535975505717269,0.2549763124378408,0.2549763124378408,False,512
halfcheetah-medium-v2,3,1.5,mpi3,2,3,0.09275016313452987,0.3547675201907979,0.07844165489093285,0.26460838372542045,False,512
halfcheetah-medium-v2,3,1.5,mpi3,3,3,0.10261531670179146,0.3925015354106142,0.06406253199766174,0.27301382841192934,True,512
halfcheetah-medium-v2,3,2.5,mpi1,1,1,0.0,0.0,0.2674324096446166,0.2674324096446166,True,512
halfcheetah-medium-v2,3,2.5,mpi2,1,2,0.09866558119380295,0.3689365149306954,0.259796012786082,0.259796012786082,False,512
halfcheetah-medium-v2,3,2.5,mpi2,2,2,0.10829556398324973,0.4049455491470187,0.08760025044714377,0.27194084827290493,True,512
halfcheetah-medium-v2,3,2.5,mpi3,1,3,0.1032280894892712,0.38599693143567787,0.25525519269952457,0.25525519269952457,False,512
halfcheetah-medium-v2,3,2.5,mpi3,2,3,0.106429984737685,0.3979696584984475,0.08686618533816248,0.26770819477131735,False,512
halfcheetah-medium-v2,3,2.5,mpi3,3,3,0.11873449229061293,0.4439794430615042,0.06954546297729887,0.2795353708445802,True,512
halfcheetah-medium-v2,3,4.0,mpi1,1,1,0.0,0.0,0.2776604436365901,0.2776604436365901,True,512
halfcheetah-medium-v2,3,4.0,mpi2,1,2,0.10979510537133211,0.3954294098695422,0.26843860629801586,0.26843860629801586,False,512
halfcheetah-medium-v2,3,4.0,mpi2,2,2,0.12957350884667523,0.4666617511288887,0.10722497077130666,0.290341156884921,True,512
halfcheetah-medium-v2,3,4.0,mpi3,1,3,0.1164101043912082,0.4192534696932526,0.25726413470978504,0.25726413470978504,False,512
halfcheetah-medium-v2,3,4.0,mpi3,2,3,0.11993509574146938,0.4319488010991002,0.09876523615444267,0.2757556584421255,False,512
halfcheetah-medium-v2,3,4.0,mpi3,3,3,0.13438402835350888,0.483986939563471,0.07815905087509266,0.2913891701991871,True,512
halfcheetah-medium-v2,3,7.0,mpi1,1,1,0.0,0.0,0.3141616789463482,0.3141616789463482,True,512
halfcheetah-medium-v2,3,7.0,mpi2,1,2,0.17718263284436886,0.5639855040201376,0.27274673568407104,0.27274673568407104,False,512
halfcheetah-medium-v2,3,7.0,mpi2,2,2,0.18559522343514176,0.5907634058284915,0.11718481774870428,0.30333847531941494,True,512
halfcheetah-medium-v2,3,7.0,mpi3,1,3,0.1825995554695283,0.5812279717944601,0.2635463259803889,0.2635463259803889,False,512
halfcheetah-medium-v2,3,7.0,mpi3,2,3,0.1726494255611823,0.5495559679341634,0.11329663380531663,0.29429458645416484,False,512
halfcheetah-medium-v2,3,7.0,mpi3,3,3,0.18792823922534596,0.598189568682054,0.09460133788430963,0.3191497028576606,True,512
halfcheetah-medium-v2,3,10.0,mpi1,1,1,0.0,0.0,0.3157651075776287,0.3157651075776287,True,512
halfcheetah-medium-v2,3,10.0,mpi2,1,2,0.19107298088180344,0.6051111294329107,0.2939836482137031,0.2939836482137031,False,512
halfcheetah-medium-v2,3,10.0,mpi2,2,2,0.20805117758303646,0.6588795677238927,0.13320234333806957,0.3412285695778541,True,512
halfcheetah-medium-v2,3,10.0,mpi3,1,3,0.17587502382388154,0.5569805516926656,0.2732446359766213,0.2732446359766213,False,512
halfcheetah-medium-v2,3,10.0,mpi3,2,3,0.1766681109934689,0.5594921881925673,0.1318507314796901,0.30713244288797475,False,512
halfcheetah-medium-v2,3,10.0,mpi3,3,3,0.20006380227533557,0.6335842608137165,0.10044054391523725,0.34055709134712203,True,512
halfcheetah-medium-v2,3,14.0,mpi1,1,1,0.0,0.0,0.352360768622306,0.352360768622306,True,512
halfcheetah-medium-v2,3,14.0,mpi2,1,2,0.2101984654524593,0.5965433276647496,0.3017693765904276,0.3017693765904276,False,512
halfcheetah-medium-v2,3,14.0,mpi2,2,2,0.2291701533205543,0.6503849852995435,0.1369898582750119,0.35218045399768005,True,512
halfcheetah-medium-v2,3,14.0,mpi3,1,3,0.21776900993905096,0.6180285358966187,0.2803761822799366,0.2803761822799366,False,512
halfcheetah-medium-v2,3,14.0,mpi3,2,3,0.20715861232362343,0.5879162232889663,0.1400053721179409,0.32749819574225525,False,512
halfcheetah-medium-v2,3,14.0,mpi3,3,3,0.23697266947590942,0.6725285292186414,0.12092679740661072,0.36464144806779286,True,512
halfcheetah-medium-v2,3,17.0,mpi1,1,1,0.0,0.0,0.37332579503293256,0.37332579503293256,True,512
halfcheetah-medium-v2,3,17.0,mpi2,1,2,0.2595552623715775,0.6952513483529342,0.3096570242664816,0.3096570242664816,False,512
halfcheetah-medium-v2,3,17.0,mpi2,2,2,0.2825900483955389,0.7569529139303394,0.16384465891199607,0.37973933937311594,True,512
halfcheetah-medium-v2,3,17.0,mpi3,1,3,0.2610857096721913,0.6993508435417914,0.2889850068704922,0.2889850068704922,False,512
halfcheetah-medium-v2,3,17.0,mpi3,2,3,0.26558868452075,0.7114126268647506,0.13757142380001136,0.3408508155225826,False,512
halfcheetah-medium-v2,3,17.0,mpi3,3,3,0.2932466789107907,0.7854980363329093,0.12586917033474643,0.383772944516239,True,512
halfcheetah-medium-v2,3,20.0,mpi1,1,1,0.0,0.0,0.3915162095829746,0.3915162095829746,True,512
halfcheetah-medium-v2,3,20.0,mpi2,1,2,0.26059408772978343,0.6656022952596432,0.31421169372496105,0.31421169372496105,False,512
halfcheetah-medium-v2,3,20.0,mpi2,2,2,0.2705604936904644,0.6910582169219845,0.185312003361733,0.38776764852756024,True,512
halfcheetah-medium-v2,3,20.0,mpi3,1,3,0.2659215521661955,0.6792095592911546,0.29554110021489477,0.29554110021489477,False,512
halfcheetah-medium-v2,3,20.0,mpi3,2,3,0.2698754131869034,0.6893084030272015,0.14671870911614718,0.3555611981531121,False,512
halfcheetah-medium-v2,3,20.0,mpi3,3,3,0.2983192444778198,0.7619588593677283,0.13385514044374355,0.4064166971858328,True,512
halfcheetah-medium-replay-v2,2,0.05,mpi1,1,1,0.0,0.0,0.4134908615839168,0.4134908615839168,True,512
halfcheetah-medium-replay-v2,2,0.05,mpi2,1,2,0.24357953025176862,0.5890808065714286,0.4197193219328753,0.4197193219328753,False,512
halfcheetah-medium-replay-v2,2,0.05,mpi2,2,2,0.22624565267687205,0.54715998271453,0.19272262150819974,0.44583269177615353,True,512
halfcheetah-medium-replay-v2,2,0.05,mpi3,1,3,0.25900249296427647,0.6263802106100781,0.4210907807531451,0.4210907807531451,False,512
halfcheetah-medium-replay-v2,2,0.05,mpi3,2,3,0.2306086228920544,0.5577115344428308,0.20002235231119653,0.44613731656275585,False,512
halfcheetah-medium-replay-v2,2,0.05,mpi3,3,3,0.22829894804629453,0.5521257402685353,0.12912326599026905,0.45717875217999465,True,512
halfcheetah-medium-replay-v2,2,0.1,mpi1,1,1,0.0,0.0,0.41743903247316977,0.41743903247316977,True,512
halfcheetah-medium-replay-v2,2,0.1,mpi2,1,2,0.24726243248492155,0.5923318454912669,0.41831438390982656,0.41831438390982656,False,512
halfcheetah-medium-replay-v2,2,0.1,mpi2,2,2,0.23627054240334394,0.5660001198343374,0.19369617326661565,0.4502850867880619,True,512
halfcheetah-medium-replay-v2,2,0.1,mpi3,1,3,0.24781143729551575,0.5936470191283405,0.41650940294325745,0.41650940294325745,False,512
halfcheetah-medium-replay-v2,2,0.1,mpi3,2,3,0.2354013486434536,0.5639179145485962,0.19309384039191102,0.45003912972193844,False,512
halfcheetah-medium-replay-v2,2,0.1,mpi3,3,3,0.23391757747010855,0.5603634525603286,0.13563378971643253,0.4604332356042416,True,512
halfcheetah-medium-replay-v2,2,0.2,mpi1,1,1,0.0,0.0,0.4213954365347133,0.4213954365347133,True,512
halfcheetah-medium-replay-v2,2,0.2,mpi2,1,2,0.24931329187163426,0.5916373796589431,0.418904253247523,0.418904253247523,False,512
halfcheetah-medium-replay-v2,2,0.2,mpi2,2,2,0.2303291707784319,0.5465867705462398,0.19672151658042594,0.4498900818255729,True,512
halfcheetah-medium-replay-v2,2,0.2,mpi3,1,3,0.26051131258906,0.61821104360156,0.42518043642996045,0.42518043642996045,False,512
halfcheetah-medium-replay-v2,2,0.2,mpi3,2,3,0.23239460300148615,0.5514881815345483,0.1985921798726648,0.44859465872576915,False,512
halfcheetah-medium-replay-v2,2,0.2,mpi3,3,3,0.2342435624190793,0.5558758878485933,0.12855698286709852,0.46090483061327975,True,512
halfcheetah-medium-replay-v2,2,0.4,mpi1,1,1,0.0,0.0,0.4214146032192636,0.4214146032192636,True,512
halfcheetah-medium-replay-v2,2,0.4,mpi2,1,2,0.2467585038919225,0.5855480612368175,0.4142592250900212,0.4142592250900212,False,512
halfcheetah-medium-replay-v2,2,0.4,mpi2,2,2,0.23353179207480856,0.5541616030645742,0.19331941502090574,0.4505654958689464,True,512
halfcheetah-medium-replay-v2,2,0.4,mpi3,1,3,0.25012344631905264,0.5935329350438112,0.4155110721888909,0.4155110721888909,False,512
halfcheetah-medium-replay-v2,2,0.4,mpi3,2,3,0.23758452398254998,0.5637785738026118,0.19586116052349467,0.4534056463955485,False,512
halfcheetah-medium-replay-v2,2,0.4,mpi3,3,3,0.244795189209291,0.580889194012869,0.13827448310751808,0.4694240867220545,True,512
halfcheetah-medium-replay-v2,2,1.5,mpi1,1,1,0.0,0.0,0.43515765912348775,0.43515765912348775,True,512
halfcheetah-medium-replay-v2,2,1.5,mpi2,1,2,0.253475255777621,0.5824906225669592,0.42340091870902313,0.42340091870902313,False,512
halfcheetah-medium-replay-v2,2,1.5,mpi2,2,2,0.24827132157318224,0.5705318896908776,0.20111980877964303,0.46606370447111145,True,512
halfcheetah-medium-replay-v2,2,1.5,mpi3,1,3,0.25371291926044487,0.5830367774555175,0.42415725185639463,0.42415725185639463,False,512
halfcheetah-medium-replay-v2,2,1.5,mpi3,2,3,0.24317610414889257,0.558822989899127,0.19550533559742694,0.4606782708697774,False,512
halfcheetah-medium-replay-v2,2,1.5,mpi3,3,3,0.2488603878515346,0.5718855744210025,0.1413294858983263,0.4772521471636491,True,512
halfcheetah-medium-replay-v2,2,2.5,mpi1,1,1,0.0,0.0,0.4338457345536277,0.4338457345536277,True,512
halfcheetah-medium-replay-v2,2,2.5,mpi2,1,2,0.2476268162473738,0.5707715819821311,0.43033865145960054,0.43033865145960054,False,512
halfcheetah-medium-replay-v2,2,2.5,mpi2,2,2,0.25182833104019997,0.5804559339491938,0.2031935636106271,0.4727662933966062,True,512
halfcheetah-medium-replay-v2,2,2.5,mpi3,1,3,0.2599012303342717,0.5990636985325606,0.4287394973709827,0.4287394973709827,False,512
halfcheetah-medium-replay-v2,2,2.5,mpi3,2,3,0.2518308324053502,0.5804616995127363,0.19925706702911183,0.46837715922589856,False,512
halfcheetah-medium-replay-v2,2,2.5,mpi3,3,3,0.2696335247603777,0.6214963137480111,0.14516836080887488,0.4918012864470855,True,512
halfcheetah-medium-replay-v2,2,4.0,mpi1,1,1,0.0,0.0,0.44830636792947876,0.44830636792947876,True,512
halfcheetah-medium-replay-v2,2,4.0,mpi2,1,2,0.2805030104143575,0.62569490527175,0.43830890659715077,0.43830890659715077,False,512
halfcheetah-medium-replay-v2,2,4.0,mpi2,2,2,0.2769375155508018,0.6177416502688753,0.2235425539123161,0.49319401579392186,True,512
halfcheetah-medium-replay-v2,2,4.0,mpi3,1,3,0.2721744829197945,0.6071171466442546,0.43037116127173547,0.43037116127173547,False,512
halfcheetah-medium-replay-v2,2,4.0,mpi3,2,3,0.2653452286199039,0.5918836929428677,0.20938831211682649,0.479178865835655,False,512
halfcheetah-medium-replay-v2,2,4.0,mpi3,3,3,0.28958419418552517,0.6459515521115204,0.15656853102777255,0.5135350923293244,True,512
halfcheetah-medium-replay-v2,2,7.0,mpi1,1,1,0.0,0.0,0.46329600390636433,0.46329600390636433,True,512
halfcheetah-medium-replay-v2,2,7.0,mpi2,1,2,0.28192839948568466,0.6085275873492415,0.44101338485077557,0.44101338485077557,False,512
halfcheetah-medium-replay-v2,2,7.0,mpi2,2,2,0.29797495731890866,0.6431632364762025,0.2325643815866156,0.5032581988018728,True,512
halfcheetah-medium-replay-v2,2,7.0,mpi3,1,3,0.2848893400250439,0.6149186214060725,0.4365659284878469,0.4365659284878469,False,512
halfcheetah-medium-replay-v2,2,7.0,mpi3,2,3,0.28903981394461414,0.6238772005532586,0.22290397366999873,0.4950948827787808,False,512
halfcheetah-medium-replay-v2,2,7.0,mpi3,3,3,0.3114268304964425,0.6721983955626438,0.17131143053223685,0.5342747421741798,True,512
halfcheetah-medium-replay-v2,2,10.0,mpi1,1,1,0.0,0.0,0.4975907900839027,0.4975907900839027,True,512
halfcheetah-medium-replay-v2,2,10.0,mpi2,1,2,0.30701512975893963,0.6170032401668274,0.464991132033257,0.464991132033257,False,512
halfcheetah-medium-replay-v2,2,10.0,mpi2,2,2,0.3233561847593878,0.6498435887546555,0.24357616260254578,0.5381813289511411,True,512
halfcheetah-medium-replay-v2,2,10.0,mpi3,1,3,0.3191229315401091,0.6413360896135141,0.4439025841906768,0.4439025841906768,False,512
halfcheetah-medium-replay-v2,2,10.0,mpi3,2,3,0.31191306577484346,0.6268465413563007,0.23528150080613727,0.5127376903445837,False,512
halfcheetah-medium-replay-v2,2,10.0,mpi3,3,3,0.3381615416463989,0.679597670184729,0.1835818500300313,0.5597548155755416,True,512
halfcheetah-medium-replay-v2,2,14.0,mpi1,1,1,0.0,0.0,0.5153144573987736,0.5153144573987736,True,512
halfcheetah-medium-replay-v2,2,14.0,mpi2,1,2,0.32613618639731845,0.6328877090769055,0.4714101743345237,0.4714101743345237,False,512
halfcheetah-medium-replay-v2,2,14.0,mpi2,2,2,0.3283979588935448,0.6372768203540147,0.24896509207845186,0.5497992426756618,True,512
halfcheetah-medium-replay-v2,2,14.0,mpi3,1,3,0.33804823250236105,0.6560037810869414,0.45408986079885066,0.45408986079885066,False,512
halfcheetah-medium-replay-v2,2,14.0,mpi3,2,3,0.32598550285055666,0.6325952982108832,0.23848234301865207,0.5205641578039022,False,512
halfcheetah-medium-replay-v2,2,14.0,mpi3,3,3,0.3539359193808232,0.6868348331763019,0.19406629326849265,0.5687462873576374,True,512
halfcheetah-medium-replay-v2,2,17.0,mpi1,1,1,0.0,0.0,0.5496869322908732,0.5496869322908732,True,512
halfcheetah-medium-replay-v2,2,17.0,mpi2,1,2,0.3451983593846847,0.6279908418889227,0.49369593621579333,0.49369593621579333,False,512
halfcheetah-medium-replay-v2,2,17.0,mpi2,2,2,0.36895707331252736,0.671213106294638,0.25697349679745507,0.5751927336010428,True,512
halfcheetah-medium-replay-v2,2,17.0,mpi3,1,3,0.35603189289558096,0.6476993939291658,0.45468134793233866,0.45468134793233866,False,512
halfcheetah-medium-replay-v2,2,17.0,mpi3,2,3,0.3476128883095871,0.6323833947823299,0.2495214103409444,0.5333196699542704,False,512
halfcheetah-medium-replay-v2,2,17.0,mpi3,3,3,0.3789399970313871,0.6893742142497697,0.19503784489039275,0.5841553268595872,True,512
halfcheetah-medium-replay-v2,2,20.0,mpi1,1,1,0.0,0.0,0.5617808300463331,0.5617808300463331,True,512
halfcheetah-medium-replay-v2,2,20.0,mpi2,1,2,0.3777749337378213,0.6724596382305608,0.500178772859835,0.500178772859835,False,512
halfcheetah-medium-replay-v2,2,20.0,mpi2,2,2,0.3936999591105135,0.7008070372889779,0.267877881960136,0.5854156608918653,True,512
halfcheetah-medium-replay-v2,2,20.0,mpi3,1,3,0.3741899399331427,0.6660781570319536,0.46990094709850533,0.46990094709850533,False,512
halfcheetah-medium-replay-v2,2,20.0,mpi3,2,3,0.3711259501431022,0.6606240909154794,0.2503504657835647,0.5524431675206404,False,512
halfcheetah-medium-replay-v2,2,20.0,mpi3,3,3,0.40107398613842793,0.7139332007917558,0.19309537838471708,0.5978655236164204,True,512
halfcheetah-medium-replay-v2,3,0.05,mpi1,1,1,0.0,0.0,0.4155215943794184,0.4155215943794184,True,512
halfcheetah-medium-replay-v2,3,0.05,mpi2,1,2,0.25721477495592043,0.6190166249724537,0.42868125455682393,0.42868125455682393,False,512
halfcheetah-medium-replay-v2,3,0.05,mpi2,2,2,0.2359557142681263,0.5678542763115025,0.1982356943592018,0.45363625643418976,True,512
halfcheetah-medium-replay-v2,3,0.05,mpi3,1,3,0.2558703184167501,0.615781037322242,0.4124485890337168,0.4124485890337168,False,512
halfcheetah-medium-replay-v2,3,0.05,mpi3,2,3,0.2378083840547456,0.5723129369724154,0.19446646925728386,0.44338093425604996,False,512
halfcheetah-medium-replay-v2,3,0.05,mpi3,3,3,0.2348690477790286,0.5652390897512933,0.1290367468519601,0.4563177153597852,True,512
halfcheetah-medium-replay-v2,3,0.1,mpi1,1,1,0.0,0.0,0.41377601973042055,0.41377601973042055,True,512
halfcheetah-medium-replay-v2,3,0.1,mpi2,1,2,0.24071538239740908,0.5817528588395183,0.42050940902365064,0.42050940902365064,False,512
halfcheetah-medium-replay-v2,3,0.1,mpi2,2,2,0.23421896570787842,0.5660525369751359,0.19969669545649524,0.45473172627996106,True,512
halfcheetah-medium-replay-v2,3,0.1,mpi3,1,3,0.24445221675440315,0.5907839147219464,0.4141497491382124,0.4141497491382124,False,512
halfcheetah-medium-replay-v2,3,0.1,mpi3,2,3,0.22964221008570845,0.5549915875630559,0.1894144975903876,0.444284160734694,False,512
halfcheetah-medium-replay-v2,3,0.1,mpi3,3,3,0.23141479077689664,0.5592755010975885,0.12745741187091653,0.45740859261566047,True,512
halfcheetah-medium-replay-v2,3,0.2,mpi1,1,1,0.0,0.0,0.41891287178098496,0.41891287178098496,True,512
halfcheetah-medium-replay-v2,3,0.2,mpi2,1,2,0.2518559496931304,0.6012132036487176,0.4181294327892053,0.4181294327892053,False,512
halfcheetah-medium-replay-v2,3,0.2,mpi2,2,2,0.2393678901343933,0.57140256664049,0.19934307157326264,0.4531835599225418,True,512
halfcheetah-medium-replay-v2,3,0.2,mpi3,1,3,0.25126685074058125,0.5998069471399484,0.4155910891426939,0.4155910891426939,False,512
halfcheetah-medium-replay-v2,3,0.2,mpi3,2,3,0.23388657963351542,0.5583179591478283,0.19862608486337582,0.4477568990410539,False,512
halfcheetah-medium-replay-v2,3,0.2,mpi3,3,3,0.24045109636908618,0.5739883220747589,0.1301935817809385,0.4632081888558156,True,512
halfcheetah-medium-replay-v2,3,0.4,mpi1,1,1,0.0,0.0,0.4172709608242977,0.4172709608242977,True,512
halfcheetah-medium-replay-v2,3,0.4,mpi2,1,2,0.2474182221119871,0.5929437831552545,0.4195865921203751,0.4195865921203751,False,512
halfcheetah-medium-replay-v2,3,0.4,mpi2,2,2,0.2391591747827936,0.5731507754825468,0.19845510377192865,0.4571280347505352,True,512
halfcheetah-medium-replay-v2,3,0.4,mpi3,1,3,0.24643176148755627,0.5905797062914294,0.4187015329726284,0.4187015329726284,False,512
halfcheetah-medium-replay-v2,3,0.4,mpi3,2,3,0.23024061568249785,0.5517772318199885,0.19572013132152252,0.44995673079459597,False,512
halfcheetah-medium-replay-v2,3,0.4,mpi3,3,3,0.23884905081524882,0.5724075558563064,0.13383731787411754,0.4689613337639978,True,512
halfcheetah-medium-replay-v2,3,1.5,mpi1,1,1,0.0,0.0,0.43123811914695764,0.43123811914695764,True,512
halfcheetah-medium-replay-v2,3,1.5,mpi2,1,2,0.24519007364819004,0.5685723565746144,0.4268876265014616,0.4268876265014616,False,512
halfcheetah-medium-replay-v2,3,1.5,mpi2,2,2,0.24384079737917475,0.5654435138097764,0.20058026863095232,0.4691061430681798,True,512
halfcheetah-medium-replay-v2,3,1.5,mpi3,1,3,0.2543222701541328,0.5897490478281783,0.4139620233771924,0.4139620233771924,False,512
halfcheetah-medium-replay-v2,3,1.5,mpi3,2,3,0.24131663297634307,0.5595902177054691,0.1930172474915346,0.45266811258384115,False,512
halfcheetah-medium-replay-v2,3,1.5,mpi3,3,3,0.2524624275665164,0.5854362505474199,0.14446205739685933,0.4764876882813293,True,512
halfcheetah-medium-replay-v2,3,2.5,mpi1,1,1,0.0,0.0,0.4294293517188978,0.4294293517188978,True,512
halfcheetah-medium-replay-v2,3,2.5,mpi2,1,2,0.25672544109633694,0.597829282206094,0.4239697990648361,0.4239697990648361,False,512
halfcheetah-medium-replay-v2,3,2.5,mpi2,2,2,0.25574020684008947,0.5955349950263662,0.21034635951685726,0.4722106431262213,True,512
halfcheetah-medium-replay-v2,3,2.5,mpi3,1,3,0.26406493539839676,0.6149205552471232,0.4226408172144046,0.4226408172144046,False,512
halfcheetah-medium-replay-v2,3,2.5,mpi3,2,3,0.24848365664219993,0.5786368715775535,0.20676101272465477,0.46276018095934046,False,512
halfcheetah-medium-replay-v2,3,2.5,mpi3,3,3,0.2614247179638351,0.608772355493209,0.14596697568369252,0.4918850281208351,True,512
halfcheetah-medium-replay-v2,3,4.0,mpi1,1,1,0.0,0.0,0.4536912531685826,0.4536912531685826,True,512
halfcheetah-medium-replay-v2,3,4.0,mpi2,1,2,0.27041734641727794,0.5960382628685951,0.4378949820082543,0.4378949820082543,False,512
halfcheetah-medium-replay-v2,3,4.0,mpi2,2,2,0.2712032523371405,0.597770511207909,0.2155338943480773,0.48940577862263435,True,512
halfcheetah-medium-replay-v2,3,4.0,mpi3,1,3,0.2757670095984109,0.6078296808070518,0.43966103631213305,0.43966103631213305,False,512
halfcheetah-medium-replay-v2,3,4.0,mpi3,2,3,0.26062579143916503,0.5744562841336545,0.20072641905590072,0.4799528005224507,False,512
halfcheetah-medium-replay-v2,3,4.0,mpi3,3,3,0.2811332630387598,0.6196576660346068,0.15525825453290928,0.5093868218729096,True,512
halfcheetah-medium-replay-v2,3,7.0,mpi1,1,1,0.0,0.0,0.46650979092871353,0.46650979092871353,True,512
halfcheetah-medium-replay-v2,3,7.0,mpi2,1,2,0.28696303496412323,0.6151275719055026,0.44973397460420805,0.44973397460420805,False,512
halfcheetah-medium-replay-v2,3,7.0,mpi2,2,2,0.2977919393187454,0.6383401701514352,0.23754794869468115,0.5179025917982331,True,512
halfcheetah-medium-replay-v2,3,7.0,mpi3,1,3,0.2845497636849347,0.6099545373280626,0.43901689227414525,0.43901689227414525,False,512
halfcheetah-medium-replay-v2,3,7.0,mpi3,2,3,0.2832919468410112,0.6072583091494012,0.22026374479455685,0.4967627706036439,False,512
halfcheetah-medium-replay-v2,3,7.0,mpi3,3,3,0.3057610448491066,0.6554225673171977,0.158405525905561,0.532146991902738,True,512
halfcheetah-medium-replay-v2,3,10.0,mpi1,1,1,0.0,0.0,0.49288510902313487,0.49288510902313487,True,512
halfcheetah-medium-replay-v2,3,10.0,mpi2,1,2,0.309945056725191,0.6288383459980791,0.44948004776434775,0.44948004776434775,False,512
halfcheetah-medium-replay-v2,3,10.0,mpi2,2,2,0.3354963723025723,0.6806786534239258,0.24718405885898517,0.5294768849469875,True,512
halfcheetah-medium-replay-v2,3,10.0,mpi3,1,3,0.312888507159651,0.6348102254088686,0.44719301170777914,0.44719301170777914,False,512
halfcheetah-medium-replay-v2,3,10.0,mpi3,2,3,0.31176725893005847,0.6325353580836722,0.2283081100578722,0.5151609455668651,False,512
halfcheetah-medium-replay-v2,3,10.0,mpi3,3,3,0.3430102020773906,0.6959232401181966,0.1782597718958427,0.5567583433254439,True,512
halfcheetah-medium-replay-v2,3,14.0,mpi1,1,1,0.0,0.0,0.5125827657102648,0.5125827657102648,True,512
halfcheetah-medium-replay-v2,3,14.0,mpi2,1,2,0.33108521281893205,0.6459156159106537,0.4687754207581489,0.4687754207581489,False,512
halfcheetah-medium-replay-v2,3,14.0,mpi2,2,2,0.340224329614796,0.6637451595614244,0.2547668550317417,0.5519440261468626,True,512
halfcheetah-medium-replay-v2,3,14.0,mpi3,1,3,0.3390689515819078,0.6614911274125144,0.45693304965538567,0.45693304965538567,False,512
halfcheetah-medium-replay-v2,3,14.0,mpi3,2,3,0.3417526964101629,0.6667268571478604,0.24267976566469193,0.5312737515524785,False,512
halfcheetah-medium-replay-v2,3,14.0,mpi3,3,3,0.37975151184349704,0.7408589153739709,0.18529303129504684,0.5810096977950712,True,512
halfcheetah-medium-replay-v2,3,17.0,mpi1,1,1,0.0,0.0,0.5380278090801855,0.5380278090801855,True,512
halfcheetah-medium-replay-v2,3,17.0,mpi2,1,2,0.33144106860932515,0.6160296234054483,0.4813644124415312,0.4813644124415312,False,512
halfcheetah-medium-replay-v2,3,17.0,mpi2,2,2,0.3503675804888102,0.6512071951964714,0.26216844446284837,0.5749387410070603,True,512
halfcheetah-medium-replay-v2,3,17.0,mpi3,1,3,0.3355405127332458,0.6236490141780723,0.46618377018469814,0.46618377018469814,False,512
halfcheetah-medium-replay-v2,3,17.0,mpi3,2,3,0.3452003432300577,0.6416031614057526,0.24341713166246284,0.548436058668135,False,512
halfcheetah-medium-replay-v2,3,17.0,mpi3,3,3,0.3749948943957542,0.6969805055929115,0.19222183958947048,0.5968110663596872,True,512
halfcheetah-medium-replay-v2,3,20.0,mpi1,1,1,0.0,0.0,0.5544746806238849,0.5544746806238849,True,512
halfcheetah-medium-replay-v2,3,20.0,mpi2,1,2,0.34792098243441705,0.6274785749332009,0.48789429712272436,0.48789429712272436,False,512
halfcheetah-medium-replay-v2,3,20.0,mpi2,2,2,0.3527577201923201,0.6362016743404829,0.26346596522736615,0.5828265668688677,True,512
halfcheetah-medium-replay-v2,3,20.0,mpi3,1,3,0.35789313091990144,0.6454634330952795,0.47682553059790783,0.47682553059790783,False,512
halfcheetah-medium-replay-v2,3,20.0,mpi3,2,3,0.3579682135757726,0.6455988453304904,0.25149429108295235,0.5638844425991841,False,512
halfcheetah-medium-replay-v2,3,20.0,mpi3,3,3,0.39195311604110217,0.7068909180849946,0.19166011855815834,0.6105047998034409,True,512
halfcheetah-expert-v2,2,0.05,mpi1,1,1,0.0,0.0,0.19076114175351216,0.19076114175351216,True,512
halfcheetah-expert-v2,2,0.05,mpi2,1,2,0.04875988534734498,0.25560701146541154,0.1921099328066221,0.1921099328066221,False,512
halfcheetah-expert-v2,2,0.05,mpi2,2,2,0.05638966596882419,0.2956035251754095,0.0491754853067906,0.19298239425473193,True,512
halfcheetah-expert-v2,2,0.05,mpi3,1,3,0.04866429492342268,0.2551059113826399,0.19173628462195302,0.19173628462195302,False,512
halfcheetah-expert-v2,2,0.05,mpi3,2,3,0.05787968043567398,0.3034144160788361,0.052948629123186146,0.19331018882287573,False,512
halfcheetah-expert-v2,2,0.05,mpi3,3,3,0.0645987115387579,0.3386366371314118,0.04012274516787211,0.19490135475704626,True,512
halfcheetah-expert-v2,2,0.1,mpi1,1,1,0.0,0.0,0.19144996340317208,0.19144996340317208,True,512
halfcheetah-expert-v2,2,0.1,mpi2,1,2,0.04977898549089546,0.260010420509021,0.19219636746502589,0.19219636746502589,False,512
halfcheetah-expert-v2,2,0.1,mpi2,2,2,0.05890325618500882,0.30766919532371595,0.05020222999192114,0.19503169556991806,True,512
halfcheetah-expert-v2,2,0.1,mpi3,1,3,0.050384513939300365,0.26317327537533264,0.19248615108083145,0.19248615108083145,False,512
halfcheetah-expert-v2,2,0.1,mpi3,2,3,0.05851256521578884,0.3056285003960432,0.05476129469746082,0.19439328306671638,False,512
halfcheetah-expert-v2,2,0.1,mpi3,3,3,0.0639849996072202,0.334212649978287,0.04351463333931388,0.1959700768993488,True,512
halfcheetah-expert-v2,2,0.2,mpi1,1,1,0.0,0.0,0.19339873540980482,0.19339873540980482,True,512
halfcheetah-expert-v2,2,0.2,mpi2,1,2,0.049534425504095474,0.2561259017497392,0.1933767260205161,0.1933767260205161,False,512
halfcheetah-expert-v2,2,0.2,mpi2,2,2,0.05754963628422672,0.2975698686047825,0.05144554264793293,0.19534831956494372,True,512
halfcheetah-expert-v2,2,0.2,mpi3,1,3,0.048029291963990944,0.24834336099570992,0.19224534312872094,0.19224534312872094,False,512
halfcheetah-expert-v2,2,0.2,mpi3,2,3,0.055727837617495196,0.28814995868204596,0.04975636276362802,0.1945972263598189,False,512
halfcheetah-expert-v2,2,0.2,mpi3,3,3,0.0652303463253088,0.33728424432087467,0.04221934771840912,0.19625939667651288,True,512
halfcheetah-expert-v2,2,0.4,mpi1,1,1,0.0,0.0,0.19268975341387976,0.19268975341387976,True,512
halfcheetah-expert-v2,2,0.4,mpi2,1,2,0.050969449049946665,0.26451561718732913,0.19362063221854034,0.19362063221854034,False,512
halfcheetah-expert-v2,2,0.4,mpi2,2,2,0.05889046732452139,0.30562324296523496,0.0508650192711968,0.19592036230051207,True,512
halfcheetah-expert-v2,2,0.4,mpi3,1,3,0.04879703003329982,0.25324143691485407,0.191514364607207,0.191514364607207,False,512
halfcheetah-expert-v2,2,0.4,mpi3,2,3,0.05893777535763773,0.3058687569704075,0.04944285081999803,0.19480302094217108,False,512
halfcheetah-expert-v2,2,0.4,mpi3,3,3,0.0642845935790591,0.3336170836286335,0.04142572626971968,0.19550376711026765,True,512
halfcheetah-expert-v2,2,1.5,mpi1,1,1,0.0,0.0,0.1950371685454694,0.1950371685454694,True,512
halfcheetah-expert-v2,2,1.5,mpi2,1,2,0.05289748439759615,0.2712174545605345,0.19580832621733965,0.19580832621733965,False,512
halfcheetah-expert-v2,2,1.5,mpi2,2,2,0.05886611759484365,0.3018199968439353,0.05521396828266582,0.19935393968810475,True,512
halfcheetah-expert-v2,2,1.5,mpi3,1,3,0.05391203769740134,0.276419300482373,0.1933194463130066,0.1933194463130066,False,512
halfcheetah-expert-v2,2,1.5,mpi3,2,3,0.05805808544737602,0.29767703192348605,0.05447664118469064,0.1963376161044435,False,512
halfcheetah-expert-v2,2,1.5,mpi3,3,3,0.06609285587513962,0.33887313053220036,0.04731368495248467,0.20067612516616776,True,512
halfcheetah-expert-v2,2,2.5,mpi1,1,1,0.0,0.0,0.19932937029480768,0.19932937029480768,True,512
halfcheetah-expert-v2,2,2.5,mpi2,1,2,0.05725712828476203,0.28724882941273966,0.19495901946023114,0.19495901946023114,False,512
halfcheetah-expert-v2,2,2.5,mpi2,2,2,0.06049953441672296,0.3035154043141976,0.052635790208629386,0.20192434876881404,True,512
halfcheetah-expert-v2,2,2.5,mpi3,1,3,0.058098209227575526,0.29146838291641824,0.19309876399401174,0.19309876399401174,False,512
halfcheetah-expert-v2,2,2.5,mpi3,2,3,0.0632564647229971,0.3173464333401592,0.051424896847631504,0.19882375620898596,False,512
halfcheetah-expert-v2,2,2.5,mpi3,3,3,0.06823702740690034,0.3423330305312154,0.045410689644133265,0.2038057138531739,True,512
halfcheetah-expert-v2,2,4.0,mpi1,1,1,0.0,0.0,0.20617216385852744,0.20617216385852744,True,512
halfcheetah-expert-v2,2,4.0,mpi2,1,2,0.0699280475074876,0.3391730784543314,0.19816921150266908,0.19816921150266908,False,512
halfcheetah-expert-v2,2,4.0,mpi2,2,2,0.07457121890171378,0.3616939236903171,0.058177977584613315,0.20712798269770027,True,512
halfcheetah-expert-v2,2,4.0,mpi3,1,3,0.07223268554779101,0.35035129959326666,0.19638591148199758,0.19638591148199758,False,512
halfcheetah-expert-v2,2,4.0,mpi3,2,3,0.07667599156798617,0.3719027347484222,0.05691415174410869,0.20490813136802763,False,512
halfcheetah-expert-v2,2,4.0,mpi3,3,3,0.08563633097018183,0.4153632060094414,0.05038604485619778,0.21167687648151182,True,512
halfcheetah-expert-v2,2,7.0,mpi1,1,1,0.0,0.0,0.22305653940556908,0.22305653940556908,True,512
halfcheetah-expert-v2,2,7.0,mpi2,1,2,0.08911324718215936,0.3995096822520437,0.20393333249844217,0.20393333249844217,False,512
halfcheetah-expert-v2,2,7.0,mpi2,2,2,0.09428793227367573,0.42270866626437775,0.06689894528455638,0.21954033898814107,True,512
halfcheetah-expert-v2,2,7.0,mpi3,1,3,0.09723288343200444,0.4359113778556936,0.1986133016077096,0.1986133016077096,False,512
halfcheetah-expert-v2,2,7.0,mpi3,2,3,0.09942900933516684,0.4457569798228672,0.060890453979852384,0.20904178596996123,False,512
halfcheetah-expert-v2,2,7.0,mpi3,3,3,0.10730501357267228,0.4810664321191077,0.052963731400298274,0.21939352517666488,True,512
halfcheetah-expert-v2,2,10.0,mpi1,1,1,0.0,0.0,0.23494033364028727,0.23494033364028727,True,512
halfcheetah-expert-v2,2,10.0,mpi2,1,2,0.11151298623976617,0.4746438574932034,0.20981822606467318,0.20981822606467318,False,512
halfcheetah-expert-v2,2,10.0,mpi2,2,2,0.11883792294954086,0.5058217169789644,0.0755527258067048,0.23225771263446773,True,512
halfcheetah-expert-v2,2,10.0,mpi3,1,3,0.1180515500095723,0.502474599318135,0.20170563382723097,0.20170563382723097,False,512
halfcheetah-expert-v2,2,10.0,mpi3,2,3,0.11428437733395726,0.48644000612060045,0.06483140204286325,0.21647573092785757,False,512
halfcheetah-expert-v2,2,10.0,mpi3,3,3,0.1178323369561105,0.5015415409110697,0.05380103062017549,0.2271449007642412,True,512
halfcheetah-expert-v2,2,14.0,mpi1,1,1,0.0,0.0,0.27889614545587954,0.27889614545587954,True,512
halfcheetah-expert-v2,2,14.0,mpi2,1,2,0.16520153551206038,0.5923406909838226,0.23004693075706853,0.23004693075706853,False,512
halfcheetah-expert-v2,2,14.0,mpi2,2,2,0.1756352383706814,0.6297514011303047,0.09891980787728298,0.26926772229443074,True,512
halfcheetah-expert-v2,2,14.0,mpi3,1,3,0.16960324646980088,0.6081233076655467,0.20849694762666734,0.20849694762666734,False,512
halfcheetah-expert-v2,2,14.0,mpi3,2,3,0.16601279233280883,0.5952495042964712,0.07687400260374362,0.23187975667275385,False,512
halfcheetah-expert-v2,2,14.0,mpi3,3,3,0.1656092360128765,0.5938025272531969,0.06885460692077944,0.25236598117208514,True,512
halfcheetah-expert-v2,2,17.0,mpi1,1,1,0.0,0.0,0.5060069248434068,0.5060069248434068,True,512
halfcheetah-expert-v2,2,17.0,mpi2,1,2,0.4693299959024641,0.9275169426736738,0.2294288644194558,0.2294288644194558,False,512
halfcheetah-expert-v2,2,17.0,mpi2,2,2,0.47895685490219264,0.9465420953486253,0.09383647960103073,0.26556209447724227,True,512
halfcheetah-expert-v2,2,17.0,mpi3,1,3,0.4772035472096657,0.9430771078031098,0.21430423062143775,0.21430423062143775,False,512
halfcheetah-expert-v2,2,17.0,mpi3,2,3,0.4796639135940255,0.9479394254188642,0.08092027835899294,0.24153511643614792,False,512
halfcheetah-expert-v2,2,17.0,mpi3,3,3,0.4806031064310714,0.9497955123436362,0.07418283203303756,0.26511271543384646,True,512
halfcheetah-expert-v2,2,20.0,mpi1,1,1,0.0,0.0,0.27243973396671833,0.27243973396671833,True,512
halfcheetah-expert-v2,2,20.0,mpi2,1,2,0.1593259341529718,0.5848116639712888,0.24252975238106025,0.24252975238106025,False,512
halfcheetah-expert-v2,2,20.0,mpi2,2,2,0.17970206957455043,0.6596030136944089,0.10115667219869866,0.2839533804231969,True,512
halfcheetah-expert-v2,2,20.0,mpi3,1,3,0.1581440622723012,0.5804735600410634,0.21563757395157615,0.21563757395157615,False,512
halfcheetah-expert-v2,2,20.0,mpi3,2,3,0.15916897893228876,0.5842355540977481,0.08299500441052442,0.24264950702954463,False,512
halfcheetah-expert-v2,2,20.0,mpi3,3,3,0.1747734832339334,0.6415124574129999,0.08166695191722648,0.2687223884051281,True,512
halfcheetah-expert-v2,3,0.05,mpi1,1,1,0.0,0.0,0.18927780294858557,0.18927780294858557,True,512
halfcheetah-expert-v2,3,0.05,mpi2,1,2,0.0521097323616002,0.2753082059799427,0.1911640833253285,0.1911640833253285,False,512
halfcheetah-expert-v2,3,0.05,mpi2,2,2,0.059265919288007375,0.3131160567417726,0.04722440153914857,0.19413552646042806,True,512
halfcheetah-expert-v2,3,0.05,mpi3,1,3,0.0498831607044416,0.2635446942396706,0.18971377188413904,0.18971377188413904,False,512
halfcheetah-expert-v2,3,0.05,mpi3,2,3,0.05728662257029,0.3026589577746263,0.04566082612268669,0.19236330197580273,False,512
halfcheetah-expert-v2,3,0.05,mpi3,3,3,0.0641537414619188,0.3389395928234923,0.04311996969613221,0.19500365680171355,True,512
halfcheetah-expert-v2,3,0.1,mpi1,1,1,0.0,0.0,0.1903823185085782,0.1903823185085782,True,512
halfcheetah-expert-v2,3,0.1,mpi2,1,2,0.050994692865459275,0.2678541435199591,0.19214859984855354,0.19214859984855354,False,512
halfcheetah-expert-v2,3,0.1,mpi2,2,2,0.055177512465419465,0.2898247741579704,0.043731760463267114,0.19446740047865765,True,512
halfcheetah-expert-v2,3,0.1,mpi3,1,3,0.04991485515319074,0.2621822002390505,0.18870670203722295,0.18870670203722295,False,512
halfcheetah-expert-v2,3,0.1,mpi3,2,3,0.05369617377396934,0.28204391140215,0.046972033969525005,0.19208983824961098,False,512
halfcheetah-expert-v2,3,0.1,mpi3,3,3,0.06316973805083675,0.3318046473312093,0.043805897997952516,0.1949400962911829,True,512
halfcheetah-expert-v2,3,0.2,mpi1,1,1,0.0,0.0,0.19157527524727827,0.19157527524727827,True,512
halfcheetah-expert-v2,3,0.2,mpi2,1,2,0.04829399747693145,0.25208888471957225,0.18970853194788587,0.18970853194788587,False,512
halfcheetah-expert-v2,3,0.2,mpi2,2,2,0.05217373436600271,0.27234064677009484,0.04790697515108879,0.19404234459251485,True,512
halfcheetah-expert-v2,3,0.2,mpi3,1,3,0.049443374137181646,0.258088493274312,0.19058214577072086,0.19058214577072086,False,512
halfcheetah-expert-v2,3,0.2,mpi3,2,3,0.051950217099749556,0.2711739134013726,0.04722031065050365,0.19232080580129943,False,512
halfcheetah-expert-v2,3,0.2,mpi3,3,3,0.060115035824736665,0.31379328959408986,0.04186374673399783,0.19559683682046602,True,512
halfcheetah-expert-v2,3,0.4,mpi1,1,1,0.0,0.0,0.1902942009871489,0.1902942009871489,True,512
halfcheetah-expert-v2,3,0.4,mpi2,1,2,0.05279955223486431,0.27746274957916356,0.19111740061422305,0.19111740061422305,False,512
halfcheetah-expert-v2,3,0.4,mpi2,2,2,0.05491107534120596,0.2885588475968023,0.04742201196998968,0.19442218331610212,True,512
halfcheetah-expert-v2,3,0.4,mpi3,1,3,0.051447426897954694,0.27035730269798963,0.19075547060374326,0.19075547060374326,False,512
halfcheetah-expert-v2,3,0.4,mpi3,2,3,0.054910211612127724,0.28855430868245935,0.04514792067784209,0.19129890360430846,False,512
halfcheetah-expert-v2,3,0.4,mpi3,3,3,0.06143878934622458,0.3228621210079529,0.042141631313910834,0.19473007787510888,True,512
halfcheetah-expert-v2,3,1.5,mpi1,1,1,0.0,0.0,0.19535745190217926,0.19535745190217926,True,512
halfcheetah-expert-v2,3,1.5,mpi2,1,2,0.0551213881946331,0.2821565681673298,0.19230702972527455,0.19230702972527455,False,512
halfcheetah-expert-v2,3,1.5,mpi2,2,2,0.057695884152164915,0.2953349544150217,0.052745874282076895,0.1977279188021765,True,512
halfcheetah-expert-v2,3,1.5,mpi3,1,3,0.051743660062784365,0.2648665794878089,0.19354368102310124,0.19354368102310124,False,512
halfcheetah-expert-v2,3,1.5,mpi3,2,3,0.051800493057253504,0.26515749746363093,0.04585333640653795,0.1938542082442743,False,512
halfcheetah-expert-v2,3,1.5,mpi3,3,3,0.0598460779761666,0.30634141361617034,0.044679265995702655,0.19990593227670767,True,512
halfcheetah-expert-v2,3,2.5,mpi1,1,1,0.0,0.0,0.19717173053887685,0.19717173053887685,True,512
halfcheetah-expert-v2,3,2.5,mpi2,1,2,0.05970286027790697,0.30279624829957663,0.1936872827999459,0.1936872827999459,False,512
halfcheetah-expert-v2,3,2.5,mpi2,2,2,0.06194118401230388,0.31414840171568503,0.052593840572906496,0.19992005663448795,True,512
halfcheetah-expert-v2,3,2.5,mpi3,1,3,0.06015306028953941,0.3050795371382049,0.19249952158597183,0.19249952158597183,False,512
halfcheetah-expert-v2,3,2.5,mpi3,2,3,0.0598514263140528,0.3035497337801767,0.05023269213115738,0.19804999401552223,False,512
halfcheetah-expert-v2,3,2.5,mpi3,3,3,0.06586752331596422,0.3340616990881305,0.04557154852378011,0.2035365389225547,True,512
halfcheetah-expert-v2,3,4.0,mpi1,1,1,0.0,0.0,0.20308908619312208,0.20308908619312208,True,512
halfcheetah-expert-v2,3,4.0,mpi2,1,2,0.06863197077905753,0.33794022153309516,0.199026010437267,0.199026010437267,False,512
halfcheetah-expert-v2,3,4.0,mpi2,2,2,0.06679946285856216,0.3289170487233421,0.05710468219234702,0.2072521020753999,True,512
halfcheetah-expert-v2,3,4.0,mpi3,1,3,0.07048046973885784,0.3470421333809949,0.19374988651591413,0.19374988651591413,False,512
halfcheetah-expert-v2,3,4.0,mpi3,2,3,0.06645598646567838,0.32722578899431287,0.053615444599730125,0.20202613013626355,False,512
halfcheetah-expert-v2,3,4.0,mpi3,3,3,0.07171135686954332,0.35310295700159555,0.05053769387444683,0.20933554574173177,True,512
halfcheetah-expert-v2,3,7.0,mpi1,1,1,0.0,0.0,0.2150525566392687,0.2150525566392687,True,512
halfcheetah-expert-v2,3,7.0,mpi2,1,2,0.08000506992070296,0.37202566280067184,0.20273926239615017,0.20273926239615017,False,512
halfcheetah-expert-v2,3,7.0,mpi2,2,2,0.08308277107021472,0.3863370534560935,0.06669010930167682,0.2183862988446599,True,512
halfcheetah-expert-v2,3,7.0,mpi3,1,3,0.08854903967817394,0.41175534512108586,0.195832085648137,0.195832085648137,False,512
halfcheetah-expert-v2,3,7.0,mpi3,2,3,0.08132802939744288,0.3781774588891,0.06181389234333596,0.2084275546774018,False,512
halfcheetah-expert-v2,3,7.0,mpi3,3,3,0.08892731318697154,0.4135143268077445,0.05482762884852089,0.2194208870973806,True,512
halfcheetah-expert-v2,3,10.0,mpi1,1,1,0.0,0.0,0.23071408194752807,0.23071408194752807,True,512
halfcheetah-expert-v2,3,10.0,mpi2,1,2,0.10375939371054399,0.4497315154527164,0.2073908171775402,0.2073908171775402,False,512
halfcheetah-expert-v2,3,10.0,mpi2,2,2,0.10861356786883813,0.47077129818864033,0.08344354856060178,0.23322124491482452,True,512
halfcheetah-expert-v2,3,10.0,mpi3,1,3,0.10891302665669456,0.472069263121377,0.20064852858942775,0.20064852858942775,False,512
halfcheetah-expert-v2,3,10.0,mpi3,2,3,0.09967333033855642,0.4320210084151924,0.06647837945019562,0.21576467409078348,False,512
halfcheetah-expert-v2,3,10.0,mpi3,3,3,0.10314827996755278,0.4470827228960046,0.05618078992807758,0.22817377466071626,True,512
halfcheetah-expert-v2,3,14.0,mpi1,1,1,0.0,0.0,0.2588258938969284,0.2588258938969284,True,512
halfcheetah-expert-v2,3,14.0,mpi2,1,2,0.32466469450133867,1.2543748603091045,0.31624294307634304,0.31624294307634304,False,512
halfcheetah-expert-v2,3,14.0,mpi2,2,2,0.4438591623737904,1.7148947336410914,0.1777844172910112,0.4293097756298618,True,512
halfcheetah-expert-v2,3,14.0,mpi3,1,3,0.15966845519654319,0.6168952139700813,0.20457692960625984,0.20457692960625984,False,512
halfcheetah-expert-v2,3,14.0,mpi3,2,3,0.15300532229873615,0.5911515265921078,0.07394421868094637,0.22449886690941936,False,512
halfcheetah-expert-v2,3,14.0,mpi3,3,3,0.1556758786086575,0.6014694908023844,0.06140894868403487,0.24075747400512215,True,512
halfcheetah-expert-v2,3,17.0,mpi1,1,1,0.0,0.0,0.29399053045902157,0.29399053045902157,True,512
halfcheetah-expert-v2,3,17.0,mpi2,1,2,0.31311954255683533,1.0650667627557484,0.3129613134087486,0.3129613134087486,False,512
halfcheetah-expert-v2,3,17.0,mpi2,2,2,0.4275524241104928,1.4543067881912204,0.19294692253438472,0.428385787527151,True,512
halfcheetah-expert-v2,3,17.0,mpi3,1,3,0.1974531342649457,0.671630932998599,0.2095346227787851,0.2095346227787851,False,512
halfcheetah-expert-v2,3,17.0,mpi3,2,3,0.19547305783890512,0.664895762233238,0.08326564244105256,0.23980565802385564,False,512
halfcheetah-expert-v2,3,17.0,mpi3,3,3,0.20469959538413574,0.6962795538500114,0.07812438604970494,0.26718761109012795,True,512
halfcheetah-expert-v2,3,20.0,mpi1,1,1,0.0,0.0,0.4207292379328375,0.4207292379328375,True,512
halfcheetah-expert-v2,3,20.0,mpi2,1,2,0.3941806985725534,0.9368987534816343,0.3527190622974737,0.3527190622974737,False,512
halfcheetah-expert-v2,3,20.0,mpi2,2,2,0.4903932580220558,1.165579222474524,0.22534811033415986,0.49890751180269655,True,512
halfcheetah-expert-v2,3,20.0,mpi3,1,3,0.385521145571372,0.9163165067052319,0.21849368238323613,0.21849368238323613,False,512
halfcheetah-expert-v2,3,20.0,mpi3,2,3,0.4068690791207633,0.9670568204858472,0.09690675173442613,0.2560354449078361,False,512
halfcheetah-expert-v2,3,20.0,mpi3,3,3,0.4176749784906455,0.9927405581385348,0.07444397531807755,0.2843080098876003,True,512
hopper-medium-v2,2,0.05,mpi1,1,1,0.0,0.0,0.26281395666684587,0.26281395666684587,True,512
hopper-medium-v2,2,0.05,mpi2,1,2,0.048037142337770684,0.1827800279216701,0.2634469587630581,0.2634469587630581,False,512
hopper-medium-v2,2,0.05,mpi2,2,2,0.060089114060283236,0.2286374545034332,0.05749342963010777,0.2655287722324232,True,512
hopper-medium-v2,2,0.05,mpi3,1,3,0.04832329565317789,0.18386883355070274,0.2617905175874744,0.2617905175874744,False,512
hopper-medium-v2,2,0.05,mpi3,2,3,0.06116090527826081,0.2327155911121987,0.05711443956439882,0.2637481339336453,False,512
hopper-medium-v2,2,0.05,mpi3,3,3,0.08313912675615294,0.31634212965920844,0.06832293790362863,0.27008721908743877,True,512
hopper-medium-v2,2,0.1,mpi1,1,1,0.0,0.0,0.2625218408665754,0.2625218408665754,True,512
hopper-medium-v2,2,0.1,mpi2,1,2,0.04808807844068087,0.18317743880640108,0.26397110137099805,0.26397110137099805,False,512
hopper-medium-v2,2,0.1,mpi2,2,2,0.05989808712479071,0.22816420503173843,0.05806284095794556,0.26395065904523324,True,512
hopper-medium-v2,2,0.1,mpi3,1,3,0.04855982115832771,0.1849744044077759,0.26244542399761256,0.26244542399761256,False,512
hopper-medium-v2,2,0.1,mpi3,2,3,0.06208852961944131,0.23650805363275396,0.05616551866656418,0.26395302717595504,False,512
hopper-medium-v2,2,0.1,mpi3,3,3,0.08668138943875921,0.33018734423249124,0.07203774678279251,0.27068671841455144,True,512
hopper-medium-v2,2,0.2,mpi1,1,1,0.0,0.0,0.26267091539958637,0.26267091539958637,True,512
hopper-medium-v2,2,0.2,mpi2,1,2,0.0504268629989517,0.19197733758318913,0.2651267604521277,0.2651267604521277,False,512
hopper-medium-v2,2,0.2,mpi2,2,2,0.06136885807439614,0.23363400542857657,0.056355008380563856,0.26398829258205153,True,512
hopper-medium-v2,2,0.2,mpi3,1,3,0.04940045450458598,0.18806975423767747,0.26127578712211497,0.26127578712211497,False,512
hopper-medium-v2,2,0.2,mpi3,2,3,0.06000920296632527,0.22845773722239734,0.056053794040674655,0.2635310674814792,False,512
hopper-medium-v2,2,0.2,mpi3,3,3,0.08169031431911376,0.31099870419548703,0.06549836402466556,0.2684090108845499,True,512
hopper-medium-v2,2,0.4,mpi1,1,1,0.0,0.0,0.26456810813145,0.26456810813145,True,512
hopper-medium-v2,2,0.4,mpi2,1,2,0.04814358797021966,0.18197048884780792,0.2630946416530719,0.2630946416530719,False,512
hopper-medium-v2,2,0.4,mpi2,2,2,0.05614883212790332,0.21222827091467095,0.0525729684012525,0.26506800993041996,True,512
hopper-medium-v2,2,0.4,mpi3,1,3,0.04835526836668329,0.18277058678084546,0.2624251271022268,0.2624251271022268,False,512
hopper-medium-v2,2,0.4,mpi3,2,3,0.06189047641731629,0.23393022255942567,0.05701920154973777,0.26335214243336424,False,512
hopper-medium-v2,2,0.4,mpi3,3,3,0.08236099419802126,0.3113035610365419,0.06964401889001826,0.2705867398372214,True,512
hopper-medium-v2,2,1.5,mpi1,1,1,0.0,0.0,0.26440826861240435,0.26440826861240435,True,512
hopper-medium-v2,2,1.5,mpi2,1,2,0.05379043365981447,0.2034370329721639,0.26490659686444445,0.26490659686444445,False,512
hopper-medium-v2,2,1.5,mpi2,2,2,0.0632940973524702,0.23938017401888786,0.05971963529581049,0.2682588310657299,True,512
hopper-medium-v2,2,1.5,mpi3,1,3,0.05410155556368542,0.2046137053413893,0.2628417001183827,0.2628417001183827,False,512
hopper-medium-v2,2,1.5,mpi3,2,3,0.06425977658087167,0.24303240181595825,0.05757981105852565,0.2658655746022534,False,512
hopper-medium-v2,2,1.5,mpi3,3,3,0.08633048092572314,0.32650446742372813,0.06778137869702885,0.2716565125879922,True,512
hopper-medium-v2,2,2.5,mpi1,1,1,0.0,0.0,0.2753114187730725,0.2753114187730725,True,512
hopper-medium-v2,2,2.5,mpi2,1,2,0.08684599174898447,0.31544638481038784,0.2669797637859893,0.2669797637859893,False,512
hopper-medium-v2,2,2.5,mpi2,2,2,0.09207469281802338,0.33443833615167495,0.06370325806276134,0.2724311329460972,True,512
hopper-medium-v2,2,2.5,mpi3,1,3,0.08761971797781644,0.318256752183743,0.2650545287226508,0.2650545287226508,False,512
hopper-medium-v2,2,2.5,mpi3,2,3,0.08923571837864705,0.3241264702217101,0.05800208804267772,0.26861249373488444,False,512
hopper-medium-v2,2,2.5,mpi3,3,3,0.1090102150569253,0.39595239290375306,0.0638168303266862,0.27498483182828276,True,512
hopper-medium-v2,2,4.0,mpi1,1,1,0.0,0.0,0.7312332669694291,0.7312332669694291,True,512
hopper-medium-v2,2,4.0,mpi2,1,2,0.696569677756168,0.9525957163342373,0.26668151728859774,0.26668151728859774,False,512
hopper-medium-v2,2,4.0,mpi2,2,2,0.704956371837709,0.9640649621418022,0.0658058703216782,0.27533695326244056,True,512
hopper-medium-v2,2,4.0,mpi3,1,3,0.6968650206040344,0.9529996132317219,0.2655938348801114,0.2655938348801114,False,512
hopper-medium-v2,2,4.0,mpi3,2,3,0.7004294926169318,0.9578742164177478,0.06366511513375027,0.27328537071425885,False,512
hopper-medium-v2,2,4.0,mpi3,3,3,0.7005249373730243,0.9580047421479135,0.06777067178979718,0.28205802546274306,True,512
hopper-medium-v2,2,7.0,mpi1,1,1,0.0,0.0,0.8233005451315791,0.8233005451315791,True,512
hopper-medium-v2,2,7.0,mpi2,1,2,0.8006461027748127,0.972483387153417,0.26931633104524905,0.26931633104524905,False,512
hopper-medium-v2,2,7.0,mpi2,2,2,0.8153887017277387,0.9903900908961794,0.07977533871548288,0.28659935038298173,True,512
hopper-medium-v2,2,7.0,mpi3,1,3,0.7976920466409243,0.9688953218334598,0.26687902457824914,0.26687902457824914,False,512
hopper-medium-v2,2,7.0,mpi3,2,3,0.8067342031439783,0.979878135529531,0.06938281230211206,0.2801433455347062,False,512
hopper-medium-v2,2,7.0,mpi3,3,3,0.7960472606782344,0.9668975265296477,0.07375488146595664,0.2915605030458077,True,512
hopper-medium-v2,2,10.0,mpi1,1,1,0.0,0.0,1.0005935199419993,1.0005935199419993,True,512
hopper-medium-v2,2,10.0,mpi2,1,2,0.5989839365411008,0.5986286385062954,0.8420523762763538,0.8420523762763538,False,512
hopper-medium-v2,2,10.0,mpi2,2,2,0.5786147822978874,0.5782715665912244,0.26574135586316244,0.9778038054558891,True,512
hopper-medium-v2,2,10.0,mpi3,1,3,1.0028601572049443,1.0022652927665137,0.3504611390272307,0.3504611390272307,False,512
hopper-medium-v2,2,10.0,mpi3,2,3,1.043978740274714,1.0433594856133284,0.2041628838354812,0.48415623497160304,False,512
hopper-medium-v2,2,10.0,mpi3,3,3,1.0928337851832826,1.0921855512782355,0.19123893901158803,0.5933020645483085,True,512
hopper-medium-v2,2,14.0,mpi1,1,1,0.0,0.0,1.0404047721467349,1.0404047721467349,True,512
hopper-medium-v2,2,14.0,mpi2,1,2,1.1006827814957656,1.0579370750334556,0.9739464339260757,0.9739464339260757,False,512
hopper-medium-v2,2,14.0,mpi2,2,2,1.0936268324704526,1.051155148215921,0.23947436509775497,1.0499849939287318,True,512
hopper-medium-v2,2,14.0,mpi3,1,3,0.44192288301413035,0.4247605305599302,0.9529976739826258,0.9529976739826258,False,512
hopper-medium-v2,2,14.0,mpi3,2,3,0.468397972667449,0.45020744349429787,0.22578117778383427,1.0511559510354,False,512
hopper-medium-v2,2,14.0,mpi3,3,3,0.47080149875717847,0.45251762714019766,0.0737778804067775,1.0636686858380773,True,512
hopper-medium-v2,2,17.0,mpi1,1,1,0.0,0.0,1.037481272079085,1.037481272079085,True,512
hopper-medium-v2,2,17.0,mpi2,1,2,0.55424818352381,0.5342247599449302,0.8590290442121671,0.8590290442121671,False,512
hopper-medium-v2,2,17.0,mpi2,2,2,0.563458933396033,0.5431027514037687,0.23927666746047335,0.9536386676977939,True,512
hopper-medium-v2,2,17.0,mpi3,1,3,0.5239136422085785,0.5049861200469378,0.97310322741644,0.97310322741644,False,512
hopper-medium-v2,2,17.0,mpi3,2,3,0.5243437950899082,0.5054007327179383,0.20363462249049322,1.0519862113401124,False,512
hopper-medium-v2,2,17.0,mpi3,3,3,0.5232855208517864,0.5043806909431108,0.032170135369689705,1.0549838096335247,True,512
hopper-medium-v2,2,20.0,mpi1,1,1,0.0,0.0,1.0680870115235537,1.0680870115235537,True,512
hopper-medium-v2,2,20.0,mpi2,1,2,0.5869343851489355,0.5495192608996465,0.9334322982253396,0.9334322982253396,False,512
hopper-medium-v2,2,20.0,mpi2,2,2,0.5669059250288636,0.5307675488162812,0.2126410323494709,1.0081492984755458,True,512
hopper-medium-v2,2,20.0,mpi3,1,3,0.2788366530567951,0.26106173939804167,0.9793809029558763,0.9793809029558763,False,512
hopper-medium-v2,2,20.0,mpi3,2,3,0.1409573045493046,0.1319717429652464,0.2355081799124234,1.059119598799397,False,512
hopper-medium-v2,2,20.0,mpi3,3,3,0.12645823944994639,0.11839694527280346,0.029940465559640476,1.0607337237909724,True,512
hopper-medium-v2,3,0.05,mpi1,1,1,0.0,0.0,0.26559195740386593,0.26559195740386593,True,512
hopper-medium-v2,3,0.05,mpi2,1,2,0.047138613728946066,0.1774850947661261,0.26714180451165515,0.26714180451165515,False,512
hopper-medium-v2,3,0.05,mpi2,2,2,0.06489061774307955,0.2443244832312645,0.059057417821450055,0.26828365122774966,True,512
hopper-medium-v2,3,0.05,mpi3,1,3,0.047227923053836655,0.17782135993681716,0.2649715158008033,0.2649715158008033,False,512
hopper-medium-v2,3,0.05,mpi3,2,3,0.0631089009718642,0.2376160091169447,0.054599680167500844,0.26704539020725376,False,512
hopper-medium-v2,3,0.05,mpi3,3,3,0.07404875894484855,0.27880648069567904,0.052814657095860994,0.26826542128855446,True,512
hopper-medium-v2,3,0.1,mpi1,1,1,0.0,0.0,0.26521738992878713,0.26521738992878713,True,512
hopper-medium-v2,3,0.1,mpi2,1,2,0.049986189683991954,0.18847251945814572,0.266898173845882,0.266898173845882,False,512
hopper-medium-v2,3,0.1,mpi2,2,2,0.06782507836780263,0.2557339033689087,0.06406465357349345,0.2669721076315164,True,512
hopper-medium-v2,3,0.1,mpi3,1,3,0.048043878822282775,0.18114905223666863,0.26548339839651974,0.26548339839651974,False,512
hopper-medium-v2,3,0.1,mpi3,2,3,0.06506067141093559,0.24531072954305475,0.05766379713196613,0.26726870124824287,False,512
hopper-medium-v2,3,0.1,mpi3,3,3,0.07601237110097525,0.2866040236704884,0.05315739066659667,0.2699302408219886,True,512
hopper-medium-v2,3,0.2,mpi1,1,1,0.0,0.0,0.266417886947423,0.266417886947423,True,512
hopper-medium-v2,3,0.2,mpi2,1,2,0.048286051143764844,0.18124177658271867,0.2674274493414536,0.2674274493414536,False,512
hopper-medium-v2,3,0.2,mpi2,2,2,0.06390664960398094,0.2398737199525675,0.060258789878988236,0.2669089832896152,True,512
hopper-medium-v2,3,0.2,mpi3,1,3,0.05000726262937832,0.18770234687450674,0.2655787099374761,0.2655787099374761,False,512
hopper-medium-v2,3,0.2,mpi3,2,3,0.06266326340739663,0.2352066677105771,0.056558510875432476,0.2686433358409438,False,512
hopper-medium-v2,3,0.2,mpi3,3,3,0.06906932901293074,0.25925184605402046,0.04985990299942841,0.26923388652724767,True,512
hopper-medium-v2,3,0.4,mpi1,1,1,0.0,0.0,0.26707887233641026,0.26707887233641026,True,512
hopper-medium-v2,3,0.4,mpi2,1,2,0.046716596650755164,0.17491685599118204,0.26892561701068163,0.26892561701068163,False,512
hopper-medium-v2,3,0.4,mpi2,2,2,0.06497699609664098,0.24328766827649517,0.06048183813440849,0.26948784265418274,True,512
hopper-medium-v2,3,0.4,mpi3,1,3,0.049637526216655764,0.1858534364115959,0.26662347634041755,0.26662347634041755,False,512
hopper-medium-v2,3,0.4,mpi3,2,3,0.06450576361074822,0.2415232738046659,0.05918803307273409,0.2683481128625046,False,512
hopper-medium-v2,3,0.4,mpi3,3,3,0.07424692305880183,0.27799624286746666,0.05360905748641246,0.2711035603571593,True,512
hopper-medium-v2,3,1.5,mpi1,1,1,0.0,0.0,0.269344009416498,0.269344009416498,True,512
hopper-medium-v2,3,1.5,mpi2,1,2,0.05188041572856367,0.1926176707659341,0.26779403605237406,0.26779403605237406,False,512
hopper-medium-v2,3,1.5,mpi2,2,2,0.07091247292483337,0.263278448547851,0.059112872105489385,0.2712936701347494,True,512
hopper-medium-v2,3,1.5,mpi3,1,3,0.05468477723920051,0.2030294913841545,0.26865275705005764,0.26865275705005764,False,512
hopper-medium-v2,3,1.5,mpi3,2,3,0.07236573000258167,0.26867399115114343,0.05927449211237186,0.2720563261592561,False,512
hopper-medium-v2,3,1.5,mpi3,3,3,0.07899689155579637,0.2932936645850554,0.05670951551406331,0.27267521871030953,True,512
hopper-medium-v2,3,2.5,mpi1,1,1,0.0,0.0,0.2729842504843641,0.2729842504843641,True,512
hopper-medium-v2,3,2.5,mpi2,1,2,0.053889630131653654,0.1974093012180581,0.26908078250898604,0.26908078250898604,False,512
hopper-medium-v2,3,2.5,mpi2,2,2,0.06907450157873855,0.253034750012785,0.06526645087887602,0.2729928839122472,True,512
hopper-medium-v2,3,2.5,mpi3,1,3,0.05672796636505914,0.20780673707147948,0.26804118496885826,0.26804118496885826,False,512
hopper-medium-v2,3,2.5,mpi3,2,3,0.06741848913982841,0.24696842041328676,0.05988076108889202,0.27180782319198366,False,512
hopper-medium-v2,3,2.5,mpi3,3,3,0.0772715255029037,0.28306221097297196,0.05894187010209526,0.2775125696578587,True,512
hopper-medium-v2,3,4.0,mpi1,1,1,0.0,0.0,0.27150832913271034,0.27150832913271034,True,512
hopper-medium-v2,3,4.0,mpi2,1,2,0.06310236685453961,0.2324141106687591,0.2698159244700145,0.2698159244700145,False,512
hopper-medium-v2,3,4.0,mpi2,2,2,0.07351965396249292,0.2707823152141948,0.06729679509908491,0.2770191645827503,True,512
hopper-medium-v2,3,4.0,mpi3,1,3,0.06358830761652415,0.23420389282217147,0.2703483044784561,0.2703483044784561,False,512
hopper-medium-v2,3,4.0,mpi3,2,3,0.07291487618360626,0.26855484108543226,0.06323664815303295,0.2751735483532886,False,512
hopper-medium-v2,3,4.0,mpi3,3,3,0.08455908365228142,0.31144195068487146,0.06048184595181461,0.28250186370378205,True,512
hopper-medium-v2,3,7.0,mpi1,1,1,0.0,0.0,0.8136764368086138,0.8136764368086138,True,512
hopper-medium-v2,3,7.0,mpi2,1,2,0.7898339424204194,0.9706978188016492,0.2757401501462004,0.2757401501462004,False,512
hopper-medium-v2,3,7.0,mpi2,2,2,0.7890784854957557,0.9697693699852785,0.07673909306313328,0.28691753537545994,True,512
hopper-medium-v2,3,7.0,mpi3,1,3,0.782697870731378,0.9619276598462906,0.27078726766976297,0.27078726766976297,False,512
hopper-medium-v2,3,7.0,mpi3,2,3,0.7767563049757115,0.9546255364384032,0.07129930250387001,0.2799497464214828,False,512
hopper-medium-v2,3,7.0,mpi3,3,3,0.7843313629753488,0.9639352050695216,0.06327466101916583,0.2913843465671931,True,512
hopper-medium-v2,3,10.0,mpi1,1,1,0.0,0.0,0.9532590074078889,0.9532590074078889,True,512
hopper-medium-v2,3,10.0,mpi2,1,2,0.9391463285836461,0.9851953365092052,0.3353209218445061,0.3353209218445061,False,512
hopper-medium-v2,3,10.0,mpi2,2,2,0.9769996407453774,1.024904703918869,0.2072743628585188,0.47304524197298037,True,512
hopper-medium-v2,3,10.0,mpi3,1,3,0.9310352903358607,0.9766865910530873,0.2755202396362782,0.2755202396362782,False,512
hopper-medium-v2,3,10.0,mpi3,2,3,0.925593918055315,0.9709784128578013,0.07291108240034888,0.28702006361471455,False,512
hopper-medium-v2,3,10.0,mpi3,3,3,0.9314960119542091,0.9771699031589977,0.07400728861602562,0.3035701872190788,True,512
hopper-medium-v2,3,14.0,mpi1,1,1,0.0,0.0,1.0476160081618646,1.0476160081618646,True,512
hopper-medium-v2,3,14.0,mpi2,1,2,1.0047863462468165,0.9591170222854875,0.9330796847351579,0.9330796847351579,False,512
hopper-medium-v2,3,14.0,mpi2,2,2,1.0939503170060403,1.044228332216375,0.2260256415901545,1.0205505411058124,True,512
hopper-medium-v2,3,14.0,mpi3,1,3,1.0369810671602124,0.9898484359547807,0.2778859732167617,0.2778859732167617,False,512
hopper-medium-v2,3,14.0,mpi3,2,3,1.0244802377628635,0.977915791455311,0.08376525898111453,0.2922239348612172,False,512
hopper-medium-v2,3,14.0,mpi3,3,3,1.0365931702263311,0.9894781696254584,0.08408549535891302,0.3161643331094994,True,512
hopper-medium-v2,3,17.0,mpi1,1,1,0.0,0.0,1.0570399339992624,1.0570399339992624,True,512
hopper-medium-v2,3,17.0,mpi2,1,2,0.4582460984609874,0.43351824630431335,0.9412866939463426,0.9412866939463426,False,512
hopper-medium-v2,3,17.0,mpi2,2,2,0.46906139195182533,0.4437499254897144,0.21478841268264703,1.0288505732881463,True,512
hopper-medium-v2,3,17.0,mpi3,1,3,1.0324159101910548,0.9767047364851735,0.2825724224558562,0.2825724224558562,False,512
hopper-medium-v2,3,17.0,mpi3,2,3,1.0315026656525736,0.9758407724010296,0.08907008732771628,0.30688699486096327,False,512
hopper-medium-v2,3,17.0,mpi3,3,3,1.037274563561539,0.9813012074549142,0.08624902574931986,0.33892733303877576,True,512
hopper-medium-v2,3,20.0,mpi1,1,1,0.0,0.0,1.062671185207538,1.062671185207538,True,512
hopper-medium-v2,3,20.0,mpi2,1,2,1.0353692470848512,0.9743081975847923,0.9946303914843516,0.9946303914843516,False,512
hopper-medium-v2,3,20.0,mpi2,2,2,1.0524648823947569,0.9903956153560447,0.11390585069309053,1.015128138184999,True,512
hopper-medium-v2,3,20.0,mpi3,1,3,1.0484138768410463,0.9865835184345314,0.28116467110762094,0.28116467110762094,False,512
hopper-medium-v2,3,20.0,mpi3,2,3,1.0427006766423255,0.9812072550350444,0.09415451271969007,0.3101876536740856,False,512
hopper-medium-v2,3,20.0,mpi3,3,3,1.0454548768001344,0.983799025844442,0.1048680878519906,0.34744990136778037,True,512
hopper-medium-replay-v2,2,0.05,mpi1,1,1,0.0,0.0,0.3596096404943638,0.3596096404943638,True,512
hopper-medium-replay-v2,2,0.05,mpi2,1,2,0.1449813179610874,0.40316304580093626,0.36145863458868727,0.36145863458868727,False,512
hopper-medium-replay-v2,2,0.05,mpi2,2,2,0.15173619704530988,0.42194696681856075,0.1317152072872825,0.37216856615910776,True,512
hopper-medium-replay-v2,2,0.05,mpi3,1,3,0.14845648045686838,0.4128267536231281,0.35987916012924265,0.35987916012924265,False,512
hopper-medium-replay-v2,2,0.05,mpi3,2,3,0.15387047267407597,0.42788194571910426,0.13296624013642702,0.3686111303840598,False,512
hopper-medium-replay-v2,2,0.05,mpi3,3,3,0.16515096595022516,0.45925066336705617,0.095359095096853,0.37647274540151016,True,512
hopper-medium-replay-v2,2,0.1,mpi1,1,1,0.0,0.0,0.36112625183552544,0.36112625183552544,True,512
hopper-medium-replay-v2,2,0.1,mpi2,1,2,0.1480141029271256,0.4098680230938693,0.3608473201871029,0.3608473201871029,False,512
hopper-medium-replay-v2,2,0.1,mpi2,2,2,0.15379249176131307,0.4258690443567024,0.12828775803452885,0.3712721128403314,True,512
hopper-medium-replay-v2,2,0.1,mpi3,1,3,0.14366214824136064,0.3978169615505865,0.3629693998104547,0.3629693998104547,False,512
hopper-medium-replay-v2,2,0.1,mpi3,2,3,0.15338595574387096,0.4247432995088112,0.13216602842010466,0.3711320981749801,False,512
hopper-medium-replay-v2,2,0.1,mpi3,3,3,0.156833500907141,0.4342899473798727,0.09297406694527396,0.3792056694271922,True,512
hopper-medium-replay-v2,2,0.2,mpi1,1,1,0.0,0.0,0.36015950773881833,0.36015950773881833,True,512
hopper-medium-replay-v2,2,0.2,mpi2,1,2,0.14657181556687987,0.4069636158909105,0.3595662725446632,0.3595662725446632,False,512
hopper-medium-replay-v2,2,0.2,mpi2,2,2,0.15017705563242342,0.416973736373855,0.13138486944625435,0.371236121045802,True,512
hopper-medium-replay-v2,2,0.2,mpi3,1,3,0.15281937582136096,0.42431026402941174,0.35845698387174774,0.35845698387174774,False,512
hopper-medium-replay-v2,2,0.2,mpi3,2,3,0.14765920593883353,0.40998280696761036,0.1287594271619333,0.3693765183663258,False,512
hopper-medium-replay-v2,2,0.2,mpi3,3,3,0.15655569861810287,0.4346843419489413,0.08689967272850242,0.376616657349916,True,512
hopper-medium-replay-v2,2,0.4,mpi1,1,1,0.0,0.0,0.3661928557813234,0.3661928557813234,True,512
hopper-medium-replay-v2,2,0.4,mpi2,1,2,0.1479377936189796,0.403988748779202,0.36092877768580417,0.36092877768580417,False,512
hopper-medium-replay-v2,2,0.4,mpi2,2,2,0.15034478630547202,0.410561768018905,0.12731539640391937,0.37439171334239624,True,512
hopper-medium-replay-v2,2,0.4,mpi3,1,3,0.15249583137941883,0.416435845134247,0.3555488673876875,0.3555488673876875,False,512
hopper-medium-replay-v2,2,0.4,mpi3,2,3,0.1531869573549666,0.41832317298523186,0.1357342305653773,0.3695695037106088,False,512
hopper-medium-replay-v2,2,0.4,mpi3,3,3,0.162104843989203,0.4426761511863189,0.09126987195983872,0.3829287258258943,True,512
hopper-medium-replay-v2,2,1.5,mpi1,1,1,0.0,0.0,0.3711592672234248,0.3711592672234248,True,512
hopper-medium-replay-v2,2,1.5,mpi2,1,2,0.1681793677533828,0.45311913942362847,0.37548172559563703,0.37548172559563703,False,512
hopper-medium-replay-v2,2,1.5,mpi2,2,2,0.18137089639057144,0.48866056274810066,0.1450600409932789,0.4002485619043085,True,512
hopper-medium-replay-v2,2,1.5,mpi3,1,3,0.16738274271482143,0.45097282351854334,0.3635992664527656,0.3635992664527656,False,512
hopper-medium-replay-v2,2,1.5,mpi3,2,3,0.17283639279714208,0.4656663811471011,0.14696930594758467,0.38930425889371456,False,512
hopper-medium-replay-v2,2,1.5,mpi3,3,3,0.20682111300439554,0.5572300930314547,0.11407329563766677,0.41953298040154735,True,512
hopper-medium-replay-v2,2,2.5,mpi1,1,1,0.0,0.0,0.3854069221214968,0.3854069221214968,True,512
hopper-medium-replay-v2,2,2.5,mpi2,1,2,0.16707890338487727,0.43351298016439577,0.3748543962596207,0.3748543962596207,False,512
hopper-medium-replay-v2,2,2.5,mpi2,2,2,0.2007168184022222,0.5207919393283436,0.17236925322602425,0.4258992273107372,True,512
hopper-medium-replay-v2,2,2.5,mpi3,1,3,0.16712205130030816,0.43362493434309446,0.36595673518449323,0.36595673518449323,False,512
hopper-medium-replay-v2,2,2.5,mpi3,2,3,0.18205641541577394,0.4723745344625179,0.15478461919650852,0.40571657888205515,False,512
hopper-medium-replay-v2,2,2.5,mpi3,3,3,0.22193301886193317,0.5758407701664745,0.11970703503623621,0.4450257543582932,True,512
hopper-medium-replay-v2,2,4.0,mpi1,1,1,0.0,0.0,0.3964952900158879,0.3964952900158879,True,512
hopper-medium-replay-v2,2,4.0,mpi2,1,2,0.1767377999238873,0.4457500615374404,0.3790149922518576,0.3790149922518576,False,512
hopper-medium-replay-v2,2,4.0,mpi2,2,2,0.2053722154070006,0.5179688651503809,0.17684019231695564,0.43218256169264335,True,512
hopper-medium-replay-v2,2,4.0,mpi3,1,3,0.18687757050789128,0.47132355721149405,0.36731649830697954,0.36731649830697954,False,512
hopper-medium-replay-v2,2,4.0,mpi3,2,3,0.20104027324561655,0.5070432822482221,0.17209056697988104,0.4239874809351445,False,512
hopper-medium-replay-v2,2,4.0,mpi3,3,3,0.24555320931937993,0.6193092717685005,0.1337773875744416,0.47075955241420464,True,512
hopper-medium-replay-v2,2,7.0,mpi1,1,1,0.0,0.0,0.406986707868259,0.406986707868259,True,512
hopper-medium-replay-v2,2,7.0,mpi2,1,2,0.1976444732501162,0.48562881644305056,0.3908458886045208,0.3908458886045208,False,512
hopper-medium-replay-v2,2,7.0,mpi2,2,2,0.24698888403094418,0.6068721146315523,0.1996643828053166,0.4656453015707418,True,512
hopper-medium-replay-v2,2,7.0,mpi3,1,3,0.19161734931827384,0.4708196744850451,0.38194784523803693,0.38194784523803693,False,512
hopper-medium-replay-v2,2,7.0,mpi3,2,3,0.22162654216408273,0.5445547431387437,0.1867204211705804,0.44860459889513954,False,512
hopper-medium-replay-v2,2,7.0,mpi3,3,3,0.2743645313419152,0.6741363441056816,0.13769476475136208,0.5058369434976221,True,512
hopper-medium-replay-v2,2,10.0,mpi1,1,1,0.0,0.0,0.4355721927736221,0.4355721927736221,True,512
hopper-medium-replay-v2,2,10.0,mpi2,1,2,0.2263934684503714,0.5197610687880477,0.40405991171173467,0.40405991171173467,False,512
hopper-medium-replay-v2,2,10.0,mpi2,2,2,0.2799081520599523,0.6426217208163875,0.2176767550636786,0.5018767333713954,True,512
hopper-medium-replay-v2,2,10.0,mpi3,1,3,0.2290806155914531,0.5259303036144737,0.37644682463894386,0.37644682463894386,False,512
hopper-medium-replay-v2,2,10.0,mpi3,2,3,0.24835763004902997,0.5701870646689967,0.19415771544194113,0.4542269795863508,False,512
hopper-medium-replay-v2,2,10.0,mpi3,3,3,0.3118674494874343,0.715994856103038,0.15639082841432347,0.5273759733506068,True,512
hopper-medium-replay-v2,2,14.0,mpi1,1,1,0.0,0.0,0.47397152348320526,0.47397152348320526,True,512
hopper-medium-replay-v2,2,14.0,mpi2,1,2,0.27392786949297604,0.5779416186860484,0.41838796797272454,0.41838796797272454,False,512
hopper-medium-replay-v2,2,14.0,mpi2,2,2,0.34278459695552776,0.7232177039591157,0.2513072781940209,0.5447959566784848,True,512
hopper-medium-replay-v2,2,14.0,mpi3,1,3,0.2745849347460531,0.5793279155847488,0.39425298654185764,0.39425298654185764,False,512
hopper-medium-replay-v2,2,14.0,mpi3,2,3,0.2943027158103935,0.6209291090898668,0.22396345079508667,0.5022339545619886,False,512
hopper-medium-replay-v2,2,14.0,mpi3,3,3,0.37134563675309623,0.7834766823628688,0.1848419474002226,0.5926852785364745,True,512
hopper-medium-replay-v2,2,17.0,mpi1,1,1,0.0,0.0,0.47552811045559934,0.47552811045559934,True,512
hopper-medium-replay-v2,2,17.0,mpi2,1,2,0.2746153413521451,0.5774954946176337,0.4284347463607305,0.4284347463607305,False,512
hopper-medium-replay-v2,2,17.0,mpi2,2,2,0.3370646433989292,0.7088216994700702,0.2322241444535957,0.5419803511499696,True,512
hopper-medium-replay-v2,2,17.0,mpi3,1,3,0.27766180944743446,0.5839019888464829,0.40604809702249983,0.40604809702249983,False,512
hopper-medium-replay-v2,2,17.0,mpi3,2,3,0.2906561773670179,0.6112281713241784,0.2159039554261139,0.5021135894889445,False,512
hopper-medium-replay-v2,2,17.0,mpi3,3,3,0.35380373748492916,0.7440227606017925,0.16245694300021588,0.57800295231073,True,512
hopper-medium-replay-v2,2,20.0,mpi1,1,1,0.0,0.0,0.5270376617283729,0.5270376617283729,True,512
hopper-medium-replay-v2,2,20.0,mpi2,1,2,0.3655910484123167,0.693671581672918,0.44667413049520693,0.44667413049520693,False,512
hopper-medium-replay-v2,2,20.0,mpi2,2,2,0.42759277522888495,0.811313509980734,0.26503300477782776,0.5868484647904039,True,512
hopper-medium-replay-v2,2,20.0,mpi3,1,3,0.34553828059604447,0.655623507934675,0.403350667935466,0.403350667935466,False,512
hopper-medium-replay-v2,2,20.0,mpi3,2,3,0.3335825917832614,0.632938812549576,0.241069849715977,0.5199522190815405,False,512
hopper-medium-replay-v2,2,20.0,mpi3,3,3,0.38000447815313165,0.7210195888220606,0.17673313739725519,0.6052634318157859,True,512
hopper-medium-replay-v2,3,0.05,mpi1,1,1,0.0,0.0,0.3611986642287216,0.3611986642287216,True,512
hopper-medium-replay-v2,3,0.05,mpi2,1,2,0.14275592105357127,0.39522826408675205,0.36740434142000655,0.36740434142000655,False,512
hopper-medium-replay-v2,3,0.05,mpi2,2,2,0.14712240785092892,0.40731714267294933,0.1288781239473701,0.37218383874110067,True,512
hopper-medium-replay-v2,3,0.05,mpi3,1,3,0.1402706913627244,0.3883477577699481,0.362905643601982,0.362905643601982,False,512
hopper-medium-replay-v2,3,0.05,mpi3,2,3,0.15206000251217505,0.4209871673719319,0.13124291093974835,0.3701159664014838,False,512
hopper-medium-replay-v2,3,0.05,mpi3,3,3,0.1537967105713196,0.4257953470003173,0.0824309726477499,0.37677661162583675,True,512
hopper-medium-replay-v2,3,0.1,mpi1,1,1,0.0,0.0,0.3650943286518833,0.3650943286518833,True,512
hopper-medium-replay-v2,3,0.1,mpi2,1,2,0.14666707761815392,0.40172379056044083,0.3614522166364831,0.3614522166364831,False,512
hopper-medium-replay-v2,3,0.1,mpi2,2,2,0.15484698726997764,0.42412871172705596,0.13190339319141853,0.3703897739799986,True,512
hopper-medium-replay-v2,3,0.1,mpi3,1,3,0.14014874853981918,0.3838699687757975,0.3622862989951185,0.3622862989951185,False,512
hopper-medium-replay-v2,3,0.1,mpi3,2,3,0.15451255119741583,0.4232126852475521,0.12989465171593997,0.3701131085877149,False,512
hopper-medium-replay-v2,3,0.1,mpi3,3,3,0.1649378755764757,0.4517678381516127,0.08981130878957565,0.3770036827674107,True,512
hopper-medium-replay-v2,3,0.2,mpi1,1,1,0.0,0.0,0.36467381037628394,0.36467381037628394,True,512
hopper-medium-replay-v2,3,0.2,mpi2,1,2,0.1457047600707595,0.3995481877912097,0.3629009021230787,0.3629009021230787,False,512
hopper-medium-replay-v2,3,0.2,mpi2,2,2,0.15824417174591088,0.4339334694274554,0.13242402048950716,0.3753792861656548,True,512
hopper-medium-replay-v2,3,0.2,mpi3,1,3,0.14694201951247382,0.4029409717162129,0.3670861669130236,0.3670861669130236,False,512
hopper-medium-replay-v2,3,0.2,mpi3,2,3,0.1540272160412033,0.42236983204873507,0.1347066563006335,0.37165659309355636,False,512
hopper-medium-replay-v2,3,0.2,mpi3,3,3,0.16161622796958353,0.44318024319547905,0.08712020321353298,0.38006388063272234,True,512
hopper-medium-replay-v2,3,0.4,mpi1,1,1,0.0,0.0,0.37205473838943304,0.37205473838943304,True,512
hopper-medium-replay-v2,3,0.4,mpi2,1,2,0.15364574340328477,0.4129654256478314,0.3644807631838716,0.3644807631838716,False,512
hopper-medium-replay-v2,3,0.4,mpi2,2,2,0.15316507314121777,0.4116734913906634,0.13435107109555958,0.3728930077250811,True,512
hopper-medium-replay-v2,3,0.4,mpi3,1,3,0.15014730305376786,0.4035623997257289,0.36381920938510637,0.36381920938510637,False,512
hopper-medium-replay-v2,3,0.4,mpi3,2,3,0.15506061484489642,0.41676828392545046,0.13478629892383814,0.37482916411967127,False,512
hopper-medium-replay-v2,3,0.4,mpi3,3,3,0.16493140885035834,0.4432987725524494,0.08863928654310127,0.3876125977808317,True,512
hopper-medium-replay-v2,3,1.5,mpi1,1,1,0.0,0.0,0.3750803160482253,0.3750803160482253,True,512
hopper-medium-replay-v2,3,1.5,mpi2,1,2,0.16037726889072465,0.4275811393688397,0.3646912576347348,0.3646912576347348,False,512
hopper-medium-replay-v2,3,1.5,mpi2,2,2,0.17711472743849085,0.47220480483896854,0.15851217868438017,0.40538439217332933,True,512
hopper-medium-replay-v2,3,1.5,mpi3,1,3,0.16132260451420066,0.43010149456485713,0.36439651655348027,0.36439651655348027,False,512
hopper-medium-replay-v2,3,1.5,mpi3,2,3,0.1609471249030288,0.42910043000586384,0.15037370643877745,0.390986904682839,False,512
hopper-medium-replay-v2,3,1.5,mpi3,3,3,0.19219087967689422,0.5123992687800327,0.11083546968235251,0.42457432225412156,True,512
hopper-medium-replay-v2,3,2.5,mpi1,1,1,0.0,0.0,0.3861478241508182,0.3861478241508182,True,512
hopper-medium-replay-v2,3,2.5,mpi2,1,2,0.16475636576673544,0.42666656514005463,0.3726992836342111,0.3726992836342111,False,512
hopper-medium-replay-v2,3,2.5,mpi2,2,2,0.190633724566745,0.4936806907716485,0.16481445827195088,0.42280382333073435,True,512
hopper-medium-replay-v2,3,2.5,mpi3,1,3,0.18099472337259173,0.4687187446170884,0.3744667623016431,0.3744667623016431,False,512
hopper-medium-replay-v2,3,2.5,mpi3,2,3,0.1929929130065303,0.4997902381838951,0.1643703384954131,0.41120375822448785,False,512
hopper-medium-replay-v2,3,2.5,mpi3,3,3,0.2378941755619542,0.6160702215145452,0.1219251672400501,0.4568744830518108,True,512
hopper-medium-replay-v2,3,4.0,mpi1,1,1,0.0,0.0,0.4004670998361621,0.4004670998361621,True,512
hopper-medium-replay-v2,3,4.0,mpi2,1,2,0.17644408849895493,0.4405957157807501,0.3833905458422357,0.3833905458422357,False,512
hopper-medium-replay-v2,3,4.0,mpi2,2,2,0.21281279148185517,0.5314114232328212,0.18222310345262233,0.44651402227726583,True,512
hopper-medium-replay-v2,3,4.0,mpi3,1,3,0.18488310047980355,0.4616686378367721,0.3798669189853331,0.3798669189853331,False,512
hopper-medium-replay-v2,3,4.0,mpi3,2,3,0.20398602885156597,0.5093702552220148,0.18204443227123174,0.43440763362433527,False,512
hopper-medium-replay-v2,3,4.0,mpi3,3,3,0.2601010589776336,0.6494942008570626,0.13812430493356578,0.485989495911581,True,512
hopper-medium-replay-v2,3,7.0,mpi1,1,1,0.0,0.0,0.42115534594004606,0.42115534594004606,True,512
hopper-medium-replay-v2,3,7.0,mpi2,1,2,0.20838589504537616,0.49479579697663656,0.3949120998667199,0.3949120998667199,False,512
hopper-medium-replay-v2,3,7.0,mpi2,2,2,0.25677981420943297,0.609703323689941,0.20922163289674794,0.4828136476373846,True,512
hopper-medium-replay-v2,3,7.0,mpi3,1,3,0.212215850896271,0.5038897236899402,0.3823807432425996,0.3823807432425996,False,512
hopper-medium-replay-v2,3,7.0,mpi3,2,3,0.22807047073485484,0.54153526230514,0.1955932581309405,0.4568145420456385,False,512
hopper-medium-replay-v2,3,7.0,mpi3,3,3,0.2908977120549101,0.6907135688984489,0.15584971685759474,0.5220825740076822,True,512
hopper-medium-replay-v2,3,10.0,mpi1,1,1,0.0,0.0,0.4387497040521685,0.4387497040521685,True,512
hopper-medium-replay-v2,3,10.0,mpi2,1,2,0.22276539073906998,0.5077277287749067,0.4013210997542895,0.4013210997542895,False,512
hopper-medium-replay-v2,3,10.0,mpi2,2,2,0.2692609219633493,0.6137005209952995,0.23210243475269762,0.5023739039653049,True,512
hopper-medium-replay-v2,3,10.0,mpi3,1,3,0.23457771416558798,0.5346504214113295,0.38641320803825985,0.38641320803825985,False,512
hopper-medium-replay-v2,3,10.0,mpi3,2,3,0.25149650718154487,0.5732117990252622,0.2071667328278206,0.46827246010533735,False,512
hopper-medium-replay-v2,3,10.0,mpi3,3,3,0.3255982502106817,0.742104774552662,0.16885874236032875,0.5506803982224147,True,512
hopper-medium-replay-v2,3,14.0,mpi1,1,1,0.0,0.0,0.46545231006096743,0.46545231006096743,True,512
hopper-medium-replay-v2,3,14.0,mpi2,1,2,0.2724883963004498,0.5854271005009253,0.43447797511558256,0.43447797511558256,False,512
hopper-medium-replay-v2,3,14.0,mpi2,2,2,0.36041487836639213,0.7743325590524689,0.2407176885779013,0.5658268785976834,True,512
hopper-medium-replay-v2,3,14.0,mpi3,1,3,0.2565588542430914,0.55120331062378,0.40365020149891895,0.40365020149891895,False,512
hopper-medium-replay-v2,3,14.0,mpi3,2,3,0.26847987945792323,0.5768150112366105,0.21583255407081253,0.5000011983697606,False,512
hopper-medium-replay-v2,3,14.0,mpi3,3,3,0.3465063607185212,0.7444508346583003,0.1644324542905377,0.5854585088895914,True,512
hopper-medium-replay-v2,3,17.0,mpi1,1,1,0.0,0.0,0.48291252496514686,0.48291252496514686,True,512
hopper-medium-replay-v2,3,17.0,mpi2,1,2,0.2938251906376922,0.608443921927472,0.43770737861031284,0.43770737861031284,False,512
hopper-medium-replay-v2,3,17.0,mpi2,2,2,0.35935414970893526,0.7441392201100413,0.23084429698298156,0.5542497577359394,True,512
hopper-medium-replay-v2,3,17.0,mpi3,1,3,0.29701025200956604,0.6150394463904246,0.41538122583994813,0.41538122583994813,False,512
hopper-medium-replay-v2,3,17.0,mpi3,2,3,0.3370978033238531,0.6980514811625198,0.22196000879095992,0.5184474852648174,False,512
hopper-medium-replay-v2,3,17.0,mpi3,3,3,0.4028276010117076,0.834162669607256,0.1653301928190434,0.5936657159680383,True,512
hopper-medium-replay-v2,3,20.0,mpi1,1,1,0.0,0.0,0.5122461014567633,0.5122461014567633,True,512
hopper-medium-replay-v2,3,20.0,mpi2,1,2,0.31026878418717696,0.6057025779304356,0.44337903107955473,0.44337903107955473,False,512
hopper-medium-replay-v2,3,20.0,mpi2,2,2,0.35832096951096565,0.6995094125498389,0.24384348025718605,0.5703509064917507,True,512
hopper-medium-replay-v2,3,20.0,mpi3,1,3,0.3121088691499715,0.6092947672268725,0.4143535280389591,0.4143535280389591,False,512
hopper-medium-replay-v2,3,20.0,mpi3,2,3,0.3313128706885072,0.6467845626277978,0.22754785711883066,0.5140336666259407,False,512
hopper-medium-replay-v2,3,20.0,mpi3,3,3,0.3991494045055489,0.7792141382246118,0.17990998395190347,0.6058285190446073,True,512
hopper-expert-v2,2,0.05,mpi1,1,1,0.0,0.0,0.24508079853951126,0.24508079853951126,True,512
hopper-expert-v2,2,0.05,mpi2,1,2,0.05231592057332526,0.2134639714130482,0.24636049818382508,0.24636049818382508,False,512
hopper-expert-v2,2,0.05,mpi2,2,2,0.06545340002196999,0.2670686582221894,0.060807243759868054,0.24802981594307086,True,512
hopper-expert-v2,2,0.05,mpi3,1,3,0.05405256502259436,0.2205499792097346,0.2461871567428351,0.2461871567428351,False,512
hopper-expert-v2,2,0.05,mpi3,2,3,0.06382600782552882,0.26042843097411794,0.06051686572893376,0.24622996832044125,False,512
hopper-expert-v2,2,0.05,mpi3,3,3,0.0798429506538777,0.3257821548227314,0.060376711200352706,0.24831614579189598,True,512
hopper-expert-v2,2,0.1,mpi1,1,1,0.0,0.0,0.2464958336410774,0.2464958336410774,True,512
hopper-expert-v2,2,0.1,mpi2,1,2,0.052197088513695374,0.21175647370048273,0.24629947841008099,0.24629947841008099,False,512
hopper-expert-v2,2,0.1,mpi2,2,2,0.07019235959349443,0.28476083573770067,0.06322731309210258,0.24856444907146322,True,512
hopper-expert-v2,2,0.1,mpi3,1,3,0.05289022998856368,0.2145684541896848,0.24401775089543043,0.24401775089543043,False,512
hopper-expert-v2,2,0.1,mpi3,2,3,0.06452182381734534,0.2617562449809824,0.057008418910967584,0.247422093538595,False,512
hopper-expert-v2,2,0.1,mpi3,3,3,0.07803636428196545,0.31658289363054387,0.05847791947047218,0.24850992070628095,True,512
hopper-expert-v2,2,0.2,mpi1,1,1,0.0,0.0,0.24705283112054885,0.24705283112054885,True,512
hopper-expert-v2,2,0.2,mpi2,1,2,0.055772356947409285,0.22575072989224437,0.24656498927170237,0.24656498927170237,False,512
hopper-expert-v2,2,0.2,mpi2,2,2,0.06664707519333726,0.2697685142527955,0.0616576309310688,0.2488593332664465,True,512
hopper-expert-v2,2,0.2,mpi3,1,3,0.05316241115079859,0.2151864073351101,0.2448077059043638,0.2448077059043638,False,512
hopper-expert-v2,2,0.2,mpi3,2,3,0.06610913102287003,0.26759106836793234,0.05641241511709882,0.24711217176951025,False,512
hopper-expert-v2,2,0.2,mpi3,3,3,0.08584221763963014,0.34746502296807774,0.06394628267558014,0.24939410964372385,True,512
hopper-expert-v2,2,0.4,mpi1,1,1,0.0,0.0,0.24445940152656398,0.24445940152656398,True,512
hopper-expert-v2,2,0.4,mpi2,1,2,0.050929149690526906,0.20833377392111765,0.2453185105762156,0.2453185105762156,False,512
hopper-expert-v2,2,0.4,mpi2,2,2,0.06593396804126475,0.26971336602122903,0.06271684817684046,0.24767847944682536,True,512
hopper-expert-v2,2,0.4,mpi3,1,3,0.054340402984535054,0.22228804719801376,0.24453974990753585,0.24453974990753585,False,512
hopper-expert-v2,2,0.4,mpi3,2,3,0.0607894753762119,0.24866900187353302,0.06057964783209346,0.24693393073419617,False,512
hopper-expert-v2,2,0.4,mpi3,3,3,0.0777077171738279,0.31787575641832644,0.059678837709653286,0.25029872751380433,True,512
hopper-expert-v2,2,1.5,mpi1,1,1,0.0,0.0,0.24651366466252758,0.24651366466252758,True,512
hopper-expert-v2,2,1.5,mpi2,1,2,0.05442391524494637,0.22077443584902953,0.24420110823606364,0.24420110823606364,False,512
hopper-expert-v2,2,1.5,mpi2,2,2,0.066296306920288,0.2689356267979966,0.060797252079373955,0.24811013527543774,True,512
hopper-expert-v2,2,1.5,mpi3,1,3,0.05565321452770572,0.2257611747563523,0.2431778484073073,0.2431778484073073,False,512
hopper-expert-v2,2,1.5,mpi3,2,3,0.0660784569106003,0.26805190292822273,0.06030635953593005,0.2463642387935992,False,512
hopper-expert-v2,2,1.5,mpi3,3,3,0.08063985612347348,0.32712124187463554,0.06206296120828613,0.2484363885769669,True,512
hopper-expert-v2,2,2.5,mpi1,1,1,0.0,0.0,0.30005520544928255,0.30005520544928255,True,512
hopper-expert-v2,2,2.5,mpi2,1,2,0.18182385157316727,0.6059679961256343,0.24422310460697388,0.24422310460697388,False,512
hopper-expert-v2,2,2.5,mpi2,2,2,0.1919931791774563,0.6398595181509302,0.06522480699559335,0.2476386826026776,True,512
hopper-expert-v2,2,2.5,mpi3,1,3,0.18464436806627002,0.6153679880000613,0.24599926486310184,0.24599926486310184,False,512
hopper-expert-v2,2,2.5,mpi3,2,3,0.1853815871288483,0.6178249327528591,0.059051444393289264,0.24624772288956925,False,512
hopper-expert-v2,2,2.5,mpi3,3,3,0.1835679656235284,0.6117806399947837,0.05949257669567409,0.24933292203270307,True,512
hopper-expert-v2,2,4.0,mpi1,1,1,0.0,0.0,1.0033633703645832,1.0033633703645832,True,512
hopper-expert-v2,2,4.0,mpi2,1,2,0.9793304736912295,0.976047663904034,0.24396270188995497,0.24396270188995497,False,512
hopper-expert-v2,2,4.0,mpi2,2,2,0.9751963494763782,0.9719273976705267,0.06044808548844404,0.2487730133515033,True,512
hopper-expert-v2,2,4.0,mpi3,1,3,0.9765954042669099,0.9733217626950574,0.24599262841166422,0.24599262841166422,False,512
hopper-expert-v2,2,4.0,mpi3,2,3,0.9734943411449941,0.9702310946345033,0.05914745754563832,0.24706564874107192,False,512
hopper-expert-v2,2,4.0,mpi3,3,3,0.9730042775231353,0.969742673752963,0.05644551714151133,0.24907018599255315,True,512
hopper-expert-v2,2,7.0,mpi1,1,1,0.0,0.0,0.9948414459159113,0.9948414459159113,True,512
hopper-expert-v2,2,7.0,mpi2,1,2,1.072525179419294,1.0780865471802519,0.3048515885655978,0.3048515885655978,False,512
hopper-expert-v2,2,7.0,mpi2,2,2,1.1639501421199931,1.1699855759913482,0.1768842376378709,0.4187986030548804,True,512
hopper-expert-v2,2,7.0,mpi3,1,3,0.973521982404724,0.978569988616066,0.2458245391968768,0.2458245391968768,False,512
hopper-expert-v2,2,7.0,mpi3,2,3,0.9697481979369702,0.9747766359333384,0.06065053145830343,0.2464264911471697,False,512
hopper-expert-v2,2,7.0,mpi3,3,3,0.975567548865353,0.9806261619580862,0.06408006765253914,0.2511904286513277,True,512
hopper-expert-v2,2,10.0,mpi1,1,1,0.0,0.0,0.9001250990303801,0.9001250990303801,True,512
hopper-expert-v2,2,10.0,mpi2,1,2,1.2876639861738852,1.4305389190468794,0.6676417897607886,0.6676417897607886,False,512
hopper-expert-v2,2,10.0,mpi2,2,2,1.4669524065699535,1.6297205890049762,0.28513524350705344,0.8137237997351516,True,512
hopper-expert-v2,2,10.0,mpi3,1,3,0.8420915354592361,0.9355272243450848,0.32203655886157595,0.32203655886157595,False,512
hopper-expert-v2,2,10.0,mpi3,2,3,0.8362533260048379,0.9290412264980221,0.19166831526742456,0.4358916959406275,False,512
hopper-expert-v2,2,10.0,mpi3,3,3,0.8094194384148008,0.8992299395791897,0.1815645837211894,0.5312954298079682,True,512
hopper-expert-v2,2,14.0,mpi1,1,1,0.0,0.0,0.9914084829428838,0.9914084829428838,True,512
hopper-expert-v2,2,14.0,mpi2,1,2,0.25107108133403583,0.2532468560171684,1.0076015764524096,1.0076015764524096,False,512
hopper-expert-v2,2,14.0,mpi2,2,2,0.3082623078284445,0.3109337000157622,0.10538041767845625,1.0227060905947898,True,512
hopper-expert-v2,2,14.0,mpi3,1,3,0.969561338213572,0.97796352855035,0.27000255785951366,0.27000255785951366,False,512
hopper-expert-v2,2,14.0,mpi3,2,3,0.979252814447237,0.9877389908349745,0.1249380332512287,0.3247698422249114,False,512
hopper-expert-v2,2,14.0,mpi3,3,3,0.9957670101223475,1.004396298049141,0.11823771376657952,0.3761046825193166,True,512
hopper-expert-v2,2,17.0,mpi1,1,1,0.0,0.0,0.995010398060199,0.995010398060199,True,512
hopper-expert-v2,2,17.0,mpi2,1,2,1.570804758085267,1.578681751615456,0.9541460965670523,0.9541460965670523,False,512
hopper-expert-v2,2,17.0,mpi2,2,2,1.6057620451912102,1.6138143363342623,0.2149997030799031,1.0266522324345884,True,512
hopper-expert-v2,2,17.0,mpi3,1,3,0.28704300388962456,0.28848241631366167,0.9456695824608723,0.9456695824608723,False,512
hopper-expert-v2,2,17.0,mpi3,2,3,0.2775699334972476,0.27896184204544805,0.10197691636709133,0.963121392070967,False,512
hopper-expert-v2,2,17.0,mpi3,3,3,0.27717902366046027,0.2785689719432366,0.05049132722262879,0.9672349057364972,True,512
hopper-expert-v2,2,20.0,mpi1,1,1,0.0,0.0,0.9937768077541707,0.9937768077541707,True,512
hopper-expert-v2,2,20.0,mpi2,1,2,0.21186762904568648,0.21319437864975405,0.9780379428963377,0.9780379428963377,False,512
hopper-expert-v2,2,20.0,mpi2,2,2,0.22297656608821928,0.22437288166557487,0.12411549751681049,0.9997050471916116,True,512
hopper-expert-v2,2,20.0,mpi3,1,3,0.3516408076883442,0.35384283970463637,1.022136898822734,1.022136898822734,False,512
hopper-expert-v2,2,20.0,mpi3,2,3,0.386540405343393,0.38896098432497433,0.09823807841843443,1.0358409684855296,False,512
hopper-expert-v2,2,20.0,mpi3,3,3,0.39059994514611235,0.3930459456271942,0.03273792129482538,1.0374237812618843,True,512
hopper-expert-v2,3,0.05,mpi1,1,1,0.0,0.0,0.2440396620282104,0.2440396620282104,True,512
hopper-expert-v2,3,0.05,mpi2,1,2,0.05298505572472556,0.2171165755777871,0.24389310670432746,0.24389310670432746,False,512
hopper-expert-v2,3,0.05,mpi2,2,2,0.06681536757565583,0.27378896946649656,0.060070340535744116,0.24743326712131883,True,512
hopper-expert-v2,3,0.05,mpi3,1,3,0.05742100679803018,0.23529374824077756,0.24215361942088917,0.24215361942088917,False,512
hopper-expert-v2,3,0.05,mpi3,2,3,0.0649253443878668,0.2660442316969018,0.061925825149423026,0.24629712795525455,False,512
hopper-expert-v2,3,0.05,mpi3,3,3,0.07795869905828018,0.31945093846781486,0.052468672162214194,0.24973300245052762,True,512
hopper-expert-v2,3,0.1,mpi1,1,1,0.0,0.0,0.24375983183307257,0.24375983183307257,True,512
hopper-expert-v2,3,0.1,mpi2,1,2,0.05649253840935658,0.23175491213844795,0.24245959079763357,0.24245959079763357,False,512
hopper-expert-v2,3,0.1,mpi2,2,2,0.06946456234525271,0.28497132535282615,0.0594477668797647,0.2469773658718824,True,512
hopper-expert-v2,3,0.1,mpi3,1,3,0.05545696091885844,0.22750656046085366,0.2436511563218727,0.2436511563218727,False,512
hopper-expert-v2,3,0.1,mpi3,2,3,0.06648090680444883,0.2727311809518114,0.0607809884372623,0.24633938109050457,False,512
hopper-expert-v2,3,0.1,mpi3,3,3,0.07700335552698322,0.3158984601684306,0.055200040819989436,0.25100912639312045,True,512
hopper-expert-v2,3,0.2,mpi1,1,1,0.0,0.0,0.24299603577021434,0.24299603577021434,True,512
hopper-expert-v2,3,0.2,mpi2,1,2,0.05453735897272615,0.2244372374218426,0.24430970599762256,0.24430970599762256,False,512
hopper-expert-v2,3,0.2,mpi2,2,2,0.0678964334258429,0.2794137493257222,0.062200368709426856,0.24577344780371063,True,512
hopper-expert-v2,3,0.2,mpi3,1,3,0.05388548100788418,0.22175456828785553,0.24251623058684374,0.24251623058684374,False,512
hopper-expert-v2,3,0.2,mpi3,2,3,0.06970810335210749,0.2868693027487327,0.06311021899577926,0.24732147773993374,False,512
hopper-expert-v2,3,0.2,mpi3,3,3,0.07911618463827112,0.3255863182602954,0.05205875499448231,0.2498217016054273,True,512
hopper-expert-v2,3,0.4,mpi1,1,1,0.0,0.0,0.24293756822879595,0.24293756822879595,True,512
hopper-expert-v2,3,0.4,mpi2,1,2,0.05348162874594949,0.22014556717543612,0.243312539070646,0.243312539070646,False,512
hopper-expert-v2,3,0.4,mpi2,2,2,0.06669506655920072,0.27453582846597047,0.06164969317613619,0.24652450098417314,True,512
hopper-expert-v2,3,0.4,mpi3,1,3,0.05348648013069611,0.22016553685234524,0.2432396787248797,0.2432396787248797,False,512
hopper-expert-v2,3,0.4,mpi3,2,3,0.06441503373161399,0.2651505660538621,0.06002516957978595,0.2458679961024167,False,512
hopper-expert-v2,3,0.4,mpi3,3,3,0.07682223973445101,0.3162221483261933,0.053863698920192944,0.25040073210365654,True,512
hopper-expert-v2,3,1.5,mpi1,1,1,0.0,0.0,0.2447609372097638,0.2447609372097638,True,512
hopper-expert-v2,3,1.5,mpi2,1,2,0.05406432095116648,0.22088623114248226,0.24457938335657567,0.24457938335657567,False,512
hopper-expert-v2,3,1.5,mpi2,2,2,0.06696632166453247,0.27359889379383,0.05953128744596391,0.24734743431954914,True,512
hopper-expert-v2,3,1.5,mpi3,1,3,0.053644794085930404,0.21917220410034632,0.243883922284345,0.243883922284345,False,512
hopper-expert-v2,3,1.5,mpi3,2,3,0.06758873842242098,0.27614185168974253,0.059836307277172866,0.2465845876440971,False,512
hopper-expert-v2,3,1.5,mpi3,3,3,0.07776931717526,0.3177358203552331,0.053899162498660724,0.25070594067146273,True,512
hopper-expert-v2,3,2.5,mpi1,1,1,0.0,0.0,0.24637918314082366,0.24637918314082366,True,512
hopper-expert-v2,3,2.5,mpi2,1,2,0.0580702824033389,0.23569475985374747,0.242942253431581,0.242942253431581,False,512
hopper-expert-v2,3,2.5,mpi2,2,2,0.06886819556546037,0.27952116200538407,0.05854774322818572,0.24739532032216152,True,512
hopper-expert-v2,3,2.5,mpi3,1,3,0.05788242173137406,0.23493227387757853,0.24384410167018536,0.24384410167018536,False,512
hopper-expert-v2,3,2.5,mpi3,2,3,0.07218265728437825,0.2929738477260906,0.06321128937396521,0.24737550108800602,False,512
hopper-expert-v2,3,2.5,mpi3,3,3,0.08412943549726658,0.3414632454933519,0.05412660884552943,0.2522397541374302,True,512
hopper-expert-v2,3,4.0,mpi1,1,1,0.0,0.0,0.3123930209477924,0.3123930209477924,True,512
hopper-expert-v2,3,4.0,mpi2,1,2,0.19916471409267442,0.6375453378837138,0.2455654616463529,0.2455654616463529,False,512
hopper-expert-v2,3,4.0,mpi2,2,2,0.2015542282975428,0.645194401866061,0.06085837361553038,0.24774953096208338,True,512
hopper-expert-v2,3,4.0,mpi3,1,3,0.2022383115573375,0.6473842179436392,0.24324044897431998,0.24324044897431998,False,512
hopper-expert-v2,3,4.0,mpi3,2,3,0.1991039250829646,0.6373507464375753,0.06005493869450322,0.2482075135085231,False,512
hopper-expert-v2,3,4.0,mpi3,3,3,0.19976555847582161,0.6394686983394764,0.055035341323147316,0.25171887220123546,True,512
hopper-expert-v2,3,7.0,mpi1,1,1,0.0,0.0,1.0209185490788844,1.0209185490788844,True,512
hopper-expert-v2,3,7.0,mpi2,1,2,1.0035630145086172,0.9830000791092237,0.26093702369720334,0.26093702369720334,False,512
hopper-expert-v2,3,7.0,mpi2,2,2,0.9879000236300188,0.9676580218092263,0.11011512259005686,0.30312903835018984,True,512
hopper-expert-v2,3,7.0,mpi3,1,3,0.9410757902470271,0.9217932136663648,0.2919849842071498,0.2919849842071498,False,512
hopper-expert-v2,3,7.0,mpi3,2,3,0.8922886094087049,0.8740056787231119,0.1719382179123226,0.3991397280058322,False,512
hopper-expert-v2,3,7.0,mpi3,3,3,0.8626527695070696,0.8449770750912413,0.15022375724278078,0.5052574477948543,True,512
hopper-expert-v2,3,10.0,mpi1,1,1,0.0,0.0,1.0213660215959774,1.0213660215959774,True,512
hopper-expert-v2,3,10.0,mpi2,1,2,0.9909952900766982,0.9702645957696711,0.2650252082385334,0.2650252082385334,False,512
hopper-expert-v2,3,10.0,mpi2,2,2,0.9785986662673813,0.9581272977323367,0.12261941803489301,0.3219662085253633,True,512
hopper-expert-v2,3,10.0,mpi3,1,3,0.9697683311817529,0.9494816849951612,0.28497119134101784,0.28497119134101784,False,512
hopper-expert-v2,3,10.0,mpi3,2,3,0.935705573786196,0.9161314886156785,0.16189484343993787,0.3774074018525415,False,512
hopper-expert-v2,3,10.0,mpi3,3,3,0.9270828477905085,0.9076891419805185,0.14807575484487404,0.4792061640261076,True,512
hopper-expert-v2,3,14.0,mpi1,1,1,0.0,0.0,0.9924515790804357,0.9924515790804357,True,512
hopper-expert-v2,3,14.0,mpi2,1,2,1.2542464824906048,1.263786071712171,1.0155444029900231,1.0155444029900231,False,512
hopper-expert-v2,3,14.0,mpi2,2,2,1.262573775482485,1.2721767007034575,0.11333828911574323,1.0321929715668583,True,512
hopper-expert-v2,3,14.0,mpi3,1,3,0.9913631841820792,0.9989033269518651,0.3372790493594306,0.3372790493594306,False,512
hopper-expert-v2,3,14.0,mpi3,2,3,1.0505093096596387,1.0584993079793343,0.2281348993201357,0.4984525188843475,False,512
hopper-expert-v2,3,14.0,mpi3,3,3,1.1101648892325868,1.1186086179249364,0.18885148361027243,0.6205478353773531,True,512
hopper-expert-v2,3,17.0,mpi1,1,1,0.0,0.0,1.0477870001075773,1.0477870001075773,True,512
hopper-expert-v2,3,17.0,mpi2,1,2,1.410693816549237,1.3463555249343615,1.0032979002734816,1.0032979002734816,False,512
hopper-expert-v2,3,17.0,mpi2,2,2,1.4196586359309855,1.3549114808498557,0.09523015550143898,1.0182377716069033,True,512
hopper-expert-v2,3,17.0,mpi3,1,3,1.4126945486440021,1.3482650085360472,1.0024562889708855,1.0024562889708855,False,512
hopper-expert-v2,3,17.0,mpi3,2,3,1.4304234895309416,1.3651853758293226,0.1393241665667338,1.0311782248079855,False,512
hopper-expert-v2,3,17.0,mpi3,3,3,1.4373205182106825,1.3717678479148065,0.0757252478224081,1.0414336926190373,True,512
hopper-expert-v2,3,20.0,mpi1,1,1,0.0,0.0,1.0515072553858817,1.0515072553858817,True,512
hopper-expert-v2,3,20.0,mpi2,1,2,0.9753491501734141,0.9275724396361685,0.999295307459603,0.999295307459603,False,512
hopper-expert-v2,3,20.0,mpi2,2,2,0.9784489919916441,0.930520438142458,0.15170966171201258,1.024685450341844,True,512
hopper-expert-v2,3,20.0,mpi3,1,3,0.9853502780559582,0.9370836701401121,1.0228127612193396,1.0228127612193396,False,512
hopper-expert-v2,3,20.0,mpi3,2,3,0.991105668696519,0.9425571374995443,0.10365801503785559,1.0369213008718192,False,512
hopper-expert-v2,3,20.0,mpi3,3,3,0.9915835796062077,0.94301163831943,0.009300485844391216,1.0374285292184964,True,512
walker2d-medium-v2,2,0.05,mpi1,1,1,0.0,0.0,0.19035104849040527,0.19035104849040527,True,512
walker2d-medium-v2,2,0.05,mpi2,1,2,0.05504826501831247,0.28919339008047124,0.18907931010426693,0.18907931010426693,False,512
walker2d-medium-v2,2,0.05,mpi2,2,2,0.06183093631125001,0.32482582471494303,0.05309271096945627,0.19153446509890196,True,512
walker2d-medium-v2,2,0.05,mpi3,1,3,0.05428616570194156,0.28518973828861194,0.18915295314606903,0.18915295314606903,False,512
walker2d-medium-v2,2,0.05,mpi3,2,3,0.05941337740633187,0.312125296275038,0.052145912483872243,0.1904609107589795,False,512
walker2d-medium-v2,2,0.05,mpi3,3,3,0.07193696482642871,0.37791735531235976,0.0548686966725571,0.19514849553993927,True,512
walker2d-medium-v2,2,0.1,mpi1,1,1,0.0,0.0,0.18967667414116018,0.18967667414116018,True,512
walker2d-medium-v2,2,0.1,mpi2,1,2,0.05439516573818803,0.2867783610424671,0.18865257730451657,0.18865257730451657,False,512
walker2d-medium-v2,2,0.1,mpi2,2,2,0.061652008502045476,0.3250373762678016,0.05545194054147617,0.1922584249650949,True,512
walker2d-medium-v2,2,0.1,mpi3,1,3,0.0540932497998165,0.28518662110007004,0.18942897238094952,0.18942897238094952,False,512
walker2d-medium-v2,2,0.1,mpi3,2,3,0.05735636446417404,0.30239018436968473,0.05362455318663105,0.19021054946359472,False,512
walker2d-medium-v2,2,0.1,mpi3,3,3,0.07135339829865961,0.3761843601578408,0.05845956354306335,0.19399123584999428,True,512
walker2d-medium-v2,2,0.2,mpi1,1,1,0.0,0.0,0.1910363484225563,0.1910363484225563,True,512
walker2d-medium-v2,2,0.2,mpi2,1,2,0.05399958368549283,0.282666540327971,0.18983870169311634,0.18983870169311634,False,512
walker2d-medium-v2,2,0.2,mpi2,2,2,0.05940513428518888,0.3109624674870236,0.05135140936415792,0.1917279302990973,True,512
walker2d-medium-v2,2,0.2,mpi3,1,3,0.05737150462292559,0.3003172176219819,0.1892754829185616,0.1892754829185616,False,512
walker2d-medium-v2,2,0.2,mpi3,2,3,0.06124990504598973,0.32061911542880894,0.05141502888756429,0.19080357617858926,False,512
walker2d-medium-v2,2,0.2,mpi3,3,3,0.07838347519981625,0.41030660315197515,0.05775901782472852,0.19624921185964497,True,512
walker2d-medium-v2,2,0.4,mpi1,1,1,0.0,0.0,0.18954872004720486,0.18954872004720486,True,512
walker2d-medium-v2,2,0.4,mpi2,1,2,0.05374707093979374,0.2835528033447478,0.18939005067182202,0.18939005067182202,False,512
walker2d-medium-v2,2,0.4,mpi2,2,2,0.06076946515934834,0.3206007676771145,0.05434052413407448,0.19130945195346696,True,512
walker2d-medium-v2,2,0.4,mpi3,1,3,0.05643518535935835,0.2977344576386685,0.19052386269591357,0.19052386269591357,False,512
walker2d-medium-v2,2,0.4,mpi3,2,3,0.06201630893060048,0.3271787270056799,0.05425628281242287,0.19160463910696804,False,512
walker2d-medium-v2,2,0.4,mpi3,3,3,0.07659435414368666,0.40408795229327715,0.06256532814204334,0.19638037989157714,True,512
walker2d-medium-v2,2,1.5,mpi1,1,1,0.0,0.0,0.1920083747648793,0.1920083747648793,True,512
walker2d-medium-v2,2,1.5,mpi2,1,2,0.05855928675586002,0.3049829822661008,0.19074341707064446,0.19074341707064446,False,512
walker2d-medium-v2,2,1.5,mpi2,2,2,0.06919842943249355,0.36039276681149635,0.05400500893414071,0.19583956140008954,True,512
walker2d-medium-v2,2,1.5,mpi3,1,3,0.05850589991660386,0.30470493793953674,0.18951053708372104,0.18951053708372104,False,512
walker2d-medium-v2,2,1.5,mpi3,2,3,0.06971018417914006,0.3630580398615556,0.05393635797861778,0.19518171947672439,False,512
walker2d-medium-v2,2,1.5,mpi3,3,3,0.08447100024899315,0.43993393700889727,0.05785289457843925,0.2023236160862118,True,512
walker2d-medium-v2,2,2.5,mpi1,1,1,0.0,0.0,0.19764370072000723,0.19764370072000723,True,512
walker2d-medium-v2,2,2.5,mpi2,1,2,0.07343358483183224,0.3715452835800835,0.1925747043319588,0.1925747043319588,False,512
walker2d-medium-v2,2,2.5,mpi2,2,2,0.08283319219466395,0.41910362886804037,0.05923841970566207,0.20193638811214992,True,512
walker2d-medium-v2,2,2.5,mpi3,1,3,0.07355639654718293,0.37216666293547557,0.19208755215662554,0.19208755215662554,False,512
walker2d-medium-v2,2,2.5,mpi3,2,3,0.07807235290001772,0.39501563983877863,0.05877178964853955,0.1973033586676473,False,512
walker2d-medium-v2,2,2.5,mpi3,3,3,0.09569676331516236,0.4841882790422528,0.061101405943266664,0.20595307942719593,True,512
walker2d-medium-v2,2,4.0,mpi1,1,1,0.0,0.0,0.200471685188983,0.200471685188983,True,512
walker2d-medium-v2,2,4.0,mpi2,1,2,0.08574339670346338,0.4277082652477021,0.194033101029816,0.194033101029816,False,512
walker2d-medium-v2,2,4.0,mpi2,2,2,0.09981492150268347,0.4979003464184419,0.06712000470993221,0.20618699790808132,True,512
walker2d-medium-v2,2,4.0,mpi3,1,3,0.08012355315523323,0.3996751615057329,0.1931317590850123,0.1931317590850123,False,512
walker2d-medium-v2,2,4.0,mpi3,2,3,0.0864424561044719,0.43119533824930595,0.06124504447602901,0.19963311024996278,False,512
walker2d-medium-v2,2,4.0,mpi3,3,3,0.10749589402369597,0.5362148471110046,0.06277150451296351,0.21368374085391073,True,512
walker2d-medium-v2,2,7.0,mpi1,1,1,0.0,0.0,0.39990757769923446,0.39990757769923446,True,512
walker2d-medium-v2,2,7.0,mpi2,1,2,0.8393116301433472,2.0987640068540614,0.7721209534989641,0.7721209534989641,False,512
walker2d-medium-v2,2,7.0,mpi2,2,2,0.9232239725192299,2.308593345069283,0.245922911783487,0.8865439313195378,True,512
walker2d-medium-v2,2,7.0,mpi3,1,3,0.3607248592866059,0.9020205652564619,0.19514078376363894,0.19514078376363894,False,512
walker2d-medium-v2,2,7.0,mpi3,2,3,0.3723950810212143,0.9312028623305759,0.07348637996510506,0.211938543403527,False,512
walker2d-medium-v2,2,7.0,mpi3,3,3,0.38472312078855997,0.9620300845559507,0.07587174747796084,0.23576957969549348,True,512
walker2d-medium-v2,2,10.0,mpi1,1,1,0.0,0.0,0.5371445413903947,0.5371445413903947,True,512
walker2d-medium-v2,2,10.0,mpi2,1,2,0.9210714342951452,1.7147552722232986,0.8748301628398791,0.8748301628398791,False,512
walker2d-medium-v2,2,10.0,mpi2,2,2,0.933375590164143,1.7376618735584786,0.08359736408904792,0.895833041454472,True,512
walker2d-medium-v2,2,10.0,mpi3,1,3,0.5045137027236632,0.9392512887084978,0.2027894121183491,0.2027894121183491,False,512
walker2d-medium-v2,2,10.0,mpi3,2,3,0.49849721361621613,0.9280504132572208,0.11281368383725168,0.2512279093815981,False,512
walker2d-medium-v2,2,10.0,mpi3,3,3,0.4987580894812012,0.9285360848872625,0.1357493602654324,0.324739021538963,True,512
walker2d-medium-v2,2,14.0,mpi1,1,1,0.0,0.0,0.6944783410306259,0.6944783410306259,True,512
walker2d-medium-v2,2,14.0,mpi2,1,2,0.9727239614943034,1.400654137104914,0.8788596941194956,0.8788596941194956,False,512
walker2d-medium-v2,2,14.0,mpi2,2,2,0.9789422307038033,1.409608007718462,0.08438049354149756,0.8881211372755788,True,512
walker2d-medium-v2,2,14.0,mpi3,1,3,0.8982391679556939,1.293401269538055,0.7868575081310498,0.7868575081310498,False,512
walker2d-medium-v2,2,14.0,mpi3,2,3,0.9753753913311048,1.4044720097154069,0.23270607822562528,0.882967814580355,False,512
walker2d-medium-v2,2,14.0,mpi3,3,3,0.9790905790407224,1.4098216188970325,0.061654818935144906,0.8893530896784374,True,512
walker2d-medium-v2,2,17.0,mpi1,1,1,0.0,0.0,0.8980773993266898,0.8980773993266898,True,512
walker2d-medium-v2,2,17.0,mpi2,1,2,0.07634159949191853,0.08500559033013598,0.8969861011675719,0.8969861011675719,False,512
walker2d-medium-v2,2,17.0,mpi2,2,2,0.09393010499181904,0.10459021133617291,0.0526838820440225,0.8996339540915473,True,512
walker2d-medium-v2,2,17.0,mpi3,1,3,0.08711880883241455,0.09700590271810604,0.8821370595998735,0.8821370595998735,False,512
walker2d-medium-v2,2,17.0,mpi3,2,3,0.05690734915853663,0.06336575132744843,0.0659631950421693,0.8983441780032883,False,512
walker2d-medium-v2,2,17.0,mpi3,3,3,0.058119619833985794,0.06471560232732665,0.011681320269898269,0.8983572679742367,True,512
walker2d-medium-v2,2,20.0,mpi1,1,1,0.0,0.0,0.8961950594400864,0.8961950594400864,True,512
walker2d-medium-v2,2,20.0,mpi2,1,2,0.1092107330913009,0.12186044984395722,0.89991898354062,0.89991898354062,False,512
walker2d-medium-v2,2,20.0,mpi2,2,2,0.10980195062788094,0.12252014722830723,0.0023792927397688624,0.8999422245718177,True,512
walker2d-medium-v2,2,20.0,mpi3,1,3,0.277953794110931,0.3101487686002058,0.8062227121312967,0.8062227121312967,False,512
walker2d-medium-v2,2,20.0,mpi3,2,3,0.16335795457820562,0.18227946344656976,0.21875732477986762,0.8820360781743385,False,512
walker2d-medium-v2,2,20.0,mpi3,3,3,0.1438281146557649,0.1604875112183993,0.07206942151890068,0.8873792551251138,True,512
walker2d-medium-v2,3,0.05,mpi1,1,1,0.0,0.0,0.1883916715323417,0.1883916715323417,True,512
walker2d-medium-v2,3,0.05,mpi2,1,2,0.051772640010348925,0.2748138470731758,0.19007576077019847,0.19007576077019847,False,512
walker2d-medium-v2,3,0.05,mpi2,2,2,0.05861178815928831,0.3111166628681155,0.05263553256916851,0.19160846008237276,True,512
walker2d-medium-v2,3,0.05,mpi3,1,3,0.052063667666484,0.2763586481451548,0.1888922408472636,0.1888922408472636,False,512
walker2d-medium-v2,3,0.05,mpi3,2,3,0.0602649090652329,0.31989157787629197,0.054477642696775824,0.19184984767590024,False,512
walker2d-medium-v2,3,0.05,mpi3,3,3,0.06329248375272013,0.33596221763898165,0.04550507976529799,0.19274300193779603,True,512
walker2d-medium-v2,3,0.1,mpi1,1,1,0.0,0.0,0.18864007444360695,0.18864007444360695,True,512
walker2d-medium-v2,3,0.1,mpi2,1,2,0.05240579336238021,0.2778083793539144,0.19083360823670945,0.19083360823670945,False,512
walker2d-medium-v2,3,0.1,mpi2,2,2,0.058584630089336204,0.3105630140474197,0.05031881489455774,0.19115188914252518,True,512
walker2d-medium-v2,3,0.1,mpi3,1,3,0.05037388177142903,0.2670370117272619,0.1868821970810332,0.1868821970810332,False,512
walker2d-medium-v2,3,0.1,mpi3,2,3,0.06031891191404593,0.31975661636031627,0.05323217135792344,0.19120013229574861,False,512
walker2d-medium-v2,3,0.1,mpi3,3,3,0.06228078373774659,0.3301566961391607,0.04587821328631043,0.19317388958936405,True,512
walker2d-medium-v2,3,0.2,mpi1,1,1,0.0,0.0,0.18971644273930507,0.18971644273930507,True,512
walker2d-medium-v2,3,0.2,mpi2,1,2,0.05241488675879831,0.27628014737142814,0.18980451071707663,0.18980451071707663,False,512
walker2d-medium-v2,3,0.2,mpi2,2,2,0.06020391002104139,0.3173362790897853,0.05014025661777312,0.19092321786472347,True,512
walker2d-medium-v2,3,0.2,mpi3,1,3,0.05493231859708084,0.2895495920328052,0.18806559550727184,0.18806559550727184,False,512
walker2d-medium-v2,3,0.2,mpi3,2,3,0.06260549997700703,0.32999511836217105,0.05628639934183643,0.19262784990750967,False,512
walker2d-medium-v2,3,0.2,mpi3,3,3,0.0648404124161176,0.341775396375193,0.050267922201507276,0.19344347712257684,True,512
walker2d-medium-v2,3,0.4,mpi1,1,1,0.0,0.0,0.18944563176810078,0.18944563176810078,True,512
walker2d-medium-v2,3,0.4,mpi2,1,2,0.05628357500469734,0.2970961878582332,0.19021367600793648,0.19021367600793648,False,512
walker2d-medium-v2,3,0.4,mpi2,2,2,0.0638379661246129,0.3369724893037204,0.05565730448821072,0.19093821652573276,True,512
walker2d-medium-v2,3,0.4,mpi3,1,3,0.05491235722252692,0.2898581334920659,0.18946262136956685,0.18946262136956685,False,512
walker2d-medium-v2,3,0.4,mpi3,2,3,0.06093211437375899,0.3216337785415164,0.05320973829571742,0.19111192111206501,False,512
walker2d-medium-v2,3,0.4,mpi3,3,3,0.06617224847776706,0.34929413711036683,0.04503304263023267,0.19447364574970583,True,512
walker2d-medium-v2,3,1.5,mpi1,1,1,0.0,0.0,0.19224929711016572,0.19224929711016572,True,512
walker2d-medium-v2,3,1.5,mpi2,1,2,0.06007489990358961,0.3124843669475917,0.189726127310954,0.189726127310954,False,512
walker2d-medium-v2,3,1.5,mpi2,2,2,0.06891990206856725,0.35849234876044145,0.05583468179997173,0.19456836683346068,True,512
walker2d-medium-v2,3,1.5,mpi3,1,3,0.06238198004551319,0.3244848276858255,0.19011815778988242,0.19011815778988242,False,512
walker2d-medium-v2,3,1.5,mpi3,2,3,0.06906994977339402,0.3592728338237537,0.058088113800761364,0.19383630967735585,False,512
walker2d-medium-v2,3,1.5,mpi3,3,3,0.07515423553600356,0.39092072983204457,0.051529768100327285,0.19782959834051975,True,512
walker2d-medium-v2,3,2.5,mpi1,1,1,0.0,0.0,0.19685452112242782,0.19685452112242782,True,512
walker2d-medium-v2,3,2.5,mpi2,1,2,0.06901676677734563,0.3505978241384799,0.19207533221032602,0.19207533221032602,False,512
walker2d-medium-v2,3,2.5,mpi2,2,2,0.08169816305166215,0.41501796649543243,0.062601942426956,0.20087573275270618,True,512
walker2d-medium-v2,3,2.5,mpi3,1,3,0.07030262947409058,0.3571298696785732,0.1897049503810849,0.1897049503810849,False,512
walker2d-medium-v2,3,2.5,mpi3,2,3,0.07481216877220359,0.3800378489944683,0.058878338366406754,0.19563678290083755,False,512
walker2d-medium-v2,3,2.5,mpi3,3,3,0.08540352710376192,0.4338408212156211,0.05565051218458078,0.20160593698883467,True,512
walker2d-medium-v2,3,4.0,mpi1,1,1,0.0,0.0,0.7841629334435126,0.7841629334435126,True,512
walker2d-medium-v2,3,4.0,mpi2,1,2,0.7483829359923537,0.9543717307651391,0.19385182146939164,0.19385182146939164,False,512
walker2d-medium-v2,3,4.0,mpi2,2,2,0.7517616763159624,0.9586804530720856,0.0704542649379294,0.20729093984071098,True,512
walker2d-medium-v2,3,4.0,mpi3,1,3,0.7582637338739304,0.9669721706229464,0.19145992226878036,0.19145992226878036,False,512
walker2d-medium-v2,3,4.0,mpi3,2,3,0.7541112170197155,0.9616766935261396,0.06493780812578764,0.1997360803764219,False,512
walker2d-medium-v2,3,4.0,mpi3,3,3,0.7543495860331413,0.9619806724612049,0.06163526108112745,0.210165176817162,True,512
walker2d-medium-v2,3,7.0,mpi1,1,1,0.0,0.0,0.889753110406168,0.889753110406168,True,512
walker2d-medium-v2,3,7.0,mpi2,1,2,0.8542512515239354,0.9600992022764313,0.20106903150955574,0.20106903150955574,False,512
walker2d-medium-v2,3,7.0,mpi2,2,2,0.8522839036731314,0.9578880857006141,0.09143050218994452,0.232285073143515,True,512
walker2d-medium-v2,3,7.0,mpi3,1,3,0.8633682171396067,0.9703458263219594,0.1944955797370174,0.1944955797370174,False,512
walker2d-medium-v2,3,7.0,mpi3,2,3,0.8629443178370141,0.9698694028089254,0.07608990458899194,0.21372842194565667,False,512
walker2d-medium-v2,3,7.0,mpi3,3,3,0.8763824083179577,0.9849725705571215,0.0822839888273571,0.23969125918541337,True,512
walker2d-medium-v2,3,10.0,mpi1,1,1,0.0,0.0,0.8976638959471894,0.8976638959471894,True,512
walker2d-medium-v2,3,10.0,mpi2,1,2,0.8795903955011247,0.9798660717806924,0.2172809777616145,0.2172809777616145,False,512
walker2d-medium-v2,3,10.0,mpi2,2,2,0.8927908415341215,0.9945714042471029,0.12169657848091285,0.28109621298242365,True,512
walker2d-medium-v2,3,10.0,mpi3,1,3,0.7456247697570431,0.8306280035583709,0.42431054097156284,0.42431054097156284,False,512
walker2d-medium-v2,3,10.0,mpi3,2,3,0.7256217793537068,0.8083446183251598,0.20425086442569704,0.5620641640864392,False,512
walker2d-medium-v2,3,10.0,mpi3,3,3,0.7311057015111028,0.8144537223920104,0.162956083702167,0.6627607838836493,True,512
walker2d-medium-v2,3,14.0,mpi1,1,1,0.0,0.0,0.8985124377326311,0.8985124377326311,True,512
walker2d-medium-v2,3,14.0,mpi2,1,2,0.12483295972383851,0.13893292344271904,0.8858727325590421,0.8858727325590421,False,512
walker2d-medium-v2,3,14.0,mpi2,2,2,0.11330625726478065,0.12610427246917755,0.07326007196021184,0.8936985218049571,True,512
walker2d-medium-v2,3,14.0,mpi3,1,3,0.9085756745565001,1.011199885946224,0.276797513368159,0.276797513368159,False,512
walker2d-medium-v2,3,14.0,mpi3,2,3,0.9969649188183912,1.1095727526423584,0.2224589362881798,0.4393098780917937,False,512
walker2d-medium-v2,3,14.0,mpi3,3,3,1.0764255270382803,1.1980084880679087,0.21389818347985853,0.5974867906966331,True,512
walker2d-medium-v2,3,17.0,mpi1,1,1,0.0,0.0,0.897915405897487,0.897915405897487,True,512
walker2d-medium-v2,3,17.0,mpi2,1,2,0.15193304908715013,0.16920641754140478,0.8703346768464866,0.8703346768464866,False,512
walker2d-medium-v2,3,17.0,mpi2,2,2,0.07710279337428698,0.08586866075342696,0.1185118882975835,0.8928278251919999,True,512
walker2d-medium-v2,3,17.0,mpi3,1,3,0.2705492719367695,0.3013081969190063,0.8571752135535816,0.8571752135535816,False,512
walker2d-medium-v2,3,17.0,mpi3,2,3,0.1944019539180185,0.21650364014381657,0.178830662368748,0.8759240055966316,False,512
walker2d-medium-v2,3,17.0,mpi3,3,3,0.18977867490200778,0.21135473749035374,0.04733077782772098,0.8790951275592971,True,512
walker2d-medium-v2,3,20.0,mpi1,1,1,0.0,0.0,0.8998528082759253,0.8998528082759253,True,512
walker2d-medium-v2,3,20.0,mpi2,1,2,0.0764305307183368,0.08493670299787587,0.8939787989414425,0.8939787989414425,False,512
walker2d-medium-v2,3,20.0,mpi2,2,2,0.08277030429891445,0.09198204810573228,0.047305900935149095,0.897913307482334,True,512
walker2d-medium-v2,3,20.0,mpi3,1,3,0.9184734537831695,1.0206929903824165,0.27915126105528554,0.27915126105528554,False,512
walker2d-medium-v2,3,20.0,mpi3,2,3,0.9776524774254868,1.0864582167594963,0.19198812315670766,0.41579882682777775,False,512
walker2d-medium-v2,3,20.0,mpi3,3,3,1.0184315568133309,1.1317757164803395,0.15275759037526368,0.5041895351732023,True,512
walker2d-medium-replay-v2,2,0.05,mpi1,1,1,0.0,0.0,0.33488334085650673,0.33488334085650673,True,512
walker2d-medium-replay-v2,2,0.05,mpi2,1,2,0.170682260113788,0.5096767718491055,0.33420738523455734,0.33420738523455734,False,512
walker2d-medium-replay-v2,2,0.05,mpi2,2,2,0.16457137657400261,0.4914289739020472,0.12604318017701863,0.3460703009949246,True,512
walker2d-medium-replay-v2,2,0.05,mpi3,1,3,0.16676336343150672,0.49797449764144197,0.33127691552043503,0.33127691552043503,False,512
walker2d-medium-replay-v2,2,0.05,mpi3,2,3,0.16144991316024854,0.4821079267404579,0.12946630724028815,0.3494907292395696,False,512
walker2d-medium-replay-v2,2,0.05,mpi3,3,3,0.16302075179474584,0.4867986307643717,0.09342473171007169,0.35288385204609257,True,512
walker2d-medium-replay-v2,2,0.1,mpi1,1,1,0.0,0.0,0.33277895820909037,0.33277895820909037,True,512
walker2d-medium-replay-v2,2,0.1,mpi2,1,2,0.16941194985085767,0.5090825176044136,0.33412092326094844,0.33412092326094844,False,512
walker2d-medium-replay-v2,2,0.1,mpi2,2,2,0.1544126779727587,0.46400974029054665,0.1393687232176344,0.3495406472202499,True,512
walker2d-medium-replay-v2,2,0.1,mpi3,1,3,0.16735971194589397,0.5029155474449775,0.3294639284346699,0.3294639284346699,False,512
walker2d-medium-replay-v2,2,0.1,mpi3,2,3,0.15851764383645545,0.4763451532198627,0.13973157824581653,0.34743952547096146,False,512
walker2d-medium-replay-v2,2,0.1,mpi3,3,3,0.16170202506995762,0.4859142114639281,0.09609039412877406,0.35450119731621976,True,512
walker2d-medium-replay-v2,2,0.2,mpi1,1,1,0.0,0.0,0.33539783181222776,0.33539783181222776,True,512
walker2d-medium-replay-v2,2,0.2,mpi2,1,2,0.16988607154356597,0.5065210786415476,0.3337706951058981,0.3337706951058981,False,512
walker2d-medium-replay-v2,2,0.2,mpi2,2,2,0.16149136875022554,0.4814919878213058,0.1387793075960549,0.3504561831661232,True,512
walker2d-medium-replay-v2,2,0.2,mpi3,1,3,0.17007575855994675,0.5070866369081466,0.327355868893729,0.327355868893729,False,512
walker2d-medium-replay-v2,2,0.2,mpi3,2,3,0.16028577388807094,0.47789746589002047,0.1323671571357893,0.34816536937000586,False,512
walker2d-medium-replay-v2,2,0.2,mpi3,3,3,0.1653827550669417,0.4930942879783764,0.09689689281795141,0.35747843293471276,True,512
walker2d-medium-replay-v2,2,0.4,mpi1,1,1,0.0,0.0,0.3418881570459566,0.3418881570459566,True,512
walker2d-medium-replay-v2,2,0.4,mpi2,1,2,0.16810657982957616,0.49170050604291415,0.34057351952290316,0.34057351952290316,False,512
walker2d-medium-replay-v2,2,0.4,mpi2,2,2,0.15874837638500205,0.46432838667664966,0.135363490726072,0.3580911113829308,True,512
walker2d-medium-replay-v2,2,0.4,mpi3,1,3,0.16763026681006066,0.490307322308119,0.32855085305165654,0.32855085305165654,False,512
walker2d-medium-replay-v2,2,0.4,mpi3,2,3,0.16096662585096486,0.4708166180477779,0.1373630330815115,0.35355094594233794,False,512
walker2d-medium-replay-v2,2,0.4,mpi3,3,3,0.16446796911343645,0.4810578129833514,0.0990529729969559,0.36202637688871026,True,512
walker2d-medium-replay-v2,2,1.5,mpi1,1,1,0.0,0.0,0.34877835696315956,0.34877835696315956,True,512
walker2d-medium-replay-v2,2,1.5,mpi2,1,2,0.17294055388740143,0.49584657543893595,0.33568250966237806,0.33568250966237806,False,512
walker2d-medium-replay-v2,2,1.5,mpi2,2,2,0.18074008159280444,0.5182089942923135,0.14892507989068696,0.3736002784592087,True,512
walker2d-medium-replay-v2,2,1.5,mpi3,1,3,0.1810943119482669,0.5192246259919028,0.3387497982033413,0.3387497982033413,False,512
walker2d-medium-replay-v2,2,1.5,mpi3,2,3,0.1818044216346428,0.5212606172516785,0.1448442239290706,0.36550101255666606,False,512
walker2d-medium-replay-v2,2,1.5,mpi3,3,3,0.2073199538817969,0.594417485324915,0.11632615964682011,0.3922765422712145,True,512
walker2d-medium-replay-v2,2,2.5,mpi1,1,1,0.0,0.0,0.3671021980309423,0.3671021980309423,True,512
walker2d-medium-replay-v2,2,2.5,mpi2,1,2,0.22204943146308262,0.6048708851488994,0.3472644873085948,0.3472644873085948,False,512
walker2d-medium-replay-v2,2,2.5,mpi2,2,2,0.2500369990001332,0.6811100569304085,0.16669905896644802,0.39707871981818427,True,512
walker2d-medium-replay-v2,2,2.5,mpi3,1,3,0.21579126325182799,0.5878234028815033,0.33911184039016096,0.33911184039016096,False,512
walker2d-medium-replay-v2,2,2.5,mpi3,2,3,0.22212310175202063,0.605071565747744,0.15880776506831568,0.37677777188377765,False,512
walker2d-medium-replay-v2,2,2.5,mpi3,3,3,0.25664596836543135,0.6991131345495218,0.12847027534825634,0.4108405240677953,True,512
walker2d-medium-replay-v2,2,4.0,mpi1,1,1,0.0,0.0,0.37711880770013767,0.37711880770013767,True,512
walker2d-medium-replay-v2,2,4.0,mpi2,1,2,0.25162237588253983,0.6672230892356207,0.36056856704946394,0.36056856704946394,False,512
walker2d-medium-replay-v2,2,4.0,mpi2,2,2,0.32343159917122505,0.8576384751099407,0.19606717333244986,0.43751326135487156,True,512
walker2d-medium-replay-v2,2,4.0,mpi3,1,3,0.21268195685289443,0.5639653936910153,0.3511857159296694,0.3511857159296694,False,512
walker2d-medium-replay-v2,2,4.0,mpi3,2,3,0.2246499319005879,0.5957006845418754,0.16955618273866174,0.40402213354598,False,512
walker2d-medium-replay-v2,2,4.0,mpi3,3,3,0.26643606843469253,0.7065043243521988,0.14022765556912425,0.4493681117657286,True,512
walker2d-medium-replay-v2,2,7.0,mpi1,1,1,0.0,0.0,0.41241444960955914,0.41241444960955914,True,512
walker2d-medium-replay-v2,2,7.0,mpi2,1,2,0.2566243299705245,0.6222486389928281,0.3666949488462635,0.3666949488462635,False,512
walker2d-medium-replay-v2,2,7.0,mpi2,2,2,0.2872519138141524,0.6965127290910864,0.2109992461413686,0.4557447391674833,True,512
walker2d-medium-replay-v2,2,7.0,mpi3,1,3,0.25499262181326504,0.6182921623009853,0.3560707471454305,0.3560707471454305,False,512
walker2d-medium-replay-v2,2,7.0,mpi3,2,3,0.2690841579390285,0.652460548348332,0.18734401754735683,0.4255672505906311,False,512
walker2d-medium-replay-v2,2,7.0,mpi3,3,3,0.316473219611771,0.7673669531011399,0.1564031158563743,0.4856526601123855,True,512
walker2d-medium-replay-v2,2,10.0,mpi1,1,1,0.0,0.0,0.5074206885631279,0.5074206885631279,True,512
walker2d-medium-replay-v2,2,10.0,mpi2,1,2,0.4518568039216627,0.8904974000985131,0.39801294219754996,0.39801294219754996,False,512
walker2d-medium-replay-v2,2,10.0,mpi2,2,2,0.5260423738346982,1.036698711131195,0.2342826816634964,0.5129935558023905,True,512
walker2d-medium-replay-v2,2,10.0,mpi3,1,3,0.41359944579625013,0.8151016604534729,0.366420624927068,0.366420624927068,False,512
walker2d-medium-replay-v2,2,10.0,mpi3,2,3,0.4434537290791024,0.8739370291243703,0.20667600982156567,0.4570875417529935,False,512
walker2d-medium-replay-v2,2,10.0,mpi3,3,3,0.4954176156197529,0.9763449279583685,0.18089736112982643,0.5329166581800237,True,512
walker2d-medium-replay-v2,2,14.0,mpi1,1,1,0.0,0.0,0.5447549209203927,0.5447549209203927,True,512
walker2d-medium-replay-v2,2,14.0,mpi2,1,2,0.47718092703252485,0.8759552391491977,0.43406198714331756,0.43406198714331756,False,512
walker2d-medium-replay-v2,2,14.0,mpi2,2,2,0.5634598255762904,1.0343363665706677,0.2751540586634139,0.5721023081050154,True,512
walker2d-medium-replay-v2,2,14.0,mpi3,1,3,0.4453379115708314,0.8175014019486214,0.38684843123417134,0.38684843123417134,False,512
walker2d-medium-replay-v2,2,14.0,mpi3,2,3,0.4859608430255205,0.8920724244298034,0.22550738587879862,0.4886903300054392,False,512
walker2d-medium-replay-v2,2,14.0,mpi3,3,3,0.5455979301026832,1.001547501729523,0.20127472563731938,0.5714521584117785,True,512
walker2d-medium-replay-v2,2,17.0,mpi1,1,1,0.0,0.0,0.5542078005322414,0.5542078005322414,True,512
walker2d-medium-replay-v2,2,17.0,mpi2,1,2,0.4684147949926064,0.8451970443987933,0.4213685679847787,0.4213685679847787,False,512
walker2d-medium-replay-v2,2,17.0,mpi2,2,2,0.5388359676462022,0.9722634129810577,0.2638390774450293,0.5564227185595528,True,512
walker2d-medium-replay-v2,2,17.0,mpi3,1,3,0.45113162000431584,0.8140116749909784,0.39579881616166585,0.39579881616166585,False,512
walker2d-medium-replay-v2,2,17.0,mpi3,2,3,0.4958323578999775,0.8946686737786761,0.24832449867166664,0.5093977804283385,False,512
walker2d-medium-replay-v2,2,17.0,mpi3,3,3,0.5550178774476335,1.0014616844342756,0.21433870682454914,0.592747903284937,True,512
walker2d-medium-replay-v2,2,20.0,mpi1,1,1,0.0,0.0,0.6417007557021817,0.6417007557021817,True,512
walker2d-medium-replay-v2,2,20.0,mpi2,1,2,0.6262135835405517,0.975865429448212,0.504902925123335,0.504902925123335,False,512
walker2d-medium-replay-v2,2,20.0,mpi2,2,2,0.7587052240851896,1.1823349393674558,0.31563825917298943,0.704482596982038,True,512
walker2d-medium-replay-v2,2,20.0,mpi3,1,3,0.5665373079016244,0.8828683819792146,0.4865692590826242,0.4865692590826242,False,512
walker2d-medium-replay-v2,2,20.0,mpi3,2,3,0.6706680781310668,1.0451414809340338,0.3098865427674242,0.6848100656637256,False,512
walker2d-medium-replay-v2,2,20.0,mpi3,3,3,0.7517734083633573,1.1715326835492479,0.22100043347826678,0.7974903731178629,True,512
walker2d-medium-replay-v2,3,0.05,mpi1,1,1,0.0,0.0,0.3314387907428308,0.3314387907428308,True,512
walker2d-medium-replay-v2,3,0.05,mpi2,1,2,0.16952483165940277,0.5114815658102617,0.3314695635253836,0.3314695635253836,False,512
walker2d-medium-replay-v2,3,0.05,mpi2,2,2,0.15641763323894242,0.47193520374719694,0.1334887127173309,0.34788351251937955,True,512
walker2d-medium-replay-v2,3,0.05,mpi3,1,3,0.1689441488671794,0.5097295596829103,0.33932826286545026,0.33932826286545026,False,512
walker2d-medium-replay-v2,3,0.05,mpi3,2,3,0.1593420983942119,0.48075874895961784,0.13437551994530864,0.3499479003057416,False,512
walker2d-medium-replay-v2,3,0.05,mpi3,3,3,0.1615430310162412,0.487399289184546,0.09296749563082983,0.3560316825309122,True,512
walker2d-medium-replay-v2,3,0.1,mpi1,1,1,0.0,0.0,0.337481830395308,0.337481830395308,True,512
walker2d-medium-replay-v2,3,0.1,mpi2,1,2,0.16506461398060548,0.4891066692012951,0.3319247304533257,0.3319247304533257,False,512
walker2d-medium-replay-v2,3,0.1,mpi2,2,2,0.15599618256900225,0.46223579617983207,0.13607735471253063,0.348287820394389,True,512
walker2d-medium-replay-v2,3,0.1,mpi3,1,3,0.16345231401286192,0.4843292269139429,0.33247538836323554,0.33247538836323554,False,512
walker2d-medium-replay-v2,3,0.1,mpi3,2,3,0.15670009776816418,0.46432158313416205,0.1329756051947498,0.34866903890939865,False,512
walker2d-medium-replay-v2,3,0.1,mpi3,3,3,0.15995159870803294,0.47395617867982487,0.09377345845823105,0.35820990823270893,True,512
walker2d-medium-replay-v2,3,0.2,mpi1,1,1,0.0,0.0,0.334493125967831,0.334493125967831,True,512
walker2d-medium-replay-v2,3,0.2,mpi2,1,2,0.16682115241421644,0.4987281933867306,0.3364882860314925,0.3364882860314925,False,512
walker2d-medium-replay-v2,3,0.2,mpi2,2,2,0.15699694278992712,0.46935775536692464,0.13636126879442928,0.3507767027767572,True,512
walker2d-medium-replay-v2,3,0.2,mpi3,1,3,0.1711612308472695,0.5117032834442478,0.32988104250603917,0.32988104250603917,False,512
walker2d-medium-replay-v2,3,0.2,mpi3,2,3,0.15535315673295605,0.4644434957622918,0.13193818714613773,0.34777636190590927,False,512
walker2d-medium-replay-v2,3,0.2,mpi3,3,3,0.15997294760231093,0.47825481357633615,0.09145928752683523,0.3577909401194966,True,512
walker2d-medium-replay-v2,3,0.4,mpi1,1,1,0.0,0.0,0.33445586254981874,0.33445586254981874,True,512
walker2d-medium-replay-v2,3,0.4,mpi2,1,2,0.16942833413670216,0.5065790530475902,0.33489786750777273,0.33489786750777273,False,512
walker2d-medium-replay-v2,3,0.4,mpi2,2,2,0.15890935478352775,0.4751280290679834,0.13846872700477636,0.35665395152936546,True,512
walker2d-medium-replay-v2,3,0.4,mpi3,1,3,0.17187672167435922,0.5138995632009811,0.3326729818302922,0.3326729818302922,False,512
walker2d-medium-replay-v2,3,0.4,mpi3,2,3,0.15516292454271013,0.4639264606091272,0.13363962631197293,0.3490121945632367,False,512
walker2d-medium-replay-v2,3,0.4,mpi3,3,3,0.1604589394310926,0.47976118046724775,0.0953055805302494,0.36237500398066164,True,512
walker2d-medium-replay-v2,3,1.5,mpi1,1,1,0.0,0.0,0.3518456682002293,0.3518456682002293,True,512
walker2d-medium-replay-v2,3,1.5,mpi2,1,2,0.18291152681601505,0.5198629494336229,0.34282751384422594,0.34282751384422594,False,512
walker2d-medium-replay-v2,3,1.5,mpi2,2,2,0.1878281612114407,0.5338367875103437,0.16478024407244055,0.3821385521915018,True,512
walker2d-medium-replay-v2,3,1.5,mpi3,1,3,0.1877405696387316,0.5335878386653653,0.3425803331733732,0.3425803331733732,False,512
walker2d-medium-replay-v2,3,1.5,mpi3,2,3,0.17552138628131905,0.498859022989116,0.14350867741451853,0.3665209372326362,False,512
walker2d-medium-replay-v2,3,1.5,mpi3,3,3,0.2013670754262425,0.5723164831225035,0.11016880521508708,0.3913733040865389,True,512
walker2d-medium-replay-v2,3,2.5,mpi1,1,1,0.0,0.0,0.3634612070640195,0.3634612070640195,True,512
walker2d-medium-replay-v2,3,2.5,mpi2,1,2,0.20084568004707912,0.5525917928614111,0.3490183346176693,0.3490183346176693,False,512
walker2d-medium-replay-v2,3,2.5,mpi2,2,2,0.2224469861600268,0.6120240120174513,0.17574364187984015,0.4007193624199614,True,512
walker2d-medium-replay-v2,3,2.5,mpi3,1,3,0.19614090301003656,0.5396474209570558,0.3427359823098325,0.3427359823098325,False,512
walker2d-medium-replay-v2,3,2.5,mpi3,2,3,0.1987694706606218,0.5468794655315466,0.1571996475133429,0.37522415597020253,False,512
walker2d-medium-replay-v2,3,2.5,mpi3,3,3,0.2368961400076111,0.6517783339829293,0.12788316035031436,0.41658725388444684,True,512
walker2d-medium-replay-v2,3,4.0,mpi1,1,1,0.0,0.0,0.3839613935209174,0.3839613935209174,True,512
walker2d-medium-replay-v2,3,4.0,mpi2,1,2,0.2336013930117617,0.6083981279202113,0.3574057309150232,0.3574057309150232,False,512
walker2d-medium-replay-v2,3,4.0,mpi2,2,2,0.2543617113748803,0.662466892940431,0.18668178757900816,0.4181416996953125,True,512
walker2d-medium-replay-v2,3,4.0,mpi3,1,3,0.23135471541703873,0.6025468167398841,0.3475533233543464,0.3475533233543464,False,512
walker2d-medium-replay-v2,3,4.0,mpi3,2,3,0.2411068503922218,0.6279455551019788,0.17768160155377516,0.39875705707787384,False,512
walker2d-medium-replay-v2,3,4.0,mpi3,3,3,0.28309927200971907,0.7373118151637722,0.1405408403962834,0.448524023899005,True,512
walker2d-medium-replay-v2,3,7.0,mpi1,1,1,0.0,0.0,0.4174449798163226,0.4174449798163226,True,512
walker2d-medium-replay-v2,3,7.0,mpi2,1,2,0.295817825881438,0.7086390786436071,0.3713016391763329,0.3713016391763329,False,512
walker2d-medium-replay-v2,3,7.0,mpi2,2,2,0.3409946372820152,0.8168612721898204,0.2171620046022018,0.45812623211842274,True,512
walker2d-medium-replay-v2,3,7.0,mpi3,1,3,0.29398217462469833,0.7042417296623177,0.35954663588147123,0.35954663588147123,False,512
walker2d-medium-replay-v2,3,7.0,mpi3,2,3,0.32262385120770615,0.7728535898303577,0.19486384890551522,0.43056725978576066,False,512
walker2d-medium-replay-v2,3,7.0,mpi3,3,3,0.3692791890566688,0.8846176308531798,0.16111562690887274,0.4912664565973746,True,512
walker2d-medium-replay-v2,3,10.0,mpi1,1,1,0.0,0.0,0.5562197490575115,0.5562197490575115,True,512
walker2d-medium-replay-v2,3,10.0,mpi2,1,2,0.47074861743313157,0.8463356761977496,0.38922044516037324,0.38922044516037324,False,512
walker2d-medium-replay-v2,3,10.0,mpi2,2,2,0.5105632169986811,0.9179163772300548,0.23895190283793258,0.4979449067883304,True,512
walker2d-medium-replay-v2,3,10.0,mpi3,1,3,0.47725424683927725,0.8580318258169768,0.37136917416188997,0.37136917416188997,False,512
walker2d-medium-replay-v2,3,10.0,mpi3,2,3,0.5083674100223171,0.9139686443779137,0.20498265643514577,0.4506539172413552,False,512
walker2d-medium-replay-v2,3,10.0,mpi3,3,3,0.5511579744185244,0.9908996855153669,0.17276383169055615,0.5166241903994111,True,512
walker2d-medium-replay-v2,3,14.0,mpi1,1,1,0.0,0.0,0.5173548989140742,0.5173548989140742,True,512
walker2d-medium-replay-v2,3,14.0,mpi2,1,2,0.4516201408673995,0.8729406869739676,0.4111214739792863,0.4111214739792863,False,512
walker2d-medium-replay-v2,3,14.0,mpi2,2,2,0.5392203084168051,1.0422638493394503,0.2586794753774043,0.5456137468915132,True,512
walker2d-medium-replay-v2,3,14.0,mpi3,1,3,0.4224595479323323,0.8165759110797505,0.3906081553479016,0.3906081553479016,False,512
walker2d-medium-replay-v2,3,14.0,mpi3,2,3,0.47080045492770406,0.9100144908570738,0.22836702671159867,0.490789741712291,False,512
walker2d-medium-replay-v2,3,14.0,mpi3,3,3,0.5258219029731983,1.0163659493258812,0.19059044032352193,0.5633154312365661,True,512
walker2d-medium-replay-v2,3,17.0,mpi1,1,1,0.0,0.0,0.501280499604555,0.501280499604555,True,512
walker2d-medium-replay-v2,3,17.0,mpi2,1,2,0.49131663236628836,0.9801231700691991,0.4953844814907055,0.4953844814907055,False,512
walker2d-medium-replay-v2,3,17.0,mpi2,2,2,0.6401360594737139,1.2770017185561733,0.3127540559169909,0.6686107930040132,True,512
walker2d-medium-replay-v2,3,17.0,mpi3,1,3,0.4209535824345386,0.8397565490112145,0.42003843676644337,0.42003843676644337,False,512
walker2d-medium-replay-v2,3,17.0,mpi3,2,3,0.5009388602963969,0.9993184667896964,0.2635026753071788,0.5673835125380629,False,512
walker2d-medium-replay-v2,3,17.0,mpi3,3,3,0.5807391929794743,1.1585114390797204,0.21995707168616715,0.6616200198602343,True,512
walker2d-medium-replay-v2,3,20.0,mpi1,1,1,0.0,0.0,0.653366355952012,0.653366355952012,True,512
walker2d-medium-replay-v2,3,20.0,mpi2,1,2,0.5828891890889946,0.8921322375708709,0.44809895033630603,0.44809895033630603,False,512
walker2d-medium-replay-v2,3,20.0,mpi2,2,2,0.63101922153339,0.9657969312085862,0.2735079850226883,0.5790018371919565,True,512
walker2d-medium-replay-v2,3,20.0,mpi3,1,3,0.5220141036891749,0.7989607957828723,0.45475811665423177,0.45475811665423177,False,512
walker2d-medium-replay-v2,3,20.0,mpi3,2,3,0.575979533007374,0.8815567678995675,0.3029685351234799,0.6325640802783855,False,512
walker2d-medium-replay-v2,3,20.0,mpi3,3,3,0.6570978582383508,1.0057111944200152,0.24058456634957437,0.7498743131175275,True,512
walker2d-expert-v2,2,0.05,mpi1,1,1,0.0,0.0,0.17534827921546878,0.17534827921546878,True,512
walker2d-expert-v2,2,0.05,mpi2,1,2,0.03521341852735826,0.20081986937600824,0.1738165187759145,0.1738165187759145,False,512
walker2d-expert-v2,2,0.05,mpi2,2,2,0.04556081833110164,0.2598304273925397,0.0408673166572649,0.17796278023491718,True,512
walker2d-expert-v2,2,0.05,mpi3,1,3,0.03585514975042177,0.20447962141882667,0.1738699929880136,0.1738699929880136,False,512
walker2d-expert-v2,2,0.05,mpi3,2,3,0.044293820198437646,0.25260481823154474,0.039260027930829104,0.1768490920193757,False,512
walker2d-expert-v2,2,0.05,mpi3,3,3,0.048829287393736084,0.2784702970123501,0.038680738184332764,0.17771074703350567,True,512
walker2d-expert-v2,2,0.1,mpi1,1,1,0.0,0.0,0.1749118840237713,0.1749118840237713,True,512
walker2d-expert-v2,2,0.1,mpi2,1,2,0.03653828248815835,0.2088953686142483,0.17437887391633822,0.17437887391633822,False,512
walker2d-expert-v2,2,0.1,mpi2,2,2,0.04548162967852938,0.2600259549679782,0.04098428035172994,0.17755930326563182,True,512
walker2d-expert-v2,2,0.1,mpi3,1,3,0.03555681206796021,0.2032841408484736,0.17387576608807156,0.17387576608807156,False,512
walker2d-expert-v2,2,0.1,mpi3,2,3,0.045667246323971344,0.2610871558490843,0.03894149243423673,0.17808461003408443,False,512
walker2d-expert-v2,2,0.1,mpi3,3,3,0.050555750683495077,0.2890355390410427,0.03850706388733333,0.1781662336464306,True,512
walker2d-expert-v2,2,0.2,mpi1,1,1,0.0,0.0,0.17402637628869905,0.17402637628869905,True,512
walker2d-expert-v2,2,0.2,mpi2,1,2,0.03702801011022648,0.21277240209150416,0.17419229283342122,0.17419229283342122,False,512
walker2d-expert-v2,2,0.2,mpi2,2,2,0.045198553776267865,0.2597224325425604,0.03964063311390717,0.17764753015461393,True,512
walker2d-expert-v2,2,0.2,mpi3,1,3,0.03654092564724502,0.20997349037841181,0.1736857506314045,0.1736857506314045,False,512
walker2d-expert-v2,2,0.2,mpi3,2,3,0.044247377039187005,0.2542567281053036,0.040384539364527225,0.1772119712635715,False,512
walker2d-expert-v2,2,0.2,mpi3,3,3,0.05017817531057701,0.28833660954552376,0.04018323543186376,0.17799773542323957,True,512
walker2d-expert-v2,2,0.4,mpi1,1,1,0.0,0.0,0.17456544899278947,0.17456544899278947,True,512
walker2d-expert-v2,2,0.4,mpi2,1,2,0.03634603359660761,0.20820863353153524,0.1740120132612323,0.1740120132612323,False,512
walker2d-expert-v2,2,0.4,mpi2,2,2,0.04369167355183517,0.25028820882899844,0.040169802605234006,0.1775662598886119,True,512
walker2d-expert-v2,2,0.4,mpi3,1,3,0.0359322641017486,0.20583835065341483,0.174183617025134,0.174183617025134,False,512
walker2d-expert-v2,2,0.4,mpi3,2,3,0.04421488701688287,0.2532854426348091,0.03894272170099692,0.17745337995830063,False,512
walker2d-expert-v2,2,0.4,mpi3,3,3,0.048986642637112145,0.28062049460392113,0.039284964427516236,0.17833917807386973,True,512
walker2d-expert-v2,2,1.5,mpi1,1,1,0.0,0.0,0.17510192532502358,0.17510192532502358,True,512
walker2d-expert-v2,2,1.5,mpi2,1,2,0.03768377253641383,0.2152104979226547,0.17550373088954344,0.17550373088954344,False,512
walker2d-expert-v2,2,1.5,mpi2,2,2,0.04546076563423149,0.2596245903627123,0.04054121614452835,0.1782940077066963,True,512
walker2d-expert-v2,2,1.5,mpi3,1,3,0.03674977375272934,0.2098764687168033,0.1733467782974441,0.1733467782974441,False,512
walker2d-expert-v2,2,1.5,mpi3,2,3,0.044800347465482414,0.2558529689626437,0.041019111607840594,0.17798865394582503,False,512
walker2d-expert-v2,2,1.5,mpi3,3,3,0.05047512168107296,0.28826137455302797,0.041047866876401926,0.17855541690532883,True,512
walker2d-expert-v2,2,2.5,mpi1,1,1,0.0,0.0,0.2624895792020044,0.2624895792020044,True,512
walker2d-expert-v2,2,2.5,mpi2,1,2,0.19732318579151797,0.7517372171169651,0.17507773667754523,0.17507773667754523,False,512
walker2d-expert-v2,2,2.5,mpi2,2,2,0.192626078181514,0.7338427634617622,0.04276895675002339,0.179321149398465,True,512
walker2d-expert-v2,2,2.5,mpi3,1,3,0.1947489754199042,0.7419303120983368,0.17506117215588332,0.17506117215588332,False,512
walker2d-expert-v2,2,2.5,mpi3,2,3,0.19379353278726555,0.7382903861418729,0.039000182957599744,0.17968386774468828,False,512
walker2d-expert-v2,2,2.5,mpi3,3,3,0.1969857941831438,0.7504518647254534,0.042660830113515784,0.18156857005509713,True,512
walker2d-expert-v2,2,4.0,mpi1,1,1,0.0,0.0,0.6356106834900955,0.6356106834900955,True,512
walker2d-expert-v2,2,4.0,mpi2,1,2,0.6080191240646394,0.9565904725295794,0.1758247994925382,0.1758247994925382,False,512
walker2d-expert-v2,2,4.0,mpi2,2,2,0.597687010243012,0.9403350600734914,0.04313339608785967,0.18142389885619095,True,512
walker2d-expert-v2,2,4.0,mpi3,1,3,0.6103765426394975,0.9602993758505771,0.17519807619114894,0.17519807619114894,False,512
walker2d-expert-v2,2,4.0,mpi3,2,3,0.6010889391793054,0.9456872812124026,0.04167781932096287,0.17990128510169853,False,512
walker2d-expert-v2,2,4.0,mpi3,3,3,0.608315184991014,0.9570562622560027,0.04071948400709912,0.18292805218788416,True,512
walker2d-expert-v2,2,7.0,mpi1,1,1,0.0,0.0,0.6157730931770174,0.6157730931770174,True,512
walker2d-expert-v2,2,7.0,mpi2,1,2,0.3754339680574271,0.6096953118240592,0.6690133324284319,0.6690133324284319,False,512
walker2d-expert-v2,2,7.0,mpi2,2,2,0.49060690401191387,0.7967332601050793,0.185623172681697,0.741676757029885,True,512
walker2d-expert-v2,2,7.0,mpi3,1,3,0.5881261228928798,0.9551020163263452,0.1755409409337711,0.1755409409337711,False,512
walker2d-expert-v2,2,7.0,mpi3,2,3,0.5814932030403813,0.9443303214829142,0.042717167799621696,0.18125646776419205,False,512
walker2d-expert-v2,2,7.0,mpi3,3,3,0.5870635507584011,0.953376425932331,0.041061727038522434,0.18545202364171842,True,512
walker2d-expert-v2,2,10.0,mpi1,1,1,0.0,0.0,0.6553645619551401,0.6553645619551401,True,512
walker2d-expert-v2,2,10.0,mpi2,1,2,0.541889298357264,0.8268516941786614,0.7567965966514013,0.7567965966514013,False,512
walker2d-expert-v2,2,10.0,mpi2,2,2,0.6790448995825956,1.0361330761565901,0.333291851963788,0.8603532416139164,True,512
walker2d-expert-v2,2,10.0,mpi3,1,3,0.40683635581771693,0.6207786924029087,0.6688352585540512,0.6688352585540512,False,512
walker2d-expert-v2,2,10.0,mpi3,2,3,0.5320136091392661,0.8117826932114198,0.20511773493940547,0.7493745653137188,False,512
walker2d-expert-v2,2,10.0,mpi3,3,3,0.37803403867719504,0.5768301501524759,0.6026865500624441,0.7144161572856168,True,512
walker2d-expert-v2,2,14.0,mpi1,1,1,0.0,0.0,0.7240729795375174,0.7240729795375174,True,512
walker2d-expert-v2,2,14.0,mpi2,1,2,0.738805111705878,1.020346197945089,0.7922326964696682,0.7922326964696682,False,512
walker2d-expert-v2,2,14.0,mpi2,2,2,0.7549096166860861,1.0425877473956628,0.07548901821454625,0.8068995320894123,True,512
walker2d-expert-v2,2,14.0,mpi3,1,3,0.5984794453626895,0.8265457519833879,0.7014429341453781,0.7014429341453781,False,512
walker2d-expert-v2,2,14.0,mpi3,2,3,0.3625201936427918,0.5006680319355958,0.5111056660355002,0.7157544911072343,False,512
walker2d-expert-v2,2,14.0,mpi3,3,3,0.36645559666645955,0.5061031236112739,0.04113430135804481,0.7192380798342469,True,512
walker2d-expert-v2,2,17.0,mpi1,1,1,0.0,0.0,0.7129671513370057,0.7129671513370057,True,512
walker2d-expert-v2,2,17.0,mpi2,1,2,0.742819689557566,1.0418708465945152,0.8023027318246437,0.8023027318246437,False,512
walker2d-expert-v2,2,17.0,mpi2,2,2,0.7611230423749291,1.0675429309016806,0.13251078907106972,0.8193155168173698,True,512
walker2d-expert-v2,2,17.0,mpi3,1,3,0.5484085347028419,0.7691918676399438,0.6983275600842968,0.6983275600842968,False,512
walker2d-expert-v2,2,17.0,mpi3,2,3,0.4392367224867635,0.6160686669267668,0.37360357765179897,0.746603203548123,False,512
walker2d-expert-v2,2,17.0,mpi3,3,3,0.44281588050982507,0.6210887551823753,0.04008918560007786,0.7506661336489132,True,512
walker2d-expert-v2,2,20.0,mpi1,1,1,0.0,0.0,0.7373332495728986,0.7373332495728986,True,512
walker2d-expert-v2,2,20.0,mpi2,1,2,0.7483584778256248,1.01495284290938,0.8070613857772811,0.8070613857772811,False,512
walker2d-expert-v2,2,20.0,mpi2,2,2,0.763590480186043,1.0356110763055295,0.14612947639567422,0.8259698469460542,True,512
walker2d-expert-v2,2,20.0,mpi3,1,3,0.7237812041945645,0.9816201895327735,0.7811288715990696,0.7811288715990696,False,512
walker2d-expert-v2,2,20.0,mpi3,2,3,0.7542344982374275,1.0229221300874727,0.10808921171989257,0.8114171689851051,False,512
walker2d-expert-v2,2,20.0,mpi3,3,3,0.7647051542129611,1.0371228405282384,0.06150366779294127,0.8194828222020912,True,512
walker2d-expert-v2,3,0.05,mpi1,1,1,0.0,0.0,0.1740701842985372,0.1740701842985372,True,512
walker2d-expert-v2,3,0.05,mpi2,1,2,0.034816389496690976,0.20001351545063858,0.1735248637301971,0.1735248637301971,False,512
walker2d-expert-v2,3,0.05,mpi2,2,2,0.0476385434150312,0.27367434352415704,0.04199674867527572,0.1763225526059797,True,512
walker2d-expert-v2,3,0.05,mpi3,1,3,0.0343067468002054,0.19708571538804132,0.17404787061189766,0.17404787061189766,False,512
walker2d-expert-v2,3,0.05,mpi3,2,3,0.04605304660423516,0.2645659668243493,0.04043190694310955,0.17524443528292755,False,512
walker2d-expert-v2,3,0.05,mpi3,3,3,0.052023328435829165,0.2988640969472814,0.03622431822346557,0.17695015039824036,True,512
walker2d-expert-v2,3,0.1,mpi1,1,1,0.0,0.0,0.17347884469772482,0.17347884469772482,True,512
walker2d-expert-v2,3,0.1,mpi2,1,2,0.03593246048338756,0.20712877438166855,0.17461498164249475,0.17461498164249475,False,512
walker2d-expert-v2,3,0.1,mpi2,2,2,0.04723629854445035,0.2722885238644309,0.040763016015271276,0.17637843389629715,True,512
walker2d-expert-v2,3,0.1,mpi3,1,3,0.03586037474672312,0.20671324396474627,0.1744992454598365,0.1744992454598365,False,512
walker2d-expert-v2,3,0.1,mpi3,2,3,0.04473880139147221,0.2578919721850036,0.04020450650660226,0.1763955947533549,False,512
walker2d-expert-v2,3,0.1,mpi3,3,3,0.049887689034683706,0.2875721770087277,0.03656061769462438,0.1774387539594303,True,512
walker2d-expert-v2,3,0.2,mpi1,1,1,0.0,0.0,0.17340655978143132,0.17340655978143132,True,512
walker2d-expert-v2,3,0.2,mpi2,1,2,0.034689010772207055,0.20004439748952113,0.17459840303327837,0.17459840303327837,False,512
walker2d-expert-v2,3,0.2,mpi2,2,2,0.04518626589390531,0.26057991088030297,0.041439445505926736,0.1758786206232179,True,512
walker2d-expert-v2,3,0.2,mpi3,1,3,0.03608941546006878,0.2081202435799277,0.1742456184848084,0.1742456184848084,False,512
walker2d-expert-v2,3,0.2,mpi3,2,3,0.044321502209298605,0.2555929963962334,0.041384230169942124,0.17552042842338883,False,512
walker2d-expert-v2,3,0.2,mpi3,3,3,0.05006395617676555,0.28870854851089944,0.03769874467131754,0.17708345445843676,True,512
walker2d-expert-v2,3,0.4,mpi1,1,1,0.0,0.0,0.17422377054437627,0.17422377054437627,True,512
walker2d-expert-v2,3,0.4,mpi2,1,2,0.03693549534272296,0.21200032135290733,0.17396592252947665,0.17396592252947665,False,512
walker2d-expert-v2,3,0.4,mpi2,2,2,0.04598269745446858,0.2639289536140328,0.04067638833349109,0.17581595695466967,True,512
walker2d-expert-v2,3,0.4,mpi3,1,3,0.037219269366723776,0.213629111862458,0.17470873947455137,0.17470873947455137,False,512
walker2d-expert-v2,3,0.4,mpi3,2,3,0.045812805667495946,0.2629538180946844,0.0410038210056352,0.17604464499758046,False,512
walker2d-expert-v2,3,0.4,mpi3,3,3,0.05096491137805372,0.29252559061722594,0.036422717905025055,0.17780361282169194,True,512
walker2d-expert-v2,3,1.5,mpi1,1,1,0.0,0.0,0.17531405370715358,0.17531405370715358,True,512
walker2d-expert-v2,3,1.5,mpi2,1,2,0.03654842407176128,0.20847401163178936,0.17451493253278125,0.17451493253278125,False,512
walker2d-expert-v2,3,1.5,mpi2,2,2,0.04541341963401617,0.259040383093732,0.041035574168358034,0.17589435705454512,True,512
walker2d-expert-v2,3,1.5,mpi3,1,3,0.037555686189035126,0.21421948437612728,0.17481078866158561,0.17481078866158561,False,512
walker2d-expert-v2,3,1.5,mpi3,2,3,0.045293057669726584,0.2583538325192376,0.041869584338579374,0.1779179417091882,False,512
walker2d-expert-v2,3,1.5,mpi3,3,3,0.0508182350910799,0.2898697167539529,0.03672140445009313,0.1793720029829686,True,512
walker2d-expert-v2,3,2.5,mpi1,1,1,0.0,0.0,0.17545947153324415,0.17545947153324415,True,512
walker2d-expert-v2,3,2.5,mpi2,1,2,0.03812366691315705,0.21727904786225116,0.17527659223757405,0.17527659223757405,False,512
walker2d-expert-v2,3,2.5,mpi2,2,2,0.04673976967374647,0.26638499059248977,0.0426981988768475,0.17780589525448035,True,512
walker2d-expert-v2,3,2.5,mpi3,1,3,0.03815750434019641,0.21747189824954385,0.1741098007407916,0.1741098007407916,False,512
walker2d-expert-v2,3,2.5,mpi3,2,3,0.04557644806046704,0.2597548463026786,0.04182287388122233,0.17698070950190956,False,512
walker2d-expert-v2,3,2.5,mpi3,3,3,0.05117409473205048,0.29165763628984015,0.03493260878843257,0.17939651227970188,True,512
walker2d-expert-v2,3,4.0,mpi1,1,1,0.0,0.0,0.6666915526184887,0.6666915526184887,True,512
walker2d-expert-v2,3,4.0,mpi2,1,2,0.6409799124673415,0.9614339794014751,0.17606337023704047,0.17606337023704047,False,512
walker2d-expert-v2,3,4.0,mpi2,2,2,0.6490864345345612,0.9735933086075834,0.04420884932501663,0.18040621642102547,True,512
walker2d-expert-v2,3,4.0,mpi3,1,3,0.6398966216632106,0.9598091038501408,0.17550092525950836,0.17550092525950836,False,512
walker2d-expert-v2,3,4.0,mpi3,2,3,0.6472743105312956,0.9708752240658665,0.04225434818215139,0.1788107742173549,False,512
walker2d-expert-v2,3,4.0,mpi3,3,3,0.6517869458575865,0.9776439243869777,0.03819007848290918,0.1828348403622844,True,512
walker2d-expert-v2,3,7.0,mpi1,1,1,0.0,0.0,0.7905472237562401,0.7905472237562401,True,512
walker2d-expert-v2,3,7.0,mpi2,1,2,0.4115248250557167,0.5205569163855638,0.6442359580193536,0.6442359580193536,False,512
walker2d-expert-v2,3,7.0,mpi2,2,2,0.37287222574539397,0.4716634434230416,0.12248485079109107,0.6672802559530827,True,512
walker2d-expert-v2,3,7.0,mpi3,1,3,0.7223496805914812,0.9137337516148344,0.25608647922523,0.25608647922523,False,512
walker2d-expert-v2,3,7.0,mpi3,2,3,0.7110161167247354,0.8993973988630088,0.14808832611114198,0.35651633729826143,False,512
walker2d-expert-v2,3,7.0,mpi3,3,3,0.7107717850629479,0.8990883323652145,0.12385008710373871,0.44014241699258144,True,512
walker2d-expert-v2,3,10.0,mpi1,1,1,0.0,0.0,0.8017355282562849,0.8017355282562849,True,512
walker2d-expert-v2,3,10.0,mpi2,1,2,0.5369969460043065,0.669793126384501,0.669394014251858,0.669394014251858,False,512
walker2d-expert-v2,3,10.0,mpi2,2,2,0.600456429753159,0.7489457665161816,0.13917379573649707,0.7130167933677136,True,512
walker2d-expert-v2,3,10.0,mpi3,1,3,0.7081237471947444,0.8832385771089137,0.28913266158496465,0.28913266158496465,False,512
walker2d-expert-v2,3,10.0,mpi3,2,3,0.6878244729272512,0.8579194119327832,0.17939420798061304,0.4199499183461525,False,512
walker2d-expert-v2,3,10.0,mpi3,3,3,0.693741875154902,0.8653001528618034,0.13605520319212827,0.5128898356286841,True,512
walker2d-expert-v2,3,14.0,mpi1,1,1,0.0,0.0,0.813960666869418,0.813960666869418,True,512
walker2d-expert-v2,3,14.0,mpi2,1,2,0.5615598735096858,0.6899103315022662,0.6266926550438354,0.6266926550438354,False,512
walker2d-expert-v2,3,14.0,mpi2,2,2,0.6043247588977532,0.7424495844769163,0.16229639499458628,0.6895266118014712,True,512
walker2d-expert-v2,3,14.0,mpi3,1,3,0.34535178079134593,0.4242855887860119,0.6750417097570932,0.6750417097570932,False,512
walker2d-expert-v2,3,14.0,mpi3,2,3,0.2325126763173091,0.28565591161988,0.17305580699778417,0.7366008636621149,False,512
walker2d-expert-v2,3,14.0,mpi3,3,3,0.17843690155632713,0.21922054568387808,0.1339709525121473,0.7896358582762535,True,512
walker2d-expert-v2,3,17.0,mpi1,1,1,0.0,0.0,0.8250437537064573,0.8250437537064573,True,512
walker2d-expert-v2,3,17.0,mpi2,1,2,0.6692328404480322,0.8111483026706713,0.7050670836663532,0.7050670836663532,False,512
walker2d-expert-v2,3,17.0,mpi2,2,2,0.7725195431700761,0.9363376665777791,0.4317559839559594,0.7892594634831894,True,512
walker2d-expert-v2,3,17.0,mpi3,1,3,0.5022954956116112,0.6088107368307198,0.6872071669412654,0.6872071669412654,False,512
walker2d-expert-v2,3,17.0,mpi3,2,3,0.4913125153822898,0.5954987395215092,0.17263880895784947,0.7186349937439683,False,512
walker2d-expert-v2,3,17.0,mpi3,3,3,0.7725195431700761,0.9363376665777791,0.4381557345588177,0.7892594634831894,True,512
walker2d-expert-v2,3,20.0,mpi1,1,1,0.0,0.0,0.8263533326544791,0.8263533326544791,True,512
walker2d-expert-v2,3,20.0,mpi2,1,2,0.6833099500059472,0.8268980386525019,0.6789378574355784,0.6789378574355784,False,512
walker2d-expert-v2,3,20.0,mpi2,2,2,0.7211021046467292,0.872631689316659,0.14861418786901762,0.7354680103775002,True,512
walker2d-expert-v2,3,20.0,mpi3,1,3,0.23423920269086743,0.28346131543806485,0.7771924774701647,0.7771924774701647,False,512
walker2d-expert-v2,3,20.0,mpi3,2,3,0.2100975666343986,0.254246650109713,0.1286181901826453,0.8150252417408346,False,512
walker2d-expert-v2,3,20.0,mpi3,3,3,0.2014528763110819,0.24378539826778295,0.05363950392937007,0.8202932032840623,True,512
