environment,seed,method,integrator,s,t,total,pi_u_vs_continue_pi_s_rms,pi_u_vs_continue_pi_t_rms,relative_pi_u_vs_continue_mean,order_defect_rms,relative_order_defect,actor_gap_pi_s_to_pi_u_rms,actor_gap_aD_to_pi_u_rms,pi_s_vs_Phi_s_aD_rms,pi_u_vs_Phi_u_aD_rms,relative_pi_u_vs_Phi_u_aD,pi_u_vs_Phi_t_Phi_s_aD_rms,relative_pi_u_vs_Phi_t_Phi_s_aD,Phi_u_vs_Phi_t_Phi_s_aD_rms,relative_frozen_semigroup_from_aD,solver_converged_sample_fraction,all_solver_calls_converged,max_solver_iterations,max_fixed_point_residual,max_projection_fraction,all_numeric_outputs_finite,n_states
halfcheetah-medium-v2,0,mpi1,explicit,0.05,0.05,0.1,0.5949916345456293,0.5949916345456293,0.9280567575998837,0.0,0.0,0.5949007486417511,0.641115567203434,0.4763244234180851,0.6401734812811192,0.9985305521024482,0.640173048252786,0.998529876673001,8.386649451158045e-05,0.0001308133803042854,1.0,True,1,0.0,0.525390625,True,512
halfcheetah-medium-v2,0,mpi1,implicit,0.05,0.05,0.1,0.5972148724881192,0.5972148724881192,0.9304106725718523,0.0,0.0,0.5971202653447082,0.6418830846354017,0.4825717364085083,0.6456452763318762,0.9985891100023954,0.6456452176268784,0.998589019206143,3.74261633483164e-05,5.7885282397061626e-05,0.92578125,False,200,0.0024628043174743652,0.525390625,True,512
halfcheetah-medium-v2,0,mpi4,explicit,0.05,0.05,0.1,0.07631471360023673,0.07631471360023673,0.2903532973112729,0.0,0.0,0.07279481907893862,0.26283398296807914,0.2578237305554498,0.26255929704546277,0.9989549071261088,0.2624636809594376,0.998591118224288,0.006568731400717507,0.024991941021246373,1.0,True,1,0.0,0.017578125,True,512
halfcheetah-medium-v2,0,mpi4,implicit,0.05,0.05,0.1,0.07755829692547929,0.07755829692547929,0.28648980387285866,0.0,0.0,0.07546772956206622,0.27071922238425944,0.2858927524899686,0.29332586078718514,0.9953569794503605,0.29332180943682484,0.9953432318051767,0.0006728479468811194,0.0022832078229981507,0.546875,False,200,0.042628660798072815,0.01171875,True,512
halfcheetah-medium-v2,0,mpi4,explicit,0.1,0.1,0.2,0.05931760554353027,0.05931760554353027,0.223514904252895,0.0,0.0,0.05157913081077667,0.265385459380443,0.26255929704546277,0.2643324736658702,0.9960322403607528,0.26403459184980227,0.9949097907104842,0.0056929476071615635,0.0214516184136541,1.0,True,1,0.0,0.0234375,True,512
halfcheetah-medium-v2,0,mpi4,implicit,0.1,0.1,0.2,0.052363674096665126,0.052363674096665126,0.19245789717873227,0.0,0.0,0.050086933834643334,0.2720785941458973,0.2923192968992548,0.2943169589998994,0.9961183475080663,0.29434668293606053,0.9962189484325623,0.0008866050219225274,0.0030007225282934606,0.462890625,False,200,0.11240637302398682,0.0234375,True,512
halfcheetah-medium-v2,0,mpi4,explicit,0.2,0.2,0.4,0.07817333810274782,0.07817333810274782,0.3008557324635845,0.0,0.0,0.07230060411949236,0.2598366248919984,0.2643324736658702,0.25821317047668835,0.9937520185386305,0.2578163396278563,0.992224786382667,0.01665957781028766,0.06411558731265174,1.0,True,1,0.0,0.091796875,True,512
halfcheetah-medium-v2,0,mpi4,implicit,0.2,0.2,0.4,0.07760924918735826,0.07760924918735826,0.2829645182023487,0.0,0.0,0.07695396973260477,0.2742720171433638,0.3277120151277517,0.318667419901842,0.9947088397649381,0.31866031457718724,0.9946866607506991,0.002003489182048371,0.006253819108243956,0.318359375,False,200,0.12558990716934204,0.07421875,True,512
halfcheetah-medium-v2,0,mpi4,explicit,1.5,2.5,4.0,0.18173546832354237,0.1376087135595448,0.541158882757858,0.1812825833175221,0.6144009242509653,0.12567086472745873,0.295055844094846,0.26863806322191197,0.2993095191211107,1.014416508303077,0.2849958233438678,0.9659046890535598,0.10298669019577386,0.34904135016105187,1.0,True,1,0.0,0.564453125,True,512
halfcheetah-medium-v2,0,mpi4,implicit,1.5,2.5,4.0,0.14923304713646648,0.12341977078621434,0.30061448991588896,0.13983198586339815,0.30834466648477266,0.12748644695610684,0.4534924746956946,0.5321352408231044,0.5159828023249906,0.9812694663207764,0.516098366144054,0.9814892396282343,0.0011454452610394565,0.002178348687078735,0.0390625,False,200,0.7491282820701599,0.564453125,True,512
halfcheetah-medium-v2,0,mpi4,explicit,4.0,10.0,14.0,0.3824733159049693,0.24089209118546043,0.8236269302020988,0.38266325509729293,1.01119426426948,0.21475341684649646,0.3784270427737656,0.2993095191211107,0.45385707459552727,0.9174189599782179,0.3837307050672305,0.7756667110856935,0.3284197675245802,0.66386212405569,1.0,True,1,0.0,0.818359375,True,512
halfcheetah-medium-v2,0,mpi4,implicit,4.0,10.0,14.0,0.22982242809183398,0.2092846434029361,0.4077364094821066,0.28195714092621893,0.523627150333725,0.1710751910007545,0.5384692920268139,0.583168585392106,0.614402573264145,0.9575458644312054,0.6141353089420524,0.9571293332227336,0.009147072162773284,0.014255703836956075,0.009765625,False,200,1.7796841859817505,0.78515625,True,512
halfcheetah-medium-v2,0,mpi4,explicit,7.0,7.0,14.0,0.2929175767929525,0.2929175767929525,0.7740397584854075,0.0,0.0,0.1888706100458104,0.3784270427737656,0.35025322179236507,0.45385707459552727,0.9174189599782179,0.3780410112449928,0.7641656609067496,0.31258026464027944,0.6318444227217679,1.0,True,1,0.0,0.74609375,True,512
halfcheetah-medium-v2,0,mpi4,implicit,7.0,7.0,14.0,0.2294491246519857,0.2294491246519857,0.48757470786468204,0.0,0.0,0.17813405082601125,0.47059275419935304,0.5854322541453003,0.6672603929411085,1.0757875360299738,0.6677751252624853,1.0766174108758164,0.001992904969170612,0.003213051979416925,0.0078125,False,200,1.2142384052276611,0.724609375,True,512
halfcheetah-medium-v2,0,mpi4,explicit,7.0,10.0,17.0,0.37578162354904365,0.2950689592762269,0.8718282151524644,0.38156198325809126,0.9917454388515595,0.21881848641887505,0.38473782516200905,0.35025322179236507,0.44516879793530645,0.8969883302976922,0.3695391471905036,0.7445991366767213,0.3300066147426559,0.6649434635089279,1.0,True,1,0.0,0.77734375,True,512
halfcheetah-medium-v2,0,mpi4,implicit,7.0,10.0,17.0,0.27073657259573125,0.2096695971314133,0.4466960852370167,0.25288079759528515,0.4702723213633432,0.19858190271421547,0.5377326840375614,0.5147479629811876,0.5240898202968995,1.0004061112430311,0.5235112902768759,0.9993017872413908,0.002186877356174248,0.0041744093987865286,0.005859375,False,200,1.6569535732269287,0.759765625,True,512
halfcheetah-medium-v2,0,mpi4,explicit,10.0,10.0,20.0,0.3550543114863553,0.3550543114863553,0.8709946260990151,0.0,0.0,0.22786227941608342,0.40764236752706734,0.37152598414089244,0.5081429972672028,0.9098735602588348,0.40758696640634057,0.7298193741401211,0.3807672539136082,0.6817963817499517,1.0,True,1,0.0,0.775390625,True,512
halfcheetah-medium-v2,0,mpi4,implicit,10.0,10.0,20.0,0.30020706898055544,0.30020706898055544,0.5501812366976939,0.0,0.0,0.23682388723018993,0.5456512308243422,0.4845499253836907,0.5328785615447671,1.005548469378378,0.5318539868346056,1.0036150841647187,0.003110981820643908,0.0058704613654261975,0.009765625,False,200,1.225167989730835,0.771484375,True,512
halfcheetah-medium-v2,1,mpi1,explicit,0.05,0.05,0.1,0.5104393456766415,0.5104393456766415,0.8554391681434796,0.0,0.0,0.5103347710963527,0.5966985902509288,0.44832814520410286,0.5958547747119357,0.9985858596739131,0.5958574615248949,0.9985903624714781,6.245693431685252e-05,0.00010467082600377455,1.0,True,1,0.0,0.484375,True,512
halfcheetah-medium-v2,1,mpi1,implicit,0.05,0.05,0.1,0.5137385223605223,0.5137385223605223,0.8588869065439014,0.0,0.0,0.5136295830446931,0.5981445501687397,0.4531180811995144,0.6020065889660515,0.9986323653362227,0.6020059359072252,0.9986312820163846,2.3363198427515507e-05,3.8755798582804266e-05,0.904296875,False,200,0.003353595733642578,0.484375,True,512
halfcheetah-medium-v2,1,mpi4,explicit,0.05,0.05,0.1,0.056248355252240735,0.056248355252240735,0.22201434066650955,0.0,0.0,0.053834663735565544,0.25335460350614053,0.25278559998178796,0.2524051879325751,0.9962526215808728,0.2525226325822839,0.9967161799614331,0.004275897021948834,0.01687712385240002,1.0,True,1,0.0,0.01953125,True,512
halfcheetah-medium-v2,1,mpi4,implicit,0.05,0.05,0.1,0.05522435897705806,0.05522435897705806,0.21587434259503113,0.0,0.0,0.05355693994546543,0.2558171495195056,0.2677800654064488,0.2680450526843008,0.996175415602569,0.26805615492023693,0.9962166764816154,0.0006920991123836622,0.002572150144210979,0.576171875,False,200,0.048825979232788086,0.017578125,True,512
halfcheetah-medium-v2,1,mpi4,explicit,0.1,0.1,0.2,0.07240477251280729,0.07240477251280729,0.2798623025776077,0.0,0.0,0.07053844233553372,0.25871570356543094,0.2524051879325751,0.25641006561914753,0.9910881407100196,0.2564097629462923,0.9910869708047875,0.008332818796126814,0.0322083997271522,1.0,True,1,0.0,0.0390625,True,512
halfcheetah-medium-v2,1,mpi4,implicit,0.1,0.1,0.2,0.07349434060547387,0.07349434060547387,0.27574219614181134,0.0,0.0,0.07356309358578304,0.2665328035890325,0.27668354483685476,0.28702152298760714,0.9940062478669911,0.2870234582422513,0.9940129499957635,0.001182087717976211,0.004093778630134024,0.427734375,False,200,0.03563433885574341,0.0390625,True,512
halfcheetah-medium-v2,1,mpi4,explicit,0.2,0.2,0.4,0.06664928122489916,0.06664928122489916,0.25637515883303313,0.0,0.0,0.056910544300166295,0.25996778131029913,0.25641006561914753,0.2610297435898223,1.0040849765081297,0.26031667628065847,1.0013420700388365,0.015284494570619575,0.05879380319200366,1.0,True,1,0.0,0.119140625,True,512
halfcheetah-medium-v2,1,mpi4,implicit,0.2,0.2,0.4,0.060935677911557115,0.060935677911557115,0.22664449963203404,0.0,0.0,0.05657884540405538,0.2688601665184397,0.3169375049378897,0.32071516864879246,1.007568810406463,0.32061903805300435,1.0072668035183885,0.0017001732448451757,0.005341317471857594,0.2734375,False,200,0.15930336713790894,0.111328125,True,512
halfcheetah-medium-v2,1,mpi4,explicit,1.5,2.5,4.0,0.1739888538115461,0.13678899740114464,0.5308249422090592,0.18368705057067072,0.6274943186797293,0.11490665899173148,0.2927310177997387,0.2666587170329369,0.29866638877906476,1.0202758526374767,0.2831918460409483,0.967413184190422,0.10855247342748954,0.37082668670851876,1.0,True,1,0.0,0.626953125,True,512
halfcheetah-medium-v2,1,mpi4,implicit,1.5,2.5,4.0,0.09401113963050879,0.09218924992573221,0.2104154981332786,0.12141447470520426,0.2744085255307095,0.08399975381687845,0.44245882838511363,0.5726316581062821,0.5559710376839678,0.9895099143642004,0.5577333333280751,0.9926464248902689,0.008128170685953156,0.014466410899567331,0.02734375,False,200,0.5933294296264648,0.6171875,True,512
halfcheetah-medium-v2,1,mpi4,explicit,4.0,10.0,14.0,0.41015238104204377,0.26269109679369784,0.8822339480578009,0.4015344052936966,1.0529857101469295,0.23526810861871408,0.38132939642425734,0.29866638877906476,0.4397936767603656,0.9163784377199032,0.3828952532980589,0.7978217345285467,0.30554967161324825,0.6366602011682483,1.0,True,1,0.0,0.830078125,True,512
halfcheetah-medium-v2,1,mpi4,implicit,4.0,10.0,14.0,0.28263369924551535,0.30685644454707706,0.5741479941475024,0.34645788847927106,0.6748818578956272,0.18108506318448697,0.5133607970431648,0.3705487207509706,0.4120271802665696,1.004028897980464,0.41191733618973136,1.0037612296500733,0.0006021755854209432,0.0014673830232019417,0.005859375,False,200,1.7904874086380005,0.8203125,True,512
halfcheetah-medium-v2,1,mpi4,explicit,7.0,7.0,14.0,0.30320908980607586,0.30320908980607586,0.7951369410522267,0.0,0.0,0.21398824374352796,0.38132939642425734,0.34560299286261925,0.4397936767603656,0.9163784377199032,0.37029359137204415,0.7715642145171163,0.2795395698641118,0.5824641140817197,1.0,True,1,0.0,0.734375,True,512
halfcheetah-medium-v2,1,mpi4,implicit,7.0,7.0,14.0,0.3003018335727384,0.3003018335727384,0.6400801487148468,0.0,0.0,0.22739190667896744,0.4691628605818889,nan,nan,nan,nan,nan,nan,nan,0.0,False,200,1.3300551176071167,0.73046875,False,512
halfcheetah-medium-v2,1,mpi4,explicit,7.0,10.0,17.0,0.371701158390424,0.3133067122908175,0.8831496978121616,0.3833407661632559,0.9884478596121126,0.220372529938077,0.3878209279685089,0.34560299286261925,0.46981322251885105,0.9013813289534317,0.38822216249450436,0.7448411240584665,0.32632335977208676,0.6260823867895929,1.0,True,1,0.0,0.79296875,True,512
halfcheetah-medium-v2,1,mpi4,implicit,7.0,10.0,17.0,0.32865660703854094,0.35989361012015464,0.5948927229301478,0.26566282932538615,0.45905405293708934,0.15118487552632787,0.5787179693233069,nan,nan,nan,nan,nan,nan,nan,0.0,False,200,1.5269824266433716,0.79296875,False,512
halfcheetah-medium-v2,1,mpi4,explicit,10.0,10.0,20.0,0.3708736361323128,0.3708736361323128,0.9272458508857009,0.0,0.0,0.25374968188652125,0.3999733574197782,0.36373729741987304,0.4989656593770657,0.8950854763588383,0.3920239550017854,0.7032446861071041,0.39857967151883766,0.7150048674567887,1.0,True,1,0.0,0.806640625,True,512
halfcheetah-medium-v2,1,mpi4,implicit,10.0,10.0,20.0,0.43462078539644283,0.43462078539644283,0.8816095800812519,0.0,0.0,0.35735835184659726,0.4929855518997273,nan,nan,nan,nan,nan,nan,nan,0.0,False,200,1.5578373670578003,0.814453125,False,512
halfcheetah-medium-v2,2,mpi4,explicit,0.05,0.05,0.1,0.0587815184581421,0.0587815184581421,0.22342328121348984,0.0,0.0,0.054698152494988696,0.26309486701152696,0.26376704243028753,0.2634029589315235,1.0011710297638876,0.2629243908669094,0.9993520354594752,0.008629354106740096,0.032799401237888916,1.0,True,1,0.0,0.025390625,True,512
halfcheetah-medium-v2,2,mpi4,implicit,0.05,0.05,0.1,0.0556970310483064,0.0556970310483064,0.2051760569450501,0.0,0.0,0.05416209425648642,0.27145970089104055,0.2748023821822105,0.2723299302738664,0.9953351182213357,0.27234520471660706,0.995390944583336,0.0008509470412603465,0.003110115267393513,0.5234375,False,200,0.09210427105426788,0.02734375,True,512
halfcheetah-medium-v2,2,mpi4,explicit,0.1,0.1,0.2,0.06351843247499554,0.06351843247499554,0.2426985484426819,0.0,0.0,0.05708309153591509,0.2617173974981424,0.2634029589315235,0.2614013115044004,0.9987922622005125,0.2607225913062895,0.9961989298328555,0.009821222651230754,0.037526059578444584,1.0,True,1,0.0,0.04296875,True,512
halfcheetah-medium-v2,2,mpi4,implicit,0.1,0.1,0.2,0.059793863450849874,0.059793863450849874,0.22485802314485354,0.0,0.0,0.05595595421879134,0.26591830086636786,0.27971928163067156,0.28097909548850103,0.9998420885882856,0.2809896423299664,0.999879618696995,0.0012834925962806251,0.004567207805697203,0.39453125,False,200,0.10531384497880936,0.041015625,True,512
halfcheetah-medium-v2,2,mpi4,explicit,0.2,0.2,0.4,0.08214131708352373,0.08214131708352373,0.31729537228600113,0.0,0.0,0.07926818197373729,0.258879656805974,0.2614013115044004,0.2601264062607285,1.0048159421645437,0.2588747160589958,0.9999809148890293,0.015949553624538912,0.061609914897611424,1.0,True,1,0.0,0.078125,True,512
halfcheetah-medium-v2,2,mpi4,implicit,0.2,0.2,0.4,0.080244307566851,0.080244307566851,0.3025855177143095,0.0,0.0,0.0796243771428075,0.26519546663371646,0.3288706333419507,0.3203408259629847,0.9981749349445825,0.3202269022949227,0.9978199513123384,0.0014618362496480104,0.004555049450864068,0.255859375,False,200,0.07364937663078308,0.08203125,True,512
halfcheetah-medium-v2,2,mpi4,explicit,1.5,2.5,4.0,0.1874686204733424,0.1344943192530124,0.5452269047807011,0.18031932687706095,0.6107221442870413,0.1250313283006717,0.29525591721840416,0.26896172447181343,0.31827148510053127,1.0779512502203377,0.3018097484188099,1.0221971205933793,0.11079736872001254,0.3752587577713285,1.0,True,1,0.0,0.625,True,512
halfcheetah-medium-v2,2,mpi4,implicit,1.5,2.5,4.0,0.13342036216883793,0.09814274718606214,0.26843143651145795,0.11827528286815152,0.27421297090494534,0.11759385340489814,0.43132636095887344,0.5272303764098248,0.5557977053936859,1.0552127053701919,0.556207533429809,1.055990786579483,0.003098126837765132,0.005881965273214822,0.021484375,False,200,0.9345730543136597,0.638671875,True,512
halfcheetah-medium-v2,2,mpi4,explicit,4.0,10.0,14.0,0.40956005523726174,0.2309977395938618,0.8683071642370916,0.4069327361391654,1.1032341281410667,0.20963737473291713,0.3688543762010346,0.31827148510053127,0.4354512070053179,0.9141557714425956,0.3676526339519605,0.7718241947809142,0.31319130857786515,0.6574919019540526,1.0,True,1,0.0,0.853515625,True,512
halfcheetah-medium-v2,2,mpi4,implicit,4.0,10.0,14.0,0.24412795296766274,0.13961687247533125,0.3797818729736276,0.22751995593046387,0.45034069138209054,0.13799478733419393,0.5052174060314374,0.5659568286488196,0.5258996142107656,1.044656331762719,0.5222105601390702,1.0373283292503097,0.017548217986780842,0.034858091802471174,0.0078125,False,200,1.5727266073226929,0.83984375,True,512
halfcheetah-medium-v2,2,mpi4,explicit,7.0,7.0,14.0,0.30704207491448265,0.30704207491448265,0.8324208542049051,0.0,0.0,0.20574448344295754,0.3688543762010346,0.3386082524298354,0.4354512070053179,0.9141557714425956,0.35214197862115854,0.7392622111156897,0.2987313206131943,0.6271356157841238,1.0,True,1,0.0,0.78125,True,512
halfcheetah-medium-v2,2,mpi4,implicit,7.0,7.0,14.0,0.25516762931427645,0.25516762931427645,0.6280624903995338,0.0,0.0,0.18950242972089695,0.406277453620825,0.4312136726778491,0.4364908434117388,1.040860198641501,0.43855039298237264,1.0457714200509722,0.007861610199279662,0.01874687012837395,0.005859375,False,200,1.495361566543579,0.744140625,True,512
halfcheetah-medium-v2,2,mpi4,explicit,7.0,10.0,17.0,0.37375514770127577,0.3069131801809526,0.874346831861003,0.3939586152943568,1.0121125166457507,0.22567721516936876,0.3892438921711766,0.3386082524298354,0.4751971320740334,0.9271095750641092,0.3958850136607539,0.7723716369822057,0.3471123684315049,0.6772162091792515,1.0,True,1,0.0,0.828125,True,512
halfcheetah-medium-v2,2,mpi4,implicit,7.0,10.0,17.0,0.35095401540944343,0.27146278831252985,0.5587726894212749,0.31938413660612597,0.5734521687162365,0.27064627964152094,0.5569499149704463,nan,nan,nan,nan,nan,nan,nan,0.0,False,200,1.4926949739456177,0.810546875,False,512
halfcheetah-medium-v2,2,mpi4,explicit,10.0,10.0,20.0,0.3670271254692305,0.3670271254692305,0.8842500112811026,0.0,0.0,0.24187588667952659,0.41507166614279273,0.3964151960335942,0.4843397280791286,0.8793522222322026,0.3968296575144856,0.7204716461458575,0.3586722484341008,0.6511942350143515,1.0,True,1,0.0,0.77734375,True,512
halfcheetah-medium-v2,2,mpi4,implicit,10.0,10.0,20.0,0.2926794394899183,0.2926794394899183,0.5555300985656038,0.0,0.0,0.22546190745318087,0.5268471325777413,nan,nan,nan,nan,nan,nan,nan,0.0,False,200,1.691428542137146,0.796875,False,512
halfcheetah-medium-v2,3,mpi4,explicit,0.05,0.05,0.1,0.07885718108367161,0.07885718108367161,0.3074960655697886,0.0,0.0,0.07661026169237824,0.2564493985884004,0.26145567661617747,0.25543121647813605,0.9960296958547424,0.2551665984164712,0.9949978429312363,0.007408186840451241,0.02888751886816211,1.0,True,1,0.0,0.015625,True,512
halfcheetah-medium-v2,3,mpi4,implicit,0.05,0.05,0.1,0.08277073827943215,0.08277073827943215,0.3125566701304551,0.0,0.0,0.08114354402172924,0.2648183391667349,0.2907178167193637,0.2810767851217941,0.9933851981239059,0.2810770057874946,0.9933859780034698,0.0006813692985464912,0.0024081041603590987,0.521484375,False,200,0.029392942786216736,0.013671875,True,512
halfcheetah-medium-v2,3,mpi4,explicit,0.1,0.1,0.2,0.09423303478165967,0.09423303478165967,0.3602233183964378,0.0,0.0,0.08998177097465934,0.2615961542999087,0.25543121647813605,0.26176193309300244,1.000633720298899,0.26188823475102474,1.0011165318997053,0.00506886984579896,0.01937669863444445,1.0,True,1,0.0,0.04296875,True,512
halfcheetah-medium-v2,3,mpi4,implicit,0.1,0.1,0.2,0.09128395247442077,0.09128395247442077,0.3401370016360295,0.0,0.0,0.08890724925254065,0.26837407290401477,0.2839304950953764,0.29263641176822125,0.9952027712526488,0.2926392451770846,0.995212407156588,0.0009590801987387729,0.0032616558748483782,0.453125,False,200,0.15306907892227173,0.04296875,True,512
halfcheetah-medium-v2,3,mpi4,explicit,0.2,0.2,0.4,0.0631890525713727,0.0631890525713727,0.2406124750733838,0.0,0.0,0.05460881356059055,0.26261752451572107,0.26176193309300244,0.26405685162502845,1.0054806971163162,0.263115811939889,1.001897388321997,0.012941454251713919,0.049278715407810515,1.0,True,1,0.0,0.095703125,True,512
halfcheetah-medium-v2,3,mpi4,implicit,0.2,0.2,0.4,0.056255662921834836,0.056255662921834836,0.20663024579739878,0.0,0.0,0.052606439372332205,0.2722527997038419,0.3208039740689085,0.3248190245738889,1.0035888742737564,0.32495103118396607,1.0039967332819466,0.0027210694591745686,0.008407250895898501,0.326171875,False,200,0.093514084815979,0.087890625,True,512
halfcheetah-medium-v2,3,mpi4,explicit,1.5,2.5,4.0,0.17905457230416932,0.14919488662727365,0.5577018991559206,0.19396190573622688,0.6590897273380609,0.10924348681048222,0.29428755705175746,0.2833111107817788,0.30365104650307806,1.0318174833660188,0.28891370115882936,0.9817394389801436,0.10636715865619073,0.3614395379872739,1.0,True,1,0.0,0.607421875,True,512
halfcheetah-medium-v2,3,mpi4,implicit,1.5,2.5,4.0,0.1572289889853656,0.14782863456229672,0.36394375681142105,0.20164589055153118,0.48114033079683227,0.06793579230300076,0.41909995409775525,0.5050787128102692,0.5128637663217127,0.9978403436000177,0.5129172939951363,0.9979444883564784,0.0042781537081222915,0.00832368095859711,0.037109375,False,200,0.7133634090423584,0.5859375,True,512
halfcheetah-medium-v2,3,mpi4,explicit,4.0,10.0,14.0,0.39451434612214237,0.2388142011909603,0.8542392696857692,0.38770765018284636,1.045887166617946,0.20616081537818282,0.3706973969635415,0.30365104650307806,0.43462368378877847,0.9430360244188417,0.38180622041883683,0.8284339616824631,0.2923979289565479,0.6344379994843835,1.0,True,1,0.0,0.845703125,True,512
halfcheetah-medium-v2,3,mpi4,implicit,4.0,10.0,14.0,0.28309686452059546,0.16251461197399183,0.3580665749308539,0.31310003065002945,0.5031766976358976,0.1769065376130673,0.6222466821716592,0.6124694025429198,0.6476746293778111,1.1542952359738166,0.6457093845136835,1.15079274771615,0.014169510377404434,0.025253109482506208,0.005859375,False,200,1.6580324172973633,0.837890625,True,512
halfcheetah-medium-v2,3,mpi4,explicit,7.0,7.0,14.0,0.308123655322347,0.308123655322347,0.8311999432589793,0.0,0.0,0.20179559507539746,0.3706973969635415,0.332628294170344,0.43462368378877847,0.9430360244188417,0.3701794308114069,0.8032064330016432,0.27677584832912633,0.600541584361286,1.0,True,1,0.0,0.78515625,True,512
halfcheetah-medium-v2,3,mpi4,implicit,7.0,7.0,14.0,0.24542689115316887,0.24542689115316887,0.543404360863802,0.0,0.0,0.16107145430177966,0.4516468928645243,0.5825554302511788,0.5774439467205295,1.1572288785459495,0.5738776538945775,1.150081834974047,0.0205761294775892,0.04123567555846413,0.005859375,False,200,1.5007704496383667,0.7578125,True,512
halfcheetah-medium-v2,3,mpi4,explicit,7.0,10.0,17.0,0.369902764135428,0.29661602896049993,0.8741928145507033,0.39308663856652054,1.0311292599405657,0.22446133348601824,0.38121955591598483,0.332628294170344,0.4663218330031167,0.904334133737983,0.375278596372006,0.7277747262548094,0.3415628954352125,0.6623901419566939,1.0,True,1,0.0,0.826171875,True,512
halfcheetah-medium-v2,3,mpi4,implicit,7.0,10.0,17.0,0.29924732125723336,0.1762344342824685,0.4801673655815335,0.27586010718594123,0.5571571123109171,0.15316639294988477,0.49512085745752743,0.6701584046109333,0.650418980468562,1.109734446719252,0.6349367144249572,1.0833188523749995,0.0371504617265034,0.06338552275907748,0.00390625,False,200,1.4189616441726685,0.814453125,True,512
halfcheetah-medium-v2,3,mpi4,explicit,10.0,10.0,20.0,0.3491748961340154,0.3491748961340154,0.869896930505965,0.0,0.0,0.21696051493605917,0.40139800922268126,0.3910536426128501,0.4958413676428496,0.8969999133337093,0.4135537912809544,0.7481378907559014,0.3750623902524287,0.6785051702130082,1.0,True,1,0.0,0.78125,True,512
halfcheetah-medium-v2,3,mpi4,implicit,10.0,10.0,20.0,0.23863376735381228,0.23863376735381228,0.4616237151401276,0.0,0.0,0.18577929653493833,0.5169443413048528,0.7946183667005355,0.6183749590177829,1.053348614546859,0.6254165222004459,1.0653433124474394,0.021594356098820607,0.03678413031933602,0.001953125,False,200,1.4713919162750244,0.787109375,True,512
halfcheetah-medium-replay-v2,0,mpi1,explicit,0.05,0.05,0.1,0.486123487225408,0.486123487225408,0.7388366033636004,0.0,0.0,0.4858954801542297,0.657958045137856,0.5516790465093175,0.6558717515274111,0.9968291388396842,0.6558883939967936,0.9968544329591276,0.0003387882628244285,0.000514908610553497,1.0,True,1,0.0,0.197265625,True,512
halfcheetah-medium-replay-v2,0,mpi1,implicit,0.05,0.05,0.1,0.4783501147107588,0.4783501147107588,0.73328728379131,0.0,0.0,0.4781485771586121,0.6523365743335253,0.5452162852451772,0.6465241274125366,0.9973285654180941,0.6465270138331534,0.9973330180125307,0.00012606889238688348,0.0001944739604556644,0.84375,False,200,0.011225461959838867,0.1953125,True,512
halfcheetah-medium-replay-v2,0,mpi4,explicit,0.05,0.05,0.1,0.11240130976514569,0.11240130976514569,0.240578871104216,0.0,0.0,0.10754098595258844,0.46721189291995113,0.4593074647876596,0.46397443418741113,0.9930706842407055,0.4632451137906408,0.9915096786074536,0.025491744498438162,0.05456142038491675,1.0,True,1,0.0,0.095703125,True,512
halfcheetah-medium-replay-v2,0,mpi4,implicit,0.05,0.05,0.1,0.10822086779218772,0.10822086779218772,0.22311656809462127,0.0,0.0,0.10662389085610112,0.48504182686376046,0.555158065784946,0.5543225875582954,0.9943824843716325,0.5542210932635784,0.9942004168333515,0.0032777872021446425,0.005879923088949283,0.322265625,False,200,0.09344500303268433,0.09375,True,512
halfcheetah-medium-replay-v2,0,mpi4,explicit,0.1,0.1,0.2,0.13974417423657254,0.13974417423657254,0.30127216366816234,0.0,0.0,0.11741639110431105,0.4638469499973268,0.46397443418741113,0.4636045082936231,0.9994773239239687,0.4607470240410785,0.9933169206863036,0.04748962145447938,0.1023820927457927,1.0,True,1,0.0,0.171875,True,512
halfcheetah-medium-replay-v2,0,mpi4,implicit,0.1,0.1,0.2,0.12096525589743293,0.12096525589743293,0.23733981269064866,0.0,0.0,0.1149236157586906,0.5096711526232659,0.5686996807278968,0.5669987325104049,0.9939969939856386,0.5669957182447544,0.993991709721629,0.0008047061277683419,0.0014107182718065012,0.240234375,False,200,0.32865774631500244,0.15625,True,512
halfcheetah-medium-replay-v2,0,mpi4,explicit,0.2,0.2,0.4,0.17612696721542492,0.17612696721542492,0.37756522169090684,0.0,0.0,0.12710807672311047,0.466480907395679,0.4636045082936231,0.4710925422061254,1.0098860097751754,0.4638628371791574,0.994387615495052,0.08609486234184094,0.1845624568484503,1.0,True,1,0.0,0.203125,True,512
halfcheetah-medium-replay-v2,0,mpi4,implicit,0.2,0.2,0.4,0.133075780241866,0.133075780241866,0.24576184933864315,0.0,0.0,0.12082148316958066,0.5414826613649729,0.5630396729797581,0.558554768137963,0.989836889441339,0.5585348103684395,0.9898015214924247,0.0012238465328195827,0.002168826611646587,0.240234375,False,200,0.41862359642982483,0.17578125,True,512
halfcheetah-medium-replay-v2,0,mpi4,explicit,1.5,2.5,4.0,0.4710238798683139,0.3313107240381227,0.7749950369081895,0.5028039012435589,0.9713416973531772,0.21156575108300646,0.5176385432784945,0.5052738467146491,0.5792928690388915,1.1191069068580284,0.5205822311144093,1.0056867632330289,0.37934738350280806,0.7328422282857626,1.0,True,1,0.0,0.59765625,True,512
halfcheetah-medium-replay-v2,0,mpi4,implicit,1.5,2.5,4.0,0.11520623201190745,0.12141732688705408,0.21156923178497072,0.12454312816288786,0.22271234590610306,0.10992108389587064,0.5592107058824481,0.5298561170125026,0.5206368702677427,0.9751547299965366,0.5209366474271323,0.9757162136939422,0.0022695214505656165,0.004250821837127161,0.07421875,False,200,1.7925735712051392,0.60546875,True,512
halfcheetah-medium-replay-v2,0,mpi4,explicit,4.0,10.0,14.0,0.6591551510161459,0.42497564413177447,0.9219586593090884,0.6902713690243619,1.174031157113876,0.2992410886128483,0.5879497872281839,0.5792928690388915,0.6869642295716277,0.9838442868721446,0.6255208543617236,0.8958473998958006,0.6604480760485776,0.9458688508443545,1.0,True,1,0.0,0.646484375,True,512
halfcheetah-medium-replay-v2,0,mpi4,implicit,4.0,10.0,14.0,0.1967474580012796,0.1473363853890382,0.3081667371525934,0.2103938841934638,0.37686394205502977,0.16785883850270367,0.5582754429786813,0.5090624603014849,0.4254184588544694,0.9293291826130347,0.4230505841483851,0.92415654607286,0.006704029401392983,0.014644992557649191,0.01171875,False,200,1.9250327348709106,0.65625,True,512
halfcheetah-medium-replay-v2,0,mpi4,explicit,7.0,7.0,14.0,0.542700721289493,0.542700721289493,0.9230392340951222,0.0,0.0,0.3112805363004927,0.5879497872281839,0.607118448017156,0.6869642295716277,0.9838442868721446,0.6064819293500693,0.8685805688228296,0.620029967631858,0.8879835588011793,1.0,True,1,0.0,0.634765625,True,512
halfcheetah-medium-replay-v2,0,mpi4,implicit,7.0,7.0,14.0,0.1510181382281214,0.1510181382281214,0.26723726760083155,0.0,0.0,0.14157805269928897,0.5651088247680148,0.532138594677327,0.5344337228857122,0.959350825341603,0.5338312880131519,0.95826940707128,0.014179266147688987,0.025452904820590143,0.029296875,False,200,1.7070928812026978,0.642578125,True,512
halfcheetah-medium-replay-v2,0,mpi4,explicit,7.0,10.0,17.0,0.6175715226908303,0.5068794109462054,0.9350031812279704,0.6956314602953084,1.156862623137493,0.3205962965919676,0.6013086138168307,0.607118448017156,0.6824812290095118,0.9491079796086774,0.6198087989791413,0.861951145230069,0.6783940116433779,0.9434239982012727,1.0,True,1,0.0,0.65625,True,512
halfcheetah-medium-replay-v2,0,mpi4,implicit,7.0,10.0,17.0,0.1691332736014349,0.1494721497514458,0.273122314744528,0.16925398774136574,0.2901836411018257,0.1367591041055095,0.583265090680885,0.5614417751129981,0.5351853132663662,0.9680862644217268,0.5331921472080966,0.9644808652527066,0.01571846923015546,0.02843283210926887,0.01953125,False,200,1.8888790607452393,0.654296875,True,512
halfcheetah-medium-replay-v2,0,mpi4,explicit,10.0,10.0,20.0,0.5912568896917717,0.5912568896917717,0.9673382198885432,0.0,0.0,0.35031645733984984,0.6112204372116057,0.6622233197484857,0.7438217775325467,0.9965776374396054,0.673640263688253,0.9025479526797762,0.6902447107083642,0.9247947073219787,1.0,True,1,0.0,0.646484375,True,512
halfcheetah-medium-replay-v2,0,mpi4,implicit,10.0,10.0,20.0,0.25379021017911985,0.25379021017911985,0.42428975389505225,0.0,0.0,0.23107338109608355,0.5981530495358006,0.5764683810753254,0.564354311177339,0.9392515110707542,0.5636062041056693,0.9380064409373435,0.009674825453193764,0.016101754246017567,0.01953125,False,200,1.803330659866333,0.654296875,True,512
halfcheetah-medium-replay-v2,1,mpi1,explicit,0.05,0.05,0.1,0.5124295693084647,0.5124295693084647,0.7492405999092886,0.0,0.0,0.5121323169627519,0.6839319297038964,0.5617990047991142,0.6820503689980487,0.9972489064713468,0.682052373529503,0.9972518373645647,0.00036405533572451596,0.0005322976160538831,1.0,True,1,0.0,0.212890625,True,512
halfcheetah-medium-replay-v2,1,mpi1,implicit,0.05,0.05,0.1,0.5074000834067975,0.5074000834067975,0.7448591087867961,0.0,0.0,0.5071085564293449,0.6812027636115445,0.5563659958052452,0.6698544633668164,0.9976646134086085,0.669851177261478,0.9976597191648714,0.00019162817334149483,0.00028540624558061437,0.84765625,False,200,0.0016966462135314941,0.2109375,True,512
halfcheetah-medium-replay-v2,1,mpi4,explicit,0.05,0.05,0.1,0.11749650022277076,0.11749650022277076,0.25483719361426943,0.0,0.0,0.10899027198285756,0.4610649589895328,0.46075355867591694,0.457460338334026,0.9921819678871135,0.4575177932526067,0.9923065813877939,0.024245776604032473,0.05258646559731924,1.0,True,1,0.0,0.0703125,True,512
halfcheetah-medium-replay-v2,1,mpi4,implicit,0.05,0.05,0.1,0.11028570197695386,0.11028570197695386,0.2272881571558769,0.0,0.0,0.1074002918550445,0.4852241461103432,0.5503768483778351,0.5462325191286591,0.9944004963682782,0.5462245621625003,0.994386010941613,0.0027841468931593173,0.005068458862420312,0.328125,False,200,0.1265324354171753,0.080078125,True,512
halfcheetah-medium-replay-v2,1,mpi4,explicit,0.1,0.1,0.2,0.13550142013198585,0.13550142013198585,0.2931175930706146,0.0,0.0,0.11500739735601194,0.4622766539275668,0.457460338334026,0.4634537704283033,1.0025463464155837,0.459992627850842,0.995059179265664,0.05208790933274122,0.11267691952469391,1.0,True,1,0.0,0.1640625,True,512
halfcheetah-medium-replay-v2,1,mpi4,implicit,0.1,0.1,0.2,0.1173495530539679,0.1173495530539679,0.22807192243132487,0.0,0.0,0.11265444694001221,0.5145287144641981,0.5645422578049073,0.5622244545615954,0.9920569564643417,0.5621785978155548,0.9919760412648313,0.0015224855512849039,0.0026864579973604895,0.271484375,False,200,0.3091049790382385,0.140625,True,512
halfcheetah-medium-replay-v2,1,mpi4,explicit,0.2,0.2,0.4,0.17536247764961949,0.17536247764961949,0.3711001787504262,0.0,0.0,0.12860015434398944,0.47254754293059764,0.4634537704283033,0.486620325792901,1.0297806709035628,0.4780939505970408,1.0117372479222853,0.10316336168273064,0.21831319033624114,1.0,True,1,0.0,0.26953125,True,512
halfcheetah-medium-replay-v2,1,mpi4,implicit,0.2,0.2,0.4,0.11588893642650279,0.11588893642650279,0.21093053138891502,0.0,0.0,0.11001436858602372,0.549417553084461,0.5606636850194673,0.5610871828346384,0.9931869204930318,0.5610465409933767,0.9931149798991262,0.0011720367945609114,0.0020746359038423105,0.248046875,False,200,0.7364287972450256,0.234375,True,512
halfcheetah-medium-replay-v2,1,mpi4,explicit,1.5,2.5,4.0,0.47119491567759286,0.32910115111751426,0.7838806250496051,0.4947244428042024,0.969153595882815,0.20089540402036365,0.5104706260245068,0.5374598100111614,0.5631416735205653,1.1031813483691615,0.5117376511844303,1.0024820726116819,0.3672193916273364,0.719374187085364,1.0,True,1,0.0,0.619140625,True,512
halfcheetah-medium-replay-v2,1,mpi4,implicit,1.5,2.5,4.0,0.13925764662027004,0.12667719332058805,0.23534905119552132,0.14585107776535394,0.2581528074738464,0.12851537600210616,0.5649796304467082,0.5721203058580877,0.5470521664766878,0.9539452648004448,0.5472549676705889,0.9542989079271395,0.003894791007498575,0.006791705922526402,0.115234375,False,200,1.8567543029785156,0.62109375,True,512
halfcheetah-medium-replay-v2,1,mpi4,explicit,4.0,10.0,14.0,0.6829740051347722,0.43825215604181456,0.9609913289622628,0.6956308300674018,1.1924359580623631,0.31020832194005926,0.5833695515168463,0.5631416735205653,0.6864060001349471,1.008539351708109,0.6249208373356843,0.9181989318734267,0.6525050455153958,0.9587285301424955,1.0,True,1,0.0,0.65234375,True,512
halfcheetah-medium-replay-v2,1,mpi4,implicit,4.0,10.0,14.0,0.2430467471560897,0.18346375048619865,0.364616759503905,0.27301863006276517,0.4667982088505143,0.1949714056919328,0.5848750592575551,0.4913901876506926,0.43507253733283563,0.8948730997563555,0.43898333294444736,0.9029169671374844,0.008555185215514198,0.017596617703636287,0.005859375,False,200,1.8576717376708984,0.65625,True,512
halfcheetah-medium-replay-v2,1,mpi4,explicit,7.0,7.0,14.0,0.5434822998260099,0.5434822998260099,0.9316260994645269,0.0,0.0,0.3170772712828575,0.5833695515168463,0.6297917275906708,0.6864060001349471,1.008539351708109,0.5962058231359778,0.8760078353510078,0.5952245849624288,0.8745660977915636,1.0,True,1,0.0,0.6484375,True,512
halfcheetah-medium-replay-v2,1,mpi4,implicit,7.0,7.0,14.0,0.22924684229510892,0.22924684229510892,0.4034195212250676,0.0,0.0,0.1805679765776422,0.5682591700048452,0.5849466096781093,0.5670428371805913,0.945774020776056,0.5672932134671418,0.9461916248294203,0.014233039216396312,0.02373936825387903,0.01171875,False,200,1.7987452745437622,0.658203125,True,512
halfcheetah-medium-replay-v2,1,mpi4,explicit,7.0,10.0,17.0,0.6303912207286128,0.525535125493563,0.9705810699845984,0.6927589888576262,1.1633591756851402,0.32452710397111334,0.595481604767193,0.6297917275906708,0.6904270024897935,0.9629017031762972,0.6111083836595865,0.8522802574770804,0.6560001808168611,0.9148884518053771,1.0,True,1,0.0,0.658203125,True,512
halfcheetah-medium-replay-v2,1,mpi4,implicit,7.0,10.0,17.0,0.22373783796371602,0.19046548198451296,0.34452463476275175,0.20556671591344308,0.34197117361738877,0.16805129565206225,0.6011229360034874,0.7006763080415442,0.6407787768182021,0.9242720613687364,0.6409604290687316,0.9245340801904004,0.010316015272688288,0.014880025753262626,0.0078125,False,200,1.9009686708450317,0.658203125,True,512
halfcheetah-medium-replay-v2,1,mpi4,explicit,10.0,10.0,20.0,0.5933244739489733,0.5933244739489733,0.9741477459514598,0.0,0.0,0.339151029342758,0.6090703144516003,0.6501065379871589,0.723488649067947,0.967342489721499,0.6562345179762632,0.8774201686206804,0.6919947785861337,0.9252335235033124,1.0,True,1,0.0,0.646484375,True,512
halfcheetah-medium-replay-v2,1,mpi4,implicit,10.0,10.0,20.0,0.25072516606267786,0.25072516606267786,0.4096554474051823,0.0,0.0,0.20538797553738275,0.6120391359392579,0.5099835600552945,0.5037696008519204,0.9289712581553954,0.5028830029433734,0.9273363362125311,0.004368237226638997,0.008055203858052713,0.00390625,False,200,1.8787610530853271,0.654296875,True,512
halfcheetah-medium-replay-v2,2,mpi4,explicit,0.05,0.05,0.1,0.11947009934253512,0.11947009934253512,0.2554082584093598,0.0,0.0,0.11805412924413085,0.4677613014026055,0.4633275461417402,0.46319285753288914,0.9902333864387292,0.4633694095640142,0.9906108268781063,0.025047148958416383,0.053546860082933884,1.0,True,1,0.0,0.091796875,True,512
halfcheetah-medium-replay-v2,2,mpi4,implicit,0.05,0.05,0.1,0.11271089895418736,0.11271089895418736,0.22910507748678466,0.0,0.0,0.11291504127998488,0.4919615933029193,0.5616139188161587,0.5637540036659522,0.9966798494831872,0.563727913117519,0.9966337231165163,0.0015372502676110533,0.0027177569567176586,0.341796875,False,200,0.10463239252567291,0.099609375,True,512
halfcheetah-medium-replay-v2,2,mpi4,explicit,0.1,0.1,0.2,0.16080252963253752,0.16080252963253752,0.34382848986200326,0.0,0.0,0.13020930451954837,0.4676823892548176,0.46319285753288914,0.465098254437145,0.9944745945602312,0.4644437980823564,0.9930752338619776,0.047238921280160565,0.10100641453578948,1.0,True,1,0.0,0.19140625,True,512
halfcheetah-medium-replay-v2,2,mpi4,implicit,0.1,0.1,0.2,0.1301939959798518,0.1301939959798518,0.24953280350949245,0.0,0.0,0.11798693089895787,0.5217510249104347,0.5739892161233195,0.5680603034242551,0.9967796136969359,0.5680322591375131,0.9967304041796776,0.00022730131627716644,0.0003988472999535509,0.298828125,False,200,0.618773877620697,0.173828125,True,512
halfcheetah-medium-replay-v2,2,mpi4,explicit,0.2,0.2,0.4,0.20086417334628567,0.20086417334628567,0.42510994719061135,0.0,0.0,0.13969518810679524,0.4724993491065546,0.465098254437145,0.48902017479552434,1.0349647586186284,0.47718389784755655,1.0099144025274531,0.09487497785545963,0.2007938805309637,1.0,True,1,0.0,0.275390625,True,512
halfcheetah-medium-replay-v2,2,mpi4,implicit,0.2,0.2,0.4,0.11739663634442954,0.11739663634442954,0.21984514050690407,0.0,0.0,0.11290777678242928,0.5339969583759928,0.5573598716871043,0.5512712873395726,0.9896428883640642,0.5512196266914835,0.9895501471055154,0.0005240537808472018,0.0009407819874650378,0.263671875,False,200,0.6518247723579407,0.251953125,True,512
halfcheetah-medium-replay-v2,2,mpi4,explicit,1.5,2.5,4.0,0.47848579494979165,0.3197627608428473,0.7692044278555015,0.4997070181748796,0.9630505391366759,0.21338654335622237,0.5188793296588989,0.5271136887265356,0.575822502028091,1.0905526444359415,0.5141486627246205,0.9737483022853181,0.3711430170400645,0.7029093119345144,1.0,True,1,0.0,0.603515625,True,512
halfcheetah-medium-replay-v2,2,mpi4,implicit,1.5,2.5,4.0,0.12497522349271611,0.12132677392253645,0.21075343690795306,0.12865490435697033,0.22017250004336658,0.11327508454055356,0.5843368464800538,0.577670878743335,0.5561530930763061,0.9583921560147455,0.556025561174129,0.9581723863574159,0.0033260790528177216,0.005731673731909096,0.083984375,False,200,1.9251664876937866,0.623046875,True,512
halfcheetah-medium-replay-v2,2,mpi4,explicit,4.0,10.0,14.0,0.6752294414433362,0.412632586086497,0.9256379595566713,0.6878374683963582,1.1705316568475794,0.30686584280969803,0.5876282494134414,0.575822502028091,0.6874348872686866,0.9973101638363409,0.6344335975802863,0.9204174633324517,0.6269382409246966,0.9095434220048456,1.0,True,1,0.0,0.65625,True,512
halfcheetah-medium-replay-v2,2,mpi4,implicit,4.0,10.0,14.0,0.24454941077842102,0.14819058525642453,0.33788215117372433,0.27625749194455906,0.47533980036911594,0.17092764301876295,0.5811789623550072,0.5570103472229988,0.5572223429404334,0.9597207439416999,0.5582172402131492,0.961434285336465,0.011754116311213602,0.020244466851504342,0.01171875,False,200,1.9645179510116577,0.654296875,True,512
halfcheetah-medium-replay-v2,2,mpi4,explicit,7.0,7.0,14.0,0.5444017817852189,0.5444017817852189,0.9264390919405759,0.0,0.0,0.3068531643409108,0.5876282494134414,0.6194960583543883,0.6874348872686866,0.9973101638363409,0.6116271226381506,0.8873305053058644,0.6015955053539209,0.8727769322147039,1.0,True,1,0.0,0.634765625,True,512
halfcheetah-medium-replay-v2,2,mpi4,implicit,7.0,7.0,14.0,0.20685566065202748,0.20685566065202748,0.36232924721926035,0.0,0.0,0.1558341673238141,0.5709052256740693,0.5440278228824894,0.5162972345689506,0.9030786263158785,0.5182731634864374,0.9065348121193751,0.009662320726086821,0.016900798114138665,0.03125,False,200,1.594839334487915,0.642578125,True,512
halfcheetah-medium-replay-v2,2,mpi4,explicit,7.0,10.0,17.0,0.6139183853512341,0.5056181804296024,0.9400768550963092,0.6788002045659067,1.1399794898203797,0.3112556483020753,0.5954494888963849,0.6194960583543883,0.7262031553679991,1.0049825603632632,0.667238354615046,0.9233819834530961,0.7144631783266692,0.9887357675775408,1.0,True,1,0.0,0.6484375,True,512
halfcheetah-medium-replay-v2,2,mpi4,implicit,7.0,10.0,17.0,0.19752598380023365,0.21181980010819032,0.34579642259225535,0.2685950733799684,0.45379343895465984,0.15395413614488304,0.5918884019096731,0.5621048302921449,0.5493678571631684,0.9956274834898182,0.5501460110207068,0.9970377432217027,0.005268767355393084,0.009548664915037577,0.015625,False,200,1.899888277053833,0.65234375,True,512
halfcheetah-medium-replay-v2,2,mpi4,explicit,10.0,10.0,20.0,0.6005130907826981,0.6005130907826981,0.9902681951155029,0.0,0.0,0.3518263751884851,0.6064145993426109,0.6522032302720217,0.7233627298336627,0.9616589829392405,0.6448737194135647,0.8573134605346574,0.6767872026960599,0.8997401527179135,1.0,True,1,0.0,0.642578125,True,512
halfcheetah-medium-replay-v2,2,mpi4,implicit,10.0,10.0,20.0,0.32934462526025604,0.32934462526025604,0.5474290931899113,0.0,0.0,0.2670622120564209,0.6016206105180484,0.5018710217402136,0.5615265687050438,0.9902517754399501,0.5581503065203322,0.9842977390521943,0.014299732966250296,0.025217570721189898,0.015625,False,200,1.9543083906173706,0.65234375,True,512
halfcheetah-medium-replay-v2,3,mpi4,explicit,0.05,0.05,0.1,0.11579203105477802,0.11579203105477802,0.2474622139174228,0.0,0.0,0.11057783780239396,0.46791802765256674,0.46235736467462524,0.46319301374808913,0.989902047740751,0.462694674824702,0.9888370344394102,0.023592091228449456,0.05041928251152313,1.0,True,1,0.0,0.09765625,True,512
halfcheetah-medium-replay-v2,3,mpi4,implicit,0.05,0.05,0.1,0.10818153722229362,0.10818153722229362,0.21564476072027022,0.0,0.0,0.10548316014255611,0.5016655023797421,0.5521487211533249,0.5543517024258028,0.994891798716761,0.5543244705712072,0.9948429258645943,0.001946778204866347,0.0034938716007664873,0.33203125,False,200,0.1073797345161438,0.095703125,True,512
halfcheetah-medium-replay-v2,3,mpi4,explicit,0.1,0.1,0.2,0.13066144912375527,0.13066144912375527,0.2785514610434541,0.0,0.0,0.11218859418606864,0.46907472189985056,0.46319301374808913,0.4674664050695243,0.9965712992936131,0.4646879847771523,0.9906481059031894,0.05466103665720296,0.1165294868924387,1.0,True,1,0.0,0.16796875,True,512
halfcheetah-medium-replay-v2,3,mpi4,implicit,0.1,0.1,0.2,0.11176274254769787,0.11176274254769787,0.2172650191936042,0.0,0.0,0.10674603318487107,0.514407441025315,0.568223893832597,0.561157834489907,0.9923237773376644,0.5611354273144625,0.992284153596161,0.004965582389275582,0.008780890456045047,0.296875,False,200,0.27131444215774536,0.15625,True,512
halfcheetah-medium-replay-v2,3,mpi4,explicit,0.2,0.2,0.4,0.18985303463074937,0.18985303463074937,0.39710994865114385,0.0,0.0,0.14141245368127514,0.47808682526242346,0.4674664050695243,0.48139173742757907,1.006912786528559,0.4707581873061345,0.9846709058500697,0.09581300092973682,0.20040920574865193,1.0,True,1,0.0,0.251953125,True,512
halfcheetah-medium-replay-v2,3,mpi4,implicit,0.2,0.2,0.4,0.12436909891177952,0.12436909891177952,0.22705960368957545,0.0,0.0,0.11426858905594137,0.547737672799829,0.5722071228143554,0.5705449330069415,0.9865961590175935,0.570463489601385,0.9864553256730997,0.0009983980107629317,0.0017264470957584163,0.2578125,False,200,0.538573682308197,0.224609375,True,512
halfcheetah-medium-replay-v2,3,mpi4,explicit,1.5,2.5,4.0,0.46664415649365715,0.32797077682897735,0.7680805546423886,0.49536593808645185,0.9576486132356736,0.2040355330577875,0.5172731743564319,0.5191475481211731,0.5807105357377147,1.1195610676225474,0.5236065164631188,1.0094693216489898,0.37524088604238953,0.7234328656695737,1.0,True,1,0.0,0.6015625,True,512
halfcheetah-medium-replay-v2,3,mpi4,implicit,1.5,2.5,4.0,0.12382400848945853,0.11665634154500107,0.21391314329102457,0.11713864960678828,0.20839537812268993,0.11777939568993076,0.5620981168681414,0.5393652537788535,0.5241493048557924,0.9503613325760291,0.5243893421336262,0.9507965561757109,0.0028167362461765768,0.005107165434795465,0.068359375,False,200,1.7710323333740234,0.619140625,True,512
halfcheetah-medium-replay-v2,3,mpi4,explicit,4.0,10.0,14.0,0.6661597302116773,0.4232266300430713,0.91974963742708,0.6999205418194466,1.1818610697781506,0.31546037602833316,0.5922189669474688,0.5807105357377147,0.6899889600279167,1.0078262408441623,0.6402185275708495,0.9351295011073919,0.6426696847727422,0.9387097620849033,1.0,True,1,0.0,0.65234375,True,512
halfcheetah-medium-replay-v2,3,mpi4,implicit,4.0,10.0,14.0,0.17571653673628093,0.13390677576984958,0.25613723424513335,0.1538403658217206,0.2545302257629897,0.14167922952382758,0.6044090259243778,0.5695594590993931,0.5967683002616807,0.9970440589764963,0.5953781106651799,0.9947214150333875,0.009184200502054162,0.015344401743535512,0.0234375,False,200,1.979494571685791,0.658203125,True,512
halfcheetah-medium-replay-v2,3,mpi4,explicit,7.0,7.0,14.0,0.5528422707444975,0.5528422707444975,0.9335099035987747,0.0,0.0,0.31884732091764956,0.5922189669474688,0.6324753652508603,0.6899889600279167,1.0078262408441623,0.6102565442252157,0.8913657964790689,0.5979622396305342,0.8734082297624223,1.0,True,1,0.0,0.63671875,True,512
halfcheetah-medium-replay-v2,3,mpi4,implicit,7.0,7.0,14.0,0.1854273842033904,0.1854273842033904,0.31380420331018993,0.0,0.0,0.15813069500398352,0.5909015311056833,0.5730427070440309,0.5742750556231961,0.998106259778489,0.5735233752145669,0.9967998180066249,0.008625233077649447,0.01499089859911837,0.052734375,False,200,1.945209264755249,0.64453125,True,512
halfcheetah-medium-replay-v2,3,mpi4,explicit,7.0,10.0,17.0,0.633271102906475,0.5305367919152125,0.9570384666944237,0.7066015241631877,1.162124509135918,0.34623977130307787,0.6080256621457641,0.6324753652508603,0.6982677686676487,0.9735706016874139,0.6196219674236627,0.863917480817475,0.664104004366323,0.925937246606149,1.0,True,1,0.0,0.650390625,True,512
halfcheetah-medium-replay-v2,3,mpi4,implicit,7.0,10.0,17.0,0.1525371603874833,0.13257909582828162,0.24178600398174874,0.147202877688176,0.24966374098223187,0.13409677336099268,0.5896045501403112,0.5367473908539444,0.5093806800270851,0.9409894734340362,0.5125178746176398,0.9467848779351827,0.014006171818879205,0.025873891102373536,0.009765625,False,200,1.928570032119751,0.658203125,True,512
halfcheetah-medium-replay-v2,3,mpi4,explicit,10.0,10.0,20.0,0.5839071398233479,0.5839071398233479,0.9554118745739816,0.0,0.0,0.347268943229168,0.6111575074192083,0.6535309864029251,0.7211910955233811,0.956755487136881,0.6323556498765291,0.8389035050444035,0.6734978636427836,0.8934840995888439,1.0,True,1,0.0,0.63671875,True,512
halfcheetah-medium-replay-v2,3,mpi4,implicit,10.0,10.0,20.0,0.16622233685023016,0.16622233685023016,0.2809047693940699,0.0,0.0,0.14367460770828774,0.5917391050667552,0.5123776934328269,0.531444649188705,1.0222294647212116,0.5312878638707987,1.0219278894361012,0.0056291846254938206,0.010827690889954153,0.017578125,False,200,1.7598581314086914,0.642578125,True,512
halfcheetah-expert-v2,0,mpi1,explicit,0.05,0.05,0.1,1.3053728116165,1.3053728116165,1.0000827399981622,0.0,0.0,1.3052648140081877,1.274332167701628,0.6210259733318041,1.2738937926725715,0.9996559962620679,1.2738928714586768,0.9996552733627188,6.19019483700773e-05,4.85759913615953e-05,1.0,True,1,0.0,0.9453125,True,512
halfcheetah-expert-v2,0,mpi1,implicit,0.05,0.05,0.1,1.3023154427618469,1.3023154427618469,1.0000827886712498,0.0,0.0,1.302207634722077,1.2726791818183292,0.6263621447715048,1.2699975645357728,0.9996470300130194,1.2699984554060695,0.9996477312394398,6.193829493748625e-05,4.875319001179432e-05,0.9609375,False,200,0.00023728609085083008,0.943359375,True,512
halfcheetah-expert-v2,0,mpi4,explicit,0.05,0.05,0.1,0.03370531772383953,0.03370531772383953,0.17232773077072464,0.0,0.0,0.03373417204115056,0.19558847303968244,0.19481748242846325,0.19476398301168552,0.995784567386905,0.19477057932919292,0.9958182928790309,0.00024750588761309904,0.0012654420977195483,1.0,True,1,0.0,0.001953125,True,512
halfcheetah-expert-v2,0,mpi4,implicit,0.05,0.05,0.1,0.03361693285398726,0.03361693285398726,0.17228814989050859,0.0,0.0,0.03364904711495709,0.19512040076668805,0.19348056014879306,0.19296144129928428,0.9961813510688965,0.19296209529195874,0.9961847273667809,8.187124577684385e-05,0.00042266790547636993,0.873046875,False,200,0.0021776556968688965,0.001953125,True,512
halfcheetah-expert-v2,0,mpi4,explicit,0.1,0.1,0.2,0.033976104277857626,0.033976104277857626,0.1725475958473559,0.0,0.0,0.03402850679536337,0.19690859273353514,0.19476398301168552,0.19530444304856842,0.991853328172745,0.1953322600962693,0.9919945970087807,0.0011706436219021143,0.005945111920464932,1.0,True,1,0.0,0.001953125,True,512
halfcheetah-expert-v2,0,mpi4,implicit,0.1,0.1,0.2,0.033916207386521145,0.033916207386521145,0.17181808612739488,0.0,0.0,0.03397723442032118,0.19739602594207634,0.19631758751522738,0.19735190529479324,0.9934956042950152,0.19734917664884888,0.9934818679302846,0.0002221086345578819,0.001118124255145184,0.740234375,False,200,0.007176995277404785,0.001953125,True,512
halfcheetah-expert-v2,0,mpi4,explicit,0.2,0.2,0.4,0.03582944000463318,0.03582944000463318,0.18306847770250803,0.0,0.0,0.03596909541953841,0.19571605365538208,0.19530444304856842,0.19246272282684404,0.9833772919095001,0.19250112711065315,0.9835735164045879,0.001669215846866612,0.008528763050811235,1.0,True,1,0.0,0.013671875,True,512
halfcheetah-expert-v2,0,mpi4,implicit,0.2,0.2,0.4,0.036366962668050985,0.036366962668050985,0.1852941297516222,0.0,0.0,0.03650212814801657,0.1962661349110149,0.2032775951828356,0.19987094811074285,0.9852920378532768,0.19988138429262972,0.9853434844842951,0.0005316121105566853,0.002620656902411145,0.56640625,False,200,0.020566880702972412,0.013671875,True,512
halfcheetah-expert-v2,0,mpi4,explicit,1.5,2.5,4.0,0.07999006378425806,0.06262303436633816,0.33957003728414853,0.07799177351202373,0.37140584957166567,0.0629574304066526,0.2099906977824123,0.19271223807207297,0.1944520623592283,0.9260032202031883,0.19385472664035514,0.9231586383946545,0.03639029829804928,0.1732948110670888,1.0,True,1,0.0,0.494140625,True,512
halfcheetah-expert-v2,0,mpi4,implicit,1.5,2.5,4.0,0.05999895191117855,0.051075499855126764,0.2727568595001965,0.05957891708766339,0.29260659060364236,0.05037015498975837,0.20361440582986565,0.16895882647488436,0.16785156130311096,0.9463302729528686,0.16815545127412423,0.9480435741398461,0.007016861593707846,0.03956036211813882,0.046875,False,200,0.41807013750076294,0.458984375,True,512
halfcheetah-expert-v2,0,mpi4,explicit,4.0,10.0,14.0,0.1909004872641776,0.11799951101920422,0.6272647915716489,0.19005669484798404,0.7718735755462823,0.11611558919487415,0.24622775136909458,0.1944520623592283,0.23570921135688117,0.9540584791486502,0.2191803243560218,0.8871560246230883,0.1441065455389853,0.5832868002096275,1.0,True,1,0.0,0.8671875,True,512
halfcheetah-expert-v2,0,mpi4,implicit,4.0,10.0,14.0,0.13102990866334877,0.10296390498258619,0.4834735263685752,0.13402567508601465,0.5538425546225128,0.10231441320874256,0.24199237484985908,0.17167551960799024,0.16070792590507682,0.6833417559731052,0.1607901635106231,0.6836914362360078,0.00013116187852253087,0.0005577098197338254,0.00390625,False,200,1.128645658493042,0.853515625,True,512
halfcheetah-expert-v2,0,mpi4,explicit,7.0,7.0,14.0,0.14878155340366772,0.14878155340366772,0.6042436426292367,0.0,0.0,0.10773546673335577,0.24622775136909458,0.19737593432333964,0.23570921135688117,0.9540584791486502,0.21049158590401115,0.8519874177386731,0.1313279050428955,0.5315638732730648,1.0,True,1,0.0,0.810546875,True,512
halfcheetah-expert-v2,0,mpi4,implicit,7.0,7.0,14.0,0.11209850861285424,0.11209850861285424,0.46326379853123945,0.0,0.0,0.09435879270651439,0.2419755417286185,0.7685815209862706,0.9220698018584526,1.2899413350023246,0.9238331616122515,1.2924082096687763,0.005105799781970413,0.00714282386619201,0.001953125,False,200,0.9664257764816284,0.822265625,True,512
halfcheetah-expert-v2,0,mpi4,explicit,7.0,10.0,17.0,0.18760491557451808,0.15818556241505835,0.6412245197742101,0.1807323064646411,0.6702902121206952,0.13857740549553024,0.2696329189901668,0.19737593432333964,0.2714823454619553,0.8948025474750344,0.23349019558972042,0.7695808781547614,0.20572912935615117,0.6780807375317978,1.0,True,1,0.0,0.845703125,True,512
halfcheetah-expert-v2,0,mpi4,implicit,7.0,10.0,17.0,0.15107769953010114,0.11988359990185982,0.5274730379038598,0.12094399404482087,0.47087680852421504,0.13637935326997883,0.256848483202802,0.1934303325767621,0.13600084726038364,0.682485616683078,0.13679009487089747,0.6864462548189999,0.0038769293158477584,0.019455382435207905,0.001953125,False,200,0.9468581676483154,0.84375,True,512
halfcheetah-expert-v2,0,mpi4,explicit,10.0,10.0,20.0,0.21363882156703154,0.21363882156703154,0.6901469381286347,0.0,0.0,0.193487561329164,0.30955555949624736,0.2048317844601752,0.3151476529418975,0.767244816444049,0.24674714342295231,0.6007199006446029,0.258300336026948,0.6288468026095992,1.0,True,1,0.0,0.861328125,True,512
halfcheetah-expert-v2,0,mpi4,implicit,10.0,10.0,20.0,0.18206774961826433,0.18206774961826433,0.5918446573010832,0.0,0.0,0.17118852287953742,0.3076275968233381,0.2863948354233058,0.1439172922041171,0.7444745716467972,0.1488343837215779,0.7699103587238488,0.00681577613239297,0.03525755619003067,0.001953125,False,200,0.9768060445785522,0.849609375,True,512
halfcheetah-expert-v2,1,mpi1,explicit,0.05,0.05,0.1,0.7948831702727375,0.7948831702727375,0.9269860471270982,0.0,0.0,0.7948276820825388,0.8574920547469166,0.7297254767427525,0.856862637504698,0.9992659789222137,0.8568634849375337,0.9992669671912373,3.3730199387332786e-05,3.933587396012438e-05,1.0,True,1,0.0,0.904296875,True,512
halfcheetah-expert-v2,1,mpi1,implicit,0.05,0.05,0.1,0.7945957887820598,0.7945957887820598,0.9286442627869782,0.0,0.0,0.7945369223571038,0.8556514271647767,0.7263033469313482,0.8517711293328792,0.9992373124576417,0.851771331244011,0.999237549325422,1.331349329651994e-05,1.5618443503076703e-05,0.96875,False,200,0.0004050135612487793,0.904296875,True,512
halfcheetah-expert-v2,1,mpi4,explicit,0.05,0.05,0.1,0.0349125736583317,0.0349125736583317,0.17843652686990044,0.0,0.0,0.034806000790456926,0.19565822239852687,0.19652590468508413,0.19471751605561477,0.99519209399237,0.1947268708230315,0.9952399057699791,0.0004681362220488149,0.002392622279350421,1.0,True,1,0.0,0.001953125,True,512
halfcheetah-expert-v2,1,mpi4,implicit,0.05,0.05,0.1,0.034927887596255924,0.034927887596255924,0.1773185628834393,0.0,0.0,0.03482892193701222,0.19697817886791602,0.19954658636538433,0.19751314102958625,0.9955397776699135,0.1975105058004164,0.9955264951336317,9.48172027058557e-05,0.00047791400819721165,0.81640625,False,200,0.0021554231643676758,0.001953125,True,512
halfcheetah-expert-v2,1,mpi4,explicit,0.1,0.1,0.2,0.03360730426594947,0.03360730426594947,0.17075456354788626,0.0,0.0,0.03366924981835221,0.19681643387835235,0.19471751605561477,0.19491431968339556,0.990335592625703,0.19492972882084886,0.9904138845505674,0.0007731327108954595,0.0039281918468928,1.0,True,1,0.0,0.005859375,True,512
halfcheetah-expert-v2,1,mpi4,implicit,0.1,0.1,0.2,0.03368409455960651,0.03368409455960651,0.17078181207581541,0.0,0.0,0.033702680846657625,0.1972346712462161,0.1953384573982533,0.19552403272496646,0.9914725774474061,0.19553703279781842,0.9915384988359838,0.0004237964374504613,0.0021490071593556295,0.71875,False,200,0.008191287517547607,0.005859375,True,512
halfcheetah-expert-v2,1,mpi4,explicit,0.2,0.2,0.4,0.036541847769079476,0.036541847769079476,0.18529391628280506,0.0,0.0,0.03579361156157342,0.19721018640087157,0.19491431968339556,0.19401979746526082,0.9838223927788111,0.19404551577623969,0.9839528034408982,0.00202961690815861,0.010291643374003932,1.0,True,1,0.0,0.0234375,True,512
halfcheetah-expert-v2,1,mpi4,implicit,0.2,0.2,0.4,0.03662679892020962,0.03662679892020962,0.18510055559818867,0.0,0.0,0.035878259804581224,0.1978751430639576,0.2007156757021793,0.1993920622381217,0.98794432088328,0.19937906676677983,0.9878799311479751,0.0005570902259957193,0.0027602609593092822,0.56640625,False,200,0.011099636554718018,0.017578125,True,512
halfcheetah-expert-v2,1,mpi4,explicit,1.5,2.5,4.0,0.07822207409646491,0.0635093074430688,0.34002694583650533,0.07853149386778877,0.37680891446604764,0.05932652472219455,0.20841198510144282,0.18953641652744335,0.19175057938914963,0.9200554339320582,0.1915867885362882,0.9192695345377325,0.028903455036299236,0.13868422692788382,1.0,True,1,0.0,0.498046875,True,512
halfcheetah-expert-v2,1,mpi4,implicit,1.5,2.5,4.0,0.05587432532063011,0.050881054790351064,0.23077616339215887,0.05850117089629247,0.2529273140025414,0.04528790750325301,0.23129637511472823,0.28908205450348967,0.2854651580471886,0.9439013995525924,0.2839788096466905,0.9389867320497338,0.006548578177464958,0.021653122745603014,0.046875,False,200,0.2615813910961151,0.466796875,True,512
halfcheetah-expert-v2,1,mpi4,explicit,4.0,10.0,14.0,0.16807456672941987,0.10801159046791935,0.5785952306668857,0.17685726426369083,0.7412814220788521,0.10964285990981884,0.23858316018188036,0.19175057938914963,0.22551236199141547,0.9452149171781422,0.207599237360696,0.8701336557133192,0.1275515994597637,0.5346211332037291,1.0,True,1,0.0,0.923828125,True,512
halfcheetah-expert-v2,1,mpi4,implicit,4.0,10.0,14.0,0.10189092386493678,0.07544492143270363,0.4453435829037729,0.10475363489453725,0.5261356947641046,0.08437595595443827,0.19910003433905776,0.16797742222329354,0.1595240635464594,0.7640964290274808,0.15973993699140984,0.765130430573965,0.008237478068449504,0.03945628914136418,0.00390625,False,200,0.9265676140785217,0.919921875,True,512
halfcheetah-expert-v2,1,mpi4,explicit,7.0,7.0,14.0,0.13718485415729967,0.13718485415729967,0.5749980595978309,0.0,0.0,0.09926924969546243,0.23858316018188036,0.19136510178477104,0.22551236199141547,0.9452149171781422,0.20012450057681894,0.8388039643043413,0.1114190102879487,0.467002827035278,1.0,True,1,0.0,0.892578125,True,512
halfcheetah-expert-v2,1,mpi4,implicit,7.0,7.0,14.0,0.11775967689051536,0.11775967689051536,0.4791703717344891,0.0,0.0,0.08869511112855119,0.245757425410615,0.31061097031035884,0.3063787447461291,1.0439380305544397,0.306378696121134,1.0439378648723143,8.42763543669276e-05,0.0002871585999643013,0.009765625,False,200,0.6231331825256348,0.89453125,True,512
halfcheetah-expert-v2,1,mpi4,explicit,7.0,10.0,17.0,0.16997798387308913,0.144175276591914,0.6243362817145123,0.18394557899532232,0.731132942295573,0.1202549917309843,0.2515897839560882,0.19136510178477104,0.2517102490392308,0.898245944117559,0.2115168608702366,0.7548129768826225,0.1745701816718102,0.6229661217574398,1.0,True,1,0.0,0.9375,True,512
halfcheetah-expert-v2,1,mpi4,implicit,7.0,10.0,17.0,0.1048349851437257,0.08657441430010494,0.3967146418480794,0.11297682062251425,0.46831095087937746,0.09458789285942482,0.24124317488277916,0.20897355887850463,0.17430751102431827,0.9647936491341748,0.17429198637412688,0.9647077200550337,6.40403706345735e-05,0.00035446403034127005,0.001953125,False,200,0.8901901841163635,0.943359375,True,512
halfcheetah-expert-v2,1,mpi4,explicit,10.0,10.0,20.0,0.18403421686998467,0.18403421686998467,0.656400371606505,0.0,0.0,0.15727082949127616,0.28036884930392514,0.20146352110392837,0.30037689852003097,0.7977619959503751,0.22913461703392227,0.6085517572321454,0.2224926911181269,0.5909116653953689,1.0,True,1,0.0,0.953125,True,512
halfcheetah-expert-v2,1,mpi4,implicit,10.0,10.0,20.0,0.14227973408362737,0.14227973408362737,0.518448693019243,0.0,0.0,0.13467520793944668,0.2744335861954742,nan,nan,nan,nan,nan,nan,nan,0.0,False,200,0.607132613658905,0.935546875,False,512
halfcheetah-expert-v2,2,mpi4,explicit,0.05,0.05,0.1,0.03470708819619722,0.03470708819619722,0.176764135428221,0.0,0.0,0.034684739399960064,0.19634688966807298,0.19614790939871388,0.19558453116372512,0.9961172875942337,0.19558492459923615,0.9961192913718931,0.00016782797975940775,0.0008547524233417864,1.0,True,1,0.0,0.001953125,True,512
halfcheetah-expert-v2,2,mpi4,implicit,0.05,0.05,0.1,0.034858826347668986,0.034858826347668986,0.17693675138865084,0.0,0.0,0.03482347495502278,0.19701292170273743,0.19743611577901346,0.1971122143000142,0.9964197569587727,0.19711507165908682,0.9964342011627648,0.00010558091625783195,0.0005337209126827098,0.869140625,False,200,0.0013439655303955078,0.001953125,True,512
halfcheetah-expert-v2,2,mpi4,explicit,0.1,0.1,0.2,0.036221662284542516,0.036221662284542516,0.18441821299149264,0.0,0.0,0.03611771359438198,0.1964104396034542,0.19558453116372512,0.19459053491502912,0.9907341753722491,0.19459792248518043,0.9907717882922457,0.0005982872063667994,0.003046106956303954,1.0,True,1,0.0,0.005859375,True,512
halfcheetah-expert-v2,2,mpi4,implicit,0.1,0.1,0.2,0.03593123869087452,0.03593123869087452,0.1830131649776536,0.0,0.0,0.0358207753551798,0.19633144257825288,0.1976081322813797,0.196353515546939,0.9908181252997371,0.19635493741978644,0.9908253002025402,0.00024794367569289533,0.001251146877842546,0.767578125,False,200,0.009060561656951904,0.005859375,True,512
halfcheetah-expert-v2,2,mpi4,explicit,0.2,0.2,0.4,0.037257768105498495,0.037257768105498495,0.18787102215645896,0.0,0.0,0.0366652315064254,0.1983156725174478,0.19459053491502912,0.19553304074929592,0.9859686744228091,0.19555244552730908,0.9860665223526617,0.0023788662290741423,0.01199535164758524,1.0,True,1,0.0,0.013671875,True,512
halfcheetah-expert-v2,2,mpi4,implicit,0.2,0.2,0.4,0.0364847983849948,0.0364847983849948,0.18251405525885075,0.0,0.0,0.03599821406474492,0.199901308056797,0.2048302480336431,0.20502063266760204,0.9898840047029926,0.20498331891402363,0.989703845821703,0.0006791165898160168,0.0032789219350289746,0.568359375,False,200,0.016117870807647705,0.01171875,True,512
halfcheetah-expert-v2,2,mpi4,explicit,1.5,2.5,4.0,0.07565681030537018,0.06385217467047917,0.3332673407106856,0.07595973847949489,0.3629142603040615,0.060412730356778334,0.2093049152046363,0.1915860428254724,0.19285792375862482,0.92142090198918,0.19137982930542463,0.9143589825318417,0.03826112810971461,0.18280090590470324,1.0,True,1,0.0,0.515625,True,512
halfcheetah-expert-v2,2,mpi4,implicit,1.5,2.5,4.0,0.06602853314589649,0.0632026872247298,0.29678356700208997,0.07191214163148378,0.330296995461977,0.0590783808857339,0.21771963602303532,0.21059425941736123,0.21510062409528694,0.9598198135460385,0.21492373046847862,0.9590304806065608,0.0048052855590462445,0.021442096268749485,0.052734375,False,200,0.35407596826553345,0.466796875,True,512
halfcheetah-expert-v2,2,mpi4,explicit,4.0,10.0,14.0,0.19112485687335218,0.11938325348715002,0.6375817878827534,0.1930831911312761,0.7929346906182841,0.11659931785993846,0.24350453248642848,0.19285792375862482,0.22627172007177354,0.9292300137550196,0.20717042358729432,0.8507867244682223,0.13541276809157635,0.5560995793748663,1.0,True,1,0.0,0.849609375,True,512
halfcheetah-expert-v2,2,mpi4,implicit,4.0,10.0,14.0,0.12803911858100123,0.1177504366477553,0.46147140252593233,0.16600889653416306,0.6233654497165526,0.12558485694710295,0.26631071165340997,0.18263905109855122,0.1916122557789804,0.9218618379644553,0.19067188795008047,0.9173376533730884,0.005021265216084347,0.02415770725201331,0.00390625,False,200,1.128615140914917,0.814453125,True,512
halfcheetah-expert-v2,2,mpi4,explicit,7.0,7.0,14.0,0.14496856851803655,0.14496856851803655,0.5953423824918588,0.0,0.0,0.10376048446581208,0.24350453248642848,0.20070297183081942,0.22627172007177354,0.9292300137550196,0.1995548250187906,0.8195117478148487,0.12666558024752883,0.5201775053389959,1.0,True,1,0.0,0.859375,True,512
halfcheetah-expert-v2,2,mpi4,implicit,7.0,7.0,14.0,0.11077607497069626,0.11077607497069626,0.4566598367254316,0.0,0.0,0.09322834071131407,0.24257897468066758,0.1399357380469456,0.15279461248949885,0.907125495874691,0.15274889839060066,0.9068540960919641,0.003722093933230004,0.02209767903371264,0.0078125,False,200,0.8502407073974609,0.865234375,True,512
halfcheetah-expert-v2,2,mpi4,explicit,7.0,10.0,17.0,0.1782414693805695,0.1443432440721604,0.6448855586737262,0.19368404779165954,0.7743953148270675,0.11613626853227656,0.25011004597169045,0.20070297183081942,0.2549210653888617,0.9085509698638579,0.21278830207482685,0.758387769684155,0.18139524821871372,0.6465014119033589,1.0,True,1,0.0,0.8828125,True,512
halfcheetah-expert-v2,2,mpi4,implicit,7.0,10.0,17.0,0.1040973317573629,0.09480406431578343,0.45411401504428145,0.11608672153922468,0.5300777998774646,0.08084046477877462,0.2189994026651557,nan,nan,nan,nan,nan,nan,nan,0.0,False,200,1.1428571939468384,0.87890625,False,512
halfcheetah-expert-v2,2,mpi4,explicit,10.0,10.0,20.0,0.19405739094501454,0.19405739094501454,0.6876963187174774,0.0,0.0,0.1604807470834678,0.28218471680482865,0.20880346966515695,0.2937018095429709,0.8289814472489427,0.22400262687244527,0.6322535843454381,0.215451687330685,0.608118321959084,1.0,True,1,0.0,0.87890625,True,512
halfcheetah-expert-v2,2,mpi4,implicit,10.0,10.0,20.0,0.14275025197724,0.14275025197724,0.5201165719337693,0.0,0.0,0.13999068211513846,0.27445818818366274,0.17655642394626844,0.144677290012854,0.6331933991220767,0.14471500629666648,0.6333584678895893,3.7713874529759864e-05,0.00016505822306624973,0.001953125,False,200,1.1794404983520508,0.8671875,True,512
halfcheetah-expert-v2,3,mpi4,explicit,0.05,0.05,0.1,0.034900859697462754,0.034900859697462754,0.17828376040210073,0.0,0.0,0.034900565506879554,0.19576017254037859,0.195154601512734,0.1948442174555072,0.9953210345445397,0.1948543167913889,0.995372624894868,0.0002460474156836219,0.0012568818901754432,1.0,True,1,0.0,0.001953125,True,512
halfcheetah-expert-v2,3,mpi4,implicit,0.05,0.05,0.1,0.034913948828863305,0.034913948828863305,0.177506557103219,0.0,0.0,0.034913363899817584,0.19669103721369038,0.1967368140620007,0.1971736442115857,0.9956845031877162,0.19717299042478997,0.9956812017049876,8.734676138113835e-05,0.0004410823619890497,0.873046875,False,200,0.00306093692779541,0.001953125,True,512
halfcheetah-expert-v2,3,mpi4,explicit,0.1,0.1,0.2,0.03619331859640649,0.03619331859640649,0.1846407900584171,0.0,0.0,0.03606006248684044,0.1960201675098745,0.1948442174555072,0.19423327316383648,0.9908841300936649,0.19424256398582343,0.9909315273696951,0.0005904798160184801,0.0030123421662147836,1.0,True,1,0.0,0.00390625,True,512
halfcheetah-expert-v2,3,mpi4,implicit,0.1,0.1,0.2,0.0359230666534486,0.0359230666534486,0.18177508544048615,0.0,0.0,0.03579019670643702,0.19762370935707768,0.19668356073889096,0.19640283169382466,0.9912206159957092,0.19640205061553567,0.9912166739909221,0.00020747604535688738,0.0010471057454182005,0.763671875,False,200,0.005419731140136719,0.00390625,True,512
halfcheetah-expert-v2,3,mpi4,explicit,0.2,0.2,0.4,0.03602651471292944,0.03602651471292944,0.18291477715224666,0.0,0.0,0.035793171815571546,0.19695792365065865,0.19423327316383648,0.19362745382668983,0.9830904501721087,0.19369311655775193,0.9834238347338721,0.0020732032858895347,0.010526122775170725,1.0,True,1,0.0,0.021484375,True,512
halfcheetah-expert-v2,3,mpi4,implicit,0.2,0.2,0.4,0.03618889350504523,0.03618889350504523,0.18452470301368862,0.0,0.0,0.035928228431559725,0.1961195054862688,0.19633732267570672,0.19490235790864097,0.9849316091311862,0.19489254667369335,0.9848820284307359,0.0005375715945294135,0.0027165974865797082,0.583984375,False,200,0.024769306182861328,0.021484375,True,512
halfcheetah-expert-v2,3,mpi4,explicit,1.5,2.5,4.0,0.07864060092756041,0.06776063327457878,0.3497253090680263,0.08072126094171057,0.3856561467538234,0.05988176625575217,0.20930889244515924,0.19144633582354134,0.18879630775376502,0.9019985034951695,0.18799965539471988,0.8981923949742242,0.03548855223763261,0.1695510965781395,1.0,True,1,0.0,0.51171875,True,512
halfcheetah-expert-v2,3,mpi4,implicit,1.5,2.5,4.0,0.05661050142362008,0.056934381090014856,0.2694397846340837,0.061696608894540116,0.2928096915543853,0.05401943089863273,0.21070548781026543,0.17952535206461412,0.16794131831573847,0.8335878775402156,0.16781584862814036,0.8329651004200318,0.00574430805668337,0.02851225421432881,0.037109375,False,200,0.4033840000629425,0.484375,True,512
halfcheetah-expert-v2,3,mpi4,explicit,4.0,10.0,14.0,0.1962837226776406,0.12435929066868237,0.639497203880449,0.1875237545864155,0.7480026804117573,0.1326807218490304,0.25069930830085824,0.18879630775376502,0.24356123413186023,0.8930559947510758,0.21686937237398704,0.7951860392185361,0.17737347922636953,0.6503680665668127,1.0,True,1,0.0,0.9296875,True,512
halfcheetah-expert-v2,3,mpi4,implicit,4.0,10.0,14.0,0.1233810449908868,0.09449436844288668,0.4360317879050421,0.11897648112022853,0.47621277650286764,0.10847141461071244,0.2498389102324139,nan,nan,nan,nan,nan,nan,nan,0.0,False,200,1.7004623413085938,0.908203125,False,512
halfcheetah-expert-v2,3,mpi4,explicit,7.0,7.0,14.0,0.1616172089275458,0.1616172089275458,0.6446655558123553,0.0,0.0,0.12758512091987226,0.25069930830085824,0.1983478729200556,0.24356123413186023,0.8930559947510758,0.20411073365976165,0.7484044615622433,0.15709111709210774,0.5759995606086417,1.0,True,1,0.0,0.9140625,True,512
halfcheetah-expert-v2,3,mpi4,implicit,7.0,7.0,14.0,0.13452445883943023,0.13452445883943023,0.5470240568663607,0.0,0.0,0.11392741050184488,0.2459205534945877,0.058885948231872626,0.07070193459110305,0.5735060020944737,0.06829883902159277,0.5540130456330784,0.004107290367456882,0.0333167075512776,0.001953125,False,200,0.7935307025909424,0.904296875,True,512
halfcheetah-expert-v2,3,mpi4,explicit,7.0,10.0,17.0,0.2130776109761167,0.17646609057593132,0.6939346439251354,0.1932259805082847,0.6884270054777722,0.17669887836555226,0.28067751405856717,0.1983478729200556,0.2739834409423392,0.8369308734043892,0.23502329553682286,0.7179202192931321,0.21120894959068068,0.645175088114005,1.0,True,1,0.0,0.9375,True,512
halfcheetah-expert-v2,3,mpi4,implicit,7.0,10.0,17.0,0.1390573584190695,0.12826092093046038,0.532679797885237,0.10191274137381677,0.4061589698170457,0.1334247085857635,0.25091835696678905,nan,nan,nan,nan,nan,nan,nan,0.0,False,200,1.0032483339309692,0.94140625,False,512
halfcheetah-expert-v2,3,mpi4,explicit,10.0,10.0,20.0,0.18520629839253983,0.18520629839253983,0.7005946476866951,0.0,0.0,0.13351298419632684,0.2643558568482867,0.2114401905003147,0.28054530799509947,0.8600769973053899,0.22912767808552367,0.7024442746010764,0.21215919491640084,0.6504234364796947,1.0,True,1,0.0,0.90234375,True,512
halfcheetah-expert-v2,3,mpi4,implicit,10.0,10.0,20.0,0.12647800667337672,0.12647800667337672,0.5268836289997648,0.0,0.0,0.10888028174226214,0.24004922474718451,nan,nan,nan,nan,nan,nan,nan,0.0,False,200,1.5385782718658447,0.890625,False,512
hopper-medium-v2,0,mpi1,explicit,0.05,0.05,0.1,1.9998070156227077,1.9998070156227077,0.9999035078113538,0.0,0.0,2.0,1.217971112567701,1.057087098374858,1.2217969357752396,1.003141144455777,1.2217913992279077,1.003136598742603,0.00011696065900046652,9.602909116119553e-05,1.0,True,1,0.0,1.0,True,512
hopper-medium-v2,0,mpi1,implicit,0.05,0.05,0.1,1.999806917261029,1.999806917261029,0.9999034586305146,0.0,0.0,2.0,1.217971112567701,1.0572447610406814,1.2218074348306307,1.0031361882178609,1.2218214353290595,1.0031476829970107,0.000138019586563769,0.00011331772750603445,0.98046875,False,39,1.1920928955078125e-07,1.0,True,512
hopper-medium-v2,0,mpi1,explicit,0.1,0.1,0.2,1.6192777650373875,1.6192777650373875,0.9916010690439875,0.0,0.0,1.632993161855452,1.2537475940425677,1.2217969357752396,1.2417944093212976,0.9904660357650391,1.2418626654114833,0.9905204774170191,0.0007757422839640291,0.0006187388016935175,1.0,True,1,0.0,0.98046875,True,512
hopper-medium-v2,0,mpi1,implicit,0.1,0.1,0.2,1.6193016718459443,1.6193016718459443,0.9916157089145731,0.0,0.0,1.632993161855452,1.2536657046977349,1.2233522290562375,1.2417398272385325,0.9904667035069912,1.2418529162924645,0.9905569083470018,0.001473244000412273,0.0011751246891990772,0.984375,False,200,0.0003764629364013672,0.98046875,True,512
hopper-medium-v2,0,mpi1,explicit,0.2,0.2,0.4,1.614402467841289,1.614402467841289,0.9886155714252717,0.0,0.0,1.632993161855452,1.0724797385924139,1.2417944093212976,0.9593933726645921,0.8945561749481226,0.9610547233468348,0.8961052491380211,0.0051771051072640245,0.004827228823976446,1.0,True,1,0.0,1.0,True,512
hopper-medium-v2,0,mpi1,implicit,0.2,0.2,0.4,1.6142731896451619,1.6142731896451619,0.988536405021427,0.0,0.0,1.632993161855452,1.0724797385924139,1.241705243282389,0.9540855129457337,0.8896070280991343,0.9585598168195446,0.8937789520178866,0.00900129032423954,0.008392970049069056,1.0,True,52,1.1920928955078125e-07,1.0,True,512
hopper-medium-v2,0,mpi1,explicit,1.5,2.5,4.0,1.4197168616670732,0.060824886815762425,0.4533214783338722,1.383516212323877,0.8472271927653925,1.632993161855452,1.0724797385924139,1.1786743306535277,1.845826692149591,1.7210830430905517,1.8487901884689968,1.7238462620239883,0.10987957528921863,0.10245375398273827,1.0,True,1,0.0,1.0,True,512
hopper-medium-v2,0,mpi1,implicit,1.5,2.5,4.0,1.3941164671479076,0.061142058703254336,0.4455801040212737,1.3570459546971967,0.8310175366290472,1.632993161855452,1.0725005004100796,1.1325852202319628,1.7951559122120688,1.6646955302673223,1.823598815828299,1.691071386645957,0.08270075698831944,0.07669059805425732,0.576171875,False,200,0.006473660469055176,1.0,True,512
hopper-medium-v2,0,mpi1,explicit,4.0,10.0,14.0,1.8707228397732798,0.017091151861588542,0.880116389943435,1.8684255865063268,1.7421546713400475,0.0,1.0724797385924139,1.845826692149591,1.1291281568928413,1.052820035905551,1.127227719829644,1.0510480331396141,0.04482060101185904,0.04179155969014787,1.0,True,1,0.0,1.0,True,512
hopper-medium-v2,0,mpi1,implicit,4.0,10.0,14.0,1.7284300280426916,0.022672220526351896,0.8145264966838829,1.7254512410785257,1.6051898234303883,0.0,1.0749203713434536,1.8416625504868265,1.1171878370551205,1.0368669252517606,1.1125676902444195,1.0325789467588593,0.07876509325367669,0.07310222806791845,0.533203125,False,200,0.9654523730278015,1.0,True,512
hopper-medium-v2,0,mpi1,explicit,7.0,7.0,14.0,0.30618621784789724,0.30618621784789724,0.28549370848698197,0.0,0.0,0.3061862021325296,1.0724797385924139,0.46255163972493823,1.1291281568928413,1.052820035905551,1.1290563511190626,1.0527530828702678,0.056534742343857684,0.05271404233524937,1.0,True,1,0.0,1.0,True,512
hopper-medium-v2,0,mpi1,implicit,7.0,7.0,14.0,0.3061862173409495,0.3061862173409495,0.28549370801429447,0.0,0.0,0.3061862021325296,1.0724797385924139,0.3620139285185538,1.1333488448111062,1.0567554836034296,1.1311300205455292,1.0546866107047315,0.06152207493499876,0.057364323745401465,1.0,True,12,1.1920928955078125e-07,1.0,True,512
hopper-medium-v2,0,mpi1,explicit,7.0,10.0,17.0,0.30618621784789724,0.02990951451213922,0.1566909472812738,0.3076435909593305,0.28685259020659937,0.3061862021325296,1.0724797385924139,0.46255163972493823,1.093539465424435,1.0196364799018591,1.0872762078045088,1.0137965023297455,0.11973734200040533,0.11164531850042755,1.0,True,1,0.0,1.0,True,512
hopper-medium-v2,0,mpi1,implicit,7.0,10.0,17.0,0.3061862173409495,0.0425853598863827,0.16260054371054167,0.30913348664648393,0.28824179657902826,0.3061862021325296,1.0724797385924139,0.3656018648389746,1.1070672906660468,1.0361260129473966,1.0974376383927624,1.0271134323209874,0.08898767534936067,0.0832853124995848,0.98046875,False,65,1.1920928955078125e-07,1.0,True,512
hopper-medium-v2,0,mpi1,explicit,10.0,10.0,20.0,0.04272788044941212,0.04272788044941212,0.03984026822314679,0.0,0.0,0.0,1.0724797385924139,0.610369931240499,0.4568763113327733,0.4259999465653355,0.4107761588610976,0.38301530936167116,0.1559788225097119,0.14543754711341006,1.0,True,1,0.0,1.0,True,512
hopper-medium-v2,0,mpi1,implicit,10.0,10.0,20.0,0.06846707520563318,0.06846707520563318,0.06383997080960563,0.0,0.0,0.0,1.0724797385924139,0.5393546294739168,0.34539315759921146,0.3229095447163755,0.3667816228245147,0.34290571260832586,0.1234084427136875,0.11537508249388875,0.982421875,False,74,1.1920928955078125e-07,1.0,True,512
hopper-medium-v2,0,mpi2,explicit,0.05,0.05,0.1,1.0371669889940411,1.0371669889940411,0.9710510265587752,0.0,0.0,1.037110482745663,1.0680870115235537,0.2985423736292408,1.042174792067093,0.9757395987621844,1.042249344919937,0.9758093991174361,0.0004479184429198298,0.0004193651248327648,1.0,True,1,0.0,0.03125,True,512
hopper-medium-v2,0,mpi2,implicit,0.05,0.05,0.1,1.0366415244227318,1.0366415244227318,0.9706548873238912,0.0,0.0,1.0365854757943977,1.0679815637468912,0.29868620459254147,1.0411185173415318,0.9754512900218463,1.0413604904664944,0.9756780009994763,0.0006162568543154164,0.0005773872364327391,0.99609375,False,200,2.4549663066864014e-05,0.03125,True,512
hopper-medium-v2,0,mpi4,explicit,0.05,0.05,0.1,0.04036317334317562,0.04036317334317562,0.14742300353031199,0.0,0.0,0.04039223251737304,0.2737915547547263,0.2726092594561774,0.273380878869834,0.9985000418100544,0.2733922207002226,0.9985414668656913,0.00024424720169824817,0.0008920918028938287,1.0,True,1,0.0,0.005859375,True,512
hopper-medium-v2,0,mpi4,implicit,0.05,0.05,0.1,0.04025584166437143,0.04025584166437143,0.14691012937672993,0.0,0.0,0.04028298676975056,0.2740167872369175,0.27383913561927864,0.2744930235634363,0.9988669062754573,0.2744892950867263,0.998853338528095,0.00013062416944761653,0.0004753350679996001,0.9609375,False,200,0.0007610619068145752,0.005859375,True,512
hopper-medium-v2,0,mpi4,explicit,0.1,0.1,0.2,0.039837699205416556,0.039837699205416556,0.14630931076095083,0.0,0.0,0.03988730376717224,0.2722841013891853,0.273380878869834,0.2716131743548047,0.9975359301885143,0.27158068174974503,0.9974165967243352,0.0012187096869090152,0.004475875310718456,1.0,True,1,0.0,0.0078125,True,512
hopper-medium-v2,0,mpi4,implicit,0.1,0.1,0.2,0.03972909099010665,0.03972909099010665,0.14595942707106144,0.0,0.0,0.039906477141052006,0.2721927030500349,0.27055606263571774,0.269177853771718,0.9984349548744699,0.26918559878206366,0.9984636826800699,0.00017211699620526316,0.000638416656241974,0.9375,False,200,0.011786431074142456,0.0078125,True,512
hopper-medium-v2,0,mpi4,explicit,0.2,0.2,0.4,0.04243873139938383,0.04243873139938383,0.15444926463611397,0.0,0.0,0.04229385439945585,0.2747745772656831,0.2716131743548047,0.2737323490681463,0.9962069700628489,0.2737205113398991,0.9961638884635066,0.0015955583736100465,0.00580679038609631,1.0,True,1,0.0,0.009765625,True,512
hopper-medium-v2,0,mpi4,implicit,0.2,0.2,0.4,0.04179766997081251,0.04179766997081251,0.15188678992398097,0.0,0.0,0.041935633052550596,0.27518963296105053,0.26920396871052654,0.27092722064688796,0.9970519763281608,0.27090323989631143,0.996963723642812,0.0007790426854761432,0.0028669915386994485,0.880859375,False,200,0.02943311631679535,0.009765625,True,512
hopper-medium-v2,0,mpi4,explicit,1.5,2.5,4.0,0.08965133552325137,0.06732828815150207,0.275783230365449,0.08095157409774477,0.28443292301553064,0.06501541474718774,0.2846069056967946,0.2768890610922541,0.2780024420673226,0.9767944364761548,0.27682227350832994,0.9726477747635611,0.02345429196485925,0.08240942681076838,1.0,True,1,0.0,0.0703125,True,512
hopper-medium-v2,0,mpi4,implicit,1.5,2.5,4.0,0.0725762230655481,0.06215899238008605,0.24047870903960475,0.07022536701875941,0.2506799064616913,0.05869770841912633,0.28013959319667764,0.2777668160438546,0.2774137259624996,0.992767141571116,0.27719664919926684,0.991990299412393,0.003793820326020748,0.013576762100110185,0.453125,False,200,0.1284116506576538,0.060546875,True,512
hopper-medium-v2,0,mpi4,explicit,4.0,10.0,14.0,0.19499541235965395,0.13114930970164584,0.5090582650504759,0.1874137464833797,0.5850440628225617,0.13303124279552805,0.32034125016019604,0.2780024420673226,0.2850822230223777,0.8899329164752087,0.2841835125684718,0.8871274380878438,0.05444734850798443,0.16996671044005865,1.0,True,1,0.0,0.1640625,True,512
hopper-medium-v2,0,mpi4,implicit,4.0,10.0,14.0,0.14259158307657985,0.11537793790643579,0.4174021046516769,0.14960151754414144,0.4841191164294222,0.10803180358155089,0.3090179926120543,0.3221127473773416,0.32029213038661003,1.0128344167609806,0.3204609526666656,1.0133682700759215,0.008605585093176075,0.027212759639811485,0.197265625,False,200,0.4468807578086853,0.150390625,True,512
hopper-medium-v2,0,mpi4,explicit,7.0,7.0,14.0,0.15499092180160895,0.15499092180160895,0.48383067033702715,0.0,0.0,0.1218812987886227,0.32034125016019604,0.2801516292560601,0.2850822230223777,0.8899329164752087,0.27979279468562546,0.8734210612767068,0.05168669264055581,0.16134885099782922,1.0,True,1,0.0,0.142578125,True,512
hopper-medium-v2,0,mpi4,implicit,7.0,7.0,14.0,0.13374453923832821,0.13374453923832821,0.4268355029120162,0.0,0.0,0.11565607610118102,0.31333977217423975,0.3173353783233645,0.31713386768665974,0.9638982865314333,0.31587066428221183,0.96005889969467,0.015167520161897898,0.04610023773755193,0.23046875,False,200,0.3504347801208496,0.140625,True,512
hopper-medium-v2,0,mpi4,explicit,7.0,10.0,17.0,0.20689308112931595,0.1773009999007532,0.5511004438184779,0.1750297703947859,0.5021367527963732,0.15998911692728318,0.3485699252644908,0.2801516292560601,0.294352098254702,0.8444563828372486,0.28849737617681415,0.8276599765682758,0.0665603741759301,0.1909527166620151,1.0,True,1,0.0,0.18359375,True,512
hopper-medium-v2,0,mpi4,implicit,7.0,10.0,17.0,0.16399616275437381,0.15599128233999845,0.48738482278662926,0.14826356604110147,0.45165154426195847,0.13241520661863831,0.32826980871587236,0.32531275250473496,0.3314255684857718,0.9234257741543803,0.3307012280121038,0.9214075995587864,0.012394272361129341,0.034533215413787385,0.166015625,False,200,0.33564338088035583,0.177734375,True,512
hopper-medium-v2,0,mpi4,explicit,10.0,10.0,20.0,0.21632725031732533,0.21632725031732533,0.6158502692555491,0.0,0.0,0.17030529567089472,0.351265983172867,0.28079705071297023,0.300342866550797,0.8550297522062948,0.28877632076293785,0.8221015828362281,0.07255828354359907,0.20656222640235355,1.0,True,1,0.0,0.20703125,True,512
hopper-medium-v2,0,mpi4,implicit,10.0,10.0,20.0,0.1912563079746732,0.1912563079746732,0.5405800370297239,0.0,0.0,0.1564533502972715,0.35379831823896396,0.3068564298767823,0.3331447734479613,0.9747535467438077,0.33298618189974905,0.9742895212317051,0.010294661324151319,0.03012131192810166,0.216796875,False,200,0.4366644322872162,0.193359375,True,512
hopper-medium-v2,0,mpi8,explicit,0.05,0.05,0.1,0.042148150954814174,0.042148150954814174,0.15011717021003862,0.0,0.0,0.042278423775131475,0.28076835511781884,0.2828900675658725,0.280453284328487,0.9988778265656055,0.2804512606745179,0.9988706190084425,0.00022068319669741468,0.0007859973984775078,1.0,True,1,0.0,0.00390625,True,512
hopper-medium-v2,0,mpi8,implicit,0.05,0.05,0.1,0.04217675547699757,0.04217675547699757,0.1502714009746239,0.0,0.0,0.04231178307495344,0.28067054145665343,0.2832393014138347,0.28099010360274784,0.9986995505357579,0.28099370207009,0.9987123402663254,0.00014752312274243608,0.0005243290581678036,0.98046875,False,200,0.00011295080184936523,0.00390625,True,512
hopper-medium-v2,0,mpi8,explicit,0.1,0.1,0.2,0.042001854445075044,0.042001854445075044,0.14846762280770326,0.0,0.0,0.04203135345948361,0.2829024513949163,0.280453284328487,0.28198571396304234,0.9967595281435215,0.28195926691151496,0.9966660434409431,0.0006092116929354011,0.0021534337717172163,1.0,True,1,0.0,0.009765625,True,512
hopper-medium-v2,0,mpi8,implicit,0.1,0.1,0.2,0.041629005863865726,0.041629005863865726,0.1469624798720053,0.0,0.0,0.04164817190169895,0.2832628157889133,0.28132531601226196,0.2835496766671836,0.9974814886817555,0.2835454477898984,0.9974666121815967,0.0002843631564225648,0.0010003431777055186,0.935546875,False,200,0.010591655969619751,0.009765625,True,512
hopper-medium-v2,0,mpi8,explicit,0.2,0.2,0.4,0.042266290914329735,0.042266290914329735,0.1486014323716139,0.0,0.0,0.0422709425690554,0.28442721069224036,0.28198571396304234,0.2831454123493147,0.9954934046577117,0.2830793900049243,0.9952612807894304,0.002700305828237623,0.00949383788444715,1.0,True,1,0.0,0.013671875,True,512
hopper-medium-v2,0,mpi8,implicit,0.2,0.2,0.4,0.042273756742284875,0.042273756742284875,0.14875003455452682,0.0,0.0,0.04233957571151428,0.28419325661930334,0.2857604078749529,0.2859755806596262,0.9961330859646097,0.2859739254908484,0.996127320547931,0.0010858900666291377,0.00378245939948645,0.83984375,False,200,0.029677093029022217,0.013671875,True,512
hopper-medium-v2,0,mpi8,explicit,1.5,2.5,4.0,0.09151941571276112,0.07050573549017522,0.27294657464104516,0.08227688562919451,0.2772062724569726,0.06870436396475195,0.29680744558897154,0.27961523463114696,0.2877572763547963,0.969508280979217,0.2856166340610692,0.962296055256647,0.025442546111345842,0.08572071384819469,1.0,True,1,0.0,0.072265625,True,512
hopper-medium-v2,0,mpi8,implicit,1.5,2.5,4.0,0.07467643265958131,0.06315281862472394,0.24084216271466874,0.07239046638304003,0.2529894970937884,0.0647537313243726,0.2861402042955301,0.2845925935384369,0.2892743630509851,0.9962401151287743,0.2885730127362589,0.9938247150534996,0.005928412390029852,0.020417026174328584,0.427734375,False,200,0.27905791997909546,0.064453125,True,512
hopper-medium-v2,1,mpi1,explicit,0.05,0.05,0.1,1.5769289243049756,1.5769289243049756,0.9930906863879094,0.0,0.0,1.5879002249438217,1.0744981966010472,1.0428016410837633,1.0488778625587798,0.9761560008911024,1.0489550497503104,0.9762278364621391,0.00037578035046501095,0.00034972636683217745,1.0,True,1,0.0,0.658203125,True,512
hopper-medium-v2,1,mpi1,implicit,0.05,0.05,0.1,1.5767931175165728,1.5767931175165728,0.9931173346659409,0.0,0.0,1.5877208689011209,1.0747490985814816,1.0454011761612059,1.047779036513876,0.9757412993681633,1.0480130949942306,0.9759592656738353,0.0005939729346039148,0.0005531356352845581,0.984375,False,200,0.00014019012451171875,0.654296875,True,512
hopper-medium-v2,1,mpi1,explicit,0.1,0.1,0.2,1.9633527610746695,1.9633527610746695,0.9999991707275762,0.0,0.0,1.9633543892303227,1.217971112567701,1.0488778625587798,1.2256702484482453,1.006321279545221,1.2257162738236085,1.006359068105958,0.0008650925198306863,0.0007102734300544423,1.0,True,1,0.0,1.0,True,512
hopper-medium-v2,1,mpi1,implicit,0.1,0.1,0.2,1.9633527610745725,1.9633527610745725,0.9999991707275268,0.0,0.0,1.9633543892303227,1.217971112567701,1.0432279974619403,1.228615131922817,1.0063215601846938,1.2286852221673537,1.0063789689878277,0.0009231319402006207,0.0007561095009998387,0.95703125,False,35,1.1920928955078125e-07,1.0,True,512
hopper-medium-v2,1,mpi1,explicit,0.2,0.2,0.4,1.9671382303101395,1.9671382303101395,0.9835691151550697,0.0,0.0,2.0,1.0680870115235537,1.2256702484482453,0.9878371379758315,0.9248657902568713,0.9886019896276439,0.9255818851476063,0.0027974888881895235,0.0026191582314994124,1.0,True,1,0.0,0.994140625,True,512
hopper-medium-v2,1,mpi1,implicit,0.2,0.2,0.4,1.9672483676678425,1.9672483676678425,0.9836241838339213,0.0,0.0,2.0,1.0696707076558636,1.2252947359187067,0.9847842276390238,0.9222178149347019,0.9869654822497798,0.9242604876385188,0.0058302991798687785,0.005459882093120866,0.9609375,False,200,0.0008331537246704102,0.994140625,True,512
hopper-medium-v2,1,mpi1,explicit,1.5,2.5,4.0,1.3029801781353976,0.26662643064444036,0.3924016521949595,1.2831833663997998,0.6415916831998999,2.0,1.2537475940425677,1.4900797224361801,1.1928428470814414,0.9514218433993195,1.1949738147539055,0.9531215217736507,0.052221968729688005,0.04165269706425051,1.0,True,1,0.0,1.0,True,512
hopper-medium-v2,1,mpi1,implicit,1.5,2.5,4.0,1.354177985134639,0.2828274934046189,0.40925136963481445,1.313500562921725,0.6567502814608625,2.0,1.2447023800114008,1.4734870994073104,1.178745216410032,0.9479451894036828,1.1831109925837902,0.9514561402557519,0.10376771155430313,0.08344984277680707,0.68359375,False,200,0.1753440499305725,1.0,True,512
hopper-medium-v2,1,mpi1,explicit,4.0,10.0,14.0,1.0310351130298114,0.6269465362249148,0.6612103014725442,0.4645618941392778,0.370538612673505,0.0,1.2537475940425677,1.1928428470814414,1.166948628959782,0.9307683895105933,1.165679692811967,0.9297562749878261,0.09279025752812149,0.07401031752246859,1.0,True,1,0.0,1.0,True,512
hopper-medium-v2,1,mpi1,implicit,4.0,10.0,14.0,1.0679227912227962,0.7414844844399804,0.7225220020170902,0.4519904010272136,0.3609723624252233,0.0,1.2521468347063414,1.1865071963926588,1.1626901372540792,0.9297931403871773,1.1630459234782937,0.9300776595209683,0.08082873756191042,0.06463803495289863,0.982421875,False,200,0.007853448390960693,1.0,True,512
hopper-medium-v2,1,mpi1,explicit,7.0,7.0,14.0,0.9237137594198578,0.9237137594198578,0.7367621392129232,0.0,0.0,0.0,1.2537475940425677,1.1791464950445205,1.166948628959782,0.9307683895105933,1.1661035957898662,0.9300943836948047,0.0766877822274856,0.061166842984890196,1.0,True,1,0.0,1.0,True,512
hopper-medium-v2,1,mpi1,implicit,7.0,7.0,14.0,0.9941699211221428,0.9941699211221428,0.792958587395214,0.0,0.0,0.0,1.2537475940425677,1.1680423752163573,1.1624842626803003,0.9278044684692166,1.1616618620986041,0.9271480923279947,0.09538900927749841,0.07613208358318567,0.998046875,False,89,1.1920928955078125e-07,1.0,True,512
hopper-medium-v2,1,mpi1,explicit,7.0,10.0,17.0,1.023852730690526,0.9213730585578901,0.775764515318532,0.17377695218156974,0.138606010497891,0.0,1.2537475940425677,1.1791464950445205,1.166696397429719,0.9305672074455099,1.1651684926288899,0.9293485372697191,0.08618391086101679,0.06874103788556553,1.0,True,1,0.0,1.0,True,512
hopper-medium-v2,1,mpi1,implicit,7.0,10.0,17.0,1.061752047873299,0.9900002014746376,0.8182477314801031,0.16470866367523593,0.1313730646087634,0.0,1.2537475940425677,1.168068233232253,1.1641262256289373,0.9291871672479466,1.162895312716555,0.928204672002152,0.07187831393289992,0.05737213494506269,0.994140625,False,106,1.1920928955078125e-07,1.0,True,512
hopper-medium-v2,1,mpi1,explicit,10.0,10.0,20.0,1.0204154602750144,1.0204154602750144,0.8138922579981189,0.0,0.0,0.0,1.2537475940425677,1.1734982695325886,1.1635450379716066,0.9280536556962689,1.16268164885278,0.9273650090157654,0.07321775890528089,0.05839912216237918,1.0,True,1,0.0,1.0,True,512
hopper-medium-v2,1,mpi1,implicit,10.0,10.0,20.0,1.0589035220301357,1.0589035220301357,0.8445906712497215,0.0,0.0,0.0,1.2537475940425677,1.1641191946479823,1.164240204684044,0.9286081267203735,1.1609255901876234,0.9259643613307761,0.07184991105982043,0.05730811480813972,1.0,True,76,1.1920928955078125e-07,1.0,True,512
hopper-medium-v2,1,mpi2,explicit,0.05,0.05,0.1,1.0462217849284021,1.0462217849284021,0.9809891317213448,0.0,0.0,1.0461763635141703,1.0664968154056849,0.3014408986109991,1.04526775246974,0.9800945838475199,1.0453310182963962,0.9801539050060478,0.00021685103955534953,0.00020333022698512375,1.0,True,1,0.0,0.041015625,True,512
hopper-medium-v2,1,mpi2,implicit,0.05,0.05,0.1,1.0455010135951381,1.0455010135951381,0.9809343763672392,0.0,0.0,1.0454555221055768,1.0658215664405737,0.30173226318626856,1.0444459172299616,0.9799444392160328,1.0445876138464585,0.9800773851245774,0.00034398786655598606,0.00032274432924525137,0.99609375,False,200,0.0002754628658294678,0.041015625,True,512
hopper-medium-v2,1,mpi4,explicit,0.05,0.05,0.1,0.0401963579499444,0.0401963579499444,0.14857685944405938,0.0,0.0,0.04005759250350281,0.2705425198806192,0.27050683009452475,0.270323232129666,0.9991894518057644,0.270322621069418,0.9991871931580357,0.0001866834212510785,0.0006900335715563499,1.0,True,1,0.0,0.005859375,True,512
hopper-medium-v2,1,mpi4,implicit,0.05,0.05,0.1,0.04022376389309612,0.04022376389309612,0.14840521774046703,0.0,0.0,0.040078281391094935,0.2710400921579453,0.2724916407192631,0.27242623085678325,0.9993096075981521,0.27242503523636064,0.9993052218421564,0.00019603317422654614,0.0007190858009393932,0.970703125,False,200,0.0050345733761787415,0.005859375,True,512
hopper-medium-v2,1,mpi4,explicit,0.1,0.1,0.2,0.04076427453130702,0.04076427453130702,0.15070065130283866,0.0,0.0,0.04112688292805046,0.2704983301591024,0.270323232129666,0.269963189765405,0.9980216499178289,0.2699551285685859,0.9979918486365627,0.0004693989073529319,0.0017353116637608803,1.0,True,1,0.0,0.015625,True,512
hopper-medium-v2,1,mpi4,implicit,0.1,0.1,0.2,0.0408074710786822,0.0408074710786822,0.15046665583115218,0.0,0.0,0.04122069421966093,0.2712060745503293,0.2709820577497608,0.27078638500000995,0.9998403197210476,0.2707619017751236,0.9997499188857243,0.000713784013766024,0.0026355462315269945,0.91015625,False,200,0.006294436752796173,0.015625,True,512
hopper-medium-v2,1,mpi4,explicit,0.2,0.2,0.4,0.04155588601041667,0.04155588601041667,0.15360831829660102,0.0,0.0,0.04164052951703995,0.2705314820918536,0.269963189765405,0.26952999156243446,0.9962980629031591,0.26955602235927706,0.9963942838554909,0.0015235029631759304,0.005631518192986704,1.0,True,1,0.0,0.015625,True,512
hopper-medium-v2,1,mpi4,implicit,0.2,0.2,0.4,0.04147930670428647,0.04147930670428647,0.1526786082911173,0.0,0.0,0.04148841830540941,0.27167726486736454,0.27188064232587,0.2714172082682095,0.998499473276247,0.27140557481782934,0.9984566757169062,0.0010720829512867564,0.0039440176582703915,0.859375,False,200,0.020115673542022705,0.015625,True,512
hopper-medium-v2,1,mpi4,explicit,1.5,2.5,4.0,0.08735350860376688,0.06912906886538434,0.27460505808738683,0.07648377351569745,0.2684366708256848,0.07170102080866729,0.28492297002656486,0.2694555473090215,0.2743947218686822,0.9630487911981928,0.2716872616167635,0.953546362342891,0.029320542374352727,0.1029069097925626,1.0,True,1,0.0,0.052734375,True,512
hopper-medium-v2,1,mpi4,implicit,1.5,2.5,4.0,0.0657300746202993,0.06127830508084005,0.2275790821829806,0.06518433284127866,0.23360018725748755,0.059835918827527895,0.2790422970398938,0.2846646366308006,0.2864513039254695,0.9897573089187571,0.28660953470334777,0.9903040338481073,0.004048880263322432,0.013989843225161051,0.466796875,False,200,0.15240338444709778,0.05078125,True,512
hopper-medium-v2,1,mpi4,explicit,4.0,10.0,14.0,0.21096862072547679,0.13410620830686157,0.5366015169491316,0.1960365168141349,0.6096851085596314,0.1362906340673562,0.32153732158108167,0.2743947218686822,0.28415162955991075,0.8837282968044398,0.27923918915020485,0.8684503179199042,0.058242985954792596,0.1811391152616339,1.0,True,1,0.0,0.197265625,True,512
hopper-medium-v2,1,mpi4,implicit,4.0,10.0,14.0,0.15631392649545536,0.12663175749687164,0.458235040357274,0.15176298465540758,0.4915651401149978,0.1273799483403543,0.30873422924152805,0.29330884603738655,0.2985821486791859,0.9661984652600931,0.29836954331223725,0.9655104838112336,0.00939130254537375,0.0303898345774275,0.224609375,False,200,0.4427714943885803,0.1640625,True,512
hopper-medium-v2,1,mpi4,explicit,7.0,7.0,14.0,0.1699811992852318,0.1699811992852318,0.5286515370887291,0.0,0.0,0.12252481020007475,0.32153732158108167,0.2809420461520669,0.28415162955991075,0.8837282968044398,0.2775946729620354,0.8633357757570133,0.05672929646174044,0.17643145182272438,1.0,True,1,0.0,0.16015625,True,512
hopper-medium-v2,1,mpi4,implicit,7.0,7.0,14.0,0.1440707782073141,0.1440707782073141,0.46998593470721095,0.0,0.0,0.11206618762268933,0.30654274429950007,0.28116170484925773,0.2826500446856036,0.9607715398010647,0.2831840697216015,0.9625867741014826,0.02442057954809322,0.08300935469992143,0.294921875,False,200,0.13868823647499084,0.1640625,True,512
hopper-medium-v2,1,mpi4,explicit,7.0,10.0,17.0,0.21864696699418149,0.1849711951023154,0.596707819663551,0.1954059310465393,0.5777750260714477,0.1515901204699112,0.33820418368580607,0.2809420461520669,0.2914168820572056,0.8616596012541756,0.28495553842782056,0.8425547411103174,0.06845866024203512,0.20241813538780368,1.0,True,1,0.0,0.19921875,True,512
hopper-medium-v2,1,mpi4,implicit,7.0,10.0,17.0,0.18787345173586764,0.16220846764138094,0.5199653622706554,0.1628167390861368,0.48365288257815575,0.14546855512915854,0.33663965408047886,0.3160210835133491,0.3216952540133414,0.987049637472865,0.3187993996948613,0.9781643588758998,0.01657885628738636,0.0508684970761203,0.203125,False,200,0.27916425466537476,0.1953125,True,512
hopper-medium-v2,1,mpi4,explicit,10.0,10.0,20.0,0.23566139681394005,0.23566139681394005,0.6284222056242252,0.0,0.0,0.20014769262826038,0.37500488478100885,0.27710138440816245,0.3110164374615592,0.8293663631693308,0.30379749254701,0.8101160941527955,0.07966547227269853,0.21243849215249738,1.0,True,1,0.0,0.19140625,True,512
hopper-medium-v2,1,mpi4,implicit,10.0,10.0,20.0,0.2129037927254127,0.2129037927254127,0.5753927137737729,0.0,0.0,0.18707031564021723,0.37001475275740126,0.31395527797103995,0.35670272680922027,1.0001634408177078,0.3550127406744554,0.9954248665920482,0.04900217374775031,0.1373978358435982,0.2109375,False,200,0.3018549680709839,0.177734375,True,512
hopper-medium-v2,1,mpi8,explicit,0.05,0.05,0.1,0.042267547963545204,0.042267547963545204,0.1510613978219062,0.0,0.0,0.0422587325224605,0.2798037657070837,0.28007191051784563,0.27947330522681113,0.998818956280172,0.27947387131279305,0.9988209794337221,0.0003084348682153668,0.001102325651107412,1.0,True,1,0.0,0.009765625,True,512
hopper-medium-v2,1,mpi8,implicit,0.05,0.05,0.1,0.04228520928097297,0.04228520928097297,0.15110723641314247,0.0,0.0,0.04225859575384739,0.279835766206199,0.2807651469416152,0.2803054654947884,0.9990518784230165,0.2803007283911036,0.999034994655423,0.00021519851574083393,0.0007670006755138441,0.94921875,False,200,0.0021314918994903564,0.009765625,True,512
hopper-medium-v2,1,mpi8,explicit,0.1,0.1,0.2,0.04020313423576702,0.04020313423576702,0.14276137821613955,0.0,0.0,0.04014562389474071,0.2816107180956169,0.27947330522681113,0.2810123224740844,0.9978750964253807,0.28098603819529633,0.9977817609196662,0.001359497204078088,0.004827576213262204,1.0,True,1,0.0,0.0078125,True,512
hopper-medium-v2,1,mpi8,implicit,0.1,0.1,0.2,0.0403294082520552,0.0403294082520552,0.14327002520200172,0.0,0.0,0.040313060614807265,0.2814922953715774,0.2818521384142611,0.283724277980021,0.9986659608856518,0.2837101482356381,0.998616226351647,0.0004264511093904804,0.001501042526082966,0.90234375,False,200,0.00795552134513855,0.0078125,True,512
hopper-medium-v2,1,mpi8,explicit,0.2,0.2,0.4,0.04317961569085747,0.04317961569085747,0.15255787101188564,0.0,0.0,0.04289242988316804,0.28303761323133164,0.2810123224740844,0.28082668971709474,0.9921885876262323,0.2808100096283106,0.9921296552158233,0.0017127499031820085,0.006051315525269597,1.0,True,1,0.0,0.013671875,True,512
hopper-medium-v2,1,mpi8,implicit,0.2,0.2,0.4,0.04295898688110699,0.04295898688110699,0.15117547183874608,0.0,0.0,0.042960625992425935,0.2841663820102373,0.28288159961022424,0.28351703408556655,0.9970781394069748,0.28352907977872466,0.9971205019315429,0.0005056455159366326,0.0017782638417324073,0.875,False,200,0.02308972179889679,0.013671875,True,512
hopper-medium-v2,1,mpi8,explicit,1.5,2.5,4.0,0.09077793452002411,0.06898449617749172,0.26474341307675897,0.0851993713286679,0.28236891813760345,0.07316046246547027,0.3017307000027131,0.28452995563551836,0.29339197256228117,0.9723636758196731,0.29070882870016845,0.9634711638476112,0.03573750552461577,0.11844172808499243,1.0,True,1,0.0,0.076171875,True,512
hopper-medium-v2,1,mpi8,implicit,1.5,2.5,4.0,0.06721372645417664,0.06276495342612497,0.2200778974383623,0.06738289988803407,0.22818337506296865,0.06075333807421965,0.2953015304880968,0.29043592434510535,0.2894800178708521,0.9893856403993537,0.28937587749220584,0.9890297091127102,0.004359272691336259,0.014899134783518394,0.423828125,False,200,0.33021214604377747,0.064453125,True,512
hopper-medium-v2,2,mpi4,explicit,0.05,0.05,0.1,0.038583669144566325,0.038583669144566325,0.14178762547732088,0.0,0.0,0.03880360142519997,0.2721229657008244,0.27059382655551384,0.2715957464129153,0.998062569667535,0.2715949523112565,0.9980596514953891,0.00012182823858983371,0.000447695541888858,1.0,True,1,0.0,0.005859375,True,512
hopper-medium-v2,2,mpi4,implicit,0.05,0.05,0.1,0.03858232193332966,0.03858232193332966,0.14159395118472354,0.0,0.0,0.03880387375484581,0.2724856648925288,0.2728827867658301,0.27405836506871534,0.9982589299943706,0.2740571263468743,0.9982544179440294,0.0002608744766879327,0.000950236552334541,0.953125,False,200,0.007864728569984436,0.005859375,True,512
hopper-medium-v2,2,mpi4,explicit,0.1,0.1,0.2,0.04038266819654449,0.04038266819654449,0.14918184944476512,0.0,0.0,0.04010204220615405,0.27069424562601535,0.2715957464129153,0.2696471343564828,0.9961317564504891,0.2696513959667704,0.9961474997119601,0.0005405504398463373,0.00199690406641724,1.0,True,1,0.0,0.01171875,True,512
hopper-medium-v2,2,mpi4,implicit,0.1,0.1,0.2,0.04005873050438221,0.04005873050438221,0.14811022093562784,0.0,0.0,0.039838635990184196,0.2704656724655935,0.26983233787717636,0.2671322900054199,0.9970285460738001,0.2671482814557934,0.9970882316045728,0.0006129117143309839,0.002287594941811874,0.91796875,False,200,0.002021797001361847,0.01171875,True,512
hopper-medium-v2,2,mpi4,explicit,0.2,0.2,0.4,0.04146280139318769,0.04146280139318769,0.15146032034464543,0.0,0.0,0.04170100123997096,0.2737535566994694,0.2696471343564828,0.2725735305731048,0.9956894582828744,0.2725742073025977,0.9956919303219632,0.0022336198786342605,0.008159236013457026,1.0,True,1,0.0,0.013671875,True,512
hopper-medium-v2,2,mpi4,implicit,0.2,0.2,0.4,0.04154318457751625,0.04154318457751625,0.15250648668781394,0.0,0.0,0.04137275930882662,0.2724027382688094,0.2687353966318538,0.27129032694306343,0.9985044750655749,0.27127184852840036,0.9984364638690789,0.0005604026319507694,0.002062604082300388,0.8984375,False,200,0.018854066729545593,0.013671875,True,512
hopper-medium-v2,2,mpi4,explicit,1.5,2.5,4.0,0.08480787182711653,0.06309393313929416,0.25844360334499555,0.07966329247387648,0.2784072630614705,0.06624945670411392,0.2861394189141084,0.2722370419523711,0.2749084645863176,0.9607500624331595,0.273655368223632,0.956370741445366,0.028151977006718648,0.09838552518752805,1.0,True,1,0.0,0.068359375,True,512
hopper-medium-v2,2,mpi4,implicit,1.5,2.5,4.0,0.07206772675132041,0.06025978689600582,0.2341522047021768,0.07050744590797343,0.24952443301053495,0.06341353418733081,0.28256730235710664,0.27876074229097714,0.27737100951719007,0.9785414175246826,0.27723683594372606,0.9780680645271924,0.003385565457172008,0.01194398804457024,0.46484375,False,200,0.18297535181045532,0.0625,True,512
hopper-medium-v2,2,mpi4,explicit,4.0,10.0,14.0,0.19281433476563883,0.13070575993294695,0.4936027999419517,0.18683541844035598,0.5701190570953985,0.13933058945487747,0.32771298576166114,0.2749084645863176,0.282985368754668,0.8635158844772707,0.2805317219607857,0.8560287023987831,0.05765780668366956,0.17593995108147129,1.0,True,1,0.0,0.181640625,True,512
hopper-medium-v2,2,mpi4,implicit,4.0,10.0,14.0,0.1347913200477816,0.11539656392795973,0.397512147801131,0.14068551667754764,0.44705763532838627,0.11130770089021588,0.3146921236994578,0.2943317127252327,0.3003923282621706,0.9552300713202231,0.2988857175914161,0.950439137321334,0.010351613773351849,0.032917527621971365,0.240234375,False,200,0.7392696142196655,0.16015625,True,512
hopper-medium-v2,2,mpi4,explicit,7.0,7.0,14.0,0.1543046285568139,0.1543046285568139,0.4708529574993298,0.0,0.0,0.12002706131341026,0.32771298576166114,0.27555899225666775,0.282985368754668,0.8635158844772707,0.27763090739419,0.8471770099342515,0.05290311958812562,0.16143125810278683,1.0,True,1,0.0,0.130859375,True,512
hopper-medium-v2,2,mpi4,implicit,7.0,7.0,14.0,0.1467709180037856,0.1467709180037856,0.4595336756176946,0.0,0.0,0.12617147012769764,0.3193909952442539,0.28692233860200866,0.294884746338965,0.9649985939019405,0.29353225725587984,0.9605726272161471,0.01139462717187963,0.03728846383346395,0.259765625,False,200,0.3433576226234436,0.11328125,True,512
hopper-medium-v2,2,mpi4,explicit,7.0,10.0,17.0,0.1958740390993641,0.17617068859473106,0.5527355005961857,0.17850973968008602,0.5304129475770725,0.14087728579033137,0.3365486089574527,0.27555899225666775,0.2938529562308603,0.8731367428352969,0.28832860456930615,0.856722021411645,0.06364242494167333,0.18910321792392004,1.0,True,1,0.0,0.169921875,True,512
hopper-medium-v2,2,mpi4,implicit,7.0,10.0,17.0,0.15558856917570993,0.15027112286392322,0.4706876115108253,0.1547664268271544,0.47634024149804477,0.11969213942464385,0.3249073106660666,0.2809387060463755,0.29242193128668637,0.9823444627474351,0.2919414605579377,0.9807303985839789,0.010654244428112507,0.03579122117367175,0.1796875,False,200,0.4263732433319092,0.16796875,True,512
hopper-medium-v2,2,mpi4,explicit,10.0,10.0,20.0,0.9688345743319461,0.9688345743319461,1.0143803994091658,0.0,0.0,0.9472859682181904,0.9550998569138872,0.2831484841312091,0.28305497096701204,0.29636165152575517,0.2532108235420828,0.26511450264504915,0.0902068754165473,0.09444758552055824,1.0,True,1,0.0,0.1953125,True,512
hopper-medium-v2,2,mpi4,implicit,10.0,10.0,20.0,0.9158296226187209,0.9158296226187209,0.9986026185773804,0.0,0.0,0.9026617465853931,0.9171111767395735,0.2787447647067529,0.2893280249424714,0.3153484019255238,0.2713842808999723,0.2957909082831853,0.1017310817326393,0.11088014739298563,0.361328125,False,200,0.25957247614860535,0.201171875,True,512
hopper-medium-v2,3,mpi4,explicit,0.05,0.05,0.1,0.039068482562524806,0.039068482562524806,0.1447225694110681,0.0,0.0,0.03886277994082193,0.2699543182622415,0.2695184646003426,0.26960647459179626,0.9987114721013378,0.26961055608249007,0.9987265912915775,0.0003133837310019058,0.0011608768958364124,1.0,True,1,0.0,0.0078125,True,512
hopper-medium-v2,3,mpi4,implicit,0.05,0.05,0.1,0.03905324907833666,0.03905324907833666,0.14455052973388527,0.0,0.0,0.03890064826046749,0.27017022455907247,0.2701614993315857,0.27034437880355117,0.9992154441882743,0.27034733973228164,0.9992263880286076,0.00012191311642050888,0.00045060107894832777,0.958984375,False,200,0.0013726651668548584,0.0078125,True,512
hopper-medium-v2,3,mpi4,explicit,0.1,0.1,0.2,0.039797109551443485,0.039797109551443485,0.14702192342867593,0.0,0.0,0.039779416874624385,0.27068826623500186,0.26960647459179626,0.27004547868929285,0.9976253586657097,0.27006425077925106,0.9976947081436879,0.0006031782448113455,0.0022283132298305374,1.0,True,1,0.0,0.009765625,True,512
hopper-medium-v2,3,mpi4,implicit,0.1,0.1,0.2,0.03985059559569087,0.03985059559569087,0.14692661182481495,0.0,0.0,0.03984647960799209,0.2712278946662565,0.27145965016577034,0.27216569264923757,0.9986384062102152,0.2721451788648056,0.9985631364258751,0.0004985050480561587,0.0018291294609278288,0.927734375,False,200,0.004378378391265869,0.009765625,True,512
hopper-medium-v2,3,mpi4,explicit,0.2,0.2,0.4,0.042188698619884585,0.042188698619884585,0.1566040612955444,0.0,0.0,0.04285832967092001,0.2693972191453307,0.27004547868929285,0.26819633979198715,0.9955423468840793,0.2682621179222971,0.9957865146988719,0.001736178946977639,0.006444680284695251,1.0,True,1,0.0,0.015625,True,512
hopper-medium-v2,3,mpi4,implicit,0.2,0.2,0.4,0.04217246220954548,0.04217246220954548,0.15590232908408672,0.0,0.0,0.04280582411349594,0.2705056586216845,0.27736997235088406,0.2757082750546198,0.9980804605016005,0.27569177933592826,0.9980207450124491,0.0012511816637246402,0.004529352522531488,0.87890625,False,200,0.0035253018140792847,0.013671875,True,512
hopper-medium-v2,3,mpi4,explicit,1.5,2.5,4.0,0.08947732214108153,0.06936180348388735,0.2800642390208819,0.08221095900444637,0.28990778666358835,0.06757682469802874,0.2835762362597205,0.269547851721608,0.2735170805051672,0.9645275080619226,0.2725302359405539,0.9610475106628829,0.023576314363910413,0.08313924563945989,1.0,True,1,0.0,0.080078125,True,512
hopper-medium-v2,3,mpi4,implicit,1.5,2.5,4.0,0.07156370352262639,0.060958906140633214,0.23771271971889799,0.07280612561341879,0.26119229278292205,0.060979438275809275,0.27874530614089843,0.2742940605922773,0.2754950951009624,1.0017567673799814,0.27568760472645665,1.0024567719301678,0.0036630384128776517,0.01331956025543119,0.43359375,False,200,0.16638332605361938,0.078125,True,512
hopper-medium-v2,3,mpi4,explicit,4.0,10.0,14.0,0.22003717234171213,0.13932351268457077,0.5488142214727506,0.20391713252575555,0.622842881790996,0.141860189246018,0.3273973878281921,0.2735170805051672,0.2832828631861731,0.865256943756775,0.2767681085407469,0.8453583285337211,0.06745277628676748,0.206027228055236,1.0,True,1,0.0,0.212890625,True,512
hopper-medium-v2,3,mpi4,implicit,4.0,10.0,14.0,0.1787161770138476,0.12887573684941286,0.45859014751768823,0.18105128421642425,0.5398603239874961,0.13422903138409972,0.3353669017184853,0.31480350571384247,0.3187445757945015,0.9154210182090712,0.31763338546943365,0.9122297263219475,0.010243169645245881,0.02941795248740038,0.162109375,False,200,0.46609777212142944,0.193359375,True,512
hopper-medium-v2,3,mpi4,explicit,7.0,7.0,14.0,0.16705044367169597,0.16705044367169597,0.5102375580325608,0.0,0.0,0.12386461670019672,0.3273973878281921,0.279652878427312,0.2832828631861731,0.865256943756775,0.2753383594275974,0.8409913141154514,0.05830549787927914,0.17808785300961547,1.0,True,1,0.0,0.17578125,True,512
hopper-medium-v2,3,mpi4,implicit,7.0,7.0,14.0,0.14376214068975224,0.14376214068975224,0.45561211136075724,0.0,0.0,0.10812357349002175,0.31553625793744594,0.29003273214571945,0.29010219322306874,0.9579685129865608,0.28908614454057435,0.9546133413669424,0.011535113613065622,0.03809097584637219,0.23828125,False,200,0.5879150032997131,0.171875,True,512
hopper-medium-v2,3,mpi4,explicit,7.0,10.0,17.0,0.2299475374445208,0.18039486910129146,0.607388720729346,0.19289344976126846,0.5710416657825342,0.15492728836890463,0.33779225110821726,0.279652878427312,0.30419379445611383,0.9005351468487665,0.2992611075119131,0.8859324230502846,0.07162530195883238,0.21203950571348673,1.0,True,1,0.0,0.216796875,True,512
hopper-medium-v2,3,mpi4,implicit,7.0,10.0,17.0,0.19980340638447486,0.17543205245475282,0.5308738735994533,0.1564186317549442,0.442594445630215,0.15788945045449782,0.35341300212707827,0.31118173544386313,0.31858861268342037,0.905524922117464,0.3186733373519995,0.9057657351781392,0.01577301233620812,0.04483165812801805,0.169921875,False,200,0.8947606086730957,0.208984375,True,512
hopper-medium-v2,3,mpi4,explicit,10.0,10.0,20.0,0.24104842368798235,0.24104842368798235,0.6381988909744586,0.0,0.0,0.19408230337122562,0.3777011008589004,0.2821737401237236,0.30561422662241566,0.809143065581335,0.2933621711293263,0.776704569995201,0.08491390653552223,0.22481773641227465,1.0,True,1,0.0,0.2109375,True,512
hopper-medium-v2,3,mpi4,implicit,10.0,10.0,20.0,0.20794735847347962,0.20794735847347962,0.5541151181288346,0.0,0.0,0.17928662743817983,0.37527826198947123,0.3219772538821987,0.32875235282388593,0.8742650949725137,0.3281389763863531,0.872633916960228,0.021120227983677946,0.05616591931703361,0.201171875,False,200,0.46267515420913696,0.201171875,True,512
hopper-medium-replay-v2,0,mpi1,explicit,0.05,0.05,0.1,0.33264771862075704,0.33264771862075704,0.623037923290147,0.0,0.0,0.3327220850430878,0.5339124733597379,0.4286736001550698,0.5322773901199441,0.9969375444077851,0.5322735326746687,0.9969303195432841,9.350062472729305e-05,0.0001751235069278752,1.0,True,1,0.0,0.03515625,True,512
hopper-medium-replay-v2,0,mpi1,implicit,0.05,0.05,0.1,0.33343124588168344,0.33343124588168344,0.6216795102693489,0.0,0.0,0.33351863134450177,0.536339448821823,0.4290174733383697,0.5342282863537869,0.9969013359887468,0.5342305047026248,0.9969054755578721,4.503140841380889e-05,8.403125097620124e-05,0.970703125,False,200,0.00032733380794525146,0.03515625,True,512
hopper-medium-replay-v2,0,mpi1,explicit,0.1,0.1,0.2,0.4943775540860783,0.4943775540860783,0.7545967855445468,0.0,0.0,0.4939858415184727,0.6551545985308114,0.5322773901199441,0.652139927172976,0.9953985343847149,0.6521296381436036,0.9953828296496868,0.0008733806348193978,0.001333090902174784,1.0,True,1,0.0,0.080078125,True,512
hopper-medium-replay-v2,0,mpi1,implicit,0.1,0.1,0.2,0.4904995426670341,0.4904995426670341,0.7510534128493792,0.0,0.0,0.49008154342569205,0.6530821034500802,0.5321297173541334,0.6495723978526102,0.9954033257433833,0.6495747121597474,0.9954068721825928,8.149314462147064e-05,0.0001248799170803197,0.943359375,False,200,0.003290480002760887,0.08203125,True,512
hopper-medium-replay-v2,0,mpi1,explicit,0.2,0.2,0.4,0.698975045584284,0.698975045584284,0.8743902182869229,0.0,0.0,0.698186969653372,0.799385710139454,0.652139927172976,0.7940572472962653,0.9933343031084966,0.7941109208529514,0.9934014466113206,0.0018519624431925109,0.002316731985200778,1.0,True,1,0.0,0.154296875,True,512
hopper-medium-replay-v2,0,mpi1,implicit,0.2,0.2,0.4,0.6989687157309882,0.6989687157309882,0.8743822998900644,0.0,0.0,0.698186969653372,0.799385710139454,0.6491979478420119,0.7935491702541642,0.9935174092454774,0.7935980254907745,0.993578575622968,0.0007406901525468236,0.000927338328860279,0.939453125,False,51,1.1920928955078125e-07,0.15625,True,512
hopper-medium-replay-v2,0,mpi1,explicit,1.5,2.5,4.0,0.952414502267352,0.9959981803161557,1.0247074209573526,0.9625971901887631,1.01249647263764,0.9507165863809036,0.9364965137268727,0.9555807642347874,0.882555497228372,0.9424012628900907,0.8838892344632295,0.9438254403593157,0.0220710196246547,0.023567647397662036,1.0,True,1,0.0,0.845703125,True,512
hopper-medium-replay-v2,0,mpi1,implicit,1.5,2.5,4.0,0.9464159832735111,0.9757767348916111,1.0179082693540629,0.9659573295389473,1.0230565793834179,0.9441875933402593,0.9331930455661477,0.9682230862544136,0.8949766715900753,0.9465631655551308,0.8944437674429446,0.9459995447899668,0.005703847706345509,0.006032617734237094,0.455078125,False,200,0.5803186893463135,0.83984375,True,512
hopper-medium-replay-v2,0,mpi1,explicit,4.0,10.0,14.0,0.9460344272659349,0.9452240914781942,0.9526672091762001,0.9578286725733693,0.9649574178524754,0.9489243554194482,0.992612373201948,0.882555497228372,0.8772077136191181,0.8837364285410225,0.8769963563155919,0.8835234981875106,0.07268811409314706,0.07322910337967205,1.0,True,1,0.0,0.80859375,True,512
hopper-medium-replay-v2,0,mpi1,implicit,4.0,10.0,14.0,0.9792353803665595,0.9316369829824351,0.9404480331642742,0.976271247399807,0.9609562543914364,0.9823045022763371,1.0159372426563469,0.8967905668050601,0.9447739127481787,0.9063496128584998,0.9445933157864644,0.9061763608411394,0.019970133196995848,0.01915794059044287,0.126953125,False,200,0.33578670024871826,0.8125,True,512
hopper-medium-replay-v2,0,mpi1,explicit,7.0,7.0,14.0,0.9826999444109616,0.9826999444109616,0.9900137968671385,0.0,0.0,0.9806779406229171,0.992612373201948,0.9140600324342493,0.8772077136191181,0.8837364285410225,0.8790000757236923,0.8855421304977616,0.06586239423399892,0.06635258234948392,1.0,True,1,0.0,0.861328125,True,512
hopper-medium-replay-v2,0,mpi1,implicit,7.0,7.0,14.0,0.9966561756892226,0.9966561756892226,0.9827937038317616,0.0,0.0,0.9946971229185781,1.014105169582806,0.9141356536410115,0.9221335195083529,0.8931682334594954,0.9249256321771223,0.8958726426228389,0.030907875592568364,0.02993702328239688,0.162109375,False,200,0.6890246868133545,0.8671875,True,512
hopper-medium-replay-v2,0,mpi1,explicit,7.0,10.0,17.0,1.0074213641841807,0.94754718933964,0.964311848845811,0.9763982043274492,0.9632404121565937,1.0089626817822972,1.013659925398475,0.9140600324342493,0.8700079987917868,0.8582839046831038,0.8761860961841988,0.8643787469843651,0.10641450651761451,0.10498048097914338,1.0,True,1,0.0,0.873046875,True,512
hopper-medium-replay-v2,0,mpi1,implicit,7.0,10.0,17.0,0.9938174463571874,0.9715328406458253,0.9559679956771451,0.9676897636901711,0.9413898885606289,0.9917442383461077,1.027937282362098,0.8992638860924534,0.8962790971794274,0.8946982275742115,0.8987733649300742,0.8971880959005196,0.020311759306367503,0.020275933141262293,0.103515625,False,200,0.7574449777603149,0.87890625,True,512
hopper-medium-replay-v2,0,mpi1,explicit,10.0,10.0,20.0,0.9221096496823905,0.9221096496823905,0.9466952484078116,0.0,0.0,0.9257576904963962,0.9740300812043051,0.8861605732963757,0.7999111894104096,0.8212386915416284,0.7995007429673422,0.8208173016369553,0.12353170663611378,0.12682535069489576,1.0,True,1,0.0,0.84765625,True,512
hopper-medium-replay-v2,0,mpi1,implicit,10.0,10.0,20.0,0.9363415510541475,0.9363415510541475,0.9543922449614655,0.0,0.0,0.9361054470531643,0.9810867135576455,1.0186379219496682,0.8590114326902198,0.8906377165394068,0.8832648216564889,0.9157840442193665,0.1971954927883519,0.20445565300434962,0.060546875,False,200,0.5541356801986694,0.85546875,True,512
hopper-medium-replay-v2,0,mpi2,explicit,0.05,0.05,0.1,0.35473679716119544,0.35473679716119544,0.6059629391530267,0.0,0.0,0.3545302691136491,0.5854100543789397,0.5051689423580673,0.5833841211579737,0.9965392920640639,0.5834076419517913,0.9965794703863213,0.000317176820616007,0.0005418028239239916,1.0,True,1,0.0,0.0703125,True,512
hopper-medium-replay-v2,0,mpi2,implicit,0.05,0.05,0.1,0.3553121730552601,0.3553121730552601,0.6065011038201277,0.0,0.0,0.3551088567216023,0.5858392850685337,0.5009897272464329,0.5808400028190263,0.9965857917255792,0.580839507619151,0.9965849420782454,5.723834677968892e-05,9.820763526211975e-05,0.96875,False,200,0.0007000267505645752,0.0703125,True,512
hopper-medium-replay-v2,0,mpi4,explicit,0.05,0.05,0.1,0.07871853570304345,0.07871853570304345,0.20440330982407348,0.0,0.0,0.07870889101044252,0.3851138015856748,0.3828585301856314,0.3810316138146094,0.9894000481045931,0.3812161233509721,0.9898791520359583,0.0026154674763507815,0.006791414552222762,1.0,True,1,0.0,0.00390625,True,512
hopper-medium-replay-v2,0,mpi4,implicit,0.05,0.05,0.1,0.07881593215427725,0.07881593215427725,0.2043917071327169,0.0,0.0,0.07889250583408301,0.3856121819223321,0.3734675012380147,0.3725429047577307,0.9920542342120051,0.3725513426987949,0.9920767038257163,0.0018297134391704285,0.004872391720637022,0.71875,False,200,0.009285151958465576,0.00390625,True,512
hopper-medium-replay-v2,0,mpi4,explicit,0.1,0.1,0.2,0.08003089129282366,0.08003089129282366,0.20598560633635,0.0,0.0,0.07960590207712663,0.3885266194869108,0.3810316138146094,0.3790758833836082,0.9756754476288311,0.3792119992276119,0.9760257861569438,0.008296764328783632,0.02135442956197019,1.0,True,1,0.0,0.01953125,True,512
hopper-medium-replay-v2,0,mpi4,implicit,0.1,0.1,0.2,0.08043904039000953,0.08043904039000953,0.20861457308610282,0.0,0.0,0.08064104451819795,0.38558687056253454,0.3771429497499401,0.37368558410068015,0.9899647246484615,0.3738285450073536,0.9903434554869847,0.004111594947660043,0.010892402954269789,0.54296875,False,200,0.013870984315872192,0.017578125,True,512
hopper-medium-replay-v2,0,mpi4,explicit,0.2,0.2,0.4,0.0943897715066012,0.0943897715066012,0.23790847477661586,0.0,0.0,0.08793038270544068,0.3967482520125795,0.3790758833836082,0.3807158929695187,0.9595905994248652,0.38212049307611895,0.963130879941478,0.0193411611228437,0.04874920311490234,1.0,True,1,0.0,0.029296875,True,512
hopper-medium-replay-v2,0,mpi4,implicit,0.2,0.2,0.4,0.09237929530679694,0.09237929530679694,0.23052664065058545,0.0,0.0,0.08836265429176625,0.40073153821218593,0.3892861920528565,0.3942539914001879,0.9884667673425959,0.393993306981875,0.9878131838916048,0.005653767196134224,0.014175027027177853,0.373046875,False,200,0.12195853888988495,0.0234375,True,512
hopper-medium-replay-v2,0,mpi4,explicit,1.5,2.5,4.0,0.3086079832741691,0.23309679506802386,0.5430212594738891,0.2722647769410132,0.5458528999406129,0.22441078693943145,0.49878781805617367,0.39321786781199264,0.42288352360367104,0.8478224774047023,0.41188955291657614,0.8257810997103963,0.11422930757241759,0.22901382799920955,1.0,True,1,0.0,0.31640625,True,512
hopper-medium-replay-v2,0,mpi4,implicit,1.5,2.5,4.0,0.26241141792734174,0.18977735015637315,0.4468003540380127,0.2266630881419455,0.44792420854832715,0.2120586647588749,0.5060300019874691,0.43362877652630244,0.43286394451028426,0.977881109289964,0.43229116429719966,0.9765871439291295,0.01366141729052318,0.030862450116153076,0.041015625,False,200,0.6454218626022339,0.283203125,True,512
hopper-medium-replay-v2,0,mpi4,explicit,4.0,10.0,14.0,0.5376086717297069,0.3456899826338733,0.7396062807240131,0.5112099357805648,0.8560956759166428,0.322759828295758,0.5971411258831552,0.42288352360367104,0.4600062039080642,0.7703475509708493,0.44576919958017436,0.7465056085709958,0.19167405577048838,0.32098619147526936,1.0,True,1,0.0,0.65234375,True,512
hopper-medium-replay-v2,0,mpi4,implicit,4.0,10.0,14.0,0.4223983897852987,0.35862212387302045,0.6432949967506434,0.41782540978369914,0.6882917693676073,0.3056384369858448,0.6070469361671885,0.42185929449209386,0.4312385012828694,1.0020576705668358,0.4333360279896947,1.0069316387295588,0.017790421598911404,0.04133913918347821,0.01953125,False,200,1.1428571939468384,0.6015625,True,512
hopper-medium-replay-v2,0,mpi4,explicit,7.0,7.0,14.0,0.4212570018902916,0.4212570018902916,0.7054563546720454,0.0,0.0,0.2977579715307158,0.5971411258831552,0.4389659074549185,0.4600062039080642,0.7703475509708493,0.4369267788805812,0.731697684084945,0.17449426395968393,0.2922161217779327,1.0,True,1,0.0,0.52734375,True,512
hopper-medium-replay-v2,0,mpi4,implicit,7.0,7.0,14.0,0.3561035899260305,0.3561035899260305,0.5990053195534516,0.0,0.0,0.2680877129707476,0.5944915317137747,0.38037602780978225,0.5329434226923502,1.2008109838123415,0.5383881876351297,1.213078953111102,0.023000463244860495,0.051823904229218995,0.021484375,False,200,1.4286630153656006,0.5234375,True,512
hopper-medium-replay-v2,0,mpi4,explicit,7.0,10.0,17.0,0.48461904303769,0.4084903472600385,0.7201470174068859,0.48663488252564585,0.7847832819228739,0.3413676477394984,0.6200882380334279,0.4389659074549185,0.45286531050117407,0.7303239808860249,0.4267399936020617,0.6881923691303057,0.19960598944109012,0.3218993317372514,1.0,True,1,0.0,0.634765625,True,512
hopper-medium-replay-v2,0,mpi4,implicit,7.0,10.0,17.0,0.4791319411161892,0.4272569184028413,0.6398940766891107,0.305709880874891,0.43165124968764934,0.32759849988362744,0.7082335128094919,0.5073370452621233,0.3844483293182592,0.7275790328759206,0.36849759191708586,0.6973918238104441,0.09408305378516683,0.17805476591460836,0.005859375,False,200,1.2615985870361328,0.576171875,True,512
hopper-medium-replay-v2,0,mpi4,explicit,10.0,10.0,20.0,0.4736570017081388,0.4736570017081388,0.7439868526866584,0.0,0.0,0.34603916948853386,0.6366470052497376,0.46834915574825636,0.457988095813407,0.7193752456806923,0.4161241172548686,0.6536182748423288,0.21363397049288885,0.3355611017271441,1.0,True,1,0.0,0.61328125,True,512
hopper-medium-replay-v2,0,mpi4,implicit,10.0,10.0,20.0,0.458231573991008,0.458231573991008,0.7046507264250302,0.0,0.0,0.3399819115338439,0.6502960357619961,0.2759423805247449,0.1539521831297384,0.23973742763302094,0.1388313397704212,0.21619094705112707,0.05889351048348614,0.09171015584553933,0.0078125,False,200,1.1540368795394897,0.595703125,True,512
hopper-medium-replay-v2,1,mpi1,explicit,0.05,0.05,0.1,0.31197092438207596,0.31197092438207596,0.5861820932881445,0.0,0.0,0.31188529388833347,0.5322082130351312,0.45626527752256524,0.5305195510957688,0.996827065238749,0.5305179741137824,0.9968241021465837,4.276595960707433e-05,8.035569267746595e-05,1.0,True,1,0.0,0.033203125,True,512
hopper-medium-replay-v2,1,mpi1,implicit,0.05,0.05,0.1,0.3124249655080151,0.3124249655080151,0.5878724675165196,0.0,0.0,0.3123335008284439,0.5314502426484802,0.4562355652933415,0.5300336511767347,0.9968654827102856,0.5300359281269712,0.9968697651046045,2.8564722602034937e-05,5.372335496424581e-05,0.98046875,False,200,0.0002174973487854004,0.033203125,True,512
hopper-medium-replay-v2,1,mpi1,explicit,0.1,0.1,0.2,0.4731942182680121,0.4731942182680121,0.7149597544697577,0.0,0.0,0.473020223476633,0.6618473491825446,0.5305195510957688,0.6587143500358564,0.9952662813403155,0.6587066268683734,0.9952546122333944,0.0008462878847088219,0.0012786753407021754,1.0,True,1,0.0,0.068359375,True,512
hopper-medium-replay-v2,1,mpi1,implicit,0.1,0.1,0.2,0.4738659880940427,0.4738659880940427,0.7156123733606969,0.0,0.0,0.47369364081738524,0.6621824967456166,0.5294600724091123,0.6600401034626585,0.9952999432681073,0.6600466587637476,0.9953098282595917,0.00013670388605275602,0.00020614106524594758,0.953125,False,200,0.000620722770690918,0.068359375,True,512
hopper-medium-replay-v2,1,mpi1,explicit,0.2,0.2,0.4,0.6720825022978397,0.6720825022978397,0.8190363000605474,0.0,0.0,0.6715031273736322,0.8205771859539753,0.6587143500358564,0.8150661620039988,0.9932839664027833,0.8150764200011605,0.993296467356182,0.0005453629415643284,0.0006646089495289927,1.0,True,1,0.0,0.158203125,True,512
hopper-medium-replay-v2,1,mpi1,implicit,0.2,0.2,0.4,0.6752463265467352,0.6752463265467352,0.8229814326218453,0.0,0.0,0.6746900105899651,0.820487923276158,0.6582590326486257,0.8123082601567553,0.9943203804572273,0.8122999143749868,0.9943101646545447,0.0002548977397765111,0.00031201211414907726,0.884765625,False,200,0.00683758407831192,0.158203125,True,512
hopper-medium-replay-v2,1,mpi1,explicit,1.5,2.5,4.0,1.070165027516603,1.0629816471082707,0.9982140133302078,0.9189384116988638,0.8600413753606715,1.06848163126279,0.9518785981319565,0.8972816125119503,0.9024115632378558,0.9480322018047481,0.9028050264232739,0.9484455561822814,0.020601960536871324,0.021643474889867547,1.0,True,1,0.0,0.716796875,True,512
hopper-medium-replay-v2,1,mpi1,implicit,1.5,2.5,4.0,1.0826502687769848,1.0536189654704926,0.9884897161926801,0.9242325580986598,0.8553176391858696,1.0805723110988177,0.9482843740035943,0.8983006448947606,0.9054135823863615,0.95511819876183,0.9054428186679173,0.9551490400316335,0.007871475937555633,0.008303597455717241,0.375,False,200,0.06765550374984741,0.720703125,True,512
hopper-medium-replay-v2,1,mpi1,explicit,4.0,10.0,14.0,1.1804382036786325,1.0009811666002966,0.9190006582386621,1.0430485225598964,0.8788427313587496,1.1868432033877936,1.0626186680497838,0.9024115632378558,0.9611208290455479,0.9044832901434772,0.9597918608787858,0.9032326362572612,0.08003811557644203,0.07532157864620936,1.0,True,1,0.0,0.890625,True,512
hopper-medium-replay-v2,1,mpi1,implicit,4.0,10.0,14.0,1.1741198790272638,0.9752645849146054,0.9147351770109877,1.0462798641963003,0.8905517024380233,1.1748670642388837,1.0751246657668627,0.93552459269565,1.002711027064308,0.9197063553890537,1.0019469758321806,0.9190055525105935,0.020274302515321512,0.018595990640507435,0.107421875,False,200,0.4791713058948517,0.890625,True,512
hopper-medium-replay-v2,1,mpi1,explicit,7.0,7.0,14.0,1.020808865539586,1.020808865539586,0.9606539920977193,0.0,0.0,1.0284640644522718,1.0626186680497838,0.98760340360057,0.9611208290455479,0.9044832901434772,0.9585372704206194,0.90205197710277,0.09282442740593141,0.08735441056789582,1.0,True,1,0.0,0.892578125,True,512
hopper-medium-replay-v2,1,mpi1,implicit,7.0,7.0,14.0,1.0200411432396943,1.0200411432396943,0.9405973546304969,0.0,0.0,1.0225868139987393,1.0844609951517523,0.9425796746822799,1.0219974431496226,0.9324792510786084,1.023256528003568,0.9336280509210356,0.02320026770272976,0.021168123655567153,0.126953125,False,200,0.36632758378982544,0.908203125,True,512
hopper-medium-replay-v2,1,mpi1,explicit,7.0,10.0,17.0,1.0779888726113094,1.0187782838554196,0.9661107807263931,0.958285465758613,0.8830831946479883,1.0851587614467078,0.977547244380627,0.98760340360057,0.8400848480746089,0.8593803040249843,0.8458533750850319,0.8652813252222543,0.11462407345683374,0.11725681200140813,1.0,True,1,0.0,0.896484375,True,512
hopper-medium-replay-v2,1,mpi1,implicit,7.0,10.0,17.0,1.1120078516579848,1.0503261834460302,0.968510009558049,0.9621862072700412,0.8619269342027479,1.1163199212007797,0.9990043677597531,1.1017870657139417,0.9035156087427938,0.8928169084854696,0.9077537547177202,0.8970048697674103,0.05013385181828924,0.049540207338704303,0.072265625,False,200,0.4333270490169525,0.9140625,True,512
hopper-medium-replay-v2,1,mpi1,explicit,10.0,10.0,20.0,1.0395299638608886,1.0395299638608886,0.9949879905007335,0.0,0.0,1.0447663426949898,1.0110658611120273,0.9019683531501252,0.8644544428922512,0.8549932068139214,0.8684210886438788,0.8589164386271931,0.14050922634983634,0.13897138826870917,1.0,True,1,0.0,0.830078125,True,512
hopper-medium-replay-v2,1,mpi1,implicit,10.0,10.0,20.0,1.030087935350568,1.030087935350568,0.9983291158632824,0.0,0.0,1.0318119736093472,1.0283753301766703,0.7780603675636208,0.9444662991055371,0.9209346501944299,0.945974827832444,0.9224055934951468,0.033473486741992624,0.03263948521267479,0.068359375,False,200,0.24438685178756714,0.830078125,True,512
hopper-medium-replay-v2,1,mpi2,explicit,0.05,0.05,0.1,0.2983158037333505,0.2983158037333505,0.5204337277670176,0.0,0.0,0.29834007044943,0.5732061313806653,0.5033045125788168,0.5710353213966496,0.9962128632874407,0.5710318147390796,0.9962067456669583,0.0002203573301477231,0.00038442947150086243,1.0,True,1,0.0,0.064453125,True,512
hopper-medium-replay-v2,1,mpi2,implicit,0.05,0.05,0.1,0.29853414121981403,0.29853414121981403,0.5211548851771086,0.0,0.0,0.29855903820137325,0.5728318964492879,0.5007916535331386,0.5663426369855136,0.9963916915532671,0.5663284773086165,0.9963667798063952,0.00015914891692993575,0.00027999774022443105,0.9765625,False,200,0.0005216300487518311,0.064453125,True,512
hopper-medium-replay-v2,1,mpi4,explicit,0.05,0.05,0.1,0.08104043402512227,0.08104043402512227,0.20994002005668097,0.0,0.0,0.08073352258217789,0.38601708241831384,0.38025226861167216,0.3820640402761499,0.9897594113778618,0.38224332677000733,0.9902238636055567,0.0037005969263104485,0.009586614413867402,1.0,True,1,0.0,0.01171875,True,512
hopper-medium-replay-v2,1,mpi4,implicit,0.05,0.05,0.1,0.08003397446622958,0.08003397446622958,0.20806873198152853,0.0,0.0,0.07989953206192396,0.3846516182610978,0.3706647924178755,0.37095037779762063,0.9921874253526636,0.3706813821477711,0.9914679380108798,0.0029725539006899863,0.007950741603117279,0.7265625,False,200,0.01607021689414978,0.01171875,True,512
hopper-medium-replay-v2,1,mpi4,explicit,0.1,0.1,0.2,0.07969836808870268,0.07969836808870268,0.20733458444817143,0.0,0.0,0.07919245754157224,0.3843949541791245,0.3820640402761499,0.37747948336681103,0.9820094651682371,0.37735668548306345,0.9816900075832388,0.006613728640977656,0.017205555299499898,1.0,True,1,0.0,0.021484375,True,512
hopper-medium-replay-v2,1,mpi4,implicit,0.1,0.1,0.2,0.07980902190959017,0.07980902190959017,0.20480510190843765,0.0,0.0,0.07948700958058437,0.38968278214705043,0.3671909996039744,0.3659162693462378,0.9910118886382385,0.36579527657175603,0.9906842036239456,0.002745928475034889,0.007436804515338291,0.55078125,False,200,0.09699124097824097,0.021484375,True,512
hopper-medium-replay-v2,1,mpi4,explicit,0.2,0.2,0.4,0.09186793221026053,0.09186793221026053,0.23396167704015333,0.0,0.0,0.08940336841976781,0.3926623085134316,0.37747948336681103,0.37627493356942404,0.958265984310926,0.37739212591298094,0.9611111576808541,0.02005244979336848,0.05106792620173921,1.0,True,1,0.0,0.015625,True,512
hopper-medium-replay-v2,1,mpi4,implicit,0.2,0.2,0.4,0.09109033051915531,0.09109033051915531,0.22935376938365906,0.0,0.0,0.09043087694852427,0.39716081738678977,0.3694594683260969,0.36576585545866597,0.9839934723893474,0.3656605392188151,0.9837101477131829,0.0069683766783553945,0.018746520656099736,0.396484375,False,200,0.050539642572402954,0.017578125,True,512
hopper-medium-replay-v2,1,mpi4,explicit,1.5,2.5,4.0,0.2991866661461796,0.21809466616945253,0.5209370709568905,0.2802805766464746,0.5645227597551576,0.216474640755512,0.49649118977600953,0.38614528931560504,0.41448713278163524,0.8348328053285897,0.4074102908229645,0.8205790942771137,0.11583548627028388,0.23330824122486987,1.0,True,1,0.0,0.333984375,True,512
hopper-medium-replay-v2,1,mpi4,implicit,1.5,2.5,4.0,0.25483459503680644,0.20847418247797028,0.45216127587772986,0.23727645189520885,0.46313486137765486,0.21667914855591014,0.5123269088174429,0.42456340472883575,0.3970611622349767,1.025226192477451,0.39594614397399425,1.0223471752504443,0.007092808373978202,0.01831388615873369,0.03125,False,200,1.0423166751861572,0.302734375,True,512
hopper-medium-replay-v2,1,mpi4,explicit,4.0,10.0,14.0,0.5375679796708177,0.3364991893401546,0.724128742072757,0.5359248534528305,0.8879834496368166,0.3394463883765495,0.6035302275870373,0.41448713278163524,0.4525316931552754,0.7498078347534203,0.42347806057696463,0.7016683526690356,0.2294861623605872,0.3802397160422129,1.0,True,1,0.0,0.630859375,True,512
hopper-medium-replay-v2,1,mpi4,implicit,4.0,10.0,14.0,0.38928619757144134,0.23457303795653314,0.527115940172272,0.3523786580629864,0.5954689682018363,0.2669260137892616,0.5917666190516689,0.4728816657930871,0.4949278708632674,0.9366589289352777,0.4945744355540181,0.9359900469472177,0.009202036755885646,0.01741500206233507,0.01171875,False,200,1.2176302671432495,0.615234375,True,512
hopper-medium-replay-v2,1,mpi4,explicit,7.0,7.0,14.0,0.4153631606224519,0.4153631606224519,0.6882226301789512,0.0,0.0,0.3057234055932141,0.6035302275870373,0.4396868045535469,0.4525316931552754,0.7498078347534203,0.4132365959396894,0.6846990872219321,0.20119251491624282,0.3333594668830868,1.0,True,1,0.0,0.5390625,True,512
hopper-medium-replay-v2,1,mpi4,implicit,7.0,7.0,14.0,0.39800524964149797,0.39800524964149797,0.6512344627770085,0.0,0.0,0.31826547968261315,0.6111550791466335,0.4486800104926566,0.4596773466301091,0.7887989513292025,0.46031568754713886,0.7898943341006942,0.018414239702475625,0.031598539874372694,0.017578125,False,200,1.0390368700027466,0.51953125,True,512
hopper-medium-replay-v2,1,mpi4,explicit,7.0,10.0,17.0,0.46620271595535295,0.374882212845484,0.6769038432722726,0.4646888822782365,0.7479617802413818,0.31504042884535255,0.6212735657806905,0.4396868045535469,0.4638241476476768,0.7465699060684109,0.43740393088845386,0.704044007310714,0.21386115959187216,0.34423025760501313,1.0,True,1,0.0,0.63671875,True,512
hopper-medium-replay-v2,1,mpi4,implicit,7.0,10.0,17.0,0.446567016137135,0.32850403938828415,0.5498308469547514,0.4255068089807781,0.6037040539678417,0.32598131826324483,0.7048268206650873,0.41710280021703,0.5802073616979534,0.9961244225101696,0.5810531140562603,0.9975764457610288,0.01325129922618918,0.022750388327662813,0.015625,False,200,1.1428571939468384,0.615234375,True,512
hopper-medium-replay-v2,1,mpi4,explicit,10.0,10.0,20.0,0.47459153829922973,0.47459153829922973,0.6922723675387266,0.0,0.0,0.38303189937628346,0.6855560911474349,0.43443205052199463,0.5160325982645891,0.7527211922235139,0.4697299347206696,0.6851808929805716,0.23952355381711118,0.3493857860940507,1.0,True,1,0.0,0.6015625,True,512
hopper-medium-replay-v2,1,mpi4,implicit,10.0,10.0,20.0,0.4447677363278542,0.4447677363278542,0.614570530019601,0.0,0.0,0.39214996224731113,0.7237049526498917,0.45728227748704586,0.505695644071542,0.9028288345277152,0.5124218587611238,0.9148372839580592,0.020124322817122366,0.035928367443227784,0.017578125,False,200,0.6903347969055176,0.576171875,True,512
hopper-medium-replay-v2,2,mpi4,explicit,0.05,0.05,0.1,0.077732481703577,0.077732481703577,0.20142940113422947,0.0,0.0,0.07709988721951869,0.3859043479545335,0.3800873125389537,0.3819450300389,0.9897401572783006,0.38210652881703916,0.9901586515994845,0.002420524986847189,0.006272344428553499,1.0,True,1,0.0,0.005859375,True,512
hopper-medium-replay-v2,2,mpi4,implicit,0.05,0.05,0.1,0.07862510136090513,0.07862510136090513,0.2028894922021685,0.0,0.0,0.07807835035856243,0.3875267294895658,0.3756849375218469,0.37906200854662075,0.9938373675852922,0.3791407209727114,0.9940437384390797,0.0013810134719165212,0.003620787002083688,0.73046875,False,200,0.010441780090332031,0.005859375,True,512
hopper-medium-replay-v2,2,mpi4,explicit,0.1,0.1,0.2,0.07757685996147685,0.07757685996147685,0.2026944874901556,0.0,0.0,0.07660880175063499,0.38272802049066373,0.3819450300389,0.37524777241598606,0.9804554470166886,0.37542802818660825,0.9809264231693913,0.007860894635794265,0.02053911450151067,1.0,True,1,0.0,0.013671875,True,512
hopper-medium-replay-v2,2,mpi4,implicit,0.1,0.1,0.2,0.07815502427449987,0.07815502427449987,0.20225618775050466,0.0,0.0,0.07760857754340551,0.3864159862980749,0.3781703197941165,0.36903988313850883,0.9878429791572642,0.369639779747038,0.9894487775547598,0.00666726699253532,0.01784688644688041,0.5390625,False,200,0.06034240126609802,0.013671875,True,512
hopper-medium-replay-v2,2,mpi4,explicit,0.2,0.2,0.4,0.0910030866349815,0.0910030866349815,0.2344400571759795,0.0,0.0,0.0865289760396783,0.3881720885551191,0.37524777241598606,0.3751137893345389,0.9663595101100992,0.37641265994599404,0.9697056306832962,0.017935164187957087,0.04620415716832344,1.0,True,1,0.0,0.015625,True,512
hopper-medium-replay-v2,2,mpi4,implicit,0.2,0.2,0.4,0.09058745106939849,0.09058745106939849,0.24174853702639287,0.0,0.0,0.08792420934336001,0.37471768054384796,0.36646530421196466,0.3663523617002238,0.9898896542028814,0.36602786294775613,0.9890128536374949,0.004165456063074568,0.011255125646625962,0.369140625,False,200,0.278830349445343,0.015625,True,512
hopper-medium-replay-v2,2,mpi4,explicit,1.5,2.5,4.0,0.2992177558364543,0.22671356216625418,0.526452411887171,0.29046273860468913,0.581501059425421,0.22247902046207255,0.499505089279965,0.38897118318389184,0.4276953578216436,0.8562382386096707,0.41559039460828145,0.8320043249356152,0.11236313525239103,0.2249489297783975,1.0,True,1,0.0,0.298828125,True,512
hopper-medium-replay-v2,2,mpi4,implicit,1.5,2.5,4.0,0.24440550264141,0.18364073363658695,0.455649850762821,0.25032607679201324,0.5329379392475057,0.2180874845614874,0.4697096197457195,0.40970742281486366,0.4396111418603953,1.019588010822476,0.44019405855743693,1.020939966719446,0.016690629825780734,0.03871049762620947,0.041015625,False,200,0.5503872036933899,0.30078125,True,512
hopper-medium-replay-v2,2,mpi4,explicit,4.0,10.0,14.0,0.5590561198797512,0.3498170794422932,0.7540144547119814,0.5341913216584899,0.8863458146035122,0.3479008288749964,0.602689506575319,0.4276953578216436,0.4543510726152988,0.7538725457442785,0.43751130486180445,0.7259315121444346,0.203509029990347,0.3376681156218442,1.0,True,1,0.0,0.6796875,True,512
hopper-medium-replay-v2,2,mpi4,implicit,4.0,10.0,14.0,0.5103285132433574,0.3470014073961422,0.6590261399686604,0.4412861535998185,0.6784298632936501,0.36537653619980465,0.6504521358441634,0.4533125647823354,0.4514169189285433,1.0284588900711116,0.44411977799607644,1.0118338830113178,0.019079197524827736,0.043467954981408014,0.015625,False,200,1.4818254709243774,0.646484375,True,512
hopper-medium-replay-v2,2,mpi4,explicit,7.0,7.0,14.0,0.4261818408205535,0.4261818408205535,0.7071333351102455,0.0,0.0,0.32131735166028536,0.602689506575319,0.42555233672555126,0.4543510726152988,0.7538725457442785,0.42731929776088357,0.7090206368268349,0.18044680746120892,0.29940260365004084,1.0,True,1,0.0,0.537109375,True,512
hopper-medium-replay-v2,2,mpi4,implicit,7.0,7.0,14.0,0.3969181395874502,0.3969181395874502,0.6211593934323217,0.0,0.0,0.33219424673143017,0.6389956326575239,0.4863376064787197,0.3477974217248701,0.828855814654219,0.34233720770889364,0.8158432681150479,0.0317151824700942,0.07558225495976238,0.0234375,False,200,0.9852920770645142,0.509765625,True,512
hopper-medium-replay-v2,2,mpi4,explicit,7.0,10.0,17.0,0.4774749728047364,0.39482676954662943,0.7235520278428337,0.48637004746540613,0.8068630773956607,0.3374069344668872,0.602791305106288,0.42555233672555126,0.4600884896530644,0.7632633147751504,0.41167150478672304,0.6829420087838436,0.247558656257133,0.4106871717625089,1.0,True,1,0.0,0.6328125,True,512
hopper-medium-replay-v2,2,mpi4,implicit,7.0,10.0,17.0,0.44136125908174006,0.3599422398729714,0.5890180873409923,0.3924476686339674,0.5769568595713215,0.3512247860913144,0.6802027952758127,0.4693641493987082,0.3903663608797975,0.8693616980632772,0.3820434832136008,0.8508263123698218,0.01773195145870511,0.039489774158235555,0.009765625,False,200,1.224037766456604,0.607421875,True,512
hopper-medium-replay-v2,2,mpi4,explicit,10.0,10.0,20.0,0.47358333486842386,0.47358333486842386,0.7608407220243592,0.0,0.0,0.34644218651802,0.6224474074000229,0.4598989891637197,0.4838869520788991,0.7773941160749724,0.43733338381804887,0.7026029486487869,0.24233234846683452,0.3893218054824299,1.0,True,1,0.0,0.609375,True,512
hopper-medium-replay-v2,2,mpi4,implicit,10.0,10.0,20.0,0.44377383307254364,0.44377383307254364,0.7010772043537046,0.0,0.0,0.3426668947214444,0.6329885358084653,0.39742407702354354,0.38659422956985656,0.8681277233412922,0.386994466571848,0.8690264869822352,0.004137308268842791,0.009290650851638183,0.01953125,False,200,0.7735760807991028,0.55859375,True,512
hopper-medium-replay-v2,3,mpi4,explicit,0.05,0.05,0.1,0.07765499834686644,0.07765499834686644,0.20084681156466538,0.0,0.0,0.0777661654017531,0.3866379443213832,0.38188144140167485,0.3829243099291915,0.9903950596501598,0.3826826278500973,0.9897699733578189,0.0036878176089422503,0.00953816784696342,1.0,True,1,0.0,0.01171875,True,512
hopper-medium-replay-v2,3,mpi4,implicit,0.05,0.05,0.1,0.07758357509917194,0.07758357509917194,0.20376823759991347,0.0,0.0,0.07763938658955365,0.3807442023987201,0.37553211966909944,0.38041768348211225,0.9961819618672679,0.3803700428245564,0.9960572075097043,0.0017937150492905313,0.004697117548472495,0.71875,False,200,0.013176798820495605,0.01171875,True,512
hopper-medium-replay-v2,3,mpi4,explicit,0.1,0.1,0.2,0.07891199903572854,0.07891199903572854,0.2024214989166678,0.0,0.0,0.07620293775834729,0.38984000937674496,0.3829243099291915,0.3820202305019754,0.9799410561084498,0.3822649798679358,0.980568876137368,0.007453174343551183,0.01911854649159001,1.0,True,1,0.0,0.01171875,True,512
hopper-medium-replay-v2,3,mpi4,implicit,0.1,0.1,0.2,0.07850665465264688,0.07850665465264688,0.2052483535078987,0.0,0.0,0.07613410089616739,0.3824959046486366,0.3806496786443649,0.38705639019799143,0.9949268210984563,0.3868412158093237,0.9943737162384914,0.002379257353269731,0.006115871007459379,0.55859375,False,200,0.02921319007873535,0.013671875,True,512
hopper-medium-replay-v2,3,mpi4,explicit,0.2,0.2,0.4,0.0884098897726942,0.0884098897726942,0.22489702720480667,0.0,0.0,0.08808457776972667,0.39311275418586167,0.3820202305019754,0.3800210012527896,0.9666972063519406,0.38023667589129756,0.9672458393744295,0.02003291496450316,0.05095971766673259,1.0,True,1,0.0,0.017578125,True,512
hopper-medium-replay-v2,3,mpi4,implicit,0.2,0.2,0.4,0.08721225363143818,0.08721225363143818,0.2242273488121191,0.0,0.0,0.08652408089141891,0.38894565758128663,0.3797035439794216,0.38231698467616093,0.9947456765457814,0.3821656160191946,0.9943518323716614,0.007685520265702465,0.01999685696095421,0.376953125,False,200,0.1084631085395813,0.017578125,True,512
hopper-medium-replay-v2,3,mpi4,explicit,1.5,2.5,4.0,0.3072859654768668,0.22613704505301885,0.5383577102061655,0.29896508407301586,0.6034616239492921,0.2198952734311369,0.4954168951398596,0.3942382805789827,0.42409636402025147,0.8560393643832558,0.41614453135795076,0.8399885741491927,0.10551809944847002,0.2129884961203867,1.0,True,1,0.0,0.291015625,True,512
hopper-medium-replay-v2,3,mpi4,implicit,1.5,2.5,4.0,0.23507668482752436,0.19723477313179072,0.49157096077256374,0.2228167737347042,0.5067191883279643,0.17863973477782158,0.4397243658167733,0.34847671002384945,0.3932024524521086,0.9157808702876727,0.3888168891800288,0.9055667555868087,0.025468005698482257,0.0593157857424305,0.029296875,False,200,1.0269978046417236,0.3046875,True,512
hopper-medium-replay-v2,3,mpi4,explicit,4.0,10.0,14.0,0.5481534585662937,0.36777829843893267,0.7560696819199701,0.547405728830639,0.9037286284982236,0.34041062776710634,0.6057191413093704,0.42409636402025147,0.4950296721371555,0.8172594167439717,0.46958383180907554,0.7752501114526213,0.22304181445944243,0.36822645884575744,1.0,True,1,0.0,0.638671875,True,512
hopper-medium-replay-v2,3,mpi4,implicit,4.0,10.0,14.0,0.48937617022154634,0.4121897301944741,0.6659379800641865,0.5334717208883568,0.7880934273708142,0.30733987094456483,0.6769143128982693,0.48563854048799954,0.4784255991256741,0.7164549223100857,0.47630210665027856,0.7132749364580202,0.024374467285342594,0.03650140606435771,0.01171875,False,200,1.691428542137146,0.5703125,True,512
hopper-medium-replay-v2,3,mpi4,explicit,7.0,7.0,14.0,0.42628197343723295,0.42628197343723295,0.7037617674022123,0.0,0.0,0.3147992152286897,0.6057191413093704,0.4260920646174564,0.4950296721371555,0.8172594167439717,0.4557607405383959,0.7524291531437943,0.19937652774958772,0.32915672322753353,1.0,True,1,0.0,0.53515625,True,512
hopper-medium-replay-v2,3,mpi4,implicit,7.0,7.0,14.0,0.34798162679942846,0.34798162679942846,0.5570882687123627,0.0,0.0,0.27870228726684954,0.6246436091783855,0.34619732686225363,0.3376131189320246,0.6171549977350398,0.33151427811020295,0.6060063489340566,0.013719446153950904,0.025079075087044617,0.013671875,False,200,0.7385355830192566,0.5,True,512
hopper-medium-replay-v2,3,mpi4,explicit,7.0,10.0,17.0,0.4992598483742058,0.42491444404967754,0.7471916172113083,0.5100302746655393,0.8247153137198076,0.35304611516395673,0.6184319196949206,0.4260920646174564,0.4699461122143528,0.759899509142708,0.4368092443596589,0.7063174303408236,0.22305924922467554,0.3606852138788586,1.0,True,1,0.0,0.640625,True,512
hopper-medium-replay-v2,3,mpi4,implicit,7.0,10.0,17.0,0.380252688446049,0.37622670162956995,0.5418435933425333,0.4368321759690761,0.625779681561613,0.31877361889911565,0.6980606575128414,0.32814788389465904,0.34627045524975897,0.6087822267489444,0.3468777356253987,0.6098498936368868,0.02512727551540245,0.0441765634592401,0.015625,False,200,1.5035059452056885,0.578125,True,512
hopper-medium-replay-v2,3,mpi4,explicit,10.0,10.0,20.0,0.5174632655538346,0.5174632655538346,0.7800934400805996,0.0,0.0,0.4114840188889978,0.6633349788204476,0.4531243318635884,0.5199899780633326,0.7839025449675316,0.46905815632731357,0.7071210946261268,0.2458128832609658,0.37057126656892725,1.0,True,1,0.0,0.6171875,True,512
hopper-medium-replay-v2,3,mpi4,implicit,10.0,10.0,20.0,0.512671483483987,0.512671483483987,0.6936051208376701,0.0,0.0,0.4340739379989818,0.7391402803728312,0.6023461623921903,0.3238427300880168,0.36229652832209264,0.6063651735736769,0.6783663083048325,0.5207373688824485,0.5825708697009069,0.0078125,False,200,1.2180595397949219,0.59375,True,512
hopper-expert-v2,0,mpi1,explicit,0.05,0.05,0.1,1.994132016692977,1.994132016692977,1.0,0.0,0.0,1.994132016692977,1.176320572422891,1.0178213994641865,1.175980492038014,0.9997108948080569,1.1759813201256712,0.9997115987723305,0.00019245751393928248,0.00016360974929042848,1.0,True,1,0.0,1.0,True,512
hopper-expert-v2,0,mpi1,implicit,0.05,0.05,0.1,1.994132016692977,1.994132016692977,1.0,0.0,0.0,1.994132016692977,1.176320572422891,1.01801692721411,1.1760800489612797,0.9996964300596438,1.1760807017621602,0.9996969849561496,0.00012273637725397914,0.00010432888329975935,0.998046875,False,1,0.0,1.0,True,512
hopper-expert-v2,0,mpi1,explicit,0.1,0.1,0.2,0.8401780681642644,0.8401780681642644,0.7347321633065231,0.0,0.0,0.8444831287751088,1.143516113930826,1.175980492038014,1.1371203532163228,0.9944069343347354,1.1371123134672654,0.9943999036082249,0.00014801301269684228,0.000129436752918198,1.0,True,1,0.0,1.0,True,512
hopper-expert-v2,0,mpi1,implicit,0.1,0.1,0.2,0.8401502678090221,0.8401502678090221,0.7347078520135701,0.0,0.0,0.8444831287751088,1.143516113930826,1.1759126279800765,1.1377515027863168,0.9943385028896914,1.1377645611899725,0.9943499152881892,0.0001516919877283241,0.00013257128960828232,0.990234375,False,48,1.1920928955078125e-07,1.0,True,512
hopper-expert-v2,0,mpi1,explicit,0.2,0.2,0.4,1.7999928120900126,1.7999928120900126,0.9968851107747253,0.0,0.0,1.8056171093689577,1.0399951941731378,1.1371203532163228,0.9407986665194011,0.9046182826521576,0.941495644294967,0.9052884566870675,0.001110671195320689,0.0010679580074442008,1.0,True,1,0.0,1.0,True,512
hopper-expert-v2,0,mpi1,implicit,0.2,0.2,0.4,1.7999955251849222,1.7999955251849222,0.9968866133606809,0.0,0.0,1.8056171093689577,1.0399951941731378,1.1377073189684543,0.9399072536481791,0.9039521974082572,0.9410144051076884,0.9050169960794054,0.0014362683922439098,0.0013813256193072067,0.9921875,False,57,1.1920928955078125e-07,1.0,True,512
hopper-expert-v2,0,mpi2,explicit,0.05,0.05,0.1,1.7169135395819495,1.7169135395819495,0.9971190203509569,0.0,0.0,1.721874224180024,1.0726423113204775,1.1471379133537145,1.0479944215157049,0.977021333631311,1.0480673611101345,0.9770893335541744,0.00022986945483936808,0.00021430205802378525,1.0,True,1,0.0,0.994140625,True,512
hopper-expert-v2,0,mpi2,implicit,0.05,0.05,0.1,1.7164713067381803,1.7164713067381803,0.9971168736984403,0.0,0.0,1.7214344195897096,1.0724190415194184,1.1475263426867706,1.0484931990326871,0.976984349382385,1.0486049717385872,0.977088499017741,0.00024150531296204965,0.00022503427897700804,0.994140625,False,200,5.8531761169433594e-05,0.994140625,True,512
hopper-expert-v2,0,mpi4,explicit,0.05,0.05,0.1,0.04229859070070008,0.04229859070070008,0.1682952780416656,0.0,0.0,0.04228019917592841,0.25133557633285486,0.25195478426571377,0.2512828654365571,0.9997902768200712,0.2512828592319754,0.9997902521336269,1.067897571554523e-06,4.248891410980588e-06,1.0,True,1,0.0,0.01171875,True,512
hopper-expert-v2,0,mpi4,implicit,0.05,0.05,0.1,0.04229542363566316,0.04229542363566316,0.1682159897653995,0.0,0.0,0.042276518060454196,0.25143521549081027,0.25200696063935935,0.2513821905765501,0.9997891110274403,0.2513821969126311,0.9997891362270965,5.9921396544491086e-06,2.3831743865918877e-05,0.998046875,False,200,7.471442222595215e-05,0.01171875,True,512
hopper-expert-v2,0,mpi4,explicit,0.1,0.1,0.2,0.04092256393514168,0.04092256393514168,0.16365405603799288,0.0,0.0,0.04092768410608904,0.25005529912220054,0.2512828654365571,0.24998451528637278,0.9997169272713826,0.24998456749055467,0.9997171360419309,2.7211410894944152e-05,0.00010882157263000492,1.0,True,1,0.0,0.017578125,True,512
hopper-expert-v2,0,mpi4,implicit,0.1,0.1,0.2,0.04092375401805935,0.04092375401805935,0.16365881531692777,0.0,0.0,0.04092768410608904,0.25005529912220054,0.25209985411096686,0.2508911040180455,0.9997372888293525,0.25089044045227,0.9997346446883737,1.0976038215905697e-05,4.373672287427008e-05,0.990234375,False,41,1.1920928955078125e-07,0.017578125,True,512
hopper-expert-v2,0,mpi4,explicit,0.2,0.2,0.4,0.04213875360287014,0.04213875360287014,0.16797409505919364,0.0,0.0,0.042122395092013064,0.2508645966392648,0.24998451528637278,0.25072854287126967,0.9994576605474914,0.25072830705041016,0.9994567205150489,5.080271523349649e-05,0.0002025105013384936,1.0,True,1,0.0,0.01953125,True,512
hopper-expert-v2,0,mpi4,implicit,0.2,0.2,0.4,0.042084057409521425,0.042084057409521425,0.1670535638719074,0.0,0.0,0.04206645481321279,0.2519195426551358,0.2524875421425259,0.2531676911446019,0.9994985043853765,0.2531682647937425,0.9995007691350981,3.0452734834973326e-05,0.00012022649013540718,0.9609375,False,200,0.0007329583168029785,0.01953125,True,512
hopper-expert-v2,0,mpi4,explicit,1.5,2.5,4.0,0.047102843699130426,0.04817185448358968,0.1872755842223151,0.046162412366137044,0.18147720034546783,0.046911439370283754,0.25437031361658813,0.2495409736218483,0.25144791120119875,0.9885112284769428,0.251502959638292,0.9887276390962112,0.0025231121109673144,0.00991905098945782,1.0,True,1,0.0,0.033203125,True,512
hopper-expert-v2,0,mpi4,implicit,1.5,2.5,4.0,0.04524435141300721,0.04784011727956926,0.18280521865577398,0.04515247815167231,0.17734663488549907,0.04471598052344808,0.2546001404583981,0.25457938909969824,0.2571411082860256,0.9911154494507939,0.2570530201438267,0.9907759256802514,0.001415720351204327,0.005456701658996335,0.712890625,False,200,0.01685553789138794,0.03125,True,512
hopper-expert-v2,0,mpi4,explicit,4.0,10.0,14.0,0.5772839092864501,0.573911142336666,0.9328919582646293,0.0760848502356434,0.12331349901222102,0.5660197036356458,0.6170034168611418,0.25144791120119875,0.36818428746262816,0.5967297382819664,0.3448673202662918,0.5589390769028838,0.17298351594067882,0.2803607098655812,1.0,True,1,0.0,0.0546875,True,512
hopper-expert-v2,0,mpi4,implicit,4.0,10.0,14.0,0.5749781299788045,0.5699794388966305,0.935351322347818,0.07611765597087697,0.12436574437654443,0.565179278598667,0.6120468007686598,0.2728218380071418,0.31088381907225915,0.4515008930661426,0.3055254665962491,0.44371888326099607,0.06750241294408814,0.09803469289371872,0.078125,False,200,0.10954952239990234,0.056640625,True,512
hopper-expert-v2,0,mpi4,explicit,7.0,7.0,14.0,0.574879930536898,0.574879930536898,0.9317289253622987,0.0,0.0,0.5680360051187795,0.6170034168611418,0.25285893227602196,0.36818428746262816,0.5967297382819664,0.3299269068813487,0.5347246025958388,0.15138700619674997,0.24535845679250104,1.0,True,1,0.0,0.048828125,True,512
hopper-expert-v2,0,mpi4,implicit,7.0,7.0,14.0,0.5755169901223618,0.5755169901223618,0.9247118907529537,0.0,0.0,0.5688700330801222,0.6223743804718924,0.28028352482074437,0.2870603187860365,0.3847967310526808,0.27944548821701365,0.3745892529767436,0.061797023272648265,0.08283726794655183,0.109375,False,200,0.060442328453063965,0.046875,True,512
hopper-expert-v2,0,mpi4,explicit,7.0,10.0,17.0,0.5933826335074176,0.588453343913324,0.9187286674596572,0.07806490958254406,0.12137127609307218,0.5906910571145833,0.64319097644389,0.25285893227602196,0.4005750680129038,0.6227933579348789,0.37191789045082474,0.5782386632771266,0.14923790430359446,0.23202736009872102,1.0,True,1,0.0,0.056640625,True,512
hopper-expert-v2,0,mpi4,implicit,7.0,10.0,17.0,0.5883660734850548,0.5817385206369422,0.922211181091936,0.07251613253709352,0.11430634247775609,0.584690402913135,0.6344016523073083,0.26604842522195,0.4465926893870618,0.630908658001639,0.4430501684849171,0.6259040818824411,0.13263069794698643,0.1873695150863304,0.154296875,False,200,0.0758635401725769,0.0546875,True,512
hopper-expert-v2,0,mpi4,explicit,10.0,10.0,20.0,0.627521714538787,0.627521714538787,0.9376146554592552,0.0,0.0,0.6233131644026203,0.6692746437836119,0.2519471099911184,0.434119920472666,0.6463021414113457,0.37213141151785445,0.5540158762780375,0.2559171796560912,0.3810003029936933,1.0,True,1,0.0,0.0546875,True,512
hopper-expert-v2,0,mpi4,implicit,10.0,10.0,20.0,0.6244587448005968,0.6244587448005968,0.9332825000762224,0.0,0.0,0.6207842077277416,0.6690993828230964,0.28348366290533716,0.3682534643010887,0.5060582850178623,0.3709213690316215,0.5097245513898213,0.10425857767858583,0.14327337590309466,0.0859375,False,200,0.1444971114397049,0.0546875,True,512
hopper-expert-v2,1,mpi1,explicit,0.05,0.05,0.1,1.1935425164387763,1.1935425164387763,0.9982246170002728,0.0,0.0,1.1956652802506975,1.0739186672607677,1.086386944345277,1.0651334633128053,0.9918194885555247,1.0651538170903827,0.9918384413665688,0.00032415747803604363,0.0003018454636447176,1.0,True,1,0.0,1.0,True,512
hopper-expert-v2,1,mpi1,implicit,0.05,0.05,0.1,1.1935386366396648,1.1935386366396648,0.9982213721129488,0.0,0.0,1.1956652802506975,1.0739186672607677,1.0880573464683156,1.0630104090501133,0.9918088128206287,1.0630258191646984,0.9918231907489368,5.716168237837318e-05,5.333293056761729e-05,0.98828125,False,42,1.1920928955078125e-07,1.0,True,512
hopper-expert-v2,1,mpi1,explicit,0.1,0.1,0.2,0.9084530099713093,0.9084530099713093,0.8442005172321712,0.0,0.0,0.908445191441508,1.0761104636014662,1.0651334633128053,1.0667790312264678,0.9913285553011272,1.0667694437248099,0.9913196458982525,0.00019259531030306145,0.00017897355040902982,1.0,True,1,0.0,0.998046875,True,512
hopper-expert-v2,1,mpi1,implicit,0.1,0.1,0.2,0.9084530145194097,0.9084530145194097,0.8442005214585965,0.0,0.0,0.908445191441508,1.0761104636014662,1.0630700300519078,1.0672724210257991,0.991331261531984,1.067293462428147,0.9913508057453666,0.00015210922838406474,0.00014128598312294113,0.98828125,False,43,1.1920928955078125e-07,0.998046875,True,512
hopper-expert-v2,1,mpi1,explicit,0.2,0.2,0.4,0.4177247079947869,0.4177247079947869,0.38595698188521826,0.0,0.0,0.41766664718681773,1.082308981571983,1.0667790312264678,1.044244651702217,0.9648304407356205,1.0442254409853848,0.9648126909828612,0.00047759255196583165,0.00044127191042262224,1.0,True,1,0.0,1.0,True,512
hopper-expert-v2,1,mpi1,implicit,0.2,0.2,0.4,0.41772473305193714,0.41772473305193714,0.3859570050367865,0.0,0.0,0.41766664718681773,1.082308981571983,1.067247604627065,1.044404750148462,0.9645255647192478,1.044587632451383,0.9646944596390354,0.0005615372899509343,0.0005185892458109275,0.994140625,False,44,1.1920928955078125e-07,1.0,True,512
hopper-expert-v2,1,mpi2,explicit,0.05,0.05,0.1,0.9641695644374577,0.9641695644374577,0.9242494730360937,0.0,0.0,0.9641695631636319,1.043191900635041,1.00980676776705,1.0275200066109058,0.9849769788141617,1.027529807864745,0.9849863742608032,9.626289766281159e-05,9.227726711088511e-05,1.0,True,1,0.0,1.0,True,512
hopper-expert-v2,1,mpi2,implicit,0.05,0.05,0.1,0.9641695642764689,0.9641695642764689,0.9242494728817705,0.0,0.0,0.9641695631636319,1.043191900635041,1.0097823336598266,1.0274516942424885,0.9849114948237514,1.0274960019583654,0.9849539680406638,0.000132668418848431,0.00012717546864356342,1.0,True,32,1.1920928955078125e-07,1.0,True,512
hopper-expert-v2,1,mpi4,explicit,0.05,0.05,0.1,0.04095685231415304,0.04095685231415304,0.1634993372367719,0.0,0.0,0.04095420710489373,0.25050164120751933,0.24979133257357236,0.25045714427102145,0.9998223686827623,0.25045683290427895,0.999821125709898,7.472532618831613e-05,0.00029830274096452944,1.0,True,1,0.0,0.009765625,True,512
hopper-expert-v2,1,mpi4,implicit,0.05,0.05,0.1,0.040956456669497855,0.040956456669497855,0.16349775782733858,0.0,0.0,0.04095420710489373,0.25050164120751933,0.2497321275291,0.25041134780210295,0.9998277127202968,0.2504114556929972,0.9998281435007187,2.387977402674616e-06,9.534575830927522e-06,0.9921875,False,38,1.1920928955078125e-07,0.009765625,True,512
hopper-expert-v2,1,mpi4,explicit,0.1,0.1,0.2,0.04072943857796625,0.04072943857796625,0.16314911211645391,0.0,0.0,0.040749372699026884,0.2496454810547425,0.25045714427102145,0.2495418222012683,0.9995847757666743,0.24954308823296253,0.9995898470849649,3.662772911147272e-05,0.0001467189750710567,1.0,True,1,0.0,0.015625,True,512
hopper-expert-v2,1,mpi4,implicit,0.1,0.1,0.2,0.04076145646554827,0.04076145646554827,0.1635383163289165,0.0,0.0,0.04078103584547196,0.24924713290778153,0.24909204577551466,0.24827010739098745,0.9996077935141329,0.24827010966563054,0.9996078026725087,4.084082049241591e-07,1.6443704353596556e-06,0.982421875,False,200,0.00031059980392456055,0.015625,True,512
hopper-expert-v2,1,mpi4,explicit,0.2,0.2,0.4,0.042137979526708086,0.042137979526708086,0.16799294057909184,0.0,0.0,0.04211155809959192,0.250831846751735,0.2495418222012683,0.250713531153486,0.9995283071117915,0.2507142423169053,0.9995311423315953,4.88482734252661e-05,0.00019474510138106386,1.0,True,1,0.0,0.017578125,True,512
hopper-expert-v2,1,mpi4,implicit,0.2,0.2,0.4,0.04220438014551528,0.04220438014551528,0.16820627204961217,0.0,0.0,0.0421777231807888,0.2509084805890423,0.2487769283451399,0.24996565631808984,0.9995459671899212,0.2499652828057003,0.9995444736135309,9.992131588345672e-05,0.0003995586825756728,0.974609375,False,200,0.0004125833511352539,0.017578125,True,512
hopper-expert-v2,1,mpi4,explicit,1.5,2.5,4.0,0.04586745595693767,0.04544762332668438,0.18289884134094309,0.04461937386839018,0.17874006891106353,0.046180465256417814,0.24963274401886706,0.24772261902413978,0.24781716745211704,0.9927270095360055,0.24790894195304203,0.9930946476088299,0.002250092205538147,0.009013610030934429,1.0,True,1,0.0,0.03125,True,512
hopper-expert-v2,1,mpi4,implicit,1.5,2.5,4.0,0.045784276557116026,0.04559662886757379,0.18305590423891469,0.04492410179390596,0.17998556783357497,0.046439635116924644,0.24959835577175485,0.24578993050387007,0.24730597443714522,0.9960083711466925,0.2472879815079461,0.9959359058205127,0.0008822292043012048,0.0035531194697337003,0.734375,False,200,0.02591417171061039,0.03125,True,512
hopper-expert-v2,1,mpi4,explicit,4.0,10.0,14.0,0.6104616484235419,0.6106111751572787,0.9318065150635616,0.06617511785519856,0.10099709822670001,0.6057206754856211,0.6552180113795014,0.24781716745211704,0.35616576698523655,0.5435836024033622,0.33668763563534565,0.513855891913717,0.13483444316923462,0.2057856176532038,1.0,True,1,0.0,0.04296875,True,512
hopper-expert-v2,1,mpi4,implicit,4.0,10.0,14.0,0.6084189222150271,0.6090957818050261,0.9329073565114151,0.06445407209729169,0.09877445885152969,0.6039486170002805,0.6525378407202836,0.267825929843489,0.34177353420707834,0.5199984251437838,0.32403093813961065,0.49300358473154915,0.08194606212440587,0.1246785341360209,0.1875,False,200,0.07881612330675125,0.044921875,True,512
hopper-expert-v2,1,mpi4,explicit,7.0,7.0,14.0,0.6090696930038474,0.6090696930038474,0.9295679948136759,0.0,0.0,0.6067788082245179,0.6552180113795014,0.2500529901373028,0.35616576698523655,0.5435836024033622,0.33166208597814967,0.5061858499278211,0.12429193023847174,0.18969553351683127,1.0,True,1,0.0,0.05078125,True,512
hopper-expert-v2,1,mpi4,implicit,7.0,7.0,14.0,0.6055145120960864,0.6055145120960864,0.9234124237259167,0.0,0.0,0.6027415103419429,0.6557357216972127,0.2697833360779887,0.31142148253252966,0.4831987042608355,0.3061272506551412,0.47498422283711644,0.07348010221779502,0.1140110498860128,0.19140625,False,200,0.041454628109931946,0.048828125,True,512
hopper-expert-v2,1,mpi4,explicit,7.0,10.0,17.0,1.0004981521792122,1.0019595437986388,0.9665731717654663,0.06942836524000462,0.06702523137973426,0.9962540103268211,1.0358541673158173,0.2500529901373028,0.07266006670817747,0.07014507350630221,0.062168411997635356,0.06001656792937445,0.016961236831805178,0.01637415513397644,1.0,True,1,0.0,0.052734375,True,512
hopper-expert-v2,1,mpi4,implicit,7.0,10.0,17.0,0.991925981759254,0.9927658724841214,0.9654017260931024,0.06666359555283988,0.06485354396621835,0.9877844297682364,1.0279098330781178,0.24990986015420066,0.0540116590795993,0.0526660685819286,0.03975858953266678,0.038768085238082846,0.021714772899603198,0.021173793552352972,0.5703125,False,200,0.05146443843841553,0.052734375,True,512
hopper-expert-v2,1,mpi4,explicit,10.0,10.0,20.0,0.5269349699336235,0.5269349699336235,0.9193253470473095,0.0,0.0,0.5217989600412906,0.5731757224208318,0.24946473494778268,0.42793086371498373,0.6993087493993448,0.3609521693942462,0.5898546507741235,0.2526003540140517,0.41279013186824065,1.0,True,1,0.0,0.052734375,True,512
hopper-expert-v2,1,mpi4,implicit,10.0,10.0,20.0,0.521899227388957,0.521899227388957,0.9119898699639838,0.0,0.0,0.5179100124989383,0.5722642811915968,0.28687580351671954,0.30177324475280787,0.5599632927423377,0.30951910576711383,0.5743363291665845,0.08941779250993336,0.16592154007764312,0.07421875,False,200,0.07864344120025635,0.056640625,True,512
hopper-expert-v2,2,mpi4,explicit,0.05,0.05,0.1,0.042052315314380015,0.042052315314380015,0.1677561512330171,0.0,0.0,0.04200219980001003,0.25067525098360416,0.251048324850689,0.2506404180749823,0.9998610436870604,0.25064055662331775,0.9998615963875561,1.4182004672381305e-05,5.657520882789064e-05,1.0,True,1,0.0,0.01171875,True,512
hopper-expert-v2,2,mpi4,implicit,0.05,0.05,0.1,0.04208576510828413,0.04208576510828413,0.16786022762950867,0.0,0.0,0.042035869518906144,0.25071909947109916,0.2513285709362943,0.25084475107642445,0.9998600451647439,0.25084499274179667,0.999861008436046,7.842487276240212e-06,3.1259931286489006e-05,0.994140625,False,200,0.000151805579662323,0.01171875,True,512
hopper-expert-v2,2,mpi4,explicit,0.1,0.1,0.2,0.04379823030407822,0.04379823030407822,0.17413690699522372,0.0,0.0,0.043806155439734186,0.2515160689358031,0.2506404180749823,0.25142811543804033,0.999650306645874,0.25142780735539705,0.9996490817434469,4.773315388653809e-05,0.00018978172682367064,1.0,True,1,0.0,0.01171875,True,512
hopper-expert-v2,2,mpi4,implicit,0.1,0.1,0.2,0.04379829634263435,0.04379829634263435,0.17413716955720002,0.0,0.0,0.043806155439734186,0.2515160689358031,0.25092904658233606,0.25185200866333934,0.9996433241003154,0.25185167582477147,0.9996420030076065,4.856624026685723e-05,0.000192767642065198,0.990234375,False,39,1.1920928955078125e-07,0.01171875,True,512
hopper-expert-v2,2,mpi4,explicit,0.2,0.2,0.4,0.043396199990098895,0.043396199990098895,0.1731728706492774,0.0,0.0,0.04334563766383301,0.25059467933628077,0.25142811543804033,0.25043340449106866,0.9993564314867368,0.2504335362740678,0.9993569573678109,4.666674169233888e-05,0.0001862239925282505,1.0,True,1,0.0,0.017578125,True,512
hopper-expert-v2,2,mpi4,implicit,0.2,0.2,0.4,0.04340074115080681,0.04340074115080681,0.17289818256448683,0.0,0.0,0.0433454272373605,0.2510190709183388,0.25241714908218416,0.25146152561717355,0.9993691652006832,0.25146109697070584,0.9993674616555324,2.1383961701187844e-05,8.498505646758067e-05,0.970703125,False,200,0.0032584965229034424,0.017578125,True,512
hopper-expert-v2,2,mpi4,explicit,1.5,2.5,4.0,0.0458623301415444,0.0436859917206212,0.1780836305260669,0.04542666995706192,0.18067890364522704,0.04432297507945324,0.2514221031928536,0.24917115442100735,0.24971096322674707,0.9931941545935046,0.2497856849918413,0.9934913510776058,0.002558157651593831,0.010174752414793037,1.0,True,1,0.0,0.025390625,True,512
hopper-expert-v2,2,mpi4,implicit,1.5,2.5,4.0,0.04595268091570762,0.04309809170924259,0.18024765514960342,0.045644802153476965,0.18477927401219765,0.0442592720585027,0.2470233872142168,0.2491531454215197,0.24935200349960887,0.9942633176600765,0.2493786974990259,0.9943697570070618,0.0016878374580396615,0.006730063713741511,0.75,False,200,0.015861503779888153,0.0234375,True,512
hopper-expert-v2,2,mpi4,explicit,4.0,10.0,14.0,0.06539475998365576,0.05640754115482653,0.23600696756174014,0.06495238510589378,0.2517064998191763,0.05904831854220972,0.2580481042506053,0.24971096322674707,0.2531393364929904,0.9809773151720281,0.25248962605435776,0.9784595271010036,0.012671579830771133,0.04910549475870218,1.0,True,1,0.0,0.046875,True,512
hopper-expert-v2,2,mpi4,implicit,4.0,10.0,14.0,0.0608576902400455,0.05441181405978031,0.22118321449011744,0.06155836502661482,0.23624074967698572,0.05582105731918444,0.26057471080151995,0.250610215201503,0.25373637939606275,0.9892562700709584,0.2537585314932907,0.9893426356962981,0.004808655946517317,0.01874777695271264,0.484375,False,200,0.15986107289791107,0.044921875,True,512
hopper-expert-v2,2,mpi4,explicit,7.0,7.0,14.0,0.057169052172810125,0.057169052172810125,0.2215441664988555,0.0,0.0,0.05623318391265734,0.2580481042506053,0.25121109323518603,0.2531393364929904,0.9809773151720281,0.25258286496731414,0.9788208508674663,0.011918004786755337,0.0461852057443564,1.0,True,1,0.0,0.04296875,True,512
hopper-expert-v2,2,mpi4,implicit,7.0,7.0,14.0,0.05705720649511751,0.05705720649511751,0.2206775517714039,0.0,0.0,0.057371742365901666,0.25855464698204594,0.2511685494581338,0.25152238151853495,0.990687122675407,0.2515925464578356,0.990963485762496,0.0051906006706401225,0.020444547369135667,0.533203125,False,200,0.02887609601020813,0.041015625,True,512
hopper-expert-v2,2,mpi4,explicit,7.0,10.0,17.0,0.06822399544154469,0.069054481664115,0.26601768021733757,0.0696094750459464,0.2697779209572231,0.06532251877739964,0.25802510004880613,0.25121109323518603,0.25144085931521004,0.9744821696325254,0.251048321516815,0.9729608533019793,0.014053417528871636,0.05446531180963943,1.0,True,1,0.0,0.044921875,True,512
hopper-expert-v2,2,mpi4,implicit,7.0,10.0,17.0,0.06609237236558148,0.06700868190747977,0.26099689709231955,0.06899639114675916,0.27058905127721133,0.06597452129939953,0.2549858940008411,0.25339719139545086,0.2526375833295606,0.9870770875975093,0.25253225834986387,0.9866655737093531,0.004168661714055248,0.016287325146398485,0.41796875,False,200,0.0746781975030899,0.044921875,True,512
hopper-expert-v2,2,mpi4,explicit,10.0,10.0,20.0,0.9889693965614694,0.9889693965614694,0.9770484033671876,0.0,0.0,0.9801516335609055,1.0122010262267445,0.2509938512283101,0.1278635906858622,0.12632232864108883,0.09603644772635171,0.09487882864963472,0.06741498167808509,0.06660236448227368,1.0,True,1,0.0,0.048828125,True,512
hopper-expert-v2,2,mpi4,implicit,10.0,10.0,20.0,0.9950294375895616,0.9950294375895616,0.9768301001222638,0.0,0.0,0.9870260826571119,1.0186310162483936,0.25314354484993046,0.06704253276864058,0.0651760089589767,0.05665987316223654,0.05508241184115533,0.07008281548865104,0.06813164750087126,0.697265625,False,200,0.05649071931838989,0.04296875,True,512
hopper-expert-v2,3,mpi4,explicit,0.05,0.05,0.1,0.040223147979433875,0.040223147979433875,0.15897169110434958,0.0,0.0,0.04022873228449646,0.2530208221351263,0.25165565606316354,0.25296859776133696,0.9997935965374366,0.252968629969528,0.9997937238320631,1.5087431901475856e-05,5.962921064819868e-05,1.0,True,1,0.0,0.015625,True,512
hopper-expert-v2,3,mpi4,implicit,0.05,0.05,0.1,0.04022333087223846,0.04022333087223846,0.15897241394132022,0.0,0.0,0.04022873228449646,0.2530208221351263,0.2513491773407946,0.2527252611181733,0.999792176455334,0.25272530186709413,0.9997923376598455,4.836329755029686e-06,1.9132731846603355e-05,0.998046875,False,36,1.1920928955078125e-07,0.015625,True,512
hopper-expert-v2,3,mpi4,explicit,0.1,0.1,0.2,0.0405269157799371,0.0405269157799371,0.1603791809226055,0.0,0.0,0.04053473241851451,0.2526943681018938,0.25296859776133696,0.25259533290943453,0.999608083103699,0.2525954865608681,0.9996086911561646,1.4419977557998117e-05,5.706489490174771e-05,1.0,True,1,0.0,0.015625,True,512
hopper-expert-v2,3,mpi4,implicit,0.1,0.1,0.2,0.04050803940974706,0.04050803940974706,0.16028157853475833,0.0,0.0,0.040515698506387234,0.2527304745814103,0.25323390968661746,0.25280280071895284,0.9996088515313293,0.25280275422846576,0.9996086677030558,3.933085205366444e-06,1.5551832392403012e-05,0.990234375,False,200,8.746981620788574e-06,0.015625,True,512
hopper-expert-v2,3,mpi4,explicit,0.2,0.2,0.4,0.0419564566901577,0.0419564566901577,0.16624247913187645,0.0,0.0,0.04197788374880189,0.25238108159392025,0.25259533290943453,0.25214028836107133,0.999045914094162,0.2521474788115261,0.9990744045436416,0.00015683980873670904,0.0006214404334357494,1.0,True,1,0.0,0.017578125,True,512
hopper-expert-v2,3,mpi4,implicit,0.2,0.2,0.4,0.042023971352796265,0.042023971352796265,0.1667088888331772,0.0,0.0,0.042047092144736425,0.252079967942495,0.25376077566224103,0.25325128186040285,0.9991390063271212,0.25325224568153865,0.9991428088401225,5.496406425665034e-05,0.00021684684137299198,0.970703125,False,200,0.0003709569573402405,0.017578125,True,512
hopper-expert-v2,3,mpi4,explicit,1.5,2.5,4.0,0.04684630681025764,0.0439522503292021,0.17742514925149994,0.045605386896163426,0.17823064224018878,0.045810902244240365,0.25587848600525315,0.25349103087352176,0.25405420182740135,0.9928705058157397,0.2540491299853754,0.9928506845243714,0.0021866776544193266,0.008545765955385693,1.0,True,1,0.0,0.03125,True,512
hopper-expert-v2,3,mpi4,implicit,1.5,2.5,4.0,0.04717524267587332,0.04367837664102942,0.17569301307439086,0.04552068016604395,0.17605606723649828,0.046097239167188275,0.2585578610301198,0.2541151617237162,0.25576587786900307,0.9938233822914885,0.2557394632062274,0.9937207434652287,0.0013069912938889607,0.005078544953457512,0.724609375,False,200,0.02306842803955078,0.03125,True,512
hopper-expert-v2,3,mpi4,explicit,4.0,10.0,14.0,0.5828808681164874,0.6190929267137645,0.9506392118336167,0.7025191985033769,1.1112426910397823,0.5791272219258884,0.6321924132036669,0.25405420182740135,0.36623152335962483,0.5793038886748547,0.34517705353172273,0.5459999935502557,0.11764501558474302,0.18609052106236293,1.0,True,1,0.0,0.759765625,True,512
hopper-expert-v2,3,mpi4,implicit,4.0,10.0,14.0,0.6021106039299927,0.6210019233261684,0.9318649387768088,0.7177871953345059,1.0937353774565344,0.5985238390896689,0.6562713524030918,0.25948680070097824,0.2814044529882246,0.3959557086127062,0.28744474698676675,0.4044548239075232,0.08922133653253228,0.12554064853973665,0.171875,False,200,0.2666957974433899,0.7578125,True,512
hopper-expert-v2,3,mpi4,explicit,7.0,7.0,14.0,0.5831105410245204,0.5831105410245204,0.9223624466949522,0.0,0.0,0.5804968002515006,0.6321924132036669,0.2529126393690037,0.36623152335962483,0.5793038886748547,0.3377509878269812,0.534253465832358,0.10911668443202512,0.17260043327484872,1.0,True,1,0.0,0.033203125,True,512
hopper-expert-v2,3,mpi4,implicit,7.0,7.0,14.0,0.5875435196725092,0.5875435196725092,0.925332165665661,0.0,0.0,0.5859591964135142,0.6349541726455007,0.24281086049095504,0.2765814239641813,0.3974261449610275,0.27617441487043626,0.39684130432794107,0.10770974303001027,0.154770581963247,0.228515625,False,200,0.08624035120010376,0.03515625,True,512
hopper-expert-v2,3,mpi4,explicit,7.0,10.0,17.0,0.6384212913497124,0.6374664081119295,0.9301966179631231,0.7478883822434352,1.090508583271548,0.6341440813288131,0.6858161354399933,0.2529126393690037,0.37508928601836455,0.5469239736940888,0.32832320525846004,0.4787335676315351,0.15464848963114106,0.22549555433239335,1.0,True,1,0.0,0.82421875,True,512
hopper-expert-v2,3,mpi4,implicit,7.0,10.0,17.0,0.650511067438776,0.6812147511334539,0.9589408636361526,0.7787532853830377,1.1215196666312852,0.6498249471277059,0.694373276326204,0.24396297339084153,0.32098251782031456,0.4271787956816571,0.32261956483507614,0.42935745568155026,0.18656636672115132,0.248291391044724,0.140625,False,200,0.5755060315132141,0.826171875,True,512
hopper-expert-v2,3,mpi4,explicit,10.0,10.0,20.0,0.8220734360074654,0.8220734360074654,1.1771520207572248,0.0,0.0,0.6923119287274052,0.6983579193778655,0.3614528834000136,0.30909309379809713,0.4425998262802744,0.284792994542589,0.40780377316591154,0.09805982671551501,0.14041485604240292,1.0,True,1,0.0,0.865234375,True,512
hopper-expert-v2,3,mpi4,implicit,10.0,10.0,20.0,0.8692031394247155,0.8692031394247155,1.2051474708798353,0.0,0.0,0.7212421387650934,0.6917499271573345,0.36385033417721585,0.2746965776091792,0.3839497044783069,0.2509091292904443,0.3507014425896372,0.07325503317949415,0.10239023938926382,0.197265625,False,200,0.9312721490859985,0.857421875,True,512
walker2d-medium-v2,0,mpi1,explicit,0.05,0.05,0.1,0.36299226968046044,0.36299226968046044,0.42509404515278415,0.0,0.0,0.36299226968046044,0.8539105024395165,0.8737331881547884,0.8134032059883602,0.9525625972096233,0.8137475775082261,0.9529658848128113,0.0009442184624775183,0.001105758109052416,1.0,True,1,0.0,1.0,True,512
walker2d-medium-v2,0,mpi1,implicit,0.05,0.05,0.1,0.36299226968046044,0.36299226968046044,0.42509404515278415,0.0,0.0,0.36299226968046044,0.8539105024395165,0.8741751133385206,0.8137119380155537,0.9518362436070327,0.8143751485763033,0.9526120314741788,0.0013679329709387613,0.0016001340520331296,0.9921875,False,1,0.0,1.0,True,512
walker2d-medium-v2,0,mpi4,explicit,0.05,0.05,0.1,0.04024479157741312,0.04024479157741312,0.2035550338857109,0.0,0.0,0.040017289115817166,0.19770963561632762,0.19668801016835752,0.19655405282397234,0.9941551518783951,0.19653274180053276,0.9940473623749997,0.0008126519746391206,0.004110330647799791,1.0,True,1,0.0,0.00390625,True,512
walker2d-medium-v2,0,mpi4,implicit,0.05,0.05,0.1,0.04062575769641386,0.04062575769641386,0.20590312028060737,0.0,0.0,0.04042913688475434,0.1973052066479059,0.19471241593679495,0.19439023774025135,0.9940282219631307,0.19438203720014577,0.9939862879216116,0.0002370312855228268,0.0012120762340582444,0.794921875,False,200,0.007445812225341797,0.00390625,True,512
walker2d-medium-v2,0,mpi4,explicit,0.1,0.1,0.2,0.0425041671668442,0.0425041671668442,0.21485265705084852,0.0,0.0,0.04123789816129656,0.19782937642137174,0.19655405282397234,0.19579393164334938,0.9897111095690515,0.19580048624166982,0.9897442421524878,0.0021782327407988953,0.011010663735598664,1.0,True,1,0.0,0.01171875,True,512
walker2d-medium-v2,0,mpi4,implicit,0.1,0.1,0.2,0.04087239390492159,0.04087239390492159,0.2111624401927116,0.0,0.0,0.039997101021694174,0.19355901488740385,0.18806131603945286,0.18784076023409713,0.99220176353943,0.18785633197990448,0.992284015728104,0.0014226172553502617,0.007514467828180838,0.63671875,False,200,0.023235410451889038,0.01171875,True,512
walker2d-medium-v2,0,mpi4,explicit,0.2,0.2,0.4,0.045719130568031265,0.045719130568031265,0.230597045179625,0.0,0.0,0.04326686455428469,0.198264164800629,0.19579393164334938,0.19620899346419993,0.9896341765114451,0.19583755565837577,0.9877607274885334,0.0064816468346124345,0.032691973565320116,1.0,True,1,0.0,0.017578125,True,512
walker2d-medium-v2,0,mpi4,implicit,0.2,0.2,0.4,0.04430888639852946,0.04430888639852946,0.22241708007510103,0.0,0.0,0.04276323915709792,0.19921530479389526,0.1914989623523207,0.19099906178084863,0.9901739823264942,0.19096118681171217,0.9899776315765446,0.0015128183605596188,0.007842726381193958,0.505859375,False,200,0.015052974224090576,0.013671875,True,512
walker2d-medium-v2,0,mpi4,explicit,1.5,2.5,4.0,0.15640551040423967,0.11827608257726313,0.6338739455371085,0.16245009296743118,0.7497617897466463,0.08553265485252422,0.2166689409743394,0.19968534198787607,0.21636264257979815,0.9985863299411358,0.21051637077803179,0.9716038202400396,0.06245311524894544,0.2882421216815838,1.0,True,1,0.0,0.314453125,True,512
walker2d-medium-v2,0,mpi4,implicit,1.5,2.5,4.0,0.0833162099159329,0.0752621564141809,0.40363201077205196,0.08665100373883443,0.4411083262355517,0.05757965442567462,0.1964392839244726,0.17388307592191854,0.17626556655718098,0.9822019496871962,0.17597280158710019,0.9805705798738515,0.005200627311990166,0.028979376886841674,0.05078125,False,200,0.7559557557106018,0.265625,True,512
walker2d-medium-v2,0,mpi4,explicit,4.0,10.0,14.0,0.8965290717912956,0.1290996001051715,0.5745577463338568,0.9028896840870684,1.0115985956553304,0.8598956412409552,0.892537502488486,0.21636264257979815,0.3379632438946347,0.3786543903783971,0.18752305776501843,0.2101010402836687,0.2164849945945727,0.2425500261792814,1.0,True,1,0.0,1.0,True,512
walker2d-medium-v2,0,mpi4,implicit,4.0,10.0,14.0,0.9978883010737676,8.671199887434339e-09,0.4812493824604767,0.9978883004331704,0.962498755939394,1.0168035245463942,1.0367684054398973,0.15822511148339163,1.1920928955078125e-07,1.146372542778272e-07,1.1920928955078125e-07,1.146372542778272e-07,0.0,0.0,0.0703125,False,200,1.0548752546310425,1.0,True,512
walker2d-medium-v2,0,mpi4,explicit,7.0,7.0,14.0,0.8622382939093909,0.8622382939093909,0.9660527333645726,0.0,0.0,0.8442938501807067,0.892537502488486,0.2527546284828358,0.3379632438946347,0.3786543903783971,0.22135225678974604,0.24800331209903592,0.16852964506193635,0.18882079978943006,1.0,True,1,0.0,0.45703125,True,512
walker2d-medium-v2,0,mpi4,implicit,7.0,7.0,14.0,0.9872503516926953,0.9872503516926953,1.0107909571496836,0.0,0.0,0.9597716359569336,0.9767107082918806,0.1674832843546364,0.0067022980988897035,0.006579408448283098,0.005870532585780219,0.005762893730018084,0.012572830682405726,0.012342302176078502,0.1171875,False,200,0.723442792892456,0.43359375,True,512
walker2d-medium-v2,0,mpi4,explicit,7.0,10.0,17.0,0.8840257265245424,0.08880144069111263,0.54272807618928,0.8874917681119372,0.9902410544717838,0.8487322317044054,0.8962381069782496,0.2527546284828358,0.3148047763747907,0.3512512734324413,0.1735247397232216,0.19361455217327955,0.19106118440943634,0.21318127729874928,1.0,True,1,0.0,1.0,True,512
walker2d-medium-v2,0,mpi4,implicit,7.0,10.0,17.0,0.9931745143294046,0.08908708063747496,0.5581884492421177,0.9928309775222915,1.0241272281673517,0.9493403910566367,0.9694410520643378,0.16575490192916237,1.1920928955078125e-07,1.179542526066774e-07,1.1920928955078125e-07,1.179542526066774e-07,0.0,0.0,0.076171875,False,200,1.2884962558746338,1.0,True,512
walker2d-medium-v2,0,mpi4,explicit,10.0,10.0,20.0,0.08202981361739803,0.08202981361739803,0.09137933830068973,0.0,0.0,0.06246322211297041,0.8976844781636909,0.1978701184213064,0.30563678785794646,0.3404723990361948,0.18030710300032893,0.20085799341118862,0.17073573239681583,0.19019570522827123,1.0,True,1,0.0,1.0,True,512
walker2d-medium-v2,0,mpi4,implicit,10.0,10.0,20.0,0.08202980980146062,0.08202980980146062,0.09137933404982262,0.0,0.0,0.06246322211297041,0.8976844781636909,0.02733082637860408,0.08326030226195308,0.09263349736621457,0.07524026331442088,0.08371058648864198,0.036194059774332675,0.04026867846611647,0.994140625,False,56,1.1920928955078125e-07,1.0,True,512
walker2d-medium-v2,1,mpi1,explicit,0.05,0.05,0.1,1.396032178713869,1.396032178713869,1.0000140690064783,0.0,0.0,1.3960125382044253,0.9011154073690483,1.0334194336142164,0.852005377778565,0.9455008435225096,0.852545347285904,0.94610006699924,0.0011915244213399285,0.0013222772705871006,1.0,True,1,0.0,1.0,True,512
walker2d-medium-v2,1,mpi1,implicit,0.05,0.05,0.1,1.3967012485911257,1.3967012485911257,1.00001409103233,0.0,0.0,1.3966815679059974,0.9015893415772009,1.0312509118131867,0.8531843892034673,0.9446987489177555,0.8541653233643502,0.945784900148701,0.0023489882730990392,0.0026009457168934837,0.98828125,False,200,4.649162292480469e-05,1.0,True,512
walker2d-medium-v2,1,mpi4,explicit,0.05,0.05,0.1,0.03974098115825919,0.03974098115825919,0.20119428811557624,0.0,0.0,0.039571686530188666,0.19752539463461283,0.19737515823169177,0.19658280124194932,0.9952279888142629,0.19661450603042838,0.995388498750404,0.0009242756980945882,0.00467927528915629,1.0,True,1,0.0,0.001953125,True,512
walker2d-medium-v2,1,mpi4,implicit,0.05,0.05,0.1,0.03987335933831542,0.03987335933831542,0.2016512836014974,0.0,0.0,0.03974826616318946,0.1977342203142779,0.1947334499954409,0.19389998090187216,0.9960861612670464,0.19390159710494928,0.9960944638852902,0.000273437869222424,0.0014046813013181435,0.80859375,False,200,0.009902775287628174,0.001953125,True,512
walker2d-medium-v2,1,mpi4,explicit,0.1,0.1,0.2,0.04088155792907312,0.04088155792907312,0.2064581558603098,0.0,0.0,0.04008833392189604,0.1980137706777431,0.19658280124194932,0.19629105494908217,0.991300020585616,0.19623434056586234,0.9910136042266642,0.0018905822926542665,0.009547731383445493,1.0,True,1,0.0,0.0078125,True,512
walker2d-medium-v2,1,mpi4,implicit,0.1,0.1,0.2,0.04114204965174822,0.04114204965174822,0.20788609154440107,0.0,0.0,0.04044057681221829,0.1979066966245837,0.1880425951999433,0.1893558522081144,0.9937677704547506,0.18937275293330388,0.9938564679826841,0.0006656632623557445,0.003493500139503775,0.67578125,False,200,0.011505663394927979,0.0078125,True,512
walker2d-medium-v2,1,mpi4,explicit,0.2,0.2,0.4,0.04486418126251373,0.04486418126251373,0.22562337877311617,0.0,0.0,0.04313427421486785,0.19884544547854036,0.19629105494908217,0.19549576181327863,0.983154335483016,0.1954687040813573,0.983018261298082,0.004575572196179396,0.023010696499323125,1.0,True,1,0.0,0.01953125,True,512
walker2d-medium-v2,1,mpi4,implicit,0.2,0.2,0.4,0.04299906533740793,0.04299906533740793,0.21734258154937502,0.0,0.0,0.041618568191851085,0.1978400414262107,0.18766230760772207,0.1869905291957478,0.9865027791263001,0.1869646309646981,0.9863661482658236,0.001491178220827099,0.007866983773700112,0.478515625,False,200,0.03650234639644623,0.01953125,True,512
walker2d-medium-v2,1,mpi4,explicit,1.5,2.5,4.0,0.15323785687311264,0.11588356649678283,0.6143382665618593,0.15603224675973373,0.7123667733458476,0.08753496708997427,0.21903358297703968,0.1997196409492587,0.22141712598147664,1.0108820892761765,0.2150701781164471,0.9819050357177053,0.05862928836501778,0.26767259873187405,1.0,True,1,0.0,0.30078125,True,512
walker2d-medium-v2,1,mpi4,implicit,1.5,2.5,4.0,0.11280009179632759,0.09055416900842854,0.5296039596050173,0.11122508992237931,0.5793362558247266,0.07940763728221346,0.19198710386948326,0.1471355246935043,0.14611431460009736,0.8646531893571128,0.14680676294009,0.8687508554022115,0.0025088677182528696,0.014846597886043129,0.02734375,False,200,0.4889649748802185,0.28515625,True,512
walker2d-medium-v2,1,mpi4,explicit,4.0,10.0,14.0,0.3581971031452732,0.23704622469922387,0.9914003862436016,0.36878057451209206,1.2284361265648258,0.19817824925027414,0.30020329631898945,0.22141712598147664,0.2918496007421756,0.8672538888710772,0.27051930148347775,0.803869238229627,0.14764222822999593,0.4387304154894854,1.0,True,1,0.0,0.603515625,True,512
walker2d-medium-v2,1,mpi4,implicit,4.0,10.0,14.0,0.17415848557261518,0.2119853775343112,0.826887870035273,0.19796126250171683,0.8478278814660877,0.12433432922020136,0.23349227694587807,0.14449002121570917,0.2824704309505022,1.2639276459273783,0.2664573102467489,1.1922761605420196,0.02197309213980681,0.0983196666941681,0.00390625,False,200,1.7427955865859985,0.599609375,True,512
walker2d-medium-v2,1,mpi4,explicit,7.0,7.0,14.0,0.2971673376312642,0.2971673376312642,0.9898869908327078,0.0,0.0,0.20166815097842147,0.30020329631898945,0.2506482193955341,0.2918496007421756,0.8672538888710772,0.2624882257023198,0.780004269131449,0.14073341991280636,0.4182003518357727,1.0,True,1,0.0,0.51953125,True,512
walker2d-medium-v2,1,mpi4,implicit,7.0,7.0,14.0,0.24935373256170773,0.24935373256170773,0.8423803405727563,0.0,0.0,0.2060917264811225,0.2960108641568791,0.13327067233506967,0.2511280510829744,0.7603011487796594,0.25124679545549106,0.7606606525565023,0.0002779219009734664,0.000841420700196239,0.00390625,False,200,1.1913557052612305,0.484375,True,512
walker2d-medium-v2,1,mpi4,explicit,7.0,10.0,17.0,0.9445120768113245,0.9595100140100558,1.0071447434716958,0.38854150423338457,0.4110430603674641,0.9108675740869012,0.9452574236043212,0.2506482193955341,0.3474463904449039,0.36756801033105957,0.26239743993793835,0.27759363046036895,0.14590816782464733,0.15435812952231684,1.0,True,1,0.0,0.5859375,True,512
walker2d-medium-v2,1,mpi4,implicit,7.0,10.0,17.0,0.9717392420266527,1.0627741060582108,1.022318771577862,0.3058689213044333,0.30739099370976547,0.9438819242359007,0.99504841574256,0.20178506089401055,0.07731148640031275,0.08023400362737856,0.07716601638210767,0.08008303457333778,0.052102648612427346,0.054072225129907926,0.009765625,False,200,1.892289400100708,0.546875,True,512
walker2d-medium-v2,1,mpi4,explicit,10.0,10.0,20.0,0.42995701440767825,0.42995701440767825,0.8872721826836172,0.0,0.0,0.38569457238134786,0.484582998091119,0.27962217353280516,0.4244634789295052,0.8759355582048111,0.3711083642500257,0.7658303442586816,0.20694520218234552,0.4270583223050521,1.0,True,1,0.0,0.62890625,True,512
walker2d-medium-v2,1,mpi4,implicit,10.0,10.0,20.0,0.4157955190776616,0.4157955190776616,0.8257564100283455,0.0,0.0,0.42284376846598165,0.5035328990826589,0.34169010181232584,0.3690833814628986,0.39603140857927854,0.20151589808391193,0.21622925598266848,0.32327437064048936,0.34687772680223594,0.001953125,False,200,0.714535117149353,0.6875,True,512
walker2d-medium-v2,2,mpi4,explicit,0.05,0.05,0.1,0.038754981649141935,0.038754981649141935,0.19425614370461539,0.0,0.0,0.03877887014198544,0.19950453514650485,0.19789932638781949,0.19870959349141043,0.9960154206293573,0.1987051958990901,0.9959933780611666,0.000885001850681114,0.00443599866053781,1.0,True,1,0.0,0.001953125,True,512
walker2d-medium-v2,2,mpi4,implicit,0.05,0.05,0.1,0.038870597389684174,0.038870597389684174,0.19374151644261428,0.0,0.0,0.038894036253449435,0.20063122299962766,0.19715573876339498,0.1982654823253534,0.9974121359230811,0.19825998601068856,0.9973844856690617,0.0003958555232126628,0.0019914263355059122,0.81640625,False,200,0.011468321084976196,0.001953125,True,512
walker2d-medium-v2,2,mpi4,explicit,0.1,0.1,0.2,0.03799955590635259,0.03799955590635259,0.1913695122561241,0.0,0.0,0.03713671985424584,0.19856640411715604,0.19870959349141043,0.19731353736874935,0.9936904394578879,0.1972868968902475,0.9935562753800304,0.0017386036428813593,0.008755779461341139,1.0,True,1,0.0,0.015625,True,512
walker2d-medium-v2,2,mpi4,implicit,0.1,0.1,0.2,0.03694720440624568,0.03694720440624568,0.18694723074194788,0.0,0.0,0.036483244195005184,0.19763440335334873,0.1938964295231124,0.1937705164911239,0.9960599327527563,0.19376990360713836,0.9960567822776868,0.0007124849683960308,0.003662464974336839,0.66796875,False,200,0.006918907165527344,0.015625,True,512
walker2d-medium-v2,2,mpi4,explicit,0.2,0.2,0.4,0.04376789364279158,0.04376789364279158,0.219819974871049,0.0,0.0,0.041833178425801455,0.1991079003100912,0.19731353736874935,0.19678891477305221,0.9883531214310061,0.19707707903364846,0.9898003983102632,0.005620834613745604,0.028230093356374608,1.0,True,1,0.0,0.025390625,True,512
walker2d-medium-v2,2,mpi4,implicit,0.2,0.2,0.4,0.042928379671597884,0.042928379671597884,0.21970753449787844,0.0,0.0,0.041826142530835164,0.19538874608786988,0.19510781916636627,0.1962586892206464,1.0003150596058257,0.1961787193868174,0.9999074596701949,0.0014575742534391626,0.007429141007712018,0.521484375,False,200,0.026461362838745117,0.0234375,True,512
walker2d-medium-v2,2,mpi4,explicit,1.5,2.5,4.0,0.14878664156942695,0.11896605631860944,0.6259887071132773,0.15403010516793078,0.7202250968982924,0.0857897609642554,0.2138638403900029,0.1994103532960269,0.2155921015205124,1.0080811282887179,0.21060391559656952,0.9847570080688322,0.054005497632808236,0.2525228085978612,1.0,True,1,0.0,0.28515625,True,512
walker2d-medium-v2,2,mpi4,implicit,1.5,2.5,4.0,0.10058980455672525,0.08449194784762978,0.49521163463891454,0.09798826490891617,0.5243621071294067,0.06463535176605625,0.18687136918673983,0.17010995997082604,0.16892359719154196,1.0119421695065907,0.16870715973601466,1.0106455940609445,0.003091446809159378,0.01851941021258104,0.08203125,False,200,0.4117264449596405,0.267578125,True,512
walker2d-medium-v2,2,mpi4,explicit,4.0,10.0,14.0,0.35426208054354535,0.23870932085752547,1.0455903268319384,0.37232379077172856,1.3130419212814834,0.18871423152275854,0.2835581901363465,0.2155921015205124,0.3056242723022495,0.867282311712777,0.27326434359138185,0.7754532381650234,0.16093272920994375,0.4566852899740027,1.0,True,1,0.0,0.595703125,True,512
walker2d-medium-v2,2,mpi4,implicit,4.0,10.0,14.0,0.20103613850237975,0.18447100279115985,0.901258757249992,0.2548053025679912,1.19139432573196,0.14492518146464112,0.21387150925991347,0.13187209410913464,0.13860467427484952,0.8324199024561098,0.1261579355904021,0.7576683613857199,0.0256305647037902,0.15392981717424994,0.00390625,False,200,1.4239956140518188,0.5703125,True,512
walker2d-medium-v2,2,mpi4,explicit,7.0,7.0,14.0,0.2936865575008616,0.2936865575008616,1.0357188320310726,0.0,0.0,0.18401658712565172,0.2835581901363465,0.25919734908334263,0.3056242723022495,0.867282311712777,0.2654010462321039,0.7531392424209448,0.15038116542430782,0.426742692276327,1.0,True,1,0.0,0.515625,True,512
walker2d-medium-v2,2,mpi4,implicit,7.0,7.0,14.0,0.2586943974569158,0.2586943974569158,1.103753226506347,0.0,0.0,0.14534222762643706,0.23437702490415163,0.2789540057720341,0.30251537515779164,1.4243079495500313,0.30323864481456314,1.4277132598463118,0.0021827971881798066,0.010277082233451165,0.001953125,False,200,0.7370539903640747,0.52734375,True,512
walker2d-medium-v2,2,mpi4,explicit,7.0,10.0,17.0,0.8396260455087364,0.798734451427287,1.1107214712772067,0.395061354503629,0.5356612659297678,0.73752085437409,0.7218132220003415,0.25919734908334263,0.48310723147671664,0.6692967332156851,0.4103290202244543,0.5684698031539525,0.29814838513314945,0.4130547571668179,1.0,True,1,0.0,0.685546875,True,512
walker2d-medium-v2,2,mpi4,implicit,7.0,10.0,17.0,0.7996438710433842,0.6902589076077543,1.1543005641747859,0.2950597989094064,0.45719451930249133,0.6453703761793949,0.6028784746503468,0.1487818049457095,0.22116859967016228,0.4236565632850074,0.22829065000124452,0.437299111871511,0.025997453533682963,0.049799075613208246,0.005859375,False,200,0.9503570199012756,0.662109375,True,512
walker2d-medium-v2,2,mpi4,explicit,10.0,10.0,20.0,1.0082421866026279,1.0082421866026279,0.9987147219015702,0.0,0.0,0.99502332494266,1.0095397259018244,0.27677977466687836,0.2861959895525534,0.2834915577957012,0.1887042275960648,0.1869210519947542,0.13550911900508336,0.13422861481159915,1.0,True,1,0.0,0.755859375,True,512
walker2d-medium-v2,2,mpi4,implicit,10.0,10.0,20.0,1.0404367824559266,1.0404367824559266,1.0224919796848142,0.0,0.0,1.0175500670202264,1.0155969852291262,0.29683119191170043,0.009522702402549186,0.009032381326306137,0.023476890364090404,0.022268072355971263,0.020774410274873978,0.019704742151929792,0.056640625,False,200,1.714478611946106,0.740234375,True,512
walker2d-medium-v2,3,mpi4,explicit,0.05,0.05,0.1,0.044127894114464994,0.044127894114464994,0.22560122347796033,0.0,0.0,0.04414985070075913,0.1956013067401471,0.19655426258401187,0.19449665304059605,0.9943525239275698,0.19449276661562215,0.9943326548119761,0.000585523769744285,0.0029934553071373038,1.0,True,1,0.0,0.001953125,True,512
walker2d-medium-v2,3,mpi4,implicit,0.05,0.05,0.1,0.04404620351647301,0.04404620351647301,0.2271020262180346,0.0,0.0,0.043986996818385346,0.19394896756308735,0.19113124290089553,0.1891673346333087,0.9936585462172195,0.18916947045074103,0.9936697652432153,0.0002617870372912142,0.0013751154627068348,0.78515625,False,200,0.022055327892303467,0.001953125,True,512
walker2d-medium-v2,3,mpi4,explicit,0.1,0.1,0.2,0.042467589020150145,0.042467589020150145,0.21826573149725031,0.0,0.0,0.04150078399835338,0.19456828485549574,0.19449665304059605,0.19282476018419192,0.9910390088878117,0.19280224426124193,0.9909232864155356,0.0019863650156308143,0.010209089405840583,1.0,True,1,0.0,0.0078125,True,512
walker2d-medium-v2,3,mpi4,implicit,0.1,0.1,0.2,0.04157510364777832,0.04157510364777832,0.21710273938501573,0.0,0.0,0.040907306671988754,0.19149967322175485,0.18557633799682433,0.18469315444224757,0.9903867845297121,0.18470553725583005,0.9904531853390135,0.000477618810585121,0.0025611526289363172,0.638671875,False,200,0.008613526821136475,0.0078125,True,512
walker2d-medium-v2,3,mpi4,explicit,0.2,0.2,0.4,0.044786754635261876,0.044786754635261876,0.22884835010149115,0.0,0.0,0.04338818566277644,0.19570494878114505,0.19282476018419192,0.19297858611287405,0.9860690151922532,0.19294837369653928,0.9859146378169086,0.0047221303248913046,0.024128824305674645,1.0,True,1,0.0,0.015625,True,512
walker2d-medium-v2,3,mpi4,implicit,0.2,0.2,0.4,0.04288669949393337,0.04288669949393337,0.2194116866800483,0.0,0.0,0.04166367918395757,0.19546223878435356,0.19117664529388737,0.1913556902695428,0.9936744136859452,0.1914307177016898,0.994064017149234,0.0022188408596083087,0.011522026792764957,0.501953125,False,200,0.02310335636138916,0.015625,True,512
walker2d-medium-v2,3,mpi4,explicit,1.5,2.5,4.0,0.15315751079625806,0.11193218495175046,0.6149582928756278,0.15065729689241414,0.6989932509054279,0.08636318526417655,0.2155346946444233,0.19568050562192252,0.21892929601119968,1.0157496748835568,0.21137259200244526,0.9806894075738274,0.06149734203834121,0.28532456057618,1.0,True,1,0.0,0.296875,True,512
walker2d-medium-v2,3,mpi4,implicit,1.5,2.5,4.0,0.09534807837666494,0.07803188755340805,0.4474710146578147,0.09716189200566396,0.501524269757701,0.06463397304412134,0.19373318075435375,0.14941655271164495,0.1445872547898025,0.9331561257101758,0.14391185299025788,0.9287971292863417,0.004705195080694355,0.030367003084707505,0.046875,False,200,0.40323594212532043,0.2578125,True,512
walker2d-medium-v2,3,mpi4,explicit,4.0,10.0,14.0,0.3717134088704098,0.24450042018267004,1.0150267488314086,0.3703792635081869,1.2201766398231972,0.21688884642967787,0.30354561087307375,0.21892929601119968,0.28872432158817324,0.8232980108907948,0.26353759063100807,0.7514779945381265,0.1519497131701081,0.43328492702050625,1.0,True,1,0.0,0.6328125,True,512
walker2d-medium-v2,3,mpi4,implicit,4.0,10.0,14.0,0.27463997128845097,0.2159694020293126,0.8531402035619297,0.2774741657069356,0.9650217834752508,0.2267451941640597,0.2875315049445739,0.09393558392393958,0.06570993482947127,0.27266473696756827,0.06598578820582152,0.27380939627212175,0.00041542627997684004,0.0017238199619777632,0.001953125,False,200,1.2947146892547607,0.61328125,True,512
walker2d-medium-v2,3,mpi4,explicit,7.0,7.0,14.0,0.28532609863319247,0.28532609863319247,0.9399776785192928,0.0,0.0,0.20332190901052485,0.30354561087307375,0.2442272432419256,0.28872432158817324,0.8232980108907948,0.25128563696534467,0.716541522865142,0.13647590295431797,0.3891613246115171,1.0,True,1,0.0,0.48046875,True,512
walker2d-medium-v2,3,mpi4,implicit,7.0,7.0,14.0,0.2338027173176863,0.2338027173176863,0.7695359659651858,0.0,0.0,0.20579800787102323,0.30382298899368615,0.18328295626230096,0.10607027895006378,0.42671767654306914,0.1061092824803604,0.4268745866218386,0.0004926583511469274,0.0019819503541602585,0.005859375,False,200,0.8361415863037109,0.46875,True,512
walker2d-medium-v2,3,mpi4,explicit,7.0,10.0,17.0,0.40012402800299174,0.3622242664799463,1.0419065876343208,0.3677157851137916,1.00511931792814,0.2953436361012893,0.36584291890018283,0.2442272432419256,0.3658658812626069,0.9103012072115988,0.33707174571695797,0.8386592813305546,0.1970047619923539,0.4901623295651158,1.0,True,1,0.0,0.5625,True,512
walker2d-medium-v2,3,mpi4,implicit,7.0,10.0,17.0,0.46673853192112835,0.5544369103756425,1.1769674832050236,0.4044903822506958,0.9324000704668041,0.4298701585468991,0.4338163359942568,nan,nan,nan,nan,nan,nan,nan,0.0,False,200,1.3455994129180908,0.580078125,False,512
walker2d-medium-v2,3,mpi4,explicit,10.0,10.0,20.0,0.8840913283454812,0.8840913283454812,0.9982919474614943,0.0,0.0,0.8538756561609,0.8856039864827038,0.27818162060188273,0.3584863420243598,0.40479305366288704,0.2542290522159925,0.28706854993471476,0.17498238515525327,0.19758536301334811,1.0,True,1,0.0,0.642578125,True,512
walker2d-medium-v2,3,mpi4,implicit,10.0,10.0,20.0,1.0654370394213424,1.0654370394213424,1.0567294517224846,0.0,0.0,1.0082401296610635,0.9983483930987335,0.45824682168896813,1.1920928955078125e-07,1.122633283874509e-07,1.1920928955078125e-07,1.122633283874509e-07,0.0,0.0,0.09765625,False,200,1.2436878681182861,0.708984375,True,512
walker2d-medium-replay-v2,0,mpi1,explicit,0.05,0.05,0.1,0.5591768392868107,0.5591768392868107,0.9080920991499861,0.0,0.0,0.5585052891646322,0.6157710653029849,0.5239710382612695,0.6137824523385182,0.9967705319776788,0.6137863807530407,0.9967769116449673,0.00014091880175811345,0.00022884933979282635,1.0,True,1,0.0,0.068359375,True,512
walker2d-medium-replay-v2,0,mpi1,implicit,0.05,0.05,0.1,0.5604568155724914,0.5604568155724914,0.9116915371783764,0.0,0.0,0.5597760968743477,0.6147439048376684,0.522251279991173,0.6123446552445626,0.9967789192675736,0.612346102193765,0.9967812746216209,6.795504616211331e-05,0.00011061770016625102,0.919921875,False,200,0.0015774965286254883,0.068359375,True,512
walker2d-medium-replay-v2,0,mpi4,explicit,0.05,0.05,0.1,0.0802662575050117,0.0802662575050117,0.220681831995067,0.0,0.0,0.07791893248683592,0.3637193727248283,0.35847674914539523,0.3560565234487438,0.9789319737943081,0.3560754734538427,0.9789840744150613,0.005742004679318722,0.01578690911155517,1.0,True,1,0.0,0.00390625,True,512
walker2d-medium-replay-v2,0,mpi4,implicit,0.05,0.05,0.1,0.08058071996593771,0.08058071996593771,0.22463719875142188,0.0,0.0,0.07806787897508542,0.35871494308966345,0.3496501121453973,0.3498280057556918,0.988918362232053,0.3496327639302199,0.9883664389351524,0.002939941688497834,0.00831083352908406,0.26953125,False,200,0.0278208926320076,0.00390625,True,512
walker2d-medium-replay-v2,0,mpi4,explicit,0.1,0.1,0.2,0.09042873048773077,0.09042873048773077,0.2491600846971814,0.0,0.0,0.08356937018846498,0.36293425810010466,0.3560565234487438,0.35216370589133933,0.9703236826825133,0.35291540423004014,0.9723948521076202,0.016113352238868582,0.04439744080159055,1.0,True,1,0.0,0.009765625,True,512
walker2d-medium-replay-v2,0,mpi4,implicit,0.1,0.1,0.2,0.0916476587978066,0.0916476587978066,0.25655446588391595,0.0,0.0,0.08575172656414802,0.3572249599399869,0.3293166331913529,0.32600561879721185,0.9677477310459331,0.3258926050958876,0.9674122498556482,0.006747671496931083,0.02003046390761845,0.123046875,False,200,0.05432063341140747,0.009765625,True,512
walker2d-medium-replay-v2,0,mpi4,explicit,0.2,0.2,0.4,0.11516783497455757,0.11516783497455757,0.31050397802942875,0.0,0.0,0.0942453358666288,0.3709061497551644,0.35216370589133933,0.3483564479908339,0.9392037533505022,0.34897610677241225,0.9408744152739765,0.02894523063991616,0.07803923083783577,1.0,True,1,0.0,0.0390625,True,512
walker2d-medium-replay-v2,0,mpi4,implicit,0.2,0.2,0.4,0.11069910288772335,0.11069910288772335,0.3147779816987442,0.0,0.0,0.09707050523876398,0.3516735900342199,0.3205578647430905,0.33349438687033645,1.016304297896792,0.3319463970296431,1.01158689097741,0.012672841367623984,0.038619729913139694,0.048828125,False,200,0.112057626247406,0.03515625,True,512
walker2d-medium-replay-v2,0,mpi4,explicit,1.5,2.5,4.0,0.42104377608039645,0.30348391471772784,0.7871596687217538,0.4255006068373928,0.9245662269997382,0.2340394487084158,0.4602164716941508,0.3748980553176806,0.44219901447096915,0.9138060805066932,0.411680075600077,0.8507385679203118,0.2201129082821242,0.4548642294620543,1.0,True,1,0.0,0.69921875,True,512
walker2d-medium-replay-v2,0,mpi4,implicit,1.5,2.5,4.0,0.262081212794959,0.3034898926380044,0.7326132690823642,0.4409000490986693,1.1422409073089999,0.14751027450047713,0.38599567418521524,nan,nan,nan,nan,nan,nan,nan,0.0,False,200,1.2089409828186035,0.65625,False,512
walker2d-medium-replay-v2,0,mpi4,explicit,4.0,10.0,14.0,0.7233448154163606,0.47907427160438787,1.0358033910187867,0.7486239642323442,1.289778662231779,0.37431254577595585,0.5804282441275286,0.44219901447096915,0.5785085708847945,0.8349416057036892,0.5161580938429686,0.7449532977723617,0.4264023545960393,0.6154119135654946,1.0,True,1,0.0,0.9453125,True,512
walker2d-medium-replay-v2,0,mpi4,implicit,4.0,10.0,14.0,0.4223232626322182,0.3378290207875217,0.45623512099973396,0.3668073297709073,0.440307528193563,0.2519806672558398,0.833070765961684,nan,nan,nan,nan,nan,nan,nan,0.0,False,200,1.8556578159332275,0.9609375,False,512
walker2d-medium-replay-v2,0,mpi4,explicit,7.0,7.0,14.0,0.590908396087384,0.590908396087384,1.0180558959111452,0.0,0.0,0.39684244125491475,0.5804282441275286,0.490634034995447,0.5785085708847945,0.8349416057036892,0.49925919426303333,0.7205636948174449,0.3922150327978635,0.5660705229734405,1.0,True,1,0.0,0.8984375,True,512
walker2d-medium-replay-v2,0,mpi4,implicit,7.0,7.0,14.0,0.6181626898784356,0.6181626898784356,1.0082492212302145,0.0,0.0,0.48172661493984414,0.6131050506780306,nan,nan,nan,nan,nan,nan,nan,0.0,False,200,1.3719812631607056,0.875,False,512
walker2d-medium-replay-v2,0,mpi4,explicit,7.0,10.0,17.0,0.6561012380005127,0.560074700936424,1.0005665843270535,0.7288841401053074,1.1993283061870308,0.395162564307856,0.607743631452021,0.490634034995447,0.6125594141003905,0.8292573921561752,0.5186139688238919,0.7020779657011077,0.4600342103147196,0.6227751313045515,1.0,True,1,0.0,0.953125,True,512
walker2d-medium-replay-v2,0,mpi4,implicit,7.0,10.0,17.0,0.9495032818125239,0.562442169253502,0.8761244923772041,1.1761311650436002,1.3630615035963163,0.7002883046869016,0.8628599384110569,nan,nan,nan,nan,nan,nan,nan,0.0,False,200,1.6869924068450928,0.919921875,False,512
walker2d-medium-replay-v2,0,mpi4,explicit,10.0,10.0,20.0,0.6586357403894564,0.6586357403894564,1.0611057510705275,0.0,0.0,0.4569959526301773,0.6207069745168872,0.5477156089376356,0.6175928524123947,0.8115140161122759,0.5203797500727199,0.6837764705913881,0.4794604238517774,0.6300086741726695,1.0,True,1,0.0,0.923828125,True,512
walker2d-medium-replay-v2,0,mpi4,implicit,10.0,10.0,20.0,0.6485035812370519,0.6485035812370519,0.9272622641741096,0.0,0.0,0.5291150120283444,0.6993744987721014,nan,nan,nan,nan,nan,nan,nan,0.0,False,200,1.4279351234436035,0.908203125,False,512
walker2d-medium-replay-v2,1,mpi1,explicit,0.05,0.05,0.1,1.3169713481040788,1.3169713481040788,1.0001765000470906,0.0,0.0,1.3167389436185242,1.0468203781934615,0.9618438440215694,1.0444052058786482,0.9976928493511167,1.044407819908883,0.9976953464655113,0.00014126328882874437,0.000134945107844125,1.0,True,1,0.0,0.984375,True,512
walker2d-medium-replay-v2,1,mpi1,implicit,0.05,0.05,0.1,1.3186984965251993,1.3186984965251993,1.0001766890668013,0.0,0.0,1.3184655380796664,1.047356759522903,0.9641803402297369,1.0444437469028165,0.9976953048860696,1.0444463518749287,0.9976977932617753,0.00014719669900451276,0.0001406082959728756,0.951171875,False,200,0.0008027553558349609,0.984375,True,512
walker2d-medium-replay-v2,1,mpi4,explicit,0.05,0.05,0.1,0.08695041462251343,0.08695041462251343,0.24043544443102718,0.0,0.0,0.08522148584327201,0.3616372570536561,0.357990299937334,0.35524378724573474,0.982320765675499,0.3554551840266132,0.9829053204379169,0.005300153068133347,0.014655992889988555,1.0,True,1,0.0,0.0078125,True,512
walker2d-medium-replay-v2,1,mpi4,implicit,0.05,0.05,0.1,0.0890028238970881,0.0890028238970881,0.23968244479256257,0.0,0.0,0.087392268121135,0.3713364321451126,0.36129376407144337,0.3601474060113232,0.990426341939975,0.36012992260846893,0.9903782615638718,0.002730994469752131,0.007510393848150785,0.279296875,False,200,0.022018134593963623,0.0078125,True,512
walker2d-medium-replay-v2,1,mpi4,explicit,0.1,0.1,0.2,0.09151511629104817,0.09151511629104817,0.25113495373019823,0.0,0.0,0.08470193478754594,0.3644061287835129,0.35524378724573474,0.3522588486450773,0.9666655438013994,0.3528271465287552,0.9682250617095505,0.014308742063681103,0.03926592044828551,1.0,True,1,0.0,0.021484375,True,512
walker2d-medium-replay-v2,1,mpi4,implicit,0.1,0.1,0.2,0.08936129848263089,0.08936129848263089,0.24910380304667756,0.0,0.0,0.08329043666382643,0.35873116905359403,0.37810726699511427,0.37301399894158366,1.0007100261415527,0.37260528568724777,0.9996135432948194,0.004722814337353524,0.012670215253060496,0.09375,False,200,0.0322011336684227,0.021484375,True,512
walker2d-medium-replay-v2,1,mpi4,explicit,0.2,0.2,0.4,0.11384375693839718,0.11384375693839718,0.3059876874023231,0.0,0.0,0.09110344041100955,0.3720533917716483,0.3522588486450773,0.3505209818598553,0.9421254841697324,0.3506154422477511,0.9423793735038573,0.03056459609521072,0.08215110188800553,1.0,True,1,0.0,0.060546875,True,512
walker2d-medium-replay-v2,1,mpi4,implicit,0.2,0.2,0.4,0.10462353729459649,0.10462353729459649,0.3004504676045097,0.0,0.0,0.0865053857570754,0.3482222481754131,0.32798645004488036,0.35360230282602123,1.0624919115875497,0.3543625723350465,1.0647763429883357,0.01218425159835699,0.03661081579090134,0.021484375,False,200,0.07521313428878784,0.048828125,True,512
walker2d-medium-replay-v2,1,mpi4,explicit,1.5,2.5,4.0,0.42715254552329635,0.31509267018962145,0.788010028805052,0.4341543558776601,0.9218462557616984,0.2399078843449116,0.47096178257938387,0.37527917590858906,0.4520992663323553,0.9224217821426658,0.41879532963652905,0.854471491294932,0.2263137241314505,0.46174971799934583,1.0,True,1,0.0,0.69140625,True,512
walker2d-medium-replay-v2,1,mpi4,implicit,1.5,2.5,4.0,0.7252575489612384,0.9655252379248151,1.0237054283130855,0.3933778733983383,0.47635103397025047,0.7179029912196555,0.8258150929570689,nan,nan,nan,nan,nan,nan,nan,0.0,False,200,1.184409499168396,0.630859375,False,512
walker2d-medium-replay-v2,1,mpi4,explicit,4.0,10.0,14.0,0.7364254757665719,0.48995404184942937,1.0526162161830857,0.7484952977558785,1.2848849427723759,0.39135336591327596,0.5825387728031601,0.4520992663323553,0.582169182252661,0.8293556206080692,0.5209854027907689,0.7421934812615342,0.4494656464473619,0.6403067553472426,1.0,True,1,0.0,0.962890625,True,512
walker2d-medium-replay-v2,1,mpi4,implicit,4.0,10.0,14.0,0.1672594746793399,0.3584878917415737,0.310169920700606,0.33058779069173777,0.39006715153510657,0.281030390567692,0.8475150737269515,nan,nan,nan,nan,nan,nan,nan,0.0,False,200,1.7498867511749268,0.935546875,False,512
walker2d-medium-replay-v2,1,mpi4,explicit,7.0,7.0,14.0,0.5898181072158829,0.5898181072158829,1.0124958796780081,0.0,0.0,0.3951226029201866,0.5825387728031601,0.49530260371413015,0.582169182252661,0.8293556206080692,0.4842736325459464,0.6898940571023874,0.4132890205192409,0.5887696953949667,1.0,True,1,0.0,0.84765625,True,512
walker2d-medium-replay-v2,1,mpi4,implicit,7.0,7.0,14.0,0.5234700244242789,0.5234700244242789,0.9666886832844086,0.0,0.0,0.406489976618158,0.5415083816288654,nan,nan,nan,nan,nan,nan,nan,0.0,False,200,1.439730167388916,0.83203125,False,512
walker2d-medium-replay-v2,1,mpi4,explicit,7.0,10.0,17.0,0.6908098555231191,0.5815530381944214,1.0471175062063622,0.7110365238592257,1.170324591138851,0.42063787346034204,0.6075549717085849,0.49530260371413015,0.6112940446310781,0.837878551303053,0.5212932816815989,0.7145177733949523,0.44569947010933153,0.6109040806329481,1.0,True,1,0.0,0.931640625,True,512
walker2d-medium-replay-v2,1,mpi4,implicit,7.0,10.0,17.0,1.079532077976014,1.4424089095303019,1.2303124663377758,1.268386475045566,1.2375481425723724,1.0249188952028103,0.8649619385489551,nan,nan,nan,nan,nan,nan,nan,0.0,False,200,1.5313587188720703,0.888671875,False,512
walker2d-medium-replay-v2,1,mpi4,explicit,10.0,10.0,20.0,0.7096222537030696,0.7096222537030696,1.0686210327199155,0.0,0.0,0.5342180471502286,0.6640541707258919,0.5280510187699264,0.6482461152314044,0.8240657763857118,0.5428896797236713,0.6901341865405202,0.4893303480136227,0.6220482987406593,1.0,True,1,0.0,0.939453125,True,512
walker2d-medium-replay-v2,1,mpi4,implicit,10.0,10.0,20.0,0.8104394445631701,0.8104394445631701,0.9675452105429606,0.0,0.0,0.6998950798461183,0.8376243670395237,nan,nan,nan,nan,nan,nan,nan,0.0,False,200,1.6180471181869507,0.927734375,False,512
walker2d-medium-replay-v2,2,mpi4,explicit,0.05,0.05,0.1,0.08059493191988007,0.08059493191988007,0.22247341376352853,0.0,0.0,0.07841148303370699,0.36226770002075864,0.3571811018369677,0.35543365344895805,0.9811353687579406,0.35547076335099187,0.9812378065464371,0.005811448449478607,0.01604186199637892,1.0,True,1,0.0,0.00390625,True,512
walker2d-medium-replay-v2,2,mpi4,implicit,0.05,0.05,0.1,0.08113276086839755,0.08113276086839755,0.2231789863387636,0.0,0.0,0.07943252479898799,0.36353225811880896,0.3424798886389573,0.3455635906292789,0.982159507417457,0.3455513982976016,0.9821248544192849,0.004146554387019204,0.011785320921160192,0.2890625,False,200,0.031912609934806824,0.00390625,True,512
walker2d-medium-replay-v2,2,mpi4,explicit,0.1,0.1,0.2,0.08791460272642984,0.08791460272642984,0.24057258233122683,0.0,0.0,0.08371113335162267,0.3654389950613185,0.35543365344895805,0.35312709502757933,0.9663092877330365,0.35352594509605545,0.9674007149585553,0.017354411690774903,0.04748921687424993,1.0,True,1,0.0,0.021484375,True,512
walker2d-medium-replay-v2,2,mpi4,implicit,0.1,0.1,0.2,0.08833374840815393,0.08833374840815393,0.2504359467597231,0.0,0.0,0.0848387328120777,0.35271992519869516,0.34582888991565924,0.3403156327650073,0.9977301340124718,0.3410219584352544,0.9998009245897553,0.006862467153282575,0.02011923524309176,0.099609375,False,200,0.062054798007011414,0.0234375,True,512
walker2d-medium-replay-v2,2,mpi4,explicit,0.2,0.2,0.4,0.11607790508049914,0.11607790508049914,0.31350059623258564,0.0,0.0,0.09136168565932197,0.3702637458283528,0.35312709502757933,0.3504513948347362,0.9464912478825264,0.34994266152921916,0.9451172724089651,0.03288254042859333,0.08880842588309212,1.0,True,1,0.0,0.06640625,True,512
walker2d-medium-replay-v2,2,mpi4,implicit,0.2,0.2,0.4,0.11776657605832636,0.11776657605832636,0.33969535676634066,0.0,0.0,0.09307609533192546,0.3466829137123945,0.25278354062549735,0.2708184473662024,1.0519857556904961,0.2721347981521004,1.0570990789877976,0.012250947313380616,0.04758842018603026,0.03125,False,200,0.13688641786575317,0.0703125,True,512
walker2d-medium-replay-v2,2,mpi4,explicit,1.5,2.5,4.0,0.44048370608062165,0.32289250118950086,0.8157510183403337,0.4389610064685946,0.9381557471354236,0.24319148563222587,0.4678977960844173,0.3803540357708643,0.45023515008426085,0.9375881567202237,0.41473952662816205,0.8636706134950658,0.22383400349546928,0.4661211162863437,1.0,True,1,0.0,0.703125,True,512
walker2d-medium-replay-v2,2,mpi4,implicit,1.5,2.5,4.0,0.3505213699442573,0.25794544873615616,0.6917900273788792,0.3621960821457289,0.823590144578519,0.16595039652064464,0.43977709608349747,nan,nan,nan,nan,nan,nan,nan,0.0,False,200,1.1195484399795532,0.65234375,False,512
walker2d-medium-replay-v2,2,mpi4,explicit,4.0,10.0,14.0,0.6945966804028291,0.4855281586318315,0.9968294736884504,0.7378198514549217,1.2464453757355394,0.37306558778092197,0.5919391782568306,0.45023515008426085,0.5981961318708156,0.8413162137710046,0.5334657852008688,0.7502780286758779,0.4590856066982852,0.6456681075757543,1.0,True,1,0.0,0.974609375,True,512
walker2d-medium-replay-v2,2,mpi4,implicit,4.0,10.0,14.0,0.07620032140079308,0.4859099035197224,0.2788659453813035,0.4641857935902492,0.4605702028651749,0.21337716570849746,1.0078502488927463,nan,nan,nan,nan,nan,nan,nan,0.0,False,200,1.8556578159332275,0.95703125,False,512
walker2d-medium-replay-v2,2,mpi4,explicit,7.0,7.0,14.0,0.5681862935775636,0.5681862935775636,0.9598727613380557,0.0,0.0,0.39629956509494146,0.5919391782568306,0.49929731535234534,0.5981961318708156,0.8413162137710046,0.4994764139007697,0.7024746283408992,0.4182079383667245,0.5881768545966687,1.0,True,1,0.0,0.880859375,True,512
walker2d-medium-replay-v2,2,mpi4,implicit,7.0,7.0,14.0,0.5231095322069309,0.5231095322069309,0.7138111027176213,0.0,0.0,0.4520942705664648,0.7328402853574967,nan,nan,nan,nan,nan,nan,nan,0.0,False,200,1.2043079137802124,0.880859375,False,512
walker2d-medium-replay-v2,2,mpi4,explicit,7.0,10.0,17.0,0.6563774539215544,0.595692273433471,1.0061641918425508,0.7084973211808535,1.1386979798552581,0.43369417334469973,0.6221995065547686,0.49929731535234534,0.6267982941526592,0.8715835336066616,0.5280100495458694,0.7342152476422226,0.4675533391219374,0.6501482139679227,1.0,True,1,0.0,0.93359375,True,512
walker2d-medium-replay-v2,2,mpi4,implicit,7.0,10.0,17.0,0.7088468713305976,0.6187427687478814,0.7679147320303973,0.7722610646756572,0.8933945108261921,0.6466110941745316,0.8644121441506135,nan,nan,nan,nan,nan,nan,nan,0.0,False,200,1.7552317380905151,0.943359375,False,512
walker2d-medium-replay-v2,2,mpi4,explicit,10.0,10.0,20.0,0.8138344888219522,0.8138344888219522,1.1093519628571826,0.0,0.0,0.6486571896931543,0.7336125198047041,0.5455679962156902,0.6303392421545386,0.771078896861776,0.529274318165963,0.647448596082526,0.46412843133439946,0.5677571931143942,1.0,True,1,0.0,0.935546875,True,512
walker2d-medium-replay-v2,2,mpi4,implicit,10.0,10.0,20.0,0.9453572405011601,0.9453572405011601,1.2036707343135316,0.0,0.0,0.78539521943292,0.7362378153469589,nan,nan,nan,nan,nan,nan,nan,0.0,False,200,1.5342001914978027,0.923828125,False,512
walker2d-medium-replay-v2,3,mpi4,explicit,0.05,0.05,0.1,0.08215562129919732,0.08215562129919732,0.2273218101733862,0.0,0.0,0.08100207523787314,0.36140668260794856,0.35620221934653107,0.3524882479472617,0.97532299459343,0.35275998539430087,0.976074882868097,0.005995842088797839,0.016590291152148082,1.0,True,1,0.0,0.005859375,True,512
walker2d-medium-replay-v2,3,mpi4,implicit,0.05,0.05,0.1,0.08294388969356428,0.08294388969356428,0.23049991575229914,0.0,0.0,0.08194727175666819,0.35984347075726403,0.3328133855840494,0.3335460780346636,0.9751539926953451,0.3335314431810182,0.9751112062951904,0.0032023422604216772,0.009362355149331729,0.2578125,False,200,0.024836450815200806,0.0078125,True,512
walker2d-medium-replay-v2,3,mpi4,explicit,0.1,0.1,0.2,0.08984327847642234,0.08984327847642234,0.24748578335689386,0.0,0.0,0.08302552050528804,0.3630239978142959,0.3524882479472617,0.35029913109812394,0.964947588058128,0.3505324041379139,0.9655901710311393,0.0140157016373436,0.03860819593671408,1.0,True,1,0.0,0.015625,True,512
walker2d-medium-replay-v2,3,mpi4,implicit,0.1,0.1,0.2,0.08954849211823177,0.08954849211823177,0.24081886765953167,0.0,0.0,0.08417961716742611,0.371849984133448,0.322684733773003,0.31654298900895156,0.9882246132938725,0.31640783663738536,0.9878026772385363,0.004552250124699557,0.014211799898594451,0.087890625,False,200,0.035238564014434814,0.015625,True,512
walker2d-medium-replay-v2,3,mpi4,explicit,0.2,0.2,0.4,0.11016862565665672,0.11016862565665672,0.29728434185930164,0.0,0.0,0.0926478236276222,0.37058334444266555,0.35029913109812394,0.3506669884163569,0.9462567427139458,0.3513693309112377,0.9481519776331973,0.03276063549225503,0.08840288152055242,1.0,True,1,0.0,0.056640625,True,512
walker2d-medium-replay-v2,3,mpi4,implicit,0.2,0.2,0.4,0.10987418389464143,0.10987418389464143,0.2976982385627947,0.0,0.0,0.09733378362947889,0.3690790527518194,0.34414194706278334,0.3426547376812381,1.0406454286356934,0.3428530856693879,1.0412478132066583,0.004540356005246787,0.013789100810957203,0.01953125,False,200,0.13425415754318237,0.0625,True,512
walker2d-medium-replay-v2,3,mpi4,explicit,1.5,2.5,4.0,0.42735474951842245,0.3052150473962756,0.7923909236431289,0.44448383469914904,0.9615601347613572,0.22354872221453248,0.4622527688395301,0.368394844317004,0.4397901256637051,0.9457807010623667,0.4060385399325569,0.8731969922612703,0.20726616690089886,0.44573156421419713,1.0,True,1,0.0,0.72265625,True,512
walker2d-medium-replay-v2,3,mpi4,implicit,1.5,2.5,4.0,0.31325337471489517,0.31461098401649,0.7842341815312664,0.31444125233349424,0.7855058970433565,0.24653461766552423,0.40030412695442624,nan,nan,nan,nan,nan,nan,nan,0.0,False,200,1.371752142906189,0.65234375,False,512
walker2d-medium-replay-v2,3,mpi4,explicit,4.0,10.0,14.0,0.7480269657315132,0.4697131537262069,1.0439351062271707,0.7502153367292907,1.2862779417836805,0.39341430242066616,0.5832451232810288,0.4397901256637051,0.5744143628060518,0.828466885758826,0.5086620507782289,0.7336335795179689,0.43472467439057655,0.6269951109779007,1.0,True,1,0.0,0.951171875,True,512
walker2d-medium-replay-v2,3,mpi4,implicit,4.0,10.0,14.0,0.5503504276897192,0.4599001102205272,0.7249455613563358,0.42168926651576805,0.605199899550807,0.3417495504429299,0.6967768283318542,nan,nan,nan,nan,nan,nan,nan,0.0,False,200,1.8442425727844238,0.958984375,False,512
walker2d-medium-replay-v2,3,mpi4,explicit,7.0,7.0,14.0,0.5856295383931476,0.5856295383931476,1.0040881869679514,0.0,0.0,0.3771859848069971,0.5832451232810288,0.5062224446421325,0.5744143628060518,0.828466885758826,0.48050194902155763,0.6930188015534454,0.39961628517819237,0.5763589504670371,1.0,True,1,0.0,0.89453125,True,512
walker2d-medium-replay-v2,3,mpi4,implicit,7.0,7.0,14.0,0.43632205820470477,0.43632205820470477,0.6472948627757308,0.0,0.0,0.3316879171126327,0.674070015531512,nan,nan,nan,nan,nan,nan,nan,0.0,False,200,1.1081593036651611,0.884765625,False,512
walker2d-medium-replay-v2,3,mpi4,explicit,7.0,10.0,17.0,0.6834284016247153,0.5786487221525181,1.0475590242634156,0.720217675622753,1.195601300932551,0.40229364076662805,0.6023895048131798,0.5062224446421325,0.6145023898114639,0.8205426849201901,0.5280262804160004,0.7050714676209764,0.5054036162950866,0.6748635109627157,1.0,True,1,0.0,0.947265625,True,512
walker2d-medium-replay-v2,3,mpi4,implicit,7.0,10.0,17.0,0.4405625261373841,0.4357923637696682,0.847484319740238,0.4009018873825069,0.7753892109781614,0.22045373746814823,0.517033099901874,nan,nan,nan,nan,nan,nan,nan,0.0,False,200,1.691428542137146,0.94921875,False,512
walker2d-medium-replay-v2,3,mpi4,explicit,10.0,10.0,20.0,0.6423273425163332,0.6423273425163332,1.0258018904602206,0.0,0.0,0.4324362565312485,0.6261709482989511,0.5423425528622446,0.6310457550827537,0.8158053713700851,0.5192649260293444,0.6712969898090461,0.49874487590702904,0.6447690130724417,1.0,True,1,0.0,0.919921875,True,512
walker2d-medium-replay-v2,3,mpi4,implicit,10.0,10.0,20.0,0.593350007637393,0.593350007637393,0.8475675392639673,0.0,0.0,0.4815934964548562,0.7000622135112226,0.7089640402913724,0.9668818314690335,0.9588783258290013,1.1402129524850504,1.1307746731637949,0.3521156503957547,0.3492009616487294,0.001953125,False,200,1.6309728622436523,0.896484375,True,512
walker2d-expert-v2,0,mpi1,explicit,0.05,0.05,0.1,0.29771625116580863,0.29771625116580863,0.3142657854577112,0.0,0.0,0.29755941561410415,0.9473390516635494,0.9268765842457859,0.9387771318576849,0.9909621377997354,0.9388383879673183,0.991026799031135,0.0009873077264256904,0.0010421904646408856,1.0,True,1,0.0,1.0,True,512
walker2d-expert-v2,0,mpi1,implicit,0.05,0.05,0.1,0.2980073924621987,0.2980073924621987,0.31457614945976725,0.0,0.0,0.2978504273370688,0.9473299008013714,0.9285309850763982,0.9408381337529554,0.9909407581877183,0.9409153750454373,0.991022112824812,0.0008130941789570734,0.0008563940313088013,0.970703125,False,200,3.4570693969726562e-06,1.0,True,512
walker2d-expert-v2,0,mpi4,explicit,0.05,0.05,0.1,0.029812711612080618,0.029812711612080618,0.1670740237123741,0.0,0.0,0.02969310641536751,0.17844013659121913,0.17851169515619042,0.17819777695190234,0.9986417874142743,0.17819700076098152,0.9986374375469427,9.752125506794031e-05,0.0005465208496861195,1.0,True,1,0.0,0.001953125,True,512
walker2d-expert-v2,0,mpi4,implicit,0.05,0.05,0.1,0.029703242194235046,0.029703242194235046,0.16806162369257,0.0,0.0,0.02960160873878057,0.17674018340183528,0.17727984289992188,0.1766913602848539,0.9987453146462071,0.17669068213648484,0.9987414814225274,5.727918876198431e-05,0.0003237697718243859,0.896484375,False,200,0.006532713770866394,0.001953125,True,512
walker2d-expert-v2,0,mpi4,explicit,0.1,0.1,0.2,0.029130368276711616,0.029130368276711616,0.16357146812227188,0.0,0.0,0.029190362464538853,0.17808954465662843,0.17819777695190234,0.17716406820301714,0.9948033083278657,0.17716510201877717,0.9948091133612943,0.0004710133940088703,0.00264481216411117,1.0,True,1,0.0,0.001953125,True,512
walker2d-expert-v2,0,mpi4,implicit,0.1,0.1,0.2,0.02896499231270392,0.02896499231270392,0.16264657329886328,0.0,0.0,0.029029037246166733,0.17808547530528485,0.1756493756703717,0.17459312057050203,0.9954423791109281,0.17459545968903273,0.9954557155912409,0.0002389423624892538,0.0013623294721434435,0.82421875,False,200,0.0024686455726623535,0.001953125,True,512
walker2d-expert-v2,0,mpi4,explicit,0.2,0.2,0.4,0.030974944040989622,0.030974944040989622,0.17379232629490074,0.0,0.0,0.030136559702003057,0.17822964167261085,0.17716406820301714,0.17739092297588996,0.9952941683052837,0.1773850622066706,0.9952612850589037,0.0007651966884511214,0.004293318896172767,1.0,True,1,0.0,0.013671875,True,512
walker2d-expert-v2,0,mpi4,implicit,0.2,0.2,0.4,0.03106399531587013,0.03106399531587013,0.1733903711989312,0.0,0.0,0.030290512422647974,0.1791564035596321,0.1759826701122796,0.17572316024042053,0.9954672087894232,0.17572308767257735,0.9954667976944475,0.00029286847741766503,0.0016590924347051996,0.705078125,False,200,0.0065629929304122925,0.013671875,True,512
walker2d-expert-v2,0,mpi4,explicit,1.5,2.5,4.0,0.054916450123466666,0.04304805031093768,0.26735957897045476,0.052863639229340044,0.2885453458044433,0.04192775468748594,0.18320738836372524,0.17737165901569849,0.17802091301885725,0.9716906867611083,0.177651327940282,0.969673382317897,0.012029622989174062,0.06566123286082445,1.0,True,1,0.0,0.138671875,True,512
walker2d-expert-v2,0,mpi4,implicit,1.5,2.5,4.0,0.049592580938353274,0.04093158504222517,0.2430574002393291,0.04913992791860928,0.26388142875368087,0.03979364387415488,0.18621972812068846,0.16543194715158116,0.16976566107616478,0.9911771728433697,0.16960626335599296,0.990246528915522,0.0026506046754870794,0.015475561028776062,0.16015625,False,200,0.0793108344078064,0.134765625,True,512
walker2d-expert-v2,0,mpi4,explicit,4.0,10.0,14.0,0.7667733604093562,0.7477962551950034,0.9958674421583029,0.1284398764462731,0.16890486896059753,0.7426932122931685,0.7604273176768861,0.17802091301885725,0.5089714243053388,0.6693229089405311,0.4857825721068116,0.6388284071525504,0.10090653177412715,0.13269714202587793,1.0,True,1,0.0,0.4921875,True,512
walker2d-expert-v2,0,mpi4,implicit,4.0,10.0,14.0,0.7558591824593107,0.7417822831927341,0.9967350537387085,0.09217735976281459,0.12269479410638516,0.7422732777674063,0.7512736007600308,0.17068680860991206,0.5983740470002772,0.7914008806109212,0.5941167704519488,0.7857702680764344,0.04381068518455205,0.05794338007979525,0.060546875,False,200,0.3812311887741089,0.49609375,True,512
walker2d-expert-v2,0,mpi4,explicit,7.0,7.0,14.0,0.7532945556171329,0.7532945556171329,0.990620060729086,0.0,0.0,0.7424006376277303,0.7604273176768861,0.17921130276613323,0.5089714243053388,0.6693229089405311,0.48842852276667986,0.6423079647622792,0.09153453939876247,0.1203725027638427,1.0,True,1,0.0,0.458984375,True,512
walker2d-expert-v2,0,mpi4,implicit,7.0,7.0,14.0,0.7592008113748683,0.7592008113748683,0.9960150051233136,0.0,0.0,0.7492052606495035,0.7622383272035885,0.19540464874667804,0.5319504738626682,0.6737240307281579,0.5211076209264494,0.6599913790176757,0.034661546402766634,0.04389941902706492,0.17578125,False,200,0.1855965554714203,0.44921875,True,512
walker2d-expert-v2,0,mpi4,explicit,7.0,10.0,17.0,0.6877697611431398,0.6820858147426508,0.9744223823131771,0.11776125813949907,0.16753474996995554,0.6795114441389607,0.7029064606633401,0.17921130276613323,0.19008001815268907,0.2704200754867278,0.14963419888350954,0.21287924817520984,0.09917548455420114,0.14109343149386935,1.0,True,1,0.0,0.5078125,True,512
walker2d-expert-v2,0,mpi4,implicit,7.0,10.0,17.0,0.6486412885228124,0.651898544249582,0.9832752779402549,0.1047099042115957,0.1583321903294182,0.6428269064720805,0.6613304849363949,0.1773489933526538,0.154728472564525,0.23958254826890735,0.1555190670875408,0.24080670984261238,0.008534843591758701,0.013215405948878475,0.083984375,False,200,0.2032957673072815,0.509765625,True,512
walker2d-expert-v2,0,mpi4,explicit,10.0,10.0,20.0,0.7079230709834718,0.7079230709834718,0.97475764090904,0.0,0.0,0.7041132402965327,0.7262554724098151,0.18175190004123906,0.3184472815159258,0.438478322867949,0.27431114502391535,0.37770613158165045,0.13486918539044573,0.18570488005127356,1.0,True,1,0.0,0.47265625,True,512
walker2d-expert-v2,0,mpi4,implicit,10.0,10.0,20.0,0.6904939808724889,0.6904939808724889,0.9599735301915218,0.0,0.0,0.6912644518619158,0.7192843960340556,0.1738532748279679,0.3944215338907814,0.5325030336585719,0.38869155898154645,0.5247670741336032,0.06625545955404558,0.08945057553257664,0.1171875,False,200,0.21798795461654663,0.48046875,True,512
walker2d-expert-v2,1,mpi1,explicit,0.05,0.05,0.1,0.8075321805438019,0.8075321805438019,0.9347557732691117,0.0,0.0,0.816496580927726,0.8638964354503293,0.9428168797989925,0.8377744738804017,0.9697626237382136,0.8379433393613543,0.969958093326955,0.000741155659440249,0.0008579218862662648,1.0,True,1,0.0,1.0,True,512
walker2d-expert-v2,1,mpi1,implicit,0.05,0.05,0.1,0.807524161680746,0.807524161680746,0.9347464910649878,0.0,0.0,0.816496580927726,0.8638964354503293,0.9436211519812727,0.8378731478614574,0.9694169535028956,0.8382375856065482,0.9698386069828873,0.0010197821644577403,0.0011798851910082644,0.99609375,False,46,1.1920928955078125e-07,1.0,True,512
walker2d-expert-v2,1,mpi4,explicit,0.05,0.05,0.1,0.027999429481447523,0.027999429481447523,0.15662621318860215,0.0,0.0,0.028059735573737584,0.17876592245598052,0.17834495453399132,0.1784381360426342,0.9981663931870066,0.17845297398054363,0.99824939523631,0.0004352356982428714,0.002434668152986732,1.0,True,1,0.0,0.0,True,512
walker2d-expert-v2,1,mpi4,implicit,0.05,0.05,0.1,0.028115086971996012,0.028115086971996012,0.1568431184101425,0.0,0.0,0.02817555754285492,0.17925610799496772,0.1786165983662374,0.1785116186551152,0.998382958519635,0.1785125058746635,0.9983879205769183,0.00017575152890194373,0.000982946279415431,0.880859375,False,200,0.0011281967163085938,0.0,True,512
walker2d-expert-v2,1,mpi4,explicit,0.1,0.1,0.2,0.030574402501123504,0.030574402501123504,0.1708529346093995,0.0,0.0,0.029711438005471266,0.17895157944475512,0.1784381360426342,0.17823306195572633,0.9959848496936535,0.17821997859862324,0.9959117385361902,0.0008566893185715801,0.004787268831209462,1.0,True,1,0.0,0.0,True,512
walker2d-expert-v2,1,mpi4,implicit,0.1,0.1,0.2,0.03019528725337288,0.03019528725337288,0.16796672561885892,0.0,0.0,0.0293702840498661,0.17976945815976914,0.17553354676308647,0.17537586474275257,0.9952897081022315,0.17537295981530499,0.99527322211429,0.0002287415855771197,0.0012981498125402761,0.728515625,False,200,0.007932305335998535,0.0,True,512
walker2d-expert-v2,1,mpi4,explicit,0.2,0.2,0.4,0.03234988468662369,0.03234988468662369,0.1802971578939765,0.0,0.0,0.0311920482340711,0.17942537233807646,0.17823306195572633,0.17847121187058232,0.9946821318798977,0.17848367544733523,0.994751595727683,0.001047538559841101,0.005838296703474637,1.0,True,1,0.0,0.0078125,True,512
walker2d-expert-v2,1,mpi4,implicit,0.2,0.2,0.4,0.03255387831945265,0.03255387831945265,0.18144322258163748,0.0,0.0,0.0314159222885958,0.17941633672652368,0.18226143367787273,0.1824877854805614,0.995059086393431,0.1824928472137816,0.9950866867263539,0.0005831812781627712,0.0031799379247342227,0.642578125,False,200,0.010041087865829468,0.0078125,True,512
walker2d-expert-v2,1,mpi4,explicit,1.5,2.5,4.0,0.05266341571484836,0.047812357445681075,0.2689538613515603,0.05268725551448408,0.28206681807756323,0.046804874649727074,0.1867899807342672,0.17691535173044987,0.17957269223374017,0.9613614794960842,0.17964998109760547,0.961775253637296,0.010796765178178737,0.05780162905813736,1.0,True,1,0.0,0.166015625,True,512
walker2d-expert-v2,1,mpi4,implicit,1.5,2.5,4.0,0.05105175127422167,0.046201236457135766,0.2583124188026064,0.04923466834961246,0.261543147763508,0.045602622315991895,0.18824682952172514,0.17526870972502204,0.18198631656164033,0.9989127639907884,0.1819371261377769,0.9986427604916702,0.003914701769632486,0.021487580158691302,0.16015625,False,200,0.13837091624736786,0.16015625,True,512
walker2d-expert-v2,1,mpi4,explicit,4.0,10.0,14.0,0.8001125709768345,0.7842291053293587,0.9911538794811192,0.12623956126682095,0.15794930192749979,0.7785064254268365,0.7992410205444662,0.17957269223374017,0.23094727669658163,0.28895823757801326,0.1911297753180705,0.23913909622389917,0.12567386243179618,0.15724150688134536,1.0,True,1,0.0,0.517578125,True,512
walker2d-expert-v2,1,mpi4,implicit,4.0,10.0,14.0,0.7212305032346721,0.7096701458044979,0.9924039261694214,0.10464691662996058,0.1451561448306452,0.697612000131826,0.7209265357112711,0.1693155403632257,0.23302745732697244,0.35387560257121875,0.21091556283124555,0.3202964695436154,0.07901331584229239,0.11998965733728077,0.09765625,False,200,0.4274537265300751,0.509765625,True,512
walker2d-expert-v2,1,mpi4,explicit,7.0,7.0,14.0,0.7913824708696144,0.7913824708696144,0.9901674845599162,0.0,0.0,0.7821033519642576,0.7992410205444662,0.17915433487410007,0.23094727669658163,0.28895823757801326,0.18659695489330105,0.23346769009201476,0.10592152782510574,0.13252764197832204,1.0,True,1,0.0,0.3984375,True,512
walker2d-expert-v2,1,mpi4,implicit,7.0,7.0,14.0,0.7633411596105346,0.7633411596105346,0.9782905836771162,0.0,0.0,0.7567358437981504,0.7802805959159417,0.1648471416264475,0.131841395677416,0.18011815338710313,0.12210796199156629,0.16682059921147338,0.03588817156749209,0.049029450560371265,0.208984375,False,200,0.23205935955047607,0.38671875,True,512
walker2d-expert-v2,1,mpi4,explicit,7.0,10.0,17.0,0.12294228847491358,0.11567596872252126,0.5661092221927974,0.1239367356854972,0.5880667293783702,0.08458383474117914,0.21075284401228997,0.17915433487410007,0.1970806634505129,0.9351269463249579,0.18944363180425652,0.8988900372476548,0.05866872075404025,0.27837688752906703,1.0,True,1,0.0,0.515625,True,512
walker2d-expert-v2,1,mpi4,implicit,7.0,10.0,17.0,0.09484031067989798,0.09261041214670414,0.4706917290479024,0.09586653255697533,0.4814447582451895,0.07632027565050019,0.1991226011191767,0.16540758304097875,0.1817205794013207,0.9294677448067916,0.1814177004970419,0.9279185742448386,0.0032637031479527136,0.016693248583293855,0.025390625,False,200,0.36871063709259033,0.505859375,True,512
walker2d-expert-v2,1,mpi4,explicit,10.0,10.0,20.0,0.7923068201403417,0.7923068201403417,0.9917105187766985,0.0,0.0,0.7780849572633315,0.7989295314903723,0.1824234847272698,0.22403349007309328,0.28041708466473564,0.15745435168232,0.1970816517304035,0.1058875089938586,0.1325367317394433,1.0,True,1,0.0,0.55859375,True,512
walker2d-expert-v2,1,mpi4,implicit,10.0,10.0,20.0,0.7395135470086026,0.7395135470086026,1.0009538760563503,0.0,0.0,0.7233292700855232,0.7388088149697823,0.17449770425112218,0.17102555973972502,0.2338291551038052,0.19515878948203208,0.26682453152097674,0.10427242509056586,0.14256309464303138,0.14453125,False,200,0.2240392565727234,0.544921875,True,512
walker2d-expert-v2,2,mpi4,explicit,0.05,0.05,0.1,0.029628425083642808,0.029628425083642808,0.16591636795044976,0.0,0.0,0.02963916992718157,0.17857445561061955,0.17855034525047359,0.1782792238483411,0.9983467301565113,0.1782797814934871,0.9983498529163938,5.207307409947701e-05,0.00029160427185074005,1.0,True,1,0.0,0.001953125,True,512
walker2d-expert-v2,2,mpi4,implicit,0.05,0.05,0.1,0.029691742402684303,0.029691742402684303,0.16621485676820397,0.0,0.0,0.02969451641976412,0.1786347079917839,0.1784915592992293,0.17856149334206273,0.9983652658330332,0.17856117247561004,0.9983634718184596,5.509265983960446e-05,0.00030803168676938323,0.935546875,False,200,0.0004165768623352051,0.001953125,True,512
walker2d-expert-v2,2,mpi4,explicit,0.1,0.1,0.2,0.02941231212951825,0.02941231212951825,0.16398968420521495,0.0,0.0,0.029371597491898955,0.17935464826380174,0.1782792238483411,0.17885611188836328,0.9972203877609841,0.1788581750003114,0.997231890735499,0.00023888444646001024,0.00133191109777456,1.0,True,1,0.0,0.001953125,True,512
walker2d-expert-v2,2,mpi4,implicit,0.1,0.1,0.2,0.02954873859118436,0.02954873859118436,0.1644978498680606,0.0,0.0,0.02951120275712048,0.17962993811095176,0.1800793471447025,0.18063919797870598,0.9972922296181076,0.18063844801591336,0.9972880891432053,0.0001430460272599401,0.0007897438267019713,0.876953125,False,200,0.002053499221801758,0.001953125,True,512
walker2d-expert-v2,2,mpi4,explicit,0.2,0.2,0.4,0.029249263034700206,0.029249263034700206,0.16275714411535716,0.0,0.0,0.029144515022115146,0.17971108545606604,0.17885611188836328,0.17861312649582395,0.9938904216317223,0.1786104057460587,0.9938752820550047,0.0007869239723840508,0.0043788282196783575,1.0,True,1,0.0,0.001953125,True,512
walker2d-expert-v2,2,mpi4,implicit,0.2,0.2,0.4,0.029174010692996445,0.029174010692996445,0.16151440548415197,0.0,0.0,0.029069002653851348,0.18062791740182607,0.1772219057032408,0.1766509250467545,0.9946849841918025,0.17665321330751396,0.994697868916956,0.0002803781901368352,0.0015787518551072992,0.794921875,False,200,0.01833409070968628,0.00390625,True,512
walker2d-expert-v2,2,mpi4,explicit,1.5,2.5,4.0,0.05153808041794511,0.04273225572757356,0.2557459148388413,0.050457583432034867,0.273772670449873,0.04103749825711966,0.1843046763912598,0.1785147356689267,0.1762162247183982,0.9561136926569859,0.17639603554788466,0.9570893099500856,0.009687372808566458,0.05256173092429389,1.0,True,1,0.0,0.130859375,True,512
walker2d-expert-v2,2,mpi4,implicit,1.5,2.5,4.0,0.04737564717373168,0.040620832161171745,0.24081800016386937,0.04708095646567167,0.2576908046221822,0.04155644613169395,0.18270328479396158,0.19057974531968835,0.18776250868817013,0.984215948536242,0.18775640865189414,0.9841839732871285,0.0019237483656747772,0.010083929085183435,0.1953125,False,200,0.14228224754333496,0.119140625,True,512
walker2d-expert-v2,2,mpi4,explicit,4.0,10.0,14.0,0.877508266215113,0.8633521205984966,1.0055317972391664,0.11652684656528571,0.13461326403993776,0.860308127956698,0.8656416393759973,0.1762162247183982,0.41654392235264914,0.4811967255328859,0.38660131871550535,0.44660665699282803,0.11630282983840882,0.13435447712779436,1.0,True,1,0.0,0.4453125,True,512
walker2d-expert-v2,2,mpi4,implicit,4.0,10.0,14.0,0.8580036953650412,0.8459888513997321,0.9979463696582339,0.08171392948676272,0.0957118262478888,0.8457486584834767,0.8537495593818026,0.18712032499859024,0.5084492745972552,0.5827724864311341,0.5096579820572557,0.5841578782234428,0.013327702351262002,0.015275895995350406,0.11328125,False,200,0.3238808214664459,0.43359375,True,512
walker2d-expert-v2,2,mpi4,explicit,7.0,7.0,14.0,0.8678790182884555,0.8678790182884555,1.002584647977506,0.0,0.0,0.858515176256965,0.8656416393759973,0.17864910069739337,0.41654392235264914,0.4811967255328859,0.38812840370147406,0.4483707645825109,0.09902384779916161,0.11439358193367814,1.0,True,1,0.0,0.357421875,True,512
walker2d-expert-v2,2,mpi4,implicit,7.0,7.0,14.0,0.8474073601658597,0.8474073601658597,1.0016173880724883,0.0,0.0,0.8381567450035206,0.8460389867997498,0.18319285754218714,0.46651024279276254,0.558698061362644,0.47055544337799304,0.5635426403610847,0.09035559490465629,0.10821090530465634,0.20703125,False,200,0.24968937039375305,0.34375,True,512
walker2d-expert-v2,2,mpi4,explicit,7.0,10.0,17.0,0.8233170782560089,0.8179463540098592,1.0016136251291299,0.11439527115356624,0.13962397502461688,0.8109757610328844,0.8193096574810838,0.17864910069739337,0.3008412644144211,0.3671887200003705,0.2448763275728516,0.2988812902873726,0.1583814219740713,0.19331082030816657,1.0,True,1,0.0,0.43359375,True,512
walker2d-expert-v2,2,mpi4,implicit,7.0,10.0,17.0,0.7784326473537069,0.7736939146782499,0.9948666677899661,0.09629713257586484,0.12344715920338299,0.7692356531241561,0.7800676272931671,0.16346905107313034,0.3108668797230919,0.45321955645696,0.31314442071995235,0.4565400328014619,0.024380465967286904,0.03554480934652937,0.06640625,False,200,0.5074312686920166,0.4140625,True,512
walker2d-expert-v2,2,mpi4,explicit,10.0,10.0,20.0,0.803367472536757,0.803367472536757,1.000301969509727,0.0,0.0,0.7976448862901928,0.8031249532883629,0.18074684654267778,0.25671281700775284,0.31964243665528325,0.18586832839729167,0.23143139512259114,0.13375486727355995,0.1665430350855194,1.0,True,1,0.0,0.443359375,True,512
walker2d-expert-v2,2,mpi4,implicit,10.0,10.0,20.0,0.7630024200005429,0.7630024200005429,0.9971915727307573,0.0,0.0,0.7588120399029588,0.7651512917533994,0.17092118641134427,0.2172337301049913,0.3061620155092324,0.19172571925360227,0.27021187088796117,0.08425566615940974,0.11874714187787733,0.1171875,False,200,0.3189268708229065,0.427734375,True,512
walker2d-expert-v2,3,mpi4,explicit,0.05,0.05,0.1,0.02998943790131037,0.02998943790131037,0.16731289125863047,0.0,0.0,0.030022370116555303,0.1792416452534612,0.1782030974326094,0.17886996591811247,0.9979263784662145,0.17887625829457432,0.9979614840157811,0.00013616801749179291,0.0007596896206751566,1.0,True,1,0.0,0.001953125,True,512
walker2d-expert-v2,3,mpi4,implicit,0.05,0.05,0.1,0.029982614908602392,0.029982614908602392,0.16734591803407362,0.0,0.0,0.030018639164363887,0.17916549899052558,0.1788599281482675,0.1794798576066845,0.9981152423827695,0.17947552003634532,0.9980911204833643,8.760090505481645e-05,0.00048716217935355476,0.916015625,False,200,0.0053899288177490234,0.001953125,True,512
walker2d-expert-v2,3,mpi4,explicit,0.1,0.1,0.2,0.030309646114423584,0.030309646114423584,0.17023945415939007,0.0,0.0,0.030295567734251738,0.1780412552665117,0.17886996591811247,0.17742457286385865,0.9965362949068746,0.1774321752141764,0.9965789948435065,0.00030237630565410677,0.001698349661720126,1.0,True,1,0.0,0.00390625,True,512
walker2d-expert-v2,3,mpi4,implicit,0.1,0.1,0.2,0.030354225581052968,0.030354225581052968,0.16997367983091952,0.0,0.0,0.03033374400227425,0.17858191698413356,0.17962588298183085,0.1782350882004584,0.9970852533632104,0.17823547149368157,0.997087397587585,0.00018858323615592558,0.0010549750091357242,0.86328125,False,200,0.0025586485862731934,0.00390625,True,512
walker2d-expert-v2,3,mpi4,explicit,0.2,0.2,0.4,0.030462668424947353,0.030462668424947353,0.1704003217764514,0.0,0.0,0.030501137673597283,0.17877119073115016,0.17742457286385865,0.17772987378860214,0.9941751412054192,0.17773824659258483,0.9942219765145562,0.0006893607585997035,0.0038561065447979097,1.0,True,1,0.0,0.001953125,True,512
walker2d-expert-v2,3,mpi4,implicit,0.2,0.2,0.4,0.03052246657852381,0.03052246657852381,0.17055688783273856,0.0,0.0,0.030587300551303705,0.1789576895214958,0.17931770558294932,0.18035426121685574,0.9946711158695217,0.18034161980779004,0.994601397281357,0.00039925142882877933,0.002201910071579213,0.78515625,False,200,0.0038736462593078613,0.001953125,True,512
walker2d-expert-v2,3,mpi4,explicit,1.5,2.5,4.0,0.04942753978585304,0.042889485536871816,0.2502018767242742,0.04930649701400412,0.2672655026410793,0.04049431096873067,0.1844850776728175,0.17734818636530478,0.17675365582171618,0.9580918849988891,0.17664728172698854,0.9575152850046267,0.010409758246137062,0.05642601763487163,1.0,True,1,0.0,0.140625,True,512
walker2d-expert-v2,3,mpi4,implicit,1.5,2.5,4.0,0.0446067485764907,0.039785897691441405,0.23473310159258678,0.04617819765575093,0.2568837935778487,0.03697528317248483,0.1797629854829928,0.1737547490451463,0.1714781155244066,0.970409042045328,0.17148826742372397,0.9704664924952667,0.0035037676925981217,0.019828115323786467,0.185546875,False,200,0.1613457351922989,0.134765625,True,512
walker2d-expert-v2,3,mpi4,explicit,4.0,10.0,14.0,0.8422801326907418,0.8451923448380171,0.9956818458734864,0.11806167878081579,0.13932300742179293,0.8300375741145319,0.8473954228061585,0.17675365582171618,0.39386254444702756,0.4647919186803579,0.36711126262682087,0.4332230889460415,0.10106883656060722,0.11926998168802558,1.0,True,1,0.0,0.474609375,True,512
walker2d-expert-v2,3,mpi4,implicit,4.0,10.0,14.0,0.8106037573845133,0.8174595334761613,0.9817526346486243,0.09214566826669998,0.11113112506144275,0.8098115814810197,0.8291616611975628,0.1770926103518377,0.4167473686773482,0.48262440262786455,0.43859277718599454,0.5079230080278418,0.14593985858640404,0.16900919445130175,0.1328125,False,200,0.4593074321746826,0.46484375,True,512
walker2d-expert-v2,3,mpi4,explicit,7.0,7.0,14.0,0.8480449663821863,0.8480449663821863,1.0007665176829452,0.0,0.0,0.8386164761537334,0.8473954228061585,0.1792402439912827,0.39386254444702756,0.4647919186803579,0.36771966150795166,0.4339410523250695,0.0898844221331869,0.1060714038736883,1.0,True,1,0.0,0.44140625,True,512
walker2d-expert-v2,3,mpi4,implicit,7.0,7.0,14.0,0.8351686993365067,0.8351686993365067,1.0053674737955347,0.0,0.0,0.826118962100436,0.8307098857928221,0.18373261432551918,0.40941218846385513,0.4995364015257729,0.43881993790143775,0.5354177009715477,0.16186771841049585,0.19749978104304727,0.19921875,False,200,0.17623695731163025,0.400390625,True,512
walker2d-expert-v2,3,mpi4,explicit,7.0,10.0,17.0,0.7968938171552943,0.7949463879665134,0.9986432492049157,0.1197642784635157,0.15026858575209273,0.7854099229436632,0.7970014348913761,0.1792402439912827,0.23470930410793678,0.2944904410867535,0.161078901009699,0.20210616186864525,0.13311103282313735,0.16701479695739713,1.0,True,1,0.0,0.51171875,True,512
walker2d-expert-v2,3,mpi4,implicit,7.0,10.0,17.0,0.7266965359812513,0.7172586024446945,0.990454747830572,0.10684370212466344,0.1465749859244613,0.7155600658601099,0.7289354418203818,0.1969708245622881,0.1536627266997936,0.2220350832473626,0.150998046961944,0.21818475206993337,0.027262301435735183,0.03939268486771089,0.08203125,False,200,0.3916495740413666,0.470703125,True,512
walker2d-expert-v2,3,mpi4,explicit,10.0,10.0,20.0,0.8836737270427343,0.8836737270427343,1.0057531687515358,0.0,0.0,0.8727651638713699,0.8786188843328812,0.18213539086745406,0.4209418152917688,0.4790948872119702,0.38101426702204283,0.4336513519298414,0.14358396195601775,0.1634200727031247,1.0,True,1,0.0,0.43359375,True,512
walker2d-expert-v2,3,mpi4,implicit,10.0,10.0,20.0,0.8677888762190097,0.8677888762190097,1.0025388978360548,0.0,0.0,0.8568488825713437,0.8655912285220072,0.19262924567369746,0.44857035251195765,0.5114900302393242,0.45375479277960107,0.5174016770845092,0.06775553726827535,0.07725941229098053,0.1640625,False,200,0.33431562781333923,0.431640625,True,512
