task,T,training_seed,method,state_set,metric,actor_a,actor_b,value,n,n_excluded,q_weight,action_grad_norm,paired,checkpoint_hash
hopper-medium-v2,4,0,MART4,dataset,bound_frac,mu1,,0.193115234375,4096,0,0.00849231332540512,3.6535677909851074,True,4c25bbb74d113c89de8a023d43641d17d89c13138ef718380fb2ff0a2848da9b
hopper-medium-v2,4,0,MART4,dataset,bound_frac,mu2,,0.190185546875,4096,0,0.00849231332540512,3.627838611602783,True,4c25bbb74d113c89de8a023d43641d17d89c13138ef718380fb2ff0a2848da9b
hopper-medium-v2,4,0,MART4,dataset,bound_frac,mu3,,0.19384765625,4096,0,0.008488957770168781,3.5769495964050293,True,4c25bbb74d113c89de8a023d43641d17d89c13138ef718380fb2ff0a2848da9b
hopper-medium-v2,4,0,MART4,dataset,bound_frac,mu4,,0.195556640625,4096,0,0.008484461344778538,3.5547027587890625,True,4c25bbb74d113c89de8a023d43641d17d89c13138ef718380fb2ff0a2848da9b
hopper-medium-v2,4,0,MART4,dataset,adjacent_rms,mu1,mu2,0.04458199441432953,4096,0,,,True,4c25bbb74d113c89de8a023d43641d17d89c13138ef718380fb2ff0a2848da9b
hopper-medium-v2,4,0,MART4,dataset,adjacent_rms,mu2,mu3,0.04758211970329285,4096,0,,,True,4c25bbb74d113c89de8a023d43641d17d89c13138ef718380fb2ff0a2848da9b
hopper-medium-v2,4,0,MART4,dataset,adjacent_rms,mu3,mu4,0.045092009007930756,4096,0,,,True,4c25bbb74d113c89de8a023d43641d17d89c13138ef718380fb2ff0a2848da9b
hopper-medium-v2,4,0,MART4,dataset,from_mu1_rms,mu1,mu2,0.04458199441432953,4096,0,,,True,4c25bbb74d113c89de8a023d43641d17d89c13138ef718380fb2ff0a2848da9b
hopper-medium-v2,4,0,MART4,dataset,from_mu1_rms,mu1,mu3,0.06489229202270508,4096,0,,,True,4c25bbb74d113c89de8a023d43641d17d89c13138ef718380fb2ff0a2848da9b
hopper-medium-v2,4,0,MART4,dataset,from_mu1_rms,mu1,mu4,0.07527939230203629,4096,0,,,True,4c25bbb74d113c89de8a023d43641d17d89c13138ef718380fb2ff0a2848da9b
hopper-medium-v2,4,0,MART4,dataset,cos_d2_d3,delta,delta,-0.01679065451025963,4096,0,,,True,4c25bbb74d113c89de8a023d43641d17d89c13138ef718380fb2ff0a2848da9b
hopper-medium-v2,4,0,MART4,dataset,cos_d3_d4,delta,delta,-0.1640712320804596,4096,0,,,True,4c25bbb74d113c89de8a023d43641d17d89c13138ef718380fb2ff0a2848da9b
hopper-medium-v2,4,0,MART4,dataset,cos_d2_d4,delta,delta,0.05999322608113289,4096,0,,,True,4c25bbb74d113c89de8a023d43641d17d89c13138ef718380fb2ff0a2848da9b
hopper-medium-v2,4,0,MART4,rollout_union,bound_frac,mu1,,0.22972972972972974,962,0,0.007964558899402618,3.294302225112915,True,4c25bbb74d113c89de8a023d43641d17d89c13138ef718380fb2ff0a2848da9b
hopper-medium-v2,4,0,MART4,rollout_union,bound_frac,mu2,,0.22661122661122662,962,0,0.007964558899402618,3.261868715286255,True,4c25bbb74d113c89de8a023d43641d17d89c13138ef718380fb2ff0a2848da9b
hopper-medium-v2,4,0,MART4,rollout_union,bound_frac,mu3,,0.22765072765072766,962,0,0.007963113486766815,3.2065577507019043,True,4c25bbb74d113c89de8a023d43641d17d89c13138ef718380fb2ff0a2848da9b
hopper-medium-v2,4,0,MART4,rollout_union,bound_frac,mu4,,0.22765072765072766,962,0,0.007961364462971687,3.2001655101776123,True,4c25bbb74d113c89de8a023d43641d17d89c13138ef718380fb2ff0a2848da9b
hopper-medium-v2,4,0,MART4,rollout_union,adjacent_rms,mu1,mu2,0.041548311710357666,962,0,,,True,4c25bbb74d113c89de8a023d43641d17d89c13138ef718380fb2ff0a2848da9b
hopper-medium-v2,4,0,MART4,rollout_union,adjacent_rms,mu2,mu3,0.03940795734524727,962,0,,,True,4c25bbb74d113c89de8a023d43641d17d89c13138ef718380fb2ff0a2848da9b
hopper-medium-v2,4,0,MART4,rollout_union,adjacent_rms,mu3,mu4,0.04363096132874489,962,0,,,True,4c25bbb74d113c89de8a023d43641d17d89c13138ef718380fb2ff0a2848da9b
hopper-medium-v2,4,0,MART4,rollout_union,from_mu1_rms,mu1,mu2,0.041548311710357666,962,0,,,True,4c25bbb74d113c89de8a023d43641d17d89c13138ef718380fb2ff0a2848da9b
hopper-medium-v2,4,0,MART4,rollout_union,from_mu1_rms,mu1,mu3,0.05538373440504074,962,0,,,True,4c25bbb74d113c89de8a023d43641d17d89c13138ef718380fb2ff0a2848da9b
hopper-medium-v2,4,0,MART4,rollout_union,from_mu1_rms,mu1,mu4,0.0641062781214714,962,0,,,True,4c25bbb74d113c89de8a023d43641d17d89c13138ef718380fb2ff0a2848da9b
hopper-medium-v2,4,0,MART4,rollout_union,cos_d2_d3,delta,delta,-0.020798973739147186,962,0,,,True,4c25bbb74d113c89de8a023d43641d17d89c13138ef718380fb2ff0a2848da9b
hopper-medium-v2,4,0,MART4,rollout_union,cos_d3_d4,delta,delta,-0.2112060934305191,962,0,,,True,4c25bbb74d113c89de8a023d43641d17d89c13138ef718380fb2ff0a2848da9b
hopper-medium-v2,4,0,MART4,rollout_union,cos_d2_d4,delta,delta,0.021068239584565163,962,0,,,True,4c25bbb74d113c89de8a023d43641d17d89c13138ef718380fb2ff0a2848da9b
hopper-medium-v2,7,0,MART4,dataset,bound_frac,mu1,,0.18701171875,4096,0,0.01459435559809208,3.351668357849121,True,33688a1a6801d7989e0eed53fd598298267c43f307a648c2e1626f3369dc7ccf
hopper-medium-v2,7,0,MART4,dataset,bound_frac,mu2,,0.20458984375,4096,0,0.01459435559809208,3.326474666595459,True,33688a1a6801d7989e0eed53fd598298267c43f307a648c2e1626f3369dc7ccf
hopper-medium-v2,7,0,MART4,dataset,bound_frac,mu3,,0.218017578125,4096,0,0.014586466364562511,3.283243179321289,True,33688a1a6801d7989e0eed53fd598298267c43f307a648c2e1626f3369dc7ccf
hopper-medium-v2,7,0,MART4,dataset,bound_frac,mu4,,0.2294921875,4096,0,0.01457704696804285,3.2792439460754395,True,33688a1a6801d7989e0eed53fd598298267c43f307a648c2e1626f3369dc7ccf
hopper-medium-v2,7,0,MART4,dataset,adjacent_rms,mu1,mu2,0.051161959767341614,4096,0,,,True,33688a1a6801d7989e0eed53fd598298267c43f307a648c2e1626f3369dc7ccf
hopper-medium-v2,7,0,MART4,dataset,adjacent_rms,mu2,mu3,0.05456137657165527,4096,0,,,True,33688a1a6801d7989e0eed53fd598298267c43f307a648c2e1626f3369dc7ccf
hopper-medium-v2,7,0,MART4,dataset,adjacent_rms,mu3,mu4,0.04806898161768913,4096,0,,,True,33688a1a6801d7989e0eed53fd598298267c43f307a648c2e1626f3369dc7ccf
hopper-medium-v2,7,0,MART4,dataset,from_mu1_rms,mu1,mu2,0.051161959767341614,4096,0,,,True,33688a1a6801d7989e0eed53fd598298267c43f307a648c2e1626f3369dc7ccf
hopper-medium-v2,7,0,MART4,dataset,from_mu1_rms,mu1,mu3,0.0762564167380333,4096,0,,,True,33688a1a6801d7989e0eed53fd598298267c43f307a648c2e1626f3369dc7ccf
hopper-medium-v2,7,0,MART4,dataset,from_mu1_rms,mu1,mu4,0.09165389835834503,4096,0,,,True,33688a1a6801d7989e0eed53fd598298267c43f307a648c2e1626f3369dc7ccf
hopper-medium-v2,7,0,MART4,dataset,cos_d2_d3,delta,delta,0.044331714510917664,4096,0,,,True,33688a1a6801d7989e0eed53fd598298267c43f307a648c2e1626f3369dc7ccf
hopper-medium-v2,7,0,MART4,dataset,cos_d3_d4,delta,delta,-0.01331933494657278,4096,0,,,True,33688a1a6801d7989e0eed53fd598298267c43f307a648c2e1626f3369dc7ccf
hopper-medium-v2,7,0,MART4,dataset,cos_d2_d4,delta,delta,0.10743863135576248,4096,0,,,True,33688a1a6801d7989e0eed53fd598298267c43f307a648c2e1626f3369dc7ccf
hopper-medium-v2,7,0,MART4,rollout_union,bound_frac,mu1,,0.2504684572142411,1601,0,0.012285210192203522,2.716313123703003,True,33688a1a6801d7989e0eed53fd598298267c43f307a648c2e1626f3369dc7ccf
hopper-medium-v2,7,0,MART4,rollout_union,bound_frac,mu2,,0.273579013116802,1601,0,0.012285210192203522,2.721684217453003,True,33688a1a6801d7989e0eed53fd598298267c43f307a648c2e1626f3369dc7ccf
hopper-medium-v2,7,0,MART4,rollout_union,bound_frac,mu3,,0.301686445971268,1601,0,0.012282010167837143,2.7036361694335938,True,33688a1a6801d7989e0eed53fd598298267c43f307a648c2e1626f3369dc7ccf
hopper-medium-v2,7,0,MART4,rollout_union,bound_frac,mu4,,0.3029356652092442,1601,0,0.01227989699691534,2.7102701663970947,True,33688a1a6801d7989e0eed53fd598298267c43f307a648c2e1626f3369dc7ccf
hopper-medium-v2,7,0,MART4,rollout_union,adjacent_rms,mu1,mu2,0.04926863685250282,1601,0,,,True,33688a1a6801d7989e0eed53fd598298267c43f307a648c2e1626f3369dc7ccf
hopper-medium-v2,7,0,MART4,rollout_union,adjacent_rms,mu2,mu3,0.04148351028561592,1601,0,,,True,33688a1a6801d7989e0eed53fd598298267c43f307a648c2e1626f3369dc7ccf
hopper-medium-v2,7,0,MART4,rollout_union,adjacent_rms,mu3,mu4,0.045134205371141434,1601,0,,,True,33688a1a6801d7989e0eed53fd598298267c43f307a648c2e1626f3369dc7ccf
hopper-medium-v2,7,0,MART4,rollout_union,from_mu1_rms,mu1,mu2,0.04926863685250282,1601,0,,,True,33688a1a6801d7989e0eed53fd598298267c43f307a648c2e1626f3369dc7ccf
hopper-medium-v2,7,0,MART4,rollout_union,from_mu1_rms,mu1,mu3,0.0613967590034008,1601,0,,,True,33688a1a6801d7989e0eed53fd598298267c43f307a648c2e1626f3369dc7ccf
hopper-medium-v2,7,0,MART4,rollout_union,from_mu1_rms,mu1,mu4,0.07867465168237686,1601,0,,,True,33688a1a6801d7989e0eed53fd598298267c43f307a648c2e1626f3369dc7ccf
hopper-medium-v2,7,0,MART4,rollout_union,cos_d2_d3,delta,delta,-0.03344332054257393,1601,0,,,True,33688a1a6801d7989e0eed53fd598298267c43f307a648c2e1626f3369dc7ccf
hopper-medium-v2,7,0,MART4,rollout_union,cos_d3_d4,delta,delta,0.06126076728105545,1601,0,,,True,33688a1a6801d7989e0eed53fd598298267c43f307a648c2e1626f3369dc7ccf
hopper-medium-v2,7,0,MART4,rollout_union,cos_d2_d4,delta,delta,0.09345296025276184,1601,0,,,True,33688a1a6801d7989e0eed53fd598298267c43f307a648c2e1626f3369dc7ccf
hopper-medium-v2,10,0,MART4,dataset,bound_frac,mu1,,0.19189453125,4096,0,0.020632294937968254,3.253143787384033,True,c18b5784bbb5ff656afb5d80ca61d1b5a828853cc6108b710ad009500f1d0f3d
hopper-medium-v2,10,0,MART4,dataset,bound_frac,mu2,,0.20751953125,4096,0,0.020632294937968254,3.2229132652282715,True,c18b5784bbb5ff656afb5d80ca61d1b5a828853cc6108b710ad009500f1d0f3d
hopper-medium-v2,10,0,MART4,dataset,bound_frac,mu3,,0.232666015625,4096,0,0.020618772134184837,3.2082180976867676,True,c18b5784bbb5ff656afb5d80ca61d1b5a828853cc6108b710ad009500f1d0f3d
hopper-medium-v2,10,0,MART4,dataset,bound_frac,mu4,,0.24853515625,4096,0,0.02060476690530777,3.200068473815918,True,c18b5784bbb5ff656afb5d80ca61d1b5a828853cc6108b710ad009500f1d0f3d
hopper-medium-v2,10,0,MART4,dataset,adjacent_rms,mu1,mu2,0.05329032242298126,4096,0,,,True,c18b5784bbb5ff656afb5d80ca61d1b5a828853cc6108b710ad009500f1d0f3d
hopper-medium-v2,10,0,MART4,dataset,adjacent_rms,mu2,mu3,0.05684313178062439,4096,0,,,True,c18b5784bbb5ff656afb5d80ca61d1b5a828853cc6108b710ad009500f1d0f3d
hopper-medium-v2,10,0,MART4,dataset,adjacent_rms,mu3,mu4,0.05603928491473198,4096,0,,,True,c18b5784bbb5ff656afb5d80ca61d1b5a828853cc6108b710ad009500f1d0f3d
hopper-medium-v2,10,0,MART4,dataset,from_mu1_rms,mu1,mu2,0.05329032242298126,4096,0,,,True,c18b5784bbb5ff656afb5d80ca61d1b5a828853cc6108b710ad009500f1d0f3d
hopper-medium-v2,10,0,MART4,dataset,from_mu1_rms,mu1,mu3,0.08192130923271179,4096,0,,,True,c18b5784bbb5ff656afb5d80ca61d1b5a828853cc6108b710ad009500f1d0f3d
hopper-medium-v2,10,0,MART4,dataset,from_mu1_rms,mu1,mu4,0.10656262934207916,4096,0,,,True,c18b5784bbb5ff656afb5d80ca61d1b5a828853cc6108b710ad009500f1d0f3d
hopper-medium-v2,10,0,MART4,dataset,cos_d2_d3,delta,delta,0.07911605387926102,4096,0,,,True,c18b5784bbb5ff656afb5d80ca61d1b5a828853cc6108b710ad009500f1d0f3d
hopper-medium-v2,10,0,MART4,dataset,cos_d3_d4,delta,delta,-0.043465662747621536,4096,0,,,True,c18b5784bbb5ff656afb5d80ca61d1b5a828853cc6108b710ad009500f1d0f3d
hopper-medium-v2,10,0,MART4,dataset,cos_d2_d4,delta,delta,0.2346571534872055,4096,0,,,True,c18b5784bbb5ff656afb5d80ca61d1b5a828853cc6108b710ad009500f1d0f3d
hopper-medium-v2,10,0,MART4,rollout_union,bound_frac,mu1,,0.23955773955773957,1628,0,0.01764250174164772,2.886517286300659,True,c18b5784bbb5ff656afb5d80ca61d1b5a828853cc6108b710ad009500f1d0f3d
hopper-medium-v2,10,0,MART4,rollout_union,bound_frac,mu2,,0.26965601965601965,1628,0,0.01764250174164772,2.904919147491455,True,c18b5784bbb5ff656afb5d80ca61d1b5a828853cc6108b710ad009500f1d0f3d
hopper-medium-v2,10,0,MART4,rollout_union,bound_frac,mu3,,0.29975429975429974,1628,0,0.01763555407524109,2.9258320331573486,True,c18b5784bbb5ff656afb5d80ca61d1b5a828853cc6108b710ad009500f1d0f3d
hopper-medium-v2,10,0,MART4,rollout_union,bound_frac,mu4,,0.3095823095823096,1628,0,0.017626097425818443,2.976973295211792,True,c18b5784bbb5ff656afb5d80ca61d1b5a828853cc6108b710ad009500f1d0f3d
hopper-medium-v2,10,0,MART4,rollout_union,adjacent_rms,mu1,mu2,0.050488632172346115,1628,0,,,True,c18b5784bbb5ff656afb5d80ca61d1b5a828853cc6108b710ad009500f1d0f3d
hopper-medium-v2,10,0,MART4,rollout_union,adjacent_rms,mu2,mu3,0.05353429168462753,1628,0,,,True,c18b5784bbb5ff656afb5d80ca61d1b5a828853cc6108b710ad009500f1d0f3d
hopper-medium-v2,10,0,MART4,rollout_union,adjacent_rms,mu3,mu4,0.058072250336408615,1628,0,,,True,c18b5784bbb5ff656afb5d80ca61d1b5a828853cc6108b710ad009500f1d0f3d
hopper-medium-v2,10,0,MART4,rollout_union,from_mu1_rms,mu1,mu2,0.050488632172346115,1628,0,,,True,c18b5784bbb5ff656afb5d80ca61d1b5a828853cc6108b710ad009500f1d0f3d
hopper-medium-v2,10,0,MART4,rollout_union,from_mu1_rms,mu1,mu3,0.0728747546672821,1628,0,,,True,c18b5784bbb5ff656afb5d80ca61d1b5a828853cc6108b710ad009500f1d0f3d
hopper-medium-v2,10,0,MART4,rollout_union,from_mu1_rms,mu1,mu4,0.09856626391410828,1628,0,,,True,c18b5784bbb5ff656afb5d80ca61d1b5a828853cc6108b710ad009500f1d0f3d
hopper-medium-v2,10,0,MART4,rollout_union,cos_d2_d3,delta,delta,0.018757494166493416,1628,0,,,True,c18b5784bbb5ff656afb5d80ca61d1b5a828853cc6108b710ad009500f1d0f3d
hopper-medium-v2,10,0,MART4,rollout_union,cos_d3_d4,delta,delta,-0.027035223320126534,1628,0,,,True,c18b5784bbb5ff656afb5d80ca61d1b5a828853cc6108b710ad009500f1d0f3d
hopper-medium-v2,10,0,MART4,rollout_union,cos_d2_d4,delta,delta,0.16744117438793182,1628,0,,,True,c18b5784bbb5ff656afb5d80ca61d1b5a828853cc6108b710ad009500f1d0f3d
hopper-medium-v2,14,0,MART4,dataset,bound_frac,mu1,,0.196533203125,4096,0,0.028221143409609795,2.958669900894165,True,0ceed413b05e58b8a621449786c897bf563b766ccf8e1f85e0509edb90ac39ce
hopper-medium-v2,14,0,MART4,dataset,bound_frac,mu2,,0.225341796875,4096,0,0.028221143409609795,2.931178331375122,True,0ceed413b05e58b8a621449786c897bf563b766ccf8e1f85e0509edb90ac39ce
hopper-medium-v2,14,0,MART4,dataset,bound_frac,mu3,,0.244384765625,4096,0,0.02819894440472126,2.9065215587615967,True,0ceed413b05e58b8a621449786c897bf563b766ccf8e1f85e0509edb90ac39ce
hopper-medium-v2,14,0,MART4,dataset,bound_frac,mu4,,0.2646484375,4096,0,0.028176290914416313,2.9081859588623047,True,0ceed413b05e58b8a621449786c897bf563b766ccf8e1f85e0509edb90ac39ce
hopper-medium-v2,14,0,MART4,dataset,adjacent_rms,mu1,mu2,0.05892132595181465,4096,0,,,True,0ceed413b05e58b8a621449786c897bf563b766ccf8e1f85e0509edb90ac39ce
hopper-medium-v2,14,0,MART4,dataset,adjacent_rms,mu2,mu3,0.06669174134731293,4096,0,,,True,0ceed413b05e58b8a621449786c897bf563b766ccf8e1f85e0509edb90ac39ce
hopper-medium-v2,14,0,MART4,dataset,adjacent_rms,mu3,mu4,0.06357289850711823,4096,0,,,True,0ceed413b05e58b8a621449786c897bf563b766ccf8e1f85e0509edb90ac39ce
hopper-medium-v2,14,0,MART4,dataset,from_mu1_rms,mu1,mu2,0.05892132595181465,4096,0,,,True,0ceed413b05e58b8a621449786c897bf563b766ccf8e1f85e0509edb90ac39ce
hopper-medium-v2,14,0,MART4,dataset,from_mu1_rms,mu1,mu3,0.09956714510917664,4096,0,,,True,0ceed413b05e58b8a621449786c897bf563b766ccf8e1f85e0509edb90ac39ce
hopper-medium-v2,14,0,MART4,dataset,from_mu1_rms,mu1,mu4,0.12120842933654785,4096,0,,,True,0ceed413b05e58b8a621449786c897bf563b766ccf8e1f85e0509edb90ac39ce
hopper-medium-v2,14,0,MART4,dataset,cos_d2_d3,delta,delta,0.18075700104236603,4096,0,,,True,0ceed413b05e58b8a621449786c897bf563b766ccf8e1f85e0509edb90ac39ce
hopper-medium-v2,14,0,MART4,dataset,cos_d3_d4,delta,delta,-0.04626445472240448,4096,0,,,True,0ceed413b05e58b8a621449786c897bf563b766ccf8e1f85e0509edb90ac39ce
hopper-medium-v2,14,0,MART4,dataset,cos_d2_d4,delta,delta,0.161735400557518,4096,0,,,True,0ceed413b05e58b8a621449786c897bf563b766ccf8e1f85e0509edb90ac39ce
hopper-medium-v2,14,0,MART4,rollout_union,bound_frac,mu1,,0.22895408163265307,1568,0,0.023297952488064766,1.9565668106079102,True,0ceed413b05e58b8a621449786c897bf563b766ccf8e1f85e0509edb90ac39ce
hopper-medium-v2,14,0,MART4,rollout_union,bound_frac,mu2,,0.2385204081632653,1568,0,0.023297952488064766,1.939921498298645,True,0ceed413b05e58b8a621449786c897bf563b766ccf8e1f85e0509edb90ac39ce
hopper-medium-v2,14,0,MART4,rollout_union,bound_frac,mu3,,0.2582908163265306,1568,0,0.023291466757655144,1.955458641052246,True,0ceed413b05e58b8a621449786c897bf563b766ccf8e1f85e0509edb90ac39ce
hopper-medium-v2,14,0,MART4,rollout_union,bound_frac,mu4,,0.27869897959183676,1568,0,0.023285740986466408,1.9828603267669678,True,0ceed413b05e58b8a621449786c897bf563b766ccf8e1f85e0509edb90ac39ce
hopper-medium-v2,14,0,MART4,rollout_union,adjacent_rms,mu1,mu2,0.05758833512663841,1568,0,,,True,0ceed413b05e58b8a621449786c897bf563b766ccf8e1f85e0509edb90ac39ce
hopper-medium-v2,14,0,MART4,rollout_union,adjacent_rms,mu2,mu3,0.056059014052152634,1568,0,,,True,0ceed413b05e58b8a621449786c897bf563b766ccf8e1f85e0509edb90ac39ce
hopper-medium-v2,14,0,MART4,rollout_union,adjacent_rms,mu3,mu4,0.06948856264352798,1568,0,,,True,0ceed413b05e58b8a621449786c897bf563b766ccf8e1f85e0509edb90ac39ce
hopper-medium-v2,14,0,MART4,rollout_union,from_mu1_rms,mu1,mu2,0.05758833512663841,1568,0,,,True,0ceed413b05e58b8a621449786c897bf563b766ccf8e1f85e0509edb90ac39ce
hopper-medium-v2,14,0,MART4,rollout_union,from_mu1_rms,mu1,mu3,0.08308887481689453,1568,0,,,True,0ceed413b05e58b8a621449786c897bf563b766ccf8e1f85e0509edb90ac39ce
hopper-medium-v2,14,0,MART4,rollout_union,from_mu1_rms,mu1,mu4,0.10716833174228668,1568,0,,,True,0ceed413b05e58b8a621449786c897bf563b766ccf8e1f85e0509edb90ac39ce
hopper-medium-v2,14,0,MART4,rollout_union,cos_d2_d3,delta,delta,0.05801084265112877,1568,0,,,True,0ceed413b05e58b8a621449786c897bf563b766ccf8e1f85e0509edb90ac39ce
hopper-medium-v2,14,0,MART4,rollout_union,cos_d3_d4,delta,delta,-0.09108854830265045,1568,0,,,True,0ceed413b05e58b8a621449786c897bf563b766ccf8e1f85e0509edb90ac39ce
hopper-medium-v2,14,0,MART4,rollout_union,cos_d2_d4,delta,delta,0.1717013567686081,1568,0,,,True,0ceed413b05e58b8a621449786c897bf563b766ccf8e1f85e0509edb90ac39ce
hopper-medium-v2,20,0,MART4,dataset,bound_frac,mu1,,0.203369140625,4096,0,0.04038701951503754,2.967533588409424,True,a2858ba4c62d8ed0c4ef4a2ebe20f41b0482513e5dd2041f1895b9c3eef75edf
hopper-medium-v2,20,0,MART4,dataset,bound_frac,mu2,,0.2294921875,4096,0,0.04038701951503754,2.948652982711792,True,a2858ba4c62d8ed0c4ef4a2ebe20f41b0482513e5dd2041f1895b9c3eef75edf
hopper-medium-v2,20,0,MART4,dataset,bound_frac,mu3,,0.2578125,4096,0,0.04034769907593727,2.920576333999634,True,a2858ba4c62d8ed0c4ef4a2ebe20f41b0482513e5dd2041f1895b9c3eef75edf
hopper-medium-v2,20,0,MART4,dataset,bound_frac,mu4,,0.2509765625,4096,0,0.04031910002231598,2.9320759773254395,True,a2858ba4c62d8ed0c4ef4a2ebe20f41b0482513e5dd2041f1895b9c3eef75edf
hopper-medium-v2,20,0,MART4,dataset,adjacent_rms,mu1,mu2,0.07520468533039093,4096,0,,,True,a2858ba4c62d8ed0c4ef4a2ebe20f41b0482513e5dd2041f1895b9c3eef75edf
hopper-medium-v2,20,0,MART4,dataset,adjacent_rms,mu2,mu3,0.07031284272670746,4096,0,,,True,a2858ba4c62d8ed0c4ef4a2ebe20f41b0482513e5dd2041f1895b9c3eef75edf
hopper-medium-v2,20,0,MART4,dataset,adjacent_rms,mu3,mu4,0.06970740854740143,4096,0,,,True,a2858ba4c62d8ed0c4ef4a2ebe20f41b0482513e5dd2041f1895b9c3eef75edf
hopper-medium-v2,20,0,MART4,dataset,from_mu1_rms,mu1,mu2,0.07520468533039093,4096,0,,,True,a2858ba4c62d8ed0c4ef4a2ebe20f41b0482513e5dd2041f1895b9c3eef75edf
hopper-medium-v2,20,0,MART4,dataset,from_mu1_rms,mu1,mu3,0.1187276691198349,4096,0,,,True,a2858ba4c62d8ed0c4ef4a2ebe20f41b0482513e5dd2041f1895b9c3eef75edf
hopper-medium-v2,20,0,MART4,dataset,from_mu1_rms,mu1,mu4,0.1536848545074463,4096,0,,,True,a2858ba4c62d8ed0c4ef4a2ebe20f41b0482513e5dd2041f1895b9c3eef75edf
hopper-medium-v2,20,0,MART4,dataset,cos_d2_d3,delta,delta,0.25078731775283813,4096,0,,,True,a2858ba4c62d8ed0c4ef4a2ebe20f41b0482513e5dd2041f1895b9c3eef75edf
hopper-medium-v2,20,0,MART4,dataset,cos_d3_d4,delta,delta,0.21197858452796936,4096,0,,,True,a2858ba4c62d8ed0c4ef4a2ebe20f41b0482513e5dd2041f1895b9c3eef75edf
hopper-medium-v2,20,0,MART4,dataset,cos_d2_d4,delta,delta,0.19772768020629883,4096,0,,,True,a2858ba4c62d8ed0c4ef4a2ebe20f41b0482513e5dd2041f1895b9c3eef75edf
hopper-medium-v2,20,0,MART4,rollout_union,bound_frac,mu1,,0.2239454094292804,1612,0,0.03361735865473747,2.3714256286621094,True,a2858ba4c62d8ed0c4ef4a2ebe20f41b0482513e5dd2041f1895b9c3eef75edf
hopper-medium-v2,20,0,MART4,rollout_union,bound_frac,mu2,,0.21774193548387097,1612,0,0.03361735865473747,2.385129690170288,True,a2858ba4c62d8ed0c4ef4a2ebe20f41b0482513e5dd2041f1895b9c3eef75edf
hopper-medium-v2,20,0,MART4,rollout_union,bound_frac,mu3,,0.22518610421836227,1612,0,0.03360842913389206,2.3848607540130615,True,a2858ba4c62d8ed0c4ef4a2ebe20f41b0482513e5dd2041f1895b9c3eef75edf
hopper-medium-v2,20,0,MART4,rollout_union,bound_frac,mu4,,0.2239454094292804,1612,0,0.03359512612223625,2.4254398345947266,True,a2858ba4c62d8ed0c4ef4a2ebe20f41b0482513e5dd2041f1895b9c3eef75edf
hopper-medium-v2,20,0,MART4,rollout_union,adjacent_rms,mu1,mu2,0.07824086397886276,1612,0,,,True,a2858ba4c62d8ed0c4ef4a2ebe20f41b0482513e5dd2041f1895b9c3eef75edf
hopper-medium-v2,20,0,MART4,rollout_union,adjacent_rms,mu2,mu3,0.07135234773159027,1612,0,,,True,a2858ba4c62d8ed0c4ef4a2ebe20f41b0482513e5dd2041f1895b9c3eef75edf
hopper-medium-v2,20,0,MART4,rollout_union,adjacent_rms,mu3,mu4,0.09128066897392273,1612,0,,,True,a2858ba4c62d8ed0c4ef4a2ebe20f41b0482513e5dd2041f1895b9c3eef75edf
hopper-medium-v2,20,0,MART4,rollout_union,from_mu1_rms,mu1,mu2,0.07824086397886276,1612,0,,,True,a2858ba4c62d8ed0c4ef4a2ebe20f41b0482513e5dd2041f1895b9c3eef75edf
hopper-medium-v2,20,0,MART4,rollout_union,from_mu1_rms,mu1,mu3,0.11172623187303543,1612,0,,,True,a2858ba4c62d8ed0c4ef4a2ebe20f41b0482513e5dd2041f1895b9c3eef75edf
hopper-medium-v2,20,0,MART4,rollout_union,from_mu1_rms,mu1,mu4,0.15825480222702026,1612,0,,,True,a2858ba4c62d8ed0c4ef4a2ebe20f41b0482513e5dd2041f1895b9c3eef75edf
hopper-medium-v2,20,0,MART4,rollout_union,cos_d2_d3,delta,delta,0.14610786736011505,1612,0,,,True,a2858ba4c62d8ed0c4ef4a2ebe20f41b0482513e5dd2041f1895b9c3eef75edf
hopper-medium-v2,20,0,MART4,rollout_union,cos_d3_d4,delta,delta,0.1060517281293869,1612,0,,,True,a2858ba4c62d8ed0c4ef4a2ebe20f41b0482513e5dd2041f1895b9c3eef75edf
hopper-medium-v2,20,0,MART4,rollout_union,cos_d2_d4,delta,delta,0.27716219425201416,1612,0,,,True,a2858ba4c62d8ed0c4ef4a2ebe20f41b0482513e5dd2041f1895b9c3eef75edf
hopper-medium-replay-v2,4,0,MART4,dataset,bound_frac,mu1,,0.115966796875,4096,0,0.012218315154314041,7.591841697692871,True,380d503b0bff9f9287b8e8991eb85803c6b96f6ec5e5beec46e0df371d9ac11e
hopper-medium-replay-v2,4,0,MART4,dataset,bound_frac,mu2,,0.114990234375,4096,0,0.012218315154314041,7.659483432769775,True,380d503b0bff9f9287b8e8991eb85803c6b96f6ec5e5beec46e0df371d9ac11e
hopper-medium-replay-v2,4,0,MART4,dataset,bound_frac,mu3,,0.129638671875,4096,0,0.012142070569097996,7.7425737380981445,True,380d503b0bff9f9287b8e8991eb85803c6b96f6ec5e5beec46e0df371d9ac11e
hopper-medium-replay-v2,4,0,MART4,dataset,bound_frac,mu4,,0.167236328125,4096,0,0.012064977549016476,7.86391019821167,True,380d503b0bff9f9287b8e8991eb85803c6b96f6ec5e5beec46e0df371d9ac11e
hopper-medium-replay-v2,4,0,MART4,dataset,adjacent_rms,mu1,mu2,0.12029831856489182,4096,0,,,True,380d503b0bff9f9287b8e8991eb85803c6b96f6ec5e5beec46e0df371d9ac11e
hopper-medium-replay-v2,4,0,MART4,dataset,adjacent_rms,mu2,mu3,0.09878239035606384,4096,0,,,True,380d503b0bff9f9287b8e8991eb85803c6b96f6ec5e5beec46e0df371d9ac11e
hopper-medium-replay-v2,4,0,MART4,dataset,adjacent_rms,mu3,mu4,0.09090760350227356,4096,0,,,True,380d503b0bff9f9287b8e8991eb85803c6b96f6ec5e5beec46e0df371d9ac11e
hopper-medium-replay-v2,4,0,MART4,dataset,from_mu1_rms,mu1,mu2,0.12029831856489182,4096,0,,,True,380d503b0bff9f9287b8e8991eb85803c6b96f6ec5e5beec46e0df371d9ac11e
hopper-medium-replay-v2,4,0,MART4,dataset,from_mu1_rms,mu1,mu3,0.170672208070755,4096,0,,,True,380d503b0bff9f9287b8e8991eb85803c6b96f6ec5e5beec46e0df371d9ac11e
hopper-medium-replay-v2,4,0,MART4,dataset,from_mu1_rms,mu1,mu4,0.20953869819641113,4096,0,,,True,380d503b0bff9f9287b8e8991eb85803c6b96f6ec5e5beec46e0df371d9ac11e
hopper-medium-replay-v2,4,0,MART4,dataset,cos_d2_d3,delta,delta,0.14306920766830444,4096,0,,,True,380d503b0bff9f9287b8e8991eb85803c6b96f6ec5e5beec46e0df371d9ac11e
hopper-medium-replay-v2,4,0,MART4,dataset,cos_d3_d4,delta,delta,0.11402937769889832,4096,0,,,True,380d503b0bff9f9287b8e8991eb85803c6b96f6ec5e5beec46e0df371d9ac11e
hopper-medium-replay-v2,4,0,MART4,dataset,cos_d2_d4,delta,delta,0.12951894104480743,4096,0,,,True,380d503b0bff9f9287b8e8991eb85803c6b96f6ec5e5beec46e0df371d9ac11e
hopper-medium-replay-v2,4,0,MART4,rollout_union,bound_frac,mu1,,0.2126126126126126,1665,0,0.007946502417325974,3.9180023670196533,True,380d503b0bff9f9287b8e8991eb85803c6b96f6ec5e5beec46e0df371d9ac11e
hopper-medium-replay-v2,4,0,MART4,rollout_union,bound_frac,mu2,,0.1963963963963964,1665,0,0.007946502417325974,3.793470859527588,True,380d503b0bff9f9287b8e8991eb85803c6b96f6ec5e5beec46e0df371d9ac11e
hopper-medium-replay-v2,4,0,MART4,rollout_union,bound_frac,mu3,,0.18618618618618618,1665,0,0.007942421361804008,3.774510145187378,True,380d503b0bff9f9287b8e8991eb85803c6b96f6ec5e5beec46e0df371d9ac11e
hopper-medium-replay-v2,4,0,MART4,rollout_union,bound_frac,mu4,,0.2042042042042042,1665,0,0.007939573377370834,3.7821731567382812,True,380d503b0bff9f9287b8e8991eb85803c6b96f6ec5e5beec46e0df371d9ac11e
hopper-medium-replay-v2,4,0,MART4,rollout_union,adjacent_rms,mu1,mu2,0.08103177696466446,1665,0,,,True,380d503b0bff9f9287b8e8991eb85803c6b96f6ec5e5beec46e0df371d9ac11e
hopper-medium-replay-v2,4,0,MART4,rollout_union,adjacent_rms,mu2,mu3,0.05614438280463219,1665,0,,,True,380d503b0bff9f9287b8e8991eb85803c6b96f6ec5e5beec46e0df371d9ac11e
hopper-medium-replay-v2,4,0,MART4,rollout_union,adjacent_rms,mu3,mu4,0.04992479830980301,1665,0,,,True,380d503b0bff9f9287b8e8991eb85803c6b96f6ec5e5beec46e0df371d9ac11e
hopper-medium-replay-v2,4,0,MART4,rollout_union,from_mu1_rms,mu1,mu2,0.08103177696466446,1665,0,,,True,380d503b0bff9f9287b8e8991eb85803c6b96f6ec5e5beec46e0df371d9ac11e
hopper-medium-replay-v2,4,0,MART4,rollout_union,from_mu1_rms,mu1,mu3,0.1089484840631485,1665,0,,,True,380d503b0bff9f9287b8e8991eb85803c6b96f6ec5e5beec46e0df371d9ac11e
hopper-medium-replay-v2,4,0,MART4,rollout_union,from_mu1_rms,mu1,mu4,0.11746881902217865,1665,0,,,True,380d503b0bff9f9287b8e8991eb85803c6b96f6ec5e5beec46e0df371d9ac11e
hopper-medium-replay-v2,4,0,MART4,rollout_union,cos_d2_d3,delta,delta,0.26101577281951904,1665,0,,,True,380d503b0bff9f9287b8e8991eb85803c6b96f6ec5e5beec46e0df371d9ac11e
hopper-medium-replay-v2,4,0,MART4,rollout_union,cos_d3_d4,delta,delta,0.012475244700908661,1665,0,,,True,380d503b0bff9f9287b8e8991eb85803c6b96f6ec5e5beec46e0df371d9ac11e
hopper-medium-replay-v2,4,0,MART4,rollout_union,cos_d2_d4,delta,delta,0.01311454176902771,1665,0,,,True,380d503b0bff9f9287b8e8991eb85803c6b96f6ec5e5beec46e0df371d9ac11e
hopper-medium-replay-v2,7,0,MART4,dataset,bound_frac,mu1,,0.1123046875,4096,0,0.01975024864077568,6.582028865814209,True,ba4d777597bacbad4d76f1724c0f620b0102a32d85c053b1f5ea4c6f1c0a3d0d
hopper-medium-replay-v2,7,0,MART4,dataset,bound_frac,mu2,,0.118896484375,4096,0,0.01975024864077568,6.611574172973633,True,ba4d777597bacbad4d76f1724c0f620b0102a32d85c053b1f5ea4c6f1c0a3d0d
hopper-medium-replay-v2,7,0,MART4,dataset,bound_frac,mu3,,0.16357421875,4096,0,0.019614391028881073,6.745246410369873,True,ba4d777597bacbad4d76f1724c0f620b0102a32d85c053b1f5ea4c6f1c0a3d0d
hopper-medium-replay-v2,7,0,MART4,dataset,bound_frac,mu4,,0.21728515625,4096,0,0.01951204426586628,6.739548683166504,True,ba4d777597bacbad4d76f1724c0f620b0102a32d85c053b1f5ea4c6f1c0a3d0d
hopper-medium-replay-v2,7,0,MART4,dataset,adjacent_rms,mu1,mu2,0.1389702558517456,4096,0,,,True,ba4d777597bacbad4d76f1724c0f620b0102a32d85c053b1f5ea4c6f1c0a3d0d
hopper-medium-replay-v2,7,0,MART4,dataset,adjacent_rms,mu2,mu3,0.10882999747991562,4096,0,,,True,ba4d777597bacbad4d76f1724c0f620b0102a32d85c053b1f5ea4c6f1c0a3d0d
hopper-medium-replay-v2,7,0,MART4,dataset,adjacent_rms,mu3,mu4,0.0962061882019043,4096,0,,,True,ba4d777597bacbad4d76f1724c0f620b0102a32d85c053b1f5ea4c6f1c0a3d0d
hopper-medium-replay-v2,7,0,MART4,dataset,from_mu1_rms,mu1,mu2,0.1389702558517456,4096,0,,,True,ba4d777597bacbad4d76f1724c0f620b0102a32d85c053b1f5ea4c6f1c0a3d0d
hopper-medium-replay-v2,7,0,MART4,dataset,from_mu1_rms,mu1,mu3,0.20153117179870605,4096,0,,,True,ba4d777597bacbad4d76f1724c0f620b0102a32d85c053b1f5ea4c6f1c0a3d0d
hopper-medium-replay-v2,7,0,MART4,dataset,from_mu1_rms,mu1,mu4,0.24813395738601685,4096,0,,,True,ba4d777597bacbad4d76f1724c0f620b0102a32d85c053b1f5ea4c6f1c0a3d0d
hopper-medium-replay-v2,7,0,MART4,dataset,cos_d2_d3,delta,delta,0.23847898840904236,4096,0,,,True,ba4d777597bacbad4d76f1724c0f620b0102a32d85c053b1f5ea4c6f1c0a3d0d
hopper-medium-replay-v2,7,0,MART4,dataset,cos_d3_d4,delta,delta,0.17050963640213013,4096,0,,,True,ba4d777597bacbad4d76f1724c0f620b0102a32d85c053b1f5ea4c6f1c0a3d0d
hopper-medium-replay-v2,7,0,MART4,dataset,cos_d2_d4,delta,delta,0.21306581795215607,4096,0,,,True,ba4d777597bacbad4d76f1724c0f620b0102a32d85c053b1f5ea4c6f1c0a3d0d
hopper-medium-replay-v2,7,0,MART4,rollout_union,bound_frac,mu1,,0.20331421287444232,1569,0,0.01348381582647562,3.953312397003174,True,ba4d777597bacbad4d76f1724c0f620b0102a32d85c053b1f5ea4c6f1c0a3d0d
hopper-medium-replay-v2,7,0,MART4,rollout_union,bound_frac,mu2,,0.17845761631612492,1569,0,0.01348381582647562,3.925175905227661,True,ba4d777597bacbad4d76f1724c0f620b0102a32d85c053b1f5ea4c6f1c0a3d0d
hopper-medium-replay-v2,7,0,MART4,rollout_union,bound_frac,mu3,,0.17718291905672404,1569,0,0.013475405052304268,3.9635050296783447,True,ba4d777597bacbad4d76f1724c0f620b0102a32d85c053b1f5ea4c6f1c0a3d0d
hopper-medium-replay-v2,7,0,MART4,rollout_union,bound_frac,mu4,,0.23645634161886553,1569,0,0.01347117405384779,3.928128242492676,True,ba4d777597bacbad4d76f1724c0f620b0102a32d85c053b1f5ea4c6f1c0a3d0d
hopper-medium-replay-v2,7,0,MART4,rollout_union,adjacent_rms,mu1,mu2,0.09237974137067795,1569,0,,,True,ba4d777597bacbad4d76f1724c0f620b0102a32d85c053b1f5ea4c6f1c0a3d0d
hopper-medium-replay-v2,7,0,MART4,rollout_union,adjacent_rms,mu2,mu3,0.05788254737854004,1569,0,,,True,ba4d777597bacbad4d76f1724c0f620b0102a32d85c053b1f5ea4c6f1c0a3d0d
hopper-medium-replay-v2,7,0,MART4,rollout_union,adjacent_rms,mu3,mu4,0.05971889942884445,1569,0,,,True,ba4d777597bacbad4d76f1724c0f620b0102a32d85c053b1f5ea4c6f1c0a3d0d
hopper-medium-replay-v2,7,0,MART4,rollout_union,from_mu1_rms,mu1,mu2,0.09237974137067795,1569,0,,,True,ba4d777597bacbad4d76f1724c0f620b0102a32d85c053b1f5ea4c6f1c0a3d0d
hopper-medium-replay-v2,7,0,MART4,rollout_union,from_mu1_rms,mu1,mu3,0.11133386194705963,1569,0,,,True,ba4d777597bacbad4d76f1724c0f620b0102a32d85c053b1f5ea4c6f1c0a3d0d
hopper-medium-replay-v2,7,0,MART4,rollout_union,from_mu1_rms,mu1,mu4,0.13078005611896515,1569,0,,,True,ba4d777597bacbad4d76f1724c0f620b0102a32d85c053b1f5ea4c6f1c0a3d0d
hopper-medium-replay-v2,7,0,MART4,rollout_union,cos_d2_d3,delta,delta,0.08512632548809052,1569,0,,,True,ba4d777597bacbad4d76f1724c0f620b0102a32d85c053b1f5ea4c6f1c0a3d0d
hopper-medium-replay-v2,7,0,MART4,rollout_union,cos_d3_d4,delta,delta,0.056471504271030426,1569,0,,,True,ba4d777597bacbad4d76f1724c0f620b0102a32d85c053b1f5ea4c6f1c0a3d0d
hopper-medium-replay-v2,7,0,MART4,rollout_union,cos_d2_d4,delta,delta,0.060853902250528336,1569,0,,,True,ba4d777597bacbad4d76f1724c0f620b0102a32d85c053b1f5ea4c6f1c0a3d0d
hopper-medium-replay-v2,10,0,MART4,dataset,bound_frac,mu1,,0.1103515625,4096,0,0.026546305045485497,6.0873823165893555,True,95fa8be2e5439c7708acc429dde5034367ef928cf3096282e9a37a8ee6acad28
hopper-medium-replay-v2,10,0,MART4,dataset,bound_frac,mu2,,0.141357421875,4096,0,0.026546305045485497,6.1119842529296875,True,95fa8be2e5439c7708acc429dde5034367ef928cf3096282e9a37a8ee6acad28
hopper-medium-replay-v2,10,0,MART4,dataset,bound_frac,mu3,,0.193603515625,4096,0,0.0263761505484581,6.197650909423828,True,95fa8be2e5439c7708acc429dde5034367ef928cf3096282e9a37a8ee6acad28
hopper-medium-replay-v2,10,0,MART4,dataset,bound_frac,mu4,,0.276123046875,4096,0,0.026245130226016045,6.243131637573242,True,95fa8be2e5439c7708acc429dde5034367ef928cf3096282e9a37a8ee6acad28
hopper-medium-replay-v2,10,0,MART4,dataset,adjacent_rms,mu1,mu2,0.14694544672966003,4096,0,,,True,95fa8be2e5439c7708acc429dde5034367ef928cf3096282e9a37a8ee6acad28
hopper-medium-replay-v2,10,0,MART4,dataset,adjacent_rms,mu2,mu3,0.11998161673545837,4096,0,,,True,95fa8be2e5439c7708acc429dde5034367ef928cf3096282e9a37a8ee6acad28
hopper-medium-replay-v2,10,0,MART4,dataset,adjacent_rms,mu3,mu4,0.10961759090423584,4096,0,,,True,95fa8be2e5439c7708acc429dde5034367ef928cf3096282e9a37a8ee6acad28
hopper-medium-replay-v2,10,0,MART4,dataset,from_mu1_rms,mu1,mu2,0.14694544672966003,4096,0,,,True,95fa8be2e5439c7708acc429dde5034367ef928cf3096282e9a37a8ee6acad28
hopper-medium-replay-v2,10,0,MART4,dataset,from_mu1_rms,mu1,mu3,0.21835066378116608,4096,0,,,True,95fa8be2e5439c7708acc429dde5034367ef928cf3096282e9a37a8ee6acad28
hopper-medium-replay-v2,10,0,MART4,dataset,from_mu1_rms,mu1,mu4,0.2780956029891968,4096,0,,,True,95fa8be2e5439c7708acc429dde5034367ef928cf3096282e9a37a8ee6acad28
hopper-medium-replay-v2,10,0,MART4,dataset,cos_d2_d3,delta,delta,0.2528349757194519,4096,0,,,True,95fa8be2e5439c7708acc429dde5034367ef928cf3096282e9a37a8ee6acad28
hopper-medium-replay-v2,10,0,MART4,dataset,cos_d3_d4,delta,delta,0.20797598361968994,4096,0,,,True,95fa8be2e5439c7708acc429dde5034367ef928cf3096282e9a37a8ee6acad28
hopper-medium-replay-v2,10,0,MART4,dataset,cos_d2_d4,delta,delta,0.2804673910140991,4096,0,,,True,95fa8be2e5439c7708acc429dde5034367ef928cf3096282e9a37a8ee6acad28
hopper-medium-replay-v2,10,0,MART4,rollout_union,bound_frac,mu1,,0.18487394957983194,1547,0,0.01824169047176838,3.857753038406372,True,95fa8be2e5439c7708acc429dde5034367ef928cf3096282e9a37a8ee6acad28
hopper-medium-replay-v2,10,0,MART4,rollout_union,bound_frac,mu2,,0.20555914673561732,1547,0,0.01824169047176838,3.697138786315918,True,95fa8be2e5439c7708acc429dde5034367ef928cf3096282e9a37a8ee6acad28
hopper-medium-replay-v2,10,0,MART4,rollout_union,bound_frac,mu3,,0.17970265029088558,1547,0,0.018234120681881905,3.7116196155548096,True,95fa8be2e5439c7708acc429dde5034367ef928cf3096282e9a37a8ee6acad28
hopper-medium-replay-v2,10,0,MART4,rollout_union,bound_frac,mu4,,0.2087912087912088,1547,0,0.018229162320494652,3.7165145874023438,True,95fa8be2e5439c7708acc429dde5034367ef928cf3096282e9a37a8ee6acad28
hopper-medium-replay-v2,10,0,MART4,rollout_union,adjacent_rms,mu1,mu2,0.09275341778993607,1547,0,,,True,95fa8be2e5439c7708acc429dde5034367ef928cf3096282e9a37a8ee6acad28
hopper-medium-replay-v2,10,0,MART4,rollout_union,adjacent_rms,mu2,mu3,0.06716299802064896,1547,0,,,True,95fa8be2e5439c7708acc429dde5034367ef928cf3096282e9a37a8ee6acad28
hopper-medium-replay-v2,10,0,MART4,rollout_union,adjacent_rms,mu3,mu4,0.08504250645637512,1547,0,,,True,95fa8be2e5439c7708acc429dde5034367ef928cf3096282e9a37a8ee6acad28
hopper-medium-replay-v2,10,0,MART4,rollout_union,from_mu1_rms,mu1,mu2,0.09275341778993607,1547,0,,,True,95fa8be2e5439c7708acc429dde5034367ef928cf3096282e9a37a8ee6acad28
hopper-medium-replay-v2,10,0,MART4,rollout_union,from_mu1_rms,mu1,mu3,0.11612645536661148,1547,0,,,True,95fa8be2e5439c7708acc429dde5034367ef928cf3096282e9a37a8ee6acad28
hopper-medium-replay-v2,10,0,MART4,rollout_union,from_mu1_rms,mu1,mu4,0.1496594399213791,1547,0,,,True,95fa8be2e5439c7708acc429dde5034367ef928cf3096282e9a37a8ee6acad28
hopper-medium-replay-v2,10,0,MART4,rollout_union,cos_d2_d3,delta,delta,0.03121403232216835,1547,0,,,True,95fa8be2e5439c7708acc429dde5034367ef928cf3096282e9a37a8ee6acad28
hopper-medium-replay-v2,10,0,MART4,rollout_union,cos_d3_d4,delta,delta,-0.1044040396809578,1547,0,,,True,95fa8be2e5439c7708acc429dde5034367ef928cf3096282e9a37a8ee6acad28
hopper-medium-replay-v2,10,0,MART4,rollout_union,cos_d2_d4,delta,delta,0.1388125717639923,1547,0,,,True,95fa8be2e5439c7708acc429dde5034367ef928cf3096282e9a37a8ee6acad28
hopper-medium-replay-v2,14,0,MART4,dataset,bound_frac,mu1,,0.111572265625,4096,0,0.03585779294371605,5.1230363845825195,True,0ac8c09a9116573490af3a7e2bcd7454faa5d70f6115eba458bfd1ffd8a03426
hopper-medium-replay-v2,14,0,MART4,dataset,bound_frac,mu2,,0.154052734375,4096,0,0.03585779294371605,5.190430641174316,True,0ac8c09a9116573490af3a7e2bcd7454faa5d70f6115eba458bfd1ffd8a03426
hopper-medium-replay-v2,14,0,MART4,dataset,bound_frac,mu3,,0.2197265625,4096,0,0.035673029720783234,5.150045394897461,True,0ac8c09a9116573490af3a7e2bcd7454faa5d70f6115eba458bfd1ffd8a03426
hopper-medium-replay-v2,14,0,MART4,dataset,bound_frac,mu4,,0.29052734375,4096,0,0.03552863374352455,5.1606950759887695,True,0ac8c09a9116573490af3a7e2bcd7454faa5d70f6115eba458bfd1ffd8a03426
hopper-medium-replay-v2,14,0,MART4,dataset,adjacent_rms,mu1,mu2,0.14805467426776886,4096,0,,,True,0ac8c09a9116573490af3a7e2bcd7454faa5d70f6115eba458bfd1ffd8a03426
hopper-medium-replay-v2,14,0,MART4,dataset,adjacent_rms,mu2,mu3,0.12765096127986908,4096,0,,,True,0ac8c09a9116573490af3a7e2bcd7454faa5d70f6115eba458bfd1ffd8a03426
hopper-medium-replay-v2,14,0,MART4,dataset,adjacent_rms,mu3,mu4,0.11490766704082489,4096,0,,,True,0ac8c09a9116573490af3a7e2bcd7454faa5d70f6115eba458bfd1ffd8a03426
hopper-medium-replay-v2,14,0,MART4,dataset,from_mu1_rms,mu1,mu2,0.14805467426776886,4096,0,,,True,0ac8c09a9116573490af3a7e2bcd7454faa5d70f6115eba458bfd1ffd8a03426
hopper-medium-replay-v2,14,0,MART4,dataset,from_mu1_rms,mu1,mu3,0.22669818997383118,4096,0,,,True,0ac8c09a9116573490af3a7e2bcd7454faa5d70f6115eba458bfd1ffd8a03426
hopper-medium-replay-v2,14,0,MART4,dataset,from_mu1_rms,mu1,mu4,0.29136359691619873,4096,0,,,True,0ac8c09a9116573490af3a7e2bcd7454faa5d70f6115eba458bfd1ffd8a03426
hopper-medium-replay-v2,14,0,MART4,dataset,cos_d2_d3,delta,delta,0.26884812116622925,4096,0,,,True,0ac8c09a9116573490af3a7e2bcd7454faa5d70f6115eba458bfd1ffd8a03426
hopper-medium-replay-v2,14,0,MART4,dataset,cos_d3_d4,delta,delta,0.2530995309352875,4096,0,,,True,0ac8c09a9116573490af3a7e2bcd7454faa5d70f6115eba458bfd1ffd8a03426
hopper-medium-replay-v2,14,0,MART4,dataset,cos_d2_d4,delta,delta,0.2645137310028076,4096,0,,,True,0ac8c09a9116573490af3a7e2bcd7454faa5d70f6115eba458bfd1ffd8a03426
hopper-medium-replay-v2,14,0,MART4,rollout_union,bound_frac,mu1,,0.1781427668982944,1583,0,0.025462104007601738,2.487691879272461,True,0ac8c09a9116573490af3a7e2bcd7454faa5d70f6115eba458bfd1ffd8a03426
hopper-medium-replay-v2,14,0,MART4,rollout_union,bound_frac,mu2,,0.20025268477574226,1583,0,0.025462104007601738,2.3786418437957764,True,0ac8c09a9116573490af3a7e2bcd7454faa5d70f6115eba458bfd1ffd8a03426
hopper-medium-replay-v2,14,0,MART4,rollout_union,bound_frac,mu3,,0.2160454832596336,1583,0,0.0254552960395813,2.3532354831695557,True,0ac8c09a9116573490af3a7e2bcd7454faa5d70f6115eba458bfd1ffd8a03426
hopper-medium-replay-v2,14,0,MART4,rollout_union,bound_frac,mu4,,0.24384080859128238,1583,0,0.025445464998483658,2.392932415008545,True,0ac8c09a9116573490af3a7e2bcd7454faa5d70f6115eba458bfd1ffd8a03426
hopper-medium-replay-v2,14,0,MART4,rollout_union,adjacent_rms,mu1,mu2,0.08793313056230545,1583,0,,,True,0ac8c09a9116573490af3a7e2bcd7454faa5d70f6115eba458bfd1ffd8a03426
hopper-medium-replay-v2,14,0,MART4,rollout_union,adjacent_rms,mu2,mu3,0.06744108349084854,1583,0,,,True,0ac8c09a9116573490af3a7e2bcd7454faa5d70f6115eba458bfd1ffd8a03426
hopper-medium-replay-v2,14,0,MART4,rollout_union,adjacent_rms,mu3,mu4,0.0692766010761261,1583,0,,,True,0ac8c09a9116573490af3a7e2bcd7454faa5d70f6115eba458bfd1ffd8a03426
hopper-medium-replay-v2,14,0,MART4,rollout_union,from_mu1_rms,mu1,mu2,0.08793313056230545,1583,0,,,True,0ac8c09a9116573490af3a7e2bcd7454faa5d70f6115eba458bfd1ffd8a03426
hopper-medium-replay-v2,14,0,MART4,rollout_union,from_mu1_rms,mu1,mu3,0.1166887879371643,1583,0,,,True,0ac8c09a9116573490af3a7e2bcd7454faa5d70f6115eba458bfd1ffd8a03426
hopper-medium-replay-v2,14,0,MART4,rollout_union,from_mu1_rms,mu1,mu4,0.135976180434227,1583,0,,,True,0ac8c09a9116573490af3a7e2bcd7454faa5d70f6115eba458bfd1ffd8a03426
hopper-medium-replay-v2,14,0,MART4,rollout_union,cos_d2_d3,delta,delta,0.08217666298151016,1583,0,,,True,0ac8c09a9116573490af3a7e2bcd7454faa5d70f6115eba458bfd1ffd8a03426
hopper-medium-replay-v2,14,0,MART4,rollout_union,cos_d3_d4,delta,delta,-0.030446026474237442,1583,0,,,True,0ac8c09a9116573490af3a7e2bcd7454faa5d70f6115eba458bfd1ffd8a03426
hopper-medium-replay-v2,14,0,MART4,rollout_union,cos_d2_d4,delta,delta,0.07034190744161606,1583,0,,,True,0ac8c09a9116573490af3a7e2bcd7454faa5d70f6115eba458bfd1ffd8a03426
hopper-medium-replay-v2,20,0,MART4,dataset,bound_frac,mu1,,0.1201171875,4096,0,0.049097564071416855,4.844538688659668,True,b52e8d23a0238068345958f26180237177bb133c68c734dceee2e44a9166421b
hopper-medium-replay-v2,20,0,MART4,dataset,bound_frac,mu2,,0.1806640625,4096,0,0.049097564071416855,4.776250839233398,True,b52e8d23a0238068345958f26180237177bb133c68c734dceee2e44a9166421b
hopper-medium-replay-v2,20,0,MART4,dataset,bound_frac,mu3,,0.274658203125,4096,0,0.048835571855306625,4.690884113311768,True,b52e8d23a0238068345958f26180237177bb133c68c734dceee2e44a9166421b
hopper-medium-replay-v2,20,0,MART4,dataset,bound_frac,mu4,,0.36474609375,4096,0,0.048666875809431076,4.682666778564453,True,b52e8d23a0238068345958f26180237177bb133c68c734dceee2e44a9166421b
hopper-medium-replay-v2,20,0,MART4,dataset,adjacent_rms,mu1,mu2,0.1722448766231537,4096,0,,,True,b52e8d23a0238068345958f26180237177bb133c68c734dceee2e44a9166421b
hopper-medium-replay-v2,20,0,MART4,dataset,adjacent_rms,mu2,mu3,0.1407676339149475,4096,0,,,True,b52e8d23a0238068345958f26180237177bb133c68c734dceee2e44a9166421b
hopper-medium-replay-v2,20,0,MART4,dataset,adjacent_rms,mu3,mu4,0.11519508063793182,4096,0,,,True,b52e8d23a0238068345958f26180237177bb133c68c734dceee2e44a9166421b
hopper-medium-replay-v2,20,0,MART4,dataset,from_mu1_rms,mu1,mu2,0.1722448766231537,4096,0,,,True,b52e8d23a0238068345958f26180237177bb133c68c734dceee2e44a9166421b
hopper-medium-replay-v2,20,0,MART4,dataset,from_mu1_rms,mu1,mu3,0.2629740834236145,4096,0,,,True,b52e8d23a0238068345958f26180237177bb133c68c734dceee2e44a9166421b
hopper-medium-replay-v2,20,0,MART4,dataset,from_mu1_rms,mu1,mu4,0.3258974850177765,4096,0,,,True,b52e8d23a0238068345958f26180237177bb133c68c734dceee2e44a9166421b
hopper-medium-replay-v2,20,0,MART4,dataset,cos_d2_d3,delta,delta,0.32240724563598633,4096,0,,,True,b52e8d23a0238068345958f26180237177bb133c68c734dceee2e44a9166421b
hopper-medium-replay-v2,20,0,MART4,dataset,cos_d3_d4,delta,delta,0.23913535475730896,4096,0,,,True,b52e8d23a0238068345958f26180237177bb133c68c734dceee2e44a9166421b
hopper-medium-replay-v2,20,0,MART4,dataset,cos_d2_d4,delta,delta,0.29534614086151123,4096,0,,,True,b52e8d23a0238068345958f26180237177bb133c68c734dceee2e44a9166421b
hopper-medium-replay-v2,20,0,MART4,rollout_union,bound_frac,mu1,,0.2241486068111455,1615,0,0.03531742841005325,2.9841270446777344,True,b52e8d23a0238068345958f26180237177bb133c68c734dceee2e44a9166421b
hopper-medium-replay-v2,20,0,MART4,rollout_union,bound_frac,mu2,,0.25758513931888544,1615,0,0.03531742841005325,2.880459785461426,True,b52e8d23a0238068345958f26180237177bb133c68c734dceee2e44a9166421b
hopper-medium-replay-v2,20,0,MART4,rollout_union,bound_frac,mu3,,0.32136222910216716,1615,0,0.03530241176486015,2.8354671001434326,True,b52e8d23a0238068345958f26180237177bb133c68c734dceee2e44a9166421b
hopper-medium-replay-v2,20,0,MART4,rollout_union,bound_frac,mu4,,0.3157894736842105,1615,0,0.0352933295071125,2.8351616859436035,True,b52e8d23a0238068345958f26180237177bb133c68c734dceee2e44a9166421b
hopper-medium-replay-v2,20,0,MART4,rollout_union,adjacent_rms,mu1,mu2,0.09613079577684402,1615,0,,,True,b52e8d23a0238068345958f26180237177bb133c68c734dceee2e44a9166421b
hopper-medium-replay-v2,20,0,MART4,rollout_union,adjacent_rms,mu2,mu3,0.08650897443294525,1615,0,,,True,b52e8d23a0238068345958f26180237177bb133c68c734dceee2e44a9166421b
hopper-medium-replay-v2,20,0,MART4,rollout_union,adjacent_rms,mu3,mu4,0.0815143957734108,1615,0,,,True,b52e8d23a0238068345958f26180237177bb133c68c734dceee2e44a9166421b
hopper-medium-replay-v2,20,0,MART4,rollout_union,from_mu1_rms,mu1,mu2,0.09613079577684402,1615,0,,,True,b52e8d23a0238068345958f26180237177bb133c68c734dceee2e44a9166421b
hopper-medium-replay-v2,20,0,MART4,rollout_union,from_mu1_rms,mu1,mu3,0.1332860291004181,1615,0,,,True,b52e8d23a0238068345958f26180237177bb133c68c734dceee2e44a9166421b
hopper-medium-replay-v2,20,0,MART4,rollout_union,from_mu1_rms,mu1,mu4,0.15351390838623047,1615,0,,,True,b52e8d23a0238068345958f26180237177bb133c68c734dceee2e44a9166421b
hopper-medium-replay-v2,20,0,MART4,rollout_union,cos_d2_d3,delta,delta,0.03767899051308632,1615,0,,,True,b52e8d23a0238068345958f26180237177bb133c68c734dceee2e44a9166421b
hopper-medium-replay-v2,20,0,MART4,rollout_union,cos_d3_d4,delta,delta,-0.1319093555212021,1615,0,,,True,b52e8d23a0238068345958f26180237177bb133c68c734dceee2e44a9166421b
hopper-medium-replay-v2,20,0,MART4,rollout_union,cos_d2_d4,delta,delta,0.063385970890522,1615,0,,,True,b52e8d23a0238068345958f26180237177bb133c68c734dceee2e44a9166421b
hopper-expert-v2,4,0,MART4,dataset,bound_frac,mu1,,0.239990234375,4096,0,0.005814816802740097,2.3090434074401855,True,4934dadbfeadc6a23425de6c13899f7d6bd543997db6b8960f44bbb57047543c
hopper-expert-v2,4,0,MART4,dataset,bound_frac,mu2,,0.2392578125,4096,0,0.005814816802740097,2.312927722930908,True,4934dadbfeadc6a23425de6c13899f7d6bd543997db6b8960f44bbb57047543c
hopper-expert-v2,4,0,MART4,dataset,bound_frac,mu3,,0.244384765625,4096,0,0.005814715288579464,2.2942450046539307,True,4934dadbfeadc6a23425de6c13899f7d6bd543997db6b8960f44bbb57047543c
hopper-expert-v2,4,0,MART4,dataset,bound_frac,mu4,,0.24609375,4096,0,0.005814438685774803,2.2875454425811768,True,4934dadbfeadc6a23425de6c13899f7d6bd543997db6b8960f44bbb57047543c
hopper-expert-v2,4,0,MART4,dataset,adjacent_rms,mu1,mu2,0.05776909366250038,4096,0,,,True,4934dadbfeadc6a23425de6c13899f7d6bd543997db6b8960f44bbb57047543c
hopper-expert-v2,4,0,MART4,dataset,adjacent_rms,mu2,mu3,0.051701344549655914,4096,0,,,True,4934dadbfeadc6a23425de6c13899f7d6bd543997db6b8960f44bbb57047543c
hopper-expert-v2,4,0,MART4,dataset,adjacent_rms,mu3,mu4,0.05081363022327423,4096,0,,,True,4934dadbfeadc6a23425de6c13899f7d6bd543997db6b8960f44bbb57047543c
hopper-expert-v2,4,0,MART4,dataset,from_mu1_rms,mu1,mu2,0.05776909366250038,4096,0,,,True,4934dadbfeadc6a23425de6c13899f7d6bd543997db6b8960f44bbb57047543c
hopper-expert-v2,4,0,MART4,dataset,from_mu1_rms,mu1,mu3,0.0706019476056099,4096,0,,,True,4934dadbfeadc6a23425de6c13899f7d6bd543997db6b8960f44bbb57047543c
hopper-expert-v2,4,0,MART4,dataset,from_mu1_rms,mu1,mu4,0.06678605824708939,4096,0,,,True,4934dadbfeadc6a23425de6c13899f7d6bd543997db6b8960f44bbb57047543c
hopper-expert-v2,4,0,MART4,dataset,cos_d2_d3,delta,delta,-0.10207996517419815,4096,0,,,True,4934dadbfeadc6a23425de6c13899f7d6bd543997db6b8960f44bbb57047543c
hopper-expert-v2,4,0,MART4,dataset,cos_d3_d4,delta,delta,-0.23966377973556519,4096,0,,,True,4934dadbfeadc6a23425de6c13899f7d6bd543997db6b8960f44bbb57047543c
hopper-expert-v2,4,0,MART4,dataset,cos_d2_d4,delta,delta,-0.21537160873413086,4096,0,,,True,4934dadbfeadc6a23425de6c13899f7d6bd543997db6b8960f44bbb57047543c
hopper-expert-v2,4,0,MART4,rollout_union,bound_frac,mu1,,0.2570446735395189,1455,0,0.005952216684818268,2.259502649307251,True,4934dadbfeadc6a23425de6c13899f7d6bd543997db6b8960f44bbb57047543c
hopper-expert-v2,4,0,MART4,rollout_union,bound_frac,mu2,,0.2515463917525773,1455,0,0.005952216684818268,2.2652666568756104,True,4934dadbfeadc6a23425de6c13899f7d6bd543997db6b8960f44bbb57047543c
hopper-expert-v2,4,0,MART4,rollout_union,bound_frac,mu3,,0.2536082474226804,1455,0,0.005951977334916592,2.272826671600342,True,4934dadbfeadc6a23425de6c13899f7d6bd543997db6b8960f44bbb57047543c
hopper-expert-v2,4,0,MART4,rollout_union,bound_frac,mu4,,0.2549828178694158,1455,0,0.005951570812612772,2.255194664001465,True,4934dadbfeadc6a23425de6c13899f7d6bd543997db6b8960f44bbb57047543c
hopper-expert-v2,4,0,MART4,rollout_union,adjacent_rms,mu1,mu2,0.06349460780620575,1455,0,,,True,4934dadbfeadc6a23425de6c13899f7d6bd543997db6b8960f44bbb57047543c
hopper-expert-v2,4,0,MART4,rollout_union,adjacent_rms,mu2,mu3,0.054978519678115845,1455,0,,,True,4934dadbfeadc6a23425de6c13899f7d6bd543997db6b8960f44bbb57047543c
hopper-expert-v2,4,0,MART4,rollout_union,adjacent_rms,mu3,mu4,0.05582768842577934,1455,0,,,True,4934dadbfeadc6a23425de6c13899f7d6bd543997db6b8960f44bbb57047543c
hopper-expert-v2,4,0,MART4,rollout_union,from_mu1_rms,mu1,mu2,0.06349460780620575,1455,0,,,True,4934dadbfeadc6a23425de6c13899f7d6bd543997db6b8960f44bbb57047543c
hopper-expert-v2,4,0,MART4,rollout_union,from_mu1_rms,mu1,mu3,0.07810475677251816,1455,0,,,True,4934dadbfeadc6a23425de6c13899f7d6bd543997db6b8960f44bbb57047543c
hopper-expert-v2,4,0,MART4,rollout_union,from_mu1_rms,mu1,mu4,0.07286375015974045,1455,0,,,True,4934dadbfeadc6a23425de6c13899f7d6bd543997db6b8960f44bbb57047543c
hopper-expert-v2,4,0,MART4,rollout_union,cos_d2_d3,delta,delta,-0.08699876815080643,1455,0,,,True,4934dadbfeadc6a23425de6c13899f7d6bd543997db6b8960f44bbb57047543c
hopper-expert-v2,4,0,MART4,rollout_union,cos_d3_d4,delta,delta,-0.22354145348072052,1455,0,,,True,4934dadbfeadc6a23425de6c13899f7d6bd543997db6b8960f44bbb57047543c
hopper-expert-v2,4,0,MART4,rollout_union,cos_d2_d4,delta,delta,-0.23234710097312927,1455,0,,,True,4934dadbfeadc6a23425de6c13899f7d6bd543997db6b8960f44bbb57047543c
hopper-expert-v2,7,0,MART4,dataset,bound_frac,mu1,,0.237548828125,4096,0,0.010058588348329067,2.0422091484069824,True,cf85d669dbf5ff3da195e643f41d220c4f4404d9ea66aca26624de0004f9633b
hopper-expert-v2,7,0,MART4,dataset,bound_frac,mu2,,0.23486328125,4096,0,0.010058588348329067,2.0350260734558105,True,cf85d669dbf5ff3da195e643f41d220c4f4404d9ea66aca26624de0004f9633b
hopper-expert-v2,7,0,MART4,dataset,bound_frac,mu3,,0.238525390625,4096,0,0.010058245621621609,2.0273618698120117,True,cf85d669dbf5ff3da195e643f41d220c4f4404d9ea66aca26624de0004f9633b
hopper-expert-v2,7,0,MART4,dataset,bound_frac,mu4,,0.24267578125,4096,0,0.010057548992335796,2.0239315032958984,True,cf85d669dbf5ff3da195e643f41d220c4f4404d9ea66aca26624de0004f9633b
hopper-expert-v2,7,0,MART4,dataset,adjacent_rms,mu1,mu2,0.05758572369813919,4096,0,,,True,cf85d669dbf5ff3da195e643f41d220c4f4404d9ea66aca26624de0004f9633b
hopper-expert-v2,7,0,MART4,dataset,adjacent_rms,mu2,mu3,0.05204489082098007,4096,0,,,True,cf85d669dbf5ff3da195e643f41d220c4f4404d9ea66aca26624de0004f9633b
hopper-expert-v2,7,0,MART4,dataset,adjacent_rms,mu3,mu4,0.05270365625619888,4096,0,,,True,cf85d669dbf5ff3da195e643f41d220c4f4404d9ea66aca26624de0004f9633b
hopper-expert-v2,7,0,MART4,dataset,from_mu1_rms,mu1,mu2,0.05758572369813919,4096,0,,,True,cf85d669dbf5ff3da195e643f41d220c4f4404d9ea66aca26624de0004f9633b
hopper-expert-v2,7,0,MART4,dataset,from_mu1_rms,mu1,mu3,0.07207094132900238,4096,0,,,True,cf85d669dbf5ff3da195e643f41d220c4f4404d9ea66aca26624de0004f9633b
hopper-expert-v2,7,0,MART4,dataset,from_mu1_rms,mu1,mu4,0.07020177692174911,4096,0,,,True,cf85d669dbf5ff3da195e643f41d220c4f4404d9ea66aca26624de0004f9633b
hopper-expert-v2,7,0,MART4,dataset,cos_d2_d3,delta,delta,-0.12120324373245239,4096,0,,,True,cf85d669dbf5ff3da195e643f41d220c4f4404d9ea66aca26624de0004f9633b
hopper-expert-v2,7,0,MART4,dataset,cos_d3_d4,delta,delta,-0.20147861540317535,4096,0,,,True,cf85d669dbf5ff3da195e643f41d220c4f4404d9ea66aca26624de0004f9633b
hopper-expert-v2,7,0,MART4,dataset,cos_d2_d4,delta,delta,-0.15531036257743835,4096,0,,,True,cf85d669dbf5ff3da195e643f41d220c4f4404d9ea66aca26624de0004f9633b
hopper-expert-v2,7,0,MART4,rollout_union,bound_frac,mu1,,0.25148809523809523,1344,0,0.010392545722424984,2.317164897918701,True,cf85d669dbf5ff3da195e643f41d220c4f4404d9ea66aca26624de0004f9633b
hopper-expert-v2,7,0,MART4,rollout_union,bound_frac,mu2,,0.25223214285714285,1344,0,0.010392545722424984,2.310910940170288,True,cf85d669dbf5ff3da195e643f41d220c4f4404d9ea66aca26624de0004f9633b
hopper-expert-v2,7,0,MART4,rollout_union,bound_frac,mu3,,0.25595238095238093,1344,0,0.010392007417976856,2.3122706413269043,True,cf85d669dbf5ff3da195e643f41d220c4f4404d9ea66aca26624de0004f9633b
hopper-expert-v2,7,0,MART4,rollout_union,bound_frac,mu4,,0.26711309523809523,1344,0,0.010391466319561005,2.3037824630737305,True,cf85d669dbf5ff3da195e643f41d220c4f4404d9ea66aca26624de0004f9633b
hopper-expert-v2,7,0,MART4,rollout_union,adjacent_rms,mu1,mu2,0.07036782801151276,1344,0,,,True,cf85d669dbf5ff3da195e643f41d220c4f4404d9ea66aca26624de0004f9633b
hopper-expert-v2,7,0,MART4,rollout_union,adjacent_rms,mu2,mu3,0.059289246797561646,1344,0,,,True,cf85d669dbf5ff3da195e643f41d220c4f4404d9ea66aca26624de0004f9633b
hopper-expert-v2,7,0,MART4,rollout_union,adjacent_rms,mu3,mu4,0.06188972666859627,1344,0,,,True,cf85d669dbf5ff3da195e643f41d220c4f4404d9ea66aca26624de0004f9633b
hopper-expert-v2,7,0,MART4,rollout_union,from_mu1_rms,mu1,mu2,0.07036782801151276,1344,0,,,True,cf85d669dbf5ff3da195e643f41d220c4f4404d9ea66aca26624de0004f9633b
hopper-expert-v2,7,0,MART4,rollout_union,from_mu1_rms,mu1,mu3,0.08388814330101013,1344,0,,,True,cf85d669dbf5ff3da195e643f41d220c4f4404d9ea66aca26624de0004f9633b
hopper-expert-v2,7,0,MART4,rollout_union,from_mu1_rms,mu1,mu4,0.08268161118030548,1344,0,,,True,cf85d669dbf5ff3da195e643f41d220c4f4404d9ea66aca26624de0004f9633b
hopper-expert-v2,7,0,MART4,rollout_union,cos_d2_d3,delta,delta,-0.1426977664232254,1344,0,,,True,cf85d669dbf5ff3da195e643f41d220c4f4404d9ea66aca26624de0004f9633b
hopper-expert-v2,7,0,MART4,rollout_union,cos_d3_d4,delta,delta,-0.23651018738746643,1344,0,,,True,cf85d669dbf5ff3da195e643f41d220c4f4404d9ea66aca26624de0004f9633b
hopper-expert-v2,7,0,MART4,rollout_union,cos_d2_d4,delta,delta,-0.18228191137313843,1344,0,,,True,cf85d669dbf5ff3da195e643f41d220c4f4404d9ea66aca26624de0004f9633b
hopper-expert-v2,10,0,MART4,dataset,bound_frac,mu1,,0.236083984375,4096,0,0.014294353313744068,1.996826410293579,True,51f81441d59524dce5138520603a366434d87fa32a2e61090c2a9f51d6dcee11
hopper-expert-v2,10,0,MART4,dataset,bound_frac,mu2,,0.22607421875,4096,0,0.014294353313744068,1.998663306236267,True,51f81441d59524dce5138520603a366434d87fa32a2e61090c2a9f51d6dcee11
hopper-expert-v2,10,0,MART4,dataset,bound_frac,mu3,,0.225830078125,4096,0,0.014293286949396133,1.9924451112747192,True,51f81441d59524dce5138520603a366434d87fa32a2e61090c2a9f51d6dcee11
hopper-expert-v2,10,0,MART4,dataset,bound_frac,mu4,,0.227783203125,4096,0,0.014291970059275627,1.9876691102981567,True,51f81441d59524dce5138520603a366434d87fa32a2e61090c2a9f51d6dcee11
hopper-expert-v2,10,0,MART4,dataset,adjacent_rms,mu1,mu2,0.0612940713763237,4096,0,,,True,51f81441d59524dce5138520603a366434d87fa32a2e61090c2a9f51d6dcee11
hopper-expert-v2,10,0,MART4,dataset,adjacent_rms,mu2,mu3,0.050795912742614746,4096,0,,,True,51f81441d59524dce5138520603a366434d87fa32a2e61090c2a9f51d6dcee11
hopper-expert-v2,10,0,MART4,dataset,adjacent_rms,mu3,mu4,0.05266396701335907,4096,0,,,True,51f81441d59524dce5138520603a366434d87fa32a2e61090c2a9f51d6dcee11
hopper-expert-v2,10,0,MART4,dataset,from_mu1_rms,mu1,mu2,0.0612940713763237,4096,0,,,True,51f81441d59524dce5138520603a366434d87fa32a2e61090c2a9f51d6dcee11
hopper-expert-v2,10,0,MART4,dataset,from_mu1_rms,mu1,mu3,0.07643359899520874,4096,0,,,True,51f81441d59524dce5138520603a366434d87fa32a2e61090c2a9f51d6dcee11
hopper-expert-v2,10,0,MART4,dataset,from_mu1_rms,mu1,mu4,0.07660174369812012,4096,0,,,True,51f81441d59524dce5138520603a366434d87fa32a2e61090c2a9f51d6dcee11
hopper-expert-v2,10,0,MART4,dataset,cos_d2_d3,delta,delta,-0.04014349728822708,4096,0,,,True,51f81441d59524dce5138520603a366434d87fa32a2e61090c2a9f51d6dcee11
hopper-expert-v2,10,0,MART4,dataset,cos_d3_d4,delta,delta,-0.15903277695178986,4096,0,,,True,51f81441d59524dce5138520603a366434d87fa32a2e61090c2a9f51d6dcee11
hopper-expert-v2,10,0,MART4,dataset,cos_d2_d4,delta,delta,-0.19173021614551544,4096,0,,,True,51f81441d59524dce5138520603a366434d87fa32a2e61090c2a9f51d6dcee11
hopper-expert-v2,10,0,MART4,rollout_union,bound_frac,mu1,,0.2583810302534751,1223,0,0.014767922461032867,2.2473175525665283,True,51f81441d59524dce5138520603a366434d87fa32a2e61090c2a9f51d6dcee11
hopper-expert-v2,10,0,MART4,rollout_union,bound_frac,mu2,,0.2624693376941946,1223,0,0.014767922461032867,2.2478561401367188,True,51f81441d59524dce5138520603a366434d87fa32a2e61090c2a9f51d6dcee11
hopper-expert-v2,10,0,MART4,rollout_union,bound_frac,mu3,,0.2583810302534751,1223,0,0.01476672850549221,2.2297098636627197,True,51f81441d59524dce5138520603a366434d87fa32a2e61090c2a9f51d6dcee11
hopper-expert-v2,10,0,MART4,rollout_union,bound_frac,mu4,,0.26737530662305803,1223,0,0.014763622544705868,2.2302701473236084,True,51f81441d59524dce5138520603a366434d87fa32a2e61090c2a9f51d6dcee11
hopper-expert-v2,10,0,MART4,rollout_union,adjacent_rms,mu1,mu2,0.08365247398614883,1223,0,,,True,51f81441d59524dce5138520603a366434d87fa32a2e61090c2a9f51d6dcee11
hopper-expert-v2,10,0,MART4,rollout_union,adjacent_rms,mu2,mu3,0.06402619183063507,1223,0,,,True,51f81441d59524dce5138520603a366434d87fa32a2e61090c2a9f51d6dcee11
hopper-expert-v2,10,0,MART4,rollout_union,adjacent_rms,mu3,mu4,0.0719570443034172,1223,0,,,True,51f81441d59524dce5138520603a366434d87fa32a2e61090c2a9f51d6dcee11
hopper-expert-v2,10,0,MART4,rollout_union,from_mu1_rms,mu1,mu2,0.08365247398614883,1223,0,,,True,51f81441d59524dce5138520603a366434d87fa32a2e61090c2a9f51d6dcee11
hopper-expert-v2,10,0,MART4,rollout_union,from_mu1_rms,mu1,mu3,0.1015203446149826,1223,0,,,True,51f81441d59524dce5138520603a366434d87fa32a2e61090c2a9f51d6dcee11
hopper-expert-v2,10,0,MART4,rollout_union,from_mu1_rms,mu1,mu4,0.1016879454255104,1223,0,,,True,51f81441d59524dce5138520603a366434d87fa32a2e61090c2a9f51d6dcee11
hopper-expert-v2,10,0,MART4,rollout_union,cos_d2_d3,delta,delta,-0.052631936967372894,1223,0,,,True,51f81441d59524dce5138520603a366434d87fa32a2e61090c2a9f51d6dcee11
hopper-expert-v2,10,0,MART4,rollout_union,cos_d3_d4,delta,delta,-0.18097072839736938,1223,0,,,True,51f81441d59524dce5138520603a366434d87fa32a2e61090c2a9f51d6dcee11
hopper-expert-v2,10,0,MART4,rollout_union,cos_d2_d4,delta,delta,-0.17889396846294403,1223,0,,,True,51f81441d59524dce5138520603a366434d87fa32a2e61090c2a9f51d6dcee11
hopper-expert-v2,14,0,MART4,dataset,bound_frac,mu1,,0.2333984375,4096,0,0.01995382271707058,1.826210379600525,True,c5adbd087e19ff6d5c0295dbe4b0a8321357d78e0934a75e9f97316c90fb1c65
hopper-expert-v2,14,0,MART4,dataset,bound_frac,mu2,,0.23388671875,4096,0,0.01995382271707058,1.818136215209961,True,c5adbd087e19ff6d5c0295dbe4b0a8321357d78e0934a75e9f97316c90fb1c65
hopper-expert-v2,14,0,MART4,dataset,bound_frac,mu3,,0.238525390625,4096,0,0.019952602684497833,1.8089410066604614,True,c5adbd087e19ff6d5c0295dbe4b0a8321357d78e0934a75e9f97316c90fb1c65
hopper-expert-v2,14,0,MART4,dataset,bound_frac,mu4,,0.242919921875,4096,0,0.019950637593865395,1.8101515769958496,True,c5adbd087e19ff6d5c0295dbe4b0a8321357d78e0934a75e9f97316c90fb1c65
hopper-expert-v2,14,0,MART4,dataset,adjacent_rms,mu1,mu2,0.05644380673766136,4096,0,,,True,c5adbd087e19ff6d5c0295dbe4b0a8321357d78e0934a75e9f97316c90fb1c65
hopper-expert-v2,14,0,MART4,dataset,adjacent_rms,mu2,mu3,0.050626348704099655,4096,0,,,True,c5adbd087e19ff6d5c0295dbe4b0a8321357d78e0934a75e9f97316c90fb1c65
hopper-expert-v2,14,0,MART4,dataset,adjacent_rms,mu3,mu4,0.05163159221410751,4096,0,,,True,c5adbd087e19ff6d5c0295dbe4b0a8321357d78e0934a75e9f97316c90fb1c65
hopper-expert-v2,14,0,MART4,dataset,from_mu1_rms,mu1,mu2,0.05644380673766136,4096,0,,,True,c5adbd087e19ff6d5c0295dbe4b0a8321357d78e0934a75e9f97316c90fb1c65
hopper-expert-v2,14,0,MART4,dataset,from_mu1_rms,mu1,mu3,0.07072775065898895,4096,0,,,True,c5adbd087e19ff6d5c0295dbe4b0a8321357d78e0934a75e9f97316c90fb1c65
hopper-expert-v2,14,0,MART4,dataset,from_mu1_rms,mu1,mu4,0.07726847380399704,4096,0,,,True,c5adbd087e19ff6d5c0295dbe4b0a8321357d78e0934a75e9f97316c90fb1c65
hopper-expert-v2,14,0,MART4,dataset,cos_d2_d3,delta,delta,-0.08144088834524155,4096,0,,,True,c5adbd087e19ff6d5c0295dbe4b0a8321357d78e0934a75e9f97316c90fb1c65
hopper-expert-v2,14,0,MART4,dataset,cos_d3_d4,delta,delta,-0.09402499347925186,4096,0,,,True,c5adbd087e19ff6d5c0295dbe4b0a8321357d78e0934a75e9f97316c90fb1c65
hopper-expert-v2,14,0,MART4,dataset,cos_d2_d4,delta,delta,-0.12593959271907806,4096,0,,,True,c5adbd087e19ff6d5c0295dbe4b0a8321357d78e0934a75e9f97316c90fb1c65
hopper-expert-v2,14,0,MART4,rollout_union,bound_frac,mu1,,0.24107142857142858,336,0,0.023202015087008476,2.595346212387085,True,c5adbd087e19ff6d5c0295dbe4b0a8321357d78e0934a75e9f97316c90fb1c65
hopper-expert-v2,14,0,MART4,rollout_union,bound_frac,mu2,,0.21726190476190477,336,0,0.023202015087008476,2.610645055770874,True,c5adbd087e19ff6d5c0295dbe4b0a8321357d78e0934a75e9f97316c90fb1c65
hopper-expert-v2,14,0,MART4,rollout_union,bound_frac,mu3,,0.22023809523809523,336,0,0.02319197729229927,2.6334781646728516,True,c5adbd087e19ff6d5c0295dbe4b0a8321357d78e0934a75e9f97316c90fb1c65
hopper-expert-v2,14,0,MART4,rollout_union,bound_frac,mu4,,0.2619047619047619,336,0,0.02317681536078453,2.56821870803833,True,c5adbd087e19ff6d5c0295dbe4b0a8321357d78e0934a75e9f97316c90fb1c65
hopper-expert-v2,14,0,MART4,rollout_union,adjacent_rms,mu1,mu2,0.136058509349823,336,0,,,True,c5adbd087e19ff6d5c0295dbe4b0a8321357d78e0934a75e9f97316c90fb1c65
hopper-expert-v2,14,0,MART4,rollout_union,adjacent_rms,mu2,mu3,0.1099105104804039,336,0,,,True,c5adbd087e19ff6d5c0295dbe4b0a8321357d78e0934a75e9f97316c90fb1c65
hopper-expert-v2,14,0,MART4,rollout_union,adjacent_rms,mu3,mu4,0.12829957902431488,336,0,,,True,c5adbd087e19ff6d5c0295dbe4b0a8321357d78e0934a75e9f97316c90fb1c65
hopper-expert-v2,14,0,MART4,rollout_union,from_mu1_rms,mu1,mu2,0.136058509349823,336,0,,,True,c5adbd087e19ff6d5c0295dbe4b0a8321357d78e0934a75e9f97316c90fb1c65
hopper-expert-v2,14,0,MART4,rollout_union,from_mu1_rms,mu1,mu3,0.16232022643089294,336,0,,,True,c5adbd087e19ff6d5c0295dbe4b0a8321357d78e0934a75e9f97316c90fb1c65
hopper-expert-v2,14,0,MART4,rollout_union,from_mu1_rms,mu1,mu4,0.15885351598262787,336,0,,,True,c5adbd087e19ff6d5c0295dbe4b0a8321357d78e0934a75e9f97316c90fb1c65
hopper-expert-v2,14,0,MART4,rollout_union,cos_d2_d3,delta,delta,0.012333287857472897,336,0,,,True,c5adbd087e19ff6d5c0295dbe4b0a8321357d78e0934a75e9f97316c90fb1c65
hopper-expert-v2,14,0,MART4,rollout_union,cos_d3_d4,delta,delta,-0.23861092329025269,336,0,,,True,c5adbd087e19ff6d5c0295dbe4b0a8321357d78e0934a75e9f97316c90fb1c65
hopper-expert-v2,14,0,MART4,rollout_union,cos_d2_d4,delta,delta,-0.097493015229702,336,0,,,True,c5adbd087e19ff6d5c0295dbe4b0a8321357d78e0934a75e9f97316c90fb1c65
hopper-expert-v2,20,0,MART4,dataset,bound_frac,mu1,,0.27099609375,4096,0,1.9852510035889281e-07,1567795.75,True,8a56280abc545b59e372f23b1e268bc9e7641610fd2579c8917e6cc7f88d3dfb
hopper-expert-v2,20,0,MART4,dataset,bound_frac,mu2,,0.411376953125,4096,0,1.9852510035889281e-07,1614230.25,True,8a56280abc545b59e372f23b1e268bc9e7641610fd2579c8917e6cc7f88d3dfb
hopper-expert-v2,20,0,MART4,dataset,bound_frac,mu3,,0.582275390625,4096,0,1.964815083965732e-07,1664812.625,True,8a56280abc545b59e372f23b1e268bc9e7641610fd2579c8917e6cc7f88d3dfb
hopper-expert-v2,20,0,MART4,dataset,bound_frac,mu4,,0.68310546875,4096,0,1.952030004304106e-07,1698715.75,True,8a56280abc545b59e372f23b1e268bc9e7641610fd2579c8917e6cc7f88d3dfb
hopper-expert-v2,20,0,MART4,dataset,adjacent_rms,mu1,mu2,0.20271334052085876,4096,0,,,True,8a56280abc545b59e372f23b1e268bc9e7641610fd2579c8917e6cc7f88d3dfb
hopper-expert-v2,20,0,MART4,dataset,adjacent_rms,mu2,mu3,0.16541573405265808,4096,0,,,True,8a56280abc545b59e372f23b1e268bc9e7641610fd2579c8917e6cc7f88d3dfb
hopper-expert-v2,20,0,MART4,dataset,adjacent_rms,mu3,mu4,0.12228265404701233,4096,0,,,True,8a56280abc545b59e372f23b1e268bc9e7641610fd2579c8917e6cc7f88d3dfb
hopper-expert-v2,20,0,MART4,dataset,from_mu1_rms,mu1,mu2,0.20271334052085876,4096,0,,,True,8a56280abc545b59e372f23b1e268bc9e7641610fd2579c8917e6cc7f88d3dfb
hopper-expert-v2,20,0,MART4,dataset,from_mu1_rms,mu1,mu3,0.3452203869819641,4096,0,,,True,8a56280abc545b59e372f23b1e268bc9e7641610fd2579c8917e6cc7f88d3dfb
hopper-expert-v2,20,0,MART4,dataset,from_mu1_rms,mu1,mu4,0.4294760227203369,4096,0,,,True,8a56280abc545b59e372f23b1e268bc9e7641610fd2579c8917e6cc7f88d3dfb
hopper-expert-v2,20,0,MART4,dataset,cos_d2_d3,delta,delta,0.6671509146690369,4096,0,,,True,8a56280abc545b59e372f23b1e268bc9e7641610fd2579c8917e6cc7f88d3dfb
hopper-expert-v2,20,0,MART4,dataset,cos_d3_d4,delta,delta,0.4718703627586365,4088,8,,,True,8a56280abc545b59e372f23b1e268bc9e7641610fd2579c8917e6cc7f88d3dfb
hopper-expert-v2,20,0,MART4,dataset,cos_d2_d4,delta,delta,0.4485279321670532,4088,8,,,True,8a56280abc545b59e372f23b1e268bc9e7641610fd2579c8917e6cc7f88d3dfb
hopper-expert-v2,20,0,MART4,rollout_union,bound_frac,mu1,,0.2413793103448276,29,0,2.047308669261838e-07,1684790.375,True,8a56280abc545b59e372f23b1e268bc9e7641610fd2579c8917e6cc7f88d3dfb
hopper-expert-v2,20,0,MART4,rollout_union,bound_frac,mu2,,0.7586206896551724,29,0,2.047308669261838e-07,1755159.625,True,8a56280abc545b59e372f23b1e268bc9e7641610fd2579c8917e6cc7f88d3dfb
hopper-expert-v2,20,0,MART4,rollout_union,bound_frac,mu3,,0.7931034482758621,29,0,2.0311746595780278e-07,2439269.5,True,8a56280abc545b59e372f23b1e268bc9e7641610fd2579c8917e6cc7f88d3dfb
hopper-expert-v2,20,0,MART4,rollout_union,bound_frac,mu4,,0.9310344827586207,29,0,1.9373860027371848e-07,1963852.5,True,8a56280abc545b59e372f23b1e268bc9e7641610fd2579c8917e6cc7f88d3dfb
hopper-expert-v2,20,0,MART4,rollout_union,adjacent_rms,mu1,mu2,0.30926966667175293,29,0,,,True,8a56280abc545b59e372f23b1e268bc9e7641610fd2579c8917e6cc7f88d3dfb
hopper-expert-v2,20,0,MART4,rollout_union,adjacent_rms,mu2,mu3,0.9038854837417603,29,0,,,True,8a56280abc545b59e372f23b1e268bc9e7641610fd2579c8917e6cc7f88d3dfb
hopper-expert-v2,20,0,MART4,rollout_union,adjacent_rms,mu3,mu4,0.844907283782959,29,0,,,True,8a56280abc545b59e372f23b1e268bc9e7641610fd2579c8917e6cc7f88d3dfb
hopper-expert-v2,20,0,MART4,rollout_union,from_mu1_rms,mu1,mu2,0.30926966667175293,29,0,,,True,8a56280abc545b59e372f23b1e268bc9e7641610fd2579c8917e6cc7f88d3dfb
hopper-expert-v2,20,0,MART4,rollout_union,from_mu1_rms,mu1,mu3,1.0213899612426758,29,0,,,True,8a56280abc545b59e372f23b1e268bc9e7641610fd2579c8917e6cc7f88d3dfb
hopper-expert-v2,20,0,MART4,rollout_union,from_mu1_rms,mu1,mu4,0.5660615563392639,29,0,,,True,8a56280abc545b59e372f23b1e268bc9e7641610fd2579c8917e6cc7f88d3dfb
hopper-expert-v2,20,0,MART4,rollout_union,cos_d2_d3,delta,delta,0.08053887635469437,29,0,,,True,8a56280abc545b59e372f23b1e268bc9e7641610fd2579c8917e6cc7f88d3dfb
hopper-expert-v2,20,0,MART4,rollout_union,cos_d3_d4,delta,delta,-0.3174946904182434,29,0,,,True,8a56280abc545b59e372f23b1e268bc9e7641610fd2579c8917e6cc7f88d3dfb
hopper-expert-v2,20,0,MART4,rollout_union,cos_d2_d4,delta,delta,-0.1221865639090538,29,0,,,True,8a56280abc545b59e372f23b1e268bc9e7641610fd2579c8917e6cc7f88d3dfb
halfcheetah-medium-v2,4,0,MART4,dataset,bound_frac,mu1,,0.49755859375,4096,0,0.004581597167998552,10.320638656616211,True,5e3cafdac489cd1ce323c654175cc5ad8082c63f067dd1e3800d656ff26f7b4b
halfcheetah-medium-v2,4,0,MART4,dataset,bound_frac,mu2,,0.696533203125,4096,0,0.004581597167998552,9.81673812866211,True,5e3cafdac489cd1ce323c654175cc5ad8082c63f067dd1e3800d656ff26f7b4b
halfcheetah-medium-v2,4,0,MART4,dataset,bound_frac,mu3,,0.779052734375,4096,0,0.004575992003083229,9.6624755859375,True,5e3cafdac489cd1ce323c654175cc5ad8082c63f067dd1e3800d656ff26f7b4b
halfcheetah-medium-v2,4,0,MART4,dataset,bound_frac,mu4,,0.80615234375,4096,0,0.004572154954075813,9.479670524597168,True,5e3cafdac489cd1ce323c654175cc5ad8082c63f067dd1e3800d656ff26f7b4b
halfcheetah-medium-v2,4,0,MART4,dataset,adjacent_rms,mu1,mu2,0.05355163291096687,4096,0,,,True,5e3cafdac489cd1ce323c654175cc5ad8082c63f067dd1e3800d656ff26f7b4b
halfcheetah-medium-v2,4,0,MART4,dataset,adjacent_rms,mu2,mu3,0.05193139612674713,4096,0,,,True,5e3cafdac489cd1ce323c654175cc5ad8082c63f067dd1e3800d656ff26f7b4b
halfcheetah-medium-v2,4,0,MART4,dataset,adjacent_rms,mu3,mu4,0.05312780290842056,4096,0,,,True,5e3cafdac489cd1ce323c654175cc5ad8082c63f067dd1e3800d656ff26f7b4b
halfcheetah-medium-v2,4,0,MART4,dataset,from_mu1_rms,mu1,mu2,0.05355163291096687,4096,0,,,True,5e3cafdac489cd1ce323c654175cc5ad8082c63f067dd1e3800d656ff26f7b4b
halfcheetah-medium-v2,4,0,MART4,dataset,from_mu1_rms,mu1,mu3,0.07694672048091888,4096,0,,,True,5e3cafdac489cd1ce323c654175cc5ad8082c63f067dd1e3800d656ff26f7b4b
halfcheetah-medium-v2,4,0,MART4,dataset,from_mu1_rms,mu1,mu4,0.08919155597686768,4096,0,,,True,5e3cafdac489cd1ce323c654175cc5ad8082c63f067dd1e3800d656ff26f7b4b
halfcheetah-medium-v2,4,0,MART4,dataset,cos_d2_d3,delta,delta,0.08828821033239365,4096,0,,,True,5e3cafdac489cd1ce323c654175cc5ad8082c63f067dd1e3800d656ff26f7b4b
halfcheetah-medium-v2,4,0,MART4,dataset,cos_d3_d4,delta,delta,-0.10911394655704498,4096,0,,,True,5e3cafdac489cd1ce323c654175cc5ad8082c63f067dd1e3800d656ff26f7b4b
halfcheetah-medium-v2,4,0,MART4,dataset,cos_d2_d4,delta,delta,-0.0037037995643913746,4096,0,,,True,5e3cafdac489cd1ce323c654175cc5ad8082c63f067dd1e3800d656ff26f7b4b
halfcheetah-medium-v2,4,0,MART4,rollout_union,bound_frac,mu1,,0.5156537753222836,1629,0,0.004300830885767937,8.723782539367676,True,5e3cafdac489cd1ce323c654175cc5ad8082c63f067dd1e3800d656ff26f7b4b
halfcheetah-medium-v2,4,0,MART4,rollout_union,bound_frac,mu2,,0.714548802946593,1629,0,0.004300830885767937,8.456921577453613,True,5e3cafdac489cd1ce323c654175cc5ad8082c63f067dd1e3800d656ff26f7b4b
halfcheetah-medium-v2,4,0,MART4,rollout_union,bound_frac,mu3,,0.7802332719459791,1629,0,0.0042976150289177895,8.194833755493164,True,5e3cafdac489cd1ce323c654175cc5ad8082c63f067dd1e3800d656ff26f7b4b
halfcheetah-medium-v2,4,0,MART4,rollout_union,bound_frac,mu4,,0.8268876611418048,1629,0,0.004295100457966328,8.1202974319458,True,5e3cafdac489cd1ce323c654175cc5ad8082c63f067dd1e3800d656ff26f7b4b
halfcheetah-medium-v2,4,0,MART4,rollout_union,adjacent_rms,mu1,mu2,0.049255549907684326,1629,0,,,True,5e3cafdac489cd1ce323c654175cc5ad8082c63f067dd1e3800d656ff26f7b4b
halfcheetah-medium-v2,4,0,MART4,rollout_union,adjacent_rms,mu2,mu3,0.05105851590633392,1629,0,,,True,5e3cafdac489cd1ce323c654175cc5ad8082c63f067dd1e3800d656ff26f7b4b
halfcheetah-medium-v2,4,0,MART4,rollout_union,adjacent_rms,mu3,mu4,0.05305160582065582,1629,0,,,True,5e3cafdac489cd1ce323c654175cc5ad8082c63f067dd1e3800d656ff26f7b4b
halfcheetah-medium-v2,4,0,MART4,rollout_union,from_mu1_rms,mu1,mu2,0.049255549907684326,1629,0,,,True,5e3cafdac489cd1ce323c654175cc5ad8082c63f067dd1e3800d656ff26f7b4b
halfcheetah-medium-v2,4,0,MART4,rollout_union,from_mu1_rms,mu1,mu3,0.06986909359693527,1629,0,,,True,5e3cafdac489cd1ce323c654175cc5ad8082c63f067dd1e3800d656ff26f7b4b
halfcheetah-medium-v2,4,0,MART4,rollout_union,from_mu1_rms,mu1,mu4,0.08181062340736389,1629,0,,,True,5e3cafdac489cd1ce323c654175cc5ad8082c63f067dd1e3800d656ff26f7b4b
halfcheetah-medium-v2,4,0,MART4,rollout_union,cos_d2_d3,delta,delta,0.007676397915929556,1629,0,,,True,5e3cafdac489cd1ce323c654175cc5ad8082c63f067dd1e3800d656ff26f7b4b
halfcheetah-medium-v2,4,0,MART4,rollout_union,cos_d3_d4,delta,delta,-0.16474400460720062,1629,0,,,True,5e3cafdac489cd1ce323c654175cc5ad8082c63f067dd1e3800d656ff26f7b4b
halfcheetah-medium-v2,4,0,MART4,rollout_union,cos_d2_d4,delta,delta,0.010547254234552383,1629,0,,,True,5e3cafdac489cd1ce323c654175cc5ad8082c63f067dd1e3800d656ff26f7b4b
halfcheetah-medium-v2,7,0,MART4,dataset,bound_frac,mu1,,0.586669921875,4096,0,0.007586917839944363,9.428820610046387,True,de88e483eb078ac925e1942b4e01256800282d6957d6c3adfd476184ba24b5f8
halfcheetah-medium-v2,7,0,MART4,dataset,bound_frac,mu2,,0.7666015625,4096,0,0.007586917839944363,8.905344009399414,True,de88e483eb078ac925e1942b4e01256800282d6957d6c3adfd476184ba24b5f8
halfcheetah-medium-v2,7,0,MART4,dataset,bound_frac,mu3,,0.803466796875,4096,0,0.007576888892799616,8.852532386779785,True,de88e483eb078ac925e1942b4e01256800282d6957d6c3adfd476184ba24b5f8
halfcheetah-medium-v2,7,0,MART4,dataset,bound_frac,mu4,,0.815185546875,4096,0,0.007570131216198206,8.57131576538086,True,de88e483eb078ac925e1942b4e01256800282d6957d6c3adfd476184ba24b5f8
halfcheetah-medium-v2,7,0,MART4,dataset,adjacent_rms,mu1,mu2,0.059810250997543335,4096,0,,,True,de88e483eb078ac925e1942b4e01256800282d6957d6c3adfd476184ba24b5f8
halfcheetah-medium-v2,7,0,MART4,dataset,adjacent_rms,mu2,mu3,0.057815492153167725,4096,0,,,True,de88e483eb078ac925e1942b4e01256800282d6957d6c3adfd476184ba24b5f8
halfcheetah-medium-v2,7,0,MART4,dataset,adjacent_rms,mu3,mu4,0.06079152598977089,4096,0,,,True,de88e483eb078ac925e1942b4e01256800282d6957d6c3adfd476184ba24b5f8
halfcheetah-medium-v2,7,0,MART4,dataset,from_mu1_rms,mu1,mu2,0.059810250997543335,4096,0,,,True,de88e483eb078ac925e1942b4e01256800282d6957d6c3adfd476184ba24b5f8
halfcheetah-medium-v2,7,0,MART4,dataset,from_mu1_rms,mu1,mu3,0.08902952075004578,4096,0,,,True,de88e483eb078ac925e1942b4e01256800282d6957d6c3adfd476184ba24b5f8
halfcheetah-medium-v2,7,0,MART4,dataset,from_mu1_rms,mu1,mu4,0.1123616099357605,4096,0,,,True,de88e483eb078ac925e1942b4e01256800282d6957d6c3adfd476184ba24b5f8
halfcheetah-medium-v2,7,0,MART4,dataset,cos_d2_d3,delta,delta,0.13190734386444092,4096,0,,,True,de88e483eb078ac925e1942b4e01256800282d6957d6c3adfd476184ba24b5f8
halfcheetah-medium-v2,7,0,MART4,dataset,cos_d3_d4,delta,delta,0.048318732529878616,4096,0,,,True,de88e483eb078ac925e1942b4e01256800282d6957d6c3adfd476184ba24b5f8
halfcheetah-medium-v2,7,0,MART4,dataset,cos_d2_d4,delta,delta,0.09556277841329575,4096,0,,,True,de88e483eb078ac925e1942b4e01256800282d6957d6c3adfd476184ba24b5f8
halfcheetah-medium-v2,7,0,MART4,rollout_union,bound_frac,mu1,,0.6384468491406747,1571,0,0.007006912026554346,7.787236213684082,True,de88e483eb078ac925e1942b4e01256800282d6957d6c3adfd476184ba24b5f8
halfcheetah-medium-v2,7,0,MART4,rollout_union,bound_frac,mu2,,0.7918523233609166,1571,0,0.007006912026554346,7.403311729431152,True,de88e483eb078ac925e1942b4e01256800282d6957d6c3adfd476184ba24b5f8
halfcheetah-medium-v2,7,0,MART4,rollout_union,bound_frac,mu3,,0.8427753023551878,1571,0,0.0070015969686210155,7.259376525878906,True,de88e483eb078ac925e1942b4e01256800282d6957d6c3adfd476184ba24b5f8
halfcheetah-medium-v2,7,0,MART4,rollout_union,bound_frac,mu4,,0.841502227880331,1571,0,0.006998231168836355,7.138387680053711,True,de88e483eb078ac925e1942b4e01256800282d6957d6c3adfd476184ba24b5f8
halfcheetah-medium-v2,7,0,MART4,rollout_union,adjacent_rms,mu1,mu2,0.05799233913421631,1571,0,,,True,de88e483eb078ac925e1942b4e01256800282d6957d6c3adfd476184ba24b5f8
halfcheetah-medium-v2,7,0,MART4,rollout_union,adjacent_rms,mu2,mu3,0.05967801809310913,1571,0,,,True,de88e483eb078ac925e1942b4e01256800282d6957d6c3adfd476184ba24b5f8
halfcheetah-medium-v2,7,0,MART4,rollout_union,adjacent_rms,mu3,mu4,0.06441889703273773,1571,0,,,True,de88e483eb078ac925e1942b4e01256800282d6957d6c3adfd476184ba24b5f8
halfcheetah-medium-v2,7,0,MART4,rollout_union,from_mu1_rms,mu1,mu2,0.05799233913421631,1571,0,,,True,de88e483eb078ac925e1942b4e01256800282d6957d6c3adfd476184ba24b5f8
halfcheetah-medium-v2,7,0,MART4,rollout_union,from_mu1_rms,mu1,mu3,0.08227445185184479,1571,0,,,True,de88e483eb078ac925e1942b4e01256800282d6957d6c3adfd476184ba24b5f8
halfcheetah-medium-v2,7,0,MART4,rollout_union,from_mu1_rms,mu1,mu4,0.10283788293600082,1571,0,,,True,de88e483eb078ac925e1942b4e01256800282d6957d6c3adfd476184ba24b5f8
halfcheetah-medium-v2,7,0,MART4,rollout_union,cos_d2_d3,delta,delta,0.026508620008826256,1571,0,,,True,de88e483eb078ac925e1942b4e01256800282d6957d6c3adfd476184ba24b5f8
halfcheetah-medium-v2,7,0,MART4,rollout_union,cos_d3_d4,delta,delta,-0.11671406030654907,1571,0,,,True,de88e483eb078ac925e1942b4e01256800282d6957d6c3adfd476184ba24b5f8
halfcheetah-medium-v2,7,0,MART4,rollout_union,cos_d2_d4,delta,delta,0.12525609135627747,1571,0,,,True,de88e483eb078ac925e1942b4e01256800282d6957d6c3adfd476184ba24b5f8
halfcheetah-medium-v2,10,0,MART4,dataset,bound_frac,mu1,,0.677978515625,4096,0,0.010382167994976044,9.044177055358887,True,284da71dee65dc1cdad33c197fccc12b84f4898cc66b9a7ccf3a9153b206998e
halfcheetah-medium-v2,10,0,MART4,dataset,bound_frac,mu2,,0.80078125,4096,0,0.010382167994976044,8.6469087600708,True,284da71dee65dc1cdad33c197fccc12b84f4898cc66b9a7ccf3a9153b206998e
halfcheetah-medium-v2,10,0,MART4,dataset,bound_frac,mu3,,0.822265625,4096,0,0.010367841459810734,8.49581527709961,True,284da71dee65dc1cdad33c197fccc12b84f4898cc66b9a7ccf3a9153b206998e
halfcheetah-medium-v2,10,0,MART4,dataset,bound_frac,mu4,,0.825927734375,4096,0,0.010358191095292568,8.335704803466797,True,284da71dee65dc1cdad33c197fccc12b84f4898cc66b9a7ccf3a9153b206998e
halfcheetah-medium-v2,10,0,MART4,dataset,adjacent_rms,mu1,mu2,0.06818419694900513,4096,0,,,True,284da71dee65dc1cdad33c197fccc12b84f4898cc66b9a7ccf3a9153b206998e
halfcheetah-medium-v2,10,0,MART4,dataset,adjacent_rms,mu2,mu3,0.06701968610286713,4096,0,,,True,284da71dee65dc1cdad33c197fccc12b84f4898cc66b9a7ccf3a9153b206998e
halfcheetah-medium-v2,10,0,MART4,dataset,adjacent_rms,mu3,mu4,0.07129406929016113,4096,0,,,True,284da71dee65dc1cdad33c197fccc12b84f4898cc66b9a7ccf3a9153b206998e
halfcheetah-medium-v2,10,0,MART4,dataset,from_mu1_rms,mu1,mu2,0.06818419694900513,4096,0,,,True,284da71dee65dc1cdad33c197fccc12b84f4898cc66b9a7ccf3a9153b206998e
halfcheetah-medium-v2,10,0,MART4,dataset,from_mu1_rms,mu1,mu3,0.10517844557762146,4096,0,,,True,284da71dee65dc1cdad33c197fccc12b84f4898cc66b9a7ccf3a9153b206998e
halfcheetah-medium-v2,10,0,MART4,dataset,from_mu1_rms,mu1,mu4,0.13085506856441498,4096,0,,,True,284da71dee65dc1cdad33c197fccc12b84f4898cc66b9a7ccf3a9153b206998e
halfcheetah-medium-v2,10,0,MART4,dataset,cos_d2_d3,delta,delta,0.1963445544242859,4096,0,,,True,284da71dee65dc1cdad33c197fccc12b84f4898cc66b9a7ccf3a9153b206998e
halfcheetah-medium-v2,10,0,MART4,dataset,cos_d3_d4,delta,delta,-0.041023749858140945,4096,0,,,True,284da71dee65dc1cdad33c197fccc12b84f4898cc66b9a7ccf3a9153b206998e
halfcheetah-medium-v2,10,0,MART4,dataset,cos_d2_d4,delta,delta,0.14018307626247406,4096,0,,,True,284da71dee65dc1cdad33c197fccc12b84f4898cc66b9a7ccf3a9153b206998e
halfcheetah-medium-v2,10,0,MART4,rollout_union,bound_frac,mu1,,0.6429942418426103,1563,0,0.009524398483335972,8.024288177490234,True,284da71dee65dc1cdad33c197fccc12b84f4898cc66b9a7ccf3a9153b206998e
halfcheetah-medium-v2,10,0,MART4,rollout_union,bound_frac,mu2,,0.7792706333973128,1563,0,0.009524398483335972,7.539681911468506,True,284da71dee65dc1cdad33c197fccc12b84f4898cc66b9a7ccf3a9153b206998e
halfcheetah-medium-v2,10,0,MART4,rollout_union,bound_frac,mu3,,0.7907869481765835,1563,0,0.009514803066849709,7.909360408782959,True,284da71dee65dc1cdad33c197fccc12b84f4898cc66b9a7ccf3a9153b206998e
halfcheetah-medium-v2,10,0,MART4,rollout_union,bound_frac,mu4,,0.7984644913627639,1563,0,0.009510302916169167,7.887407302856445,True,284da71dee65dc1cdad33c197fccc12b84f4898cc66b9a7ccf3a9153b206998e
halfcheetah-medium-v2,10,0,MART4,rollout_union,adjacent_rms,mu1,mu2,0.07591424137353897,1563,0,,,True,284da71dee65dc1cdad33c197fccc12b84f4898cc66b9a7ccf3a9153b206998e
halfcheetah-medium-v2,10,0,MART4,rollout_union,adjacent_rms,mu2,mu3,0.07079670578241348,1563,0,,,True,284da71dee65dc1cdad33c197fccc12b84f4898cc66b9a7ccf3a9153b206998e
halfcheetah-medium-v2,10,0,MART4,rollout_union,adjacent_rms,mu3,mu4,0.08137477934360504,1563,0,,,True,284da71dee65dc1cdad33c197fccc12b84f4898cc66b9a7ccf3a9153b206998e
halfcheetah-medium-v2,10,0,MART4,rollout_union,from_mu1_rms,mu1,mu2,0.07591424137353897,1563,0,,,True,284da71dee65dc1cdad33c197fccc12b84f4898cc66b9a7ccf3a9153b206998e
halfcheetah-medium-v2,10,0,MART4,rollout_union,from_mu1_rms,mu1,mu3,0.10369130223989487,1563,0,,,True,284da71dee65dc1cdad33c197fccc12b84f4898cc66b9a7ccf3a9153b206998e
halfcheetah-medium-v2,10,0,MART4,rollout_union,from_mu1_rms,mu1,mu4,0.13328440487384796,1563,0,,,True,284da71dee65dc1cdad33c197fccc12b84f4898cc66b9a7ccf3a9153b206998e
halfcheetah-medium-v2,10,0,MART4,rollout_union,cos_d2_d3,delta,delta,0.01086521428078413,1563,0,,,True,284da71dee65dc1cdad33c197fccc12b84f4898cc66b9a7ccf3a9153b206998e
halfcheetah-medium-v2,10,0,MART4,rollout_union,cos_d3_d4,delta,delta,-0.14186465740203857,1563,0,,,True,284da71dee65dc1cdad33c197fccc12b84f4898cc66b9a7ccf3a9153b206998e
halfcheetah-medium-v2,10,0,MART4,rollout_union,cos_d2_d4,delta,delta,0.17890664935112,1563,0,,,True,284da71dee65dc1cdad33c197fccc12b84f4898cc66b9a7ccf3a9153b206998e
halfcheetah-medium-v2,14,0,MART4,dataset,bound_frac,mu1,,0.727294921875,4096,0,0.01415441744029522,8.78742790222168,True,9e67d10a416051f658ddd4e89c856a9f7994d1b5c2dd5381e2f6efed9d129006
halfcheetah-medium-v2,14,0,MART4,dataset,bound_frac,mu2,,0.81103515625,4096,0,0.01415441744029522,8.441826820373535,True,9e67d10a416051f658ddd4e89c856a9f7994d1b5c2dd5381e2f6efed9d129006
halfcheetah-medium-v2,14,0,MART4,dataset,bound_frac,mu3,,0.822021484375,4096,0,0.014134213328361511,8.38634204864502,True,9e67d10a416051f658ddd4e89c856a9f7994d1b5c2dd5381e2f6efed9d129006
halfcheetah-medium-v2,14,0,MART4,dataset,bound_frac,mu4,,0.830810546875,4096,0,0.014120632782578468,8.392847061157227,True,9e67d10a416051f658ddd4e89c856a9f7994d1b5c2dd5381e2f6efed9d129006
halfcheetah-medium-v2,14,0,MART4,dataset,adjacent_rms,mu1,mu2,0.07717706263065338,4096,0,,,True,9e67d10a416051f658ddd4e89c856a9f7994d1b5c2dd5381e2f6efed9d129006
halfcheetah-medium-v2,14,0,MART4,dataset,adjacent_rms,mu2,mu3,0.07324552536010742,4096,0,,,True,9e67d10a416051f658ddd4e89c856a9f7994d1b5c2dd5381e2f6efed9d129006
halfcheetah-medium-v2,14,0,MART4,dataset,adjacent_rms,mu3,mu4,0.07036685943603516,4096,0,,,True,9e67d10a416051f658ddd4e89c856a9f7994d1b5c2dd5381e2f6efed9d129006
halfcheetah-medium-v2,14,0,MART4,dataset,from_mu1_rms,mu1,mu2,0.07717706263065338,4096,0,,,True,9e67d10a416051f658ddd4e89c856a9f7994d1b5c2dd5381e2f6efed9d129006
halfcheetah-medium-v2,14,0,MART4,dataset,from_mu1_rms,mu1,mu3,0.11978345364332199,4096,0,,,True,9e67d10a416051f658ddd4e89c856a9f7994d1b5c2dd5381e2f6efed9d129006
halfcheetah-medium-v2,14,0,MART4,dataset,from_mu1_rms,mu1,mu4,0.15237675607204437,4096,0,,,True,9e67d10a416051f658ddd4e89c856a9f7994d1b5c2dd5381e2f6efed9d129006
halfcheetah-medium-v2,14,0,MART4,dataset,cos_d2_d3,delta,delta,0.23774108290672302,4096,0,,,True,9e67d10a416051f658ddd4e89c856a9f7994d1b5c2dd5381e2f6efed9d129006
halfcheetah-medium-v2,14,0,MART4,dataset,cos_d3_d4,delta,delta,0.15101785957813263,4096,0,,,True,9e67d10a416051f658ddd4e89c856a9f7994d1b5c2dd5381e2f6efed9d129006
halfcheetah-medium-v2,14,0,MART4,dataset,cos_d2_d4,delta,delta,0.17781388759613037,4096,0,,,True,9e67d10a416051f658ddd4e89c856a9f7994d1b5c2dd5381e2f6efed9d129006
halfcheetah-medium-v2,14,0,MART4,rollout_union,bound_frac,mu1,,0.6539662710805746,1601,0,0.013025817461311817,8.310538291931152,True,9e67d10a416051f658ddd4e89c856a9f7994d1b5c2dd5381e2f6efed9d129006
halfcheetah-medium-v2,14,0,MART4,rollout_union,bound_frac,mu2,,0.7257963772642099,1601,0,0.013025817461311817,8.12993335723877,True,9e67d10a416051f658ddd4e89c856a9f7994d1b5c2dd5381e2f6efed9d129006
halfcheetah-medium-v2,14,0,MART4,rollout_union,bound_frac,mu3,,0.7370393504059962,1601,0,0.013009624555706978,8.13631820678711,True,9e67d10a416051f658ddd4e89c856a9f7994d1b5c2dd5381e2f6efed9d129006
halfcheetah-medium-v2,14,0,MART4,rollout_union,bound_frac,mu4,,0.7270455965021861,1601,0,0.012997016310691833,8.599915504455566,True,9e67d10a416051f658ddd4e89c856a9f7994d1b5c2dd5381e2f6efed9d129006
halfcheetah-medium-v2,14,0,MART4,rollout_union,adjacent_rms,mu1,mu2,0.08983989804983139,1601,0,,,True,9e67d10a416051f658ddd4e89c856a9f7994d1b5c2dd5381e2f6efed9d129006
halfcheetah-medium-v2,14,0,MART4,rollout_union,adjacent_rms,mu2,mu3,0.09596053510904312,1601,0,,,True,9e67d10a416051f658ddd4e89c856a9f7994d1b5c2dd5381e2f6efed9d129006
halfcheetah-medium-v2,14,0,MART4,rollout_union,adjacent_rms,mu3,mu4,0.09088936448097229,1601,0,,,True,9e67d10a416051f658ddd4e89c856a9f7994d1b5c2dd5381e2f6efed9d129006
halfcheetah-medium-v2,14,0,MART4,rollout_union,from_mu1_rms,mu1,mu2,0.08983989804983139,1601,0,,,True,9e67d10a416051f658ddd4e89c856a9f7994d1b5c2dd5381e2f6efed9d129006
halfcheetah-medium-v2,14,0,MART4,rollout_union,from_mu1_rms,mu1,mu3,0.13791364431381226,1601,0,,,True,9e67d10a416051f658ddd4e89c856a9f7994d1b5c2dd5381e2f6efed9d129006
halfcheetah-medium-v2,14,0,MART4,rollout_union,from_mu1_rms,mu1,mu4,0.16730041801929474,1601,0,,,True,9e67d10a416051f658ddd4e89c856a9f7994d1b5c2dd5381e2f6efed9d129006
halfcheetah-medium-v2,14,0,MART4,rollout_union,cos_d2_d3,delta,delta,0.10832486301660538,1601,0,,,True,9e67d10a416051f658ddd4e89c856a9f7994d1b5c2dd5381e2f6efed9d129006
halfcheetah-medium-v2,14,0,MART4,rollout_union,cos_d3_d4,delta,delta,-0.04249679669737816,1601,0,,,True,9e67d10a416051f658ddd4e89c856a9f7994d1b5c2dd5381e2f6efed9d129006
halfcheetah-medium-v2,14,0,MART4,rollout_union,cos_d2_d4,delta,delta,0.09900329262018204,1601,0,,,True,9e67d10a416051f658ddd4e89c856a9f7994d1b5c2dd5381e2f6efed9d129006
halfcheetah-medium-v2,20,0,MART4,dataset,bound_frac,mu1,,0.73974609375,4096,0,0.01928187906742096,8.281959533691406,True,b461c81b79836afebbe1126e1dc4d76e099692a0d8a3f58395513e3f144b41d2
halfcheetah-medium-v2,20,0,MART4,dataset,bound_frac,mu2,,0.832763671875,4096,0,0.01928187906742096,7.979361057281494,True,b461c81b79836afebbe1126e1dc4d76e099692a0d8a3f58395513e3f144b41d2
halfcheetah-medium-v2,20,0,MART4,dataset,bound_frac,mu3,,0.835693359375,4096,0,0.019254833459854126,7.917745590209961,True,b461c81b79836afebbe1126e1dc4d76e099692a0d8a3f58395513e3f144b41d2
halfcheetah-medium-v2,20,0,MART4,dataset,bound_frac,mu4,,0.84130859375,4096,0,0.019239066168665886,8.037004470825195,True,b461c81b79836afebbe1126e1dc4d76e099692a0d8a3f58395513e3f144b41d2
halfcheetah-medium-v2,20,0,MART4,dataset,adjacent_rms,mu1,mu2,0.08626689016819,4096,0,,,True,b461c81b79836afebbe1126e1dc4d76e099692a0d8a3f58395513e3f144b41d2
halfcheetah-medium-v2,20,0,MART4,dataset,adjacent_rms,mu2,mu3,0.08093984425067902,4096,0,,,True,b461c81b79836afebbe1126e1dc4d76e099692a0d8a3f58395513e3f144b41d2
halfcheetah-medium-v2,20,0,MART4,dataset,adjacent_rms,mu3,mu4,0.07614342123270035,4096,0,,,True,b461c81b79836afebbe1126e1dc4d76e099692a0d8a3f58395513e3f144b41d2
halfcheetah-medium-v2,20,0,MART4,dataset,from_mu1_rms,mu1,mu2,0.08626689016819,4096,0,,,True,b461c81b79836afebbe1126e1dc4d76e099692a0d8a3f58395513e3f144b41d2
halfcheetah-medium-v2,20,0,MART4,dataset,from_mu1_rms,mu1,mu3,0.1334342360496521,4096,0,,,True,b461c81b79836afebbe1126e1dc4d76e099692a0d8a3f58395513e3f144b41d2
halfcheetah-medium-v2,20,0,MART4,dataset,from_mu1_rms,mu1,mu4,0.1695251613855362,4096,0,,,True,b461c81b79836afebbe1126e1dc4d76e099692a0d8a3f58395513e3f144b41d2
halfcheetah-medium-v2,20,0,MART4,dataset,cos_d2_d3,delta,delta,0.24062103033065796,4096,0,,,True,b461c81b79836afebbe1126e1dc4d76e099692a0d8a3f58395513e3f144b41d2
halfcheetah-medium-v2,20,0,MART4,dataset,cos_d3_d4,delta,delta,0.1298026442527771,4096,0,,,True,b461c81b79836afebbe1126e1dc4d76e099692a0d8a3f58395513e3f144b41d2
halfcheetah-medium-v2,20,0,MART4,dataset,cos_d2_d4,delta,delta,0.2507326602935791,4096,0,,,True,b461c81b79836afebbe1126e1dc4d76e099692a0d8a3f58395513e3f144b41d2
halfcheetah-medium-v2,20,0,MART4,rollout_union,bound_frac,mu1,,0.6851735015772871,1585,0,0.01753193698823452,7.837145805358887,True,b461c81b79836afebbe1126e1dc4d76e099692a0d8a3f58395513e3f144b41d2
halfcheetah-medium-v2,20,0,MART4,rollout_union,bound_frac,mu2,,0.7709779179810725,1585,0,0.01753193698823452,7.608959197998047,True,b461c81b79836afebbe1126e1dc4d76e099692a0d8a3f58395513e3f144b41d2
halfcheetah-medium-v2,20,0,MART4,rollout_union,bound_frac,mu3,,0.7924290220820189,1585,0,0.017510514706373215,7.914292812347412,True,b461c81b79836afebbe1126e1dc4d76e099692a0d8a3f58395513e3f144b41d2
halfcheetah-medium-v2,20,0,MART4,rollout_union,bound_frac,mu4,,0.7709779179810725,1585,0,0.01750204525887966,7.902101516723633,True,b461c81b79836afebbe1126e1dc4d76e099692a0d8a3f58395513e3f144b41d2
halfcheetah-medium-v2,20,0,MART4,rollout_union,adjacent_rms,mu1,mu2,0.11349239945411682,1585,0,,,True,b461c81b79836afebbe1126e1dc4d76e099692a0d8a3f58395513e3f144b41d2
halfcheetah-medium-v2,20,0,MART4,rollout_union,adjacent_rms,mu2,mu3,0.1024707779288292,1585,0,,,True,b461c81b79836afebbe1126e1dc4d76e099692a0d8a3f58395513e3f144b41d2
halfcheetah-medium-v2,20,0,MART4,rollout_union,adjacent_rms,mu3,mu4,0.10355765372514725,1585,0,,,True,b461c81b79836afebbe1126e1dc4d76e099692a0d8a3f58395513e3f144b41d2
halfcheetah-medium-v2,20,0,MART4,rollout_union,from_mu1_rms,mu1,mu2,0.11349239945411682,1585,0,,,True,b461c81b79836afebbe1126e1dc4d76e099692a0d8a3f58395513e3f144b41d2
halfcheetah-medium-v2,20,0,MART4,rollout_union,from_mu1_rms,mu1,mu3,0.15417854487895966,1585,0,,,True,b461c81b79836afebbe1126e1dc4d76e099692a0d8a3f58395513e3f144b41d2
halfcheetah-medium-v2,20,0,MART4,rollout_union,from_mu1_rms,mu1,mu4,0.1905762106180191,1585,0,,,True,b461c81b79836afebbe1126e1dc4d76e099692a0d8a3f58395513e3f144b41d2
halfcheetah-medium-v2,20,0,MART4,rollout_union,cos_d2_d3,delta,delta,0.01877407915890217,1585,0,,,True,b461c81b79836afebbe1126e1dc4d76e099692a0d8a3f58395513e3f144b41d2
halfcheetah-medium-v2,20,0,MART4,rollout_union,cos_d3_d4,delta,delta,-0.11530214548110962,1585,0,,,True,b461c81b79836afebbe1126e1dc4d76e099692a0d8a3f58395513e3f144b41d2
halfcheetah-medium-v2,20,0,MART4,rollout_union,cos_d2_d4,delta,delta,0.19278262555599213,1585,0,,,True,b461c81b79836afebbe1126e1dc4d76e099692a0d8a3f58395513e3f144b41d2
halfcheetah-medium-replay-v2,4,0,MART4,dataset,bound_frac,mu1,,0.60595703125,4096,0,0.006755898706614971,13.560863494873047,True,c5ce93614b6b000763c75adfb588188bdef682bccd28059bf7567ae426bc1cde
halfcheetah-medium-replay-v2,4,0,MART4,dataset,bound_frac,mu2,,0.617431640625,4096,0,0.006755898706614971,12.980646133422852,True,c5ce93614b6b000763c75adfb588188bdef682bccd28059bf7567ae426bc1cde
halfcheetah-medium-replay-v2,4,0,MART4,dataset,bound_frac,mu3,,0.6337890625,4096,0,0.006728446111083031,12.65739631652832,True,c5ce93614b6b000763c75adfb588188bdef682bccd28059bf7567ae426bc1cde
halfcheetah-medium-replay-v2,4,0,MART4,dataset,bound_frac,mu4,,0.663330078125,4096,0,0.006709666922688484,12.383016586303711,True,c5ce93614b6b000763c75adfb588188bdef682bccd28059bf7567ae426bc1cde
halfcheetah-medium-replay-v2,4,0,MART4,dataset,adjacent_rms,mu1,mu2,0.12393330037593842,4096,0,,,True,c5ce93614b6b000763c75adfb588188bdef682bccd28059bf7567ae426bc1cde
halfcheetah-medium-replay-v2,4,0,MART4,dataset,adjacent_rms,mu2,mu3,0.09478136897087097,4096,0,,,True,c5ce93614b6b000763c75adfb588188bdef682bccd28059bf7567ae426bc1cde
halfcheetah-medium-replay-v2,4,0,MART4,dataset,adjacent_rms,mu3,mu4,0.08144994080066681,4096,0,,,True,c5ce93614b6b000763c75adfb588188bdef682bccd28059bf7567ae426bc1cde
halfcheetah-medium-replay-v2,4,0,MART4,dataset,from_mu1_rms,mu1,mu2,0.12393330037593842,4096,0,,,True,c5ce93614b6b000763c75adfb588188bdef682bccd28059bf7567ae426bc1cde
halfcheetah-medium-replay-v2,4,0,MART4,dataset,from_mu1_rms,mu1,mu3,0.15667200088500977,4096,0,,,True,c5ce93614b6b000763c75adfb588188bdef682bccd28059bf7567ae426bc1cde
halfcheetah-medium-replay-v2,4,0,MART4,dataset,from_mu1_rms,mu1,mu4,0.1806686818599701,4096,0,,,True,c5ce93614b6b000763c75adfb588188bdef682bccd28059bf7567ae426bc1cde
halfcheetah-medium-replay-v2,4,0,MART4,dataset,cos_d2_d3,delta,delta,-0.0059610698372125626,4096,0,,,True,c5ce93614b6b000763c75adfb588188bdef682bccd28059bf7567ae426bc1cde
halfcheetah-medium-replay-v2,4,0,MART4,dataset,cos_d3_d4,delta,delta,-0.06489066779613495,4096,0,,,True,c5ce93614b6b000763c75adfb588188bdef682bccd28059bf7567ae426bc1cde
halfcheetah-medium-replay-v2,4,0,MART4,dataset,cos_d2_d4,delta,delta,0.10832633078098297,4096,0,,,True,c5ce93614b6b000763c75adfb588188bdef682bccd28059bf7567ae426bc1cde
halfcheetah-medium-replay-v2,4,0,MART4,rollout_union,bound_frac,mu1,,0.8880597014925373,1608,0,0.00513236690312624,12.107580184936523,True,c5ce93614b6b000763c75adfb588188bdef682bccd28059bf7567ae426bc1cde
halfcheetah-medium-replay-v2,4,0,MART4,rollout_union,bound_frac,mu2,,0.9185323383084577,1608,0,0.00513236690312624,11.995161056518555,True,c5ce93614b6b000763c75adfb588188bdef682bccd28059bf7567ae426bc1cde
halfcheetah-medium-replay-v2,4,0,MART4,rollout_union,bound_frac,mu3,,0.9073383084577115,1608,0,0.005125935655087233,11.829373359680176,True,c5ce93614b6b000763c75adfb588188bdef682bccd28059bf7567ae426bc1cde
halfcheetah-medium-replay-v2,4,0,MART4,rollout_union,bound_frac,mu4,,0.9116915422885572,1608,0,0.005120258312672377,11.86431884765625,True,c5ce93614b6b000763c75adfb588188bdef682bccd28059bf7567ae426bc1cde
halfcheetah-medium-replay-v2,4,0,MART4,rollout_union,adjacent_rms,mu1,mu2,0.0968942940235138,1608,0,,,True,c5ce93614b6b000763c75adfb588188bdef682bccd28059bf7567ae426bc1cde
halfcheetah-medium-replay-v2,4,0,MART4,rollout_union,adjacent_rms,mu2,mu3,0.08074326813220978,1608,0,,,True,c5ce93614b6b000763c75adfb588188bdef682bccd28059bf7567ae426bc1cde
halfcheetah-medium-replay-v2,4,0,MART4,rollout_union,adjacent_rms,mu3,mu4,0.07066952437162399,1608,0,,,True,c5ce93614b6b000763c75adfb588188bdef682bccd28059bf7567ae426bc1cde
halfcheetah-medium-replay-v2,4,0,MART4,rollout_union,from_mu1_rms,mu1,mu2,0.0968942940235138,1608,0,,,True,c5ce93614b6b000763c75adfb588188bdef682bccd28059bf7567ae426bc1cde
halfcheetah-medium-replay-v2,4,0,MART4,rollout_union,from_mu1_rms,mu1,mu3,0.11551697552204132,1608,0,,,True,c5ce93614b6b000763c75adfb588188bdef682bccd28059bf7567ae426bc1cde
halfcheetah-medium-replay-v2,4,0,MART4,rollout_union,from_mu1_rms,mu1,mu4,0.13189060986042023,1608,0,,,True,c5ce93614b6b000763c75adfb588188bdef682bccd28059bf7567ae426bc1cde
halfcheetah-medium-replay-v2,4,0,MART4,rollout_union,cos_d2_d3,delta,delta,-0.10602215677499771,1608,0,,,True,c5ce93614b6b000763c75adfb588188bdef682bccd28059bf7567ae426bc1cde
halfcheetah-medium-replay-v2,4,0,MART4,rollout_union,cos_d3_d4,delta,delta,-0.17132830619812012,1608,0,,,True,c5ce93614b6b000763c75adfb588188bdef682bccd28059bf7567ae426bc1cde
halfcheetah-medium-replay-v2,4,0,MART4,rollout_union,cos_d2_d4,delta,delta,0.14743737876415253,1608,0,,,True,c5ce93614b6b000763c75adfb588188bdef682bccd28059bf7567ae426bc1cde
halfcheetah-medium-replay-v2,7,0,MART4,dataset,bound_frac,mu1,,0.588134765625,4096,0,0.010730396956205368,11.554141998291016,True,d789f770dd883b0ee706a994e4aa8e2e4da554cf4c78d496ed7d205946d78e25
halfcheetah-medium-replay-v2,7,0,MART4,dataset,bound_frac,mu2,,0.6201171875,4096,0,0.010730396956205368,11.126346588134766,True,d789f770dd883b0ee706a994e4aa8e2e4da554cf4c78d496ed7d205946d78e25
halfcheetah-medium-replay-v2,7,0,MART4,dataset,bound_frac,mu3,,0.658935546875,4096,0,0.010694190859794617,10.882575035095215,True,d789f770dd883b0ee706a994e4aa8e2e4da554cf4c78d496ed7d205946d78e25
halfcheetah-medium-replay-v2,7,0,MART4,dataset,bound_frac,mu4,,0.6796875,4096,0,0.010669425129890442,10.766441345214844,True,d789f770dd883b0ee706a994e4aa8e2e4da554cf4c78d496ed7d205946d78e25
halfcheetah-medium-replay-v2,7,0,MART4,dataset,adjacent_rms,mu1,mu2,0.1343250274658203,4096,0,,,True,d789f770dd883b0ee706a994e4aa8e2e4da554cf4c78d496ed7d205946d78e25
halfcheetah-medium-replay-v2,7,0,MART4,dataset,adjacent_rms,mu2,mu3,0.10080566257238388,4096,0,,,True,d789f770dd883b0ee706a994e4aa8e2e4da554cf4c78d496ed7d205946d78e25
halfcheetah-medium-replay-v2,7,0,MART4,dataset,adjacent_rms,mu3,mu4,0.09267916530370712,4096,0,,,True,d789f770dd883b0ee706a994e4aa8e2e4da554cf4c78d496ed7d205946d78e25
halfcheetah-medium-replay-v2,7,0,MART4,dataset,from_mu1_rms,mu1,mu2,0.1343250274658203,4096,0,,,True,d789f770dd883b0ee706a994e4aa8e2e4da554cf4c78d496ed7d205946d78e25
halfcheetah-medium-replay-v2,7,0,MART4,dataset,from_mu1_rms,mu1,mu3,0.17156779766082764,4096,0,,,True,d789f770dd883b0ee706a994e4aa8e2e4da554cf4c78d496ed7d205946d78e25
halfcheetah-medium-replay-v2,7,0,MART4,dataset,from_mu1_rms,mu1,mu4,0.20315369963645935,4096,0,,,True,d789f770dd883b0ee706a994e4aa8e2e4da554cf4c78d496ed7d205946d78e25
halfcheetah-medium-replay-v2,7,0,MART4,dataset,cos_d2_d3,delta,delta,0.041290972381830215,4096,0,,,True,d789f770dd883b0ee706a994e4aa8e2e4da554cf4c78d496ed7d205946d78e25
halfcheetah-medium-replay-v2,7,0,MART4,dataset,cos_d3_d4,delta,delta,-0.032628271728754044,4096,0,,,True,d789f770dd883b0ee706a994e4aa8e2e4da554cf4c78d496ed7d205946d78e25
halfcheetah-medium-replay-v2,7,0,MART4,dataset,cos_d2_d4,delta,delta,0.14473921060562134,4096,0,,,True,d789f770dd883b0ee706a994e4aa8e2e4da554cf4c78d496ed7d205946d78e25
halfcheetah-medium-replay-v2,7,0,MART4,rollout_union,bound_frac,mu1,,0.8664238008500303,1647,0,0.008195215836167336,10.892949104309082,True,d789f770dd883b0ee706a994e4aa8e2e4da554cf4c78d496ed7d205946d78e25
halfcheetah-medium-replay-v2,7,0,MART4,rollout_union,bound_frac,mu2,,0.8494231936854888,1647,0,0.008195215836167336,10.565073013305664,True,d789f770dd883b0ee706a994e4aa8e2e4da554cf4c78d496ed7d205946d78e25
halfcheetah-medium-replay-v2,7,0,MART4,rollout_union,bound_frac,mu3,,0.8633879781420765,1647,0,0.008180487900972366,10.469898223876953,True,d789f770dd883b0ee706a994e4aa8e2e4da554cf4c78d496ed7d205946d78e25
halfcheetah-medium-replay-v2,7,0,MART4,rollout_union,bound_frac,mu4,,0.8627808136004858,1647,0,0.008172144182026386,10.228141784667969,True,d789f770dd883b0ee706a994e4aa8e2e4da554cf4c78d496ed7d205946d78e25
halfcheetah-medium-replay-v2,7,0,MART4,rollout_union,adjacent_rms,mu1,mu2,0.11223407089710236,1647,0,,,True,d789f770dd883b0ee706a994e4aa8e2e4da554cf4c78d496ed7d205946d78e25
halfcheetah-medium-replay-v2,7,0,MART4,rollout_union,adjacent_rms,mu2,mu3,0.09949624538421631,1647,0,,,True,d789f770dd883b0ee706a994e4aa8e2e4da554cf4c78d496ed7d205946d78e25
halfcheetah-medium-replay-v2,7,0,MART4,rollout_union,adjacent_rms,mu3,mu4,0.08729800581932068,1647,0,,,True,d789f770dd883b0ee706a994e4aa8e2e4da554cf4c78d496ed7d205946d78e25
halfcheetah-medium-replay-v2,7,0,MART4,rollout_union,from_mu1_rms,mu1,mu2,0.11223407089710236,1647,0,,,True,d789f770dd883b0ee706a994e4aa8e2e4da554cf4c78d496ed7d205946d78e25
halfcheetah-medium-replay-v2,7,0,MART4,rollout_union,from_mu1_rms,mu1,mu3,0.14188221096992493,1647,0,,,True,d789f770dd883b0ee706a994e4aa8e2e4da554cf4c78d496ed7d205946d78e25
halfcheetah-medium-replay-v2,7,0,MART4,rollout_union,from_mu1_rms,mu1,mu4,0.16238047182559967,1647,0,,,True,d789f770dd883b0ee706a994e4aa8e2e4da554cf4c78d496ed7d205946d78e25
halfcheetah-medium-replay-v2,7,0,MART4,rollout_union,cos_d2_d3,delta,delta,-0.04258541762828827,1647,0,,,True,d789f770dd883b0ee706a994e4aa8e2e4da554cf4c78d496ed7d205946d78e25
halfcheetah-medium-replay-v2,7,0,MART4,rollout_union,cos_d3_d4,delta,delta,-0.16883045434951782,1647,0,,,True,d789f770dd883b0ee706a994e4aa8e2e4da554cf4c78d496ed7d205946d78e25
halfcheetah-medium-replay-v2,7,0,MART4,rollout_union,cos_d2_d4,delta,delta,0.12126951664686203,1647,0,,,True,d789f770dd883b0ee706a994e4aa8e2e4da554cf4c78d496ed7d205946d78e25
halfcheetah-medium-replay-v2,10,0,MART4,dataset,bound_frac,mu1,,0.611083984375,4096,0,0.01471041887998581,10.667827606201172,True,140792dd27c41c1467ab013083c016da4ff009c93291a80657b4ea8817419b20
halfcheetah-medium-replay-v2,10,0,MART4,dataset,bound_frac,mu2,,0.665771484375,4096,0,0.01471041887998581,10.424543380737305,True,140792dd27c41c1467ab013083c016da4ff009c93291a80657b4ea8817419b20
halfcheetah-medium-replay-v2,10,0,MART4,dataset,bound_frac,mu3,,0.702880859375,4096,0,0.014659248292446136,10.355507850646973,True,140792dd27c41c1467ab013083c016da4ff009c93291a80657b4ea8817419b20
halfcheetah-medium-replay-v2,10,0,MART4,dataset,bound_frac,mu4,,0.73046875,4096,0,0.014631935395300388,10.3131685256958,True,140792dd27c41c1467ab013083c016da4ff009c93291a80657b4ea8817419b20
halfcheetah-medium-replay-v2,10,0,MART4,dataset,adjacent_rms,mu1,mu2,0.14021968841552734,4096,0,,,True,140792dd27c41c1467ab013083c016da4ff009c93291a80657b4ea8817419b20
halfcheetah-medium-replay-v2,10,0,MART4,dataset,adjacent_rms,mu2,mu3,0.10966848582029343,4096,0,,,True,140792dd27c41c1467ab013083c016da4ff009c93291a80657b4ea8817419b20
halfcheetah-medium-replay-v2,10,0,MART4,dataset,adjacent_rms,mu3,mu4,0.10155746340751648,4096,0,,,True,140792dd27c41c1467ab013083c016da4ff009c93291a80657b4ea8817419b20
halfcheetah-medium-replay-v2,10,0,MART4,dataset,from_mu1_rms,mu1,mu2,0.14021968841552734,4096,0,,,True,140792dd27c41c1467ab013083c016da4ff009c93291a80657b4ea8817419b20
halfcheetah-medium-replay-v2,10,0,MART4,dataset,from_mu1_rms,mu1,mu3,0.1855732947587967,4096,0,,,True,140792dd27c41c1467ab013083c016da4ff009c93291a80657b4ea8817419b20
halfcheetah-medium-replay-v2,10,0,MART4,dataset,from_mu1_rms,mu1,mu4,0.22411510348320007,4096,0,,,True,140792dd27c41c1467ab013083c016da4ff009c93291a80657b4ea8817419b20
halfcheetah-medium-replay-v2,10,0,MART4,dataset,cos_d2_d3,delta,delta,0.08797098696231842,4096,0,,,True,140792dd27c41c1467ab013083c016da4ff009c93291a80657b4ea8817419b20
halfcheetah-medium-replay-v2,10,0,MART4,dataset,cos_d3_d4,delta,delta,0.04198760166764259,4096,0,,,True,140792dd27c41c1467ab013083c016da4ff009c93291a80657b4ea8817419b20
halfcheetah-medium-replay-v2,10,0,MART4,dataset,cos_d2_d4,delta,delta,0.1538442075252533,4096,0,,,True,140792dd27c41c1467ab013083c016da4ff009c93291a80657b4ea8817419b20
halfcheetah-medium-replay-v2,10,0,MART4,rollout_union,bound_frac,mu1,,0.882842509603073,1562,0,0.011290508322417736,10.319372177124023,True,140792dd27c41c1467ab013083c016da4ff009c93291a80657b4ea8817419b20
halfcheetah-medium-replay-v2,10,0,MART4,rollout_union,bound_frac,mu2,,0.8994878361075545,1562,0,0.011290508322417736,10.368979454040527,True,140792dd27c41c1467ab013083c016da4ff009c93291a80657b4ea8817419b20
halfcheetah-medium-replay-v2,10,0,MART4,rollout_union,bound_frac,mu3,,0.9180537772087067,1562,0,0.011274064891040325,10.596365928649902,True,140792dd27c41c1467ab013083c016da4ff009c93291a80657b4ea8817419b20
halfcheetah-medium-replay-v2,10,0,MART4,rollout_union,bound_frac,mu4,,0.9186939820742638,1562,0,0.011264790780842304,10.80367374420166,True,140792dd27c41c1467ab013083c016da4ff009c93291a80657b4ea8817419b20
halfcheetah-medium-replay-v2,10,0,MART4,rollout_union,adjacent_rms,mu1,mu2,0.12021265923976898,1562,0,,,True,140792dd27c41c1467ab013083c016da4ff009c93291a80657b4ea8817419b20
halfcheetah-medium-replay-v2,10,0,MART4,rollout_union,adjacent_rms,mu2,mu3,0.10041357576847076,1562,0,,,True,140792dd27c41c1467ab013083c016da4ff009c93291a80657b4ea8817419b20
halfcheetah-medium-replay-v2,10,0,MART4,rollout_union,adjacent_rms,mu3,mu4,0.0976606085896492,1562,0,,,True,140792dd27c41c1467ab013083c016da4ff009c93291a80657b4ea8817419b20
halfcheetah-medium-replay-v2,10,0,MART4,rollout_union,from_mu1_rms,mu1,mu2,0.12021265923976898,1562,0,,,True,140792dd27c41c1467ab013083c016da4ff009c93291a80657b4ea8817419b20
halfcheetah-medium-replay-v2,10,0,MART4,rollout_union,from_mu1_rms,mu1,mu3,0.15450052917003632,1562,0,,,True,140792dd27c41c1467ab013083c016da4ff009c93291a80657b4ea8817419b20
halfcheetah-medium-replay-v2,10,0,MART4,rollout_union,from_mu1_rms,mu1,mu4,0.1832331269979477,1562,0,,,True,140792dd27c41c1467ab013083c016da4ff009c93291a80657b4ea8817419b20
halfcheetah-medium-replay-v2,10,0,MART4,rollout_union,cos_d2_d3,delta,delta,-0.004581155255436897,1562,0,,,True,140792dd27c41c1467ab013083c016da4ff009c93291a80657b4ea8817419b20
halfcheetah-medium-replay-v2,10,0,MART4,rollout_union,cos_d3_d4,delta,delta,-0.10362300276756287,1562,0,,,True,140792dd27c41c1467ab013083c016da4ff009c93291a80657b4ea8817419b20
halfcheetah-medium-replay-v2,10,0,MART4,rollout_union,cos_d2_d4,delta,delta,0.10468877106904984,1562,0,,,True,140792dd27c41c1467ab013083c016da4ff009c93291a80657b4ea8817419b20
hopper-medium-v2,4,0,two_actor_p4,dataset,bound_frac,target_value,,0.19580078125,4096,0,0.008446148596704006,3.4496335983276367,True,2ab14b0b352781ed285ebf5e2b2ebf628dda13b8c9b59f78b65f8a6c6b9d0bca
hopper-medium-v2,4,0,two_actor_p4,dataset,bound_frac,deployment,,0.20654296875,4096,0,0.033734582364559174,3.384263753890991,True,2ab14b0b352781ed285ebf5e2b2ebf628dda13b8c9b59f78b65f8a6c6b9d0bca
hopper-medium-v2,4,0,two_actor_p4,rollout_union,bound_frac,target_value,,0.23492723492723494,962,0,0.007925692945718765,3.15570330619812,True,2ab14b0b352781ed285ebf5e2b2ebf628dda13b8c9b59f78b65f8a6c6b9d0bca
hopper-medium-v2,4,0,two_actor_p4,rollout_union,bound_frac,deployment,,0.24740124740124741,962,0,0.03168192505836487,3.150681734085083,True,2ab14b0b352781ed285ebf5e2b2ebf628dda13b8c9b59f78b65f8a6c6b9d0bca
hopper-medium-v2,7,0,two_actor_p4,dataset,bound_frac,target_value,,0.1865234375,4096,0,0.014677654020488262,3.5137479305267334,True,dd991a7b5a0fc5b43d2c95941c94cec8788bd5784aae1eabb5a38e466738004c
hopper-medium-v2,7,0,two_actor_p4,dataset,bound_frac,deployment,,0.222412109375,4096,0,0.05857452377676964,3.532233476638794,True,dd991a7b5a0fc5b43d2c95941c94cec8788bd5784aae1eabb5a38e466738004c
hopper-medium-v2,7,0,two_actor_p4,rollout_union,bound_frac,target_value,,0.25296689569019365,1601,0,0.012366601265966892,2.950258255004883,True,dd991a7b5a0fc5b43d2c95941c94cec8788bd5784aae1eabb5a38e466738004c
hopper-medium-v2,7,0,two_actor_p4,rollout_union,bound_frac,deployment,,0.2891942535915053,1601,0,0.04940091818571091,3.0200815200805664,True,dd991a7b5a0fc5b43d2c95941c94cec8788bd5784aae1eabb5a38e466738004c
hopper-medium-v2,10,0,two_actor_p4,dataset,bound_frac,target_value,,0.191162109375,4096,0,0.02044016122817993,3.092442035675049,True,11d881d2cdb89c2d671efbb1858f595689221bb8c08588fb35a4307829be8480
hopper-medium-v2,10,0,two_actor_p4,dataset,bound_frac,deployment,,0.230224609375,4096,0,0.08156298846006393,3.0893354415893555,True,11d881d2cdb89c2d671efbb1858f595689221bb8c08588fb35a4307829be8480
hopper-medium-v2,10,0,two_actor_p4,rollout_union,bound_frac,target_value,,0.24324324324324326,1628,0,0.01738119311630726,2.7020773887634277,True,11d881d2cdb89c2d671efbb1858f595689221bb8c08588fb35a4307829be8480
hopper-medium-v2,10,0,two_actor_p4,rollout_union,bound_frac,deployment,,0.2966830466830467,1628,0,0.06940817832946777,2.7750802040100098,True,11d881d2cdb89c2d671efbb1858f595689221bb8c08588fb35a4307829be8480
hopper-medium-v2,14,0,two_actor_p4,dataset,bound_frac,target_value,,0.203369140625,4096,0,0.028084537014365196,2.995852470397949,True,6d630dd884ad4b651cee6856c6d837201646aa07d4e70123055890bd42d87e96
hopper-medium-v2,14,0,two_actor_p4,dataset,bound_frac,deployment,,0.257568359375,4096,0,0.11202742904424667,3.0273475646972656,True,6d630dd884ad4b651cee6856c6d837201646aa07d4e70123055890bd42d87e96
hopper-medium-v2,14,0,two_actor_p4,rollout_union,bound_frac,target_value,,0.2493622448979592,1568,0,0.023293228819966316,2.0189547538757324,True,6d630dd884ad4b651cee6856c6d837201646aa07d4e70123055890bd42d87e96
hopper-medium-v2,14,0,two_actor_p4,rollout_union,bound_frac,deployment,,0.2971938775510204,1568,0,0.09305967390537262,2.073882579803467,True,6d630dd884ad4b651cee6856c6d837201646aa07d4e70123055890bd42d87e96
hopper-medium-v2,20,0,two_actor_p4,dataset,bound_frac,target_value,,0.202392578125,4096,0,0.03965938836336136,2.8142189979553223,True,fb8448e1903901d94e2952eb655ffe578c4aada2945d7cedc97e67dfb13e91cd
hopper-medium-v2,20,0,two_actor_p4,dataset,bound_frac,deployment,,0.26318359375,4096,0,0.15819711983203888,2.822932004928589,True,fb8448e1903901d94e2952eb655ffe578c4aada2945d7cedc97e67dfb13e91cd
hopper-medium-v2,20,0,two_actor_p4,rollout_union,bound_frac,target_value,,0.21898263027295287,1612,0,0.03285696730017662,1.822235345840454,True,fb8448e1903901d94e2952eb655ffe578c4aada2945d7cedc97e67dfb13e91cd
hopper-medium-v2,20,0,two_actor_p4,rollout_union,bound_frac,deployment,,0.24441687344913152,1612,0,0.13122981786727905,1.8831337690353394,True,fb8448e1903901d94e2952eb655ffe578c4aada2945d7cedc97e67dfb13e91cd
hopper-medium-replay-v2,4,0,two_actor_p4,dataset,bound_frac,target_value,,0.1103515625,4096,0,0.012289291247725487,7.92784309387207,True,02fcac937753716c5bc9a5ae41610609fa8441c8c2d6eb3ff1cc766171b7bd1e
hopper-medium-replay-v2,4,0,two_actor_p4,dataset,bound_frac,deployment,,0.1630859375,4096,0,0.04804456979036331,8.826204299926758,True,02fcac937753716c5bc9a5ae41610609fa8441c8c2d6eb3ff1cc766171b7bd1e
hopper-medium-replay-v2,4,0,two_actor_p4,rollout_union,bound_frac,target_value,,0.209009009009009,1665,0,0.007979881018400192,4.413960933685303,True,02fcac937753716c5bc9a5ae41610609fa8441c8c2d6eb3ff1cc766171b7bd1e
hopper-medium-replay-v2,4,0,two_actor_p4,rollout_union,bound_frac,deployment,,0.1837837837837838,1665,0,0.03188624605536461,4.329531192779541,True,02fcac937753716c5bc9a5ae41610609fa8441c8c2d6eb3ff1cc766171b7bd1e
hopper-medium-replay-v2,7,0,two_actor_p4,dataset,bound_frac,target_value,,0.10693359375,4096,0,0.019682280719280243,6.540594100952148,True,893cc67f7ddca1d49452880d92cb2bd92c9a2f56978f2195102a0dfb78fd3f21
hopper-medium-replay-v2,7,0,two_actor_p4,dataset,bound_frac,deployment,,0.220947265625,4096,0,0.0773228332400322,6.972700119018555,True,893cc67f7ddca1d49452880d92cb2bd92c9a2f56978f2195102a0dfb78fd3f21
hopper-medium-replay-v2,7,0,two_actor_p4,rollout_union,bound_frac,target_value,,0.21733588272785215,1569,0,0.013479634188115597,3.7170894145965576,True,893cc67f7ddca1d49452880d92cb2bd92c9a2f56978f2195102a0dfb78fd3f21
hopper-medium-replay-v2,7,0,two_actor_p4,rollout_union,bound_frac,deployment,,0.17144678138942002,1569,0,0.053861793130636215,3.6106643676757812,True,893cc67f7ddca1d49452880d92cb2bd92c9a2f56978f2195102a0dfb78fd3f21
hopper-medium-replay-v2,10,0,two_actor_p4,dataset,bound_frac,target_value,,0.115966796875,4096,0,0.02670070342719555,5.97523307800293,True,df254c3d6c7df282cb71dd6b01f62ee8f945c8c41b1d2c1e9717bb364836b4e9
hopper-medium-replay-v2,10,0,two_actor_p4,dataset,bound_frac,deployment,,0.24267578125,4096,0,0.10509133338928223,6.309340000152588,True,df254c3d6c7df282cb71dd6b01f62ee8f945c8c41b1d2c1e9717bb364836b4e9
hopper-medium-replay-v2,10,0,two_actor_p4,rollout_union,bound_frac,target_value,,0.20426632191338073,1547,0,0.018353508785367012,3.5077614784240723,True,df254c3d6c7df282cb71dd6b01f62ee8f945c8c41b1d2c1e9717bb364836b4e9
hopper-medium-replay-v2,10,0,two_actor_p4,rollout_union,bound_frac,deployment,,0.1700064641241112,1547,0,0.07333095371723175,3.451615571975708,True,df254c3d6c7df282cb71dd6b01f62ee8f945c8c41b1d2c1e9717bb364836b4e9
hopper-medium-replay-v2,14,0,two_actor_p4,dataset,bound_frac,target_value,,0.109619140625,4096,0,0.035555705428123474,5.481024265289307,True,335202bb3a59e15f86179109129b23eed78998b2e1321fc66d087450e21d3174
hopper-medium-replay-v2,14,0,two_actor_p4,dataset,bound_frac,deployment,,0.272216796875,4096,0,0.1402275562286377,5.647225856781006,True,335202bb3a59e15f86179109129b23eed78998b2e1321fc66d087450e21d3174
hopper-medium-replay-v2,14,0,two_actor_p4,rollout_union,bound_frac,target_value,,0.18130132659507264,1583,0,0.025251932442188263,3.1191930770874023,True,335202bb3a59e15f86179109129b23eed78998b2e1321fc66d087450e21d3174
hopper-medium-replay-v2,14,0,two_actor_p4,rollout_union,bound_frac,deployment,,0.19898926089703095,1583,0,0.10093022882938385,3.00606107711792,True,335202bb3a59e15f86179109129b23eed78998b2e1321fc66d087450e21d3174
hopper-medium-replay-v2,20,0,two_actor_p4,dataset,bound_frac,target_value,,0.120361328125,4096,0,0.049074456095695496,4.773050308227539,True,29683deb41fdd5902ede8a8abe8c29fca7abd73ffdca53ff12e33dd114806285
hopper-medium-replay-v2,20,0,two_actor_p4,dataset,bound_frac,deployment,,0.316650390625,4096,0,0.19414499402046204,4.721545696258545,True,29683deb41fdd5902ede8a8abe8c29fca7abd73ffdca53ff12e33dd114806285
hopper-medium-replay-v2,20,0,two_actor_p4,rollout_union,bound_frac,target_value,,0.17337461300309598,1615,0,0.03546528518199921,2.8715856075286865,True,29683deb41fdd5902ede8a8abe8c29fca7abd73ffdca53ff12e33dd114806285
hopper-medium-replay-v2,20,0,two_actor_p4,rollout_union,bound_frac,deployment,,0.2582043343653251,1615,0,0.14168907701969147,2.744537830352783,True,29683deb41fdd5902ede8a8abe8c29fca7abd73ffdca53ff12e33dd114806285
hopper-expert-v2,4,0,two_actor_p4,dataset,bound_frac,target_value,,0.233642578125,4096,0,0.005766792688518763,2.0448436737060547,True,8c90b49467933995b5b315fc7d0b0131181e8968cbf835703cc3fd49ca4e653a
hopper-expert-v2,4,0,two_actor_p4,dataset,bound_frac,deployment,,0.241943359375,4096,0,0.02306441031396389,2.0274291038513184,True,8c90b49467933995b5b315fc7d0b0131181e8968cbf835703cc3fd49ca4e653a
hopper-expert-v2,4,0,two_actor_p4,rollout_union,bound_frac,target_value,,0.2529209621993127,1455,0,0.005904924590140581,2.1240973472595215,True,8c90b49467933995b5b315fc7d0b0131181e8968cbf835703cc3fd49ca4e653a
hopper-expert-v2,4,0,two_actor_p4,rollout_union,bound_frac,deployment,,0.2570446735395189,1455,0,0.023616952821612358,2.0996713638305664,True,8c90b49467933995b5b315fc7d0b0131181e8968cbf835703cc3fd49ca4e653a
hopper-expert-v2,7,0,two_actor_p4,dataset,bound_frac,target_value,,0.236328125,4096,0,0.010001898743212223,1.96797513961792,True,c5a2edbc376fbb0e3711afcde0ac27e2ce717fb5c53281f089ca3ae1447f3f45
hopper-expert-v2,7,0,two_actor_p4,dataset,bound_frac,deployment,,0.23583984375,4096,0,0.039999574422836304,1.966863989830017,True,c5a2edbc376fbb0e3711afcde0ac27e2ce717fb5c53281f089ca3ae1447f3f45
hopper-expert-v2,7,0,two_actor_p4,rollout_union,bound_frac,target_value,,0.26413690476190477,1344,0,0.010331196710467339,2.1918201446533203,True,c5a2edbc376fbb0e3711afcde0ac27e2ce717fb5c53281f089ca3ae1447f3f45
hopper-expert-v2,7,0,two_actor_p4,rollout_union,bound_frac,deployment,,0.25223214285714285,1344,0,0.041317012161016464,2.1719720363616943,True,c5a2edbc376fbb0e3711afcde0ac27e2ce717fb5c53281f089ca3ae1447f3f45
hopper-expert-v2,10,0,two_actor_p4,dataset,bound_frac,target_value,,0.236328125,4096,0,0.014296931214630604,1.930026650428772,True,28394e42e1aaf52023c81836c8240c82adc91d6ceecec2eaabb714f8c7adc1f2
hopper-expert-v2,10,0,two_actor_p4,dataset,bound_frac,deployment,,0.235107421875,4096,0,0.057174623012542725,1.908548355102539,True,28394e42e1aaf52023c81836c8240c82adc91d6ceecec2eaabb714f8c7adc1f2
hopper-expert-v2,10,0,two_actor_p4,rollout_union,bound_frac,target_value,,0.2624693376941946,1223,0,0.014787323772907257,2.2540786266326904,True,28394e42e1aaf52023c81836c8240c82adc91d6ceecec2eaabb714f8c7adc1f2
hopper-expert-v2,10,0,two_actor_p4,rollout_union,bound_frac,deployment,,0.27309893704006544,1223,0,0.05912965163588524,2.244927406311035,True,28394e42e1aaf52023c81836c8240c82adc91d6ceecec2eaabb714f8c7adc1f2
hopper-expert-v2,14,0,two_actor_p4,dataset,bound_frac,target_value,,0.183837890625,4096,0,7.819241432116542e-08,3648042.0,True,7d8a92dcd52165b62a710b2ef35594972c5e4bc2a6a333c5f771e58f5946de5a
hopper-expert-v2,14,0,two_actor_p4,dataset,bound_frac,deployment,,0.569091796875,4096,0,3.0405291795432277e-07,3962995.5,True,7d8a92dcd52165b62a710b2ef35594972c5e4bc2a6a333c5f771e58f5946de5a
hopper-expert-v2,14,0,two_actor_p4,rollout_union,bound_frac,target_value,,0.3125,336,0,6.035710953256057e-08,4590057.0,True,7d8a92dcd52165b62a710b2ef35594972c5e4bc2a6a333c5f771e58f5946de5a
hopper-expert-v2,14,0,two_actor_p4,rollout_union,bound_frac,deployment,,0.7321428571428571,336,0,2.357094217586564e-07,4698340.5,True,7d8a92dcd52165b62a710b2ef35594972c5e4bc2a6a333c5f771e58f5946de5a
hopper-expert-v2,20,0,two_actor_p4,dataset,bound_frac,target_value,,0.95947265625,4096,0,2.8747358660208278e-11,84189233152.0,True,0dec3a84fc9bdcc101e9ddd1bb22d24aa4dc5ff7f2dd4f9dc1fa73d7ed526db0
hopper-expert-v2,20,0,two_actor_p4,dataset,bound_frac,deployment,,1.0,4096,0,1.1268530553110168e-10,87493738496.0,True,0dec3a84fc9bdcc101e9ddd1bb22d24aa4dc5ff7f2dd4f9dc1fa73d7ed526db0
hopper-expert-v2,20,0,two_actor_p4,rollout_union,bound_frac,target_value,,1.0,29,0,1.7354225695376257e-11,112603381760.0,True,0dec3a84fc9bdcc101e9ddd1bb22d24aa4dc5ff7f2dd4f9dc1fa73d7ed526db0
hopper-expert-v2,20,0,two_actor_p4,rollout_union,bound_frac,deployment,,1.0,29,0,6.941690278150503e-11,112603381760.0,True,0dec3a84fc9bdcc101e9ddd1bb22d24aa4dc5ff7f2dd4f9dc1fa73d7ed526db0
halfcheetah-medium-v2,4,0,two_actor_p4,dataset,bound_frac,target_value,,0.490966796875,4096,0,0.0045778630301356316,10.443733215332031,True,d4db1289494afc4c3c2fc4fe1c6309306a0854500dabc62aba05eda472047fd0
halfcheetah-medium-v2,4,0,two_actor_p4,dataset,bound_frac,deployment,,0.717041015625,4096,0,0.018259016796946526,9.666558265686035,True,d4db1289494afc4c3c2fc4fe1c6309306a0854500dabc62aba05eda472047fd0
halfcheetah-medium-v2,4,0,two_actor_p4,rollout_union,bound_frac,target_value,,0.42971147943523635,1629,0,0.004288486670702696,8.805495262145996,True,d4db1289494afc4c3c2fc4fe1c6309306a0854500dabc62aba05eda472047fd0
halfcheetah-medium-v2,4,0,two_actor_p4,rollout_union,bound_frac,deployment,,0.6783302639656231,1629,0,0.017122339457273483,8.34833812713623,True,d4db1289494afc4c3c2fc4fe1c6309306a0854500dabc62aba05eda472047fd0
halfcheetah-medium-v2,7,0,two_actor_p4,dataset,bound_frac,target_value,,0.610595703125,4096,0,0.007586384657770395,9.55248737335205,True,7b4de3f19e691197bbd59143b283a3a3b1ed7b8fc7a1bcd800aaa518c84fc2bb
halfcheetah-medium-v2,7,0,two_actor_p4,dataset,bound_frac,deployment,,0.81640625,4096,0,0.030256206169724464,8.904595375061035,True,7b4de3f19e691197bbd59143b283a3a3b1ed7b8fc7a1bcd800aaa518c84fc2bb
halfcheetah-medium-v2,7,0,two_actor_p4,rollout_union,bound_frac,target_value,,0.6371737746658179,1571,0,0.006986056920140982,8.491949081420898,True,7b4de3f19e691197bbd59143b283a3a3b1ed7b8fc7a1bcd800aaa518c84fc2bb
halfcheetah-medium-v2,7,0,two_actor_p4,rollout_union,bound_frac,deployment,,0.803946530872056,1571,0,0.02788412570953369,7.727492332458496,True,7b4de3f19e691197bbd59143b283a3a3b1ed7b8fc7a1bcd800aaa518c84fc2bb
halfcheetah-medium-v2,10,0,two_actor_p4,dataset,bound_frac,target_value,,0.67919921875,4096,0,0.010315729305148125,9.105478286743164,True,0d309b47c51877d479173eb45d57e08f2d318cb96908225ec9bdc91a52bf481c
halfcheetah-medium-v2,10,0,two_actor_p4,dataset,bound_frac,deployment,,0.835205078125,4096,0,0.04113086313009262,8.684432983398438,True,0d309b47c51877d479173eb45d57e08f2d318cb96908225ec9bdc91a52bf481c
halfcheetah-medium-v2,10,0,two_actor_p4,rollout_union,bound_frac,target_value,,0.7319257837492003,1563,0,0.009460259228944778,8.52567195892334,True,0d309b47c51877d479173eb45d57e08f2d318cb96908225ec9bdc91a52bf481c
halfcheetah-medium-v2,10,0,two_actor_p4,rollout_union,bound_frac,deployment,,0.8707613563659629,1563,0,0.037753693759441376,8.353543281555176,True,0d309b47c51877d479173eb45d57e08f2d318cb96908225ec9bdc91a52bf481c
halfcheetah-medium-v2,14,0,two_actor_p4,dataset,bound_frac,target_value,,0.699951171875,4096,0,0.014135649427771568,8.781169891357422,True,c214e4122d4d67e0ca7ca48fb5cb0d9cef16fa9a83a198ecc3d956737bb86c26
halfcheetah-medium-v2,14,0,two_actor_p4,dataset,bound_frac,deployment,,0.84912109375,4096,0,0.05635908991098404,8.318143844604492,True,c214e4122d4d67e0ca7ca48fb5cb0d9cef16fa9a83a198ecc3d956737bb86c26
halfcheetah-medium-v2,14,0,two_actor_p4,rollout_union,bound_frac,target_value,,0.5877576514678327,1601,0,0.012953359633684158,8.239870071411133,True,c214e4122d4d67e0ca7ca48fb5cb0d9cef16fa9a83a198ecc3d956737bb86c26
halfcheetah-medium-v2,14,0,two_actor_p4,rollout_union,bound_frac,deployment,,0.801998750780762,1601,0,0.05168115347623825,7.6162824630737305,True,c214e4122d4d67e0ca7ca48fb5cb0d9cef16fa9a83a198ecc3d956737bb86c26
halfcheetah-medium-v2,20,0,two_actor_p4,dataset,bound_frac,target_value,,0.778076171875,4096,0,0.019397439435124397,8.254263877868652,True,7047bda49fa3d427128c52ffaa80139e87467bb5788954f7bd0ea33792785c54
halfcheetah-medium-v2,20,0,two_actor_p4,dataset,bound_frac,deployment,,0.87744140625,4096,0,0.07735734432935715,7.948829650878906,True,7047bda49fa3d427128c52ffaa80139e87467bb5788954f7bd0ea33792785c54
halfcheetah-medium-v2,20,0,two_actor_p4,rollout_union,bound_frac,target_value,,0.8088328075709779,1585,0,0.017624957486987114,7.928691387176514,True,7047bda49fa3d427128c52ffaa80139e87467bb5788954f7bd0ea33792785c54
halfcheetah-medium-v2,20,0,two_actor_p4,rollout_union,bound_frac,deployment,,0.897160883280757,1585,0,0.07035037875175476,7.469182968139648,True,7047bda49fa3d427128c52ffaa80139e87467bb5788954f7bd0ea33792785c54
halfcheetah-medium-replay-v2,4,0,two_actor_p4,dataset,bound_frac,target_value,,0.607177734375,4096,0,0.006748359650373459,13.142670631408691,True,8d0251ae77393799a6a1afeaa79e4d799fcfa79acc6a24bda60c67f25a5f37bd
halfcheetah-medium-replay-v2,4,0,two_actor_p4,dataset,bound_frac,deployment,,0.64404296875,4096,0,0.026762064546346664,12.483978271484375,True,8d0251ae77393799a6a1afeaa79e4d799fcfa79acc6a24bda60c67f25a5f37bd
halfcheetah-medium-replay-v2,4,0,two_actor_p4,rollout_union,bound_frac,target_value,,0.8669154228855721,1608,0,0.005148669704794884,11.57160758972168,True,8d0251ae77393799a6a1afeaa79e4d799fcfa79acc6a24bda60c67f25a5f37bd
halfcheetah-medium-replay-v2,4,0,two_actor_p4,rollout_union,bound_frac,deployment,,0.8781094527363185,1608,0,0.020533863455057144,11.251815795898438,True,8d0251ae77393799a6a1afeaa79e4d799fcfa79acc6a24bda60c67f25a5f37bd
halfcheetah-medium-replay-v2,7,0,two_actor_p4,dataset,bound_frac,target_value,,0.58740234375,4096,0,0.010734970681369305,11.72295093536377,True,7853fb8ab38e84013d60ce25f425e8980ddbdec50d089862f931c83cdc7bd259
halfcheetah-medium-replay-v2,7,0,two_actor_p4,dataset,bound_frac,deployment,,0.659423828125,4096,0,0.042587947100400925,11.344268798828125,True,7853fb8ab38e84013d60ce25f425e8980ddbdec50d089862f931c83cdc7bd259
halfcheetah-medium-replay-v2,7,0,two_actor_p4,rollout_union,bound_frac,target_value,,0.8554948391013965,1647,0,0.008250540122389793,10.994544982910156,True,7853fb8ab38e84013d60ce25f425e8980ddbdec50d089862f931c83cdc7bd259
halfcheetah-medium-replay-v2,7,0,two_actor_p4,rollout_union,bound_frac,deployment,,0.8658166363084396,1647,0,0.032911188900470734,10.769583702087402,True,7853fb8ab38e84013d60ce25f425e8980ddbdec50d089862f931c83cdc7bd259
halfcheetah-medium-replay-v2,10,0,two_actor_p4,dataset,bound_frac,target_value,,0.61083984375,4096,0,0.014621419832110405,10.813920021057129,True,dac1ab5bf5dc329e9ec961d8ef437f7cb5a246a3a31f0b77c54d17e0e8db28cd
halfcheetah-medium-replay-v2,10,0,two_actor_p4,dataset,bound_frac,deployment,,0.72509765625,4096,0,0.0580623522400856,10.54782772064209,True,dac1ab5bf5dc329e9ec961d8ef437f7cb5a246a3a31f0b77c54d17e0e8db28cd
halfcheetah-medium-replay-v2,10,0,two_actor_p4,rollout_union,bound_frac,target_value,,0.9071702944942381,1562,0,0.011284271255135536,10.457998275756836,True,dac1ab5bf5dc329e9ec961d8ef437f7cb5a246a3a31f0b77c54d17e0e8db28cd
halfcheetah-medium-replay-v2,10,0,two_actor_p4,rollout_union,bound_frac,deployment,,0.8719590268886044,1562,0,0.045026205480098724,10.527078628540039,True,dac1ab5bf5dc329e9ec961d8ef437f7cb5a246a3a31f0b77c54d17e0e8db28cd
hopper-medium-v2,4,1,MART4,dataset,bound_frac,mu1,,0.19287109375,4096,0,0.0085139786824584,3.473139762878418,True,a86004530a9b4190850300b6d6dd85c1d7e9a324b0f4f801b8d0da3be7dee6b1
hopper-medium-v2,4,1,MART4,dataset,bound_frac,mu2,,0.192626953125,4096,0,0.0085139786824584,3.442962169647217,True,a86004530a9b4190850300b6d6dd85c1d7e9a324b0f4f801b8d0da3be7dee6b1
hopper-medium-v2,4,1,MART4,dataset,bound_frac,mu3,,0.195068359375,4096,0,0.008509619161486626,3.4330601692199707,True,a86004530a9b4190850300b6d6dd85c1d7e9a324b0f4f801b8d0da3be7dee6b1
hopper-medium-v2,4,1,MART4,dataset,bound_frac,mu4,,0.2021484375,4096,0,0.008506239391863346,3.402892827987671,True,a86004530a9b4190850300b6d6dd85c1d7e9a324b0f4f801b8d0da3be7dee6b1
hopper-medium-v2,4,1,MART4,dataset,adjacent_rms,mu1,mu2,0.04803925007581711,4096,0,,,True,a86004530a9b4190850300b6d6dd85c1d7e9a324b0f4f801b8d0da3be7dee6b1
hopper-medium-v2,4,1,MART4,dataset,adjacent_rms,mu2,mu3,0.04554225131869316,4096,0,,,True,a86004530a9b4190850300b6d6dd85c1d7e9a324b0f4f801b8d0da3be7dee6b1
hopper-medium-v2,4,1,MART4,dataset,adjacent_rms,mu3,mu4,0.04964889585971832,4096,0,,,True,a86004530a9b4190850300b6d6dd85c1d7e9a324b0f4f801b8d0da3be7dee6b1
hopper-medium-v2,4,1,MART4,dataset,from_mu1_rms,mu1,mu2,0.04803925007581711,4096,0,,,True,a86004530a9b4190850300b6d6dd85c1d7e9a324b0f4f801b8d0da3be7dee6b1
hopper-medium-v2,4,1,MART4,dataset,from_mu1_rms,mu1,mu3,0.06550253927707672,4096,0,,,True,a86004530a9b4190850300b6d6dd85c1d7e9a324b0f4f801b8d0da3be7dee6b1
hopper-medium-v2,4,1,MART4,dataset,from_mu1_rms,mu1,mu4,0.073625847697258,4096,0,,,True,a86004530a9b4190850300b6d6dd85c1d7e9a324b0f4f801b8d0da3be7dee6b1
hopper-medium-v2,4,1,MART4,dataset,cos_d2_d3,delta,delta,-0.03517381474375725,4096,0,,,True,a86004530a9b4190850300b6d6dd85c1d7e9a324b0f4f801b8d0da3be7dee6b1
hopper-medium-v2,4,1,MART4,dataset,cos_d3_d4,delta,delta,-0.02866113930940628,4096,0,,,True,a86004530a9b4190850300b6d6dd85c1d7e9a324b0f4f801b8d0da3be7dee6b1
hopper-medium-v2,4,1,MART4,dataset,cos_d2_d4,delta,delta,-0.18584191799163818,4096,0,,,True,a86004530a9b4190850300b6d6dd85c1d7e9a324b0f4f801b8d0da3be7dee6b1
hopper-medium-v2,4,1,MART4,rollout_union,bound_frac,mu1,,0.20353982300884957,1017,0,0.0078066205605864525,3.0379490852355957,True,a86004530a9b4190850300b6d6dd85c1d7e9a324b0f4f801b8d0da3be7dee6b1
hopper-medium-v2,4,1,MART4,rollout_union,bound_frac,mu2,,0.20943952802359883,1017,0,0.0078066205605864525,3.0344488620758057,True,a86004530a9b4190850300b6d6dd85c1d7e9a324b0f4f801b8d0da3be7dee6b1
hopper-medium-v2,4,1,MART4,rollout_union,bound_frac,mu3,,0.21140609636184857,1017,0,0.007804965600371361,3.0809483528137207,True,a86004530a9b4190850300b6d6dd85c1d7e9a324b0f4f801b8d0da3be7dee6b1
hopper-medium-v2,4,1,MART4,rollout_union,bound_frac,mu4,,0.2182890855457227,1017,0,0.007803242653608322,3.0538439750671387,True,a86004530a9b4190850300b6d6dd85c1d7e9a324b0f4f801b8d0da3be7dee6b1
hopper-medium-v2,4,1,MART4,rollout_union,adjacent_rms,mu1,mu2,0.04532561078667641,1017,0,,,True,a86004530a9b4190850300b6d6dd85c1d7e9a324b0f4f801b8d0da3be7dee6b1
hopper-medium-v2,4,1,MART4,rollout_union,adjacent_rms,mu2,mu3,0.042174115777015686,1017,0,,,True,a86004530a9b4190850300b6d6dd85c1d7e9a324b0f4f801b8d0da3be7dee6b1
hopper-medium-v2,4,1,MART4,rollout_union,adjacent_rms,mu3,mu4,0.04603557288646698,1017,0,,,True,a86004530a9b4190850300b6d6dd85c1d7e9a324b0f4f801b8d0da3be7dee6b1
hopper-medium-v2,4,1,MART4,rollout_union,from_mu1_rms,mu1,mu2,0.04532561078667641,1017,0,,,True,a86004530a9b4190850300b6d6dd85c1d7e9a324b0f4f801b8d0da3be7dee6b1
hopper-medium-v2,4,1,MART4,rollout_union,from_mu1_rms,mu1,mu3,0.057456642389297485,1017,0,,,True,a86004530a9b4190850300b6d6dd85c1d7e9a324b0f4f801b8d0da3be7dee6b1
hopper-medium-v2,4,1,MART4,rollout_union,from_mu1_rms,mu1,mu4,0.06117436662316322,1017,0,,,True,a86004530a9b4190850300b6d6dd85c1d7e9a324b0f4f801b8d0da3be7dee6b1
hopper-medium-v2,4,1,MART4,rollout_union,cos_d2_d3,delta,delta,-0.12332422286272049,1017,0,,,True,a86004530a9b4190850300b6d6dd85c1d7e9a324b0f4f801b8d0da3be7dee6b1
hopper-medium-v2,4,1,MART4,rollout_union,cos_d3_d4,delta,delta,-0.05781753361225128,1017,0,,,True,a86004530a9b4190850300b6d6dd85c1d7e9a324b0f4f801b8d0da3be7dee6b1
hopper-medium-v2,4,1,MART4,rollout_union,cos_d2_d4,delta,delta,-0.2712746560573578,1017,0,,,True,a86004530a9b4190850300b6d6dd85c1d7e9a324b0f4f801b8d0da3be7dee6b1
hopper-medium-v2,7,1,MART4,dataset,bound_frac,mu1,,0.190673828125,4096,0,0.014553203247487545,3.3278462886810303,True,333d00bd6ed883a1c348c636cabaa88bc6936ee898c5e5d7de4c1d357244814c
hopper-medium-v2,7,1,MART4,dataset,bound_frac,mu2,,0.191650390625,4096,0,0.014553203247487545,3.3040428161621094,True,333d00bd6ed883a1c348c636cabaa88bc6936ee898c5e5d7de4c1d357244814c
hopper-medium-v2,7,1,MART4,dataset,bound_frac,mu3,,0.200927734375,4096,0,0.014542726799845695,3.2828221321105957,True,333d00bd6ed883a1c348c636cabaa88bc6936ee898c5e5d7de4c1d357244814c
hopper-medium-v2,7,1,MART4,dataset,bound_frac,mu4,,0.21337890625,4096,0,0.01453495118767023,3.2382121086120605,True,333d00bd6ed883a1c348c636cabaa88bc6936ee898c5e5d7de4c1d357244814c
hopper-medium-v2,7,1,MART4,dataset,adjacent_rms,mu1,mu2,0.051711555570364,4096,0,,,True,333d00bd6ed883a1c348c636cabaa88bc6936ee898c5e5d7de4c1d357244814c
hopper-medium-v2,7,1,MART4,dataset,adjacent_rms,mu2,mu3,0.04733768105506897,4096,0,,,True,333d00bd6ed883a1c348c636cabaa88bc6936ee898c5e5d7de4c1d357244814c
hopper-medium-v2,7,1,MART4,dataset,adjacent_rms,mu3,mu4,0.05525427311658859,4096,0,,,True,333d00bd6ed883a1c348c636cabaa88bc6936ee898c5e5d7de4c1d357244814c
hopper-medium-v2,7,1,MART4,dataset,from_mu1_rms,mu1,mu2,0.051711555570364,4096,0,,,True,333d00bd6ed883a1c348c636cabaa88bc6936ee898c5e5d7de4c1d357244814c
hopper-medium-v2,7,1,MART4,dataset,from_mu1_rms,mu1,mu3,0.07237252593040466,4096,0,,,True,333d00bd6ed883a1c348c636cabaa88bc6936ee898c5e5d7de4c1d357244814c
hopper-medium-v2,7,1,MART4,dataset,from_mu1_rms,mu1,mu4,0.0900672897696495,4096,0,,,True,333d00bd6ed883a1c348c636cabaa88bc6936ee898c5e5d7de4c1d357244814c
hopper-medium-v2,7,1,MART4,dataset,cos_d2_d3,delta,delta,0.023382078856229782,4096,0,,,True,333d00bd6ed883a1c348c636cabaa88bc6936ee898c5e5d7de4c1d357244814c
hopper-medium-v2,7,1,MART4,dataset,cos_d3_d4,delta,delta,0.03597493842244148,4096,0,,,True,333d00bd6ed883a1c348c636cabaa88bc6936ee898c5e5d7de4c1d357244814c
hopper-medium-v2,7,1,MART4,dataset,cos_d2_d4,delta,delta,-0.04329763725399971,4096,0,,,True,333d00bd6ed883a1c348c636cabaa88bc6936ee898c5e5d7de4c1d357244814c
hopper-medium-v2,7,1,MART4,rollout_union,bound_frac,mu1,,0.2130257801899593,1474,0,0.012562856078147888,3.056612253189087,True,333d00bd6ed883a1c348c636cabaa88bc6936ee898c5e5d7de4c1d357244814c
hopper-medium-v2,7,1,MART4,rollout_union,bound_frac,mu2,,0.21234735413839892,1474,0,0.012562856078147888,3.052926540374756,True,333d00bd6ed883a1c348c636cabaa88bc6936ee898c5e5d7de4c1d357244814c
hopper-medium-v2,7,1,MART4,rollout_union,bound_frac,mu3,,0.22523744911804613,1474,0,0.012555476278066635,3.02388858795166,True,333d00bd6ed883a1c348c636cabaa88bc6936ee898c5e5d7de4c1d357244814c
hopper-medium-v2,7,1,MART4,rollout_union,bound_frac,mu4,,0.2394843962008141,1474,0,0.012550816871225834,2.9959261417388916,True,333d00bd6ed883a1c348c636cabaa88bc6936ee898c5e5d7de4c1d357244814c
hopper-medium-v2,7,1,MART4,rollout_union,adjacent_rms,mu1,mu2,0.05217039957642555,1474,0,,,True,333d00bd6ed883a1c348c636cabaa88bc6936ee898c5e5d7de4c1d357244814c
hopper-medium-v2,7,1,MART4,rollout_union,adjacent_rms,mu2,mu3,0.0429128035902977,1474,0,,,True,333d00bd6ed883a1c348c636cabaa88bc6936ee898c5e5d7de4c1d357244814c
hopper-medium-v2,7,1,MART4,rollout_union,adjacent_rms,mu3,mu4,0.05240512639284134,1474,0,,,True,333d00bd6ed883a1c348c636cabaa88bc6936ee898c5e5d7de4c1d357244814c
hopper-medium-v2,7,1,MART4,rollout_union,from_mu1_rms,mu1,mu2,0.05217039957642555,1474,0,,,True,333d00bd6ed883a1c348c636cabaa88bc6936ee898c5e5d7de4c1d357244814c
hopper-medium-v2,7,1,MART4,rollout_union,from_mu1_rms,mu1,mu3,0.06811536103487015,1474,0,,,True,333d00bd6ed883a1c348c636cabaa88bc6936ee898c5e5d7de4c1d357244814c
hopper-medium-v2,7,1,MART4,rollout_union,from_mu1_rms,mu1,mu4,0.07979291677474976,1474,0,,,True,333d00bd6ed883a1c348c636cabaa88bc6936ee898c5e5d7de4c1d357244814c
hopper-medium-v2,7,1,MART4,rollout_union,cos_d2_d3,delta,delta,-0.06151638180017471,1474,0,,,True,333d00bd6ed883a1c348c636cabaa88bc6936ee898c5e5d7de4c1d357244814c
hopper-medium-v2,7,1,MART4,rollout_union,cos_d3_d4,delta,delta,-0.006446811370551586,1474,0,,,True,333d00bd6ed883a1c348c636cabaa88bc6936ee898c5e5d7de4c1d357244814c
hopper-medium-v2,7,1,MART4,rollout_union,cos_d2_d4,delta,delta,-0.07463651150465012,1474,0,,,True,333d00bd6ed883a1c348c636cabaa88bc6936ee898c5e5d7de4c1d357244814c
hopper-medium-v2,10,1,MART4,dataset,bound_frac,mu1,,0.196044921875,4096,0,0.02043749950826168,3.093356132507324,True,6aa372aefdb40f3dac09e1f026d781d3bab7e63f4735743c358c1bda69a1acc3
hopper-medium-v2,10,1,MART4,dataset,bound_frac,mu2,,0.20556640625,4096,0,0.02043749950826168,3.047623872756958,True,6aa372aefdb40f3dac09e1f026d781d3bab7e63f4735743c358c1bda69a1acc3
hopper-medium-v2,10,1,MART4,dataset,bound_frac,mu3,,0.220703125,4096,0,0.020421212539076805,3.0528483390808105,True,6aa372aefdb40f3dac09e1f026d781d3bab7e63f4735743c358c1bda69a1acc3
hopper-medium-v2,10,1,MART4,dataset,bound_frac,mu4,,0.2373046875,4096,0,0.02040826342999935,3.0736114978790283,True,6aa372aefdb40f3dac09e1f026d781d3bab7e63f4735743c358c1bda69a1acc3
hopper-medium-v2,10,1,MART4,dataset,adjacent_rms,mu1,mu2,0.05809952691197395,4096,0,,,True,6aa372aefdb40f3dac09e1f026d781d3bab7e63f4735743c358c1bda69a1acc3
hopper-medium-v2,10,1,MART4,dataset,adjacent_rms,mu2,mu3,0.05338957905769348,4096,0,,,True,6aa372aefdb40f3dac09e1f026d781d3bab7e63f4735743c358c1bda69a1acc3
hopper-medium-v2,10,1,MART4,dataset,adjacent_rms,mu3,mu4,0.05807158350944519,4096,0,,,True,6aa372aefdb40f3dac09e1f026d781d3bab7e63f4735743c358c1bda69a1acc3
hopper-medium-v2,10,1,MART4,dataset,from_mu1_rms,mu1,mu2,0.05809952691197395,4096,0,,,True,6aa372aefdb40f3dac09e1f026d781d3bab7e63f4735743c358c1bda69a1acc3
hopper-medium-v2,10,1,MART4,dataset,from_mu1_rms,mu1,mu3,0.08480943739414215,4096,0,,,True,6aa372aefdb40f3dac09e1f026d781d3bab7e63f4735743c358c1bda69a1acc3
hopper-medium-v2,10,1,MART4,dataset,from_mu1_rms,mu1,mu4,0.10799194872379303,4096,0,,,True,6aa372aefdb40f3dac09e1f026d781d3bab7e63f4735743c358c1bda69a1acc3
hopper-medium-v2,10,1,MART4,dataset,cos_d2_d3,delta,delta,0.11268676072359085,4096,0,,,True,6aa372aefdb40f3dac09e1f026d781d3bab7e63f4735743c358c1bda69a1acc3
hopper-medium-v2,10,1,MART4,dataset,cos_d3_d4,delta,delta,0.08651392161846161,4096,0,,,True,6aa372aefdb40f3dac09e1f026d781d3bab7e63f4735743c358c1bda69a1acc3
hopper-medium-v2,10,1,MART4,dataset,cos_d2_d4,delta,delta,0.0198710635304451,4096,0,,,True,6aa372aefdb40f3dac09e1f026d781d3bab7e63f4735743c358c1bda69a1acc3
hopper-medium-v2,10,1,MART4,rollout_union,bound_frac,mu1,,0.2278162366268093,1589,0,0.017275894060730934,2.6303319931030273,True,6aa372aefdb40f3dac09e1f026d781d3bab7e63f4735743c358c1bda69a1acc3
hopper-medium-v2,10,1,MART4,rollout_union,bound_frac,mu2,,0.22844556324732537,1589,0,0.017275894060730934,2.6112051010131836,True,6aa372aefdb40f3dac09e1f026d781d3bab7e63f4735743c358c1bda69a1acc3
hopper-medium-v2,10,1,MART4,rollout_union,bound_frac,mu3,,0.24417872876022656,1589,0,0.01727016270160675,2.613100051879883,True,6aa372aefdb40f3dac09e1f026d781d3bab7e63f4735743c358c1bda69a1acc3
hopper-medium-v2,10,1,MART4,rollout_union,bound_frac,mu4,,0.25361862806796726,1589,0,0.01726325787603855,2.6788854598999023,True,6aa372aefdb40f3dac09e1f026d781d3bab7e63f4735743c358c1bda69a1acc3
hopper-medium-v2,10,1,MART4,rollout_union,adjacent_rms,mu1,mu2,0.06067154183983803,1589,0,,,True,6aa372aefdb40f3dac09e1f026d781d3bab7e63f4735743c358c1bda69a1acc3
hopper-medium-v2,10,1,MART4,rollout_union,adjacent_rms,mu2,mu3,0.05692383274435997,1589,0,,,True,6aa372aefdb40f3dac09e1f026d781d3bab7e63f4735743c358c1bda69a1acc3
hopper-medium-v2,10,1,MART4,rollout_union,adjacent_rms,mu3,mu4,0.06508908420801163,1589,0,,,True,6aa372aefdb40f3dac09e1f026d781d3bab7e63f4735743c358c1bda69a1acc3
hopper-medium-v2,10,1,MART4,rollout_union,from_mu1_rms,mu1,mu2,0.06067154183983803,1589,0,,,True,6aa372aefdb40f3dac09e1f026d781d3bab7e63f4735743c358c1bda69a1acc3
hopper-medium-v2,10,1,MART4,rollout_union,from_mu1_rms,mu1,mu3,0.08029670268297195,1589,0,,,True,6aa372aefdb40f3dac09e1f026d781d3bab7e63f4735743c358c1bda69a1acc3
hopper-medium-v2,10,1,MART4,rollout_union,from_mu1_rms,mu1,mu4,0.0991315096616745,1589,0,,,True,6aa372aefdb40f3dac09e1f026d781d3bab7e63f4735743c358c1bda69a1acc3
hopper-medium-v2,10,1,MART4,rollout_union,cos_d2_d3,delta,delta,-0.010099656879901886,1589,0,,,True,6aa372aefdb40f3dac09e1f026d781d3bab7e63f4735743c358c1bda69a1acc3
hopper-medium-v2,10,1,MART4,rollout_union,cos_d3_d4,delta,delta,-0.05794784799218178,1589,0,,,True,6aa372aefdb40f3dac09e1f026d781d3bab7e63f4735743c358c1bda69a1acc3
hopper-medium-v2,10,1,MART4,rollout_union,cos_d2_d4,delta,delta,-0.08390971273183823,1589,0,,,True,6aa372aefdb40f3dac09e1f026d781d3bab7e63f4735743c358c1bda69a1acc3
hopper-medium-v2,14,1,MART4,dataset,bound_frac,mu1,,0.20263671875,4096,0,0.028217023238539696,2.870065212249756,True,fc6fe4c69da3bae72598fda1d87c6042769d8a3b4bae88b26c1ef151a5061064
hopper-medium-v2,14,1,MART4,dataset,bound_frac,mu2,,0.21533203125,4096,0,0.028217023238539696,2.8184638023376465,True,fc6fe4c69da3bae72598fda1d87c6042769d8a3b4bae88b26c1ef151a5061064
hopper-medium-v2,14,1,MART4,dataset,bound_frac,mu3,,0.234619140625,4096,0,0.02819182351231575,2.8371496200561523,True,fc6fe4c69da3bae72598fda1d87c6042769d8a3b4bae88b26c1ef151a5061064
hopper-medium-v2,14,1,MART4,dataset,bound_frac,mu4,,0.24658203125,4096,0,0.02817203849554062,2.828503131866455,True,fc6fe4c69da3bae72598fda1d87c6042769d8a3b4bae88b26c1ef151a5061064
hopper-medium-v2,14,1,MART4,dataset,adjacent_rms,mu1,mu2,0.061590589582920074,4096,0,,,True,fc6fe4c69da3bae72598fda1d87c6042769d8a3b4bae88b26c1ef151a5061064
hopper-medium-v2,14,1,MART4,dataset,adjacent_rms,mu2,mu3,0.05885530635714531,4096,0,,,True,fc6fe4c69da3bae72598fda1d87c6042769d8a3b4bae88b26c1ef151a5061064
hopper-medium-v2,14,1,MART4,dataset,adjacent_rms,mu3,mu4,0.0669289156794548,4096,0,,,True,fc6fe4c69da3bae72598fda1d87c6042769d8a3b4bae88b26c1ef151a5061064
hopper-medium-v2,14,1,MART4,dataset,from_mu1_rms,mu1,mu2,0.061590589582920074,4096,0,,,True,fc6fe4c69da3bae72598fda1d87c6042769d8a3b4bae88b26c1ef151a5061064
hopper-medium-v2,14,1,MART4,dataset,from_mu1_rms,mu1,mu3,0.09446980804204941,4096,0,,,True,fc6fe4c69da3bae72598fda1d87c6042769d8a3b4bae88b26c1ef151a5061064
hopper-medium-v2,14,1,MART4,dataset,from_mu1_rms,mu1,mu4,0.12591709196567535,4096,0,,,True,fc6fe4c69da3bae72598fda1d87c6042769d8a3b4bae88b26c1ef151a5061064
hopper-medium-v2,14,1,MART4,dataset,cos_d2_d3,delta,delta,0.16855721175670624,4096,0,,,True,fc6fe4c69da3bae72598fda1d87c6042769d8a3b4bae88b26c1ef151a5061064
hopper-medium-v2,14,1,MART4,dataset,cos_d3_d4,delta,delta,0.13266295194625854,4096,0,,,True,fc6fe4c69da3bae72598fda1d87c6042769d8a3b4bae88b26c1ef151a5061064
hopper-medium-v2,14,1,MART4,dataset,cos_d2_d4,delta,delta,0.07199782133102417,4096,0,,,True,fc6fe4c69da3bae72598fda1d87c6042769d8a3b4bae88b26c1ef151a5061064
hopper-medium-v2,14,1,MART4,rollout_union,bound_frac,mu1,,0.20099564405724954,1607,0,0.023230573162436485,1.8001688718795776,True,fc6fe4c69da3bae72598fda1d87c6042769d8a3b4bae88b26c1ef151a5061064
hopper-medium-v2,14,1,MART4,rollout_union,bound_frac,mu2,,0.20970752955818295,1607,0,0.023230573162436485,1.7887941598892212,True,fc6fe4c69da3bae72598fda1d87c6042769d8a3b4bae88b26c1ef151a5061064
hopper-medium-v2,14,1,MART4,rollout_union,bound_frac,mu3,,0.21281891723708773,1607,0,0.02322489023208618,1.7908716201782227,True,fc6fe4c69da3bae72598fda1d87c6042769d8a3b4bae88b26c1ef151a5061064
hopper-medium-v2,14,1,MART4,rollout_union,bound_frac,mu4,,0.209085252022402,1607,0,0.023219097405672073,1.814566731452942,True,fc6fe4c69da3bae72598fda1d87c6042769d8a3b4bae88b26c1ef151a5061064
hopper-medium-v2,14,1,MART4,rollout_union,adjacent_rms,mu1,mu2,0.056970562785863876,1607,0,,,True,fc6fe4c69da3bae72598fda1d87c6042769d8a3b4bae88b26c1ef151a5061064
hopper-medium-v2,14,1,MART4,rollout_union,adjacent_rms,mu2,mu3,0.05840450897812843,1607,0,,,True,fc6fe4c69da3bae72598fda1d87c6042769d8a3b4bae88b26c1ef151a5061064
hopper-medium-v2,14,1,MART4,rollout_union,adjacent_rms,mu3,mu4,0.06923361122608185,1607,0,,,True,fc6fe4c69da3bae72598fda1d87c6042769d8a3b4bae88b26c1ef151a5061064
hopper-medium-v2,14,1,MART4,rollout_union,from_mu1_rms,mu1,mu2,0.056970562785863876,1607,0,,,True,fc6fe4c69da3bae72598fda1d87c6042769d8a3b4bae88b26c1ef151a5061064
hopper-medium-v2,14,1,MART4,rollout_union,from_mu1_rms,mu1,mu3,0.0792558416724205,1607,0,,,True,fc6fe4c69da3bae72598fda1d87c6042769d8a3b4bae88b26c1ef151a5061064
hopper-medium-v2,14,1,MART4,rollout_union,from_mu1_rms,mu1,mu4,0.10028691589832306,1607,0,,,True,fc6fe4c69da3bae72598fda1d87c6042769d8a3b4bae88b26c1ef151a5061064
hopper-medium-v2,14,1,MART4,rollout_union,cos_d2_d3,delta,delta,-0.00021465684403665364,1607,0,,,True,fc6fe4c69da3bae72598fda1d87c6042769d8a3b4bae88b26c1ef151a5061064
hopper-medium-v2,14,1,MART4,rollout_union,cos_d3_d4,delta,delta,-0.033730003982782364,1607,0,,,True,fc6fe4c69da3bae72598fda1d87c6042769d8a3b4bae88b26c1ef151a5061064
hopper-medium-v2,14,1,MART4,rollout_union,cos_d2_d4,delta,delta,-0.03477739542722702,1607,0,,,True,fc6fe4c69da3bae72598fda1d87c6042769d8a3b4bae88b26c1ef151a5061064
hopper-medium-v2,20,1,MART4,dataset,bound_frac,mu1,,0.20068359375,4096,0,0.04074831306934357,3.1866250038146973,True,bc29297aa1d30aafbe680b010b3573d34376f661fdb7c5e3b685f1967fa577ef
hopper-medium-v2,20,1,MART4,dataset,bound_frac,mu2,,0.240478515625,4096,0,0.04074831306934357,3.1729180812835693,True,bc29297aa1d30aafbe680b010b3573d34376f661fdb7c5e3b685f1967fa577ef
hopper-medium-v2,20,1,MART4,dataset,bound_frac,mu3,,0.2587890625,4096,0,0.04069704934954643,3.185065269470215,True,bc29297aa1d30aafbe680b010b3573d34376f661fdb7c5e3b685f1967fa577ef
hopper-medium-v2,20,1,MART4,dataset,bound_frac,mu4,,0.272216796875,4096,0,0.04065348207950592,3.19498872756958,True,bc29297aa1d30aafbe680b010b3573d34376f661fdb7c5e3b685f1967fa577ef
hopper-medium-v2,20,1,MART4,dataset,adjacent_rms,mu1,mu2,0.07791701704263687,4096,0,,,True,bc29297aa1d30aafbe680b010b3573d34376f661fdb7c5e3b685f1967fa577ef
hopper-medium-v2,20,1,MART4,dataset,adjacent_rms,mu2,mu3,0.07971930503845215,4096,0,,,True,bc29297aa1d30aafbe680b010b3573d34376f661fdb7c5e3b685f1967fa577ef
hopper-medium-v2,20,1,MART4,dataset,adjacent_rms,mu3,mu4,0.08282796293497086,4096,0,,,True,bc29297aa1d30aafbe680b010b3573d34376f661fdb7c5e3b685f1967fa577ef
hopper-medium-v2,20,1,MART4,dataset,from_mu1_rms,mu1,mu2,0.07791701704263687,4096,0,,,True,bc29297aa1d30aafbe680b010b3573d34376f661fdb7c5e3b685f1967fa577ef
hopper-medium-v2,20,1,MART4,dataset,from_mu1_rms,mu1,mu3,0.1326190084218979,4096,0,,,True,bc29297aa1d30aafbe680b010b3573d34376f661fdb7c5e3b685f1967fa577ef
hopper-medium-v2,20,1,MART4,dataset,from_mu1_rms,mu1,mu4,0.18319746851921082,4096,0,,,True,bc29297aa1d30aafbe680b010b3573d34376f661fdb7c5e3b685f1967fa577ef
hopper-medium-v2,20,1,MART4,dataset,cos_d2_d3,delta,delta,0.3330816626548767,4096,0,,,True,bc29297aa1d30aafbe680b010b3573d34376f661fdb7c5e3b685f1967fa577ef
hopper-medium-v2,20,1,MART4,dataset,cos_d3_d4,delta,delta,0.23365771770477295,4096,0,,,True,bc29297aa1d30aafbe680b010b3573d34376f661fdb7c5e3b685f1967fa577ef
hopper-medium-v2,20,1,MART4,dataset,cos_d2_d4,delta,delta,0.3132304549217224,4096,0,,,True,bc29297aa1d30aafbe680b010b3573d34376f661fdb7c5e3b685f1967fa577ef
hopper-medium-v2,20,1,MART4,rollout_union,bound_frac,mu1,,0.21263157894736842,475,0,0.03528262674808502,3.127678871154785,True,bc29297aa1d30aafbe680b010b3573d34376f661fdb7c5e3b685f1967fa577ef
hopper-medium-v2,20,1,MART4,rollout_union,bound_frac,mu2,,0.25473684210526315,475,0,0.03528262674808502,3.159174919128418,True,bc29297aa1d30aafbe680b010b3573d34376f661fdb7c5e3b685f1967fa577ef
hopper-medium-v2,20,1,MART4,rollout_union,bound_frac,mu3,,0.27578947368421053,475,0,0.0352560393512249,3.1519505977630615,True,bc29297aa1d30aafbe680b010b3573d34376f661fdb7c5e3b685f1967fa577ef
hopper-medium-v2,20,1,MART4,rollout_union,bound_frac,mu4,,0.28842105263157897,475,0,0.03521500155329704,3.1038572788238525,True,bc29297aa1d30aafbe680b010b3573d34376f661fdb7c5e3b685f1967fa577ef
hopper-medium-v2,20,1,MART4,rollout_union,adjacent_rms,mu1,mu2,0.10196145623922348,475,0,,,True,bc29297aa1d30aafbe680b010b3573d34376f661fdb7c5e3b685f1967fa577ef
hopper-medium-v2,20,1,MART4,rollout_union,adjacent_rms,mu2,mu3,0.11390206217765808,475,0,,,True,bc29297aa1d30aafbe680b010b3573d34376f661fdb7c5e3b685f1967fa577ef
hopper-medium-v2,20,1,MART4,rollout_union,adjacent_rms,mu3,mu4,0.12361496686935425,475,0,,,True,bc29297aa1d30aafbe680b010b3573d34376f661fdb7c5e3b685f1967fa577ef
hopper-medium-v2,20,1,MART4,rollout_union,from_mu1_rms,mu1,mu2,0.10196145623922348,475,0,,,True,bc29297aa1d30aafbe680b010b3573d34376f661fdb7c5e3b685f1967fa577ef
hopper-medium-v2,20,1,MART4,rollout_union,from_mu1_rms,mu1,mu3,0.16660432517528534,475,0,,,True,bc29297aa1d30aafbe680b010b3573d34376f661fdb7c5e3b685f1967fa577ef
hopper-medium-v2,20,1,MART4,rollout_union,from_mu1_rms,mu1,mu4,0.22285234928131104,475,0,,,True,bc29297aa1d30aafbe680b010b3573d34376f661fdb7c5e3b685f1967fa577ef
hopper-medium-v2,20,1,MART4,rollout_union,cos_d2_d3,delta,delta,0.21022027730941772,475,0,,,True,bc29297aa1d30aafbe680b010b3573d34376f661fdb7c5e3b685f1967fa577ef
hopper-medium-v2,20,1,MART4,rollout_union,cos_d3_d4,delta,delta,0.1318148821592331,475,0,,,True,bc29297aa1d30aafbe680b010b3573d34376f661fdb7c5e3b685f1967fa577ef
hopper-medium-v2,20,1,MART4,rollout_union,cos_d2_d4,delta,delta,0.22665223479270935,475,0,,,True,bc29297aa1d30aafbe680b010b3573d34376f661fdb7c5e3b685f1967fa577ef
hopper-medium-replay-v2,4,1,MART4,dataset,bound_frac,mu1,,0.11474609375,4096,0,0.01237043272703886,7.560490131378174,True,d4cfda952531c0eb9ed94211ab1f2f75a33e59aae2c41a26fdd741e2fc4f531b
hopper-medium-replay-v2,4,1,MART4,dataset,bound_frac,mu2,,0.1162109375,4096,0,0.01237043272703886,7.736778259277344,True,d4cfda952531c0eb9ed94211ab1f2f75a33e59aae2c41a26fdd741e2fc4f531b
hopper-medium-replay-v2,4,1,MART4,dataset,bound_frac,mu3,,0.133544921875,4096,0,0.012296362780034542,7.76236629486084,True,d4cfda952531c0eb9ed94211ab1f2f75a33e59aae2c41a26fdd741e2fc4f531b
hopper-medium-replay-v2,4,1,MART4,dataset,bound_frac,mu4,,0.16357421875,4096,0,0.012222354300320148,7.868939399719238,True,d4cfda952531c0eb9ed94211ab1f2f75a33e59aae2c41a26fdd741e2fc4f531b
hopper-medium-replay-v2,4,1,MART4,dataset,adjacent_rms,mu1,mu2,0.12101148813962936,4096,0,,,True,d4cfda952531c0eb9ed94211ab1f2f75a33e59aae2c41a26fdd741e2fc4f531b
hopper-medium-replay-v2,4,1,MART4,dataset,adjacent_rms,mu2,mu3,0.09929908812046051,4096,0,,,True,d4cfda952531c0eb9ed94211ab1f2f75a33e59aae2c41a26fdd741e2fc4f531b
hopper-medium-replay-v2,4,1,MART4,dataset,adjacent_rms,mu3,mu4,0.09781959652900696,4096,0,,,True,d4cfda952531c0eb9ed94211ab1f2f75a33e59aae2c41a26fdd741e2fc4f531b
hopper-medium-replay-v2,4,1,MART4,dataset,from_mu1_rms,mu1,mu2,0.12101148813962936,4096,0,,,True,d4cfda952531c0eb9ed94211ab1f2f75a33e59aae2c41a26fdd741e2fc4f531b
hopper-medium-replay-v2,4,1,MART4,dataset,from_mu1_rms,mu1,mu3,0.17121046781539917,4096,0,,,True,d4cfda952531c0eb9ed94211ab1f2f75a33e59aae2c41a26fdd741e2fc4f531b
hopper-medium-replay-v2,4,1,MART4,dataset,from_mu1_rms,mu1,mu4,0.21340277791023254,4096,0,,,True,d4cfda952531c0eb9ed94211ab1f2f75a33e59aae2c41a26fdd741e2fc4f531b
hopper-medium-replay-v2,4,1,MART4,dataset,cos_d2_d3,delta,delta,0.16044732928276062,4096,0,,,True,d4cfda952531c0eb9ed94211ab1f2f75a33e59aae2c41a26fdd741e2fc4f531b
hopper-medium-replay-v2,4,1,MART4,dataset,cos_d3_d4,delta,delta,0.08300115168094635,4096,0,,,True,d4cfda952531c0eb9ed94211ab1f2f75a33e59aae2c41a26fdd741e2fc4f531b
hopper-medium-replay-v2,4,1,MART4,dataset,cos_d2_d4,delta,delta,0.1351170539855957,4096,0,,,True,d4cfda952531c0eb9ed94211ab1f2f75a33e59aae2c41a26fdd741e2fc4f531b
hopper-medium-replay-v2,4,1,MART4,rollout_union,bound_frac,mu1,,0.2006514657980456,1535,0,0.00794848520308733,4.6865234375,True,d4cfda952531c0eb9ed94211ab1f2f75a33e59aae2c41a26fdd741e2fc4f531b
hopper-medium-replay-v2,4,1,MART4,rollout_union,bound_frac,mu2,,0.2045602605863192,1535,0,0.00794848520308733,4.552248001098633,True,d4cfda952531c0eb9ed94211ab1f2f75a33e59aae2c41a26fdd741e2fc4f531b
hopper-medium-replay-v2,4,1,MART4,rollout_union,bound_frac,mu3,,0.21042345276872965,1535,0,0.007943746633827686,4.422788143157959,True,d4cfda952531c0eb9ed94211ab1f2f75a33e59aae2c41a26fdd741e2fc4f531b
hopper-medium-replay-v2,4,1,MART4,rollout_union,bound_frac,mu4,,0.2241042345276873,1535,0,0.007941042073071003,4.364884376525879,True,d4cfda952531c0eb9ed94211ab1f2f75a33e59aae2c41a26fdd741e2fc4f531b
hopper-medium-replay-v2,4,1,MART4,rollout_union,adjacent_rms,mu1,mu2,0.08652006089687347,1535,0,,,True,d4cfda952531c0eb9ed94211ab1f2f75a33e59aae2c41a26fdd741e2fc4f531b
hopper-medium-replay-v2,4,1,MART4,rollout_union,adjacent_rms,mu2,mu3,0.05214935541152954,1535,0,,,True,d4cfda952531c0eb9ed94211ab1f2f75a33e59aae2c41a26fdd741e2fc4f531b
hopper-medium-replay-v2,4,1,MART4,rollout_union,adjacent_rms,mu3,mu4,0.055835504084825516,1535,0,,,True,d4cfda952531c0eb9ed94211ab1f2f75a33e59aae2c41a26fdd741e2fc4f531b
hopper-medium-replay-v2,4,1,MART4,rollout_union,from_mu1_rms,mu1,mu2,0.08652006089687347,1535,0,,,True,d4cfda952531c0eb9ed94211ab1f2f75a33e59aae2c41a26fdd741e2fc4f531b
hopper-medium-replay-v2,4,1,MART4,rollout_union,from_mu1_rms,mu1,mu3,0.10462122410535812,1535,0,,,True,d4cfda952531c0eb9ed94211ab1f2f75a33e59aae2c41a26fdd741e2fc4f531b
hopper-medium-replay-v2,4,1,MART4,rollout_union,from_mu1_rms,mu1,mu4,0.10800441354513168,1535,0,,,True,d4cfda952531c0eb9ed94211ab1f2f75a33e59aae2c41a26fdd741e2fc4f531b
hopper-medium-replay-v2,4,1,MART4,rollout_union,cos_d2_d3,delta,delta,0.07930078357458115,1535,0,,,True,d4cfda952531c0eb9ed94211ab1f2f75a33e59aae2c41a26fdd741e2fc4f531b
hopper-medium-replay-v2,4,1,MART4,rollout_union,cos_d3_d4,delta,delta,-0.20737861096858978,1535,0,,,True,d4cfda952531c0eb9ed94211ab1f2f75a33e59aae2c41a26fdd741e2fc4f531b
hopper-medium-replay-v2,4,1,MART4,rollout_union,cos_d2_d4,delta,delta,-0.10086780041456223,1535,0,,,True,d4cfda952531c0eb9ed94211ab1f2f75a33e59aae2c41a26fdd741e2fc4f531b
hopper-medium-replay-v2,7,1,MART4,dataset,bound_frac,mu1,,0.12060546875,4096,0,0.01994641311466694,6.557033538818359,True,53569a44887a2016733772bc254dd8a1e9f49cdcd4f302c355ff3bdb724e3007
hopper-medium-replay-v2,7,1,MART4,dataset,bound_frac,mu2,,0.1376953125,4096,0,0.01994641311466694,6.765681266784668,True,53569a44887a2016733772bc254dd8a1e9f49cdcd4f302c355ff3bdb724e3007
hopper-medium-replay-v2,7,1,MART4,dataset,bound_frac,mu3,,0.186279296875,4096,0,0.0198203157633543,6.941247940063477,True,53569a44887a2016733772bc254dd8a1e9f49cdcd4f302c355ff3bdb724e3007
hopper-medium-replay-v2,7,1,MART4,dataset,bound_frac,mu4,,0.22314453125,4096,0,0.019698096439242363,6.952260971069336,True,53569a44887a2016733772bc254dd8a1e9f49cdcd4f302c355ff3bdb724e3007
hopper-medium-replay-v2,7,1,MART4,dataset,adjacent_rms,mu1,mu2,0.13228650391101837,4096,0,,,True,53569a44887a2016733772bc254dd8a1e9f49cdcd4f302c355ff3bdb724e3007
hopper-medium-replay-v2,7,1,MART4,dataset,adjacent_rms,mu2,mu3,0.11497512459754944,4096,0,,,True,53569a44887a2016733772bc254dd8a1e9f49cdcd4f302c355ff3bdb724e3007
hopper-medium-replay-v2,7,1,MART4,dataset,adjacent_rms,mu3,mu4,0.10898168385028839,4096,0,,,True,53569a44887a2016733772bc254dd8a1e9f49cdcd4f302c355ff3bdb724e3007
hopper-medium-replay-v2,7,1,MART4,dataset,from_mu1_rms,mu1,mu2,0.13228650391101837,4096,0,,,True,53569a44887a2016733772bc254dd8a1e9f49cdcd4f302c355ff3bdb724e3007
hopper-medium-replay-v2,7,1,MART4,dataset,from_mu1_rms,mu1,mu3,0.20338356494903564,4096,0,,,True,53569a44887a2016733772bc254dd8a1e9f49cdcd4f302c355ff3bdb724e3007
hopper-medium-replay-v2,7,1,MART4,dataset,from_mu1_rms,mu1,mu4,0.2529442310333252,4096,0,,,True,53569a44887a2016733772bc254dd8a1e9f49cdcd4f302c355ff3bdb724e3007
hopper-medium-replay-v2,7,1,MART4,dataset,cos_d2_d3,delta,delta,0.2683340907096863,4096,0,,,True,53569a44887a2016733772bc254dd8a1e9f49cdcd4f302c355ff3bdb724e3007
hopper-medium-replay-v2,7,1,MART4,dataset,cos_d3_d4,delta,delta,0.12702356278896332,4096,0,,,True,53569a44887a2016733772bc254dd8a1e9f49cdcd4f302c355ff3bdb724e3007
hopper-medium-replay-v2,7,1,MART4,dataset,cos_d2_d4,delta,delta,0.1433979868888855,4096,0,,,True,53569a44887a2016733772bc254dd8a1e9f49cdcd4f302c355ff3bdb724e3007
hopper-medium-replay-v2,7,1,MART4,rollout_union,bound_frac,mu1,,0.20073891625615764,1624,0,0.01321410108357668,3.5433075428009033,True,53569a44887a2016733772bc254dd8a1e9f49cdcd4f302c355ff3bdb724e3007
hopper-medium-replay-v2,7,1,MART4,rollout_union,bound_frac,mu2,,0.20566502463054187,1624,0,0.01321410108357668,3.5315988063812256,True,53569a44887a2016733772bc254dd8a1e9f49cdcd4f302c355ff3bdb724e3007
hopper-medium-replay-v2,7,1,MART4,rollout_union,bound_frac,mu3,,0.21551724137931033,1624,0,0.013209392316639423,3.5015320777893066,True,53569a44887a2016733772bc254dd8a1e9f49cdcd4f302c355ff3bdb724e3007
hopper-medium-replay-v2,7,1,MART4,rollout_union,bound_frac,mu4,,0.22413793103448276,1624,0,0.013205480761826038,3.494162082672119,True,53569a44887a2016733772bc254dd8a1e9f49cdcd4f302c355ff3bdb724e3007
hopper-medium-replay-v2,7,1,MART4,rollout_union,adjacent_rms,mu1,mu2,0.08167274296283722,1624,0,,,True,53569a44887a2016733772bc254dd8a1e9f49cdcd4f302c355ff3bdb724e3007
hopper-medium-replay-v2,7,1,MART4,rollout_union,adjacent_rms,mu2,mu3,0.06667304039001465,1624,0,,,True,53569a44887a2016733772bc254dd8a1e9f49cdcd4f302c355ff3bdb724e3007
hopper-medium-replay-v2,7,1,MART4,rollout_union,adjacent_rms,mu3,mu4,0.07675667852163315,1624,0,,,True,53569a44887a2016733772bc254dd8a1e9f49cdcd4f302c355ff3bdb724e3007
hopper-medium-replay-v2,7,1,MART4,rollout_union,from_mu1_rms,mu1,mu2,0.08167274296283722,1624,0,,,True,53569a44887a2016733772bc254dd8a1e9f49cdcd4f302c355ff3bdb724e3007
hopper-medium-replay-v2,7,1,MART4,rollout_union,from_mu1_rms,mu1,mu3,0.11162207275629044,1624,0,,,True,53569a44887a2016733772bc254dd8a1e9f49cdcd4f302c355ff3bdb724e3007
hopper-medium-replay-v2,7,1,MART4,rollout_union,from_mu1_rms,mu1,mu4,0.10418601334095001,1624,0,,,True,53569a44887a2016733772bc254dd8a1e9f49cdcd4f302c355ff3bdb724e3007
hopper-medium-replay-v2,7,1,MART4,rollout_union,cos_d2_d3,delta,delta,0.10665818303823471,1624,0,,,True,53569a44887a2016733772bc254dd8a1e9f49cdcd4f302c355ff3bdb724e3007
hopper-medium-replay-v2,7,1,MART4,rollout_union,cos_d3_d4,delta,delta,-0.36749267578125,1624,0,,,True,53569a44887a2016733772bc254dd8a1e9f49cdcd4f302c355ff3bdb724e3007
hopper-medium-replay-v2,7,1,MART4,rollout_union,cos_d2_d4,delta,delta,-0.22850599884986877,1624,0,,,True,53569a44887a2016733772bc254dd8a1e9f49cdcd4f302c355ff3bdb724e3007
hopper-medium-replay-v2,10,1,MART4,dataset,bound_frac,mu1,,0.120849609375,4096,0,0.0270608589053154,5.748827934265137,True,e7f827ecf0e3aaed0fa772d58f597439b77fc47b3ae2565b7cd551ecc60b8db3
hopper-medium-replay-v2,10,1,MART4,dataset,bound_frac,mu2,,0.134765625,4096,0,0.0270608589053154,5.757735729217529,True,e7f827ecf0e3aaed0fa772d58f597439b77fc47b3ae2565b7cd551ecc60b8db3
hopper-medium-replay-v2,10,1,MART4,dataset,bound_frac,mu3,,0.197265625,4096,0,0.026914840564131737,5.786947727203369,True,e7f827ecf0e3aaed0fa772d58f597439b77fc47b3ae2565b7cd551ecc60b8db3
hopper-medium-replay-v2,10,1,MART4,dataset,bound_frac,mu4,,0.2587890625,4096,0,0.02679397165775299,5.7883195877075195,True,e7f827ecf0e3aaed0fa772d58f597439b77fc47b3ae2565b7cd551ecc60b8db3
hopper-medium-replay-v2,10,1,MART4,dataset,adjacent_rms,mu1,mu2,0.14423729479312897,4096,0,,,True,e7f827ecf0e3aaed0fa772d58f597439b77fc47b3ae2565b7cd551ecc60b8db3
hopper-medium-replay-v2,10,1,MART4,dataset,adjacent_rms,mu2,mu3,0.11738118529319763,4096,0,,,True,e7f827ecf0e3aaed0fa772d58f597439b77fc47b3ae2565b7cd551ecc60b8db3
hopper-medium-replay-v2,10,1,MART4,dataset,adjacent_rms,mu3,mu4,0.11407941579818726,4096,0,,,True,e7f827ecf0e3aaed0fa772d58f597439b77fc47b3ae2565b7cd551ecc60b8db3
hopper-medium-replay-v2,10,1,MART4,dataset,from_mu1_rms,mu1,mu2,0.14423729479312897,4096,0,,,True,e7f827ecf0e3aaed0fa772d58f597439b77fc47b3ae2565b7cd551ecc60b8db3
hopper-medium-replay-v2,10,1,MART4,dataset,from_mu1_rms,mu1,mu3,0.21323846280574799,4096,0,,,True,e7f827ecf0e3aaed0fa772d58f597439b77fc47b3ae2565b7cd551ecc60b8db3
hopper-medium-replay-v2,10,1,MART4,dataset,from_mu1_rms,mu1,mu4,0.2681376338005066,4096,0,,,True,e7f827ecf0e3aaed0fa772d58f597439b77fc47b3ae2565b7cd551ecc60b8db3
hopper-medium-replay-v2,10,1,MART4,dataset,cos_d2_d3,delta,delta,0.25108593702316284,4096,0,,,True,e7f827ecf0e3aaed0fa772d58f597439b77fc47b3ae2565b7cd551ecc60b8db3
hopper-medium-replay-v2,10,1,MART4,dataset,cos_d3_d4,delta,delta,0.18270568549633026,4096,0,,,True,e7f827ecf0e3aaed0fa772d58f597439b77fc47b3ae2565b7cd551ecc60b8db3
hopper-medium-replay-v2,10,1,MART4,dataset,cos_d2_d4,delta,delta,0.17321820557117462,4096,0,,,True,e7f827ecf0e3aaed0fa772d58f597439b77fc47b3ae2565b7cd551ecc60b8db3
hopper-medium-replay-v2,10,1,MART4,rollout_union,bound_frac,mu1,,0.19109102646868947,1549,0,0.018461450934410095,3.428640365600586,True,e7f827ecf0e3aaed0fa772d58f597439b77fc47b3ae2565b7cd551ecc60b8db3
hopper-medium-replay-v2,10,1,MART4,rollout_union,bound_frac,mu2,,0.21949644932214332,1549,0,0.018461450934410095,3.421814441680908,True,e7f827ecf0e3aaed0fa772d58f597439b77fc47b3ae2565b7cd551ecc60b8db3
hopper-medium-replay-v2,10,1,MART4,rollout_union,bound_frac,mu3,,0.2408005164622337,1549,0,0.01845414936542511,3.341954469680786,True,e7f827ecf0e3aaed0fa772d58f597439b77fc47b3ae2565b7cd551ecc60b8db3
hopper-medium-replay-v2,10,1,MART4,rollout_union,bound_frac,mu4,,0.3131052291801162,1549,0,0.018447324633598328,3.319173812866211,True,e7f827ecf0e3aaed0fa772d58f597439b77fc47b3ae2565b7cd551ecc60b8db3
hopper-medium-replay-v2,10,1,MART4,rollout_union,adjacent_rms,mu1,mu2,0.11362256109714508,1549,0,,,True,e7f827ecf0e3aaed0fa772d58f597439b77fc47b3ae2565b7cd551ecc60b8db3
hopper-medium-replay-v2,10,1,MART4,rollout_union,adjacent_rms,mu2,mu3,0.07610224932432175,1549,0,,,True,e7f827ecf0e3aaed0fa772d58f597439b77fc47b3ae2565b7cd551ecc60b8db3
hopper-medium-replay-v2,10,1,MART4,rollout_union,adjacent_rms,mu3,mu4,0.07402109354734421,1549,0,,,True,e7f827ecf0e3aaed0fa772d58f597439b77fc47b3ae2565b7cd551ecc60b8db3
hopper-medium-replay-v2,10,1,MART4,rollout_union,from_mu1_rms,mu1,mu2,0.11362256109714508,1549,0,,,True,e7f827ecf0e3aaed0fa772d58f597439b77fc47b3ae2565b7cd551ecc60b8db3
hopper-medium-replay-v2,10,1,MART4,rollout_union,from_mu1_rms,mu1,mu3,0.12919165194034576,1549,0,,,True,e7f827ecf0e3aaed0fa772d58f597439b77fc47b3ae2565b7cd551ecc60b8db3
hopper-medium-replay-v2,10,1,MART4,rollout_union,from_mu1_rms,mu1,mu4,0.1383228600025177,1549,0,,,True,e7f827ecf0e3aaed0fa772d58f597439b77fc47b3ae2565b7cd551ecc60b8db3
hopper-medium-replay-v2,10,1,MART4,rollout_union,cos_d2_d3,delta,delta,-0.08864164352416992,1549,0,,,True,e7f827ecf0e3aaed0fa772d58f597439b77fc47b3ae2565b7cd551ecc60b8db3
hopper-medium-replay-v2,10,1,MART4,rollout_union,cos_d3_d4,delta,delta,-0.0750836655497551,1549,0,,,True,e7f827ecf0e3aaed0fa772d58f597439b77fc47b3ae2565b7cd551ecc60b8db3
hopper-medium-replay-v2,10,1,MART4,rollout_union,cos_d2_d4,delta,delta,-0.05288294330239296,1549,0,,,True,e7f827ecf0e3aaed0fa772d58f597439b77fc47b3ae2565b7cd551ecc60b8db3
hopper-medium-replay-v2,14,1,MART4,dataset,bound_frac,mu1,,0.107421875,4096,0,0.035899341106414795,5.118583679199219,True,6060d295a6d578b89eb9828e0dbe1f1b96afbf1110099abcd9ea45f84249cf73
hopper-medium-replay-v2,14,1,MART4,dataset,bound_frac,mu2,,0.14990234375,4096,0,0.035899341106414795,5.180485725402832,True,6060d295a6d578b89eb9828e0dbe1f1b96afbf1110099abcd9ea45f84249cf73
hopper-medium-replay-v2,14,1,MART4,dataset,bound_frac,mu3,,0.21826171875,4096,0,0.035709675401449203,5.2357177734375,True,6060d295a6d578b89eb9828e0dbe1f1b96afbf1110099abcd9ea45f84249cf73
hopper-medium-replay-v2,14,1,MART4,dataset,bound_frac,mu4,,0.305908203125,4096,0,0.035558756440877914,5.278935432434082,True,6060d295a6d578b89eb9828e0dbe1f1b96afbf1110099abcd9ea45f84249cf73
hopper-medium-replay-v2,14,1,MART4,dataset,adjacent_rms,mu1,mu2,0.15051661431789398,4096,0,,,True,6060d295a6d578b89eb9828e0dbe1f1b96afbf1110099abcd9ea45f84249cf73
hopper-medium-replay-v2,14,1,MART4,dataset,adjacent_rms,mu2,mu3,0.1278304010629654,4096,0,,,True,6060d295a6d578b89eb9828e0dbe1f1b96afbf1110099abcd9ea45f84249cf73
hopper-medium-replay-v2,14,1,MART4,dataset,adjacent_rms,mu3,mu4,0.120939239859581,4096,0,,,True,6060d295a6d578b89eb9828e0dbe1f1b96afbf1110099abcd9ea45f84249cf73
hopper-medium-replay-v2,14,1,MART4,dataset,from_mu1_rms,mu1,mu2,0.15051661431789398,4096,0,,,True,6060d295a6d578b89eb9828e0dbe1f1b96afbf1110099abcd9ea45f84249cf73
hopper-medium-replay-v2,14,1,MART4,dataset,from_mu1_rms,mu1,mu3,0.23279893398284912,4096,0,,,True,6060d295a6d578b89eb9828e0dbe1f1b96afbf1110099abcd9ea45f84249cf73
hopper-medium-replay-v2,14,1,MART4,dataset,from_mu1_rms,mu1,mu4,0.2991209030151367,4096,0,,,True,6060d295a6d578b89eb9828e0dbe1f1b96afbf1110099abcd9ea45f84249cf73
hopper-medium-replay-v2,14,1,MART4,dataset,cos_d2_d3,delta,delta,0.3037739098072052,4096,0,,,True,6060d295a6d578b89eb9828e0dbe1f1b96afbf1110099abcd9ea45f84249cf73
hopper-medium-replay-v2,14,1,MART4,dataset,cos_d3_d4,delta,delta,0.22670462727546692,4096,0,,,True,6060d295a6d578b89eb9828e0dbe1f1b96afbf1110099abcd9ea45f84249cf73
hopper-medium-replay-v2,14,1,MART4,dataset,cos_d2_d4,delta,delta,0.24770653247833252,4096,0,,,True,6060d295a6d578b89eb9828e0dbe1f1b96afbf1110099abcd9ea45f84249cf73
hopper-medium-replay-v2,14,1,MART4,rollout_union,bound_frac,mu1,,0.16079158936301793,1617,0,0.025065289810299873,3.169919490814209,True,6060d295a6d578b89eb9828e0dbe1f1b96afbf1110099abcd9ea45f84249cf73
hopper-medium-replay-v2,14,1,MART4,rollout_union,bound_frac,mu2,,0.20593692022263452,1617,0,0.025065289810299873,3.1453468799591064,True,6060d295a6d578b89eb9828e0dbe1f1b96afbf1110099abcd9ea45f84249cf73
hopper-medium-replay-v2,14,1,MART4,rollout_union,bound_frac,mu3,,0.20470006184291897,1617,0,0.025051988661289215,3.1262314319610596,True,6060d295a6d578b89eb9828e0dbe1f1b96afbf1110099abcd9ea45f84249cf73
hopper-medium-replay-v2,14,1,MART4,rollout_union,bound_frac,mu4,,0.26159554730983303,1617,0,0.025043893605470657,3.0738728046417236,True,6060d295a6d578b89eb9828e0dbe1f1b96afbf1110099abcd9ea45f84249cf73
hopper-medium-replay-v2,14,1,MART4,rollout_union,adjacent_rms,mu1,mu2,0.09784463793039322,1617,0,,,True,6060d295a6d578b89eb9828e0dbe1f1b96afbf1110099abcd9ea45f84249cf73
hopper-medium-replay-v2,14,1,MART4,rollout_union,adjacent_rms,mu2,mu3,0.07552183419466019,1617,0,,,True,6060d295a6d578b89eb9828e0dbe1f1b96afbf1110099abcd9ea45f84249cf73
hopper-medium-replay-v2,14,1,MART4,rollout_union,adjacent_rms,mu3,mu4,0.07790158689022064,1617,0,,,True,6060d295a6d578b89eb9828e0dbe1f1b96afbf1110099abcd9ea45f84249cf73
hopper-medium-replay-v2,14,1,MART4,rollout_union,from_mu1_rms,mu1,mu2,0.09784463793039322,1617,0,,,True,6060d295a6d578b89eb9828e0dbe1f1b96afbf1110099abcd9ea45f84249cf73
hopper-medium-replay-v2,14,1,MART4,rollout_union,from_mu1_rms,mu1,mu3,0.12090041488409042,1617,0,,,True,6060d295a6d578b89eb9828e0dbe1f1b96afbf1110099abcd9ea45f84249cf73
hopper-medium-replay-v2,14,1,MART4,rollout_union,from_mu1_rms,mu1,mu4,0.14917172491550446,1617,0,,,True,6060d295a6d578b89eb9828e0dbe1f1b96afbf1110099abcd9ea45f84249cf73
hopper-medium-replay-v2,14,1,MART4,rollout_union,cos_d2_d3,delta,delta,0.004375266842544079,1617,0,,,True,6060d295a6d578b89eb9828e0dbe1f1b96afbf1110099abcd9ea45f84249cf73
hopper-medium-replay-v2,14,1,MART4,rollout_union,cos_d3_d4,delta,delta,-0.03752221167087555,1617,0,,,True,6060d295a6d578b89eb9828e0dbe1f1b96afbf1110099abcd9ea45f84249cf73
hopper-medium-replay-v2,14,1,MART4,rollout_union,cos_d2_d4,delta,delta,0.21863898634910583,1617,0,,,True,6060d295a6d578b89eb9828e0dbe1f1b96afbf1110099abcd9ea45f84249cf73
hopper-medium-replay-v2,20,1,MART4,dataset,bound_frac,mu1,,0.111328125,4096,0,0.048949163407087326,4.768326759338379,True,e413d16a653a494c297a7e7c609b748437021dcc9c534cc0c46efc1e376a5fb4
hopper-medium-replay-v2,20,1,MART4,dataset,bound_frac,mu2,,0.1669921875,4096,0,0.048949163407087326,4.71013069152832,True,e413d16a653a494c297a7e7c609b748437021dcc9c534cc0c46efc1e376a5fb4
hopper-medium-replay-v2,20,1,MART4,dataset,bound_frac,mu3,,0.24951171875,4096,0,0.048695165663957596,4.682331085205078,True,e413d16a653a494c297a7e7c609b748437021dcc9c534cc0c46efc1e376a5fb4
hopper-medium-replay-v2,20,1,MART4,dataset,bound_frac,mu4,,0.32861328125,4096,0,0.04853431507945061,4.65958833694458,True,e413d16a653a494c297a7e7c609b748437021dcc9c534cc0c46efc1e376a5fb4
hopper-medium-replay-v2,20,1,MART4,dataset,adjacent_rms,mu1,mu2,0.16769182682037354,4096,0,,,True,e413d16a653a494c297a7e7c609b748437021dcc9c534cc0c46efc1e376a5fb4
hopper-medium-replay-v2,20,1,MART4,dataset,adjacent_rms,mu2,mu3,0.13487941026687622,4096,0,,,True,e413d16a653a494c297a7e7c609b748437021dcc9c534cc0c46efc1e376a5fb4
hopper-medium-replay-v2,20,1,MART4,dataset,adjacent_rms,mu3,mu4,0.1267412304878235,4096,0,,,True,e413d16a653a494c297a7e7c609b748437021dcc9c534cc0c46efc1e376a5fb4
hopper-medium-replay-v2,20,1,MART4,dataset,from_mu1_rms,mu1,mu2,0.16769182682037354,4096,0,,,True,e413d16a653a494c297a7e7c609b748437021dcc9c534cc0c46efc1e376a5fb4
hopper-medium-replay-v2,20,1,MART4,dataset,from_mu1_rms,mu1,mu3,0.2564728856086731,4096,0,,,True,e413d16a653a494c297a7e7c609b748437021dcc9c534cc0c46efc1e376a5fb4
hopper-medium-replay-v2,20,1,MART4,dataset,from_mu1_rms,mu1,mu4,0.32588958740234375,4096,0,,,True,e413d16a653a494c297a7e7c609b748437021dcc9c534cc0c46efc1e376a5fb4
hopper-medium-replay-v2,20,1,MART4,dataset,cos_d2_d3,delta,delta,0.34153419733047485,4096,0,,,True,e413d16a653a494c297a7e7c609b748437021dcc9c534cc0c46efc1e376a5fb4
hopper-medium-replay-v2,20,1,MART4,dataset,cos_d3_d4,delta,delta,0.20462149381637573,4096,0,,,True,e413d16a653a494c297a7e7c609b748437021dcc9c534cc0c46efc1e376a5fb4
hopper-medium-replay-v2,20,1,MART4,dataset,cos_d2_d4,delta,delta,0.30032408237457275,4096,0,,,True,e413d16a653a494c297a7e7c609b748437021dcc9c534cc0c46efc1e376a5fb4
hopper-medium-replay-v2,20,1,MART4,rollout_union,bound_frac,mu1,,0.1524234693877551,1568,0,0.03484032303094864,3.0097920894622803,True,e413d16a653a494c297a7e7c609b748437021dcc9c534cc0c46efc1e376a5fb4
hopper-medium-replay-v2,20,1,MART4,rollout_union,bound_frac,mu2,,0.16071428571428573,1568,0,0.03484032303094864,2.8680131435394287,True,e413d16a653a494c297a7e7c609b748437021dcc9c534cc0c46efc1e376a5fb4
hopper-medium-replay-v2,20,1,MART4,rollout_union,bound_frac,mu3,,0.16645408163265307,1568,0,0.03481963276863098,2.7853963375091553,True,e413d16a653a494c297a7e7c609b748437021dcc9c534cc0c46efc1e376a5fb4
hopper-medium-replay-v2,20,1,MART4,rollout_union,bound_frac,mu4,,0.18431122448979592,1568,0,0.034797076135873795,2.7802093029022217,True,e413d16a653a494c297a7e7c609b748437021dcc9c534cc0c46efc1e376a5fb4
hopper-medium-replay-v2,20,1,MART4,rollout_union,adjacent_rms,mu1,mu2,0.11057814955711365,1568,0,,,True,e413d16a653a494c297a7e7c609b748437021dcc9c534cc0c46efc1e376a5fb4
hopper-medium-replay-v2,20,1,MART4,rollout_union,adjacent_rms,mu2,mu3,0.12612920999526978,1568,0,,,True,e413d16a653a494c297a7e7c609b748437021dcc9c534cc0c46efc1e376a5fb4
hopper-medium-replay-v2,20,1,MART4,rollout_union,adjacent_rms,mu3,mu4,0.09729664027690887,1568,0,,,True,e413d16a653a494c297a7e7c609b748437021dcc9c534cc0c46efc1e376a5fb4
hopper-medium-replay-v2,20,1,MART4,rollout_union,from_mu1_rms,mu1,mu2,0.11057814955711365,1568,0,,,True,e413d16a653a494c297a7e7c609b748437021dcc9c534cc0c46efc1e376a5fb4
hopper-medium-replay-v2,20,1,MART4,rollout_union,from_mu1_rms,mu1,mu3,0.18088103830814362,1568,0,,,True,e413d16a653a494c297a7e7c609b748437021dcc9c534cc0c46efc1e376a5fb4
hopper-medium-replay-v2,20,1,MART4,rollout_union,from_mu1_rms,mu1,mu4,0.1990102231502533,1568,0,,,True,e413d16a653a494c297a7e7c609b748437021dcc9c534cc0c46efc1e376a5fb4
hopper-medium-replay-v2,20,1,MART4,rollout_union,cos_d2_d3,delta,delta,0.11602036654949188,1568,0,,,True,e413d16a653a494c297a7e7c609b748437021dcc9c534cc0c46efc1e376a5fb4
hopper-medium-replay-v2,20,1,MART4,rollout_union,cos_d3_d4,delta,delta,-0.0524778738617897,1568,0,,,True,e413d16a653a494c297a7e7c609b748437021dcc9c534cc0c46efc1e376a5fb4
hopper-medium-replay-v2,20,1,MART4,rollout_union,cos_d2_d4,delta,delta,-0.018271686509251595,1568,0,,,True,e413d16a653a494c297a7e7c609b748437021dcc9c534cc0c46efc1e376a5fb4
hopper-expert-v2,4,1,MART4,dataset,bound_frac,mu1,,0.234375,4096,0,0.005762098357081413,2.0602946281433105,True,96746961fa99fa4dd4b358b3af506138b338a8f8ce377df8e6941e4076b35846
hopper-expert-v2,4,1,MART4,dataset,bound_frac,mu2,,0.2314453125,4096,0,0.005762098357081413,2.0562148094177246,True,96746961fa99fa4dd4b358b3af506138b338a8f8ce377df8e6941e4076b35846
hopper-expert-v2,4,1,MART4,dataset,bound_frac,mu3,,0.2373046875,4096,0,0.005761910229921341,2.062382221221924,True,96746961fa99fa4dd4b358b3af506138b338a8f8ce377df8e6941e4076b35846
hopper-expert-v2,4,1,MART4,dataset,bound_frac,mu4,,0.23828125,4096,0,0.005761716514825821,2.0637078285217285,True,96746961fa99fa4dd4b358b3af506138b338a8f8ce377df8e6941e4076b35846
hopper-expert-v2,4,1,MART4,dataset,adjacent_rms,mu1,mu2,0.04928985983133316,4096,0,,,True,96746961fa99fa4dd4b358b3af506138b338a8f8ce377df8e6941e4076b35846
hopper-expert-v2,4,1,MART4,dataset,adjacent_rms,mu2,mu3,0.04412609338760376,4096,0,,,True,96746961fa99fa4dd4b358b3af506138b338a8f8ce377df8e6941e4076b35846
hopper-expert-v2,4,1,MART4,dataset,adjacent_rms,mu3,mu4,0.05085787549614906,4096,0,,,True,96746961fa99fa4dd4b358b3af506138b338a8f8ce377df8e6941e4076b35846
hopper-expert-v2,4,1,MART4,dataset,from_mu1_rms,mu1,mu2,0.04928985983133316,4096,0,,,True,96746961fa99fa4dd4b358b3af506138b338a8f8ce377df8e6941e4076b35846
hopper-expert-v2,4,1,MART4,dataset,from_mu1_rms,mu1,mu3,0.06441087275743484,4096,0,,,True,96746961fa99fa4dd4b358b3af506138b338a8f8ce377df8e6941e4076b35846
hopper-expert-v2,4,1,MART4,dataset,from_mu1_rms,mu1,mu4,0.06979212909936905,4096,0,,,True,96746961fa99fa4dd4b358b3af506138b338a8f8ce377df8e6941e4076b35846
hopper-expert-v2,4,1,MART4,dataset,cos_d2_d3,delta,delta,-0.03856538608670235,4096,0,,,True,96746961fa99fa4dd4b358b3af506138b338a8f8ce377df8e6941e4076b35846
hopper-expert-v2,4,1,MART4,dataset,cos_d3_d4,delta,delta,-0.10290054976940155,4096,0,,,True,96746961fa99fa4dd4b358b3af506138b338a8f8ce377df8e6941e4076b35846
hopper-expert-v2,4,1,MART4,dataset,cos_d2_d4,delta,delta,-0.19844457507133484,4096,0,,,True,96746961fa99fa4dd4b358b3af506138b338a8f8ce377df8e6941e4076b35846
hopper-expert-v2,4,1,MART4,rollout_union,bound_frac,mu1,,0.2554697554697555,1554,0,0.005855933763086796,2.1176023483276367,True,96746961fa99fa4dd4b358b3af506138b338a8f8ce377df8e6941e4076b35846
hopper-expert-v2,4,1,MART4,rollout_union,bound_frac,mu2,,0.25225225225225223,1554,0,0.005855933763086796,2.1139912605285645,True,96746961fa99fa4dd4b358b3af506138b338a8f8ce377df8e6941e4076b35846
hopper-expert-v2,4,1,MART4,rollout_union,bound_frac,mu3,,0.25804375804375806,1554,0,0.005855756811797619,2.1175904273986816,True,96746961fa99fa4dd4b358b3af506138b338a8f8ce377df8e6941e4076b35846
hopper-expert-v2,4,1,MART4,rollout_union,bound_frac,mu4,,0.2619047619047619,1554,0,0.00585547462105751,2.1049184799194336,True,96746961fa99fa4dd4b358b3af506138b338a8f8ce377df8e6941e4076b35846
hopper-expert-v2,4,1,MART4,rollout_union,adjacent_rms,mu1,mu2,0.05403902009129524,1554,0,,,True,96746961fa99fa4dd4b358b3af506138b338a8f8ce377df8e6941e4076b35846
hopper-expert-v2,4,1,MART4,rollout_union,adjacent_rms,mu2,mu3,0.04627922549843788,1554,0,,,True,96746961fa99fa4dd4b358b3af506138b338a8f8ce377df8e6941e4076b35846
hopper-expert-v2,4,1,MART4,rollout_union,adjacent_rms,mu3,mu4,0.05381423979997635,1554,0,,,True,96746961fa99fa4dd4b358b3af506138b338a8f8ce377df8e6941e4076b35846
hopper-expert-v2,4,1,MART4,rollout_union,from_mu1_rms,mu1,mu2,0.05403902009129524,1554,0,,,True,96746961fa99fa4dd4b358b3af506138b338a8f8ce377df8e6941e4076b35846
hopper-expert-v2,4,1,MART4,rollout_union,from_mu1_rms,mu1,mu3,0.06938959658145905,1554,0,,,True,96746961fa99fa4dd4b358b3af506138b338a8f8ce377df8e6941e4076b35846
hopper-expert-v2,4,1,MART4,rollout_union,from_mu1_rms,mu1,mu4,0.07578801363706589,1554,0,,,True,96746961fa99fa4dd4b358b3af506138b338a8f8ce377df8e6941e4076b35846
hopper-expert-v2,4,1,MART4,rollout_union,cos_d2_d3,delta,delta,-0.050467245280742645,1554,0,,,True,96746961fa99fa4dd4b358b3af506138b338a8f8ce377df8e6941e4076b35846
hopper-expert-v2,4,1,MART4,rollout_union,cos_d3_d4,delta,delta,-0.07632582634687424,1554,0,,,True,96746961fa99fa4dd4b358b3af506138b338a8f8ce377df8e6941e4076b35846
hopper-expert-v2,4,1,MART4,rollout_union,cos_d2_d4,delta,delta,-0.21080516278743744,1554,0,,,True,96746961fa99fa4dd4b358b3af506138b338a8f8ce377df8e6941e4076b35846
hopper-expert-v2,7,1,MART4,dataset,bound_frac,mu1,,0.2275390625,4096,0,0.010027389042079449,2.0746068954467773,True,f322b8c770fc2cec182602de6f9adeb8ed6109e92f474b2d36867aba78c4fdf5
hopper-expert-v2,7,1,MART4,dataset,bound_frac,mu2,,0.22412109375,4096,0,0.010027389042079449,2.068924903869629,True,f322b8c770fc2cec182602de6f9adeb8ed6109e92f474b2d36867aba78c4fdf5
hopper-expert-v2,7,1,MART4,dataset,bound_frac,mu3,,0.230224609375,4096,0,0.010026779025793076,2.071253776550293,True,f322b8c770fc2cec182602de6f9adeb8ed6109e92f474b2d36867aba78c4fdf5
hopper-expert-v2,7,1,MART4,dataset,bound_frac,mu4,,0.235107421875,4096,0,0.010026063770055771,2.0744128227233887,True,f322b8c770fc2cec182602de6f9adeb8ed6109e92f474b2d36867aba78c4fdf5
hopper-expert-v2,7,1,MART4,dataset,adjacent_rms,mu1,mu2,0.05183377116918564,4096,0,,,True,f322b8c770fc2cec182602de6f9adeb8ed6109e92f474b2d36867aba78c4fdf5
hopper-expert-v2,7,1,MART4,dataset,adjacent_rms,mu2,mu3,0.043782904744148254,4096,0,,,True,f322b8c770fc2cec182602de6f9adeb8ed6109e92f474b2d36867aba78c4fdf5
hopper-expert-v2,7,1,MART4,dataset,adjacent_rms,mu3,mu4,0.04709681123495102,4096,0,,,True,f322b8c770fc2cec182602de6f9adeb8ed6109e92f474b2d36867aba78c4fdf5
hopper-expert-v2,7,1,MART4,dataset,from_mu1_rms,mu1,mu2,0.05183377116918564,4096,0,,,True,f322b8c770fc2cec182602de6f9adeb8ed6109e92f474b2d36867aba78c4fdf5
hopper-expert-v2,7,1,MART4,dataset,from_mu1_rms,mu1,mu3,0.06316454708576202,4096,0,,,True,f322b8c770fc2cec182602de6f9adeb8ed6109e92f474b2d36867aba78c4fdf5
hopper-expert-v2,7,1,MART4,dataset,from_mu1_rms,mu1,mu4,0.06946640461683273,4096,0,,,True,f322b8c770fc2cec182602de6f9adeb8ed6109e92f474b2d36867aba78c4fdf5
hopper-expert-v2,7,1,MART4,dataset,cos_d2_d3,delta,delta,-0.12604297697544098,4096,0,,,True,f322b8c770fc2cec182602de6f9adeb8ed6109e92f474b2d36867aba78c4fdf5
hopper-expert-v2,7,1,MART4,dataset,cos_d3_d4,delta,delta,-0.08774067461490631,4096,0,,,True,f322b8c770fc2cec182602de6f9adeb8ed6109e92f474b2d36867aba78c4fdf5
hopper-expert-v2,7,1,MART4,dataset,cos_d2_d4,delta,delta,-0.1558275669813156,4096,0,,,True,f322b8c770fc2cec182602de6f9adeb8ed6109e92f474b2d36867aba78c4fdf5
hopper-expert-v2,7,1,MART4,rollout_union,bound_frac,mu1,,0.21527272727272728,1375,0,0.010118604637682438,2.141024589538574,True,f322b8c770fc2cec182602de6f9adeb8ed6109e92f474b2d36867aba78c4fdf5
hopper-expert-v2,7,1,MART4,rollout_union,bound_frac,mu2,,0.216,1375,0,0.010118604637682438,2.1433963775634766,True,f322b8c770fc2cec182602de6f9adeb8ed6109e92f474b2d36867aba78c4fdf5
hopper-expert-v2,7,1,MART4,rollout_union,bound_frac,mu3,,0.21963636363636363,1375,0,0.010117904283106327,2.147644281387329,True,f322b8c770fc2cec182602de6f9adeb8ed6109e92f474b2d36867aba78c4fdf5
hopper-expert-v2,7,1,MART4,rollout_union,bound_frac,mu4,,0.22618181818181818,1375,0,0.010117262601852417,2.1496894359588623,True,f322b8c770fc2cec182602de6f9adeb8ed6109e92f474b2d36867aba78c4fdf5
hopper-expert-v2,7,1,MART4,rollout_union,adjacent_rms,mu1,mu2,0.06553546339273453,1375,0,,,True,f322b8c770fc2cec182602de6f9adeb8ed6109e92f474b2d36867aba78c4fdf5
hopper-expert-v2,7,1,MART4,rollout_union,adjacent_rms,mu2,mu3,0.054345518350601196,1375,0,,,True,f322b8c770fc2cec182602de6f9adeb8ed6109e92f474b2d36867aba78c4fdf5
hopper-expert-v2,7,1,MART4,rollout_union,adjacent_rms,mu3,mu4,0.05453861877322197,1375,0,,,True,f322b8c770fc2cec182602de6f9adeb8ed6109e92f474b2d36867aba78c4fdf5
hopper-expert-v2,7,1,MART4,rollout_union,from_mu1_rms,mu1,mu2,0.06553546339273453,1375,0,,,True,f322b8c770fc2cec182602de6f9adeb8ed6109e92f474b2d36867aba78c4fdf5
hopper-expert-v2,7,1,MART4,rollout_union,from_mu1_rms,mu1,mu3,0.08449582755565643,1375,0,,,True,f322b8c770fc2cec182602de6f9adeb8ed6109e92f474b2d36867aba78c4fdf5
hopper-expert-v2,7,1,MART4,rollout_union,from_mu1_rms,mu1,mu4,0.0909360721707344,1375,0,,,True,f322b8c770fc2cec182602de6f9adeb8ed6109e92f474b2d36867aba78c4fdf5
hopper-expert-v2,7,1,MART4,rollout_union,cos_d2_d3,delta,delta,-0.03816528990864754,1375,0,,,True,f322b8c770fc2cec182602de6f9adeb8ed6109e92f474b2d36867aba78c4fdf5
hopper-expert-v2,7,1,MART4,rollout_union,cos_d3_d4,delta,delta,-0.03221738338470459,1375,0,,,True,f322b8c770fc2cec182602de6f9adeb8ed6109e92f474b2d36867aba78c4fdf5
hopper-expert-v2,7,1,MART4,rollout_union,cos_d2_d4,delta,delta,-0.15678063035011292,1375,0,,,True,f322b8c770fc2cec182602de6f9adeb8ed6109e92f474b2d36867aba78c4fdf5
hopper-expert-v2,10,1,MART4,dataset,bound_frac,mu1,,0.232666015625,4096,0,0.014410448260605335,2.3799164295196533,True,7fb0cd4a9b7259187baae09587141fe05649f34ca4769f34127c62dbe9245319
hopper-expert-v2,10,1,MART4,dataset,bound_frac,mu2,,0.236328125,4096,0,0.014410448260605335,2.3843212127685547,True,7fb0cd4a9b7259187baae09587141fe05649f34ca4769f34127c62dbe9245319
hopper-expert-v2,10,1,MART4,dataset,bound_frac,mu3,,0.239990234375,4096,0,0.014409569092094898,2.3794898986816406,True,7fb0cd4a9b7259187baae09587141fe05649f34ca4769f34127c62dbe9245319
hopper-expert-v2,10,1,MART4,dataset,bound_frac,mu4,,0.24365234375,4096,0,0.014408491551876068,2.3797130584716797,True,7fb0cd4a9b7259187baae09587141fe05649f34ca4769f34127c62dbe9245319
hopper-expert-v2,10,1,MART4,dataset,adjacent_rms,mu1,mu2,0.05109986662864685,4096,0,,,True,7fb0cd4a9b7259187baae09587141fe05649f34ca4769f34127c62dbe9245319
hopper-expert-v2,10,1,MART4,dataset,adjacent_rms,mu2,mu3,0.04282691702246666,4096,0,,,True,7fb0cd4a9b7259187baae09587141fe05649f34ca4769f34127c62dbe9245319
hopper-expert-v2,10,1,MART4,dataset,adjacent_rms,mu3,mu4,0.052689388394355774,4096,0,,,True,7fb0cd4a9b7259187baae09587141fe05649f34ca4769f34127c62dbe9245319
hopper-expert-v2,10,1,MART4,dataset,from_mu1_rms,mu1,mu2,0.05109986662864685,4096,0,,,True,7fb0cd4a9b7259187baae09587141fe05649f34ca4769f34127c62dbe9245319
hopper-expert-v2,10,1,MART4,dataset,from_mu1_rms,mu1,mu3,0.06628398597240448,4096,0,,,True,7fb0cd4a9b7259187baae09587141fe05649f34ca4769f34127c62dbe9245319
hopper-expert-v2,10,1,MART4,dataset,from_mu1_rms,mu1,mu4,0.07318475842475891,4096,0,,,True,7fb0cd4a9b7259187baae09587141fe05649f34ca4769f34127c62dbe9245319
hopper-expert-v2,10,1,MART4,dataset,cos_d2_d3,delta,delta,0.0022867179941385984,4096,0,,,True,7fb0cd4a9b7259187baae09587141fe05649f34ca4769f34127c62dbe9245319
hopper-expert-v2,10,1,MART4,dataset,cos_d3_d4,delta,delta,-0.15943758189678192,4096,0,,,True,7fb0cd4a9b7259187baae09587141fe05649f34ca4769f34127c62dbe9245319
hopper-expert-v2,10,1,MART4,dataset,cos_d2_d4,delta,delta,-0.11442998051643372,4096,0,,,True,7fb0cd4a9b7259187baae09587141fe05649f34ca4769f34127c62dbe9245319
hopper-expert-v2,10,1,MART4,rollout_union,bound_frac,mu1,,0.23582766439909297,882,0,0.015058913268148899,2.6202409267425537,True,7fb0cd4a9b7259187baae09587141fe05649f34ca4769f34127c62dbe9245319
hopper-expert-v2,10,1,MART4,rollout_union,bound_frac,mu2,,0.23015873015873015,882,0,0.015058913268148899,2.6130759716033936,True,7fb0cd4a9b7259187baae09587141fe05649f34ca4769f34127c62dbe9245319
hopper-expert-v2,10,1,MART4,rollout_union,bound_frac,mu3,,0.23582766439909297,882,0,0.01505547296255827,2.605435609817505,True,7fb0cd4a9b7259187baae09587141fe05649f34ca4769f34127c62dbe9245319
hopper-expert-v2,10,1,MART4,rollout_union,bound_frac,mu4,,0.23356009070294784,882,0,0.015053433366119862,2.58872652053833,True,7fb0cd4a9b7259187baae09587141fe05649f34ca4769f34127c62dbe9245319
hopper-expert-v2,10,1,MART4,rollout_union,adjacent_rms,mu1,mu2,0.0856214240193367,882,0,,,True,7fb0cd4a9b7259187baae09587141fe05649f34ca4769f34127c62dbe9245319
hopper-expert-v2,10,1,MART4,rollout_union,adjacent_rms,mu2,mu3,0.07197272777557373,882,0,,,True,7fb0cd4a9b7259187baae09587141fe05649f34ca4769f34127c62dbe9245319
hopper-expert-v2,10,1,MART4,rollout_union,adjacent_rms,mu3,mu4,0.0805913433432579,882,0,,,True,7fb0cd4a9b7259187baae09587141fe05649f34ca4769f34127c62dbe9245319
hopper-expert-v2,10,1,MART4,rollout_union,from_mu1_rms,mu1,mu2,0.0856214240193367,882,0,,,True,7fb0cd4a9b7259187baae09587141fe05649f34ca4769f34127c62dbe9245319
hopper-expert-v2,10,1,MART4,rollout_union,from_mu1_rms,mu1,mu3,0.10746494680643082,882,0,,,True,7fb0cd4a9b7259187baae09587141fe05649f34ca4769f34127c62dbe9245319
hopper-expert-v2,10,1,MART4,rollout_union,from_mu1_rms,mu1,mu4,0.12077059596776962,882,0,,,True,7fb0cd4a9b7259187baae09587141fe05649f34ca4769f34127c62dbe9245319
hopper-expert-v2,10,1,MART4,rollout_union,cos_d2_d3,delta,delta,0.030557427555322647,882,0,,,True,7fb0cd4a9b7259187baae09587141fe05649f34ca4769f34127c62dbe9245319
hopper-expert-v2,10,1,MART4,rollout_union,cos_d3_d4,delta,delta,-0.10376819223165512,882,0,,,True,7fb0cd4a9b7259187baae09587141fe05649f34ca4769f34127c62dbe9245319
hopper-expert-v2,10,1,MART4,rollout_union,cos_d2_d4,delta,delta,-0.12268627434968948,882,0,,,True,7fb0cd4a9b7259187baae09587141fe05649f34ca4769f34127c62dbe9245319
hopper-expert-v2,14,1,MART4,dataset,bound_frac,mu1,,0.208740234375,4096,0,4.913888318469617e-08,5327874.0,True,5f75ec800e91c857f206fe546bf378e7afe7c325d00d087b2f51039d9afd4dfd
hopper-expert-v2,14,1,MART4,dataset,bound_frac,mu2,,0.2822265625,4096,0,4.913888318469617e-08,5434146.0,True,5f75ec800e91c857f206fe546bf378e7afe7c325d00d087b2f51039d9afd4dfd
hopper-expert-v2,14,1,MART4,dataset,bound_frac,mu3,,0.40234375,4096,0,4.8650790063220484e-08,5554888.0,True,5f75ec800e91c857f206fe546bf378e7afe7c325d00d087b2f51039d9afd4dfd
hopper-expert-v2,14,1,MART4,dataset,bound_frac,mu4,,0.531982421875,4096,0,4.8258463891670544e-08,5627612.5,True,5f75ec800e91c857f206fe546bf378e7afe7c325d00d087b2f51039d9afd4dfd
hopper-expert-v2,14,1,MART4,dataset,adjacent_rms,mu1,mu2,0.1673109233379364,4096,0,,,True,5f75ec800e91c857f206fe546bf378e7afe7c325d00d087b2f51039d9afd4dfd
hopper-expert-v2,14,1,MART4,dataset,adjacent_rms,mu2,mu3,0.15329250693321228,4096,0,,,True,5f75ec800e91c857f206fe546bf378e7afe7c325d00d087b2f51039d9afd4dfd
hopper-expert-v2,14,1,MART4,dataset,adjacent_rms,mu3,mu4,0.12634745240211487,4096,0,,,True,5f75ec800e91c857f206fe546bf378e7afe7c325d00d087b2f51039d9afd4dfd
hopper-expert-v2,14,1,MART4,dataset,from_mu1_rms,mu1,mu2,0.1673109233379364,4096,0,,,True,5f75ec800e91c857f206fe546bf378e7afe7c325d00d087b2f51039d9afd4dfd
hopper-expert-v2,14,1,MART4,dataset,from_mu1_rms,mu1,mu3,0.3053515553474426,4096,0,,,True,5f75ec800e91c857f206fe546bf378e7afe7c325d00d087b2f51039d9afd4dfd
hopper-expert-v2,14,1,MART4,dataset,from_mu1_rms,mu1,mu4,0.4037827253341675,4096,0,,,True,5f75ec800e91c857f206fe546bf378e7afe7c325d00d087b2f51039d9afd4dfd
hopper-expert-v2,14,1,MART4,dataset,cos_d2_d3,delta,delta,0.7298625111579895,4094,2,,,True,5f75ec800e91c857f206fe546bf378e7afe7c325d00d087b2f51039d9afd4dfd
hopper-expert-v2,14,1,MART4,dataset,cos_d3_d4,delta,delta,0.581233561038971,4061,35,,,True,5f75ec800e91c857f206fe546bf378e7afe7c325d00d087b2f51039d9afd4dfd
hopper-expert-v2,14,1,MART4,dataset,cos_d2_d4,delta,delta,0.5462501049041748,4061,35,,,True,5f75ec800e91c857f206fe546bf378e7afe7c325d00d087b2f51039d9afd4dfd
hopper-expert-v2,14,1,MART4,rollout_union,bound_frac,mu1,,0.27230046948356806,426,0,3.9537287221946826e-08,6393428.0,True,5f75ec800e91c857f206fe546bf378e7afe7c325d00d087b2f51039d9afd4dfd
hopper-expert-v2,14,1,MART4,rollout_union,bound_frac,mu2,,0.30985915492957744,426,0,3.9537287221946826e-08,6454049.5,True,5f75ec800e91c857f206fe546bf378e7afe7c325d00d087b2f51039d9afd4dfd
hopper-expert-v2,14,1,MART4,rollout_union,bound_frac,mu3,,0.4812206572769953,426,0,3.9171300869611514e-08,6499123.0,True,5f75ec800e91c857f206fe546bf378e7afe7c325d00d087b2f51039d9afd4dfd
hopper-expert-v2,14,1,MART4,rollout_union,bound_frac,mu4,,0.6314553990610329,426,0,3.8896082799055876e-08,6475194.5,True,5f75ec800e91c857f206fe546bf378e7afe7c325d00d087b2f51039d9afd4dfd
hopper-expert-v2,14,1,MART4,rollout_union,adjacent_rms,mu1,mu2,0.20850032567977905,426,0,,,True,5f75ec800e91c857f206fe546bf378e7afe7c325d00d087b2f51039d9afd4dfd
hopper-expert-v2,14,1,MART4,rollout_union,adjacent_rms,mu2,mu3,0.17151029407978058,426,0,,,True,5f75ec800e91c857f206fe546bf378e7afe7c325d00d087b2f51039d9afd4dfd
hopper-expert-v2,14,1,MART4,rollout_union,adjacent_rms,mu3,mu4,0.1482764482498169,426,0,,,True,5f75ec800e91c857f206fe546bf378e7afe7c325d00d087b2f51039d9afd4dfd
hopper-expert-v2,14,1,MART4,rollout_union,from_mu1_rms,mu1,mu2,0.20850032567977905,426,0,,,True,5f75ec800e91c857f206fe546bf378e7afe7c325d00d087b2f51039d9afd4dfd
hopper-expert-v2,14,1,MART4,rollout_union,from_mu1_rms,mu1,mu3,0.3314323127269745,426,0,,,True,5f75ec800e91c857f206fe546bf378e7afe7c325d00d087b2f51039d9afd4dfd
hopper-expert-v2,14,1,MART4,rollout_union,from_mu1_rms,mu1,mu4,0.4173085689544678,426,0,,,True,5f75ec800e91c857f206fe546bf378e7afe7c325d00d087b2f51039d9afd4dfd
hopper-expert-v2,14,1,MART4,rollout_union,cos_d2_d3,delta,delta,0.5076618194580078,426,0,,,True,5f75ec800e91c857f206fe546bf378e7afe7c325d00d087b2f51039d9afd4dfd
hopper-expert-v2,14,1,MART4,rollout_union,cos_d3_d4,delta,delta,0.31202784180641174,409,17,,,True,5f75ec800e91c857f206fe546bf378e7afe7c325d00d087b2f51039d9afd4dfd
hopper-expert-v2,14,1,MART4,rollout_union,cos_d2_d4,delta,delta,0.385725736618042,409,17,,,True,5f75ec800e91c857f206fe546bf378e7afe7c325d00d087b2f51039d9afd4dfd
hopper-expert-v2,20,1,MART4,dataset,bound_frac,mu1,,0.0810546875,4096,0,3.493433177936822e-05,7850.4306640625,True,6eb3cb536309f453caaa8c1aea4d0f263c9e67b002e5a334db823b4fbede41b6
hopper-expert-v2,20,1,MART4,dataset,bound_frac,mu2,,0.15673828125,4096,0,3.493433177936822e-05,7906.3212890625,True,6eb3cb536309f453caaa8c1aea4d0f263c9e67b002e5a334db823b4fbede41b6
hopper-expert-v2,20,1,MART4,dataset,bound_frac,mu3,,0.241943359375,4096,0,3.456540798651986e-05,8002.92822265625,True,6eb3cb536309f453caaa8c1aea4d0f263c9e67b002e5a334db823b4fbede41b6
hopper-expert-v2,20,1,MART4,dataset,bound_frac,mu4,,0.3173828125,4096,0,3.437037958065048e-05,8225.650390625,True,6eb3cb536309f453caaa8c1aea4d0f263c9e67b002e5a334db823b4fbede41b6
hopper-expert-v2,20,1,MART4,dataset,adjacent_rms,mu1,mu2,0.18933390080928802,4096,0,,,True,6eb3cb536309f453caaa8c1aea4d0f263c9e67b002e5a334db823b4fbede41b6
hopper-expert-v2,20,1,MART4,dataset,adjacent_rms,mu2,mu3,0.1577673852443695,4096,0,,,True,6eb3cb536309f453caaa8c1aea4d0f263c9e67b002e5a334db823b4fbede41b6
hopper-expert-v2,20,1,MART4,dataset,adjacent_rms,mu3,mu4,0.14656469225883484,4096,0,,,True,6eb3cb536309f453caaa8c1aea4d0f263c9e67b002e5a334db823b4fbede41b6
hopper-expert-v2,20,1,MART4,dataset,from_mu1_rms,mu1,mu2,0.18933390080928802,4096,0,,,True,6eb3cb536309f453caaa8c1aea4d0f263c9e67b002e5a334db823b4fbede41b6
hopper-expert-v2,20,1,MART4,dataset,from_mu1_rms,mu1,mu3,0.3199309706687927,4096,0,,,True,6eb3cb536309f453caaa8c1aea4d0f263c9e67b002e5a334db823b4fbede41b6
hopper-expert-v2,20,1,MART4,dataset,from_mu1_rms,mu1,mu4,0.4119125008583069,4096,0,,,True,6eb3cb536309f453caaa8c1aea4d0f263c9e67b002e5a334db823b4fbede41b6
hopper-expert-v2,20,1,MART4,dataset,cos_d2_d3,delta,delta,0.5997682213783264,4096,0,,,True,6eb3cb536309f453caaa8c1aea4d0f263c9e67b002e5a334db823b4fbede41b6
hopper-expert-v2,20,1,MART4,dataset,cos_d3_d4,delta,delta,0.3238004744052887,4096,0,,,True,6eb3cb536309f453caaa8c1aea4d0f263c9e67b002e5a334db823b4fbede41b6
hopper-expert-v2,20,1,MART4,dataset,cos_d2_d4,delta,delta,0.3831603229045868,4096,0,,,True,6eb3cb536309f453caaa8c1aea4d0f263c9e67b002e5a334db823b4fbede41b6
hopper-expert-v2,20,1,MART4,rollout_union,bound_frac,mu1,,0.18556701030927836,97,0,2.3323094865190797e-05,9101.7841796875,True,6eb3cb536309f453caaa8c1aea4d0f263c9e67b002e5a334db823b4fbede41b6
hopper-expert-v2,20,1,MART4,rollout_union,bound_frac,mu2,,0.23711340206185566,97,0,2.3323094865190797e-05,8695.3349609375,True,6eb3cb536309f453caaa8c1aea4d0f263c9e67b002e5a334db823b4fbede41b6
hopper-expert-v2,20,1,MART4,rollout_union,bound_frac,mu3,,0.23711340206185566,97,0,2.3188782506622374e-05,8822.0126953125,True,6eb3cb536309f453caaa8c1aea4d0f263c9e67b002e5a334db823b4fbede41b6
hopper-expert-v2,20,1,MART4,rollout_union,bound_frac,mu4,,0.6494845360824743,97,0,2.3154108930611983e-05,9112.830078125,True,6eb3cb536309f453caaa8c1aea4d0f263c9e67b002e5a334db823b4fbede41b6
hopper-expert-v2,20,1,MART4,rollout_union,adjacent_rms,mu1,mu2,0.39396628737449646,97,0,,,True,6eb3cb536309f453caaa8c1aea4d0f263c9e67b002e5a334db823b4fbede41b6
hopper-expert-v2,20,1,MART4,rollout_union,adjacent_rms,mu2,mu3,0.41335344314575195,97,0,,,True,6eb3cb536309f453caaa8c1aea4d0f263c9e67b002e5a334db823b4fbede41b6
hopper-expert-v2,20,1,MART4,rollout_union,adjacent_rms,mu3,mu4,0.5012999176979065,97,0,,,True,6eb3cb536309f453caaa8c1aea4d0f263c9e67b002e5a334db823b4fbede41b6
hopper-expert-v2,20,1,MART4,rollout_union,from_mu1_rms,mu1,mu2,0.39396628737449646,97,0,,,True,6eb3cb536309f453caaa8c1aea4d0f263c9e67b002e5a334db823b4fbede41b6
hopper-expert-v2,20,1,MART4,rollout_union,from_mu1_rms,mu1,mu3,0.528407633304596,97,0,,,True,6eb3cb536309f453caaa8c1aea4d0f263c9e67b002e5a334db823b4fbede41b6
hopper-expert-v2,20,1,MART4,rollout_union,from_mu1_rms,mu1,mu4,0.5647854208946228,97,0,,,True,6eb3cb536309f453caaa8c1aea4d0f263c9e67b002e5a334db823b4fbede41b6
hopper-expert-v2,20,1,MART4,rollout_union,cos_d2_d3,delta,delta,0.12518347799777985,97,0,,,True,6eb3cb536309f453caaa8c1aea4d0f263c9e67b002e5a334db823b4fbede41b6
hopper-expert-v2,20,1,MART4,rollout_union,cos_d3_d4,delta,delta,-0.22358828783035278,97,0,,,True,6eb3cb536309f453caaa8c1aea4d0f263c9e67b002e5a334db823b4fbede41b6
hopper-expert-v2,20,1,MART4,rollout_union,cos_d2_d4,delta,delta,-0.11033228039741516,97,0,,,True,6eb3cb536309f453caaa8c1aea4d0f263c9e67b002e5a334db823b4fbede41b6
halfcheetah-medium-v2,4,1,MART4,dataset,bound_frac,mu1,,0.48779296875,4096,0,0.004560951143503189,10.011305809020996,True,709ad3caf0de4f8d7cf356baae66a430aad858e9b83d59828f7c8fa44d48c86b
halfcheetah-medium-v2,4,1,MART4,dataset,bound_frac,mu2,,0.697021484375,4096,0,0.004560951143503189,9.675247192382812,True,709ad3caf0de4f8d7cf356baae66a430aad858e9b83d59828f7c8fa44d48c86b
halfcheetah-medium-v2,4,1,MART4,dataset,bound_frac,mu3,,0.7685546875,4096,0,0.00455516530200839,9.457639694213867,True,709ad3caf0de4f8d7cf356baae66a430aad858e9b83d59828f7c8fa44d48c86b
halfcheetah-medium-v2,4,1,MART4,dataset,bound_frac,mu4,,0.801513671875,4096,0,0.004551707301288843,9.20146656036377,True,709ad3caf0de4f8d7cf356baae66a430aad858e9b83d59828f7c8fa44d48c86b
halfcheetah-medium-v2,4,1,MART4,dataset,adjacent_rms,mu1,mu2,0.05233551561832428,4096,0,,,True,709ad3caf0de4f8d7cf356baae66a430aad858e9b83d59828f7c8fa44d48c86b
halfcheetah-medium-v2,4,1,MART4,dataset,adjacent_rms,mu2,mu3,0.04761277511715889,4096,0,,,True,709ad3caf0de4f8d7cf356baae66a430aad858e9b83d59828f7c8fa44d48c86b
halfcheetah-medium-v2,4,1,MART4,dataset,adjacent_rms,mu3,mu4,0.054850511252880096,4096,0,,,True,709ad3caf0de4f8d7cf356baae66a430aad858e9b83d59828f7c8fa44d48c86b
halfcheetah-medium-v2,4,1,MART4,dataset,from_mu1_rms,mu1,mu2,0.05233551561832428,4096,0,,,True,709ad3caf0de4f8d7cf356baae66a430aad858e9b83d59828f7c8fa44d48c86b
halfcheetah-medium-v2,4,1,MART4,dataset,from_mu1_rms,mu1,mu3,0.07279209047555923,4096,0,,,True,709ad3caf0de4f8d7cf356baae66a430aad858e9b83d59828f7c8fa44d48c86b
halfcheetah-medium-v2,4,1,MART4,dataset,from_mu1_rms,mu1,mu4,0.09276892244815826,4096,0,,,True,709ad3caf0de4f8d7cf356baae66a430aad858e9b83d59828f7c8fa44d48c86b
halfcheetah-medium-v2,4,1,MART4,dataset,cos_d2_d3,delta,delta,0.09160857647657394,4096,0,,,True,709ad3caf0de4f8d7cf356baae66a430aad858e9b83d59828f7c8fa44d48c86b
halfcheetah-medium-v2,4,1,MART4,dataset,cos_d3_d4,delta,delta,0.04774288460612297,4096,0,,,True,709ad3caf0de4f8d7cf356baae66a430aad858e9b83d59828f7c8fa44d48c86b
halfcheetah-medium-v2,4,1,MART4,dataset,cos_d2_d4,delta,delta,0.028155328705906868,4096,0,,,True,709ad3caf0de4f8d7cf356baae66a430aad858e9b83d59828f7c8fa44d48c86b
halfcheetah-medium-v2,4,1,MART4,rollout_union,bound_frac,mu1,,0.4365079365079365,1638,0,0.00427616573870182,8.498207092285156,True,709ad3caf0de4f8d7cf356baae66a430aad858e9b83d59828f7c8fa44d48c86b
halfcheetah-medium-v2,4,1,MART4,rollout_union,bound_frac,mu2,,0.7112332112332113,1638,0,0.00427616573870182,8.14441204071045,True,709ad3caf0de4f8d7cf356baae66a430aad858e9b83d59828f7c8fa44d48c86b
halfcheetah-medium-v2,4,1,MART4,rollout_union,bound_frac,mu3,,0.7448107448107448,1638,0,0.0042723012156784534,7.908819675445557,True,709ad3caf0de4f8d7cf356baae66a430aad858e9b83d59828f7c8fa44d48c86b
halfcheetah-medium-v2,4,1,MART4,rollout_union,bound_frac,mu4,,0.7698412698412699,1638,0,0.0042700693011283875,7.793343544006348,True,709ad3caf0de4f8d7cf356baae66a430aad858e9b83d59828f7c8fa44d48c86b
halfcheetah-medium-v2,4,1,MART4,rollout_union,adjacent_rms,mu1,mu2,0.04968659579753876,1638,0,,,True,709ad3caf0de4f8d7cf356baae66a430aad858e9b83d59828f7c8fa44d48c86b
halfcheetah-medium-v2,4,1,MART4,rollout_union,adjacent_rms,mu2,mu3,0.04570441320538521,1638,0,,,True,709ad3caf0de4f8d7cf356baae66a430aad858e9b83d59828f7c8fa44d48c86b
halfcheetah-medium-v2,4,1,MART4,rollout_union,adjacent_rms,mu3,mu4,0.05056433007121086,1638,0,,,True,709ad3caf0de4f8d7cf356baae66a430aad858e9b83d59828f7c8fa44d48c86b
halfcheetah-medium-v2,4,1,MART4,rollout_union,from_mu1_rms,mu1,mu2,0.04968659579753876,1638,0,,,True,709ad3caf0de4f8d7cf356baae66a430aad858e9b83d59828f7c8fa44d48c86b
halfcheetah-medium-v2,4,1,MART4,rollout_union,from_mu1_rms,mu1,mu3,0.06703788787126541,1638,0,,,True,709ad3caf0de4f8d7cf356baae66a430aad858e9b83d59828f7c8fa44d48c86b
halfcheetah-medium-v2,4,1,MART4,rollout_union,from_mu1_rms,mu1,mu4,0.08331343531608582,1638,0,,,True,709ad3caf0de4f8d7cf356baae66a430aad858e9b83d59828f7c8fa44d48c86b
halfcheetah-medium-v2,4,1,MART4,rollout_union,cos_d2_d3,delta,delta,0.007127196528017521,1638,0,,,True,709ad3caf0de4f8d7cf356baae66a430aad858e9b83d59828f7c8fa44d48c86b
halfcheetah-medium-v2,4,1,MART4,rollout_union,cos_d3_d4,delta,delta,0.02935955487191677,1638,0,,,True,709ad3caf0de4f8d7cf356baae66a430aad858e9b83d59828f7c8fa44d48c86b
halfcheetah-medium-v2,4,1,MART4,rollout_union,cos_d2_d4,delta,delta,-0.02707144245505333,1638,0,,,True,709ad3caf0de4f8d7cf356baae66a430aad858e9b83d59828f7c8fa44d48c86b
halfcheetah-medium-v2,7,1,MART4,dataset,bound_frac,mu1,,0.634521484375,4096,0,0.0075613572262227535,9.867589950561523,True,e22358d7b7edb1b5ae5cbf9cb3e0ba5fbd8d2e1c7ecb41c37dc0f74418bcb274
halfcheetah-medium-v2,7,1,MART4,dataset,bound_frac,mu2,,0.7978515625,4096,0,0.0075613572262227535,9.457798957824707,True,e22358d7b7edb1b5ae5cbf9cb3e0ba5fbd8d2e1c7ecb41c37dc0f74418bcb274
halfcheetah-medium-v2,7,1,MART4,dataset,bound_frac,mu3,,0.843017578125,4096,0,0.007550460286438465,9.347086906433105,True,e22358d7b7edb1b5ae5cbf9cb3e0ba5fbd8d2e1c7ecb41c37dc0f74418bcb274
halfcheetah-medium-v2,7,1,MART4,dataset,bound_frac,mu4,,0.869140625,4096,0,0.00754436245188117,9.129695892333984,True,e22358d7b7edb1b5ae5cbf9cb3e0ba5fbd8d2e1c7ecb41c37dc0f74418bcb274
halfcheetah-medium-v2,7,1,MART4,dataset,adjacent_rms,mu1,mu2,0.06134870648384094,4096,0,,,True,e22358d7b7edb1b5ae5cbf9cb3e0ba5fbd8d2e1c7ecb41c37dc0f74418bcb274
halfcheetah-medium-v2,7,1,MART4,dataset,adjacent_rms,mu2,mu3,0.05320484936237335,4096,0,,,True,e22358d7b7edb1b5ae5cbf9cb3e0ba5fbd8d2e1c7ecb41c37dc0f74418bcb274
halfcheetah-medium-v2,7,1,MART4,dataset,adjacent_rms,mu3,mu4,0.0591706857085228,4096,0,,,True,e22358d7b7edb1b5ae5cbf9cb3e0ba5fbd8d2e1c7ecb41c37dc0f74418bcb274
halfcheetah-medium-v2,7,1,MART4,dataset,from_mu1_rms,mu1,mu2,0.06134870648384094,4096,0,,,True,e22358d7b7edb1b5ae5cbf9cb3e0ba5fbd8d2e1c7ecb41c37dc0f74418bcb274
halfcheetah-medium-v2,7,1,MART4,dataset,from_mu1_rms,mu1,mu3,0.08878955990076065,4096,0,,,True,e22358d7b7edb1b5ae5cbf9cb3e0ba5fbd8d2e1c7ecb41c37dc0f74418bcb274
halfcheetah-medium-v2,7,1,MART4,dataset,from_mu1_rms,mu1,mu4,0.11313791573047638,4096,0,,,True,e22358d7b7edb1b5ae5cbf9cb3e0ba5fbd8d2e1c7ecb41c37dc0f74418bcb274
halfcheetah-medium-v2,7,1,MART4,dataset,cos_d2_d3,delta,delta,0.2025170475244522,4096,0,,,True,e22358d7b7edb1b5ae5cbf9cb3e0ba5fbd8d2e1c7ecb41c37dc0f74418bcb274
halfcheetah-medium-v2,7,1,MART4,dataset,cos_d3_d4,delta,delta,0.0678705945611,4096,0,,,True,e22358d7b7edb1b5ae5cbf9cb3e0ba5fbd8d2e1c7ecb41c37dc0f74418bcb274
halfcheetah-medium-v2,7,1,MART4,dataset,cos_d2_d4,delta,delta,0.12156011164188385,4096,0,,,True,e22358d7b7edb1b5ae5cbf9cb3e0ba5fbd8d2e1c7ecb41c37dc0f74418bcb274
halfcheetah-medium-v2,7,1,MART4,rollout_union,bound_frac,mu1,,0.6945632254123396,1637,0,0.006961800158023834,8.725963592529297,True,e22358d7b7edb1b5ae5cbf9cb3e0ba5fbd8d2e1c7ecb41c37dc0f74418bcb274
halfcheetah-medium-v2,7,1,MART4,rollout_union,bound_frac,mu2,,0.8918753817959683,1637,0,0.006961800158023834,8.290132522583008,True,e22358d7b7edb1b5ae5cbf9cb3e0ba5fbd8d2e1c7ecb41c37dc0f74418bcb274
halfcheetah-medium-v2,7,1,MART4,rollout_union,bound_frac,mu3,,0.937080024434942,1637,0,0.006955265533179045,8.392129898071289,True,e22358d7b7edb1b5ae5cbf9cb3e0ba5fbd8d2e1c7ecb41c37dc0f74418bcb274
halfcheetah-medium-v2,7,1,MART4,rollout_union,bound_frac,mu4,,0.9401343921808186,1637,0,0.0069517274387180805,8.059528350830078,True,e22358d7b7edb1b5ae5cbf9cb3e0ba5fbd8d2e1c7ecb41c37dc0f74418bcb274
halfcheetah-medium-v2,7,1,MART4,rollout_union,adjacent_rms,mu1,mu2,0.06893439590930939,1637,0,,,True,e22358d7b7edb1b5ae5cbf9cb3e0ba5fbd8d2e1c7ecb41c37dc0f74418bcb274
halfcheetah-medium-v2,7,1,MART4,rollout_union,adjacent_rms,mu2,mu3,0.05752100050449371,1637,0,,,True,e22358d7b7edb1b5ae5cbf9cb3e0ba5fbd8d2e1c7ecb41c37dc0f74418bcb274
halfcheetah-medium-v2,7,1,MART4,rollout_union,adjacent_rms,mu3,mu4,0.06457705795764923,1637,0,,,True,e22358d7b7edb1b5ae5cbf9cb3e0ba5fbd8d2e1c7ecb41c37dc0f74418bcb274
halfcheetah-medium-v2,7,1,MART4,rollout_union,from_mu1_rms,mu1,mu2,0.06893439590930939,1637,0,,,True,e22358d7b7edb1b5ae5cbf9cb3e0ba5fbd8d2e1c7ecb41c37dc0f74418bcb274
halfcheetah-medium-v2,7,1,MART4,rollout_union,from_mu1_rms,mu1,mu3,0.09022948890924454,1637,0,,,True,e22358d7b7edb1b5ae5cbf9cb3e0ba5fbd8d2e1c7ecb41c37dc0f74418bcb274
halfcheetah-medium-v2,7,1,MART4,rollout_union,from_mu1_rms,mu1,mu4,0.10534752905368805,1637,0,,,True,e22358d7b7edb1b5ae5cbf9cb3e0ba5fbd8d2e1c7ecb41c37dc0f74418bcb274
halfcheetah-medium-v2,7,1,MART4,rollout_union,cos_d2_d3,delta,delta,0.052422311156988144,1637,0,,,True,e22358d7b7edb1b5ae5cbf9cb3e0ba5fbd8d2e1c7ecb41c37dc0f74418bcb274
halfcheetah-medium-v2,7,1,MART4,rollout_union,cos_d3_d4,delta,delta,-0.055489130318164825,1637,0,,,True,e22358d7b7edb1b5ae5cbf9cb3e0ba5fbd8d2e1c7ecb41c37dc0f74418bcb274
halfcheetah-medium-v2,7,1,MART4,rollout_union,cos_d2_d4,delta,delta,-0.06667757034301758,1637,0,,,True,e22358d7b7edb1b5ae5cbf9cb3e0ba5fbd8d2e1c7ecb41c37dc0f74418bcb274
halfcheetah-medium-v2,10,1,MART4,dataset,bound_frac,mu1,,0.6669921875,4096,0,0.010358236730098724,9.446207046508789,True,d483b2c1b59ea493b79ccdb85584423781ad1a0dff6542adae7ddaddd4af31e0
halfcheetah-medium-v2,10,1,MART4,dataset,bound_frac,mu2,,0.810302734375,4096,0,0.010358236730098724,9.042261123657227,True,d483b2c1b59ea493b79ccdb85584423781ad1a0dff6542adae7ddaddd4af31e0
halfcheetah-medium-v2,10,1,MART4,dataset,bound_frac,mu3,,0.842529296875,4096,0,0.010343169793486595,8.96137523651123,True,d483b2c1b59ea493b79ccdb85584423781ad1a0dff6542adae7ddaddd4af31e0
halfcheetah-medium-v2,10,1,MART4,dataset,bound_frac,mu4,,0.8662109375,4096,0,0.010334411635994911,8.751745223999023,True,d483b2c1b59ea493b79ccdb85584423781ad1a0dff6542adae7ddaddd4af31e0
halfcheetah-medium-v2,10,1,MART4,dataset,adjacent_rms,mu1,mu2,0.0701715424656868,4096,0,,,True,d483b2c1b59ea493b79ccdb85584423781ad1a0dff6542adae7ddaddd4af31e0
halfcheetah-medium-v2,10,1,MART4,dataset,adjacent_rms,mu2,mu3,0.061252400279045105,4096,0,,,True,d483b2c1b59ea493b79ccdb85584423781ad1a0dff6542adae7ddaddd4af31e0
halfcheetah-medium-v2,10,1,MART4,dataset,adjacent_rms,mu3,mu4,0.06031281501054764,4096,0,,,True,d483b2c1b59ea493b79ccdb85584423781ad1a0dff6542adae7ddaddd4af31e0
halfcheetah-medium-v2,10,1,MART4,dataset,from_mu1_rms,mu1,mu2,0.0701715424656868,4096,0,,,True,d483b2c1b59ea493b79ccdb85584423781ad1a0dff6542adae7ddaddd4af31e0
halfcheetah-medium-v2,10,1,MART4,dataset,from_mu1_rms,mu1,mu3,0.102217897772789,4096,0,,,True,d483b2c1b59ea493b79ccdb85584423781ad1a0dff6542adae7ddaddd4af31e0
halfcheetah-medium-v2,10,1,MART4,dataset,from_mu1_rms,mu1,mu4,0.1291179060935974,4096,0,,,True,d483b2c1b59ea493b79ccdb85584423781ad1a0dff6542adae7ddaddd4af31e0
halfcheetah-medium-v2,10,1,MART4,dataset,cos_d2_d3,delta,delta,0.19424957036972046,4096,0,,,True,d483b2c1b59ea493b79ccdb85584423781ad1a0dff6542adae7ddaddd4af31e0
halfcheetah-medium-v2,10,1,MART4,dataset,cos_d3_d4,delta,delta,0.1023167222738266,4096,0,,,True,d483b2c1b59ea493b79ccdb85584423781ad1a0dff6542adae7ddaddd4af31e0
halfcheetah-medium-v2,10,1,MART4,dataset,cos_d2_d4,delta,delta,0.20800942182540894,4096,0,,,True,d483b2c1b59ea493b79ccdb85584423781ad1a0dff6542adae7ddaddd4af31e0
halfcheetah-medium-v2,10,1,MART4,rollout_union,bound_frac,mu1,,0.6630303030303031,1650,0,0.009508824907243252,8.588912963867188,True,d483b2c1b59ea493b79ccdb85584423781ad1a0dff6542adae7ddaddd4af31e0
halfcheetah-medium-v2,10,1,MART4,rollout_union,bound_frac,mu2,,0.8296969696969697,1650,0,0.009508824907243252,8.245657920837402,True,d483b2c1b59ea493b79ccdb85584423781ad1a0dff6542adae7ddaddd4af31e0
halfcheetah-medium-v2,10,1,MART4,rollout_union,bound_frac,mu3,,0.8533333333333334,1650,0,0.009500967338681221,8.204622268676758,True,d483b2c1b59ea493b79ccdb85584423781ad1a0dff6542adae7ddaddd4af31e0
halfcheetah-medium-v2,10,1,MART4,rollout_union,bound_frac,mu4,,0.8848484848484849,1650,0,0.009495017118752003,8.1014404296875,True,d483b2c1b59ea493b79ccdb85584423781ad1a0dff6542adae7ddaddd4af31e0
halfcheetah-medium-v2,10,1,MART4,rollout_union,adjacent_rms,mu1,mu2,0.07083187252283096,1650,0,,,True,d483b2c1b59ea493b79ccdb85584423781ad1a0dff6542adae7ddaddd4af31e0
halfcheetah-medium-v2,10,1,MART4,rollout_union,adjacent_rms,mu2,mu3,0.06705735623836517,1650,0,,,True,d483b2c1b59ea493b79ccdb85584423781ad1a0dff6542adae7ddaddd4af31e0
halfcheetah-medium-v2,10,1,MART4,rollout_union,adjacent_rms,mu3,mu4,0.06844329088926315,1650,0,,,True,d483b2c1b59ea493b79ccdb85584423781ad1a0dff6542adae7ddaddd4af31e0
halfcheetah-medium-v2,10,1,MART4,rollout_union,from_mu1_rms,mu1,mu2,0.07083187252283096,1650,0,,,True,d483b2c1b59ea493b79ccdb85584423781ad1a0dff6542adae7ddaddd4af31e0
halfcheetah-medium-v2,10,1,MART4,rollout_union,from_mu1_rms,mu1,mu3,0.09853647649288177,1650,0,,,True,d483b2c1b59ea493b79ccdb85584423781ad1a0dff6542adae7ddaddd4af31e0
halfcheetah-medium-v2,10,1,MART4,rollout_union,from_mu1_rms,mu1,mu4,0.12279713153839111,1650,0,,,True,d483b2c1b59ea493b79ccdb85584423781ad1a0dff6542adae7ddaddd4af31e0
halfcheetah-medium-v2,10,1,MART4,rollout_union,cos_d2_d3,delta,delta,0.03995724767446518,1650,0,,,True,d483b2c1b59ea493b79ccdb85584423781ad1a0dff6542adae7ddaddd4af31e0
halfcheetah-medium-v2,10,1,MART4,rollout_union,cos_d3_d4,delta,delta,-0.022438261657953262,1650,0,,,True,d483b2c1b59ea493b79ccdb85584423781ad1a0dff6542adae7ddaddd4af31e0
halfcheetah-medium-v2,10,1,MART4,rollout_union,cos_d2_d4,delta,delta,0.09235021471977234,1650,0,,,True,d483b2c1b59ea493b79ccdb85584423781ad1a0dff6542adae7ddaddd4af31e0
halfcheetah-medium-v2,14,1,MART4,dataset,bound_frac,mu1,,0.711669921875,4096,0,0.014061763882637024,8.778964042663574,True,7979f19d46a03fd79cb0c95208f18525df99fb1e11723cdafb7d149f1f28971f
halfcheetah-medium-v2,14,1,MART4,dataset,bound_frac,mu2,,0.81884765625,4096,0,0.014061763882637024,8.355648040771484,True,7979f19d46a03fd79cb0c95208f18525df99fb1e11723cdafb7d149f1f28971f
halfcheetah-medium-v2,14,1,MART4,dataset,bound_frac,mu3,,0.8427734375,4096,0,0.014042682945728302,8.413715362548828,True,7979f19d46a03fd79cb0c95208f18525df99fb1e11723cdafb7d149f1f28971f
halfcheetah-medium-v2,14,1,MART4,dataset,bound_frac,mu4,,0.85791015625,4096,0,0.014032380655407906,8.326691627502441,True,7979f19d46a03fd79cb0c95208f18525df99fb1e11723cdafb7d149f1f28971f
halfcheetah-medium-v2,14,1,MART4,dataset,adjacent_rms,mu1,mu2,0.07388000190258026,4096,0,,,True,7979f19d46a03fd79cb0c95208f18525df99fb1e11723cdafb7d149f1f28971f
halfcheetah-medium-v2,14,1,MART4,dataset,adjacent_rms,mu2,mu3,0.06765968352556229,4096,0,,,True,7979f19d46a03fd79cb0c95208f18525df99fb1e11723cdafb7d149f1f28971f
halfcheetah-medium-v2,14,1,MART4,dataset,adjacent_rms,mu3,mu4,0.06453767418861389,4096,0,,,True,7979f19d46a03fd79cb0c95208f18525df99fb1e11723cdafb7d149f1f28971f
halfcheetah-medium-v2,14,1,MART4,dataset,from_mu1_rms,mu1,mu2,0.07388000190258026,4096,0,,,True,7979f19d46a03fd79cb0c95208f18525df99fb1e11723cdafb7d149f1f28971f
halfcheetah-medium-v2,14,1,MART4,dataset,from_mu1_rms,mu1,mu3,0.11070362478494644,4096,0,,,True,7979f19d46a03fd79cb0c95208f18525df99fb1e11723cdafb7d149f1f28971f
halfcheetah-medium-v2,14,1,MART4,dataset,from_mu1_rms,mu1,mu4,0.14116686582565308,4096,0,,,True,7979f19d46a03fd79cb0c95208f18525df99fb1e11723cdafb7d149f1f28971f
halfcheetah-medium-v2,14,1,MART4,dataset,cos_d2_d3,delta,delta,0.20783273875713348,4096,0,,,True,7979f19d46a03fd79cb0c95208f18525df99fb1e11723cdafb7d149f1f28971f
halfcheetah-medium-v2,14,1,MART4,dataset,cos_d3_d4,delta,delta,0.12767349183559418,4096,0,,,True,7979f19d46a03fd79cb0c95208f18525df99fb1e11723cdafb7d149f1f28971f
halfcheetah-medium-v2,14,1,MART4,dataset,cos_d2_d4,delta,delta,0.25093671679496765,4096,0,,,True,7979f19d46a03fd79cb0c95208f18525df99fb1e11723cdafb7d149f1f28971f
halfcheetah-medium-v2,14,1,MART4,rollout_union,bound_frac,mu1,,0.6629353233830846,1608,0,0.012914269231259823,8.070343017578125,True,7979f19d46a03fd79cb0c95208f18525df99fb1e11723cdafb7d149f1f28971f
halfcheetah-medium-v2,14,1,MART4,rollout_union,bound_frac,mu2,,0.7966417910447762,1608,0,0.012914269231259823,7.819906711578369,True,7979f19d46a03fd79cb0c95208f18525df99fb1e11723cdafb7d149f1f28971f
halfcheetah-medium-v2,14,1,MART4,rollout_union,bound_frac,mu3,,0.8283582089552238,1608,0,0.012899325229227543,7.817860126495361,True,7979f19d46a03fd79cb0c95208f18525df99fb1e11723cdafb7d149f1f28971f
halfcheetah-medium-v2,14,1,MART4,rollout_union,bound_frac,mu4,,0.8569651741293532,1608,0,0.012891527265310287,7.609570503234863,True,7979f19d46a03fd79cb0c95208f18525df99fb1e11723cdafb7d149f1f28971f
halfcheetah-medium-v2,14,1,MART4,rollout_union,adjacent_rms,mu1,mu2,0.08468500524759293,1608,0,,,True,7979f19d46a03fd79cb0c95208f18525df99fb1e11723cdafb7d149f1f28971f
halfcheetah-medium-v2,14,1,MART4,rollout_union,adjacent_rms,mu2,mu3,0.08087457716464996,1608,0,,,True,7979f19d46a03fd79cb0c95208f18525df99fb1e11723cdafb7d149f1f28971f
halfcheetah-medium-v2,14,1,MART4,rollout_union,adjacent_rms,mu3,mu4,0.07456725090742111,1608,0,,,True,7979f19d46a03fd79cb0c95208f18525df99fb1e11723cdafb7d149f1f28971f
halfcheetah-medium-v2,14,1,MART4,rollout_union,from_mu1_rms,mu1,mu2,0.08468500524759293,1608,0,,,True,7979f19d46a03fd79cb0c95208f18525df99fb1e11723cdafb7d149f1f28971f
halfcheetah-medium-v2,14,1,MART4,rollout_union,from_mu1_rms,mu1,mu3,0.12111690640449524,1608,0,,,True,7979f19d46a03fd79cb0c95208f18525df99fb1e11723cdafb7d149f1f28971f
halfcheetah-medium-v2,14,1,MART4,rollout_union,from_mu1_rms,mu1,mu4,0.1438702493906021,1608,0,,,True,7979f19d46a03fd79cb0c95208f18525df99fb1e11723cdafb7d149f1f28971f
halfcheetah-medium-v2,14,1,MART4,rollout_union,cos_d2_d3,delta,delta,0.05945557728409767,1608,0,,,True,7979f19d46a03fd79cb0c95208f18525df99fb1e11723cdafb7d149f1f28971f
halfcheetah-medium-v2,14,1,MART4,rollout_union,cos_d3_d4,delta,delta,-0.10221399366855621,1608,0,,,True,7979f19d46a03fd79cb0c95208f18525df99fb1e11723cdafb7d149f1f28971f
halfcheetah-medium-v2,14,1,MART4,rollout_union,cos_d2_d4,delta,delta,0.16781295835971832,1608,0,,,True,7979f19d46a03fd79cb0c95208f18525df99fb1e11723cdafb7d149f1f28971f
halfcheetah-medium-v2,20,1,MART4,dataset,bound_frac,mu1,,0.77490234375,4096,0,0.01941780000925064,8.072501182556152,True,afaf9842d392feb4a994d39565ad5fc6cc2fb41f89bf5523751454083f1376a0
halfcheetah-medium-v2,20,1,MART4,dataset,bound_frac,mu2,,0.86474609375,4096,0,0.01941780000925064,7.713443756103516,True,afaf9842d392feb4a994d39565ad5fc6cc2fb41f89bf5523751454083f1376a0
halfcheetah-medium-v2,20,1,MART4,dataset,bound_frac,mu3,,0.87744140625,4096,0,0.01939108595252037,7.763521671295166,True,afaf9842d392feb4a994d39565ad5fc6cc2fb41f89bf5523751454083f1376a0
halfcheetah-medium-v2,20,1,MART4,dataset,bound_frac,mu4,,0.880615234375,4096,0,0.019376521930098534,7.788439750671387,True,afaf9842d392feb4a994d39565ad5fc6cc2fb41f89bf5523751454083f1376a0
halfcheetah-medium-v2,20,1,MART4,dataset,adjacent_rms,mu1,mu2,0.08622884750366211,4096,0,,,True,afaf9842d392feb4a994d39565ad5fc6cc2fb41f89bf5523751454083f1376a0
halfcheetah-medium-v2,20,1,MART4,dataset,adjacent_rms,mu2,mu3,0.07794418931007385,4096,0,,,True,afaf9842d392feb4a994d39565ad5fc6cc2fb41f89bf5523751454083f1376a0
halfcheetah-medium-v2,20,1,MART4,dataset,adjacent_rms,mu3,mu4,0.07404601573944092,4096,0,,,True,afaf9842d392feb4a994d39565ad5fc6cc2fb41f89bf5523751454083f1376a0
halfcheetah-medium-v2,20,1,MART4,dataset,from_mu1_rms,mu1,mu2,0.08622884750366211,4096,0,,,True,afaf9842d392feb4a994d39565ad5fc6cc2fb41f89bf5523751454083f1376a0
halfcheetah-medium-v2,20,1,MART4,dataset,from_mu1_rms,mu1,mu3,0.12900540232658386,4096,0,,,True,afaf9842d392feb4a994d39565ad5fc6cc2fb41f89bf5523751454083f1376a0
halfcheetah-medium-v2,20,1,MART4,dataset,from_mu1_rms,mu1,mu4,0.16659775376319885,4096,0,,,True,afaf9842d392feb4a994d39565ad5fc6cc2fb41f89bf5523751454083f1376a0
halfcheetah-medium-v2,20,1,MART4,dataset,cos_d2_d3,delta,delta,0.212212473154068,4096,0,,,True,afaf9842d392feb4a994d39565ad5fc6cc2fb41f89bf5523751454083f1376a0
halfcheetah-medium-v2,20,1,MART4,dataset,cos_d3_d4,delta,delta,0.16709958016872406,4096,0,,,True,afaf9842d392feb4a994d39565ad5fc6cc2fb41f89bf5523751454083f1376a0
halfcheetah-medium-v2,20,1,MART4,dataset,cos_d2_d4,delta,delta,0.2687828540802002,4096,0,,,True,afaf9842d392feb4a994d39565ad5fc6cc2fb41f89bf5523751454083f1376a0
halfcheetah-medium-v2,20,1,MART4,rollout_union,bound_frac,mu1,,0.7562614538790471,1637,0,0.017813917249441147,7.675693988800049,True,afaf9842d392feb4a994d39565ad5fc6cc2fb41f89bf5523751454083f1376a0
halfcheetah-medium-v2,20,1,MART4,rollout_union,bound_frac,mu2,,0.8136835675015271,1637,0,0.017813917249441147,7.506766319274902,True,afaf9842d392feb4a994d39565ad5fc6cc2fb41f89bf5523751454083f1376a0
halfcheetah-medium-v2,20,1,MART4,rollout_union,bound_frac,mu3,,0.83811850946854,1637,0,0.01779950223863125,7.6460771560668945,True,afaf9842d392feb4a994d39565ad5fc6cc2fb41f89bf5523751454083f1376a0
halfcheetah-medium-v2,20,1,MART4,rollout_union,bound_frac,mu4,,0.8295662797800856,1637,0,0.0177912637591362,7.579855442047119,True,afaf9842d392feb4a994d39565ad5fc6cc2fb41f89bf5523751454083f1376a0
halfcheetah-medium-v2,20,1,MART4,rollout_union,adjacent_rms,mu1,mu2,0.09817096590995789,1637,0,,,True,afaf9842d392feb4a994d39565ad5fc6cc2fb41f89bf5523751454083f1376a0
halfcheetah-medium-v2,20,1,MART4,rollout_union,adjacent_rms,mu2,mu3,0.09392054378986359,1637,0,,,True,afaf9842d392feb4a994d39565ad5fc6cc2fb41f89bf5523751454083f1376a0
halfcheetah-medium-v2,20,1,MART4,rollout_union,adjacent_rms,mu3,mu4,0.10019965469837189,1637,0,,,True,afaf9842d392feb4a994d39565ad5fc6cc2fb41f89bf5523751454083f1376a0
halfcheetah-medium-v2,20,1,MART4,rollout_union,from_mu1_rms,mu1,mu2,0.09817096590995789,1637,0,,,True,afaf9842d392feb4a994d39565ad5fc6cc2fb41f89bf5523751454083f1376a0
halfcheetah-medium-v2,20,1,MART4,rollout_union,from_mu1_rms,mu1,mu3,0.13138540089130402,1637,0,,,True,afaf9842d392feb4a994d39565ad5fc6cc2fb41f89bf5523751454083f1376a0
halfcheetah-medium-v2,20,1,MART4,rollout_union,from_mu1_rms,mu1,mu4,0.1739695817232132,1637,0,,,True,afaf9842d392feb4a994d39565ad5fc6cc2fb41f89bf5523751454083f1376a0
halfcheetah-medium-v2,20,1,MART4,rollout_union,cos_d2_d3,delta,delta,-0.06449705362319946,1637,0,,,True,afaf9842d392feb4a994d39565ad5fc6cc2fb41f89bf5523751454083f1376a0
halfcheetah-medium-v2,20,1,MART4,rollout_union,cos_d3_d4,delta,delta,-0.049322906881570816,1637,0,,,True,afaf9842d392feb4a994d39565ad5fc6cc2fb41f89bf5523751454083f1376a0
halfcheetah-medium-v2,20,1,MART4,rollout_union,cos_d2_d4,delta,delta,0.2127116173505783,1637,0,,,True,afaf9842d392feb4a994d39565ad5fc6cc2fb41f89bf5523751454083f1376a0
halfcheetah-medium-replay-v2,4,1,MART4,dataset,bound_frac,mu1,,0.59033203125,4096,0,0.006756098475307226,13.368877410888672,True,0d814d8e636c8c19068a1c65868feba05f94ee0459889f54784b1efdd1fa9778
halfcheetah-medium-replay-v2,4,1,MART4,dataset,bound_frac,mu2,,0.613037109375,4096,0,0.006756098475307226,12.979625701904297,True,0d814d8e636c8c19068a1c65868feba05f94ee0459889f54784b1efdd1fa9778
halfcheetah-medium-replay-v2,4,1,MART4,dataset,bound_frac,mu3,,0.666015625,4096,0,0.006730125285685062,12.633296966552734,True,0d814d8e636c8c19068a1c65868feba05f94ee0459889f54784b1efdd1fa9778
halfcheetah-medium-replay-v2,4,1,MART4,dataset,bound_frac,mu4,,0.674560546875,4096,0,0.006710450164973736,12.57646369934082,True,0d814d8e636c8c19068a1c65868feba05f94ee0459889f54784b1efdd1fa9778
halfcheetah-medium-replay-v2,4,1,MART4,dataset,adjacent_rms,mu1,mu2,0.1316506415605545,4096,0,,,True,0d814d8e636c8c19068a1c65868feba05f94ee0459889f54784b1efdd1fa9778
halfcheetah-medium-replay-v2,4,1,MART4,dataset,adjacent_rms,mu2,mu3,0.09337097406387329,4096,0,,,True,0d814d8e636c8c19068a1c65868feba05f94ee0459889f54784b1efdd1fa9778
halfcheetah-medium-replay-v2,4,1,MART4,dataset,adjacent_rms,mu3,mu4,0.0873255506157875,4096,0,,,True,0d814d8e636c8c19068a1c65868feba05f94ee0459889f54784b1efdd1fa9778
halfcheetah-medium-replay-v2,4,1,MART4,dataset,from_mu1_rms,mu1,mu2,0.1316506415605545,4096,0,,,True,0d814d8e636c8c19068a1c65868feba05f94ee0459889f54784b1efdd1fa9778
halfcheetah-medium-replay-v2,4,1,MART4,dataset,from_mu1_rms,mu1,mu3,0.16185009479522705,4096,0,,,True,0d814d8e636c8c19068a1c65868feba05f94ee0459889f54784b1efdd1fa9778
halfcheetah-medium-replay-v2,4,1,MART4,dataset,from_mu1_rms,mu1,mu4,0.1859375536441803,4096,0,,,True,0d814d8e636c8c19068a1c65868feba05f94ee0459889f54784b1efdd1fa9778
halfcheetah-medium-replay-v2,4,1,MART4,dataset,cos_d2_d3,delta,delta,0.019808292388916016,4096,0,,,True,0d814d8e636c8c19068a1c65868feba05f94ee0459889f54784b1efdd1fa9778
halfcheetah-medium-replay-v2,4,1,MART4,dataset,cos_d3_d4,delta,delta,-0.08269290626049042,4096,0,,,True,0d814d8e636c8c19068a1c65868feba05f94ee0459889f54784b1efdd1fa9778
halfcheetah-medium-replay-v2,4,1,MART4,dataset,cos_d2_d4,delta,delta,0.07322292029857635,4096,0,,,True,0d814d8e636c8c19068a1c65868feba05f94ee0459889f54784b1efdd1fa9778
halfcheetah-medium-replay-v2,4,1,MART4,rollout_union,bound_frac,mu1,,0.8806068601583114,1516,0,0.0051628523506224155,11.340714454650879,True,0d814d8e636c8c19068a1c65868feba05f94ee0459889f54784b1efdd1fa9778
halfcheetah-medium-replay-v2,4,1,MART4,rollout_union,bound_frac,mu2,,0.8740105540897097,1516,0,0.0051628523506224155,10.94735336303711,True,0d814d8e636c8c19068a1c65868feba05f94ee0459889f54784b1efdd1fa9778
halfcheetah-medium-replay-v2,4,1,MART4,rollout_union,bound_frac,mu3,,0.9182058047493403,1516,0,0.005156220868229866,10.831153869628906,True,0d814d8e636c8c19068a1c65868feba05f94ee0459889f54784b1efdd1fa9778
halfcheetah-medium-replay-v2,4,1,MART4,rollout_union,bound_frac,mu4,,0.9201846965699209,1516,0,0.005151163786649704,10.77147388458252,True,0d814d8e636c8c19068a1c65868feba05f94ee0459889f54784b1efdd1fa9778
halfcheetah-medium-replay-v2,4,1,MART4,rollout_union,adjacent_rms,mu1,mu2,0.09995938837528229,1516,0,,,True,0d814d8e636c8c19068a1c65868feba05f94ee0459889f54784b1efdd1fa9778
halfcheetah-medium-replay-v2,4,1,MART4,rollout_union,adjacent_rms,mu2,mu3,0.07029114663600922,1516,0,,,True,0d814d8e636c8c19068a1c65868feba05f94ee0459889f54784b1efdd1fa9778
halfcheetah-medium-replay-v2,4,1,MART4,rollout_union,adjacent_rms,mu3,mu4,0.07540187984704971,1516,0,,,True,0d814d8e636c8c19068a1c65868feba05f94ee0459889f54784b1efdd1fa9778
halfcheetah-medium-replay-v2,4,1,MART4,rollout_union,from_mu1_rms,mu1,mu2,0.09995938837528229,1516,0,,,True,0d814d8e636c8c19068a1c65868feba05f94ee0459889f54784b1efdd1fa9778
halfcheetah-medium-replay-v2,4,1,MART4,rollout_union,from_mu1_rms,mu1,mu3,0.11726780235767365,1516,0,,,True,0d814d8e636c8c19068a1c65868feba05f94ee0459889f54784b1efdd1fa9778
halfcheetah-medium-replay-v2,4,1,MART4,rollout_union,from_mu1_rms,mu1,mu4,0.1328996866941452,1516,0,,,True,0d814d8e636c8c19068a1c65868feba05f94ee0459889f54784b1efdd1fa9778
halfcheetah-medium-replay-v2,4,1,MART4,rollout_union,cos_d2_d3,delta,delta,-0.057679757475852966,1516,0,,,True,0d814d8e636c8c19068a1c65868feba05f94ee0459889f54784b1efdd1fa9778
halfcheetah-medium-replay-v2,4,1,MART4,rollout_union,cos_d3_d4,delta,delta,-0.15473391115665436,1516,0,,,True,0d814d8e636c8c19068a1c65868feba05f94ee0459889f54784b1efdd1fa9778
halfcheetah-medium-replay-v2,4,1,MART4,rollout_union,cos_d2_d4,delta,delta,0.02509821020066738,1516,0,,,True,0d814d8e636c8c19068a1c65868feba05f94ee0459889f54784b1efdd1fa9778
halfcheetah-medium-replay-v2,7,1,MART4,dataset,bound_frac,mu1,,0.607666015625,4096,0,0.010791816748678684,11.494691848754883,True,f9d0860d3c0c2ec41e219c2e852a82e9860882cbe76e69c8b321837712c1b522
halfcheetah-medium-replay-v2,7,1,MART4,dataset,bound_frac,mu2,,0.627685546875,4096,0,0.010791816748678684,11.044782638549805,True,f9d0860d3c0c2ec41e219c2e852a82e9860882cbe76e69c8b321837712c1b522
halfcheetah-medium-replay-v2,7,1,MART4,dataset,bound_frac,mu3,,0.677001953125,4096,0,0.010755929164588451,10.897180557250977,True,f9d0860d3c0c2ec41e219c2e852a82e9860882cbe76e69c8b321837712c1b522
halfcheetah-medium-replay-v2,7,1,MART4,dataset,bound_frac,mu4,,0.691162109375,4096,0,0.010731881484389305,10.849727630615234,True,f9d0860d3c0c2ec41e219c2e852a82e9860882cbe76e69c8b321837712c1b522
halfcheetah-medium-replay-v2,7,1,MART4,dataset,adjacent_rms,mu1,mu2,0.13540714979171753,4096,0,,,True,f9d0860d3c0c2ec41e219c2e852a82e9860882cbe76e69c8b321837712c1b522
halfcheetah-medium-replay-v2,7,1,MART4,dataset,adjacent_rms,mu2,mu3,0.09891723096370697,4096,0,,,True,f9d0860d3c0c2ec41e219c2e852a82e9860882cbe76e69c8b321837712c1b522
halfcheetah-medium-replay-v2,7,1,MART4,dataset,adjacent_rms,mu3,mu4,0.08920229971408844,4096,0,,,True,f9d0860d3c0c2ec41e219c2e852a82e9860882cbe76e69c8b321837712c1b522
halfcheetah-medium-replay-v2,7,1,MART4,dataset,from_mu1_rms,mu1,mu2,0.13540714979171753,4096,0,,,True,f9d0860d3c0c2ec41e219c2e852a82e9860882cbe76e69c8b321837712c1b522
halfcheetah-medium-replay-v2,7,1,MART4,dataset,from_mu1_rms,mu1,mu3,0.17108391225337982,4096,0,,,True,f9d0860d3c0c2ec41e219c2e852a82e9860882cbe76e69c8b321837712c1b522
halfcheetah-medium-replay-v2,7,1,MART4,dataset,from_mu1_rms,mu1,mu4,0.20199663937091827,4096,0,,,True,f9d0860d3c0c2ec41e219c2e852a82e9860882cbe76e69c8b321837712c1b522
halfcheetah-medium-replay-v2,7,1,MART4,dataset,cos_d2_d3,delta,delta,0.026342855766415596,4096,0,,,True,f9d0860d3c0c2ec41e219c2e852a82e9860882cbe76e69c8b321837712c1b522
halfcheetah-medium-replay-v2,7,1,MART4,dataset,cos_d3_d4,delta,delta,0.016156300902366638,4096,0,,,True,f9d0860d3c0c2ec41e219c2e852a82e9860882cbe76e69c8b321837712c1b522
halfcheetah-medium-replay-v2,7,1,MART4,dataset,cos_d2_d4,delta,delta,0.11306436359882355,4096,0,,,True,f9d0860d3c0c2ec41e219c2e852a82e9860882cbe76e69c8b321837712c1b522
halfcheetah-medium-replay-v2,7,1,MART4,rollout_union,bound_frac,mu1,,0.8894009216589862,1519,0,0.008299024775624275,11.039973258972168,True,f9d0860d3c0c2ec41e219c2e852a82e9860882cbe76e69c8b321837712c1b522
halfcheetah-medium-replay-v2,7,1,MART4,rollout_union,bound_frac,mu2,,0.9150757077024358,1519,0,0.008299024775624275,10.882468223571777,True,f9d0860d3c0c2ec41e219c2e852a82e9860882cbe76e69c8b321837712c1b522
halfcheetah-medium-replay-v2,7,1,MART4,rollout_union,bound_frac,mu3,,0.9163923633969717,1519,0,0.008287457749247551,10.627425193786621,True,f9d0860d3c0c2ec41e219c2e852a82e9860882cbe76e69c8b321837712c1b522
halfcheetah-medium-replay-v2,7,1,MART4,rollout_union,bound_frac,mu4,,0.9354838709677419,1519,0,0.008280484937131405,10.74290657043457,True,f9d0860d3c0c2ec41e219c2e852a82e9860882cbe76e69c8b321837712c1b522
halfcheetah-medium-replay-v2,7,1,MART4,rollout_union,adjacent_rms,mu1,mu2,0.11266227811574936,1519,0,,,True,f9d0860d3c0c2ec41e219c2e852a82e9860882cbe76e69c8b321837712c1b522
halfcheetah-medium-replay-v2,7,1,MART4,rollout_union,adjacent_rms,mu2,mu3,0.08221898972988129,1519,0,,,True,f9d0860d3c0c2ec41e219c2e852a82e9860882cbe76e69c8b321837712c1b522
halfcheetah-medium-replay-v2,7,1,MART4,rollout_union,adjacent_rms,mu3,mu4,0.0852697566151619,1519,0,,,True,f9d0860d3c0c2ec41e219c2e852a82e9860882cbe76e69c8b321837712c1b522
halfcheetah-medium-replay-v2,7,1,MART4,rollout_union,from_mu1_rms,mu1,mu2,0.11266227811574936,1519,0,,,True,f9d0860d3c0c2ec41e219c2e852a82e9860882cbe76e69c8b321837712c1b522
halfcheetah-medium-replay-v2,7,1,MART4,rollout_union,from_mu1_rms,mu1,mu3,0.129026398062706,1519,0,,,True,f9d0860d3c0c2ec41e219c2e852a82e9860882cbe76e69c8b321837712c1b522
halfcheetah-medium-replay-v2,7,1,MART4,rollout_union,from_mu1_rms,mu1,mu4,0.15873560309410095,1519,0,,,True,f9d0860d3c0c2ec41e219c2e852a82e9860882cbe76e69c8b321837712c1b522
halfcheetah-medium-replay-v2,7,1,MART4,rollout_union,cos_d2_d3,delta,delta,-0.09116476774215698,1519,0,,,True,f9d0860d3c0c2ec41e219c2e852a82e9860882cbe76e69c8b321837712c1b522
halfcheetah-medium-replay-v2,7,1,MART4,rollout_union,cos_d3_d4,delta,delta,-0.01026393286883831,1519,0,,,True,f9d0860d3c0c2ec41e219c2e852a82e9860882cbe76e69c8b321837712c1b522
halfcheetah-medium-replay-v2,7,1,MART4,rollout_union,cos_d2_d4,delta,delta,0.11555367708206177,1519,0,,,True,f9d0860d3c0c2ec41e219c2e852a82e9860882cbe76e69c8b321837712c1b522
hopper-medium-v2,4,1,two_actor_p4,dataset,bound_frac,target_value,,0.189453125,4096,0,0.008480229414999485,3.491936206817627,True,5d167436fa2250865497d7db03f0234af3d08f11c784a87683cd7bc1750d0e26
hopper-medium-v2,4,1,two_actor_p4,dataset,bound_frac,deployment,,0.20849609375,4096,0,0.03387131541967392,3.4276175498962402,True,5d167436fa2250865497d7db03f0234af3d08f11c784a87683cd7bc1750d0e26
hopper-medium-v2,4,1,two_actor_p4,rollout_union,bound_frac,target_value,,0.20353982300884957,1017,0,0.007770051248371601,2.968670606613159,True,5d167436fa2250865497d7db03f0234af3d08f11c784a87683cd7bc1750d0e26
hopper-medium-v2,4,1,two_actor_p4,rollout_union,bound_frac,deployment,,0.2143559488692232,1017,0,0.03105040453374386,2.9639551639556885,True,5d167436fa2250865497d7db03f0234af3d08f11c784a87683cd7bc1750d0e26
hopper-medium-v2,7,1,two_actor_p4,dataset,bound_frac,target_value,,0.1904296875,4096,0,0.014594005420804024,3.2224619388580322,True,0d392f6989999e81cdb9662b6d7461b16c61357b36bc36a79567d32c2c4f5252
hopper-medium-v2,7,1,two_actor_p4,dataset,bound_frac,deployment,,0.219970703125,4096,0,0.05825374275445938,3.2110435962677,True,0d392f6989999e81cdb9662b6d7461b16c61357b36bc36a79567d32c2c4f5252
hopper-medium-v2,7,1,two_actor_p4,rollout_union,bound_frac,target_value,,0.21506105834464043,1474,0,0.012613081373274326,2.9036707878112793,True,0d392f6989999e81cdb9662b6d7461b16c61357b36bc36a79567d32c2c4f5252
hopper-medium-v2,7,1,two_actor_p4,rollout_union,bound_frac,deployment,,0.2666214382632293,1474,0,0.0503694973886013,3.0528688430786133,True,0d392f6989999e81cdb9662b6d7461b16c61357b36bc36a79567d32c2c4f5252
hopper-medium-v2,10,1,two_actor_p4,dataset,bound_frac,target_value,,0.210693359375,4096,0,0.020577315241098404,3.069617748260498,True,6ebbfe48b0b39daa531a6300b8c744a704986b2a138644d5d4bcc99179fdfbde
hopper-medium-v2,10,1,two_actor_p4,dataset,bound_frac,deployment,,0.239990234375,4096,0,0.08209806680679321,3.102318286895752,True,6ebbfe48b0b39daa531a6300b8c744a704986b2a138644d5d4bcc99179fdfbde
hopper-medium-v2,10,1,two_actor_p4,rollout_union,bound_frac,target_value,,0.2303335431088735,1589,0,0.01742658019065857,2.7113301753997803,True,6ebbfe48b0b39daa531a6300b8c744a704986b2a138644d5d4bcc99179fdfbde
hopper-medium-v2,10,1,two_actor_p4,rollout_union,bound_frac,deployment,,0.26179987413467587,1589,0,0.06958846747875214,2.814053535461426,True,6ebbfe48b0b39daa531a6300b8c744a704986b2a138644d5d4bcc99179fdfbde
hopper-medium-v2,14,1,two_actor_p4,dataset,bound_frac,target_value,,0.19970703125,4096,0,0.028129125013947487,2.9335014820098877,True,689415978b31abe80333764004ca3bb9a6844a5e0163af3ee87d061abe7a499e
hopper-medium-v2,14,1,two_actor_p4,dataset,bound_frac,deployment,,0.2314453125,4096,0,0.11222610622644424,2.9979326725006104,True,689415978b31abe80333764004ca3bb9a6844a5e0163af3ee87d061abe7a499e
hopper-medium-v2,14,1,two_actor_p4,rollout_union,bound_frac,target_value,,0.2016179215930305,1607,0,0.02321423403918743,1.756171464920044,True,689415978b31abe80333764004ca3bb9a6844a5e0163af3ee87d061abe7a499e
hopper-medium-v2,14,1,two_actor_p4,rollout_union,bound_frac,deployment,,0.2134411947728687,1607,0,0.09278766065835953,1.7838857173919678,True,689415978b31abe80333764004ca3bb9a6844a5e0163af3ee87d061abe7a499e
hopper-medium-v2,20,1,two_actor_p4,dataset,bound_frac,target_value,,0.20654296875,4096,0,0.039494484663009644,3.005650281906128,True,d472f64cfaff36f0b04e04194e23afc01e0fb3cf2a96e007dd066bfbb70c070a
hopper-medium-v2,20,1,two_actor_p4,dataset,bound_frac,deployment,,0.28271484375,4096,0,0.15744085609912872,3.1010332107543945,True,d472f64cfaff36f0b04e04194e23afc01e0fb3cf2a96e007dd066bfbb70c070a
hopper-medium-v2,20,1,two_actor_p4,rollout_union,bound_frac,target_value,,0.2,475,0,0.03441065549850464,2.1908726692199707,True,d472f64cfaff36f0b04e04194e23afc01e0fb3cf2a96e007dd066bfbb70c070a
hopper-medium-v2,20,1,two_actor_p4,rollout_union,bound_frac,deployment,,0.29894736842105263,475,0,0.13734853267669678,2.2958192825317383,True,d472f64cfaff36f0b04e04194e23afc01e0fb3cf2a96e007dd066bfbb70c070a
hopper-medium-replay-v2,4,1,two_actor_p4,dataset,bound_frac,target_value,,0.114990234375,4096,0,0.012375552207231522,7.634312629699707,True,3125b4fede02b05b01f13ba1528b5455ca38b4a941f1a22df8aecd7ee1339c97
hopper-medium-replay-v2,4,1,two_actor_p4,dataset,bound_frac,deployment,,0.18994140625,4096,0,0.04836661368608475,8.993958473205566,True,3125b4fede02b05b01f13ba1528b5455ca38b4a941f1a22df8aecd7ee1339c97
hopper-medium-replay-v2,4,1,two_actor_p4,rollout_union,bound_frac,target_value,,0.2006514657980456,1535,0,0.008076438680291176,4.597920894622803,True,3125b4fede02b05b01f13ba1528b5455ca38b4a941f1a22df8aecd7ee1339c97
hopper-medium-replay-v2,4,1,two_actor_p4,rollout_union,bound_frac,deployment,,0.19478827361563517,1535,0,0.03225868195295334,4.472095012664795,True,3125b4fede02b05b01f13ba1528b5455ca38b4a941f1a22df8aecd7ee1339c97
hopper-medium-replay-v2,7,1,two_actor_p4,dataset,bound_frac,target_value,,0.122314453125,4096,0,0.019910044968128204,6.550875663757324,True,47faea7c72898a16bdaaa3f9b5fbd7b74ea46c82e928dc13c352da3505582e60
hopper-medium-replay-v2,7,1,two_actor_p4,dataset,bound_frac,deployment,,0.22021484375,4096,0,0.07814662903547287,7.334371566772461,True,47faea7c72898a16bdaaa3f9b5fbd7b74ea46c82e928dc13c352da3505582e60
hopper-medium-replay-v2,7,1,two_actor_p4,rollout_union,bound_frac,target_value,,0.18657635467980296,1624,0,0.013217289932072163,3.8583431243896484,True,47faea7c72898a16bdaaa3f9b5fbd7b74ea46c82e928dc13c352da3505582e60
hopper-medium-replay-v2,7,1,two_actor_p4,rollout_union,bound_frac,deployment,,0.19458128078817735,1624,0,0.05281820148229599,3.707078456878662,True,47faea7c72898a16bdaaa3f9b5fbd7b74ea46c82e928dc13c352da3505582e60
hopper-medium-replay-v2,10,1,two_actor_p4,dataset,bound_frac,target_value,,0.11279296875,4096,0,0.026932215318083763,5.843218803405762,True,4000e5ce69f8f0ae9110dc7f51294a78e44c105a71977db512b1fc314329b1f2
hopper-medium-replay-v2,10,1,two_actor_p4,dataset,bound_frac,deployment,,0.225341796875,4096,0,0.1060810312628746,6.15693998336792,True,4000e5ce69f8f0ae9110dc7f51294a78e44c105a71977db512b1fc314329b1f2
hopper-medium-replay-v2,10,1,two_actor_p4,rollout_union,bound_frac,target_value,,0.1646223369916075,1549,0,0.0182709489017725,3.286219835281372,True,4000e5ce69f8f0ae9110dc7f51294a78e44c105a71977db512b1fc314329b1f2
hopper-medium-replay-v2,10,1,two_actor_p4,rollout_union,bound_frac,deployment,,0.2091672046481601,1549,0,0.07301011681556702,3.1899430751800537,True,4000e5ce69f8f0ae9110dc7f51294a78e44c105a71977db512b1fc314329b1f2
hopper-medium-replay-v2,14,1,two_actor_p4,dataset,bound_frac,target_value,,0.114013671875,4096,0,0.03617904335260391,5.402527809143066,True,e51d9108dbce849111c989aa2f57e43fd53a643f6eb9a3ee1dac023754cbe01c
hopper-medium-replay-v2,14,1,two_actor_p4,dataset,bound_frac,deployment,,0.289306640625,4096,0,0.1426948457956314,5.618869781494141,True,e51d9108dbce849111c989aa2f57e43fd53a643f6eb9a3ee1dac023754cbe01c
hopper-medium-replay-v2,14,1,two_actor_p4,rollout_union,bound_frac,target_value,,0.1552257266542981,1617,0,0.02556053176522255,3.5483522415161133,True,e51d9108dbce849111c989aa2f57e43fd53a643f6eb9a3ee1dac023754cbe01c
hopper-medium-replay-v2,14,1,two_actor_p4,rollout_union,bound_frac,deployment,,0.20470006184291897,1617,0,0.10209780931472778,3.424081802368164,True,e51d9108dbce849111c989aa2f57e43fd53a643f6eb9a3ee1dac023754cbe01c
hopper-medium-replay-v2,20,1,two_actor_p4,dataset,bound_frac,target_value,,0.111328125,4096,0,0.04893092066049576,4.856193542480469,True,f157d18b2ced80da9c4faebeff20a4b76f25e9a6cb7146b4036716c5f3afc315
hopper-medium-replay-v2,20,1,two_actor_p4,dataset,bound_frac,deployment,,0.302001953125,4096,0,0.19362179934978485,4.912047863006592,True,f157d18b2ced80da9c4faebeff20a4b76f25e9a6cb7146b4036716c5f3afc315
hopper-medium-replay-v2,20,1,two_actor_p4,rollout_union,bound_frac,target_value,,0.1600765306122449,1568,0,0.03506498783826828,2.9322710037231445,True,f157d18b2ced80da9c4faebeff20a4b76f25e9a6cb7146b4036716c5f3afc315
hopper-medium-replay-v2,20,1,two_actor_p4,rollout_union,bound_frac,deployment,,0.18112244897959184,1568,0,0.1401226967573166,2.8070294857025146,True,f157d18b2ced80da9c4faebeff20a4b76f25e9a6cb7146b4036716c5f3afc315
hopper-expert-v2,4,1,two_actor_p4,dataset,bound_frac,target_value,,0.23193359375,4096,0,0.005747821182012558,2.1079511642456055,True,c2e6c4dc0e9897a588c32b52fa438ecf576067e4e6a9b5fe7d0ccc41a0f2fd1d
hopper-expert-v2,4,1,two_actor_p4,dataset,bound_frac,deployment,,0.233642578125,4096,0,0.02298871986567974,2.1012485027313232,True,c2e6c4dc0e9897a588c32b52fa438ecf576067e4e6a9b5fe7d0ccc41a0f2fd1d
hopper-expert-v2,4,1,two_actor_p4,rollout_union,bound_frac,target_value,,0.25353925353925355,1554,0,0.005839144345372915,2.248616933822632,True,c2e6c4dc0e9897a588c32b52fa438ecf576067e4e6a9b5fe7d0ccc41a0f2fd1d
hopper-expert-v2,4,1,two_actor_p4,rollout_union,bound_frac,deployment,,0.2574002574002574,1554,0,0.02335456945002079,2.2423524856567383,True,c2e6c4dc0e9897a588c32b52fa438ecf576067e4e6a9b5fe7d0ccc41a0f2fd1d
hopper-expert-v2,7,1,two_actor_p4,dataset,bound_frac,target_value,,0.22802734375,4096,0,0.010046648792922497,2.0302727222442627,True,2b767869bd2d01040d52f1748597392a8aea5c89fbdbf84709dbeadb4bf564cf
hopper-expert-v2,7,1,two_actor_p4,dataset,bound_frac,deployment,,0.2275390625,4096,0,0.040177121758461,2.0326051712036133,True,2b767869bd2d01040d52f1748597392a8aea5c89fbdbf84709dbeadb4bf564cf
hopper-expert-v2,7,1,two_actor_p4,rollout_union,bound_frac,target_value,,0.20727272727272728,1375,0,0.010139555670320988,2.1221559047698975,True,2b767869bd2d01040d52f1748597392a8aea5c89fbdbf84709dbeadb4bf564cf
hopper-expert-v2,7,1,two_actor_p4,rollout_union,bound_frac,deployment,,0.21163636363636365,1375,0,0.040546949952840805,2.114870309829712,True,2b767869bd2d01040d52f1748597392a8aea5c89fbdbf84709dbeadb4bf564cf
hopper-expert-v2,10,1,two_actor_p4,dataset,bound_frac,target_value,,0.231201171875,4096,0,0.014325516298413277,2.013734817504883,True,a9fdf658b85802e247d396072781f85a8b64be515e302c64fd48a91fbbeb4f57
hopper-expert-v2,10,1,two_actor_p4,dataset,bound_frac,deployment,,0.237060546875,4096,0,0.057288650423288345,2.0198826789855957,True,a9fdf658b85802e247d396072781f85a8b64be515e302c64fd48a91fbbeb4f57
hopper-expert-v2,10,1,two_actor_p4,rollout_union,bound_frac,target_value,,0.23469387755102042,882,0,0.01497834362089634,2.3052120208740234,True,a9fdf658b85802e247d396072781f85a8b64be515e302c64fd48a91fbbeb4f57
hopper-expert-v2,10,1,two_actor_p4,rollout_union,bound_frac,deployment,,0.23469387755102042,882,0,0.0599072203040123,2.292771339416504,True,a9fdf658b85802e247d396072781f85a8b64be515e302c64fd48a91fbbeb4f57
hopper-expert-v2,14,1,two_actor_p4,dataset,bound_frac,target_value,,0.231201171875,4096,0,0.02054491639137268,2.294161319732666,True,4347f3372f24feb0441821e12b25f93378b30292f181f8707629ef3a52f7aa00
hopper-expert-v2,14,1,two_actor_p4,dataset,bound_frac,deployment,,0.23779296875,4096,0,0.0821523368358612,2.2835161685943604,True,4347f3372f24feb0441821e12b25f93378b30292f181f8707629ef3a52f7aa00
hopper-expert-v2,14,1,two_actor_p4,rollout_union,bound_frac,target_value,,0.2347417840375587,426,0,0.022485246881842613,2.644221782684326,True,4347f3372f24feb0441821e12b25f93378b30292f181f8707629ef3a52f7aa00
hopper-expert-v2,14,1,two_actor_p4,rollout_union,bound_frac,deployment,,0.22769953051643194,426,0,0.08987954258918762,2.6920831203460693,True,4347f3372f24feb0441821e12b25f93378b30292f181f8707629ef3a52f7aa00
hopper-expert-v2,20,1,two_actor_p4,dataset,bound_frac,target_value,,0.90185546875,4096,0,7.120982189329217e-12,315394293760.0,True,b15c3682d15929b2f1217ee969ae2b8f2d5e06c8c62e6d3d24ce052c041b2633
hopper-expert-v2,20,1,two_actor_p4,dataset,bound_frac,deployment,,0.97119140625,4096,0,2.8119348863264726e-11,330510794752.0,True,b15c3682d15929b2f1217ee969ae2b8f2d5e06c8c62e6d3d24ce052c041b2633
hopper-expert-v2,20,1,two_actor_p4,rollout_union,bound_frac,target_value,,0.9896907216494846,97,0,1.1930894640299616e-11,280006918144.0,True,b15c3682d15929b2f1217ee969ae2b8f2d5e06c8c62e6d3d24ce052c041b2633
hopper-expert-v2,20,1,two_actor_p4,rollout_union,bound_frac,deployment,,1.0,97,0,4.7045430051628756e-11,285555687424.0,True,b15c3682d15929b2f1217ee969ae2b8f2d5e06c8c62e6d3d24ce052c041b2633
halfcheetah-medium-v2,4,1,two_actor_p4,dataset,bound_frac,target_value,,0.463134765625,4096,0,0.004547205753624439,10.108652114868164,True,2423c06591b8afdebb23ec9e2a13885b79e36ffada1fc0d9da41cbe1adbee1f1
halfcheetah-medium-v2,4,1,two_actor_p4,dataset,bound_frac,deployment,,0.755126953125,4096,0,0.01813846081495285,9.376737594604492,True,2423c06591b8afdebb23ec9e2a13885b79e36ffada1fc0d9da41cbe1adbee1f1
halfcheetah-medium-v2,4,1,two_actor_p4,rollout_union,bound_frac,target_value,,0.4078144078144078,1638,0,0.004266517702490091,8.263895988464355,True,2423c06591b8afdebb23ec9e2a13885b79e36ffada1fc0d9da41cbe1adbee1f1
halfcheetah-medium-v2,4,1,two_actor_p4,rollout_union,bound_frac,deployment,,0.7545787545787546,1638,0,0.01703515276312828,7.641463279724121,True,2423c06591b8afdebb23ec9e2a13885b79e36ffada1fc0d9da41cbe1adbee1f1
halfcheetah-medium-v2,7,1,two_actor_p4,dataset,bound_frac,target_value,,0.6181640625,4096,0,0.0075959390960633755,9.520383834838867,True,80cc96e0f75fa4caff231725aeb557f5e609825eef93ebc756c782de0d88a237
halfcheetah-medium-v2,7,1,two_actor_p4,dataset,bound_frac,deployment,,0.833984375,4096,0,0.030295366421341896,8.790830612182617,True,80cc96e0f75fa4caff231725aeb557f5e609825eef93ebc756c782de0d88a237
halfcheetah-medium-v2,7,1,two_actor_p4,rollout_union,bound_frac,target_value,,0.643860720830788,1637,0,0.007009468507021666,8.094673156738281,True,80cc96e0f75fa4caff231725aeb557f5e609825eef93ebc756c782de0d88a237
halfcheetah-medium-v2,7,1,two_actor_p4,rollout_union,bound_frac,deployment,,0.8546120952962737,1637,0,0.027986271306872368,7.378842830657959,True,80cc96e0f75fa4caff231725aeb557f5e609825eef93ebc756c782de0d88a237
halfcheetah-medium-v2,10,1,two_actor_p4,dataset,bound_frac,target_value,,0.655029296875,4096,0,0.01034765224903822,9.298797607421875,True,b9e10d8626829eba084f6cbb39024fcea82574a67715497f38b02eda8c35d70f
halfcheetah-medium-v2,10,1,two_actor_p4,dataset,bound_frac,deployment,,0.841796875,4096,0,0.04126353561878204,8.65585708618164,True,b9e10d8626829eba084f6cbb39024fcea82574a67715497f38b02eda8c35d70f
halfcheetah-medium-v2,10,1,two_actor_p4,rollout_union,bound_frac,target_value,,0.6448484848484849,1650,0,0.009482787922024727,8.37328815460205,True,b9e10d8626829eba084f6cbb39024fcea82574a67715497f38b02eda8c35d70f
halfcheetah-medium-v2,10,1,two_actor_p4,rollout_union,bound_frac,deployment,,0.8521212121212122,1650,0,0.03785129263997078,8.04915714263916,True,b9e10d8626829eba084f6cbb39024fcea82574a67715497f38b02eda8c35d70f
halfcheetah-medium-v2,14,1,two_actor_p4,dataset,bound_frac,target_value,,0.698974609375,4096,0,0.014035175554454327,9.00984001159668,True,558638b0206caee1f3400af221316d010e2a1acc55cc96d4c42c108114224349
halfcheetah-medium-v2,14,1,two_actor_p4,dataset,bound_frac,deployment,,0.851318359375,4096,0,0.05597389116883278,8.574451446533203,True,558638b0206caee1f3400af221316d010e2a1acc55cc96d4c42c108114224349
halfcheetah-medium-v2,14,1,two_actor_p4,rollout_union,bound_frac,target_value,,0.6486318407960199,1608,0,0.012858730740845203,8.352946281433105,True,558638b0206caee1f3400af221316d010e2a1acc55cc96d4c42c108114224349
halfcheetah-medium-v2,14,1,two_actor_p4,rollout_union,bound_frac,deployment,,0.8339552238805971,1608,0,0.051327385008335114,8.087526321411133,True,558638b0206caee1f3400af221316d010e2a1acc55cc96d4c42c108114224349
halfcheetah-medium-v2,20,1,two_actor_p4,dataset,bound_frac,target_value,,0.779052734375,4096,0,0.01927361451089382,8.169189453125,True,c89579091cf0bc2b2f8cd75cda2af8d60a7e7e453c723f3971b550197e77a6c7
halfcheetah-medium-v2,20,1,two_actor_p4,dataset,bound_frac,deployment,,0.8603515625,4096,0,0.0768672302365303,7.736172676086426,True,c89579091cf0bc2b2f8cd75cda2af8d60a7e7e453c723f3971b550197e77a6c7
halfcheetah-medium-v2,20,1,two_actor_p4,rollout_union,bound_frac,target_value,,0.7470983506414173,1637,0,0.017717592418193817,7.369515419006348,True,c89579091cf0bc2b2f8cd75cda2af8d60a7e7e453c723f3971b550197e77a6c7
halfcheetah-medium-v2,20,1,two_actor_p4,rollout_union,bound_frac,deployment,,0.8277336591325596,1637,0,0.07072243094444275,7.259575843811035,True,c89579091cf0bc2b2f8cd75cda2af8d60a7e7e453c723f3971b550197e77a6c7
halfcheetah-medium-replay-v2,4,1,two_actor_p4,dataset,bound_frac,target_value,,0.593017578125,4096,0,0.006783201824873686,13.232969284057617,True,12fe70a10eb303e05c8596ffdd93092b67bdad189f0463092a7ec7ee601c788b
halfcheetah-medium-replay-v2,4,1,two_actor_p4,dataset,bound_frac,deployment,,0.6005859375,4096,0,0.0268902275711298,12.588927268981934,True,12fe70a10eb303e05c8596ffdd93092b67bdad189f0463092a7ec7ee601c788b
halfcheetah-medium-replay-v2,4,1,two_actor_p4,rollout_union,bound_frac,target_value,,0.908311345646438,1516,0,0.005186198279261589,11.677533149719238,True,12fe70a10eb303e05c8596ffdd93092b67bdad189f0463092a7ec7ee601c788b
halfcheetah-medium-replay-v2,4,1,two_actor_p4,rollout_union,bound_frac,deployment,,0.8449868073878628,1516,0,0.020694514736533165,11.456568717956543,True,12fe70a10eb303e05c8596ffdd93092b67bdad189f0463092a7ec7ee601c788b
halfcheetah-medium-replay-v2,7,1,two_actor_p4,dataset,bound_frac,target_value,,0.6142578125,4096,0,0.010857210494577885,11.450773239135742,True,57689e9dbc77f8730d9a2ca8fe95b93d71374649205b9bd2076a0cba06be86ff
halfcheetah-medium-replay-v2,7,1,two_actor_p4,dataset,bound_frac,deployment,,0.6630859375,4096,0,0.043099112808704376,10.870951652526855,True,57689e9dbc77f8730d9a2ca8fe95b93d71374649205b9bd2076a0cba06be86ff
halfcheetah-medium-replay-v2,7,1,two_actor_p4,rollout_union,bound_frac,target_value,,0.8992758393680053,1519,0,0.008400713093578815,10.98275375366211,True,57689e9dbc77f8730d9a2ca8fe95b93d71374649205b9bd2076a0cba06be86ff
halfcheetah-medium-replay-v2,7,1,two_actor_p4,rollout_union,bound_frac,deployment,,0.9117840684660962,1519,0,0.03352103754878044,10.636113166809082,True,57689e9dbc77f8730d9a2ca8fe95b93d71374649205b9bd2076a0cba06be86ff
hopper-medium-v2,4,0,paired,dataset,mu4_vs_deploy_rms,mu4,deployment,0.07830532640218735,4096,0,,,True,4c25bbb74d113c89de8a023d43641d17d89c13138ef718380fb2ff0a2848da9b|2ab14b0b352781ed285ebf5e2b2ebf628dda13b8c9b59f78b65f8a6c6b9d0bca
hopper-medium-v2,4,0,paired,rollout_union,mu4_vs_deploy_rms,mu4,deployment,0.07061368227005005,962,0,,,True,4c25bbb74d113c89de8a023d43641d17d89c13138ef718380fb2ff0a2848da9b|2ab14b0b352781ed285ebf5e2b2ebf628dda13b8c9b59f78b65f8a6c6b9d0bca
hopper-medium-v2,4,1,paired,dataset,mu4_vs_deploy_rms,mu4,deployment,0.06998968124389648,4096,0,,,True,a86004530a9b4190850300b6d6dd85c1d7e9a324b0f4f801b8d0da3be7dee6b1|5d167436fa2250865497d7db03f0234af3d08f11c784a87683cd7bc1750d0e26
hopper-medium-v2,4,1,paired,rollout_union,mu4_vs_deploy_rms,mu4,deployment,0.06054305285215378,1017,0,,,True,a86004530a9b4190850300b6d6dd85c1d7e9a324b0f4f801b8d0da3be7dee6b1|5d167436fa2250865497d7db03f0234af3d08f11c784a87683cd7bc1750d0e26
hopper-medium-v2,7,0,paired,dataset,mu4_vs_deploy_rms,mu4,deployment,0.09333498030900955,4096,0,,,True,33688a1a6801d7989e0eed53fd598298267c43f307a648c2e1626f3369dc7ccf|dd991a7b5a0fc5b43d2c95941c94cec8788bd5784aae1eabb5a38e466738004c
hopper-medium-v2,7,0,paired,rollout_union,mu4_vs_deploy_rms,mu4,deployment,0.08793021738529205,1601,0,,,True,33688a1a6801d7989e0eed53fd598298267c43f307a648c2e1626f3369dc7ccf|dd991a7b5a0fc5b43d2c95941c94cec8788bd5784aae1eabb5a38e466738004c
hopper-medium-v2,7,1,paired,dataset,mu4_vs_deploy_rms,mu4,deployment,0.08468000590801239,4096,0,,,True,333d00bd6ed883a1c348c636cabaa88bc6936ee898c5e5d7de4c1d357244814c|0d392f6989999e81cdb9662b6d7461b16c61357b36bc36a79567d32c2c4f5252
hopper-medium-v2,7,1,paired,rollout_union,mu4_vs_deploy_rms,mu4,deployment,0.08593709766864777,1474,0,,,True,333d00bd6ed883a1c348c636cabaa88bc6936ee898c5e5d7de4c1d357244814c|0d392f6989999e81cdb9662b6d7461b16c61357b36bc36a79567d32c2c4f5252
hopper-medium-v2,10,0,paired,dataset,mu4_vs_deploy_rms,mu4,deployment,0.11166353523731232,4096,0,,,True,c18b5784bbb5ff656afb5d80ca61d1b5a828853cc6108b710ad009500f1d0f3d|11d881d2cdb89c2d671efbb1858f595689221bb8c08588fb35a4307829be8480
hopper-medium-v2,10,0,paired,rollout_union,mu4_vs_deploy_rms,mu4,deployment,0.1098264753818512,1628,0,,,True,c18b5784bbb5ff656afb5d80ca61d1b5a828853cc6108b710ad009500f1d0f3d|11d881d2cdb89c2d671efbb1858f595689221bb8c08588fb35a4307829be8480
hopper-medium-v2,10,1,paired,dataset,mu4_vs_deploy_rms,mu4,deployment,0.10690983384847641,4096,0,,,True,6aa372aefdb40f3dac09e1f026d781d3bab7e63f4735743c358c1bda69a1acc3|6ebbfe48b0b39daa531a6300b8c744a704986b2a138644d5d4bcc99179fdfbde
hopper-medium-v2,10,1,paired,rollout_union,mu4_vs_deploy_rms,mu4,deployment,0.11526091396808624,1589,0,,,True,6aa372aefdb40f3dac09e1f026d781d3bab7e63f4735743c358c1bda69a1acc3|6ebbfe48b0b39daa531a6300b8c744a704986b2a138644d5d4bcc99179fdfbde
hopper-medium-v2,14,0,paired,dataset,mu4_vs_deploy_rms,mu4,deployment,0.12713664770126343,4096,0,,,True,0ceed413b05e58b8a621449786c897bf563b766ccf8e1f85e0509edb90ac39ce|6d630dd884ad4b651cee6856c6d837201646aa07d4e70123055890bd42d87e96
hopper-medium-v2,14,0,paired,rollout_union,mu4_vs_deploy_rms,mu4,deployment,0.13294313848018646,1568,0,,,True,0ceed413b05e58b8a621449786c897bf563b766ccf8e1f85e0509edb90ac39ce|6d630dd884ad4b651cee6856c6d837201646aa07d4e70123055890bd42d87e96
hopper-medium-v2,14,1,paired,dataset,mu4_vs_deploy_rms,mu4,deployment,0.12606802582740784,4096,0,,,True,fc6fe4c69da3bae72598fda1d87c6042769d8a3b4bae88b26c1ef151a5061064|689415978b31abe80333764004ca3bb9a6844a5e0163af3ee87d061abe7a499e
hopper-medium-v2,14,1,paired,rollout_union,mu4_vs_deploy_rms,mu4,deployment,0.12301980704069138,1607,0,,,True,fc6fe4c69da3bae72598fda1d87c6042769d8a3b4bae88b26c1ef151a5061064|689415978b31abe80333764004ca3bb9a6844a5e0163af3ee87d061abe7a499e
hopper-medium-v2,20,0,paired,dataset,mu4_vs_deploy_rms,mu4,deployment,0.1721520572900772,4096,0,,,True,a2858ba4c62d8ed0c4ef4a2ebe20f41b0482513e5dd2041f1895b9c3eef75edf|fb8448e1903901d94e2952eb655ffe578c4aada2945d7cedc97e67dfb13e91cd
hopper-medium-v2,20,0,paired,rollout_union,mu4_vs_deploy_rms,mu4,deployment,0.17463664710521698,1612,0,,,True,a2858ba4c62d8ed0c4ef4a2ebe20f41b0482513e5dd2041f1895b9c3eef75edf|fb8448e1903901d94e2952eb655ffe578c4aada2945d7cedc97e67dfb13e91cd
hopper-medium-v2,20,1,paired,dataset,mu4_vs_deploy_rms,mu4,deployment,0.20854586362838745,4096,0,,,True,bc29297aa1d30aafbe680b010b3573d34376f661fdb7c5e3b685f1967fa577ef|d472f64cfaff36f0b04e04194e23afc01e0fb3cf2a96e007dd066bfbb70c070a
hopper-medium-v2,20,1,paired,rollout_union,mu4_vs_deploy_rms,mu4,deployment,0.2616935670375824,475,0,,,True,bc29297aa1d30aafbe680b010b3573d34376f661fdb7c5e3b685f1967fa577ef|d472f64cfaff36f0b04e04194e23afc01e0fb3cf2a96e007dd066bfbb70c070a
hopper-medium-replay-v2,4,0,paired,dataset,mu4_vs_deploy_rms,mu4,deployment,0.19437266886234283,4096,0,,,True,380d503b0bff9f9287b8e8991eb85803c6b96f6ec5e5beec46e0df371d9ac11e|02fcac937753716c5bc9a5ae41610609fa8441c8c2d6eb3ff1cc766171b7bd1e
hopper-medium-replay-v2,4,0,paired,rollout_union,mu4_vs_deploy_rms,mu4,deployment,0.11432847380638123,1665,0,,,True,380d503b0bff9f9287b8e8991eb85803c6b96f6ec5e5beec46e0df371d9ac11e|02fcac937753716c5bc9a5ae41610609fa8441c8c2d6eb3ff1cc766171b7bd1e
hopper-medium-replay-v2,4,1,paired,dataset,mu4_vs_deploy_rms,mu4,deployment,0.19261671602725983,4096,0,,,True,d4cfda952531c0eb9ed94211ab1f2f75a33e59aae2c41a26fdd741e2fc4f531b|3125b4fede02b05b01f13ba1528b5455ca38b4a941f1a22df8aecd7ee1339c97
hopper-medium-replay-v2,4,1,paired,rollout_union,mu4_vs_deploy_rms,mu4,deployment,0.13204139471054077,1535,0,,,True,d4cfda952531c0eb9ed94211ab1f2f75a33e59aae2c41a26fdd741e2fc4f531b|3125b4fede02b05b01f13ba1528b5455ca38b4a941f1a22df8aecd7ee1339c97
hopper-medium-replay-v2,7,0,paired,dataset,mu4_vs_deploy_rms,mu4,deployment,0.21575890481472015,4096,0,,,True,ba4d777597bacbad4d76f1724c0f620b0102a32d85c053b1f5ea4c6f1c0a3d0d|893cc67f7ddca1d49452880d92cb2bd92c9a2f56978f2195102a0dfb78fd3f21
hopper-medium-replay-v2,7,0,paired,rollout_union,mu4_vs_deploy_rms,mu4,deployment,0.14716894924640656,1569,0,,,True,ba4d777597bacbad4d76f1724c0f620b0102a32d85c053b1f5ea4c6f1c0a3d0d|893cc67f7ddca1d49452880d92cb2bd92c9a2f56978f2195102a0dfb78fd3f21
hopper-medium-replay-v2,7,1,paired,dataset,mu4_vs_deploy_rms,mu4,deployment,0.2225240170955658,4096,0,,,True,53569a44887a2016733772bc254dd8a1e9f49cdcd4f302c355ff3bdb724e3007|47faea7c72898a16bdaaa3f9b5fbd7b74ea46c82e928dc13c352da3505582e60
hopper-medium-replay-v2,7,1,paired,rollout_union,mu4_vs_deploy_rms,mu4,deployment,0.14037345349788666,1624,0,,,True,53569a44887a2016733772bc254dd8a1e9f49cdcd4f302c355ff3bdb724e3007|47faea7c72898a16bdaaa3f9b5fbd7b74ea46c82e928dc13c352da3505582e60
hopper-medium-replay-v2,10,0,paired,dataset,mu4_vs_deploy_rms,mu4,deployment,0.2329367697238922,4096,0,,,True,95fa8be2e5439c7708acc429dde5034367ef928cf3096282e9a37a8ee6acad28|df254c3d6c7df282cb71dd6b01f62ee8f945c8c41b1d2c1e9717bb364836b4e9
hopper-medium-replay-v2,10,0,paired,rollout_union,mu4_vs_deploy_rms,mu4,deployment,0.17389410734176636,1547,0,,,True,95fa8be2e5439c7708acc429dde5034367ef928cf3096282e9a37a8ee6acad28|df254c3d6c7df282cb71dd6b01f62ee8f945c8c41b1d2c1e9717bb364836b4e9
hopper-medium-replay-v2,10,1,paired,dataset,mu4_vs_deploy_rms,mu4,deployment,0.23913700878620148,4096,0,,,True,e7f827ecf0e3aaed0fa772d58f597439b77fc47b3ae2565b7cd551ecc60b8db3|4000e5ce69f8f0ae9110dc7f51294a78e44c105a71977db512b1fc314329b1f2
hopper-medium-replay-v2,10,1,paired,rollout_union,mu4_vs_deploy_rms,mu4,deployment,0.1685011088848114,1549,0,,,True,e7f827ecf0e3aaed0fa772d58f597439b77fc47b3ae2565b7cd551ecc60b8db3|4000e5ce69f8f0ae9110dc7f51294a78e44c105a71977db512b1fc314329b1f2
hopper-medium-replay-v2,14,0,paired,dataset,mu4_vs_deploy_rms,mu4,deployment,0.26993173360824585,4096,0,,,True,0ac8c09a9116573490af3a7e2bcd7454faa5d70f6115eba458bfd1ffd8a03426|335202bb3a59e15f86179109129b23eed78998b2e1321fc66d087450e21d3174
hopper-medium-replay-v2,14,0,paired,rollout_union,mu4_vs_deploy_rms,mu4,deployment,0.16360239684581757,1583,0,,,True,0ac8c09a9116573490af3a7e2bcd7454faa5d70f6115eba458bfd1ffd8a03426|335202bb3a59e15f86179109129b23eed78998b2e1321fc66d087450e21d3174
hopper-medium-replay-v2,14,1,paired,dataset,mu4_vs_deploy_rms,mu4,deployment,0.2635151445865631,4096,0,,,True,6060d295a6d578b89eb9828e0dbe1f1b96afbf1110099abcd9ea45f84249cf73|e51d9108dbce849111c989aa2f57e43fd53a643f6eb9a3ee1dac023754cbe01c
hopper-medium-replay-v2,14,1,paired,rollout_union,mu4_vs_deploy_rms,mu4,deployment,0.21826258301734924,1617,0,,,True,6060d295a6d578b89eb9828e0dbe1f1b96afbf1110099abcd9ea45f84249cf73|e51d9108dbce849111c989aa2f57e43fd53a643f6eb9a3ee1dac023754cbe01c
hopper-medium-replay-v2,20,0,paired,dataset,mu4_vs_deploy_rms,mu4,deployment,0.29715538024902344,4096,0,,,True,b52e8d23a0238068345958f26180237177bb133c68c734dceee2e44a9166421b|29683deb41fdd5902ede8a8abe8c29fca7abd73ffdca53ff12e33dd114806285
hopper-medium-replay-v2,20,0,paired,rollout_union,mu4_vs_deploy_rms,mu4,deployment,0.21413268148899078,1615,0,,,True,b52e8d23a0238068345958f26180237177bb133c68c734dceee2e44a9166421b|29683deb41fdd5902ede8a8abe8c29fca7abd73ffdca53ff12e33dd114806285
hopper-medium-replay-v2,20,1,paired,dataset,mu4_vs_deploy_rms,mu4,deployment,0.30367085337638855,4096,0,,,True,e413d16a653a494c297a7e7c609b748437021dcc9c534cc0c46efc1e376a5fb4|f157d18b2ced80da9c4faebeff20a4b76f25e9a6cb7146b4036716c5f3afc315
hopper-medium-replay-v2,20,1,paired,rollout_union,mu4_vs_deploy_rms,mu4,deployment,0.24364666640758514,1568,0,,,True,e413d16a653a494c297a7e7c609b748437021dcc9c534cc0c46efc1e376a5fb4|f157d18b2ced80da9c4faebeff20a4b76f25e9a6cb7146b4036716c5f3afc315
hopper-expert-v2,4,0,paired,dataset,mu4_vs_deploy_rms,mu4,deployment,0.06877677887678146,4096,0,,,True,4934dadbfeadc6a23425de6c13899f7d6bd543997db6b8960f44bbb57047543c|8c90b49467933995b5b315fc7d0b0131181e8968cbf835703cc3fd49ca4e653a
hopper-expert-v2,4,0,paired,rollout_union,mu4_vs_deploy_rms,mu4,deployment,0.0732358768582344,1455,0,,,True,4934dadbfeadc6a23425de6c13899f7d6bd543997db6b8960f44bbb57047543c|8c90b49467933995b5b315fc7d0b0131181e8968cbf835703cc3fd49ca4e653a
hopper-expert-v2,4,1,paired,dataset,mu4_vs_deploy_rms,mu4,deployment,0.06900392472743988,4096,0,,,True,96746961fa99fa4dd4b358b3af506138b338a8f8ce377df8e6941e4076b35846|c2e6c4dc0e9897a588c32b52fa438ecf576067e4e6a9b5fe7d0ccc41a0f2fd1d
hopper-expert-v2,4,1,paired,rollout_union,mu4_vs_deploy_rms,mu4,deployment,0.07342281937599182,1554,0,,,True,96746961fa99fa4dd4b358b3af506138b338a8f8ce377df8e6941e4076b35846|c2e6c4dc0e9897a588c32b52fa438ecf576067e4e6a9b5fe7d0ccc41a0f2fd1d
hopper-expert-v2,7,0,paired,dataset,mu4_vs_deploy_rms,mu4,deployment,0.06880279630422592,4096,0,,,True,cf85d669dbf5ff3da195e643f41d220c4f4404d9ea66aca26624de0004f9633b|c5a2edbc376fbb0e3711afcde0ac27e2ce717fb5c53281f089ca3ae1447f3f45
hopper-expert-v2,7,0,paired,rollout_union,mu4_vs_deploy_rms,mu4,deployment,0.08260449022054672,1344,0,,,True,cf85d669dbf5ff3da195e643f41d220c4f4404d9ea66aca26624de0004f9633b|c5a2edbc376fbb0e3711afcde0ac27e2ce717fb5c53281f089ca3ae1447f3f45
hopper-expert-v2,7,1,paired,dataset,mu4_vs_deploy_rms,mu4,deployment,0.06927651166915894,4096,0,,,True,f322b8c770fc2cec182602de6f9adeb8ed6109e92f474b2d36867aba78c4fdf5|2b767869bd2d01040d52f1748597392a8aea5c89fbdbf84709dbeadb4bf564cf
hopper-expert-v2,7,1,paired,rollout_union,mu4_vs_deploy_rms,mu4,deployment,0.09075042605400085,1375,0,,,True,f322b8c770fc2cec182602de6f9adeb8ed6109e92f474b2d36867aba78c4fdf5|2b767869bd2d01040d52f1748597392a8aea5c89fbdbf84709dbeadb4bf564cf
hopper-expert-v2,10,0,paired,dataset,mu4_vs_deploy_rms,mu4,deployment,0.07351182401180267,4096,0,,,True,51f81441d59524dce5138520603a366434d87fa32a2e61090c2a9f51d6dcee11|28394e42e1aaf52023c81836c8240c82adc91d6ceecec2eaabb714f8c7adc1f2
hopper-expert-v2,10,0,paired,rollout_union,mu4_vs_deploy_rms,mu4,deployment,0.09834560751914978,1223,0,,,True,51f81441d59524dce5138520603a366434d87fa32a2e61090c2a9f51d6dcee11|28394e42e1aaf52023c81836c8240c82adc91d6ceecec2eaabb714f8c7adc1f2
hopper-expert-v2,10,1,paired,dataset,mu4_vs_deploy_rms,mu4,deployment,0.06973784416913986,4096,0,,,True,7fb0cd4a9b7259187baae09587141fe05649f34ca4769f34127c62dbe9245319|a9fdf658b85802e247d396072781f85a8b64be515e302c64fd48a91fbbeb4f57
hopper-expert-v2,10,1,paired,rollout_union,mu4_vs_deploy_rms,mu4,deployment,0.11260542273521423,882,0,,,True,7fb0cd4a9b7259187baae09587141fe05649f34ca4769f34127c62dbe9245319|a9fdf658b85802e247d396072781f85a8b64be515e302c64fd48a91fbbeb4f57
hopper-expert-v2,14,0,paired,dataset,mu4_vs_deploy_rms,mu4,deployment,0.615922749042511,4096,0,,,True,c5adbd087e19ff6d5c0295dbe4b0a8321357d78e0934a75e9f97316c90fb1c65|7d8a92dcd52165b62a710b2ef35594972c5e4bc2a6a333c5f771e58f5946de5a
hopper-expert-v2,14,0,paired,rollout_union,mu4_vs_deploy_rms,mu4,deployment,0.7017291188240051,336,0,,,True,c5adbd087e19ff6d5c0295dbe4b0a8321357d78e0934a75e9f97316c90fb1c65|7d8a92dcd52165b62a710b2ef35594972c5e4bc2a6a333c5f771e58f5946de5a
hopper-expert-v2,14,1,paired,dataset,mu4_vs_deploy_rms,mu4,deployment,0.569288432598114,4096,0,,,True,5f75ec800e91c857f206fe546bf378e7afe7c325d00d087b2f51039d9afd4dfd|4347f3372f24feb0441821e12b25f93378b30292f181f8707629ef3a52f7aa00
hopper-expert-v2,14,1,paired,rollout_union,mu4_vs_deploy_rms,mu4,deployment,0.6366044282913208,426,0,,,True,5f75ec800e91c857f206fe546bf378e7afe7c325d00d087b2f51039d9afd4dfd|4347f3372f24feb0441821e12b25f93378b30292f181f8707629ef3a52f7aa00
hopper-expert-v2,20,0,paired,dataset,mu4_vs_deploy_rms,mu4,deployment,0.9609017372131348,4096,0,,,True,8a56280abc545b59e372f23b1e268bc9e7641610fd2579c8917e6cc7f88d3dfb|0dec3a84fc9bdcc101e9ddd1bb22d24aa4dc5ff7f2dd4f9dc1fa73d7ed526db0
hopper-expert-v2,20,0,paired,rollout_union,mu4_vs_deploy_rms,mu4,deployment,1.5642142295837402,29,0,,,True,8a56280abc545b59e372f23b1e268bc9e7641610fd2579c8917e6cc7f88d3dfb|0dec3a84fc9bdcc101e9ddd1bb22d24aa4dc5ff7f2dd4f9dc1fa73d7ed526db0
hopper-expert-v2,20,1,paired,dataset,mu4_vs_deploy_rms,mu4,deployment,0.9429323077201843,4096,0,,,True,6eb3cb536309f453caaa8c1aea4d0f263c9e67b002e5a334db823b4fbede41b6|b15c3682d15929b2f1217ee969ae2b8f2d5e06c8c62e6d3d24ce052c041b2633
hopper-expert-v2,20,1,paired,rollout_union,mu4_vs_deploy_rms,mu4,deployment,1.0849968194961548,97,0,,,True,6eb3cb536309f453caaa8c1aea4d0f263c9e67b002e5a334db823b4fbede41b6|b15c3682d15929b2f1217ee969ae2b8f2d5e06c8c62e6d3d24ce052c041b2633
halfcheetah-medium-v2,4,0,paired,dataset,mu4_vs_deploy_rms,mu4,deployment,0.08321113884449005,4096,0,,,True,5e3cafdac489cd1ce323c654175cc5ad8082c63f067dd1e3800d656ff26f7b4b|d4db1289494afc4c3c2fc4fe1c6309306a0854500dabc62aba05eda472047fd0
halfcheetah-medium-v2,4,0,paired,rollout_union,mu4_vs_deploy_rms,mu4,deployment,0.07836160063743591,1629,0,,,True,5e3cafdac489cd1ce323c654175cc5ad8082c63f067dd1e3800d656ff26f7b4b|d4db1289494afc4c3c2fc4fe1c6309306a0854500dabc62aba05eda472047fd0
halfcheetah-medium-v2,4,1,paired,dataset,mu4_vs_deploy_rms,mu4,deployment,0.08803893625736237,4096,0,,,True,709ad3caf0de4f8d7cf356baae66a430aad858e9b83d59828f7c8fa44d48c86b|2423c06591b8afdebb23ec9e2a13885b79e36ffada1fc0d9da41cbe1adbee1f1
halfcheetah-medium-v2,4,1,paired,rollout_union,mu4_vs_deploy_rms,mu4,deployment,0.08033109456300735,1638,0,,,True,709ad3caf0de4f8d7cf356baae66a430aad858e9b83d59828f7c8fa44d48c86b|2423c06591b8afdebb23ec9e2a13885b79e36ffada1fc0d9da41cbe1adbee1f1
halfcheetah-medium-v2,7,0,paired,dataset,mu4_vs_deploy_rms,mu4,deployment,0.10246007144451141,4096,0,,,True,de88e483eb078ac925e1942b4e01256800282d6957d6c3adfd476184ba24b5f8|7b4de3f19e691197bbd59143b283a3a3b1ed7b8fc7a1bcd800aaa518c84fc2bb
halfcheetah-medium-v2,7,0,paired,rollout_union,mu4_vs_deploy_rms,mu4,deployment,0.1015079915523529,1571,0,,,True,de88e483eb078ac925e1942b4e01256800282d6957d6c3adfd476184ba24b5f8|7b4de3f19e691197bbd59143b283a3a3b1ed7b8fc7a1bcd800aaa518c84fc2bb
halfcheetah-medium-v2,7,1,paired,dataset,mu4_vs_deploy_rms,mu4,deployment,0.10506682097911835,4096,0,,,True,e22358d7b7edb1b5ae5cbf9cb3e0ba5fbd8d2e1c7ecb41c37dc0f74418bcb274|80cc96e0f75fa4caff231725aeb557f5e609825eef93ebc756c782de0d88a237
halfcheetah-medium-v2,7,1,paired,rollout_union,mu4_vs_deploy_rms,mu4,deployment,0.10801585763692856,1637,0,,,True,e22358d7b7edb1b5ae5cbf9cb3e0ba5fbd8d2e1c7ecb41c37dc0f74418bcb274|80cc96e0f75fa4caff231725aeb557f5e609825eef93ebc756c782de0d88a237
halfcheetah-medium-v2,10,0,paired,dataset,mu4_vs_deploy_rms,mu4,deployment,0.12293627858161926,4096,0,,,True,284da71dee65dc1cdad33c197fccc12b84f4898cc66b9a7ccf3a9153b206998e|0d309b47c51877d479173eb45d57e08f2d318cb96908225ec9bdc91a52bf481c
halfcheetah-medium-v2,10,0,paired,rollout_union,mu4_vs_deploy_rms,mu4,deployment,0.12662245333194733,1563,0,,,True,284da71dee65dc1cdad33c197fccc12b84f4898cc66b9a7ccf3a9153b206998e|0d309b47c51877d479173eb45d57e08f2d318cb96908225ec9bdc91a52bf481c
halfcheetah-medium-v2,10,1,paired,dataset,mu4_vs_deploy_rms,mu4,deployment,0.12481538206338882,4096,0,,,True,d483b2c1b59ea493b79ccdb85584423781ad1a0dff6542adae7ddaddd4af31e0|b9e10d8626829eba084f6cbb39024fcea82574a67715497f38b02eda8c35d70f
halfcheetah-medium-v2,10,1,paired,rollout_union,mu4_vs_deploy_rms,mu4,deployment,0.12745249271392822,1650,0,,,True,d483b2c1b59ea493b79ccdb85584423781ad1a0dff6542adae7ddaddd4af31e0|b9e10d8626829eba084f6cbb39024fcea82574a67715497f38b02eda8c35d70f
halfcheetah-medium-v2,14,0,paired,dataset,mu4_vs_deploy_rms,mu4,deployment,0.1528557538986206,4096,0,,,True,9e67d10a416051f658ddd4e89c856a9f7994d1b5c2dd5381e2f6efed9d129006|c214e4122d4d67e0ca7ca48fb5cb0d9cef16fa9a83a198ecc3d956737bb86c26
halfcheetah-medium-v2,14,0,paired,rollout_union,mu4_vs_deploy_rms,mu4,deployment,0.16717800498008728,1601,0,,,True,9e67d10a416051f658ddd4e89c856a9f7994d1b5c2dd5381e2f6efed9d129006|c214e4122d4d67e0ca7ca48fb5cb0d9cef16fa9a83a198ecc3d956737bb86c26
halfcheetah-medium-v2,14,1,paired,dataset,mu4_vs_deploy_rms,mu4,deployment,0.14974595606327057,4096,0,,,True,7979f19d46a03fd79cb0c95208f18525df99fb1e11723cdafb7d149f1f28971f|558638b0206caee1f3400af221316d010e2a1acc55cc96d4c42c108114224349
halfcheetah-medium-v2,14,1,paired,rollout_union,mu4_vs_deploy_rms,mu4,deployment,0.1469847410917282,1608,0,,,True,7979f19d46a03fd79cb0c95208f18525df99fb1e11723cdafb7d149f1f28971f|558638b0206caee1f3400af221316d010e2a1acc55cc96d4c42c108114224349
halfcheetah-medium-v2,20,0,paired,dataset,mu4_vs_deploy_rms,mu4,deployment,0.17544563114643097,4096,0,,,True,b461c81b79836afebbe1126e1dc4d76e099692a0d8a3f58395513e3f144b41d2|7047bda49fa3d427128c52ffaa80139e87467bb5788954f7bd0ea33792785c54
halfcheetah-medium-v2,20,0,paired,rollout_union,mu4_vs_deploy_rms,mu4,deployment,0.19191674888134003,1585,0,,,True,b461c81b79836afebbe1126e1dc4d76e099692a0d8a3f58395513e3f144b41d2|7047bda49fa3d427128c52ffaa80139e87467bb5788954f7bd0ea33792785c54
halfcheetah-medium-v2,20,1,paired,dataset,mu4_vs_deploy_rms,mu4,deployment,0.1678488850593567,4096,0,,,True,afaf9842d392feb4a994d39565ad5fc6cc2fb41f89bf5523751454083f1376a0|c89579091cf0bc2b2f8cd75cda2af8d60a7e7e453c723f3971b550197e77a6c7
halfcheetah-medium-v2,20,1,paired,rollout_union,mu4_vs_deploy_rms,mu4,deployment,0.19374056160449982,1637,0,,,True,afaf9842d392feb4a994d39565ad5fc6cc2fb41f89bf5523751454083f1376a0|c89579091cf0bc2b2f8cd75cda2af8d60a7e7e453c723f3971b550197e77a6c7
halfcheetah-medium-replay-v2,4,0,paired,dataset,mu4_vs_deploy_rms,mu4,deployment,0.17580705881118774,4096,0,,,True,c5ce93614b6b000763c75adfb588188bdef682bccd28059bf7567ae426bc1cde|8d0251ae77393799a6a1afeaa79e4d799fcfa79acc6a24bda60c67f25a5f37bd
halfcheetah-medium-replay-v2,4,0,paired,rollout_union,mu4_vs_deploy_rms,mu4,deployment,0.13700102269649506,1608,0,,,True,c5ce93614b6b000763c75adfb588188bdef682bccd28059bf7567ae426bc1cde|8d0251ae77393799a6a1afeaa79e4d799fcfa79acc6a24bda60c67f25a5f37bd
halfcheetah-medium-replay-v2,4,1,paired,dataset,mu4_vs_deploy_rms,mu4,deployment,0.183869868516922,4096,0,,,True,0d814d8e636c8c19068a1c65868feba05f94ee0459889f54784b1efdd1fa9778|12fe70a10eb303e05c8596ffdd93092b67bdad189f0463092a7ec7ee601c788b
halfcheetah-medium-replay-v2,4,1,paired,rollout_union,mu4_vs_deploy_rms,mu4,deployment,0.1347605288028717,1516,0,,,True,0d814d8e636c8c19068a1c65868feba05f94ee0459889f54784b1efdd1fa9778|12fe70a10eb303e05c8596ffdd93092b67bdad189f0463092a7ec7ee601c788b
halfcheetah-medium-replay-v2,7,0,paired,dataset,mu4_vs_deploy_rms,mu4,deployment,0.20363707840442657,4096,0,,,True,d789f770dd883b0ee706a994e4aa8e2e4da554cf4c78d496ed7d205946d78e25|7853fb8ab38e84013d60ce25f425e8980ddbdec50d089862f931c83cdc7bd259
halfcheetah-medium-replay-v2,7,0,paired,rollout_union,mu4_vs_deploy_rms,mu4,deployment,0.17367863655090332,1647,0,,,True,d789f770dd883b0ee706a994e4aa8e2e4da554cf4c78d496ed7d205946d78e25|7853fb8ab38e84013d60ce25f425e8980ddbdec50d089862f931c83cdc7bd259
halfcheetah-medium-replay-v2,7,1,paired,dataset,mu4_vs_deploy_rms,mu4,deployment,0.19760850071907043,4096,0,,,True,f9d0860d3c0c2ec41e219c2e852a82e9860882cbe76e69c8b321837712c1b522|57689e9dbc77f8730d9a2ca8fe95b93d71374649205b9bd2076a0cba06be86ff
halfcheetah-medium-replay-v2,7,1,paired,rollout_union,mu4_vs_deploy_rms,mu4,deployment,0.16227233409881592,1519,0,,,True,f9d0860d3c0c2ec41e219c2e852a82e9860882cbe76e69c8b321837712c1b522|57689e9dbc77f8730d9a2ca8fe95b93d71374649205b9bd2076a0cba06be86ff
halfcheetah-medium-replay-v2,10,0,paired,dataset,mu4_vs_deploy_rms,mu4,deployment,0.22076821327209473,4096,0,,,True,140792dd27c41c1467ab013083c016da4ff009c93291a80657b4ea8817419b20|dac1ab5bf5dc329e9ec961d8ef437f7cb5a246a3a31f0b77c54d17e0e8db28cd
halfcheetah-medium-replay-v2,10,0,paired,rollout_union,mu4_vs_deploy_rms,mu4,deployment,0.18473516404628754,1562,0,,,True,140792dd27c41c1467ab013083c016da4ff009c93291a80657b4ea8817419b20|dac1ab5bf5dc329e9ec961d8ef437f7cb5a246a3a31f0b77c54d17e0e8db28cd
