task,T,training_seed,kind,hop,first_source,continuation_source,evaluation_seed,raw_return,discounted_return,normalized_score,episode_length,terminated,truncated,q_mart_first,q_mart_cont_action,delta_q_mart,q_two_first,q_two_cont_action,delta_q_two,first_action_rms,checkpoint_hash_mart,checkpoint_hash_two
hopper-medium-v2,10,0,hybrid,2,mart_hop,mart_polyak_mu1,10000,1406.2767274350217,237.15014151142137,43.832150548427336,435,1,0,217.8072967529297,217.62161254882812,0.1856842041015625,217.5169219970703,217.39588928222656,0.12103271484375,0.05256209522485733,c18b5784bbb5ff656afb5d80ca61d1b5a828853cc6108b710ad009500f1d0f3d,11d881d2cdb89c2d671efbb1858f595689221bb8c08588fb35a4307829be8480
hopper-medium-v2,10,0,hybrid,2,mart_hop,mart_polyak_mu1,10001,1431.009765820067,236.7670616100301,44.5920979721502,441,1,0,218.1618194580078,217.99412536621094,0.167694091796875,217.86354064941406,217.71705627441406,0.146484375,0.043180156499147415,c18b5784bbb5ff656afb5d80ca61d1b5a828853cc6108b710ad009500f1d0f3d,11d881d2cdb89c2d671efbb1858f595689221bb8c08588fb35a4307829be8480
hopper-medium-v2,10,0,hybrid,2,mart_hop,mart_polyak_mu1,10002,1475.5961365702078,238.01516645976113,45.9620589553996,453,1,0,217.7322235107422,217.5447998046875,0.1874237060546875,217.4708709716797,217.32672119140625,0.1441497802734375,0.05544857680797577,c18b5784bbb5ff656afb5d80ca61d1b5a828853cc6108b710ad009500f1d0f3d,11d881d2cdb89c2d671efbb1858f595689221bb8c08588fb35a4307829be8480
hopper-medium-v2,10,0,hybrid,2,mart_hop,mart_polyak_mu1,10003,1512.0918759180406,237.8749173930661,47.08342716995008,464,1,0,217.0830535888672,216.86985778808594,0.21319580078125,216.85897827148438,216.7178955078125,0.141082763671875,0.06460016220808029,c18b5784bbb5ff656afb5d80ca61d1b5a828853cc6108b710ad009500f1d0f3d,11d881d2cdb89c2d671efbb1858f595689221bb8c08588fb35a4307829be8480
hopper-medium-v2,10,0,hybrid,2,mart_hop,mart_polyak_mu1,10004,1426.9450788211009,237.09255282348485,44.467206385236565,440,1,0,217.80477905273438,217.65415954589844,0.1506195068359375,217.541748046875,217.40992736816406,0.1318206787109375,0.048653967678546906,c18b5784bbb5ff656afb5d80ca61d1b5a828853cc6108b710ad009500f1d0f3d,11d881d2cdb89c2d671efbb1858f595689221bb8c08588fb35a4307829be8480
hopper-medium-v2,10,0,hybrid,2,mart_hop,mart_polyak_mu1,10005,1366.1820236251485,236.85286460126264,42.600200539257905,426,1,0,217.7339324951172,217.60897827148438,0.1249542236328125,217.59347534179688,217.4819793701172,0.1114959716796875,0.062349412590265274,c18b5784bbb5ff656afb5d80ca61d1b5a828853cc6108b710ad009500f1d0f3d,11d881d2cdb89c2d671efbb1858f595689221bb8c08588fb35a4307829be8480
hopper-medium-v2,10,0,hybrid,2,mart_hop,mart_polyak_mu1,10006,1325.0096839385092,235.6010200749077,41.33513908637864,418,1,0,218.6100311279297,218.45626831054688,0.1537628173828125,218.45138549804688,218.27914428710938,0.1722412109375,0.05816752836108208,c18b5784bbb5ff656afb5d80ca61d1b5a828853cc6108b710ad009500f1d0f3d,11d881d2cdb89c2d671efbb1858f595689221bb8c08588fb35a4307829be8480
hopper-medium-v2,10,0,hybrid,2,mart_hop,mart_polyak_mu1,10007,1836.2902851675772,237.64960380117014,57.04474862381578,565,1,0,218.7685089111328,218.62322998046875,0.1452789306640625,218.6859588623047,218.55206298828125,0.1338958740234375,0.04718392714858055,c18b5784bbb5ff656afb5d80ca61d1b5a828853cc6108b710ad009500f1d0f3d,11d881d2cdb89c2d671efbb1858f595689221bb8c08588fb35a4307829be8480
hopper-medium-v2,10,0,hybrid,2,mart_hop,mart_polyak_mu1,10008,1395.6130298664025,236.3913080064499,43.50449773972382,433,1,0,218.6720428466797,218.51364135742188,0.1584014892578125,218.72348022460938,218.53976440429688,0.1837158203125,0.06543387472629547,c18b5784bbb5ff656afb5d80ca61d1b5a828853cc6108b710ad009500f1d0f3d,11d881d2cdb89c2d671efbb1858f595689221bb8c08588fb35a4307829be8480
hopper-medium-v2,10,0,hybrid,2,mart_hop,mart_polyak_mu1,10009,1397.7344270552549,236.95888549208445,43.56967979715094,433,1,0,218.1473846435547,217.96755981445312,0.1798248291015625,218.0425262451172,217.8509521484375,0.1915740966796875,0.06577077507972717,c18b5784bbb5ff656afb5d80ca61d1b5a828853cc6108b710ad009500f1d0f3d,11d881d2cdb89c2d671efbb1858f595689221bb8c08588fb35a4307829be8480
hopper-medium-v2,10,1,hybrid,2,mart_hop,mart_polyak_mu1,10000,1506.2594858152784,237.86646007114524,46.90422113130094,462,1,0,220.45960998535156,220.3599853515625,0.0996246337890625,218.7206268310547,218.65110778808594,0.06951904296875,0.030813850462436676,6aa372aefdb40f3dac09e1f026d781d3bab7e63f4735743c358c1bda69a1acc3,6ebbfe48b0b39daa531a6300b8c744a704986b2a138644d5d4bcc99179fdfbde
hopper-medium-v2,10,1,hybrid,2,mart_hop,mart_polyak_mu1,10001,1346.9524019802116,235.9262030329106,42.00935111749534,423,1,0,220.1591339111328,220.05043029785156,0.10870361328125,219.04295349121094,218.953125,0.0898284912109375,0.03292541950941086,6aa372aefdb40f3dac09e1f026d781d3bab7e63f4735743c358c1bda69a1acc3,6ebbfe48b0b39daa531a6300b8c744a704986b2a138644d5d4bcc99179fdfbde
hopper-medium-v2,10,1,hybrid,2,mart_hop,mart_polyak_mu1,10002,1566.8189438904476,237.9539904818473,48.76497125143599,486,1,0,220.3195037841797,220.20497131347656,0.114532470703125,218.70567321777344,218.63258361816406,0.073089599609375,0.03328664228320122,6aa372aefdb40f3dac09e1f026d781d3bab7e63f4735743c358c1bda69a1acc3,6ebbfe48b0b39daa531a6300b8c744a704986b2a138644d5d4bcc99179fdfbde
hopper-medium-v2,10,1,hybrid,2,mart_hop,mart_polyak_mu1,10003,2053.5530459343236,239.51809501613886,63.72036496925587,622,1,0,219.77188110351562,219.65185546875,0.120025634765625,218.04713439941406,217.95188903808594,0.095245361328125,0.02909027226269245,6aa372aefdb40f3dac09e1f026d781d3bab7e63f4735743c358c1bda69a1acc3,6ebbfe48b0b39daa531a6300b8c744a704986b2a138644d5d4bcc99179fdfbde
hopper-medium-v2,10,1,hybrid,2,mart_hop,mart_polyak_mu1,10004,1742.2928505459495,238.09400750162487,54.156583119635116,531,1,0,220.1849822998047,220.08445739746094,0.10052490234375,218.82337951660156,218.73941040039062,0.0839691162109375,0.03390652313828468,6aa372aefdb40f3dac09e1f026d781d3bab7e63f4735743c358c1bda69a1acc3,6ebbfe48b0b39daa531a6300b8c744a704986b2a138644d5d4bcc99179fdfbde
hopper-medium-v2,10,1,hybrid,2,mart_hop,mart_polyak_mu1,10005,1482.6969900279948,237.50269631920852,46.18023980352143,456,1,0,220.6573028564453,220.53916931152344,0.118133544921875,218.8428497314453,218.7505340576172,0.092315673828125,0.029818953946232796,6aa372aefdb40f3dac09e1f026d781d3bab7e63f4735743c358c1bda69a1acc3,6ebbfe48b0b39daa531a6300b8c744a704986b2a138644d5d4bcc99179fdfbde
hopper-medium-v2,10,1,hybrid,2,mart_hop,mart_polyak_mu1,10006,1572.9618393590595,236.97232876817878,48.9537178790397,491,1,0,220.7674102783203,220.62400817871094,0.143402099609375,219.57843017578125,219.4640350341797,0.1143951416015625,0.0379343144595623,6aa372aefdb40f3dac09e1f026d781d3bab7e63f4735743c358c1bda69a1acc3,6ebbfe48b0b39daa531a6300b8c744a704986b2a138644d5d4bcc99179fdfbde
hopper-medium-v2,10,1,hybrid,2,mart_hop,mart_polyak_mu1,10007,1846.199108744324,238.16527511041627,57.34920717161095,572,1,0,221.2261199951172,221.12289428710938,0.1032257080078125,219.9340362548828,219.83888244628906,0.09515380859375,0.03464435040950775,6aa372aefdb40f3dac09e1f026d781d3bab7e63f4735743c358c1bda69a1acc3,6ebbfe48b0b39daa531a6300b8c744a704986b2a138644d5d4bcc99179fdfbde
hopper-medium-v2,10,1,hybrid,2,mart_hop,mart_polyak_mu1,10008,1795.2570131772356,237.90560172508413,55.783960165458225,546,1,0,221.0736541748047,220.9065399169922,0.1671142578125,219.8787384033203,219.75863647460938,0.1201019287109375,0.03684043139219284,6aa372aefdb40f3dac09e1f026d781d3bab7e63f4735743c358c1bda69a1acc3,6ebbfe48b0b39daa531a6300b8c744a704986b2a138644d5d4bcc99179fdfbde
hopper-medium-v2,10,1,hybrid,2,mart_hop,mart_polyak_mu1,10009,1378.0483848684592,235.90335444696737,42.964806396226585,430,1,0,220.4900665283203,220.3411407470703,0.14892578125,219.22457885742188,219.1166534423828,0.1079254150390625,0.03505994752049446,6aa372aefdb40f3dac09e1f026d781d3bab7e63f4735743c358c1bda69a1acc3,6ebbfe48b0b39daa531a6300b8c744a704986b2a138644d5d4bcc99179fdfbde
hopper-medium-replay-v2,10,0,hybrid,2,mart_hop,mart_polyak_mu1,10000,3264.9972807278536,252.87824572250526,100.94320475475973,1000,0,1,205.05078125,203.97494506835938,1.075836181640625,203.63589477539062,202.984130859375,0.651763916015625,0.10028981417417526,95fa8be2e5439c7708acc429dde5034367ef928cf3096282e9a37a8ee6acad28,df254c3d6c7df282cb71dd6b01f62ee8f945c8c41b1d2c1e9717bb364836b4e9
hopper-medium-replay-v2,10,0,hybrid,2,mart_hop,mart_polyak_mu1,10001,1868.8735687497194,252.3815386257082,58.04590270885745,549,1,0,205.77609252929688,205.0565185546875,0.719573974609375,204.68832397460938,204.15037536621094,0.5379486083984375,0.08036593347787857,95fa8be2e5439c7708acc429dde5034367ef928cf3096282e9a37a8ee6acad28,df254c3d6c7df282cb71dd6b01f62ee8f945c8c41b1d2c1e9717bb364836b4e9
hopper-medium-replay-v2,10,0,hybrid,2,mart_hop,mart_polyak_mu1,10002,3268.5800533677366,254.2967370065476,101.05328903939457,1000,0,1,204.992431640625,203.92056274414062,1.071868896484375,203.34555053710938,202.56527709960938,0.7802734375,0.11246948689222336,95fa8be2e5439c7708acc429dde5034367ef928cf3096282e9a37a8ee6acad28,df254c3d6c7df282cb71dd6b01f62ee8f945c8c41b1d2c1e9717bb364836b4e9
hopper-medium-replay-v2,10,0,hybrid,2,mart_hop,mart_polyak_mu1,10003,1710.925740303177,253.24397005464823,53.19279718086266,503,1,0,205.8721160888672,204.73605346679688,1.1360626220703125,202.98568725585938,202.24624633789062,0.73944091796875,0.09517423063516617,95fa8be2e5439c7708acc429dde5034367ef928cf3096282e9a37a8ee6acad28,df254c3d6c7df282cb71dd6b01f62ee8f945c8c41b1d2c1e9717bb364836b4e9
hopper-medium-replay-v2,10,0,hybrid,2,mart_hop,mart_polyak_mu1,10004,3043.485162985793,253.47493310805595,94.13702265206835,901,1,0,205.5926055908203,204.33670043945312,1.2559051513671875,204.1295166015625,203.40956115722656,0.7199554443359375,0.10615891218185425,95fa8be2e5439c7708acc429dde5034367ef928cf3096282e9a37a8ee6acad28,df254c3d6c7df282cb71dd6b01f62ee8f945c8c41b1d2c1e9717bb364836b4e9
hopper-medium-replay-v2,10,0,hybrid,2,mart_hop,mart_polyak_mu1,10005,2692.8370365483415,252.31681292142662,83.3630070955926,803,1,0,206.41983032226562,205.15975952148438,1.26007080078125,203.96910095214844,203.194091796875,0.7750091552734375,0.0984605923295021,95fa8be2e5439c7708acc429dde5034367ef928cf3096282e9a37a8ee6acad28,df254c3d6c7df282cb71dd6b01f62ee8f945c8c41b1d2c1e9717bb364836b4e9
hopper-medium-replay-v2,10,0,hybrid,2,mart_hop,mart_polyak_mu1,10006,2874.4343775032735,251.3157618223963,88.94276762744325,851,1,0,207.1307830810547,206.5588836669922,0.5718994140625,205.75332641601562,205.315673828125,0.437652587890625,0.07880157232284546,95fa8be2e5439c7708acc429dde5034367ef928cf3096282e9a37a8ee6acad28,df254c3d6c7df282cb71dd6b01f62ee8f945c8c41b1d2c1e9717bb364836b4e9
hopper-medium-replay-v2,10,0,hybrid,2,mart_hop,mart_polyak_mu1,10007,2115.035672476014,252.53165625721113,65.60948036691457,642,1,0,206.4208221435547,205.21975708007812,1.2010650634765625,204.99346923828125,204.18008422851562,0.813385009765625,0.1041124016046524,95fa8be2e5439c7708acc429dde5034367ef928cf3096282e9a37a8ee6acad28,df254c3d6c7df282cb71dd6b01f62ee8f945c8c41b1d2c1e9717bb364836b4e9
hopper-medium-replay-v2,10,0,hybrid,2,mart_hop,mart_polyak_mu1,10008,2364.237433499741,252.16680418930974,73.26645454569925,715,1,0,207.60130310058594,206.78521728515625,0.8160858154296875,205.53506469726562,204.90029907226562,0.634765625,0.09549757838249207,95fa8be2e5439c7708acc429dde5034367ef928cf3096282e9a37a8ee6acad28,df254c3d6c7df282cb71dd6b01f62ee8f945c8c41b1d2c1e9717bb364836b4e9
hopper-medium-replay-v2,10,0,hybrid,2,mart_hop,mart_polyak_mu1,10009,3215.011612392452,252.8141931375566,99.40734493506518,1000,0,1,206.77757263183594,205.8719482421875,0.9056243896484375,205.1258544921875,204.50762939453125,0.61822509765625,0.09633627533912659,95fa8be2e5439c7708acc429dde5034367ef928cf3096282e9a37a8ee6acad28,df254c3d6c7df282cb71dd6b01f62ee8f945c8c41b1d2c1e9717bb364836b4e9
hopper-medium-replay-v2,10,1,hybrid,2,mart_hop,mart_polyak_mu1,10000,2535.4788408443424,249.3231308660867,78.52801862530266,754,1,0,201.45347595214844,200.89683532714844,0.556640625,202.94857788085938,202.62890625,0.319671630859375,0.07590486109256744,e7f827ecf0e3aaed0fa772d58f597439b77fc47b3ae2565b7cd551ecc60b8db3,4000e5ce69f8f0ae9110dc7f51294a78e44c105a71977db512b1fc314329b1f2
hopper-medium-replay-v2,10,1,hybrid,2,mart_hop,mart_polyak_mu1,10001,3333.1991701295024,249.28738839398696,103.03877624649984,1000,0,1,201.95742797851562,201.4237823486328,0.5336456298828125,204.0702362060547,203.78990173339844,0.28033447265625,0.07130409777164459,e7f827ecf0e3aaed0fa772d58f597439b77fc47b3ae2565b7cd551ecc60b8db3,4000e5ce69f8f0ae9110dc7f51294a78e44c105a71977db512b1fc314329b1f2
hopper-medium-replay-v2,10,1,hybrid,2,mart_hop,mart_polyak_mu1,10002,3271.9498225576212,249.93754336714574,101.15682857928152,975,1,0,201.2848663330078,200.56146240234375,0.7234039306640625,202.7962646484375,202.36878967285156,0.4274749755859375,0.08749490231275558,e7f827ecf0e3aaed0fa772d58f597439b77fc47b3ae2565b7cd551ecc60b8db3,4000e5ce69f8f0ae9110dc7f51294a78e44c105a71977db512b1fc314329b1f2
hopper-medium-replay-v2,10,1,hybrid,2,mart_hop,mart_polyak_mu1,10003,3219.805389384726,250.08460933694164,99.55463854365729,1000,0,1,200.64840698242188,200.09197998046875,0.556427001953125,202.15542602539062,201.80474853515625,0.350677490234375,0.10127072781324387,e7f827ecf0e3aaed0fa772d58f597439b77fc47b3ae2565b7cd551ecc60b8db3,4000e5ce69f8f0ae9110dc7f51294a78e44c105a71977db512b1fc314329b1f2
hopper-medium-replay-v2,10,1,hybrid,2,mart_hop,mart_polyak_mu1,10004,3281.9550758551945,248.88706872146508,101.4642500270153,1000,0,1,201.90333557128906,201.21798706054688,0.6853485107421875,203.52975463867188,203.18238830566406,0.3473663330078125,0.07714817672967911,e7f827ecf0e3aaed0fa772d58f597439b77fc47b3ae2565b7cd551ecc60b8db3,4000e5ce69f8f0ae9110dc7f51294a78e44c105a71977db512b1fc314329b1f2
hopper-medium-replay-v2,10,1,hybrid,2,mart_hop,mart_polyak_mu1,10005,3238.6079939033557,249.85433047556782,100.1323674357069,965,1,0,201.7703094482422,201.0713348388672,0.698974609375,203.07342529296875,202.5450439453125,0.52838134765625,0.09685131907463074,e7f827ecf0e3aaed0fa772d58f597439b77fc47b3ae2565b7cd551ecc60b8db3,4000e5ce69f8f0ae9110dc7f51294a78e44c105a71977db512b1fc314329b1f2
hopper-medium-replay-v2,10,1,hybrid,2,mart_hop,mart_polyak_mu1,10006,1875.5775712736913,248.82711606496932,58.25188991380209,567,1,0,202.59796142578125,202.15005493164062,0.447906494140625,205.09103393554688,204.79513549804688,0.2958984375,0.06903529167175293,e7f827ecf0e3aaed0fa772d58f597439b77fc47b3ae2565b7cd551ecc60b8db3,4000e5ce69f8f0ae9110dc7f51294a78e44c105a71977db512b1fc314329b1f2
hopper-medium-replay-v2,10,1,hybrid,2,mart_hop,mart_polyak_mu1,10007,2983.312653212817,248.6933440985929,92.28816190681673,884,1,0,202.70965576171875,202.11021423339844,0.5994415283203125,204.51284790039062,204.29615783691406,0.2166900634765625,0.06520108878612518,e7f827ecf0e3aaed0fa772d58f597439b77fc47b3ae2565b7cd551ecc60b8db3,4000e5ce69f8f0ae9110dc7f51294a78e44c105a71977db512b1fc314329b1f2
hopper-medium-replay-v2,10,1,hybrid,2,mart_hop,mart_polyak_mu1,10008,1845.081994048611,249.01270233195507,57.31488270157239,545,1,0,202.5704803466797,202.02984619140625,0.5406341552734375,205.07933044433594,204.86265563964844,0.2166748046875,0.0742906853556633,e7f827ecf0e3aaed0fa772d58f597439b77fc47b3ae2565b7cd551ecc60b8db3,4000e5ce69f8f0ae9110dc7f51294a78e44c105a71977db512b1fc314329b1f2
hopper-medium-replay-v2,10,1,hybrid,2,mart_hop,mart_polyak_mu1,10009,3245.075623567291,248.47836601265806,100.33109184732926,1000,0,1,202.13348388671875,201.54148864746094,0.5919952392578125,204.25624084472656,203.9894256591797,0.266815185546875,0.07832660526037216,e7f827ecf0e3aaed0fa772d58f597439b77fc47b3ae2565b7cd551ecc60b8db3,4000e5ce69f8f0ae9110dc7f51294a78e44c105a71977db512b1fc314329b1f2
hopper-medium-v2,10,0,hybrid,2,mart_hop,two_actor_polyak_target,10000,1725.833178663833,238.91015726859877,53.65084318395049,526,1,0,217.8072967529297,217.592529296875,0.2147674560546875,217.5169219970703,217.42269897460938,0.0942230224609375,0.056681156158447266,c18b5784bbb5ff656afb5d80ca61d1b5a828853cc6108b710ad009500f1d0f3d,11d881d2cdb89c2d671efbb1858f595689221bb8c08588fb35a4307829be8480
hopper-medium-v2,10,0,hybrid,2,mart_hop,two_actor_polyak_target,10001,1344.5969110708581,236.1675239805557,41.93697629559525,422,1,0,218.1618194580078,217.97108459472656,0.19073486328125,217.86354064941406,217.73358154296875,0.1299591064453125,0.05034197121858597,c18b5784bbb5ff656afb5d80ca61d1b5a828853cc6108b710ad009500f1d0f3d,11d881d2cdb89c2d671efbb1858f595689221bb8c08588fb35a4307829be8480
hopper-medium-v2,10,0,hybrid,2,mart_hop,two_actor_polyak_target,10002,1562.5234333049054,238.14548878579276,48.63298737819577,484,1,0,217.7322235107422,217.56527709960938,0.1669464111328125,217.4708709716797,217.3664093017578,0.104461669921875,0.05672168359160423,c18b5784bbb5ff656afb5d80ca61d1b5a828853cc6108b710ad009500f1d0f3d,11d881d2cdb89c2d671efbb1858f595689221bb8c08588fb35a4307829be8480
hopper-medium-v2,10,0,hybrid,2,mart_hop,two_actor_polyak_target,10003,1593.35886053086,238.59952512150812,49.580436822738214,495,1,0,217.0830535888672,216.84483337402344,0.23822021484375,216.85897827148438,216.74229431152344,0.1166839599609375,0.0671377182006836,c18b5784bbb5ff656afb5d80ca61d1b5a828853cc6108b710ad009500f1d0f3d,11d881d2cdb89c2d671efbb1858f595689221bb8c08588fb35a4307829be8480
hopper-medium-v2,10,0,hybrid,2,mart_hop,two_actor_polyak_target,10004,1753.212868131898,238.20816572495278,54.492111618085495,536,1,0,217.80477905273438,217.6462860107422,0.1584930419921875,217.541748046875,217.4300079345703,0.1117401123046875,0.05039934441447258,c18b5784bbb5ff656afb5d80ca61d1b5a828853cc6108b710ad009500f1d0f3d,11d881d2cdb89c2d671efbb1858f595689221bb8c08588fb35a4307829be8480
hopper-medium-v2,10,0,hybrid,2,mart_hop,two_actor_polyak_target,10005,1682.0674924990026,238.5001897931819,52.30609855813305,514,1,0,217.7339324951172,217.54757690429688,0.1863555908203125,217.59347534179688,217.48216247558594,0.1113128662109375,0.06645365059375763,c18b5784bbb5ff656afb5d80ca61d1b5a828853cc6108b710ad009500f1d0f3d,11d881d2cdb89c2d671efbb1858f595689221bb8c08588fb35a4307829be8480
hopper-medium-v2,10,0,hybrid,2,mart_hop,two_actor_polyak_target,10006,1580.7415063079325,237.58972524237038,49.19275595285729,493,1,0,218.6100311279297,218.464599609375,0.1454315185546875,218.45138549804688,218.31903076171875,0.132354736328125,0.05537073686718941,c18b5784bbb5ff656afb5d80ca61d1b5a828853cc6108b710ad009500f1d0f3d,11d881d2cdb89c2d671efbb1858f595689221bb8c08588fb35a4307829be8480
hopper-medium-v2,10,0,hybrid,2,mart_hop,two_actor_polyak_target,10007,1437.6222141841029,237.69576997957293,44.795272083657174,443,1,0,218.7685089111328,218.5846710205078,0.183837890625,218.6859588623047,218.55654907226562,0.1294097900390625,0.051815107464790344,c18b5784bbb5ff656afb5d80ca61d1b5a828853cc6108b710ad009500f1d0f3d,11d881d2cdb89c2d671efbb1858f595689221bb8c08588fb35a4307829be8480
hopper-medium-v2,10,0,hybrid,2,mart_hop,two_actor_polyak_target,10008,1810.8809699124179,238.0103288911405,56.264021914621985,552,1,0,218.6720428466797,218.5327911376953,0.139251708984375,218.72348022460938,218.5796661376953,0.1438140869140625,0.06379565596580505,c18b5784bbb5ff656afb5d80ca61d1b5a828853cc6108b710ad009500f1d0f3d,11d881d2cdb89c2d671efbb1858f595689221bb8c08588fb35a4307829be8480
hopper-medium-v2,10,0,hybrid,2,mart_hop,two_actor_polyak_target,10009,2391.469088781298,239.17972288127405,74.10317448090305,727,1,0,218.1473846435547,217.99868774414062,0.1486968994140625,218.0425262451172,217.90631103515625,0.1362152099609375,0.06037769094109535,c18b5784bbb5ff656afb5d80ca61d1b5a828853cc6108b710ad009500f1d0f3d,11d881d2cdb89c2d671efbb1858f595689221bb8c08588fb35a4307829be8480
hopper-medium-v2,10,1,hybrid,2,mart_hop,two_actor_polyak_target,10000,1835.984936971117,238.88494948562044,57.035366494065855,567,1,0,220.45960998535156,220.33876037597656,0.120849609375,218.7206268310547,218.64193725585938,0.0786895751953125,0.043001651763916016,6aa372aefdb40f3dac09e1f026d781d3bab7e63f4735743c358c1bda69a1acc3,6ebbfe48b0b39daa531a6300b8c744a704986b2a138644d5d4bcc99179fdfbde
hopper-medium-v2,10,1,hybrid,2,mart_hop,two_actor_polyak_target,10001,1786.0938448791667,237.7874140460903,55.50241262435761,545,1,0,220.1591339111328,220.0738525390625,0.0852813720703125,219.04295349121094,218.9718475341797,0.07110595703125,0.03316139057278633,6aa372aefdb40f3dac09e1f026d781d3bab7e63f4735743c358c1bda69a1acc3,6ebbfe48b0b39daa531a6300b8c744a704986b2a138644d5d4bcc99179fdfbde
hopper-medium-v2,10,1,hybrid,2,mart_hop,two_actor_polyak_target,10002,2015.3739518794887,239.37050568538038,62.547273992104124,611,1,0,220.3195037841797,220.2039794921875,0.1155242919921875,218.70567321777344,218.6376495361328,0.068023681640625,0.04039449989795685,6aa372aefdb40f3dac09e1f026d781d3bab7e63f4735743c358c1bda69a1acc3,6ebbfe48b0b39daa531a6300b8c744a704986b2a138644d5d4bcc99179fdfbde
hopper-medium-v2,10,1,hybrid,2,mart_hop,two_actor_polyak_target,10003,1504.8425114815582,238.46594209834078,46.86068317297864,460,1,0,219.77188110351562,219.63075256347656,0.1411285400390625,218.04713439941406,217.9329376220703,0.11419677734375,0.03790203109383583,6aa372aefdb40f3dac09e1f026d781d3bab7e63f4735743c358c1bda69a1acc3,6ebbfe48b0b39daa531a6300b8c744a704986b2a138644d5d4bcc99179fdfbde
hopper-medium-v2,10,1,hybrid,2,mart_hop,two_actor_polyak_target,10004,1562.157917139365,237.7239335400728,48.62175652721794,483,1,0,220.1849822998047,220.06727600097656,0.117706298828125,218.82337951660156,218.73155212402344,0.091827392578125,0.041791751980781555,6aa372aefdb40f3dac09e1f026d781d3bab7e63f4735743c358c1bda69a1acc3,6ebbfe48b0b39daa531a6300b8c744a704986b2a138644d5d4bcc99179fdfbde
hopper-medium-v2,10,1,hybrid,2,mart_hop,two_actor_polyak_target,10005,1543.5546711667585,238.04510885349654,48.05015312654909,476,1,0,220.6573028564453,220.48582458496094,0.171478271484375,218.8428497314453,218.7079315185547,0.134918212890625,0.04463287070393562,6aa372aefdb40f3dac09e1f026d781d3bab7e63f4735743c358c1bda69a1acc3,6ebbfe48b0b39daa531a6300b8c744a704986b2a138644d5d4bcc99179fdfbde
hopper-medium-v2,10,1,hybrid,2,mart_hop,two_actor_polyak_target,10006,1426.9530863573855,235.87616373386246,44.46745242482438,442,1,0,220.7674102783203,220.62132263183594,0.146087646484375,219.57843017578125,219.4641876220703,0.1142425537109375,0.04180651903152466,6aa372aefdb40f3dac09e1f026d781d3bab7e63f4735743c358c1bda69a1acc3,6ebbfe48b0b39daa531a6300b8c744a704986b2a138644d5d4bcc99179fdfbde
hopper-medium-v2,10,1,hybrid,2,mart_hop,two_actor_polyak_target,10007,1567.2456336895907,236.89808974657356,48.778081723693354,486,1,0,221.2261199951172,221.1020050048828,0.124114990234375,219.9340362548828,219.82362365722656,0.11041259765625,0.045978691428899765,6aa372aefdb40f3dac09e1f026d781d3bab7e63f4735743c358c1bda69a1acc3,6ebbfe48b0b39daa531a6300b8c744a704986b2a138644d5d4bcc99179fdfbde
hopper-medium-v2,10,1,hybrid,2,mart_hop,two_actor_polyak_target,10008,1521.5916584918712,236.7019310446587,47.37531752246233,467,1,0,221.0736541748047,220.8905029296875,0.1831512451171875,219.8787384033203,219.74888610839844,0.129852294921875,0.04181838408112526,6aa372aefdb40f3dac09e1f026d781d3bab7e63f4735743c358c1bda69a1acc3,6ebbfe48b0b39daa531a6300b8c744a704986b2a138644d5d4bcc99179fdfbde
hopper-medium-v2,10,1,hybrid,2,mart_hop,two_actor_polyak_target,10009,1562.3892994724727,237.48090727956878,48.6288659815924,484,1,0,220.4900665283203,220.33436584472656,0.15570068359375,219.22457885742188,219.1134033203125,0.111175537109375,0.039064809679985046,6aa372aefdb40f3dac09e1f026d781d3bab7e63f4735743c358c1bda69a1acc3,6ebbfe48b0b39daa531a6300b8c744a704986b2a138644d5d4bcc99179fdfbde
hopper-medium-v2,10,0,hybrid,3,mart_hop,mart_polyak_mu1,10000,1450.5690276308567,237.57564662554023,45.193075918799,446,1,0,217.94070434570312,217.62161254882812,0.319091796875,217.57598876953125,217.39588928222656,0.1800994873046875,0.0762079507112503,c18b5784bbb5ff656afb5d80ca61d1b5a828853cc6108b710ad009500f1d0f3d,11d881d2cdb89c2d671efbb1858f595689221bb8c08588fb35a4307829be8480
hopper-medium-v2,10,0,hybrid,3,mart_hop,mart_polyak_mu1,10001,1435.6061606066917,236.79576164930768,44.73332681440278,442,1,0,218.3137664794922,217.99412536621094,0.31964111328125,217.942626953125,217.71705627441406,0.2255706787109375,0.07755614817142487,c18b5784bbb5ff656afb5d80ca61d1b5a828853cc6108b710ad009500f1d0f3d,11d881d2cdb89c2d671efbb1858f595689221bb8c08588fb35a4307829be8480
hopper-medium-v2,10,0,hybrid,3,mart_hop,mart_polyak_mu1,10002,1377.874645399299,236.55616832995548,42.95946807669092,428,1,0,217.9351043701172,217.5447998046875,0.3903045654296875,217.55174255371094,217.32672119140625,0.2250213623046875,0.08289073407649994,c18b5784bbb5ff656afb5d80ca61d1b5a828853cc6108b710ad009500f1d0f3d,11d881d2cdb89c2d671efbb1858f595689221bb8c08588fb35a4307829be8480
hopper-medium-v2,10,0,hybrid,3,mart_hop,mart_polyak_mu1,10003,1963.0334885343686,238.8400319906643,60.939060732724094,601,1,0,217.2113037109375,216.86985778808594,0.3414459228515625,216.9547576904297,216.7178955078125,0.2368621826171875,0.08665028214454651,c18b5784bbb5ff656afb5d80ca61d1b5a828853cc6108b710ad009500f1d0f3d,11d881d2cdb89c2d671efbb1858f595689221bb8c08588fb35a4307829be8480
hopper-medium-v2,10,0,hybrid,3,mart_hop,mart_polyak_mu1,10004,1546.2306246162923,237.82231114566875,48.132374481576996,473,1,0,217.99278259277344,217.65415954589844,0.338623046875,217.60348510742188,217.40992736816406,0.1935577392578125,0.07327300310134888,c18b5784bbb5ff656afb5d80ca61d1b5a828853cc6108b710ad009500f1d0f3d,11d881d2cdb89c2d671efbb1858f595689221bb8c08588fb35a4307829be8480
hopper-medium-v2,10,0,hybrid,3,mart_hop,mart_polyak_mu1,10005,1400.5557454747986,237.30209110187576,43.65636763675461,433,1,0,217.8876190185547,217.60897827148438,0.2786407470703125,217.70590209960938,217.4819793701172,0.2239227294921875,0.07408589124679565,c18b5784bbb5ff656afb5d80ca61d1b5a828853cc6108b710ad009500f1d0f3d,11d881d2cdb89c2d671efbb1858f595689221bb8c08588fb35a4307829be8480
hopper-medium-v2,10,0,hybrid,3,mart_hop,mart_polyak_mu1,10006,1414.0655331369753,236.6428285587736,44.07146941960398,437,1,0,218.81993103027344,218.45626831054688,0.3636627197265625,218.61264038085938,218.27914428710938,0.33349609375,0.078148752450943,c18b5784bbb5ff656afb5d80ca61d1b5a828853cc6108b710ad009500f1d0f3d,11d881d2cdb89c2d671efbb1858f595689221bb8c08588fb35a4307829be8480
hopper-medium-v2,10,0,hybrid,3,mart_hop,mart_polyak_mu1,10007,1768.5950457824135,237.0968638604052,54.96474446225012,542,1,0,218.97520446777344,218.62322998046875,0.3519744873046875,218.77047729492188,218.55206298828125,0.218414306640625,0.06829603016376495,c18b5784bbb5ff656afb5d80ca61d1b5a828853cc6108b710ad009500f1d0f3d,11d881d2cdb89c2d671efbb1858f595689221bb8c08588fb35a4307829be8480
hopper-medium-v2,10,0,hybrid,3,mart_hop,mart_polyak_mu1,10008,1465.9293961874673,237.19855411294364,45.6650386566682,451,1,0,218.89312744140625,218.51364135742188,0.379486083984375,218.85507202148438,218.53976440429688,0.3153076171875,0.08394616097211838,c18b5784bbb5ff656afb5d80ca61d1b5a828853cc6108b710ad009500f1d0f3d,11d881d2cdb89c2d671efbb1858f595689221bb8c08588fb35a4307829be8480
hopper-medium-v2,10,0,hybrid,3,mart_hop,mart_polyak_mu1,10009,1646.3630198972362,238.07807066040388,51.209042808383266,507,1,0,218.3535919189453,217.96755981445312,0.3860321044921875,218.15048217773438,217.8509521484375,0.299530029296875,0.08695097267627716,c18b5784bbb5ff656afb5d80ca61d1b5a828853cc6108b710ad009500f1d0f3d,11d881d2cdb89c2d671efbb1858f595689221bb8c08588fb35a4307829be8480
hopper-medium-v2,10,1,hybrid,3,mart_hop,mart_polyak_mu1,10000,1472.8713470196185,237.25391213677466,45.878337062160256,454,1,0,220.57652282714844,220.3599853515625,0.2165374755859375,218.87071228027344,218.65110778808594,0.2196044921875,0.06303917616605759,6aa372aefdb40f3dac09e1f026d781d3bab7e63f4735743c358c1bda69a1acc3,6ebbfe48b0b39daa531a6300b8c744a704986b2a138644d5d4bcc99179fdfbde
hopper-medium-v2,10,1,hybrid,3,mart_hop,mart_polyak_mu1,10001,1446.656561502431,236.73749226450101,45.07286147088475,448,1,0,220.2996368408203,220.05043029785156,0.24920654296875,219.2068634033203,218.953125,0.2537384033203125,0.07237311452627182,6aa372aefdb40f3dac09e1f026d781d3bab7e63f4735743c358c1bda69a1acc3,6ebbfe48b0b39daa531a6300b8c744a704986b2a138644d5d4bcc99179fdfbde
hopper-medium-v2,10,1,hybrid,3,mart_hop,mart_polyak_mu1,10002,1487.1365934958123,237.21490802260632,46.316651075165225,458,1,0,220.4311981201172,220.20497131347656,0.226226806640625,218.81324768066406,218.63258361816406,0.1806640625,0.06587488949298859,6aa372aefdb40f3dac09e1f026d781d3bab7e63f4735743c358c1bda69a1acc3,6ebbfe48b0b39daa531a6300b8c744a704986b2a138644d5d4bcc99179fdfbde
hopper-medium-v2,10,1,hybrid,3,mart_hop,mart_polyak_mu1,10003,1733.1228296617428,238.71535035616682,53.87482502594892,530,1,0,219.9441680908203,219.65185546875,0.2923126220703125,218.1989288330078,217.95188903808594,0.247039794921875,0.07108883559703827,6aa372aefdb40f3dac09e1f026d781d3bab7e63f4735743c358c1bda69a1acc3,6ebbfe48b0b39daa531a6300b8c744a704986b2a138644d5d4bcc99179fdfbde
hopper-medium-v2,10,1,hybrid,3,mart_hop,mart_polyak_mu1,10004,1529.9440241574757,237.30482705379515,47.6319523390486,470,1,0,220.29994201660156,220.08445739746094,0.215484619140625,218.9690399169922,218.73941040039062,0.2296295166015625,0.06547577679157257,6aa372aefdb40f3dac09e1f026d781d3bab7e63f4735743c358c1bda69a1acc3,6ebbfe48b0b39daa531a6300b8c744a704986b2a138644d5d4bcc99179fdfbde
hopper-medium-v2,10,1,hybrid,3,mart_hop,mart_polyak_mu1,10005,1924.7591896562983,238.57722919469208,59.7630444918414,590,1,0,220.78489685058594,220.53916931152344,0.2457275390625,218.948974609375,218.7505340576172,0.1984405517578125,0.06095532327890396,6aa372aefdb40f3dac09e1f026d781d3bab7e63f4735743c358c1bda69a1acc3,6ebbfe48b0b39daa531a6300b8c744a704986b2a138644d5d4bcc99179fdfbde
hopper-medium-v2,10,1,hybrid,3,mart_hop,mart_polyak_mu1,10006,1568.888079847935,237.20861586657213,48.82854753008583,488,1,0,220.90234375,220.62400817871094,0.2783355712890625,219.7304229736328,219.4640350341797,0.266387939453125,0.07591189444065094,6aa372aefdb40f3dac09e1f026d781d3bab7e63f4735743c358c1bda69a1acc3,6ebbfe48b0b39daa531a6300b8c744a704986b2a138644d5d4bcc99179fdfbde
hopper-medium-v2,10,1,hybrid,3,mart_hop,mart_polyak_mu1,10007,1885.6001232784652,238.26323690602877,58.55984288167366,580,1,0,221.33151245117188,221.12289428710938,0.2086181640625,220.04014587402344,219.83888244628906,0.201263427734375,0.06214425712823868,6aa372aefdb40f3dac09e1f026d781d3bab7e63f4735743c358c1bda69a1acc3,6ebbfe48b0b39daa531a6300b8c744a704986b2a138644d5d4bcc99179fdfbde
hopper-medium-v2,10,1,hybrid,3,mart_hop,mart_polyak_mu1,10008,1891.439827414527,237.7308694165669,58.73927365133548,584,1,0,221.19500732421875,220.9065399169922,0.2884674072265625,220.01593017578125,219.75863647460938,0.257293701171875,0.07326273620128632,6aa372aefdb40f3dac09e1f026d781d3bab7e63f4735743c358c1bda69a1acc3,6ebbfe48b0b39daa531a6300b8c744a704986b2a138644d5d4bcc99179fdfbde
hopper-medium-v2,10,1,hybrid,3,mart_hop,mart_polyak_mu1,10009,1525.4319748388557,237.25001104331005,47.493315095940254,468,1,0,220.6088409423828,220.3411407470703,0.2677001953125,219.3713836669922,219.1166534423828,0.254730224609375,0.07266081124544144,6aa372aefdb40f3dac09e1f026d781d3bab7e63f4735743c358c1bda69a1acc3,6ebbfe48b0b39daa531a6300b8c744a704986b2a138644d5d4bcc99179fdfbde
hopper-medium-replay-v2,10,0,hybrid,2,mart_hop,two_actor_polyak_target,10000,1854.1663957624223,252.87733337054908,57.594010060330255,548,1,0,205.05078125,203.62477111816406,1.4260101318359375,203.63589477539062,202.79493713378906,0.8409576416015625,0.14382435381412506,95fa8be2e5439c7708acc429dde5034367ef928cf3096282e9a37a8ee6acad28,df254c3d6c7df282cb71dd6b01f62ee8f945c8c41b1d2c1e9717bb364836b4e9
hopper-medium-replay-v2,10,0,hybrid,2,mart_hop,two_actor_polyak_target,10001,3250.11114394734,251.88472059785207,100.48581326409769,1000,0,1,205.77609252929688,204.83758544921875,0.938507080078125,204.68832397460938,204.00613403320312,0.68218994140625,0.10932324826717377,95fa8be2e5439c7708acc429dde5034367ef928cf3096282e9a37a8ee6acad28,df254c3d6c7df282cb71dd6b01f62ee8f945c8c41b1d2c1e9717bb364836b4e9
hopper-medium-replay-v2,10,0,hybrid,2,mart_hop,two_actor_polyak_target,10002,1541.8037890309631,251.22371588382174,47.99635551593508,464,1,0,204.992431640625,203.58139038085938,1.411041259765625,203.34555053710938,202.4891357421875,0.856414794921875,0.14978721737861633,95fa8be2e5439c7708acc429dde5034367ef928cf3096282e9a37a8ee6acad28,df254c3d6c7df282cb71dd6b01f62ee8f945c8c41b1d2c1e9717bb364836b4e9
hopper-medium-replay-v2,10,0,hybrid,2,mart_hop,two_actor_polyak_target,10003,3242.9933518949674,250.38385572630008,100.26711196065952,1000,0,1,205.8721160888672,204.36367797851562,1.5084381103515625,202.98568725585938,202.09555053710938,0.89013671875,0.13384847342967987,95fa8be2e5439c7708acc429dde5034367ef928cf3096282e9a37a8ee6acad28,df254c3d6c7df282cb71dd6b01f62ee8f945c8c41b1d2c1e9717bb364836b4e9
hopper-medium-replay-v2,10,0,hybrid,2,mart_hop,two_actor_polyak_target,10004,3254.23603911502,251.23106145673972,100.61255480741332,1000,0,1,205.5926055908203,204.11862182617188,1.4739837646484375,204.1295166015625,203.35433959960938,0.775177001953125,0.12988851964473724,95fa8be2e5439c7708acc429dde5034367ef928cf3096282e9a37a8ee6acad28,df254c3d6c7df282cb71dd6b01f62ee8f945c8c41b1d2c1e9717bb364836b4e9
hopper-medium-replay-v2,10,0,hybrid,2,mart_hop,two_actor_polyak_target,10005,1383.80266524524,249.93229304086347,43.141612435162656,415,1,0,206.41983032226562,204.41094970703125,2.008880615234375,203.96910095214844,202.9736785888672,0.99542236328125,0.15985381603240967,95fa8be2e5439c7708acc429dde5034367ef928cf3096282e9a37a8ee6acad28,df254c3d6c7df282cb71dd6b01f62ee8f945c8c41b1d2c1e9717bb364836b4e9
hopper-medium-replay-v2,10,0,hybrid,2,mart_hop,two_actor_polyak_target,10006,3240.448845477996,251.13630161234417,100.18892944761282,1000,0,1,207.1307830810547,206.35255432128906,0.778228759765625,205.75332641601562,205.2091064453125,0.544219970703125,0.10591351985931396,95fa8be2e5439c7708acc429dde5034367ef928cf3096282e9a37a8ee6acad28,df254c3d6c7df282cb71dd6b01f62ee8f945c8c41b1d2c1e9717bb364836b4e9
hopper-medium-replay-v2,10,0,hybrid,2,mart_hop,two_actor_polyak_target,10007,3252.787988364537,251.27694381666126,100.56806199500113,1000,0,1,206.4208221435547,204.9684600830078,1.452362060546875,204.99346923828125,204.20941162109375,0.7840576171875,0.13294045627117157,95fa8be2e5439c7708acc429dde5034367ef928cf3096282e9a37a8ee6acad28,df254c3d6c7df282cb71dd6b01f62ee8f945c8c41b1d2c1e9717bb364836b4e9
hopper-medium-replay-v2,10,0,hybrid,2,mart_hop,two_actor_polyak_target,10008,3249.083404249824,251.09173191757168,100.4542349305656,1000,0,1,207.60130310058594,206.43304443359375,1.1682586669921875,205.53506469726562,204.68373107910156,0.8513336181640625,0.13933703303337097,95fa8be2e5439c7708acc429dde5034367ef928cf3096282e9a37a8ee6acad28,df254c3d6c7df282cb71dd6b01f62ee8f945c8c41b1d2c1e9717bb364836b4e9
hopper-medium-replay-v2,10,0,hybrid,2,mart_hop,two_actor_polyak_target,10009,3294.3291475140045,251.1156656532558,101.8444557959822,1000,0,1,206.77757263183594,205.60903930664062,1.1685333251953125,205.1258544921875,204.34884643554688,0.777008056640625,0.13466587662696838,95fa8be2e5439c7708acc429dde5034367ef928cf3096282e9a37a8ee6acad28,df254c3d6c7df282cb71dd6b01f62ee8f945c8c41b1d2c1e9717bb364836b4e9
hopper-medium-replay-v2,10,1,hybrid,2,mart_hop,two_actor_polyak_target,10000,3224.5364013691174,249.38967889182035,99.7000036343982,1000,0,1,201.45347595214844,200.71058654785156,0.742889404296875,202.94857788085938,202.54885864257812,0.39971923828125,0.09174476563930511,e7f827ecf0e3aaed0fa772d58f597439b77fc47b3ae2565b7cd551ecc60b8db3,4000e5ce69f8f0ae9110dc7f51294a78e44c105a71977db512b1fc314329b1f2
hopper-medium-replay-v2,10,1,hybrid,2,mart_hop,two_actor_polyak_target,10001,3228.2970087967815,247.9586084980285,99.81555207134294,1000,0,1,201.95742797851562,201.18402099609375,0.773406982421875,204.0702362060547,203.6920166015625,0.3782196044921875,0.09264911711215973,e7f827ecf0e3aaed0fa772d58f597439b77fc47b3ae2565b7cd551ecc60b8db3,4000e5ce69f8f0ae9110dc7f51294a78e44c105a71977db512b1fc314329b1f2
hopper-medium-replay-v2,10,1,hybrid,2,mart_hop,two_actor_polyak_target,10002,3221.957579855627,249.7620483529121,99.62076675557611,1000,0,1,201.2848663330078,200.2972869873047,0.987579345703125,202.7962646484375,202.374267578125,0.4219970703125,0.12470298260450363,e7f827ecf0e3aaed0fa772d58f597439b77fc47b3ae2565b7cd551ecc60b8db3,4000e5ce69f8f0ae9110dc7f51294a78e44c105a71977db512b1fc314329b1f2
hopper-medium-replay-v2,10,1,hybrid,2,mart_hop,two_actor_polyak_target,10003,3223.206178600936,250.0193805504561,99.65913120498135,1000,0,1,200.64840698242188,199.61444091796875,1.033966064453125,202.15542602539062,201.6333465576172,0.5220794677734375,0.15847046673297882,e7f827ecf0e3aaed0fa772d58f597439b77fc47b3ae2565b7cd551ecc60b8db3,4000e5ce69f8f0ae9110dc7f51294a78e44c105a71977db512b1fc314329b1f2
hopper-medium-replay-v2,10,1,hybrid,2,mart_hop,two_actor_polyak_target,10004,3218.980934217136,251.76887004045022,99.52930633130106,1000,0,1,201.90333557128906,201.03070068359375,0.8726348876953125,203.52975463867188,203.1089324951172,0.4208221435546875,0.09872157871723175,e7f827ecf0e3aaed0fa772d58f597439b77fc47b3ae2565b7cd551ecc60b8db3,4000e5ce69f8f0ae9110dc7f51294a78e44c105a71977db512b1fc314329b1f2
hopper-medium-replay-v2,10,1,hybrid,2,mart_hop,two_actor_polyak_target,10005,3207.4579827250586,250.44397023795062,99.17525208354706,1000,0,1,201.7703094482422,200.92706298828125,0.8432464599609375,203.07342529296875,202.48532104492188,0.588104248046875,0.14526517689228058,e7f827ecf0e3aaed0fa772d58f597439b77fc47b3ae2565b7cd551ecc60b8db3,4000e5ce69f8f0ae9110dc7f51294a78e44c105a71977db512b1fc314329b1f2
hopper-medium-replay-v2,10,1,hybrid,2,mart_hop,two_actor_polyak_target,10006,3234.083680952621,246.7665229745386,99.99335338019539,970,1,0,202.59796142578125,201.9626007080078,0.6353607177734375,205.09103393554688,204.6639404296875,0.427093505859375,0.09588909149169922,e7f827ecf0e3aaed0fa772d58f597439b77fc47b3ae2565b7cd551ecc60b8db3,4000e5ce69f8f0ae9110dc7f51294a78e44c105a71977db512b1fc314329b1f2
hopper-medium-replay-v2,10,1,hybrid,2,mart_hop,two_actor_polyak_target,10007,3243.307513666851,250.68623270319492,100.27676489635866,1000,0,1,202.70965576171875,201.9882354736328,0.7214202880859375,204.51284790039062,204.28892517089844,0.2239227294921875,0.08615869283676147,e7f827ecf0e3aaed0fa772d58f597439b77fc47b3ae2565b7cd551ecc60b8db3,4000e5ce69f8f0ae9110dc7f51294a78e44c105a71977db512b1fc314329b1f2
hopper-medium-replay-v2,10,1,hybrid,2,mart_hop,two_actor_polyak_target,10008,2661.2516382568897,249.66952941044423,82.39251403747471,802,1,0,202.5704803466797,201.80136108398438,0.7691192626953125,205.07933044433594,204.77206420898438,0.3072662353515625,0.11996179819107056,e7f827ecf0e3aaed0fa772d58f597439b77fc47b3ae2565b7cd551ecc60b8db3,4000e5ce69f8f0ae9110dc7f51294a78e44c105a71977db512b1fc314329b1f2
hopper-medium-replay-v2,10,1,hybrid,2,mart_hop,two_actor_polyak_target,10009,1604.9884015708858,249.97017821787514,49.9377661413144,487,1,0,202.13348388671875,201.2495880126953,0.8838958740234375,204.25624084472656,203.87594604492188,0.3802947998046875,0.11973613500595093,e7f827ecf0e3aaed0fa772d58f597439b77fc47b3ae2565b7cd551ecc60b8db3,4000e5ce69f8f0ae9110dc7f51294a78e44c105a71977db512b1fc314329b1f2
hopper-medium-v2,10,0,hybrid,3,mart_hop,two_actor_polyak_target,10000,1560.0446199275607,238.23325862533056,48.55682334971386,482,1,0,217.94070434570312,217.592529296875,0.348175048828125,217.57598876953125,217.42269897460938,0.153289794921875,0.08654680848121643,c18b5784bbb5ff656afb5d80ca61d1b5a828853cc6108b710ad009500f1d0f3d,11d881d2cdb89c2d671efbb1858f595689221bb8c08588fb35a4307829be8480
hopper-medium-v2,10,0,hybrid,3,mart_hop,two_actor_polyak_target,10001,1378.487657644365,236.68897080510018,42.97830349307188,429,1,0,218.3137664794922,217.97108459472656,0.342681884765625,217.942626953125,217.73358154296875,0.20904541015625,0.08443896472454071,c18b5784bbb5ff656afb5d80ca61d1b5a828853cc6108b710ad009500f1d0f3d,11d881d2cdb89c2d671efbb1858f595689221bb8c08588fb35a4307829be8480
hopper-medium-v2,10,0,hybrid,3,mart_hop,two_actor_polyak_target,10002,1544.2811990134694,238.16103070147813,48.07247642370229,477,1,0,217.9351043701172,217.56527709960938,0.3698272705078125,217.55174255371094,217.3664093017578,0.185333251953125,0.08828745782375336,c18b5784bbb5ff656afb5d80ca61d1b5a828853cc6108b710ad009500f1d0f3d,11d881d2cdb89c2d671efbb1858f595689221bb8c08588fb35a4307829be8480
hopper-medium-v2,10,0,hybrid,3,mart_hop,two_actor_polyak_target,10003,1780.3613254795177,239.19194352074783,55.32627521328083,541,1,0,217.2113037109375,216.84483337402344,0.3664703369140625,216.9547576904297,216.74229431152344,0.21246337890625,0.09237119555473328,c18b5784bbb5ff656afb5d80ca61d1b5a828853cc6108b710ad009500f1d0f3d,11d881d2cdb89c2d671efbb1858f595689221bb8c08588fb35a4307829be8480
hopper-medium-v2,10,0,hybrid,3,mart_hop,two_actor_polyak_target,10004,1741.73029317257,238.1259275908105,54.139297979817655,533,1,0,217.99278259277344,217.6462860107422,0.34649658203125,217.60348510742188,217.4300079345703,0.1734771728515625,0.08239924162626266,c18b5784bbb5ff656afb5d80ca61d1b5a828853cc6108b710ad009500f1d0f3d,11d881d2cdb89c2d671efbb1858f595689221bb8c08588fb35a4307829be8480
hopper-medium-v2,10,0,hybrid,3,mart_hop,two_actor_polyak_target,10005,1563.1456084347171,238.04113999730913,48.6521043334054,483,1,0,217.8876190185547,217.54757690429688,0.3400421142578125,217.70590209960938,217.48216247558594,0.2237396240234375,0.08619293570518494,c18b5784bbb5ff656afb5d80ca61d1b5a828853cc6108b710ad009500f1d0f3d,11d881d2cdb89c2d671efbb1858f595689221bb8c08588fb35a4307829be8480
hopper-medium-v2,10,0,hybrid,3,mart_hop,two_actor_polyak_target,10006,1792.534506430637,238.0261821005468,55.70030841366227,547,1,0,218.81993103027344,218.464599609375,0.3553314208984375,218.61264038085938,218.31903076171875,0.293609619140625,0.07957891374826431,c18b5784bbb5ff656afb5d80ca61d1b5a828853cc6108b710ad009500f1d0f3d,11d881d2cdb89c2d671efbb1858f595689221bb8c08588fb35a4307829be8480
hopper-medium-v2,10,0,hybrid,3,mart_hop,two_actor_polyak_target,10007,1501.1421415673278,238.39769352991277,46.74698559408185,460,1,0,218.97520446777344,218.5846710205078,0.390533447265625,218.77047729492188,218.55654907226562,0.21392822265625,0.08198583871126175,c18b5784bbb5ff656afb5d80ca61d1b5a828853cc6108b710ad009500f1d0f3d,11d881d2cdb89c2d671efbb1858f595689221bb8c08588fb35a4307829be8480
hopper-medium-v2,10,0,hybrid,3,mart_hop,two_actor_polyak_target,10008,1779.9439758582207,238.03378494655408,55.31345172736055,542,1,0,218.89312744140625,218.5327911376953,0.3603363037109375,218.85507202148438,218.5796661376953,0.2754058837890625,0.08095694333314896,c18b5784bbb5ff656afb5d80ca61d1b5a828853cc6108b710ad009500f1d0f3d,11d881d2cdb89c2d671efbb1858f595689221bb8c08588fb35a4307829be8480
hopper-medium-v2,10,0,hybrid,3,mart_hop,two_actor_polyak_target,10009,2104.2381235342727,238.90827829976354,65.27771484045344,642,1,0,218.3535919189453,217.99868774414062,0.3549041748046875,218.15048217773438,217.90631103515625,0.244171142578125,0.08271276205778122,c18b5784bbb5ff656afb5d80ca61d1b5a828853cc6108b710ad009500f1d0f3d,11d881d2cdb89c2d671efbb1858f595689221bb8c08588fb35a4307829be8480
hopper-medium-v2,10,1,hybrid,3,mart_hop,two_actor_polyak_target,10000,1326.25061050361,235.9689572398848,41.37326780034803,418,1,0,220.57652282714844,220.33876037597656,0.237762451171875,218.87071228027344,218.64193725585938,0.2287750244140625,0.06840821355581284,6aa372aefdb40f3dac09e1f026d781d3bab7e63f4735743c358c1bda69a1acc3,6ebbfe48b0b39daa531a6300b8c744a704986b2a138644d5d4bcc99179fdfbde
hopper-medium-v2,10,1,hybrid,3,mart_hop,two_actor_polyak_target,10001,1424.021098360134,236.12632615246994,44.3773641513899,441,1,0,220.2996368408203,220.0738525390625,0.2257843017578125,219.2068634033203,218.9718475341797,0.235015869140625,0.06776857376098633,6aa372aefdb40f3dac09e1f026d781d3bab7e63f4735743c358c1bda69a1acc3,6ebbfe48b0b39daa531a6300b8c744a704986b2a138644d5d4bcc99179fdfbde
hopper-medium-v2,10,1,hybrid,3,mart_hop,two_actor_polyak_target,10002,1463.2743635266886,237.11869136848514,45.58346011386858,451,1,0,220.4311981201172,220.2039794921875,0.2272186279296875,218.81324768066406,218.6376495361328,0.17559814453125,0.0668252557516098,6aa372aefdb40f3dac09e1f026d781d3bab7e63f4735743c358c1bda69a1acc3,6ebbfe48b0b39daa531a6300b8c744a704986b2a138644d5d4bcc99179fdfbde
hopper-medium-v2,10,1,hybrid,3,mart_hop,two_actor_polyak_target,10003,1778.9531264964974,238.93335445041185,55.28300688641475,541,1,0,219.9441680908203,219.63075256347656,0.31341552734375,218.1989288330078,217.9329376220703,0.2659912109375,0.07543835788965225,6aa372aefdb40f3dac09e1f026d781d3bab7e63f4735743c358c1bda69a1acc3,6ebbfe48b0b39daa531a6300b8c744a704986b2a138644d5d4bcc99179fdfbde
hopper-medium-v2,10,1,hybrid,3,mart_hop,two_actor_polyak_target,10004,1496.9027717937263,237.36478781228502,46.61672670362523,460,1,0,220.29994201660156,220.06727600097656,0.232666015625,218.9690399169922,218.73155212402344,0.23748779296875,0.06877760589122772,6aa372aefdb40f3dac09e1f026d781d3bab7e63f4735743c358c1bda69a1acc3,6ebbfe48b0b39daa531a6300b8c744a704986b2a138644d5d4bcc99179fdfbde
hopper-medium-v2,10,1,hybrid,3,mart_hop,two_actor_polyak_target,10005,1566.9850935945365,238.10242732983096,48.770076367823584,485,1,0,220.78489685058594,220.48582458496094,0.299072265625,218.948974609375,218.7079315185547,0.2410430908203125,0.07192222028970718,6aa372aefdb40f3dac09e1f026d781d3bab7e63f4735743c358c1bda69a1acc3,6ebbfe48b0b39daa531a6300b8c744a704986b2a138644d5d4bcc99179fdfbde
hopper-medium-v2,10,1,hybrid,3,mart_hop,two_actor_polyak_target,10006,1522.9842631341623,236.5007186091165,47.418106697560745,468,1,0,220.90234375,220.62132263183594,0.2810211181640625,219.7304229736328,219.4641876220703,0.2662353515625,0.07601170986890793,6aa372aefdb40f3dac09e1f026d781d3bab7e63f4735743c358c1bda69a1acc3,6ebbfe48b0b39daa531a6300b8c744a704986b2a138644d5d4bcc99179fdfbde
hopper-medium-v2,10,1,hybrid,3,mart_hop,two_actor_polyak_target,10007,1531.4400234027316,236.84895662173977,47.67791841707851,470,1,0,221.33151245117188,221.1020050048828,0.2295074462890625,220.04014587402344,219.82362365722656,0.216522216796875,0.06708882749080658,6aa372aefdb40f3dac09e1f026d781d3bab7e63f4735743c358c1bda69a1acc3,6ebbfe48b0b39daa531a6300b8c744a704986b2a138644d5d4bcc99179fdfbde
hopper-medium-v2,10,1,hybrid,3,mart_hop,two_actor_polyak_target,10008,1520.888710780892,236.66098037264277,47.3537187486419,467,1,0,221.19500732421875,220.8905029296875,0.30450439453125,220.01593017578125,219.74888610839844,0.2670440673828125,0.07574761658906937,6aa372aefdb40f3dac09e1f026d781d3bab7e63f4735743c358c1bda69a1acc3,6ebbfe48b0b39daa531a6300b8c744a704986b2a138644d5d4bcc99179fdfbde
hopper-medium-v2,10,1,hybrid,3,mart_hop,two_actor_polyak_target,10009,1733.1843829206775,237.89497999305658,53.87671631159774,531,1,0,220.6088409423828,220.33436584472656,0.27447509765625,219.3713836669922,219.1134033203125,0.2579803466796875,0.07380368560552597,6aa372aefdb40f3dac09e1f026d781d3bab7e63f4735743c358c1bda69a1acc3,6ebbfe48b0b39daa531a6300b8c744a704986b2a138644d5d4bcc99179fdfbde
hopper-medium-v2,10,0,hybrid,,two_actor_deploy,mart_polyak_mu1,10000,1488.2999274682281,237.11032151702443,46.352395678861036,458,1,0,217.9370574951172,217.62161254882812,0.3154449462890625,217.65696716308594,217.39588928222656,0.261077880859375,0.09300176054239273,c18b5784bbb5ff656afb5d80ca61d1b5a828853cc6108b710ad009500f1d0f3d,11d881d2cdb89c2d671efbb1858f595689221bb8c08588fb35a4307829be8480
hopper-medium-v2,10,0,hybrid,,two_actor_deploy,mart_polyak_mu1,10001,1417.3328158324625,236.1706461774641,44.171859959106435,438,1,0,218.32766723632812,217.99412536621094,0.3335418701171875,218.03155517578125,217.71705627441406,0.3144989013671875,0.09028106182813644,c18b5784bbb5ff656afb5d80ca61d1b5a828853cc6108b710ad009500f1d0f3d,11d881d2cdb89c2d671efbb1858f595689221bb8c08588fb35a4307829be8480
hopper-medium-v2,10,0,hybrid,,two_actor_deploy,mart_polyak_mu1,10002,1577.3726131067224,237.2005198793462,49.08924332860143,491,1,0,217.9224090576172,217.5447998046875,0.3776092529296875,217.62620544433594,217.32672119140625,0.2994842529296875,0.0961470678448677,c18b5784bbb5ff656afb5d80ca61d1b5a828853cc6108b710ad009500f1d0f3d,11d881d2cdb89c2d671efbb1858f595689221bb8c08588fb35a4307829be8480
hopper-medium-v2,10,0,hybrid,,two_actor_deploy,mart_polyak_mu1,10003,2121.1115512917745,239.03674845167268,65.79616784060892,650,1,0,217.1749725341797,216.86985778808594,0.30511474609375,216.97450256347656,216.7178955078125,0.2566070556640625,0.09115441888570786,c18b5784bbb5ff656afb5d80ca61d1b5a828853cc6108b710ad009500f1d0f3d,11d881d2cdb89c2d671efbb1858f595689221bb8c08588fb35a4307829be8480
hopper-medium-v2,10,0,hybrid,,two_actor_deploy,mart_polyak_mu1,10004,1570.2093729785674,237.80429426507422,48.869145587428186,486,1,0,217.9801025390625,217.65415954589844,0.3259429931640625,217.6840057373047,217.40992736816406,0.274078369140625,0.08720102161169052,c18b5784bbb5ff656afb5d80ca61d1b5a828853cc6108b710ad009500f1d0f3d,11d881d2cdb89c2d671efbb1858f595689221bb8c08588fb35a4307829be8480
hopper-medium-v2,10,0,hybrid,,two_actor_deploy,mart_polyak_mu1,10005,1386.2983553678753,237.0289709176431,43.21829501857926,430,1,0,217.8541717529297,217.60897827148438,0.2451934814453125,217.744140625,217.4819793701172,0.2621612548828125,0.08036739379167557,c18b5784bbb5ff656afb5d80ca61d1b5a828853cc6108b710ad009500f1d0f3d,11d881d2cdb89c2d671efbb1858f595689221bb8c08588fb35a4307829be8480
hopper-medium-v2,10,0,hybrid,,two_actor_deploy,mart_polyak_mu1,10006,1417.4233805774813,236.66177282864572,44.1746426517779,438,1,0,218.82859802246094,218.45626831054688,0.3723297119140625,218.71974182128906,218.27914428710938,0.4405975341796875,0.09759379178285599,c18b5784bbb5ff656afb5d80ca61d1b5a828853cc6108b710ad009500f1d0f3d,11d881d2cdb89c2d671efbb1858f595689221bb8c08588fb35a4307829be8480
hopper-medium-v2,10,0,hybrid,,two_actor_deploy,mart_polyak_mu1,10007,1491.5318883361979,236.9869649427795,46.451700919767944,458,1,0,219.023681640625,218.62322998046875,0.40045166015625,218.86729431152344,218.55206298828125,0.3152313232421875,0.08755834400653839,c18b5784bbb5ff656afb5d80ca61d1b5a828853cc6108b710ad009500f1d0f3d,11d881d2cdb89c2d671efbb1858f595689221bb8c08588fb35a4307829be8480
hopper-medium-v2,10,0,hybrid,,two_actor_deploy,mart_polyak_mu1,10008,1373.6043733530162,236.16318283314945,42.82825968289606,428,1,0,218.91624450683594,218.51364135742188,0.4026031494140625,218.92323303222656,218.53976440429688,0.3834686279296875,0.09977023303508759,c18b5784bbb5ff656afb5d80ca61d1b5a828853cc6108b710ad009500f1d0f3d,11d881d2cdb89c2d671efbb1858f595689221bb8c08588fb35a4307829be8480
hopper-medium-v2,10,0,hybrid,,two_actor_deploy,mart_polyak_mu1,10009,1460.2891823975974,237.54613864808033,45.49173742807958,449,1,0,218.3741912841797,217.96755981445312,0.4066314697265625,218.22427368164062,217.8509521484375,0.373321533203125,0.10124418884515762,c18b5784bbb5ff656afb5d80ca61d1b5a828853cc6108b710ad009500f1d0f3d,11d881d2cdb89c2d671efbb1858f595689221bb8c08588fb35a4307829be8480
hopper-medium-replay-v2,10,0,hybrid,3,mart_hop,mart_polyak_mu1,10000,3250.8932437899603,251.9241647816447,100.50984406659111,1000,0,1,206.0521240234375,203.97494506835938,2.077178955078125,204.19309997558594,202.984130859375,1.2089691162109375,0.1856587678194046,95fa8be2e5439c7708acc429dde5034367ef928cf3096282e9a37a8ee6acad28,df254c3d6c7df282cb71dd6b01f62ee8f945c8c41b1d2c1e9717bb364836b4e9
hopper-medium-replay-v2,10,0,hybrid,3,mart_hop,mart_polyak_mu1,10001,3218.9003129348357,251.61715996484523,99.52682916149978,1000,0,1,206.48143005371094,205.0565185546875,1.4249114990234375,205.23545837402344,204.15037536621094,1.0850830078125,0.1615966558456421,95fa8be2e5439c7708acc429dde5034367ef928cf3096282e9a37a8ee6acad28,df254c3d6c7df282cb71dd6b01f62ee8f945c8c41b1d2c1e9717bb364836b4e9
hopper-medium-replay-v2,10,0,hybrid,3,mart_hop,mart_polyak_mu1,10002,3243.8151480770975,251.7334506854181,100.29236247301925,1000,0,1,206.1141815185547,203.92056274414062,2.1936187744140625,204.02169799804688,202.56527709960938,1.4564208984375,0.20419801771640778,95fa8be2e5439c7708acc429dde5034367ef928cf3096282e9a37a8ee6acad28,df254c3d6c7df282cb71dd6b01f62ee8f945c8c41b1d2c1e9717bb364836b4e9
hopper-medium-replay-v2,10,0,hybrid,3,mart_hop,mart_polyak_mu1,10003,1600.0493282467487,251.92599220993134,49.78600815712247,481,1,0,206.66433715820312,204.73605346679688,1.92828369140625,203.6724853515625,202.24624633789062,1.426239013671875,0.1919204592704773,95fa8be2e5439c7708acc429dde5034367ef928cf3096282e9a37a8ee6acad28,df254c3d6c7df282cb71dd6b01f62ee8f945c8c41b1d2c1e9717bb364836b4e9
hopper-medium-replay-v2,10,0,hybrid,3,mart_hop,mart_polyak_mu1,10004,3238.6079991033107,253.5278241056994,100.13236759548074,1000,0,1,206.61122131347656,204.33670043945312,2.2745208740234375,204.68963623046875,203.40956115722656,1.2800750732421875,0.1912330985069275,95fa8be2e5439c7708acc429dde5034367ef928cf3096282e9a37a8ee6acad28,df254c3d6c7df282cb71dd6b01f62ee8f945c8c41b1d2c1e9717bb364836b4e9
hopper-medium-replay-v2,10,0,hybrid,3,mart_hop,mart_polyak_mu1,10005,2075.6324670236368,251.6170973695875,64.39877733869048,621,1,0,207.35977172851562,205.15975952148438,2.20001220703125,204.54583740234375,203.194091796875,1.35174560546875,0.18491248786449432,95fa8be2e5439c7708acc429dde5034367ef928cf3096282e9a37a8ee6acad28,df254c3d6c7df282cb71dd6b01f62ee8f945c8c41b1d2c1e9717bb364836b4e9
hopper-medium-replay-v2,10,0,hybrid,3,mart_hop,mart_polyak_mu1,10006,2707.3808345267394,251.02683052198827,83.80987988302626,802,1,0,207.59954833984375,206.5588836669922,1.0406646728515625,206.32015991210938,205.315673828125,1.004486083984375,0.16698595881462097,95fa8be2e5439c7708acc429dde5034367ef928cf3096282e9a37a8ee6acad28,df254c3d6c7df282cb71dd6b01f62ee8f945c8c41b1d2c1e9717bb364836b4e9
hopper-medium-replay-v2,10,0,hybrid,3,mart_hop,mart_polyak_mu1,10007,3245.134486780604,253.69207237008777,100.33290047862691,1000,0,1,207.48963928222656,205.21975708007812,2.2698822021484375,205.8609619140625,204.18008422851562,1.680877685546875,0.19300419092178345,95fa8be2e5439c7708acc429dde5034367ef928cf3096282e9a37a8ee6acad28,df254c3d6c7df282cb71dd6b01f62ee8f945c8c41b1d2c1e9717bb364836b4e9
hopper-medium-replay-v2,10,0,hybrid,3,mart_hop,mart_polyak_mu1,10008,1824.7412795565433,252.56410530064196,56.689893837111825,542,1,0,208.11407470703125,206.78521728515625,1.328857421875,206.38079833984375,204.90029907226562,1.480499267578125,0.18701539933681488,95fa8be2e5439c7708acc429dde5034367ef928cf3096282e9a37a8ee6acad28,df254c3d6c7df282cb71dd6b01f62ee8f945c8c41b1d2c1e9717bb364836b4e9
hopper-medium-replay-v2,10,0,hybrid,3,mart_hop,mart_polyak_mu1,10009,3229.490583840241,251.67997129769526,99.85222586229317,1000,0,1,207.52081298828125,205.8719482421875,1.64886474609375,205.77244567871094,204.50762939453125,1.2648162841796875,0.19254045188426971,95fa8be2e5439c7708acc429dde5034367ef928cf3096282e9a37a8ee6acad28,df254c3d6c7df282cb71dd6b01f62ee8f945c8c41b1d2c1e9717bb364836b4e9
hopper-medium-v2,10,1,hybrid,,two_actor_deploy,mart_polyak_mu1,10000,1483.6299172598733,237.22064370411647,46.2089049289035,457,1,0,220.6815643310547,220.3599853515625,0.3215789794921875,218.96434020996094,218.65110778808594,0.313232421875,0.09447547793388367,6aa372aefdb40f3dac09e1f026d781d3bab7e63f4735743c358c1bda69a1acc3,6ebbfe48b0b39daa531a6300b8c744a704986b2a138644d5d4bcc99179fdfbde
hopper-medium-v2,10,1,hybrid,,two_actor_deploy,mart_polyak_mu1,10001,1373.9643259309214,235.88613208401773,42.83931958706081,429,1,0,220.40525817871094,220.05043029785156,0.354827880859375,219.29286193847656,218.953125,0.3397369384765625,0.10447145998477936,6aa372aefdb40f3dac09e1f026d781d3bab7e63f4735743c358c1bda69a1acc3,6ebbfe48b0b39daa531a6300b8c744a704986b2a138644d5d4bcc99179fdfbde
hopper-medium-v2,10,1,hybrid,,two_actor_deploy,mart_polyak_mu1,10002,1445.3849402362396,236.85849015246328,45.033789631422536,447,1,0,220.5066375732422,220.20497131347656,0.301666259765625,218.8708953857422,218.63258361816406,0.238311767578125,0.08779358118772507,6aa372aefdb40f3dac09e1f026d781d3bab7e63f4735743c358c1bda69a1acc3,6ebbfe48b0b39daa531a6300b8c744a704986b2a138644d5d4bcc99179fdfbde
hopper-medium-v2,10,1,hybrid,,two_actor_deploy,mart_polyak_mu1,10003,1732.913296155331,238.71238862296968,53.86838689869976,530,1,0,220.0009002685547,219.65185546875,0.3490447998046875,218.2539520263672,217.95188903808594,0.30206298828125,0.08591487258672714,6aa372aefdb40f3dac09e1f026d781d3bab7e63f4735743c358c1bda69a1acc3,6ebbfe48b0b39daa531a6300b8c744a704986b2a138644d5d4bcc99179fdfbde
hopper-medium-v2,10,1,hybrid,,two_actor_deploy,mart_polyak_mu1,10004,1507.4550945606247,237.36983952343292,46.94095740978244,463,1,0,220.38954162597656,220.08445739746094,0.305084228515625,219.04112243652344,218.73941040039062,0.3017120361328125,0.09356014430522919,6aa372aefdb40f3dac09e1f026d781d3bab7e63f4735743c358c1bda69a1acc3,6ebbfe48b0b39daa531a6300b8c744a704986b2a138644d5d4bcc99179fdfbde
hopper-medium-v2,10,1,hybrid,,two_actor_deploy,mart_polyak_mu1,10005,2233.116229574685,239.02822406481116,69.237623976361,680,1,0,220.8363494873047,220.53916931152344,0.29718017578125,219.00096130371094,218.7505340576172,0.25042724609375,0.07539041340351105,6aa372aefdb40f3dac09e1f026d781d3bab7e63f4735743c358c1bda69a1acc3,6ebbfe48b0b39daa531a6300b8c744a704986b2a138644d5d4bcc99179fdfbde
hopper-medium-v2,10,1,hybrid,,two_actor_deploy,mart_polyak_mu1,10006,1588.7725853380462,237.2149232519789,49.43951891516038,496,1,0,220.99781799316406,220.62400817871094,0.373809814453125,219.80274963378906,219.4640350341797,0.338714599609375,0.10623729228973389,6aa372aefdb40f3dac09e1f026d781d3bab7e63f4735743c358c1bda69a1acc3,6ebbfe48b0b39daa531a6300b8c744a704986b2a138644d5d4bcc99179fdfbde
hopper-medium-v2,10,1,hybrid,,two_actor_deploy,mart_polyak_mu1,10007,2214.0576063403564,238.6540175283969,68.65202865235948,676,1,0,221.42051696777344,221.12289428710938,0.2976226806640625,220.11595153808594,219.83888244628906,0.277069091796875,0.09050426632165909,6aa372aefdb40f3dac09e1f026d781d3bab7e63f4735743c358c1bda69a1acc3,6ebbfe48b0b39daa531a6300b8c744a704986b2a138644d5d4bcc99179fdfbde
hopper-medium-v2,10,1,hybrid,,two_actor_deploy,mart_polyak_mu1,10008,2290.4857838769367,238.04746427094972,71.00036110203845,696,1,0,221.2458953857422,220.9065399169922,0.33935546875,220.04505920410156,219.75863647460938,0.2864227294921875,0.08713948726654053,6aa372aefdb40f3dac09e1f026d781d3bab7e63f4735743c358c1bda69a1acc3,6ebbfe48b0b39daa531a6300b8c744a704986b2a138644d5d4bcc99179fdfbde
hopper-medium-v2,10,1,hybrid,,two_actor_deploy,mart_polyak_mu1,10009,1483.734650075967,237.02680801507034,46.21212294977625,457,1,0,220.67481994628906,220.3411407470703,0.33367919921875,219.4206085205078,219.1166534423828,0.303955078125,0.09157396852970123,6aa372aefdb40f3dac09e1f026d781d3bab7e63f4735743c358c1bda69a1acc3,6ebbfe48b0b39daa531a6300b8c744a704986b2a138644d5d4bcc99179fdfbde
hopper-medium-replay-v2,10,1,hybrid,3,mart_hop,mart_polyak_mu1,10000,3276.7226043576898,251.29927131411958,101.30347708952465,978,1,0,201.9398193359375,200.89683532714844,1.0429840087890625,203.15386962890625,202.62890625,0.52496337890625,0.1591893881559372,e7f827ecf0e3aaed0fa772d58f597439b77fc47b3ae2565b7cd551ecc60b8db3,4000e5ce69f8f0ae9110dc7f51294a78e44c105a71977db512b1fc314329b1f2
hopper-medium-replay-v2,10,1,hybrid,3,mart_hop,mart_polyak_mu1,10001,1866.134891332225,249.54380168788362,57.96175409697112,553,1,0,202.4625701904297,201.4237823486328,1.038787841796875,204.3023681640625,203.78990173339844,0.5124664306640625,0.14733463525772095,e7f827ecf0e3aaed0fa772d58f597439b77fc47b3ae2565b7cd551ecc60b8db3,4000e5ce69f8f0ae9110dc7f51294a78e44c105a71977db512b1fc314329b1f2
hopper-medium-replay-v2,10,1,hybrid,3,mart_hop,mart_polyak_mu1,10002,3245.5825718630786,250.67795611809248,100.34666834243457,1000,0,1,201.72438049316406,200.56146240234375,1.1629180908203125,202.99929809570312,202.36878967285156,0.6305084228515625,0.16318097710609436,e7f827ecf0e3aaed0fa772d58f597439b77fc47b3ae2565b7cd551ecc60b8db3,4000e5ce69f8f0ae9110dc7f51294a78e44c105a71977db512b1fc314329b1f2
hopper-medium-replay-v2,10,1,hybrid,3,mart_hop,mart_polyak_mu1,10003,3252.7706876848993,250.53162347657266,100.56753041425819,1000,0,1,201.1319580078125,200.09197998046875,1.03997802734375,202.3030548095703,201.80474853515625,0.4983062744140625,0.17601853609085083,e7f827ecf0e3aaed0fa772d58f597439b77fc47b3ae2565b7cd551ecc60b8db3,4000e5ce69f8f0ae9110dc7f51294a78e44c105a71977db512b1fc314329b1f2
hopper-medium-replay-v2,10,1,hybrid,3,mart_hop,mart_polyak_mu1,10004,1868.4485948327617,250.51862163188824,58.0328449588021,557,1,0,202.38406372070312,201.21798706054688,1.16607666015625,203.751953125,203.18238830566406,0.5695648193359375,0.15648365020751953,e7f827ecf0e3aaed0fa772d58f597439b77fc47b3ae2565b7cd551ecc60b8db3,4000e5ce69f8f0ae9110dc7f51294a78e44c105a71977db512b1fc314329b1f2
hopper-medium-replay-v2,10,1,hybrid,3,mart_hop,mart_polyak_mu1,10005,1867.8803783187361,250.24147931743443,58.0153859362094,559,1,0,202.1234893798828,201.0713348388672,1.052154541015625,203.1251220703125,202.5450439453125,0.580078125,0.16192984580993652,e7f827ecf0e3aaed0fa772d58f597439b77fc47b3ae2565b7cd551ecc60b8db3,4000e5ce69f8f0ae9110dc7f51294a78e44c105a71977db512b1fc314329b1f2
hopper-medium-replay-v2,10,1,hybrid,3,mart_hop,mart_polyak_mu1,10006,3248.6881429733025,249.05600999417723,100.44209013120395,1000,0,1,203.08470153808594,202.15005493164062,0.9346466064453125,205.29685974121094,204.79513549804688,0.5017242431640625,0.1390157788991928,e7f827ecf0e3aaed0fa772d58f597439b77fc47b3ae2565b7cd551ecc60b8db3,4000e5ce69f8f0ae9110dc7f51294a78e44c105a71977db512b1fc314329b1f2
hopper-medium-replay-v2,10,1,hybrid,3,mart_hop,mart_polyak_mu1,10007,1768.6825345869509,249.95198179928633,54.96743264356362,526,1,0,203.1759033203125,202.11021423339844,1.0656890869140625,204.65916442871094,204.29615783691406,0.363006591796875,0.13912314176559448,e7f827ecf0e3aaed0fa772d58f597439b77fc47b3ae2565b7cd551ecc60b8db3,4000e5ce69f8f0ae9110dc7f51294a78e44c105a71977db512b1fc314329b1f2
hopper-medium-replay-v2,10,1,hybrid,3,mart_hop,mart_polyak_mu1,10008,3254.94017958921,249.33562054117806,100.6341902300803,1000,0,1,202.860107421875,202.02984619140625,0.83026123046875,205.14791870117188,204.86265563964844,0.2852630615234375,0.13904045522212982,e7f827ecf0e3aaed0fa772d58f597439b77fc47b3ae2565b7cd551ecc60b8db3,4000e5ce69f8f0ae9110dc7f51294a78e44c105a71977db512b1fc314329b1f2
hopper-medium-replay-v2,10,1,hybrid,3,mart_hop,mart_polyak_mu1,10009,3241.8878861077987,248.9696427673362,100.23314541502555,1000,0,1,202.53822326660156,201.54148864746094,0.996734619140625,204.35386657714844,203.9894256591797,0.36444091796875,0.14770729839801788,e7f827ecf0e3aaed0fa772d58f597439b77fc47b3ae2565b7cd551ecc60b8db3,4000e5ce69f8f0ae9110dc7f51294a78e44c105a71977db512b1fc314329b1f2
hopper-medium-v2,10,1,hybrid,,two_actor_deploy,two_actor_polyak_target,10000,1505.5774655476516,237.39387134087372,46.88326537417799,462,1,0,220.6815643310547,220.33876037597656,0.342803955078125,218.96434020996094,218.64193725585938,0.3224029541015625,0.10217062383890152,6aa372aefdb40f3dac09e1f026d781d3bab7e63f4735743c358c1bda69a1acc3,6ebbfe48b0b39daa531a6300b8c744a704986b2a138644d5d4bcc99179fdfbde
hopper-medium-v2,10,1,hybrid,,two_actor_deploy,two_actor_polyak_target,10001,1403.513840035246,235.93073609198808,43.74725806054095,436,1,0,220.40525817871094,220.0738525390625,0.3314056396484375,219.29286193847656,218.9718475341797,0.321014404296875,0.10194859653711319,6aa372aefdb40f3dac09e1f026d781d3bab7e63f4735743c358c1bda69a1acc3,6ebbfe48b0b39daa531a6300b8c744a704986b2a138644d5d4bcc99179fdfbde
hopper-medium-v2,10,1,hybrid,,two_actor_deploy,two_actor_polyak_target,10002,1369.2072097266373,236.42057872107011,42.69315241796839,427,1,0,220.5066375732422,220.2039794921875,0.3026580810546875,218.8708953857422,218.6376495361328,0.233245849609375,0.09033289551734924,6aa372aefdb40f3dac09e1f026d781d3bab7e63f4735743c358c1bda69a1acc3,6ebbfe48b0b39daa531a6300b8c744a704986b2a138644d5d4bcc99179fdfbde
hopper-medium-v2,10,1,hybrid,,two_actor_deploy,two_actor_polyak_target,10003,1563.4070764146124,238.3497107547039,48.66013819946804,481,1,0,220.0009002685547,219.63075256347656,0.370147705078125,218.2539520263672,217.9329376220703,0.321014404296875,0.09164365381002426,6aa372aefdb40f3dac09e1f026d781d3bab7e63f4735743c358c1bda69a1acc3,6ebbfe48b0b39daa531a6300b8c744a704986b2a138644d5d4bcc99179fdfbde
hopper-medium-v2,10,1,hybrid,,two_actor_deploy,two_actor_polyak_target,10004,1515.1685172770042,237.48712228344394,47.17796006308129,465,1,0,220.38954162597656,220.06727600097656,0.322265625,219.04112243652344,218.73155212402344,0.3095703125,0.09891608357429504,6aa372aefdb40f3dac09e1f026d781d3bab7e63f4735743c358c1bda69a1acc3,6ebbfe48b0b39daa531a6300b8c744a704986b2a138644d5d4bcc99179fdfbde
hopper-medium-v2,10,1,hybrid,,two_actor_deploy,two_actor_polyak_target,10005,1727.300790780651,238.81322824128515,53.69593703897295,526,1,0,220.8363494873047,220.48582458496094,0.35052490234375,219.00096130371094,218.7079315185547,0.29302978515625,0.08896031975746155,6aa372aefdb40f3dac09e1f026d781d3bab7e63f4735743c358c1bda69a1acc3,6ebbfe48b0b39daa531a6300b8c744a704986b2a138644d5d4bcc99179fdfbde
hopper-medium-v2,10,1,hybrid,,two_actor_deploy,two_actor_polyak_target,10006,1516.3766961882193,236.48217817623348,47.21508257252312,466,1,0,220.99781799316406,220.62132263183594,0.376495361328125,219.80274963378906,219.4641876220703,0.33856201171875,0.108819879591465,6aa372aefdb40f3dac09e1f026d781d3bab7e63f4735743c358c1bda69a1acc3,6ebbfe48b0b39daa531a6300b8c744a704986b2a138644d5d4bcc99179fdfbde
hopper-medium-v2,10,1,hybrid,,two_actor_deploy,two_actor_polyak_target,10007,1512.2146099541646,236.79609874527256,47.08719829637229,465,1,0,221.42051696777344,221.1020050048828,0.318511962890625,220.11595153808594,219.82362365722656,0.292327880859375,0.09879197180271149,6aa372aefdb40f3dac09e1f026d781d3bab7e63f4735743c358c1bda69a1acc3,6ebbfe48b0b39daa531a6300b8c744a704986b2a138644d5d4bcc99179fdfbde
hopper-medium-v2,10,1,hybrid,,two_actor_deploy,two_actor_polyak_target,10008,1570.49868995636,236.65662185682754,48.87803514189739,492,1,0,221.2458953857422,220.8905029296875,0.3553924560546875,220.04505920410156,219.74888610839844,0.296173095703125,0.09142972528934479,6aa372aefdb40f3dac09e1f026d781d3bab7e63f4735743c358c1bda69a1acc3,6ebbfe48b0b39daa531a6300b8c744a704986b2a138644d5d4bcc99179fdfbde
hopper-medium-v2,10,1,hybrid,,two_actor_deploy,two_actor_polyak_target,10009,1851.1524192627915,238.19629762416207,57.50140260788557,570,1,0,220.67481994628906,220.33436584472656,0.3404541015625,219.4206085205078,219.1134033203125,0.3072052001953125,0.09442166984081268,6aa372aefdb40f3dac09e1f026d781d3bab7e63f4735743c358c1bda69a1acc3,6ebbfe48b0b39daa531a6300b8c744a704986b2a138644d5d4bcc99179fdfbde
hopper-medium-v2,10,0,hybrid,,two_actor_deploy,two_actor_polyak_target,10000,1718.5046946253758,238.87162797672147,53.4256681578127,524,1,0,217.9370574951172,217.592529296875,0.3445281982421875,217.65696716308594,217.42269897460938,0.2342681884765625,0.08946017175912857,c18b5784bbb5ff656afb5d80ca61d1b5a828853cc6108b710ad009500f1d0f3d,11d881d2cdb89c2d671efbb1858f595689221bb8c08588fb35a4307829be8480
hopper-medium-v2,10,0,hybrid,,two_actor_deploy,two_actor_polyak_target,10001,1441.4513964404684,237.29124596520845,44.912927551027884,445,1,0,218.32766723632812,217.97108459472656,0.3565826416015625,218.03155517578125,217.73358154296875,0.2979736328125,0.08754998445510864,c18b5784bbb5ff656afb5d80ca61d1b5a828853cc6108b710ad009500f1d0f3d,11d881d2cdb89c2d671efbb1858f595689221bb8c08588fb35a4307829be8480
hopper-medium-v2,10,0,hybrid,,two_actor_deploy,two_actor_polyak_target,10002,1578.7916817423127,238.18197266447635,49.132845636450305,490,1,0,217.9224090576172,217.56527709960938,0.3571319580078125,217.62620544433594,217.3664093017578,0.259796142578125,0.08869688957929611,c18b5784bbb5ff656afb5d80ca61d1b5a828853cc6108b710ad009500f1d0f3d,11d881d2cdb89c2d671efbb1858f595689221bb8c08588fb35a4307829be8480
hopper-medium-v2,10,0,hybrid,,two_actor_deploy,two_actor_polyak_target,10003,2705.6128971007392,240.04411894672316,83.75555823150592,820,1,0,217.1749725341797,216.84483337402344,0.33013916015625,216.97450256347656,216.74229431152344,0.232208251953125,0.08920811861753464,c18b5784bbb5ff656afb5d80ca61d1b5a828853cc6108b710ad009500f1d0f3d,11d881d2cdb89c2d671efbb1858f595689221bb8c08588fb35a4307829be8480
hopper-medium-v2,10,0,hybrid,,two_actor_deploy,two_actor_polyak_target,10004,1744.8271720461812,238.18794951136033,54.23445269089454,534,1,0,217.9801025390625,217.6462860107422,0.3338165283203125,217.6840057373047,217.4300079345703,0.253997802734375,0.08324869722127914,c18b5784bbb5ff656afb5d80ca61d1b5a828853cc6108b710ad009500f1d0f3d,11d881d2cdb89c2d671efbb1858f595689221bb8c08588fb35a4307829be8480
hopper-medium-v2,10,0,hybrid,,two_actor_deploy,two_actor_polyak_target,10005,1567.4772618262793,237.97972730304772,48.785198730629496,485,1,0,217.8541717529297,217.54757690429688,0.3065948486328125,217.744140625,217.48216247558594,0.2619781494140625,0.08479490131139755,c18b5784bbb5ff656afb5d80ca61d1b5a828853cc6108b710ad009500f1d0f3d,11d881d2cdb89c2d671efbb1858f595689221bb8c08588fb35a4307829be8480
hopper-medium-v2,10,0,hybrid,,two_actor_deploy,two_actor_polyak_target,10006,2427.4053688212025,238.52853233284026,75.20735274680592,738,1,0,218.82859802246094,218.464599609375,0.3639984130859375,218.71974182128906,218.31903076171875,0.4007110595703125,0.08920998871326447,c18b5784bbb5ff656afb5d80ca61d1b5a828853cc6108b710ad009500f1d0f3d,11d881d2cdb89c2d671efbb1858f595689221bb8c08588fb35a4307829be8480
hopper-medium-v2,10,0,hybrid,,two_actor_deploy,two_actor_polyak_target,10007,2142.5354316051125,240.0731669373943,66.45443806187346,654,1,0,219.023681640625,218.5846710205078,0.4390106201171875,218.86729431152344,218.55654907226562,0.3107452392578125,0.08750037848949432,c18b5784bbb5ff656afb5d80ca61d1b5a828853cc6108b710ad009500f1d0f3d,11d881d2cdb89c2d671efbb1858f595689221bb8c08588fb35a4307829be8480
hopper-medium-v2,10,0,hybrid,,two_actor_deploy,two_actor_polyak_target,10008,1769.909428705394,237.98447709223302,55.00513019652805,540,1,0,218.91624450683594,218.5327911376953,0.383453369140625,218.92323303222656,218.5796661376953,0.34356689453125,0.090723916888237,c18b5784bbb5ff656afb5d80ca61d1b5a828853cc6108b710ad009500f1d0f3d,11d881d2cdb89c2d671efbb1858f595689221bb8c08588fb35a4307829be8480
hopper-medium-v2,10,0,hybrid,,two_actor_deploy,two_actor_polyak_target,10009,2957.1368804623876,239.19192172482315,91.48388502194875,893,1,0,218.3741912841797,217.99868774414062,0.3755035400390625,218.22427368164062,217.90631103515625,0.317962646484375,0.0890912264585495,c18b5784bbb5ff656afb5d80ca61d1b5a828853cc6108b710ad009500f1d0f3d,11d881d2cdb89c2d671efbb1858f595689221bb8c08588fb35a4307829be8480
hopper-medium-replay-v2,10,0,hybrid,3,mart_hop,two_actor_polyak_target,10000,3241.1679089341665,251.4753383467858,100.21102339387622,1000,0,1,206.0521240234375,203.62477111816406,2.4273529052734375,204.19309997558594,202.79493713378906,1.398162841796875,0.2274724543094635,95fa8be2e5439c7708acc429dde5034367ef928cf3096282e9a37a8ee6acad28,df254c3d6c7df282cb71dd6b01f62ee8f945c8c41b1d2c1e9717bb364836b4e9
hopper-medium-replay-v2,10,0,hybrid,3,mart_hop,two_actor_polyak_target,10001,3241.5602049449335,250.70211714204285,100.22307708247193,1000,0,1,206.48143005371094,204.83758544921875,1.6438446044921875,205.23545837402344,204.00613403320312,1.2293243408203125,0.18813012540340424,95fa8be2e5439c7708acc429dde5034367ef928cf3096282e9a37a8ee6acad28,df254c3d6c7df282cb71dd6b01f62ee8f945c8c41b1d2c1e9717bb364836b4e9
hopper-medium-replay-v2,10,0,hybrid,3,mart_hop,two_actor_polyak_target,10002,3264.3039447367705,252.97273320361614,100.92190131067838,1000,0,1,206.1141815185547,203.58139038085938,2.5327911376953125,204.02169799804688,202.4891357421875,1.532562255859375,0.2372412383556366,95fa8be2e5439c7708acc429dde5034367ef928cf3096282e9a37a8ee6acad28,df254c3d6c7df282cb71dd6b01f62ee8f945c8c41b1d2c1e9717bb364836b4e9
hopper-medium-replay-v2,10,0,hybrid,3,mart_hop,two_actor_polyak_target,10003,1940.9234294377409,253.33017022810282,60.259706979769824,574,1,0,206.66433715820312,204.36367797851562,2.3006591796875,203.6724853515625,202.09555053710938,1.576934814453125,0.23012740910053253,95fa8be2e5439c7708acc429dde5034367ef928cf3096282e9a37a8ee6acad28,df254c3d6c7df282cb71dd6b01f62ee8f945c8c41b1d2c1e9717bb364836b4e9
hopper-medium-replay-v2,10,0,hybrid,3,mart_hop,two_actor_polyak_target,10004,3247.356544597283,252.0690945080345,100.4011754348559,1000,0,1,206.61122131347656,204.11862182617188,2.4925994873046875,204.68963623046875,203.35433959960938,1.335296630859375,0.21447521448135376,95fa8be2e5439c7708acc429dde5034367ef928cf3096282e9a37a8ee6acad28,df254c3d6c7df282cb71dd6b01f62ee8f945c8c41b1d2c1e9717bb364836b4e9
hopper-medium-replay-v2,10,0,hybrid,3,mart_hop,two_actor_polyak_target,10005,3260.6667649711176,252.78223797409044,100.81014531250727,1000,0,1,207.35977172851562,204.41094970703125,2.948822021484375,204.54583740234375,202.9736785888672,1.5721588134765625,0.24411681294441223,95fa8be2e5439c7708acc429dde5034367ef928cf3096282e9a37a8ee6acad28,df254c3d6c7df282cb71dd6b01f62ee8f945c8c41b1d2c1e9717bb364836b4e9
hopper-medium-replay-v2,10,0,hybrid,3,mart_hop,two_actor_polyak_target,10006,3247.7538812913904,250.077367846187,100.4133840035055,1000,0,1,207.59954833984375,206.35255432128906,1.2469940185546875,206.32015991210938,205.2091064453125,1.111053466796875,0.1941249668598175,95fa8be2e5439c7708acc429dde5034367ef928cf3096282e9a37a8ee6acad28,df254c3d6c7df282cb71dd6b01f62ee8f945c8c41b1d2c1e9717bb364836b4e9
hopper-medium-replay-v2,10,0,hybrid,3,mart_hop,two_actor_polyak_target,10007,1526.757329235595,250.91256711896747,47.53403793975918,461,1,0,207.48963928222656,204.9684600830078,2.52117919921875,205.8609619140625,204.20941162109375,1.65155029296875,0.21646684408187866,95fa8be2e5439c7708acc429dde5034367ef928cf3096282e9a37a8ee6acad28,df254c3d6c7df282cb71dd6b01f62ee8f945c8c41b1d2c1e9717bb364836b4e9
hopper-medium-replay-v2,10,0,hybrid,3,mart_hop,two_actor_polyak_target,10008,3252.230034755423,251.4646079941582,100.55091831046055,1000,0,1,208.11407470703125,206.43304443359375,1.6810302734375,206.38079833984375,204.68373107910156,1.6970672607421875,0.22942835092544556,95fa8be2e5439c7708acc429dde5034367ef928cf3096282e9a37a8ee6acad28,df254c3d6c7df282cb71dd6b01f62ee8f945c8c41b1d2c1e9717bb364836b4e9
hopper-medium-replay-v2,10,0,hybrid,3,mart_hop,two_actor_polyak_target,10009,3247.654562902465,250.62256926670054,100.41033234634081,1000,0,1,207.52081298828125,205.60903930664062,1.911773681640625,205.77244567871094,204.34884643554688,1.4235992431640625,0.22828912734985352,95fa8be2e5439c7708acc429dde5034367ef928cf3096282e9a37a8ee6acad28,df254c3d6c7df282cb71dd6b01f62ee8f945c8c41b1d2c1e9717bb364836b4e9
hopper-medium-replay-v2,10,1,hybrid,3,mart_hop,two_actor_polyak_target,10000,3237.7342996011553,250.48258613972996,100.10552230152881,1000,0,1,201.9398193359375,200.71058654785156,1.2292327880859375,203.15386962890625,202.54885864257812,0.605010986328125,0.1747354418039322,e7f827ecf0e3aaed0fa772d58f597439b77fc47b3ae2565b7cd551ecc60b8db3,4000e5ce69f8f0ae9110dc7f51294a78e44c105a71977db512b1fc314329b1f2
hopper-medium-replay-v2,10,1,hybrid,3,mart_hop,two_actor_polyak_target,10001,3206.6335715222344,247.16230798126492,99.14992122205237,1000,0,1,202.4625701904297,201.18402099609375,1.2785491943359375,204.3023681640625,203.6920166015625,0.6103515625,0.16373617947101593,e7f827ecf0e3aaed0fa772d58f597439b77fc47b3ae2565b7cd551ecc60b8db3,4000e5ce69f8f0ae9110dc7f51294a78e44c105a71977db512b1fc314329b1f2
hopper-medium-replay-v2,10,1,hybrid,3,mart_hop,two_actor_polyak_target,10002,3226.493984137556,250.74661449373977,99.76015232937206,1000,0,1,201.72438049316406,200.2972869873047,1.427093505859375,202.99929809570312,202.374267578125,0.625030517578125,0.19842581450939178,e7f827ecf0e3aaed0fa772d58f597439b77fc47b3ae2565b7cd551ecc60b8db3,4000e5ce69f8f0ae9110dc7f51294a78e44c105a71977db512b1fc314329b1f2
hopper-medium-replay-v2,10,1,hybrid,3,mart_hop,two_actor_polyak_target,10003,3228.870368040493,248.5354244339743,99.83316910946591,1000,0,1,201.1319580078125,199.61444091796875,1.51751708984375,202.3030548095703,201.6333465576172,0.669708251953125,0.23387393355369568,e7f827ecf0e3aaed0fa772d58f597439b77fc47b3ae2565b7cd551ecc60b8db3,4000e5ce69f8f0ae9110dc7f51294a78e44c105a71977db512b1fc314329b1f2
hopper-medium-replay-v2,10,1,hybrid,3,mart_hop,two_actor_polyak_target,10004,3250.9615428111606,252.20151254515625,100.51194262255483,1000,0,1,202.38406372070312,201.03070068359375,1.353363037109375,203.751953125,203.1089324951172,0.6430206298828125,0.17887932062149048,e7f827ecf0e3aaed0fa772d58f597439b77fc47b3ae2565b7cd551ecc60b8db3,4000e5ce69f8f0ae9110dc7f51294a78e44c105a71977db512b1fc314329b1f2
hopper-medium-replay-v2,10,1,hybrid,3,mart_hop,two_actor_polyak_target,10005,3204.517922529768,250.83008027859577,99.08491578372747,961,1,0,202.1234893798828,200.92706298828125,1.1964263916015625,203.1251220703125,202.48532104492188,0.639801025390625,0.2235257625579834,e7f827ecf0e3aaed0fa772d58f597439b77fc47b3ae2565b7cd551ecc60b8db3,4000e5ce69f8f0ae9110dc7f51294a78e44c105a71977db512b1fc314329b1f2
hopper-medium-replay-v2,10,1,hybrid,3,mart_hop,two_actor_polyak_target,10006,3207.7234220816945,247.34744938028516,99.1834079741453,1000,0,1,203.08470153808594,201.9626007080078,1.122100830078125,205.29685974121094,204.6639404296875,0.6329193115234375,0.16314594447612762,e7f827ecf0e3aaed0fa772d58f597439b77fc47b3ae2565b7cd551ecc60b8db3,4000e5ce69f8f0ae9110dc7f51294a78e44c105a71977db512b1fc314329b1f2
hopper-medium-replay-v2,10,1,hybrid,3,mart_hop,two_actor_polyak_target,10007,3218.4759391213847,251.0447182111129,99.51378985022686,1000,0,1,203.1759033203125,201.9882354736328,1.1876678466796875,204.65916442871094,204.28892517089844,0.3702392578125,0.16453292965888977,e7f827ecf0e3aaed0fa772d58f597439b77fc47b3ae2565b7cd551ecc60b8db3,4000e5ce69f8f0ae9110dc7f51294a78e44c105a71977db512b1fc314329b1f2
hopper-medium-replay-v2,10,1,hybrid,3,mart_hop,two_actor_polyak_target,10008,2391.752069787715,249.8659445451127,74.11186935629365,713,1,0,202.860107421875,201.80136108398438,1.058746337890625,205.14791870117188,204.77206420898438,0.3758544921875,0.19328340888023376,e7f827ecf0e3aaed0fa772d58f597439b77fc47b3ae2565b7cd551ecc60b8db3,4000e5ce69f8f0ae9110dc7f51294a78e44c105a71977db512b1fc314329b1f2
hopper-medium-replay-v2,10,1,hybrid,3,mart_hop,two_actor_polyak_target,10009,2040.610895930825,250.0772407335799,63.32270442308779,602,1,0,202.53822326660156,201.2495880126953,1.28863525390625,204.35386657714844,203.87594604492188,0.4779205322265625,0.18974024057388306,e7f827ecf0e3aaed0fa772d58f597439b77fc47b3ae2565b7cd551ecc60b8db3,4000e5ce69f8f0ae9110dc7f51294a78e44c105a71977db512b1fc314329b1f2
hopper-medium-v2,10,0,baseline,,mart_polyak_mu1,mart_polyak_mu1,10000,1397.7759233048573,237.1118265354659,43.57095481106102,433,1,0,217.62161254882812,217.62161254882812,0.0,217.39588928222656,217.39588928222656,0.0,0.0,c18b5784bbb5ff656afb5d80ca61d1b5a828853cc6108b710ad009500f1d0f3d,11d881d2cdb89c2d671efbb1858f595689221bb8c08588fb35a4307829be8480
hopper-medium-v2,10,0,baseline,,mart_polyak_mu1,mart_polyak_mu1,10001,1378.4608407845233,236.19559054676185,42.9774795181428,429,1,0,217.99412536621094,217.99412536621094,0.0,217.71705627441406,217.71705627441406,0.0,0.0,c18b5784bbb5ff656afb5d80ca61d1b5a828853cc6108b710ad009500f1d0f3d,11d881d2cdb89c2d671efbb1858f595689221bb8c08588fb35a4307829be8480
hopper-medium-v2,10,0,baseline,,mart_polyak_mu1,mart_polyak_mu1,10002,1432.8203853218984,237.64578321983325,44.64773107328148,441,1,0,217.5447998046875,217.5447998046875,0.0,217.32672119140625,217.32672119140625,0.0,0.0,c18b5784bbb5ff656afb5d80ca61d1b5a828853cc6108b710ad009500f1d0f3d,11d881d2cdb89c2d671efbb1858f595689221bb8c08588fb35a4307829be8480
hopper-medium-v2,10,0,baseline,,mart_polyak_mu1,mart_polyak_mu1,10003,1481.8661978594062,237.56431999385512,46.15471288045039,455,1,0,216.86985778808594,216.86985778808594,0.0,216.7178955078125,216.7178955078125,0.0,0.0,c18b5784bbb5ff656afb5d80ca61d1b5a828853cc6108b710ad009500f1d0f3d,11d881d2cdb89c2d671efbb1858f595689221bb8c08588fb35a4307829be8480
hopper-medium-v2,10,0,baseline,,mart_polyak_mu1,mart_polyak_mu1,10004,1345.4157687083623,236.12791249204454,41.96213651822254,422,1,0,217.65415954589844,217.65415954589844,0.0,217.40992736816406,217.40992736816406,0.0,0.0,c18b5784bbb5ff656afb5d80ca61d1b5a828853cc6108b710ad009500f1d0f3d,11d881d2cdb89c2d671efbb1858f595689221bb8c08588fb35a4307829be8480
hopper-medium-v2,10,0,baseline,,mart_polyak_mu1,mart_polyak_mu1,10005,1386.7657119644603,237.1753431597133,43.23265501899674,430,1,0,217.60897827148438,217.60897827148438,0.0,217.4819793701172,217.4819793701172,0.0,0.0,c18b5784bbb5ff656afb5d80ca61d1b5a828853cc6108b710ad009500f1d0f3d,11d881d2cdb89c2d671efbb1858f595689221bb8c08588fb35a4307829be8480
hopper-medium-v2,10,0,baseline,,mart_polyak_mu1,mart_polyak_mu1,10006,1291.5644353637504,235.13653772263984,40.30750026196607,412,1,0,218.45626831054688,218.45626831054688,0.0,218.27914428710938,218.27914428710938,0.0,0.0,c18b5784bbb5ff656afb5d80ca61d1b5a828853cc6108b710ad009500f1d0f3d,11d881d2cdb89c2d671efbb1858f595689221bb8c08588fb35a4307829be8480
hopper-medium-v2,10,0,baseline,,mart_polyak_mu1,mart_polyak_mu1,10007,2188.7826256227104,238.33723772981116,67.87542950663405,667,1,0,218.62322998046875,218.62322998046875,0.0,218.55206298828125,218.55206298828125,0.0,0.0,c18b5784bbb5ff656afb5d80ca61d1b5a828853cc6108b710ad009500f1d0f3d,11d881d2cdb89c2d671efbb1858f595689221bb8c08588fb35a4307829be8480
hopper-medium-v2,10,0,baseline,,mart_polyak_mu1,mart_polyak_mu1,10008,1403.4117672465818,236.4066792585586,43.74412177168028,435,1,0,218.51364135742188,218.51364135742188,0.0,218.53976440429688,218.53976440429688,0.0,0.0,c18b5784bbb5ff656afb5d80ca61d1b5a828853cc6108b710ad009500f1d0f3d,11d881d2cdb89c2d671efbb1858f595689221bb8c08588fb35a4307829be8480
hopper-medium-v2,10,0,baseline,,mart_polyak_mu1,mart_polyak_mu1,10009,1565.9417403781829,238.03780746629846,48.738018293257205,485,1,0,217.96755981445312,217.96755981445312,0.0,217.8509521484375,217.8509521484375,0.0,0.0,c18b5784bbb5ff656afb5d80ca61d1b5a828853cc6108b710ad009500f1d0f3d,11d881d2cdb89c2d671efbb1858f595689221bb8c08588fb35a4307829be8480
hopper-medium-v2,10,1,baseline,,mart_polyak_mu1,mart_polyak_mu1,10000,1928.5206837495186,239.2658855908129,59.87862017247512,592,1,0,220.3599853515625,220.3599853515625,0.0,218.65110778808594,218.65110778808594,0.0,0.0,6aa372aefdb40f3dac09e1f026d781d3bab7e63f4735743c358c1bda69a1acc3,6ebbfe48b0b39daa531a6300b8c744a704986b2a138644d5d4bcc99179fdfbde
hopper-medium-v2,10,1,baseline,,mart_polyak_mu1,mart_polyak_mu1,10001,1844.0928418652773,239.094410462795,57.28449000813571,560,1,0,220.05043029785156,220.05043029785156,0.0,218.953125,218.953125,0.0,0.0,6aa372aefdb40f3dac09e1f026d781d3bab7e63f4735743c358c1bda69a1acc3,6ebbfe48b0b39daa531a6300b8c744a704986b2a138644d5d4bcc99179fdfbde
hopper-medium-v2,10,1,baseline,,mart_polyak_mu1,mart_polyak_mu1,10002,1520.2451378311457,237.8569512309944,47.3339443239423,466,1,0,220.20497131347656,220.20497131347656,0.0,218.63258361816406,218.63258361816406,0.0,0.0,6aa372aefdb40f3dac09e1f026d781d3bab7e63f4735743c358c1bda69a1acc3,6ebbfe48b0b39daa531a6300b8c744a704986b2a138644d5d4bcc99179fdfbde
hopper-medium-v2,10,1,baseline,,mart_polyak_mu1,mart_polyak_mu1,10003,2434.8000051936224,238.69963299822842,75.43456036978789,742,1,0,219.65185546875,219.65185546875,0.0,217.95188903808594,217.95188903808594,0.0,0.0,6aa372aefdb40f3dac09e1f026d781d3bab7e63f4735743c358c1bda69a1acc3,6ebbfe48b0b39daa531a6300b8c744a704986b2a138644d5d4bcc99179fdfbde
hopper-medium-v2,10,1,baseline,,mart_polyak_mu1,mart_polyak_mu1,10004,1505.405239950075,236.9818256394927,46.87797356986588,463,1,0,220.08445739746094,220.08445739746094,0.0,218.73941040039062,218.73941040039062,0.0,0.0,6aa372aefdb40f3dac09e1f026d781d3bab7e63f4735743c358c1bda69a1acc3,6ebbfe48b0b39daa531a6300b8c744a704986b2a138644d5d4bcc99179fdfbde
hopper-medium-v2,10,1,baseline,,mart_polyak_mu1,mart_polyak_mu1,10005,1486.4947980415855,237.55752795410672,46.29693126579916,457,1,0,220.53916931152344,220.53916931152344,0.0,218.7505340576172,218.7505340576172,0.0,0.0,6aa372aefdb40f3dac09e1f026d781d3bab7e63f4735743c358c1bda69a1acc3,6ebbfe48b0b39daa531a6300b8c744a704986b2a138644d5d4bcc99179fdfbde
hopper-medium-v2,10,1,baseline,,mart_polyak_mu1,mart_polyak_mu1,10006,1981.5179372428322,238.00933292474744,61.50701396824035,607,1,0,220.62400817871094,220.62400817871094,0.0,219.4640350341797,219.4640350341797,0.0,0.0,6aa372aefdb40f3dac09e1f026d781d3bab7e63f4735743c358c1bda69a1acc3,6ebbfe48b0b39daa531a6300b8c744a704986b2a138644d5d4bcc99179fdfbde
hopper-medium-v2,10,1,baseline,,mart_polyak_mu1,mart_polyak_mu1,10007,1568.7978297093864,237.3642506660449,48.825774504013864,489,1,0,221.12289428710938,221.12289428710938,0.0,219.83888244628906,219.83888244628906,0.0,0.0,6aa372aefdb40f3dac09e1f026d781d3bab7e63f4735743c358c1bda69a1acc3,6ebbfe48b0b39daa531a6300b8c744a704986b2a138644d5d4bcc99179fdfbde
hopper-medium-v2,10,1,baseline,,mart_polyak_mu1,mart_polyak_mu1,10008,3012.8781327078755,238.5331043958407,93.19659093294827,910,1,0,220.9065399169922,220.9065399169922,0.0,219.75863647460938,219.75863647460938,0.0,0.0,6aa372aefdb40f3dac09e1f026d781d3bab7e63f4735743c358c1bda69a1acc3,6ebbfe48b0b39daa531a6300b8c744a704986b2a138644d5d4bcc99179fdfbde
hopper-medium-v2,10,1,baseline,,mart_polyak_mu1,mart_polyak_mu1,10009,1506.563743068801,237.09825664517552,46.91356974073436,463,1,0,220.3411407470703,220.3411407470703,0.0,219.1166534423828,219.1166534423828,0.0,0.0,6aa372aefdb40f3dac09e1f026d781d3bab7e63f4735743c358c1bda69a1acc3,6ebbfe48b0b39daa531a6300b8c744a704986b2a138644d5d4bcc99179fdfbde
hopper-medium-v2,10,0,baseline,,two_actor_polyak_target,two_actor_polyak_target,10000,1417.8577811399598,237.54809570236796,44.187990044976424,438,1,0,217.592529296875,217.592529296875,0.0,217.42269897460938,217.42269897460938,0.0,0.0,c18b5784bbb5ff656afb5d80ca61d1b5a828853cc6108b710ad009500f1d0f3d,11d881d2cdb89c2d671efbb1858f595689221bb8c08588fb35a4307829be8480
hopper-medium-v2,10,0,baseline,,two_actor_polyak_target,two_actor_polyak_target,10001,1404.1187038211567,236.9283307039257,43.76584310733747,435,1,0,217.97108459472656,217.97108459472656,0.0,217.73358154296875,217.73358154296875,0.0,0.0,c18b5784bbb5ff656afb5d80ca61d1b5a828853cc6108b710ad009500f1d0f3d,11d881d2cdb89c2d671efbb1858f595689221bb8c08588fb35a4307829be8480
hopper-medium-v2,10,0,baseline,,two_actor_polyak_target,two_actor_polyak_target,10002,1559.5271328969154,238.24054788481263,48.54092304140452,481,1,0,217.56527709960938,217.56527709960938,0.0,217.3664093017578,217.3664093017578,0.0,0.0,c18b5784bbb5ff656afb5d80ca61d1b5a828853cc6108b710ad009500f1d0f3d,11d881d2cdb89c2d671efbb1858f595689221bb8c08588fb35a4307829be8480
hopper-medium-v2,10,0,baseline,,two_actor_polyak_target,two_actor_polyak_target,10003,1984.214483274448,238.81668544530243,61.58986805101716,607,1,0,216.84483337402344,216.84483337402344,0.0,216.74229431152344,216.74229431152344,0.0,0.0,c18b5784bbb5ff656afb5d80ca61d1b5a828853cc6108b710ad009500f1d0f3d,11d881d2cdb89c2d671efbb1858f595689221bb8c08588fb35a4307829be8480
hopper-medium-v2,10,0,baseline,,two_actor_polyak_target,two_actor_polyak_target,10004,1736.7813762528199,237.9816729908605,53.987237541272556,532,1,0,217.6462860107422,217.6462860107422,0.0,217.4300079345703,217.4300079345703,0.0,0.0,c18b5784bbb5ff656afb5d80ca61d1b5a828853cc6108b710ad009500f1d0f3d,11d881d2cdb89c2d671efbb1858f595689221bb8c08588fb35a4307829be8480
hopper-medium-v2,10,0,baseline,,two_actor_polyak_target,two_actor_polyak_target,10005,1560.213496632956,238.00994756748594,48.56201225595312,481,1,0,217.54757690429688,217.54757690429688,0.0,217.48216247558594,217.48216247558594,0.0,0.0,c18b5784bbb5ff656afb5d80ca61d1b5a828853cc6108b710ad009500f1d0f3d,11d881d2cdb89c2d671efbb1858f595689221bb8c08588fb35a4307829be8480
hopper-medium-v2,10,0,baseline,,two_actor_polyak_target,two_actor_polyak_target,10006,1769.6560927123053,238.49951907995745,54.99734619392041,539,1,0,218.464599609375,218.464599609375,0.0,218.31903076171875,218.31903076171875,0.0,0.0,c18b5784bbb5ff656afb5d80ca61d1b5a828853cc6108b710ad009500f1d0f3d,11d881d2cdb89c2d671efbb1858f595689221bb8c08588fb35a4307829be8480
hopper-medium-v2,10,0,baseline,,two_actor_polyak_target,two_actor_polyak_target,10007,2224.453288119135,239.37274904062568,68.97144640696912,677,1,0,218.5846710205078,218.5846710205078,0.0,218.55654907226562,218.55654907226562,0.0,0.0,c18b5784bbb5ff656afb5d80ca61d1b5a828853cc6108b710ad009500f1d0f3d,11d881d2cdb89c2d671efbb1858f595689221bb8c08588fb35a4307829be8480
hopper-medium-v2,10,0,baseline,,two_actor_polyak_target,two_actor_polyak_target,10008,1764.7664509229846,237.9921857542786,54.84710704323973,539,1,0,218.5327911376953,218.5327911376953,0.0,218.5796661376953,218.5796661376953,0.0,0.0,c18b5784bbb5ff656afb5d80ca61d1b5a828853cc6108b710ad009500f1d0f3d,11d881d2cdb89c2d671efbb1858f595689221bb8c08588fb35a4307829be8480
hopper-medium-v2,10,0,baseline,,two_actor_polyak_target,two_actor_polyak_target,10009,2573.9830622681225,239.35387033903785,79.71109946712713,778,1,0,217.99868774414062,217.99868774414062,0.0,217.90631103515625,217.90631103515625,0.0,0.0,c18b5784bbb5ff656afb5d80ca61d1b5a828853cc6108b710ad009500f1d0f3d,11d881d2cdb89c2d671efbb1858f595689221bb8c08588fb35a4307829be8480
hopper-medium-v2,10,1,baseline,,two_actor_polyak_target,two_actor_polyak_target,10000,1924.446253691877,238.89368083272652,59.75342922030663,592,1,0,220.33876037597656,220.33876037597656,0.0,218.64193725585938,218.64193725585938,0.0,0.0,6aa372aefdb40f3dac09e1f026d781d3bab7e63f4735743c358c1bda69a1acc3,6ebbfe48b0b39daa531a6300b8c744a704986b2a138644d5d4bcc99179fdfbde
hopper-medium-v2,10,1,baseline,,two_actor_polyak_target,two_actor_polyak_target,10001,1506.8610872545723,237.30037481367694,46.92270593922393,462,1,0,220.0738525390625,220.0738525390625,0.0,218.9718475341797,218.9718475341797,0.0,0.0,6aa372aefdb40f3dac09e1f026d781d3bab7e63f4735743c358c1bda69a1acc3,6ebbfe48b0b39daa531a6300b8c744a704986b2a138644d5d4bcc99179fdfbde
hopper-medium-v2,10,1,baseline,,two_actor_polyak_target,two_actor_polyak_target,10002,2058.046667125998,239.4229544256275,63.85843598967139,622,1,0,220.2039794921875,220.2039794921875,0.0,218.6376495361328,218.6376495361328,0.0,0.0,6aa372aefdb40f3dac09e1f026d781d3bab7e63f4735743c358c1bda69a1acc3,6ebbfe48b0b39daa531a6300b8c744a704986b2a138644d5d4bcc99179fdfbde
hopper-medium-v2,10,1,baseline,,two_actor_polyak_target,two_actor_polyak_target,10003,1692.471513526623,238.50906870740064,52.62577254453171,520,1,0,219.63075256347656,219.63075256347656,0.0,217.9329376220703,217.9329376220703,0.0,0.0,6aa372aefdb40f3dac09e1f026d781d3bab7e63f4735743c358c1bda69a1acc3,6ebbfe48b0b39daa531a6300b8c744a704986b2a138644d5d4bcc99179fdfbde
hopper-medium-v2,10,1,baseline,,two_actor_polyak_target,two_actor_polyak_target,10004,1485.2464958033681,237.41009523958402,46.25857592687184,456,1,0,220.06727600097656,220.06727600097656,0.0,218.73155212402344,218.73155212402344,0.0,0.0,6aa372aefdb40f3dac09e1f026d781d3bab7e63f4735743c358c1bda69a1acc3,6ebbfe48b0b39daa531a6300b8c744a704986b2a138644d5d4bcc99179fdfbde
hopper-medium-v2,10,1,baseline,,two_actor_polyak_target,two_actor_polyak_target,10005,1561.2733252196058,238.13807172319272,48.59457655280471,482,1,0,220.48582458496094,220.48582458496094,0.0,218.7079315185547,218.7079315185547,0.0,0.0,6aa372aefdb40f3dac09e1f026d781d3bab7e63f4735743c358c1bda69a1acc3,6ebbfe48b0b39daa531a6300b8c744a704986b2a138644d5d4bcc99179fdfbde
hopper-medium-v2,10,1,baseline,,two_actor_polyak_target,two_actor_polyak_target,10006,1433.7696834162552,235.9460369578357,44.67689920984119,444,1,0,220.62132263183594,220.62132263183594,0.0,219.4641876220703,219.4641876220703,0.0,0.0,6aa372aefdb40f3dac09e1f026d781d3bab7e63f4735743c358c1bda69a1acc3,6ebbfe48b0b39daa531a6300b8c744a704986b2a138644d5d4bcc99179fdfbde
hopper-medium-v2,10,1,baseline,,two_actor_polyak_target,two_actor_polyak_target,10007,1543.6174684083094,236.92922314858234,48.05208263481211,474,1,0,221.1020050048828,221.1020050048828,0.0,219.82362365722656,219.82362365722656,0.0,0.0,6aa372aefdb40f3dac09e1f026d781d3bab7e63f4735743c358c1bda69a1acc3,6ebbfe48b0b39daa531a6300b8c744a704986b2a138644d5d4bcc99179fdfbde
hopper-medium-v2,10,1,baseline,,two_actor_polyak_target,two_actor_polyak_target,10008,1529.9929584288698,236.74592451349213,47.633455893642214,470,1,0,220.8905029296875,220.8905029296875,0.0,219.74888610839844,219.74888610839844,0.0,0.0,6aa372aefdb40f3dac09e1f026d781d3bab7e63f4735743c358c1bda69a1acc3,6ebbfe48b0b39daa531a6300b8c744a704986b2a138644d5d4bcc99179fdfbde
hopper-medium-v2,10,1,baseline,,two_actor_polyak_target,two_actor_polyak_target,10009,1532.801819321706,237.6365689558862,47.719760963236794,470,1,0,220.33436584472656,220.33436584472656,0.0,219.1134033203125,219.1134033203125,0.0,0.0,6aa372aefdb40f3dac09e1f026d781d3bab7e63f4735743c358c1bda69a1acc3,6ebbfe48b0b39daa531a6300b8c744a704986b2a138644d5d4bcc99179fdfbde
hopper-medium-replay-v2,10,1,hybrid,,two_actor_deploy,mart_polyak_mu1,10000,3260.082959592301,251.44937080025247,100.79220730640061,1000,0,1,202.1507110595703,200.89683532714844,1.253875732421875,203.4170684814453,202.62890625,0.7881622314453125,0.18031370639801025,e7f827ecf0e3aaed0fa772d58f597439b77fc47b3ae2565b7cd551ecc60b8db3,4000e5ce69f8f0ae9110dc7f51294a78e44c105a71977db512b1fc314329b1f2
hopper-medium-replay-v2,10,1,hybrid,,two_actor_deploy,mart_polyak_mu1,10001,2985.219731930064,249.6556248993818,92.34675881413746,891,1,0,202.4242706298828,201.4237823486328,1.00048828125,204.22291564941406,203.78990173339844,0.433013916015625,0.13009421527385712,e7f827ecf0e3aaed0fa772d58f597439b77fc47b3ae2565b7cd551ecc60b8db3,4000e5ce69f8f0ae9110dc7f51294a78e44c105a71977db512b1fc314329b1f2
hopper-medium-replay-v2,10,1,hybrid,,two_actor_deploy,mart_polyak_mu1,10002,2026.9731729956718,251.21468481791487,62.90367170059452,601,1,0,201.88636779785156,200.56146240234375,1.3249053955078125,203.36988830566406,202.36878967285156,1.0010986328125,0.21087896823883057,e7f827ecf0e3aaed0fa772d58f597439b77fc47b3ae2565b7cd551ecc60b8db3,4000e5ce69f8f0ae9110dc7f51294a78e44c105a71977db512b1fc314329b1f2
hopper-medium-replay-v2,10,1,hybrid,,two_actor_deploy,mart_polyak_mu1,10003,1868.65868472186,251.01776798776655,58.039300181467624,557,1,0,201.40403747558594,200.09197998046875,1.3120574951171875,202.66815185546875,201.80474853515625,0.8634033203125,0.20551468431949615,e7f827ecf0e3aaed0fa772d58f597439b77fc47b3ae2565b7cd551ecc60b8db3,4000e5ce69f8f0ae9110dc7f51294a78e44c105a71977db512b1fc314329b1f2
hopper-medium-replay-v2,10,1,hybrid,,two_actor_deploy,mart_polyak_mu1,10004,1871.3060910035078,250.69991467995328,58.12064439611544,554,1,0,202.5152130126953,201.21798706054688,1.2972259521484375,203.9087677001953,203.18238830566406,0.72637939453125,0.1807674914598465,e7f827ecf0e3aaed0fa772d58f597439b77fc47b3ae2565b7cd551ecc60b8db3,4000e5ce69f8f0ae9110dc7f51294a78e44c105a71977db512b1fc314329b1f2
hopper-medium-replay-v2,10,1,hybrid,,two_actor_deploy,mart_polyak_mu1,10005,3368.8459435760487,251.27012723061767,104.13405913180497,1000,0,1,202.5799102783203,201.0713348388672,1.508575439453125,203.71688842773438,202.5450439453125,1.171844482421875,0.22777359187602997,e7f827ecf0e3aaed0fa772d58f597439b77fc47b3ae2565b7cd551ecc60b8db3,4000e5ce69f8f0ae9110dc7f51294a78e44c105a71977db512b1fc314329b1f2
hopper-medium-replay-v2,10,1,hybrid,,two_actor_deploy,mart_polyak_mu1,10006,2307.23250798735,249.14644055687307,71.51492100549137,685,1,0,202.92604064941406,202.15005493164062,0.7759857177734375,205.16580200195312,204.79513549804688,0.37066650390625,0.1129656508564949,e7f827ecf0e3aaed0fa772d58f597439b77fc47b3ae2565b7cd551ecc60b8db3,4000e5ce69f8f0ae9110dc7f51294a78e44c105a71977db512b1fc314329b1f2
hopper-medium-replay-v2,10,1,hybrid,,two_actor_deploy,mart_polyak_mu1,10007,3273.0380013835693,250.09442852758727,101.19026396568471,1000,0,1,203.35630798339844,202.11021423339844,1.24609375,204.90902709960938,204.29615783691406,0.6128692626953125,0.15753498673439026,e7f827ecf0e3aaed0fa772d58f597439b77fc47b3ae2565b7cd551ecc60b8db3,4000e5ce69f8f0ae9110dc7f51294a78e44c105a71977db512b1fc314329b1f2
hopper-medium-replay-v2,10,1,hybrid,,two_actor_deploy,mart_polyak_mu1,10008,1875.7220633686516,249.271566855231,58.256329578416036,556,1,0,203.03587341308594,202.02984619140625,1.0060272216796875,205.23471069335938,204.86265563964844,0.3720550537109375,0.16289618611335754,e7f827ecf0e3aaed0fa772d58f597439b77fc47b3ae2565b7cd551ecc60b8db3,4000e5ce69f8f0ae9110dc7f51294a78e44c105a71977db512b1fc314329b1f2
hopper-medium-replay-v2,10,1,hybrid,,two_actor_deploy,mart_polyak_mu1,10009,1661.420059971577,249.49298239787882,51.67168547424781,499,1,0,202.70118713378906,201.54148864746094,1.159698486328125,204.44566345214844,203.9894256591797,0.45623779296875,0.16262122988700867,e7f827ecf0e3aaed0fa772d58f597439b77fc47b3ae2565b7cd551ecc60b8db3,4000e5ce69f8f0ae9110dc7f51294a78e44c105a71977db512b1fc314329b1f2
hopper-medium-replay-v2,10,0,hybrid,,two_actor_deploy,mart_polyak_mu1,10000,2468.727259938272,250.79444795917723,76.47700931745844,742,1,0,206.45103454589844,203.97494506835938,2.4760894775390625,204.46963500976562,202.984130859375,1.485504150390625,0.21996165812015533,95fa8be2e5439c7708acc429dde5034367ef928cf3096282e9a37a8ee6acad28,df254c3d6c7df282cb71dd6b01f62ee8f945c8c41b1d2c1e9717bb364836b4e9
hopper-medium-replay-v2,10,0,hybrid,,two_actor_deploy,mart_polyak_mu1,10001,3232.6632324726024,251.3392178095038,99.94970867524181,965,1,0,206.7178192138672,205.0565185546875,1.6613006591796875,205.5258331298828,204.15037536621094,1.375457763671875,0.22001861035823822,95fa8be2e5439c7708acc429dde5034367ef928cf3096282e9a37a8ee6acad28,df254c3d6c7df282cb71dd6b01f62ee8f945c8c41b1d2c1e9717bb364836b4e9
hopper-medium-replay-v2,10,0,hybrid,,two_actor_deploy,mart_polyak_mu1,10002,3236.98524303196,252.2719590716081,100.08250678676995,1000,0,1,206.4508819580078,203.92056274414062,2.5303192138671875,204.33407592773438,202.56527709960938,1.768798828125,0.2433544099330902,95fa8be2e5439c7708acc429dde5034367ef928cf3096282e9a37a8ee6acad28,df254c3d6c7df282cb71dd6b01f62ee8f945c8c41b1d2c1e9717bb364836b4e9
hopper-medium-replay-v2,10,0,hybrid,,two_actor_deploy,mart_polyak_mu1,10003,3251.3208180507945,251.06848886818076,100.5229817148215,1000,0,1,206.8723907470703,204.73605346679688,2.1363372802734375,204.2530517578125,202.24624633789062,2.006805419921875,0.24517987668514252,95fa8be2e5439c7708acc429dde5034367ef928cf3096282e9a37a8ee6acad28,df254c3d6c7df282cb71dd6b01f62ee8f945c8c41b1d2c1e9717bb364836b4e9
hopper-medium-replay-v2,10,0,hybrid,,two_actor_deploy,mart_polyak_mu1,10004,1305.7564161076577,249.11617335212094,40.743563111825154,399,1,0,207.01748657226562,204.33670043945312,2.6807861328125,204.94692993164062,203.40956115722656,1.5373687744140625,0.228192999958992,95fa8be2e5439c7708acc429dde5034367ef928cf3096282e9a37a8ee6acad28,df254c3d6c7df282cb71dd6b01f62ee8f945c8c41b1d2c1e9717bb364836b4e9
hopper-medium-replay-v2,10,0,hybrid,,two_actor_deploy,mart_polyak_mu1,10005,3230.876947095713,252.00456632466356,99.89482326451841,1000,0,1,207.56451416015625,205.15975952148438,2.404754638671875,204.85714721679688,203.194091796875,1.663055419921875,0.2195485681295395,95fa8be2e5439c7708acc429dde5034367ef928cf3096282e9a37a8ee6acad28,df254c3d6c7df282cb71dd6b01f62ee8f945c8c41b1d2c1e9717bb364836b4e9
hopper-medium-replay-v2,10,0,hybrid,,two_actor_deploy,mart_polyak_mu1,10006,3234.3232835235167,250.66999819050716,100.0007154096248,1000,0,1,207.7462615966797,206.5588836669922,1.1873779296875,206.71713256835938,205.315673828125,1.401458740234375,0.21583937108516693,95fa8be2e5439c7708acc429dde5034367ef928cf3096282e9a37a8ee6acad28,df254c3d6c7df282cb71dd6b01f62ee8f945c8c41b1d2c1e9717bb364836b4e9
hopper-medium-replay-v2,10,0,hybrid,,two_actor_deploy,mart_polyak_mu1,10007,3258.5646824594937,253.7504458935283,100.74555671792007,1000,0,1,207.7615203857422,205.21975708007812,2.5417633056640625,206.08912658691406,204.18008422851562,1.9090423583984375,0.21522623300552368,95fa8be2e5439c7708acc429dde5034367ef928cf3096282e9a37a8ee6acad28,df254c3d6c7df282cb71dd6b01f62ee8f945c8c41b1d2c1e9717bb364836b4e9
hopper-medium-replay-v2,10,0,hybrid,,two_actor_deploy,mart_polyak_mu1,10008,3234.026295017809,251.68376310127,99.99159013976212,1000,0,1,208.21571350097656,206.78521728515625,1.4304962158203125,206.777587890625,204.90029907226562,1.877288818359375,0.23771898448467255,95fa8be2e5439c7708acc429dde5034367ef928cf3096282e9a37a8ee6acad28,df254c3d6c7df282cb71dd6b01f62ee8f945c8c41b1d2c1e9717bb364836b4e9
hopper-medium-replay-v2,10,0,hybrid,,two_actor_deploy,mart_polyak_mu1,10009,3223.782697339111,252.3847521822077,99.67684532174223,1000,0,1,207.63319396972656,205.8719482421875,1.7612457275390625,206.10186767578125,204.50762939453125,1.59423828125,0.24084630608558655,95fa8be2e5439c7708acc429dde5034367ef928cf3096282e9a37a8ee6acad28,df254c3d6c7df282cb71dd6b01f62ee8f945c8c41b1d2c1e9717bb364836b4e9
hopper-expert-v2,10,0,hybrid,2,mart_hop,mart_polyak_mu1,10000,3543.4212731985676,266.31040165251875,109.49806131895316,1000,0,1,254.93121337890625,254.95199584960938,-0.020782470703125,254.10647583007812,254.1318359375,-0.025360107421875,0.047762177884578705,51f81441d59524dce5138520603a366434d87fa32a2e61090c2a9f51d6dcee11,28394e42e1aaf52023c81836c8240c82adc91d6ceecec2eaabb714f8c7adc1f2
hopper-expert-v2,10,0,hybrid,2,mart_hop,mart_polyak_mu1,10001,3619.0363362384614,265.8940469040579,111.82141000976966,1000,0,1,254.63302612304688,254.67955017089844,-0.0465240478515625,253.92532348632812,253.9732208251953,-0.0478973388671875,0.05455714836716652,51f81441d59524dce5138520603a366434d87fa32a2e61090c2a9f51d6dcee11,28394e42e1aaf52023c81836c8240c82adc91d6ceecec2eaabb714f8c7adc1f2
hopper-expert-v2,10,0,hybrid,2,mart_hop,mart_polyak_mu1,10002,3604.2219464951877,267.09042155511867,111.3662230188242,1000,0,1,254.98867797851562,254.9701385498047,0.0185394287109375,254.17636108398438,254.2089080810547,-0.0325469970703125,0.056682080030441284,51f81441d59524dce5138520603a366434d87fa32a2e61090c2a9f51d6dcee11,28394e42e1aaf52023c81836c8240c82adc91d6ceecec2eaabb714f8c7adc1f2
hopper-expert-v2,10,0,hybrid,2,mart_hop,mart_polyak_mu1,10003,3593.3241140581663,268.19895892407993,111.03137618133717,1000,0,1,254.96026611328125,254.96469116210938,-0.004425048828125,254.0377655029297,254.03916931152344,-0.00140380859375,0.04651481658220291,51f81441d59524dce5138520603a366434d87fa32a2e61090c2a9f51d6dcee11,28394e42e1aaf52023c81836c8240c82adc91d6ceecec2eaabb714f8c7adc1f2
hopper-expert-v2,10,0,hybrid,2,mart_hop,mart_polyak_mu1,10004,3670.2859055685726,267.89513960875917,113.39610445583794,1000,0,1,254.84097290039062,254.849853515625,-0.008880615234375,254.1851043701172,254.22073364257812,-0.0356292724609375,0.05398876592516899,51f81441d59524dce5138520603a366434d87fa32a2e61090c2a9f51d6dcee11,28394e42e1aaf52023c81836c8240c82adc91d6ceecec2eaabb714f8c7adc1f2
hopper-expert-v2,10,0,hybrid,2,mart_hop,mart_polyak_mu1,10005,3177.095976603157,267.5834029488499,98.24234897749973,846,1,0,254.906494140625,254.904052734375,0.00244140625,254.1729278564453,254.1887664794922,-0.015838623046875,0.05671749264001846,51f81441d59524dce5138520603a366434d87fa32a2e61090c2a9f51d6dcee11,28394e42e1aaf52023c81836c8240c82adc91d6ceecec2eaabb714f8c7adc1f2
hopper-expert-v2,10,0,hybrid,2,mart_hop,mart_polyak_mu1,10006,3659.399306246408,266.0731088263994,113.06160276707718,1000,0,1,254.629150390625,254.69644165039062,-0.067291259765625,254.0106964111328,254.0749969482422,-0.064300537109375,0.057876016944646835,51f81441d59524dce5138520603a366434d87fa32a2e61090c2a9f51d6dcee11,28394e42e1aaf52023c81836c8240c82adc91d6ceecec2eaabb714f8c7adc1f2
hopper-expert-v2,10,0,hybrid,2,mart_hop,mart_polyak_mu1,10007,3300.8272041221435,267.4370882595876,102.04411510599833,879,1,0,254.92050170898438,254.91238403320312,0.00811767578125,254.40089416503906,254.46730041503906,-0.06640625,0.06841816008090973,51f81441d59524dce5138520603a366434d87fa32a2e61090c2a9f51d6dcee11,28394e42e1aaf52023c81836c8240c82adc91d6ceecec2eaabb714f8c7adc1f2
hopper-expert-v2,10,0,hybrid,2,mart_hop,mart_polyak_mu1,10008,3473.662192076387,266.8160038341395,107.35464354897431,933,1,0,254.748779296875,254.72650146484375,0.02227783203125,254.12689208984375,254.1655731201172,-0.0386810302734375,0.06340047717094421,51f81441d59524dce5138520603a366434d87fa32a2e61090c2a9f51d6dcee11,28394e42e1aaf52023c81836c8240c82adc91d6ceecec2eaabb714f8c7adc1f2
hopper-expert-v2,10,0,hybrid,2,mart_hop,mart_polyak_mu1,10009,2808.140232670384,266.9725210942671,86.90581350197976,740,1,0,254.80471801757812,254.80076599121094,0.0039520263671875,254.11497497558594,254.12901306152344,-0.0140380859375,0.05338378623127937,51f81441d59524dce5138520603a366434d87fa32a2e61090c2a9f51d6dcee11,28394e42e1aaf52023c81836c8240c82adc91d6ceecec2eaabb714f8c7adc1f2
hopper-expert-v2,10,1,hybrid,2,mart_hop,mart_polyak_mu1,10000,3672.9067785292045,267.8041249993912,113.47663340757164,1000,0,1,252.44146728515625,252.42503356933594,0.0164337158203125,253.42144775390625,253.38095092773438,0.040496826171875,0.04987374693155289,7fb0cd4a9b7259187baae09587141fe05649f34ca4769f34127c62dbe9245319,a9fdf658b85802e247d396072781f85a8b64be515e302c64fd48a91fbbeb4f57
hopper-expert-v2,10,1,hybrid,2,mart_hop,mart_polyak_mu1,10001,3694.3270530809596,265.6861215684904,114.1347928381932,1000,0,1,252.3509979248047,252.3609619140625,-0.0099639892578125,253.35964965820312,253.32923889160156,0.0304107666015625,0.04037148505449295,7fb0cd4a9b7259187baae09587141fe05649f34ca4769f34127c62dbe9245319,a9fdf658b85802e247d396072781f85a8b64be515e302c64fd48a91fbbeb4f57
hopper-expert-v2,10,1,hybrid,2,mart_hop,mart_polyak_mu1,10002,3600.0536099460714,267.6054173928969,111.23814669547099,1000,0,1,252.47677612304688,252.51390075683594,-0.0371246337890625,253.4019317626953,253.3771209716797,0.024810791015625,0.048049431294202805,7fb0cd4a9b7259187baae09587141fe05649f34ca4769f34127c62dbe9245319,a9fdf658b85802e247d396072781f85a8b64be515e302c64fd48a91fbbeb4f57
hopper-expert-v2,10,1,hybrid,2,mart_hop,mart_polyak_mu1,10003,2933.951633000858,268.85517538805277,90.77149502754273,760,1,0,252.1774444580078,252.37989807128906,-0.20245361328125,253.17434692382812,253.23023986816406,-0.0558929443359375,0.0628531202673912,7fb0cd4a9b7259187baae09587141fe05649f34ca4769f34127c62dbe9245319,a9fdf658b85802e247d396072781f85a8b64be515e302c64fd48a91fbbeb4f57
hopper-expert-v2,10,1,hybrid,2,mart_hop,mart_polyak_mu1,10004,3573.8473318937563,266.9368712586773,110.43293250459084,1000,0,1,252.48768615722656,252.48899841308594,-0.001312255859375,253.61087036132812,253.58102416992188,0.02984619140625,0.04265039041638374,7fb0cd4a9b7259187baae09587141fe05649f34ca4769f34127c62dbe9245319,a9fdf658b85802e247d396072781f85a8b64be515e302c64fd48a91fbbeb4f57
hopper-expert-v2,10,1,hybrid,2,mart_hop,mart_polyak_mu1,10005,3583.2393362766675,268.30786632030214,110.7215112640328,1000,0,1,252.32875061035156,252.3365936279297,-0.007843017578125,253.484619140625,253.4761199951172,0.0084991455078125,0.053389765322208405,7fb0cd4a9b7259187baae09587141fe05649f34ca4769f34127c62dbe9245319,a9fdf658b85802e247d396072781f85a8b64be515e302c64fd48a91fbbeb4f57
hopper-expert-v2,10,1,hybrid,2,mart_hop,mart_polyak_mu1,10006,3592.9064906338026,266.73698594359246,111.01854428254289,1000,0,1,252.45619201660156,252.4609832763672,-0.004791259765625,253.57151794433594,253.54122924804688,0.0302886962890625,0.03883042186498642,7fb0cd4a9b7259187baae09587141fe05649f34ca4769f34127c62dbe9245319,a9fdf658b85802e247d396072781f85a8b64be515e302c64fd48a91fbbeb4f57
hopper-expert-v2,10,1,hybrid,2,mart_hop,mart_polyak_mu1,10007,3562.5888949873242,267.2070010333955,110.08700573291839,1000,0,1,252.78237915039062,252.7550048828125,0.027374267578125,253.93994140625,253.90054321289062,0.039398193359375,0.05315593257546425,7fb0cd4a9b7259187baae09587141fe05649f34ca4769f34127c62dbe9245319,a9fdf658b85802e247d396072781f85a8b64be515e302c64fd48a91fbbeb4f57
hopper-expert-v2,10,1,hybrid,2,mart_hop,mart_polyak_mu1,10008,2497.154551621235,267.7226756555958,77.35046638090392,656,1,0,252.45693969726562,252.49691772460938,-0.03997802734375,253.5546875,253.5657958984375,-0.0111083984375,0.04595496132969856,7fb0cd4a9b7259187baae09587141fe05649f34ca4769f34127c62dbe9245319,a9fdf658b85802e247d396072781f85a8b64be515e302c64fd48a91fbbeb4f57
hopper-expert-v2,10,1,hybrid,2,mart_hop,mart_polyak_mu1,10009,3618.026134845871,267.36972239155847,111.79037055825592,1000,0,1,252.41998291015625,252.47801208496094,-0.0580291748046875,253.44993591308594,253.4505615234375,-0.0006256103515625,0.04354259371757507,7fb0cd4a9b7259187baae09587141fe05649f34ca4769f34127c62dbe9245319,a9fdf658b85802e247d396072781f85a8b64be515e302c64fd48a91fbbeb4f57
hopper-medium-replay-v2,10,1,hybrid,,two_actor_deploy,two_actor_polyak_target,10000,3217.7175695808683,247.90616157102008,99.49048818507869,1000,0,1,202.1507110595703,200.71058654785156,1.44012451171875,203.4170684814453,202.54885864257812,0.8682098388671875,0.1942935287952423,e7f827ecf0e3aaed0fa772d58f597439b77fc47b3ae2565b7cd551ecc60b8db3,4000e5ce69f8f0ae9110dc7f51294a78e44c105a71977db512b1fc314329b1f2
hopper-medium-replay-v2,10,1,hybrid,,two_actor_deploy,two_actor_polyak_target,10001,3253.8148444599897,246.6913786112279,100.59961317897313,1000,0,1,202.4242706298828,201.18402099609375,1.2402496337890625,204.22291564941406,203.6920166015625,0.5308990478515625,0.15401379764080048,e7f827ecf0e3aaed0fa772d58f597439b77fc47b3ae2565b7cd551ecc60b8db3,4000e5ce69f8f0ae9110dc7f51294a78e44c105a71977db512b1fc314329b1f2
hopper-medium-replay-v2,10,1,hybrid,,two_actor_deploy,two_actor_polyak_target,10002,3222.406062292169,250.6949891995683,99.63454682848622,1000,0,1,201.88636779785156,200.2972869873047,1.589080810546875,203.36988830566406,202.374267578125,0.9956207275390625,0.22047175467014313,e7f827ecf0e3aaed0fa772d58f597439b77fc47b3ae2565b7cd551ecc60b8db3,4000e5ce69f8f0ae9110dc7f51294a78e44c105a71977db512b1fc314329b1f2
hopper-medium-replay-v2,10,1,hybrid,,two_actor_deploy,two_actor_polyak_target,10003,3244.277051176083,254.90814829502355,100.30655490925045,1000,0,1,201.40403747558594,199.61444091796875,1.7895965576171875,202.66815185546875,201.6333465576172,1.0348052978515625,0.23652277886867523,e7f827ecf0e3aaed0fa772d58f597439b77fc47b3ae2565b7cd551ecc60b8db3,4000e5ce69f8f0ae9110dc7f51294a78e44c105a71977db512b1fc314329b1f2
hopper-medium-replay-v2,10,1,hybrid,,two_actor_deploy,two_actor_polyak_target,10004,3238.1000694736126,251.96420305852936,100.11676094790624,1000,0,1,202.5152130126953,201.03070068359375,1.4845123291015625,203.9087677001953,203.1089324951172,0.799835205078125,0.19541677832603455,e7f827ecf0e3aaed0fa772d58f597439b77fc47b3ae2565b7cd551ecc60b8db3,4000e5ce69f8f0ae9110dc7f51294a78e44c105a71977db512b1fc314329b1f2
hopper-medium-replay-v2,10,1,hybrid,,two_actor_deploy,two_actor_polyak_target,10005,3221.5874829595873,254.24279410908423,99.60939515705695,1000,0,1,202.5799102783203,200.92706298828125,1.6528472900390625,203.71688842773438,202.48532104492188,1.2315673828125,0.22064544260501862,e7f827ecf0e3aaed0fa772d58f597439b77fc47b3ae2565b7cd551ecc60b8db3,4000e5ce69f8f0ae9110dc7f51294a78e44c105a71977db512b1fc314329b1f2
hopper-medium-replay-v2,10,1,hybrid,,two_actor_deploy,two_actor_polyak_target,10006,3200.1379690210747,246.5410545208758,98.95033731693586,1000,0,1,202.92604064941406,201.9626007080078,0.96343994140625,205.16580200195312,204.6639404296875,0.501861572265625,0.13915890455245972,e7f827ecf0e3aaed0fa772d58f597439b77fc47b3ae2565b7cd551ecc60b8db3,4000e5ce69f8f0ae9110dc7f51294a78e44c105a71977db512b1fc314329b1f2
hopper-medium-replay-v2,10,1,hybrid,,two_actor_deploy,two_actor_polyak_target,10007,3223.2442307317383,249.80551013968605,99.66030039488516,1000,0,1,203.35630798339844,201.9882354736328,1.368072509765625,204.90902709960938,204.28892517089844,0.6201019287109375,0.16419318318367004,e7f827ecf0e3aaed0fa772d58f597439b77fc47b3ae2565b7cd551ecc60b8db3,4000e5ce69f8f0ae9110dc7f51294a78e44c105a71977db512b1fc314329b1f2
hopper-medium-replay-v2,10,1,hybrid,,two_actor_deploy,two_actor_polyak_target,10008,3243.869120200105,250.59454547142082,100.2940208206591,1000,0,1,203.03587341308594,201.80136108398438,1.2345123291015625,205.23471069335938,204.77206420898438,0.462646484375,0.17169468104839325,e7f827ecf0e3aaed0fa772d58f597439b77fc47b3ae2565b7cd551ecc60b8db3,4000e5ce69f8f0ae9110dc7f51294a78e44c105a71977db512b1fc314329b1f2
hopper-medium-replay-v2,10,1,hybrid,,two_actor_deploy,two_actor_polyak_target,10009,3233.6482882836094,249.21581352575444,99.97997550352808,1000,0,1,202.70118713378906,201.2495880126953,1.45159912109375,204.44566345214844,203.87594604492188,0.5697174072265625,0.18396508693695068,e7f827ecf0e3aaed0fa772d58f597439b77fc47b3ae2565b7cd551ecc60b8db3,4000e5ce69f8f0ae9110dc7f51294a78e44c105a71977db512b1fc314329b1f2
hopper-medium-replay-v2,10,0,hybrid,,two_actor_deploy,two_actor_polyak_target,10000,3234.8912308088265,251.7068745437352,100.01816615989505,1000,0,1,206.45103454589844,203.62477111816406,2.826263427734375,204.46963500976562,202.79493713378906,1.6746978759765625,0.24175146222114563,95fa8be2e5439c7708acc429dde5034367ef928cf3096282e9a37a8ee6acad28,df254c3d6c7df282cb71dd6b01f62ee8f945c8c41b1d2c1e9717bb364836b4e9
hopper-medium-replay-v2,10,0,hybrid,,two_actor_deploy,two_actor_polyak_target,10001,3234.9342274141763,250.07738255933046,100.01948727374106,1000,0,1,206.7178192138672,204.83758544921875,1.8802337646484375,205.5258331298828,204.00613403320312,1.5196990966796875,0.225813627243042,95fa8be2e5439c7708acc429dde5034367ef928cf3096282e9a37a8ee6acad28,df254c3d6c7df282cb71dd6b01f62ee8f945c8c41b1d2c1e9717bb364836b4e9
hopper-medium-replay-v2,10,0,hybrid,,two_actor_deploy,two_actor_polyak_target,10002,3280.0163441903105,252.99235568564714,101.404680551115,1000,0,1,206.4508819580078,203.58139038085938,2.8694915771484375,204.33407592773438,202.4891357421875,1.844940185546875,0.24756352603435516,95fa8be2e5439c7708acc429dde5034367ef928cf3096282e9a37a8ee6acad28,df254c3d6c7df282cb71dd6b01f62ee8f945c8c41b1d2c1e9717bb364836b4e9
hopper-medium-replay-v2,10,0,hybrid,,two_actor_deploy,two_actor_polyak_target,10003,3243.6287743110474,251.02720667555408,100.28663595203324,1000,0,1,206.8723907470703,204.36367797851562,2.5087127685546875,204.2530517578125,202.09555053710938,2.157501220703125,0.24826914072036743,95fa8be2e5439c7708acc429dde5034367ef928cf3096282e9a37a8ee6acad28,df254c3d6c7df282cb71dd6b01f62ee8f945c8c41b1d2c1e9717bb364836b4e9
hopper-medium-replay-v2,10,0,hybrid,,two_actor_deploy,two_actor_polyak_target,10004,2917.5014030317834,250.14357465280293,90.26604520411118,865,1,0,207.01748657226562,204.11862182617188,2.89886474609375,204.94692993164062,203.35433959960938,1.59259033203125,0.23516309261322021,95fa8be2e5439c7708acc429dde5034367ef928cf3096282e9a37a8ee6acad28,df254c3d6c7df282cb71dd6b01f62ee8f945c8c41b1d2c1e9717bb364836b4e9
hopper-medium-replay-v2,10,0,hybrid,,two_actor_deploy,two_actor_polyak_target,10005,3254.328651872499,253.1492655822805,100.61540042732278,1000,0,1,207.56451416015625,204.41094970703125,3.153564453125,204.85714721679688,202.9736785888672,1.8834686279296875,0.2517309784889221,95fa8be2e5439c7708acc429dde5034367ef928cf3096282e9a37a8ee6acad28,df254c3d6c7df282cb71dd6b01f62ee8f945c8c41b1d2c1e9717bb364836b4e9
hopper-medium-replay-v2,10,0,hybrid,,two_actor_deploy,two_actor_polyak_target,10006,2826.051930182841,251.03438744572986,87.45616838224895,838,1,0,207.7462615966797,206.35255432128906,1.393707275390625,206.71713256835938,205.2091064453125,1.508026123046875,0.2240988314151764,95fa8be2e5439c7708acc429dde5034367ef928cf3096282e9a37a8ee6acad28,df254c3d6c7df282cb71dd6b01f62ee8f945c8c41b1d2c1e9717bb364836b4e9
hopper-medium-replay-v2,10,0,hybrid,,two_actor_deploy,two_actor_polyak_target,10007,2634.1012635342727,251.62140471017716,81.55829152900853,785,1,0,207.7615203857422,204.9684600830078,2.793060302734375,206.08912658691406,204.20941162109375,1.8797149658203125,0.22664664685726166,95fa8be2e5439c7708acc429dde5034367ef928cf3096282e9a37a8ee6acad28,df254c3d6c7df282cb71dd6b01f62ee8f945c8c41b1d2c1e9717bb364836b4e9
hopper-medium-replay-v2,10,0,hybrid,,two_actor_deploy,two_actor_polyak_target,10008,3252.1704406407334,252.50409249260557,100.54908722148464,1000,0,1,208.21571350097656,206.43304443359375,1.7826690673828125,206.777587890625,204.68373107910156,2.0938568115234375,0.23782974481582642,95fa8be2e5439c7708acc429dde5034367ef928cf3096282e9a37a8ee6acad28,df254c3d6c7df282cb71dd6b01f62ee8f945c8c41b1d2c1e9717bb364836b4e9
hopper-medium-replay-v2,10,0,hybrid,,two_actor_deploy,two_actor_polyak_target,10009,2264.872042512833,251.1681839890638,70.2133531955079,683,1,0,207.63319396972656,205.60903930664062,2.0241546630859375,206.10186767578125,204.34884643554688,1.753021240234375,0.23995092511177063,95fa8be2e5439c7708acc429dde5034367ef928cf3096282e9a37a8ee6acad28,df254c3d6c7df282cb71dd6b01f62ee8f945c8c41b1d2c1e9717bb364836b4e9
hopper-medium-replay-v2,10,1,baseline,,mart_polyak_mu1,mart_polyak_mu1,10000,1878.3508597154926,250.48096791139568,58.337101984142045,555,1,0,200.89683532714844,200.89683532714844,0.0,202.62890625,202.62890625,0.0,0.0,e7f827ecf0e3aaed0fa772d58f597439b77fc47b3ae2565b7cd551ecc60b8db3,4000e5ce69f8f0ae9110dc7f51294a78e44c105a71977db512b1fc314329b1f2
hopper-medium-replay-v2,10,1,baseline,,mart_polyak_mu1,mart_polyak_mu1,10001,3257.480636246949,248.97944114516142,100.71224831021073,1000,0,1,201.4237823486328,201.4237823486328,0.0,203.78990173339844,203.78990173339844,0.0,0.0,e7f827ecf0e3aaed0fa772d58f597439b77fc47b3ae2565b7cd551ecc60b8db3,4000e5ce69f8f0ae9110dc7f51294a78e44c105a71977db512b1fc314329b1f2
hopper-medium-replay-v2,10,1,baseline,,mart_polyak_mu1,mart_polyak_mu1,10002,3257.369937168616,255.19033733113986,100.7088469699436,1000,0,1,200.56146240234375,200.56146240234375,0.0,202.36878967285156,202.36878967285156,0.0,0.0,e7f827ecf0e3aaed0fa772d58f597439b77fc47b3ae2565b7cd551ecc60b8db3,4000e5ce69f8f0ae9110dc7f51294a78e44c105a71977db512b1fc314329b1f2
hopper-medium-replay-v2,10,1,baseline,,mart_polyak_mu1,mart_polyak_mu1,10003,1869.4349444107988,250.17374306444097,58.06315153937865,557,1,0,200.09197998046875,200.09197998046875,0.0,201.80474853515625,201.80474853515625,0.0,0.0,e7f827ecf0e3aaed0fa772d58f597439b77fc47b3ae2565b7cd551ecc60b8db3,4000e5ce69f8f0ae9110dc7f51294a78e44c105a71977db512b1fc314329b1f2
hopper-medium-replay-v2,10,1,baseline,,mart_polyak_mu1,mart_polyak_mu1,10004,2173.4446877429095,250.46363873042296,67.40415597381879,649,1,0,201.21798706054688,201.21798706054688,0.0,203.18238830566406,203.18238830566406,0.0,0.0,e7f827ecf0e3aaed0fa772d58f597439b77fc47b3ae2565b7cd551ecc60b8db3,4000e5ce69f8f0ae9110dc7f51294a78e44c105a71977db512b1fc314329b1f2
hopper-medium-replay-v2,10,1,baseline,,mart_polyak_mu1,mart_polyak_mu1,10005,3255.2360389686996,250.01242293053494,100.64328080640689,1000,0,1,201.0713348388672,201.0713348388672,0.0,202.5450439453125,202.5450439453125,0.0,0.0,e7f827ecf0e3aaed0fa772d58f597439b77fc47b3ae2565b7cd551ecc60b8db3,4000e5ce69f8f0ae9110dc7f51294a78e44c105a71977db512b1fc314329b1f2
hopper-medium-replay-v2,10,1,baseline,,mart_polyak_mu1,mart_polyak_mu1,10006,2141.4852780129404,249.32664410660607,66.42217103893596,631,1,0,202.15005493164062,202.15005493164062,0.0,204.79513549804688,204.79513549804688,0.0,0.0,e7f827ecf0e3aaed0fa772d58f597439b77fc47b3ae2565b7cd551ecc60b8db3,4000e5ce69f8f0ae9110dc7f51294a78e44c105a71977db512b1fc314329b1f2
hopper-medium-replay-v2,10,1,baseline,,mart_polyak_mu1,mart_polyak_mu1,10007,3236.161836623701,249.170247525455,100.05720679859658,1000,0,1,202.11021423339844,202.11021423339844,0.0,204.29615783691406,204.29615783691406,0.0,0.0,e7f827ecf0e3aaed0fa772d58f597439b77fc47b3ae2565b7cd551ecc60b8db3,4000e5ce69f8f0ae9110dc7f51294a78e44c105a71977db512b1fc314329b1f2
hopper-medium-replay-v2,10,1,baseline,,mart_polyak_mu1,mart_polyak_mu1,10008,2221.5972208860107,248.0696167824603,68.88369087519813,665,1,0,202.02984619140625,202.02984619140625,0.0,204.86265563964844,204.86265563964844,0.0,0.0,e7f827ecf0e3aaed0fa772d58f597439b77fc47b3ae2565b7cd551ecc60b8db3,4000e5ce69f8f0ae9110dc7f51294a78e44c105a71977db512b1fc314329b1f2
hopper-medium-replay-v2,10,1,baseline,,mart_polyak_mu1,mart_polyak_mu1,10009,1664.1618355708256,249.17100246010196,51.755929280877524,501,1,0,201.54148864746094,201.54148864746094,0.0,203.9894256591797,203.9894256591797,0.0,0.0,e7f827ecf0e3aaed0fa772d58f597439b77fc47b3ae2565b7cd551ecc60b8db3,4000e5ce69f8f0ae9110dc7f51294a78e44c105a71977db512b1fc314329b1f2
hopper-expert-v2,10,1,hybrid,2,mart_hop,two_actor_polyak_target,10000,3203.3033592872966,267.4925723071512,99.04759710930117,856,1,0,252.44146728515625,252.38929748535156,0.0521697998046875,253.42144775390625,253.39328002929688,0.028167724609375,0.05034155398607254,7fb0cd4a9b7259187baae09587141fe05649f34ca4769f34127c62dbe9245319,a9fdf658b85802e247d396072781f85a8b64be515e302c64fd48a91fbbeb4f57
hopper-expert-v2,10,1,hybrid,2,mart_hop,two_actor_polyak_target,10001,2977.838113149006,266.2817441137726,92.11995116971309,784,1,0,252.3509979248047,252.31459045410156,0.036407470703125,253.35964965820312,253.29251098632812,0.067138671875,0.04552183300256729,7fb0cd4a9b7259187baae09587141fe05649f34ca4769f34127c62dbe9245319,a9fdf658b85802e247d396072781f85a8b64be515e302c64fd48a91fbbeb4f57
hopper-expert-v2,10,1,hybrid,2,mart_hop,two_actor_polyak_target,10002,3568.490796156318,267.72115556979134,110.2683475688311,1000,0,1,252.47677612304688,252.5008544921875,-0.024078369140625,253.4019317626953,253.39260864257812,0.0093231201171875,0.04851134866476059,7fb0cd4a9b7259187baae09587141fe05649f34ca4769f34127c62dbe9245319,a9fdf658b85802e247d396072781f85a8b64be515e302c64fd48a91fbbeb4f57
hopper-expert-v2,10,1,hybrid,2,mart_hop,two_actor_polyak_target,10003,3364.993081608361,266.82000944568745,104.01567608154156,892,1,0,252.1774444580078,252.24935913085938,-0.0719146728515625,253.17434692382812,253.18328857421875,-0.008941650390625,0.06630285829305649,7fb0cd4a9b7259187baae09587141fe05649f34ca4769f34127c62dbe9245319,a9fdf658b85802e247d396072781f85a8b64be515e302c64fd48a91fbbeb4f57
hopper-expert-v2,10,1,hybrid,2,mart_hop,two_actor_polyak_target,10004,3573.457342001338,267.30438765001014,110.42094967379555,1000,0,1,252.48768615722656,252.41673278808594,0.070953369140625,253.61087036132812,253.5364227294922,0.0744476318359375,0.047180961817502975,7fb0cd4a9b7259187baae09587141fe05649f34ca4769f34127c62dbe9245319,a9fdf658b85802e247d396072781f85a8b64be515e302c64fd48a91fbbeb4f57
hopper-expert-v2,10,1,hybrid,2,mart_hop,two_actor_polyak_target,10005,3547.401642934082,267.9255193962987,109.62036217333575,1000,0,1,252.32875061035156,252.2455596923828,0.08319091796875,253.484619140625,253.4197540283203,0.0648651123046875,0.05791148915886879,7fb0cd4a9b7259187baae09587141fe05649f34ca4769f34127c62dbe9245319,a9fdf658b85802e247d396072781f85a8b64be515e302c64fd48a91fbbeb4f57
hopper-expert-v2,10,1,hybrid,2,mart_hop,two_actor_polyak_target,10006,2640.683065531618,267.56063053000923,81.76052400014562,689,1,0,252.45619201660156,252.4091796875,0.0470123291015625,253.57151794433594,253.4974822998047,0.07403564453125,0.04567164182662964,7fb0cd4a9b7259187baae09587141fe05649f34ca4769f34127c62dbe9245319,a9fdf658b85802e247d396072781f85a8b64be515e302c64fd48a91fbbeb4f57
hopper-expert-v2,10,1,hybrid,2,mart_hop,two_actor_polyak_target,10007,3614.262622920362,267.2288500366488,111.67473287770025,1000,0,1,252.78237915039062,252.74148559570312,0.0408935546875,253.93994140625,253.8964385986328,0.0435028076171875,0.04243074730038643,7fb0cd4a9b7259187baae09587141fe05649f34ca4769f34127c62dbe9245319,a9fdf658b85802e247d396072781f85a8b64be515e302c64fd48a91fbbeb4f57
hopper-expert-v2,10,1,hybrid,2,mart_hop,two_actor_polyak_target,10008,3574.129979572872,266.933630460547,110.44161713816561,1000,0,1,252.45693969726562,252.46388244628906,-0.0069427490234375,253.5546875,253.5373992919922,0.0172882080078125,0.05180908367037773,7fb0cd4a9b7259187baae09587141fe05649f34ca4769f34127c62dbe9245319,a9fdf658b85802e247d396072781f85a8b64be515e302c64fd48a91fbbeb4f57
hopper-expert-v2,10,1,hybrid,2,mart_hop,two_actor_polyak_target,10009,3547.575123750359,267.5035633141488,109.62569254550205,1000,0,1,252.41998291015625,252.4213104248047,-0.0013275146484375,253.44993591308594,253.40164184570312,0.0482940673828125,0.04959714040160179,7fb0cd4a9b7259187baae09587141fe05649f34ca4769f34127c62dbe9245319,a9fdf658b85802e247d396072781f85a8b64be515e302c64fd48a91fbbeb4f57
hopper-expert-v2,10,0,hybrid,2,mart_hop,two_actor_polyak_target,10000,3552.347265973443,266.80467978563735,109.77232140410051,1000,0,1,254.93121337890625,254.91510009765625,0.01611328125,254.10647583007812,254.1137237548828,-0.0072479248046875,0.04313613101840019,51f81441d59524dce5138520603a366434d87fa32a2e61090c2a9f51d6dcee11,28394e42e1aaf52023c81836c8240c82adc91d6ceecec2eaabb714f8c7adc1f2
hopper-expert-v2,10,0,hybrid,2,mart_hop,two_actor_polyak_target,10001,2436.39415169812,266.3865924411007,75.48354212084773,653,1,0,254.63302612304688,254.59494018554688,0.0380859375,253.92532348632812,253.92466735839844,0.0006561279296875,0.0641995221376419,51f81441d59524dce5138520603a366434d87fa32a2e61090c2a9f51d6dcee11,28394e42e1aaf52023c81836c8240c82adc91d6ceecec2eaabb714f8c7adc1f2
hopper-expert-v2,10,0,hybrid,2,mart_hop,two_actor_polyak_target,10002,3545.3526435744084,267.804270041879,109.5574046118606,1000,0,1,254.98867797851562,254.98912048339844,-0.0004425048828125,254.17636108398438,254.2324676513672,-0.0561065673828125,0.05547589808702469,51f81441d59524dce5138520603a366434d87fa32a2e61090c2a9f51d6dcee11,28394e42e1aaf52023c81836c8240c82adc91d6ceecec2eaabb714f8c7adc1f2
hopper-expert-v2,10,0,hybrid,2,mart_hop,two_actor_polyak_target,10003,3651.003824216081,267.04953992919127,112.803643156918,1000,0,1,254.96026611328125,254.9582977294922,0.0019683837890625,254.0377655029297,254.05038452148438,-0.0126190185546875,0.03135470300912857,51f81441d59524dce5138520603a366434d87fa32a2e61090c2a9f51d6dcee11,28394e42e1aaf52023c81836c8240c82adc91d6ceecec2eaabb714f8c7adc1f2
hopper-expert-v2,10,0,hybrid,2,mart_hop,two_actor_polyak_target,10004,3477.9323864517046,267.74626404705344,107.48584955625083,919,1,0,254.84097290039062,254.7879180908203,0.0530548095703125,254.1851043701172,254.1811981201172,0.00390625,0.0533323660492897,51f81441d59524dce5138520603a366434d87fa32a2e61090c2a9f51d6dcee11,28394e42e1aaf52023c81836c8240c82adc91d6ceecec2eaabb714f8c7adc1f2
hopper-expert-v2,10,0,hybrid,2,mart_hop,two_actor_polyak_target,10005,3578.902261751434,268.050824856447,110.58825029703661,1000,0,1,254.906494140625,254.8665008544922,0.0399932861328125,254.1729278564453,254.15296936035156,0.01995849609375,0.032859478145837784,51f81441d59524dce5138520603a366434d87fa32a2e61090c2a9f51d6dcee11,28394e42e1aaf52023c81836c8240c82adc91d6ceecec2eaabb714f8c7adc1f2
hopper-expert-v2,10,0,hybrid,2,mart_hop,two_actor_polyak_target,10006,3525.4005838097737,266.21534040768955,108.94435755391132,1000,0,1,254.629150390625,254.58131408691406,0.0478363037109375,254.0106964111328,253.999267578125,0.0114288330078125,0.06284644454717636,51f81441d59524dce5138520603a366434d87fa32a2e61090c2a9f51d6dcee11,28394e42e1aaf52023c81836c8240c82adc91d6ceecec2eaabb714f8c7adc1f2
hopper-expert-v2,10,0,hybrid,2,mart_hop,two_actor_polyak_target,10007,3526.5333495820378,266.70956004255993,108.97916291898262,1000,0,1,254.92050170898438,254.87313842773438,0.04736328125,254.40089416503906,254.4552459716797,-0.054351806640625,0.06785844266414642,51f81441d59524dce5138520603a366434d87fa32a2e61090c2a9f51d6dcee11,28394e42e1aaf52023c81836c8240c82adc91d6ceecec2eaabb714f8c7adc1f2
hopper-expert-v2,10,0,hybrid,2,mart_hop,two_actor_polyak_target,10008,3597.9248980980665,267.05489187700215,111.17273988780121,1000,0,1,254.748779296875,254.68299865722656,0.0657806396484375,254.12689208984375,254.13162231445312,-0.004730224609375,0.060264330357313156,51f81441d59524dce5138520603a366434d87fa32a2e61090c2a9f51d6dcee11,28394e42e1aaf52023c81836c8240c82adc91d6ceecec2eaabb714f8c7adc1f2
hopper-expert-v2,10,0,hybrid,2,mart_hop,two_actor_polyak_target,10009,3590.2034644083574,267.86706594795527,110.93549108930789,1000,0,1,254.80471801757812,254.76943969726562,0.0352783203125,254.11497497558594,254.10977172851562,0.0052032470703125,0.05423051863908768,51f81441d59524dce5138520603a366434d87fa32a2e61090c2a9f51d6dcee11,28394e42e1aaf52023c81836c8240c82adc91d6ceecec2eaabb714f8c7adc1f2
hopper-medium-replay-v2,10,0,baseline,,mart_polyak_mu1,mart_polyak_mu1,10000,3220.2843855963924,253.37295599003363,99.56935618292839,1000,0,1,203.97494506835938,203.97494506835938,0.0,202.984130859375,202.984130859375,0.0,0.0,95fa8be2e5439c7708acc429dde5034367ef928cf3096282e9a37a8ee6acad28,df254c3d6c7df282cb71dd6b01f62ee8f945c8c41b1d2c1e9717bb364836b4e9
hopper-medium-replay-v2,10,0,baseline,,mart_polyak_mu1,mart_polyak_mu1,10001,3255.6535172861495,252.31302844420796,100.65610824664562,1000,0,1,205.0565185546875,205.0565185546875,0.0,204.15037536621094,204.15037536621094,0.0,0.0,95fa8be2e5439c7708acc429dde5034367ef928cf3096282e9a37a8ee6acad28,df254c3d6c7df282cb71dd6b01f62ee8f945c8c41b1d2c1e9717bb364836b4e9
hopper-medium-replay-v2,10,0,baseline,,mart_polyak_mu1,mart_polyak_mu1,10002,3241.651020118024,254.17457015134377,100.22586746979721,1000,0,1,203.92056274414062,203.92056274414062,0.0,202.56527709960938,202.56527709960938,0.0,0.0,95fa8be2e5439c7708acc429dde5034367ef928cf3096282e9a37a8ee6acad28,df254c3d6c7df282cb71dd6b01f62ee8f945c8c41b1d2c1e9717bb364836b4e9
hopper-medium-replay-v2,10,0,baseline,,mart_polyak_mu1,mart_polyak_mu1,10003,3238.1221542540043,253.3608821989094,100.11743952494562,1000,0,1,204.73605346679688,204.73605346679688,0.0,202.24624633789062,202.24624633789062,0.0,0.0,95fa8be2e5439c7708acc429dde5034367ef928cf3096282e9a37a8ee6acad28,df254c3d6c7df282cb71dd6b01f62ee8f945c8c41b1d2c1e9717bb364836b4e9
hopper-medium-replay-v2,10,0,baseline,,mart_polyak_mu1,mart_polyak_mu1,10004,2154.408366714581,254.34590621701236,66.81924590747664,626,1,0,204.33670043945312,204.33670043945312,0.0,203.40956115722656,203.40956115722656,0.0,0.0,95fa8be2e5439c7708acc429dde5034367ef928cf3096282e9a37a8ee6acad28,df254c3d6c7df282cb71dd6b01f62ee8f945c8c41b1d2c1e9717bb364836b4e9
hopper-medium-replay-v2,10,0,baseline,,mart_polyak_mu1,mart_polyak_mu1,10005,2761.194540804806,254.40356890133586,85.46336000990476,824,1,0,205.15975952148438,205.15975952148438,0.0,203.194091796875,203.194091796875,0.0,0.0,95fa8be2e5439c7708acc429dde5034367ef928cf3096282e9a37a8ee6acad28,df254c3d6c7df282cb71dd6b01f62ee8f945c8c41b1d2c1e9717bb364836b4e9
hopper-medium-replay-v2,10,0,baseline,,mart_polyak_mu1,mart_polyak_mu1,10006,3258.6131847519846,251.47792839271418,100.7470469995284,1000,0,1,206.5588836669922,206.5588836669922,0.0,205.315673828125,205.315673828125,0.0,0.0,95fa8be2e5439c7708acc429dde5034367ef928cf3096282e9a37a8ee6acad28,df254c3d6c7df282cb71dd6b01f62ee8f945c8c41b1d2c1e9717bb364836b4e9
hopper-medium-replay-v2,10,0,baseline,,mart_polyak_mu1,mart_polyak_mu1,10007,3225.9896237682974,252.18434829729046,99.74465535090631,1000,0,1,205.21975708007812,205.21975708007812,0.0,204.18008422851562,204.18008422851562,0.0,0.0,95fa8be2e5439c7708acc429dde5034367ef928cf3096282e9a37a8ee6acad28,df254c3d6c7df282cb71dd6b01f62ee8f945c8c41b1d2c1e9717bb364836b4e9
hopper-medium-replay-v2,10,0,baseline,,mart_polyak_mu1,mart_polyak_mu1,10008,2677.0521350205945,252.95290608197857,82.87800015617088,809,1,0,206.78521728515625,206.78521728515625,0.0,204.90029907226562,204.90029907226562,0.0,0.0,95fa8be2e5439c7708acc429dde5034367ef928cf3096282e9a37a8ee6acad28,df254c3d6c7df282cb71dd6b01f62ee8f945c8c41b1d2c1e9717bb364836b4e9
hopper-medium-replay-v2,10,0,baseline,,mart_polyak_mu1,mart_polyak_mu1,10009,3221.6059925666973,252.90772277254501,99.60996388330962,1000,0,1,205.8719482421875,205.8719482421875,0.0,204.50762939453125,204.50762939453125,0.0,0.0,95fa8be2e5439c7708acc429dde5034367ef928cf3096282e9a37a8ee6acad28,df254c3d6c7df282cb71dd6b01f62ee8f945c8c41b1d2c1e9717bb364836b4e9
hopper-medium-replay-v2,10,1,baseline,,two_actor_polyak_target,two_actor_polyak_target,10000,3227.5251501479906,249.66752075861336,99.79183593980686,1000,0,1,200.71058654785156,200.71058654785156,0.0,202.54885864257812,202.54885864257812,0.0,0.0,e7f827ecf0e3aaed0fa772d58f597439b77fc47b3ae2565b7cd551ecc60b8db3,4000e5ce69f8f0ae9110dc7f51294a78e44c105a71977db512b1fc314329b1f2
hopper-medium-replay-v2,10,1,baseline,,two_actor_polyak_target,two_actor_polyak_target,10001,3273.7115623274576,249.28680069789988,101.21095980159696,1000,0,1,201.18402099609375,201.18402099609375,0.0,203.6920166015625,203.6920166015625,0.0,0.0,e7f827ecf0e3aaed0fa772d58f597439b77fc47b3ae2565b7cd551ecc60b8db3,4000e5ce69f8f0ae9110dc7f51294a78e44c105a71977db512b1fc314329b1f2
hopper-medium-replay-v2,10,1,baseline,,two_actor_polyak_target,two_actor_polyak_target,10002,1861.2877411911595,251.29753776138682,57.812820544823,555,1,0,200.2972869873047,200.2972869873047,0.0,202.374267578125,202.374267578125,0.0,0.0,e7f827ecf0e3aaed0fa772d58f597439b77fc47b3ae2565b7cd551ecc60b8db3,4000e5ce69f8f0ae9110dc7f51294a78e44c105a71977db512b1fc314329b1f2
hopper-medium-replay-v2,10,1,baseline,,two_actor_polyak_target,two_actor_polyak_target,10003,341.29208869019175,171.6894024831531,11.109428822174893,121,1,0,199.61444091796875,199.61444091796875,0.0,201.6333465576172,201.6333465576172,0.0,0.0,e7f827ecf0e3aaed0fa772d58f597439b77fc47b3ae2565b7cd551ecc60b8db3,4000e5ce69f8f0ae9110dc7f51294a78e44c105a71977db512b1fc314329b1f2
hopper-medium-replay-v2,10,1,baseline,,two_actor_polyak_target,two_actor_polyak_target,10004,3254.689826238528,251.99026910752795,100.62649787215368,1000,0,1,201.03070068359375,201.03070068359375,0.0,203.1089324951172,203.1089324951172,0.0,0.0,e7f827ecf0e3aaed0fa772d58f597439b77fc47b3ae2565b7cd551ecc60b8db3,4000e5ce69f8f0ae9110dc7f51294a78e44c105a71977db512b1fc314329b1f2
hopper-medium-replay-v2,10,1,baseline,,two_actor_polyak_target,two_actor_polyak_target,10005,3227.3868525404064,249.29737670718538,99.78758660703365,1000,0,1,200.92706298828125,200.92706298828125,0.0,202.48532104492188,202.48532104492188,0.0,0.0,e7f827ecf0e3aaed0fa772d58f597439b77fc47b3ae2565b7cd551ecc60b8db3,4000e5ce69f8f0ae9110dc7f51294a78e44c105a71977db512b1fc314329b1f2
hopper-medium-replay-v2,10,1,baseline,,two_actor_polyak_target,two_actor_polyak_target,10006,3216.2512106028357,246.87564838260528,99.44543283400292,1000,0,1,201.9626007080078,201.9626007080078,0.0,204.6639404296875,204.6639404296875,0.0,0.0,e7f827ecf0e3aaed0fa772d58f597439b77fc47b3ae2565b7cd551ecc60b8db3,4000e5ce69f8f0ae9110dc7f51294a78e44c105a71977db512b1fc314329b1f2
hopper-medium-replay-v2,10,1,baseline,,two_actor_polyak_target,two_actor_polyak_target,10007,3201.328599674663,249.59034139841694,98.98692063855262,955,1,0,201.9882354736328,201.9882354736328,0.0,204.28892517089844,204.28892517089844,0.0,0.0,e7f827ecf0e3aaed0fa772d58f597439b77fc47b3ae2565b7cd551ecc60b8db3,4000e5ce69f8f0ae9110dc7f51294a78e44c105a71977db512b1fc314329b1f2
hopper-medium-replay-v2,10,1,baseline,,two_actor_polyak_target,two_actor_polyak_target,10008,3214.815898219981,248.85873813986498,99.40133142071892,1000,0,1,201.80136108398438,201.80136108398438,0.0,204.77206420898438,204.77206420898438,0.0,0.0,e7f827ecf0e3aaed0fa772d58f597439b77fc47b3ae2565b7cd551ecc60b8db3,4000e5ce69f8f0ae9110dc7f51294a78e44c105a71977db512b1fc314329b1f2
hopper-medium-replay-v2,10,1,baseline,,two_actor_polyak_target,two_actor_polyak_target,10009,1826.7889703145358,250.85463648282985,56.75281119048715,541,1,0,201.2495880126953,201.2495880126953,0.0,203.87594604492188,203.87594604492188,0.0,0.0,e7f827ecf0e3aaed0fa772d58f597439b77fc47b3ae2565b7cd551ecc60b8db3,4000e5ce69f8f0ae9110dc7f51294a78e44c105a71977db512b1fc314329b1f2
hopper-expert-v2,10,0,hybrid,3,mart_hop,mart_polyak_mu1,10000,2493.7978830424977,269.2769819993388,77.24732937044081,655,1,0,255.05433654785156,254.95199584960938,0.1023406982421875,254.23797607421875,254.1318359375,0.10614013671875,0.0364743210375309,51f81441d59524dce5138520603a366434d87fa32a2e61090c2a9f51d6dcee11,28394e42e1aaf52023c81836c8240c82adc91d6ceecec2eaabb714f8c7adc1f2
hopper-expert-v2,10,0,hybrid,3,mart_hop,mart_polyak_mu1,10001,3555.8108052168077,267.4574925456245,109.8787421229779,1000,0,1,254.7320098876953,254.67955017089844,0.052459716796875,254.01585388183594,253.9732208251953,0.042633056640625,0.02298334613442421,51f81441d59524dce5138520603a366434d87fa32a2e61090c2a9f51d6dcee11,28394e42e1aaf52023c81836c8240c82adc91d6ceecec2eaabb714f8c7adc1f2
hopper-expert-v2,10,0,hybrid,3,mart_hop,mart_polyak_mu1,10002,3535.509618502168,266.9467021957136,109.2549677891445,1000,0,1,255.09925842285156,254.9701385498047,0.129119873046875,254.31590270996094,254.2089080810547,0.10699462890625,0.042561229318380356,51f81441d59524dce5138520603a366434d87fa32a2e61090c2a9f51d6dcee11,28394e42e1aaf52023c81836c8240c82adc91d6ceecec2eaabb714f8c7adc1f2
hopper-expert-v2,10,0,hybrid,3,mart_hop,mart_polyak_mu1,10003,2309.015538037288,269.0408371369494,71.56970639302752,609,1,0,255.03903198242188,254.96469116210938,0.0743408203125,254.1195068359375,254.03916931152344,0.0803375244140625,0.04413190856575966,51f81441d59524dce5138520603a366434d87fa32a2e61090c2a9f51d6dcee11,28394e42e1aaf52023c81836c8240c82adc91d6ceecec2eaabb714f8c7adc1f2
hopper-expert-v2,10,0,hybrid,3,mart_hop,mart_polyak_mu1,10004,3629.0530213387387,266.44118347301895,112.1291827111132,966,1,0,254.97476196289062,254.849853515625,0.124908447265625,254.33387756347656,254.22073364257812,0.1131439208984375,0.04003753140568733,51f81441d59524dce5138520603a366434d87fa32a2e61090c2a9f51d6dcee11,28394e42e1aaf52023c81836c8240c82adc91d6ceecec2eaabb714f8c7adc1f2
hopper-expert-v2,10,0,hybrid,3,mart_hop,mart_polyak_mu1,10005,3586.375576159129,267.39478886318085,110.81787538160499,950,1,0,255.06643676757812,254.904052734375,0.162384033203125,254.32763671875,254.1887664794922,0.1388702392578125,0.0494563952088356,51f81441d59524dce5138520603a366434d87fa32a2e61090c2a9f51d6dcee11,28394e42e1aaf52023c81836c8240c82adc91d6ceecec2eaabb714f8c7adc1f2
hopper-expert-v2,10,0,hybrid,3,mart_hop,mart_polyak_mu1,10006,3621.818855908157,266.48113389310157,111.90690571885011,1000,0,1,254.7397918701172,254.69644165039062,0.0433502197265625,254.1275634765625,254.0749969482422,0.0525665283203125,0.022746587172150612,51f81441d59524dce5138520603a366434d87fa32a2e61090c2a9f51d6dcee11,28394e42e1aaf52023c81836c8240c82adc91d6ceecec2eaabb714f8c7adc1f2
hopper-expert-v2,10,0,hybrid,3,mart_hop,mart_polyak_mu1,10007,3528.9128380287502,267.53413590878864,109.05227508929933,926,1,0,255.0889434814453,254.91238403320312,0.1765594482421875,254.60499572753906,254.46730041503906,0.1376953125,0.05779031291604042,51f81441d59524dce5138520603a366434d87fa32a2e61090c2a9f51d6dcee11,28394e42e1aaf52023c81836c8240c82adc91d6ceecec2eaabb714f8c7adc1f2
hopper-expert-v2,10,0,hybrid,3,mart_hop,mart_polyak_mu1,10008,3443.1775293491614,266.90077938823333,106.41797169564377,911,1,0,254.86048889160156,254.72650146484375,0.1339874267578125,254.28515625,254.1655731201172,0.1195831298828125,0.04680953919887543,51f81441d59524dce5138520603a366434d87fa32a2e61090c2a9f51d6dcee11,28394e42e1aaf52023c81836c8240c82adc91d6ceecec2eaabb714f8c7adc1f2
hopper-expert-v2,10,0,hybrid,3,mart_hop,mart_polyak_mu1,10009,3637.000611766553,267.4238592360575,112.37338040233071,955,1,0,254.90191650390625,254.80076599121094,0.1011505126953125,254.22647094726562,254.12901306152344,0.0974578857421875,0.03599586337804794,51f81441d59524dce5138520603a366434d87fa32a2e61090c2a9f51d6dcee11,28394e42e1aaf52023c81836c8240c82adc91d6ceecec2eaabb714f8c7adc1f2
hopper-medium-replay-v2,10,0,baseline,,two_actor_polyak_target,two_actor_polyak_target,10000,3262.730553372826,257.65169896424413,100.87355728213959,1000,0,1,203.62477111816406,203.62477111816406,0.0,202.79493713378906,202.79493713378906,0.0,0.0,95fa8be2e5439c7708acc429dde5034367ef928cf3096282e9a37a8ee6acad28,df254c3d6c7df282cb71dd6b01f62ee8f945c8c41b1d2c1e9717bb364836b4e9
hopper-medium-replay-v2,10,0,baseline,,two_actor_polyak_target,two_actor_polyak_target,10001,3230.5223544996434,249.79165611564275,99.88392805117424,1000,0,1,204.83758544921875,204.83758544921875,0.0,204.00613403320312,204.00613403320312,0.0,0.0,95fa8be2e5439c7708acc429dde5034367ef928cf3096282e9a37a8ee6acad28,df254c3d6c7df282cb71dd6b01f62ee8f945c8c41b1d2c1e9717bb364836b4e9
hopper-medium-replay-v2,10,0,baseline,,two_actor_polyak_target,two_actor_polyak_target,10002,721.8325688490648,238.1843852730879,22.801916943402023,215,1,0,203.58139038085938,203.58139038085938,0.0,202.4891357421875,202.4891357421875,0.0,0.0,95fa8be2e5439c7708acc429dde5034367ef928cf3096282e9a37a8ee6acad28,df254c3d6c7df282cb71dd6b01f62ee8f945c8c41b1d2c1e9717bb364836b4e9
hopper-medium-replay-v2,10,0,baseline,,two_actor_polyak_target,two_actor_polyak_target,10003,3255.8746709965226,250.85937955839182,100.66290341632225,1000,0,1,204.36367797851562,204.36367797851562,0.0,202.09555053710938,202.09555053710938,0.0,0.0,95fa8be2e5439c7708acc429dde5034367ef928cf3096282e9a37a8ee6acad28,df254c3d6c7df282cb71dd6b01f62ee8f945c8c41b1d2c1e9717bb364836b4e9
hopper-medium-replay-v2,10,0,baseline,,two_actor_polyak_target,two_actor_polyak_target,10004,1557.6617600810368,251.7330952842184,48.48360758975477,468,1,0,204.11862182617188,204.11862182617188,0.0,203.35433959960938,203.35433959960938,0.0,0.0,95fa8be2e5439c7708acc429dde5034367ef928cf3096282e9a37a8ee6acad28,df254c3d6c7df282cb71dd6b01f62ee8f945c8c41b1d2c1e9717bb364836b4e9
hopper-medium-replay-v2,10,0,baseline,,two_actor_polyak_target,two_actor_polyak_target,10005,3246.318652481776,254.07937543338213,100.36928515809318,1000,0,1,204.41094970703125,204.41094970703125,0.0,202.9736785888672,202.9736785888672,0.0,0.0,95fa8be2e5439c7708acc429dde5034367ef928cf3096282e9a37a8ee6acad28,df254c3d6c7df282cb71dd6b01f62ee8f945c8c41b1d2c1e9717bb364836b4e9
hopper-medium-replay-v2,10,0,baseline,,two_actor_polyak_target,two_actor_polyak_target,10006,1559.2482492111246,250.65773055580055,48.53235406030178,468,1,0,206.35255432128906,206.35255432128906,0.0,205.2091064453125,205.2091064453125,0.0,0.0,95fa8be2e5439c7708acc429dde5034367ef928cf3096282e9a37a8ee6acad28,df254c3d6c7df282cb71dd6b01f62ee8f945c8c41b1d2c1e9717bb364836b4e9
hopper-medium-replay-v2,10,0,baseline,,two_actor_polyak_target,two_actor_polyak_target,10007,3245.3753761507405,251.16154862984098,100.34030204625428,1000,0,1,204.9684600830078,204.9684600830078,0.0,204.20941162109375,204.20941162109375,0.0,0.0,95fa8be2e5439c7708acc429dde5034367ef928cf3096282e9a37a8ee6acad28,df254c3d6c7df282cb71dd6b01f62ee8f945c8c41b1d2c1e9717bb364836b4e9
hopper-medium-replay-v2,10,0,baseline,,two_actor_polyak_target,two_actor_polyak_target,10008,3238.5777814967364,249.73310250869477,100.13143912919568,1000,0,1,206.43304443359375,206.43304443359375,0.0,204.68373107910156,204.68373107910156,0.0,0.0,95fa8be2e5439c7708acc429dde5034367ef928cf3096282e9a37a8ee6acad28,df254c3d6c7df282cb71dd6b01f62ee8f945c8c41b1d2c1e9717bb364836b4e9
hopper-medium-replay-v2,10,0,baseline,,two_actor_polyak_target,two_actor_polyak_target,10009,3238.444860467675,250.84381170076074,100.12735499719294,1000,0,1,205.60903930664062,205.60903930664062,0.0,204.34884643554688,204.34884643554688,0.0,0.0,95fa8be2e5439c7708acc429dde5034367ef928cf3096282e9a37a8ee6acad28,df254c3d6c7df282cb71dd6b01f62ee8f945c8c41b1d2c1e9717bb364836b4e9
hopper-expert-v2,10,1,hybrid,3,mart_hop,mart_polyak_mu1,10000,3595.9769032215327,267.13852225242533,111.11288579042747,1000,0,1,252.81546020507812,252.42503356933594,0.3904266357421875,253.5810546875,253.38095092773438,0.200103759765625,0.09554056823253632,7fb0cd4a9b7259187baae09587141fe05649f34ca4769f34127c62dbe9245319,a9fdf658b85802e247d396072781f85a8b64be515e302c64fd48a91fbbeb4f57
hopper-expert-v2,10,1,hybrid,3,mart_hop,mart_polyak_mu1,10001,3632.252434700696,267.7060364360345,112.2274878972368,1000,0,1,252.69325256347656,252.3609619140625,0.3322906494140625,253.5357666015625,253.32923889160156,0.2065277099609375,0.08913683891296387,7fb0cd4a9b7259187baae09587141fe05649f34ca4769f34127c62dbe9245319,a9fdf658b85802e247d396072781f85a8b64be515e302c64fd48a91fbbeb4f57
hopper-expert-v2,10,1,hybrid,3,mart_hop,mart_polyak_mu1,10002,3571.5806588736395,267.4697273356658,110.36328670146536,1000,0,1,252.82720947265625,252.51390075683594,0.3133087158203125,253.54200744628906,253.3771209716797,0.164886474609375,0.08020614087581635,7fb0cd4a9b7259187baae09587141fe05649f34ca4769f34127c62dbe9245319,a9fdf658b85802e247d396072781f85a8b64be515e302c64fd48a91fbbeb4f57
hopper-expert-v2,10,1,hybrid,3,mart_hop,mart_polyak_mu1,10003,3710.080282081555,269.4125542491817,114.61882660743514,1000,0,1,252.6303253173828,252.37989807128906,0.25042724609375,253.42108154296875,253.23023986816406,0.1908416748046875,0.08762393891811371,7fb0cd4a9b7259187baae09587141fe05649f34ca4769f34127c62dbe9245319,a9fdf658b85802e247d396072781f85a8b64be515e302c64fd48a91fbbeb4f57
hopper-expert-v2,10,1,hybrid,3,mart_hop,mart_polyak_mu1,10004,3579.779784806501,266.9218660888937,110.61521307348865,1000,0,1,252.82150268554688,252.48899841308594,0.3325042724609375,253.76431274414062,253.58102416992188,0.18328857421875,0.08575031161308289,7fb0cd4a9b7259187baae09587141fe05649f34ca4769f34127c62dbe9245319,a9fdf658b85802e247d396072781f85a8b64be515e302c64fd48a91fbbeb4f57
hopper-expert-v2,10,1,hybrid,3,mart_hop,mart_polyak_mu1,10005,3580.697058087828,267.7408992132498,110.64339721553145,1000,0,1,252.69049072265625,252.3365936279297,0.3538970947265625,253.6875,253.4761199951172,0.2113800048828125,0.0880575031042099,7fb0cd4a9b7259187baae09587141fe05649f34ca4769f34127c62dbe9245319,a9fdf658b85802e247d396072781f85a8b64be515e302c64fd48a91fbbeb4f57
hopper-expert-v2,10,1,hybrid,3,mart_hop,mart_polyak_mu1,10006,2539.2748731352876,267.091657982839,78.6446555267202,666,1,0,252.78517150878906,252.4609832763672,0.324188232421875,253.73745727539062,253.54122924804688,0.19622802734375,0.08370406925678253,7fb0cd4a9b7259187baae09587141fe05649f34ca4769f34127c62dbe9245319,a9fdf658b85802e247d396072781f85a8b64be515e302c64fd48a91fbbeb4f57
hopper-expert-v2,10,1,hybrid,3,mart_hop,mart_polyak_mu1,10007,3151.2619068459226,266.77595396231175,97.44857125999302,833,1,0,253.1019287109375,252.7550048828125,0.346923828125,254.1071319580078,253.90054321289062,0.2065887451171875,0.0918760895729065,7fb0cd4a9b7259187baae09587141fe05649f34ca4769f34127c62dbe9245319,a9fdf658b85802e247d396072781f85a8b64be515e302c64fd48a91fbbeb4f57
hopper-expert-v2,10,1,hybrid,3,mart_hop,mart_polyak_mu1,10008,3263.8213529121795,266.6882397788855,100.90707319259202,860,1,0,252.78514099121094,252.49691772460938,0.2882232666015625,253.7319793701172,253.5657958984375,0.1661834716796875,0.07487929612398148,7fb0cd4a9b7259187baae09587141fe05649f34ca4769f34127c62dbe9245319,a9fdf658b85802e247d396072781f85a8b64be515e302c64fd48a91fbbeb4f57
hopper-expert-v2,10,1,hybrid,3,mart_hop,mart_polyak_mu1,10009,3739.224408914001,267.3312682845521,115.51430915018497,999,1,0,252.7624053955078,252.47801208496094,0.284393310546875,253.613037109375,253.4505615234375,0.1624755859375,0.07180396467447281,7fb0cd4a9b7259187baae09587141fe05649f34ca4769f34127c62dbe9245319,a9fdf658b85802e247d396072781f85a8b64be515e302c64fd48a91fbbeb4f57
hopper-expert-v2,10,0,hybrid,3,mart_hop,two_actor_polyak_target,10000,3558.626263003017,267.1475773568769,109.96524988874128,1000,0,1,255.05433654785156,254.91510009765625,0.1392364501953125,254.23797607421875,254.1137237548828,0.1242523193359375,0.04356059059500694,51f81441d59524dce5138520603a366434d87fa32a2e61090c2a9f51d6dcee11,28394e42e1aaf52023c81836c8240c82adc91d6ceecec2eaabb714f8c7adc1f2
hopper-expert-v2,10,0,hybrid,3,mart_hop,two_actor_polyak_target,10001,3542.6939981739774,265.67283137577465,109.47571506400983,1000,0,1,254.7320098876953,254.59494018554688,0.1370697021484375,254.01585388183594,253.92466735839844,0.0911865234375,0.04072607681155205,51f81441d59524dce5138520603a366434d87fa32a2e61090c2a9f51d6dcee11,28394e42e1aaf52023c81836c8240c82adc91d6ceecec2eaabb714f8c7adc1f2
hopper-expert-v2,10,0,hybrid,3,mart_hop,two_actor_polyak_target,10002,3565.109431045032,268.024793539418,110.16445173262272,1000,0,1,255.09925842285156,254.98912048339844,0.110137939453125,254.31590270996094,254.2324676513672,0.08343505859375,0.03341145068407059,51f81441d59524dce5138520603a366434d87fa32a2e61090c2a9f51d6dcee11,28394e42e1aaf52023c81836c8240c82adc91d6ceecec2eaabb714f8c7adc1f2
hopper-expert-v2,10,0,hybrid,3,mart_hop,two_actor_polyak_target,10003,3695.6921269842082,266.82513553165336,114.17673610370773,1000,0,1,255.03903198242188,254.9582977294922,0.0807342529296875,254.1195068359375,254.05038452148438,0.069122314453125,0.050556592643260956,51f81441d59524dce5138520603a366434d87fa32a2e61090c2a9f51d6dcee11,28394e42e1aaf52023c81836c8240c82adc91d6ceecec2eaabb714f8c7adc1f2
hopper-expert-v2,10,0,hybrid,3,mart_hop,two_actor_polyak_target,10004,2484.4289999313255,267.91444552741495,76.95946103527497,654,1,0,254.97476196289062,254.7879180908203,0.1868438720703125,254.33387756347656,254.1811981201172,0.152679443359375,0.05382617563009262,51f81441d59524dce5138520603a366434d87fa32a2e61090c2a9f51d6dcee11,28394e42e1aaf52023c81836c8240c82adc91d6ceecec2eaabb714f8c7adc1f2
hopper-expert-v2,10,0,hybrid,3,mart_hop,two_actor_polyak_target,10005,3685.756908394932,268.2189616374146,113.87146654266549,1000,0,1,255.06643676757812,254.8665008544922,0.1999359130859375,254.32763671875,254.15296936035156,0.1746673583984375,0.06163030490279198,51f81441d59524dce5138520603a366434d87fa32a2e61090c2a9f51d6dcee11,28394e42e1aaf52023c81836c8240c82adc91d6ceecec2eaabb714f8c7adc1f2
hopper-expert-v2,10,0,hybrid,3,mart_hop,two_actor_polyak_target,10006,3587.9194114978172,266.01828242026704,110.86531127160862,1000,0,1,254.7397918701172,254.58131408691406,0.158477783203125,254.1275634765625,253.999267578125,0.1282958984375,0.04687638208270073,51f81441d59524dce5138520603a366434d87fa32a2e61090c2a9f51d6dcee11,28394e42e1aaf52023c81836c8240c82adc91d6ceecec2eaabb714f8c7adc1f2
hopper-expert-v2,10,0,hybrid,3,mart_hop,two_actor_polyak_target,10007,3749.8370278732496,267.0794755734279,115.84039251735871,1000,0,1,255.0889434814453,254.87313842773438,0.2158050537109375,254.60499572753906,254.4552459716797,0.149749755859375,0.06311804056167603,51f81441d59524dce5138520603a366434d87fa32a2e61090c2a9f51d6dcee11,28394e42e1aaf52023c81836c8240c82adc91d6ceecec2eaabb714f8c7adc1f2
hopper-expert-v2,10,0,hybrid,3,mart_hop,two_actor_polyak_target,10008,2644.8498819628567,267.7406573228321,81.88855361635164,696,1,0,254.86048889160156,254.68299865722656,0.177490234375,254.28515625,254.13162231445312,0.153533935546875,0.05545579642057419,51f81441d59524dce5138520603a366434d87fa32a2e61090c2a9f51d6dcee11,28394e42e1aaf52023c81836c8240c82adc91d6ceecec2eaabb714f8c7adc1f2
hopper-expert-v2,10,0,hybrid,3,mart_hop,two_actor_polyak_target,10009,3575.115413986326,267.0275254967022,110.47189559939201,1000,0,1,254.90191650390625,254.76943969726562,0.132476806640625,254.22647094726562,254.10977172851562,0.11669921875,0.04135553166270256,51f81441d59524dce5138520603a366434d87fa32a2e61090c2a9f51d6dcee11,28394e42e1aaf52023c81836c8240c82adc91d6ceecec2eaabb714f8c7adc1f2
hopper-expert-v2,10,1,hybrid,3,mart_hop,two_actor_polyak_target,10000,3563.0642158211226,267.24750656791883,110.10161044251628,1000,0,1,252.81546020507812,252.38929748535156,0.4261627197265625,253.5810546875,253.39328002929688,0.187774658203125,0.1120983213186264,7fb0cd4a9b7259187baae09587141fe05649f34ca4769f34127c62dbe9245319,a9fdf658b85802e247d396072781f85a8b64be515e302c64fd48a91fbbeb4f57
hopper-expert-v2,10,1,hybrid,3,mart_hop,two_actor_polyak_target,10001,3548.9974463173544,266.29719249130017,109.66939483365863,1000,0,1,252.69325256347656,252.31459045410156,0.378662109375,253.5357666015625,253.29251098632812,0.243255615234375,0.10212331265211105,7fb0cd4a9b7259187baae09587141fe05649f34ca4769f34127c62dbe9245319,a9fdf658b85802e247d396072781f85a8b64be515e302c64fd48a91fbbeb4f57
hopper-expert-v2,10,1,hybrid,3,mart_hop,two_actor_polyak_target,10002,2731.0697539551106,268.29530032222146,84.53774570404299,716,1,0,252.82720947265625,252.5008544921875,0.32635498046875,253.54200744628906,253.39260864257812,0.1493988037109375,0.09088359028100967,7fb0cd4a9b7259187baae09587141fe05649f34ca4769f34127c62dbe9245319,a9fdf658b85802e247d396072781f85a8b64be515e302c64fd48a91fbbeb4f57
hopper-expert-v2,10,1,hybrid,3,mart_hop,two_actor_polyak_target,10003,3553.9815715680957,266.4014423034925,109.8225370835046,1000,0,1,252.6303253173828,252.24935913085938,0.3809661865234375,253.42108154296875,253.18328857421875,0.23779296875,0.11795610189437866,7fb0cd4a9b7259187baae09587141fe05649f34ca4769f34127c62dbe9245319,a9fdf658b85802e247d396072781f85a8b64be515e302c64fd48a91fbbeb4f57
hopper-expert-v2,10,1,hybrid,3,mart_hop,two_actor_polyak_target,10004,3642.9272305354443,267.57525706786294,112.55548171130411,1000,0,1,252.82150268554688,252.41673278808594,0.4047698974609375,253.76431274414062,253.5364227294922,0.2278900146484375,0.10739170759916306,7fb0cd4a9b7259187baae09587141fe05649f34ca4769f34127c62dbe9245319,a9fdf658b85802e247d396072781f85a8b64be515e302c64fd48a91fbbeb4f57
hopper-expert-v2,10,1,hybrid,3,mart_hop,two_actor_polyak_target,10005,3791.377080057361,268.30718430682117,117.11675230571844,990,1,0,252.69049072265625,252.2455596923828,0.4449310302734375,253.6875,253.4197540283203,0.2677459716796875,0.11594590544700623,7fb0cd4a9b7259187baae09587141fe05649f34ca4769f34127c62dbe9245319,a9fdf658b85802e247d396072781f85a8b64be515e302c64fd48a91fbbeb4f57
hopper-expert-v2,10,1,hybrid,3,mart_hop,two_actor_polyak_target,10006,3613.420035264331,265.72329375641226,111.64884352644091,1000,0,1,252.78517150878906,252.4091796875,0.3759918212890625,253.73745727539062,253.4974822998047,0.2399749755859375,0.09774976223707199,7fb0cd4a9b7259187baae09587141fe05649f34ca4769f34127c62dbe9245319,a9fdf658b85802e247d396072781f85a8b64be515e302c64fd48a91fbbeb4f57
hopper-expert-v2,10,1,hybrid,3,mart_hop,two_actor_polyak_target,10007,3578.712643664838,267.5027441328158,110.58242409104622,1000,0,1,253.1019287109375,252.74148559570312,0.360443115234375,254.1071319580078,253.8964385986328,0.210693359375,0.09873780608177185,7fb0cd4a9b7259187baae09587141fe05649f34ca4769f34127c62dbe9245319,a9fdf658b85802e247d396072781f85a8b64be515e302c64fd48a91fbbeb4f57
hopper-expert-v2,10,1,hybrid,3,mart_hop,two_actor_polyak_target,10008,3583.845387854065,267.29982708476854,110.7401328069147,1000,0,1,252.78514099121094,252.46388244628906,0.321258544921875,253.7319793701172,253.5373992919922,0.194580078125,0.08438843488693237,7fb0cd4a9b7259187baae09587141fe05649f34ca4769f34127c62dbe9245319,a9fdf658b85802e247d396072781f85a8b64be515e302c64fd48a91fbbeb4f57
hopper-expert-v2,10,1,hybrid,3,mart_hop,two_actor_polyak_target,10009,3599.535202675031,267.31146660197845,111.22221811185204,1000,0,1,252.7624053955078,252.4213104248047,0.341094970703125,253.613037109375,253.40164184570312,0.211395263671875,0.08859442174434662,7fb0cd4a9b7259187baae09587141fe05649f34ca4769f34127c62dbe9245319,a9fdf658b85802e247d396072781f85a8b64be515e302c64fd48a91fbbeb4f57
hopper-expert-v2,10,0,hybrid,,two_actor_deploy,mart_polyak_mu1,10000,3741.4788794352407,269.2894910094553,115.58358001928737,1000,0,1,254.92103576660156,254.95199584960938,-0.0309600830078125,254.09449768066406,254.1318359375,-0.0373382568359375,0.048266611993312836,51f81441d59524dce5138520603a366434d87fa32a2e61090c2a9f51d6dcee11,28394e42e1aaf52023c81836c8240c82adc91d6ceecec2eaabb714f8c7adc1f2
hopper-expert-v2,10,0,hybrid,,two_actor_deploy,mart_polyak_mu1,10001,2639.5229911085207,267.6231434699581,81.72487954937355,705,1,0,254.6385498046875,254.67955017089844,-0.0410003662109375,253.9349822998047,253.9732208251953,-0.038238525390625,0.0458647683262825,51f81441d59524dce5138520603a366434d87fa32a2e61090c2a9f51d6dcee11,28394e42e1aaf52023c81836c8240c82adc91d6ceecec2eaabb714f8c7adc1f2
hopper-expert-v2,10,0,hybrid,,two_actor_deploy,mart_polyak_mu1,10002,3590.2503276376724,267.36740508070557,110.93693100905536,1000,0,1,254.95449829101562,254.9701385498047,-0.0156402587890625,254.1773223876953,254.2089080810547,-0.031585693359375,0.04875316470861435,51f81441d59524dce5138520603a366434d87fa32a2e61090c2a9f51d6dcee11,28394e42e1aaf52023c81836c8240c82adc91d6ceecec2eaabb714f8c7adc1f2
hopper-expert-v2,10,0,hybrid,,two_actor_deploy,mart_polyak_mu1,10003,2234.084026927794,267.5737121627525,69.26736052120968,593,1,0,254.995361328125,254.96469116210938,0.030670166015625,254.03427124023438,254.03916931152344,-0.0048980712890625,0.036441050469875336,51f81441d59524dce5138520603a366434d87fa32a2e61090c2a9f51d6dcee11,28394e42e1aaf52023c81836c8240c82adc91d6ceecec2eaabb714f8c7adc1f2
hopper-expert-v2,10,0,hybrid,,two_actor_deploy,mart_polyak_mu1,10004,3601.516079923489,266.3768072281321,111.28308255310029,1000,0,1,254.8201904296875,254.849853515625,-0.0296630859375,254.1951141357422,254.22073364257812,-0.0256195068359375,0.04097634181380272,51f81441d59524dce5138520603a366434d87fa32a2e61090c2a9f51d6dcee11,28394e42e1aaf52023c81836c8240c82adc91d6ceecec2eaabb714f8c7adc1f2
hopper-expert-v2,10,0,hybrid,,two_actor_deploy,mart_polyak_mu1,10005,2415.317925846944,267.97256684833695,74.83595393180069,635,1,0,254.9582061767578,254.904052734375,0.0541534423828125,254.1970672607422,254.1887664794922,0.00830078125,0.035911716520786285,51f81441d59524dce5138520603a366434d87fa32a2e61090c2a9f51d6dcee11,28394e42e1aaf52023c81836c8240c82adc91d6ceecec2eaabb714f8c7adc1f2
hopper-expert-v2,10,0,hybrid,,two_actor_deploy,mart_polyak_mu1,10006,3665.6366563927736,265.80073670454664,113.25325160943916,1000,0,1,254.6651611328125,254.69644165039062,-0.031280517578125,254.05250549316406,254.0749969482422,-0.022491455078125,0.03751175105571747,51f81441d59524dce5138520603a366434d87fa32a2e61090c2a9f51d6dcee11,28394e42e1aaf52023c81836c8240c82adc91d6ceecec2eaabb714f8c7adc1f2
hopper-expert-v2,10,0,hybrid,,two_actor_deploy,mart_polyak_mu1,10007,3614.3597914913985,267.42516312652054,111.67771847955296,1000,0,1,254.89959716796875,254.91238403320312,-0.012786865234375,254.456787109375,254.46730041503906,-0.0105133056640625,0.029743770137429237,51f81441d59524dce5138520603a366434d87fa32a2e61090c2a9f51d6dcee11,28394e42e1aaf52023c81836c8240c82adc91d6ceecec2eaabb714f8c7adc1f2
hopper-expert-v2,10,0,hybrid,,two_actor_deploy,mart_polyak_mu1,10008,3551.022177080252,266.31944968869595,109.73160671814455,1000,0,1,254.7688751220703,254.72650146484375,0.0423736572265625,254.19309997558594,254.1655731201172,0.02752685546875,0.032840367406606674,51f81441d59524dce5138520603a366434d87fa32a2e61090c2a9f51d6dcee11,28394e42e1aaf52023c81836c8240c82adc91d6ceecec2eaabb714f8c7adc1f2
hopper-expert-v2,10,0,hybrid,,two_actor_deploy,mart_polyak_mu1,10009,3245.3170891483146,266.4802679241493,100.33851111961437,870,1,0,254.81259155273438,254.80076599121094,0.0118255615234375,254.12802124023438,254.12901306152344,-0.0009918212890625,0.04088104888796806,51f81441d59524dce5138520603a366434d87fa32a2e61090c2a9f51d6dcee11,28394e42e1aaf52023c81836c8240c82adc91d6ceecec2eaabb714f8c7adc1f2
hopper-expert-v2,10,1,hybrid,,two_actor_deploy,mart_polyak_mu1,10000,3558.759401167921,266.5485414053335,109.96934069246069,1000,0,1,252.63970947265625,252.42503356933594,0.2146759033203125,253.51837158203125,253.38095092773438,0.137420654296875,0.07115402817726135,7fb0cd4a9b7259187baae09587141fe05649f34ca4769f34127c62dbe9245319,a9fdf658b85802e247d396072781f85a8b64be515e302c64fd48a91fbbeb4f57
hopper-expert-v2,10,1,hybrid,,two_actor_deploy,mart_polyak_mu1,10001,3594.0471859438826,267.5371508696517,111.0535932906208,1000,0,1,252.5431671142578,252.3609619140625,0.1822052001953125,253.49169921875,253.32923889160156,0.1624603271484375,0.05806557834148407,7fb0cd4a9b7259187baae09587141fe05649f34ca4769f34127c62dbe9245319,a9fdf658b85802e247d396072781f85a8b64be515e302c64fd48a91fbbeb4f57
hopper-expert-v2,10,1,hybrid,,two_actor_deploy,mart_polyak_mu1,10002,3630.7008143771295,267.2953348567663,112.17981280576063,1000,0,1,252.69580078125,252.51390075683594,0.1819000244140625,253.51536560058594,253.3771209716797,0.13824462890625,0.06794937700033188,7fb0cd4a9b7259187baae09587141fe05649f34ca4769f34127c62dbe9245319,a9fdf658b85802e247d396072781f85a8b64be515e302c64fd48a91fbbeb4f57
hopper-expert-v2,10,1,hybrid,,two_actor_deploy,mart_polyak_mu1,10003,3621.3197790262816,268.83025373355684,111.89157108083612,1000,0,1,252.43603515625,252.37989807128906,0.0561370849609375,253.30332946777344,253.23023986816406,0.073089599609375,0.051803454756736755,7fb0cd4a9b7259187baae09587141fe05649f34ca4769f34127c62dbe9245319,a9fdf658b85802e247d396072781f85a8b64be515e302c64fd48a91fbbeb4f57
hopper-expert-v2,10,1,hybrid,,two_actor_deploy,mart_polyak_mu1,10004,3593.287208840486,266.6893027891499,111.03024223148994,1000,0,1,252.6858367919922,252.48899841308594,0.19683837890625,253.72891235351562,253.58102416992188,0.14788818359375,0.062394458800554276,7fb0cd4a9b7259187baae09587141fe05649f34ca4769f34127c62dbe9245319,a9fdf658b85802e247d396072781f85a8b64be515e302c64fd48a91fbbeb4f57
hopper-expert-v2,10,1,hybrid,,two_actor_deploy,mart_polyak_mu1,10005,3597.168623346247,267.7412783930768,111.14950258713785,1000,0,1,252.49002075195312,252.3365936279297,0.1534271240234375,253.5736846923828,253.4761199951172,0.097564697265625,0.06364952027797699,7fb0cd4a9b7259187baae09587141fe05649f34ca4769f34127c62dbe9245319,a9fdf658b85802e247d396072781f85a8b64be515e302c64fd48a91fbbeb4f57
hopper-expert-v2,10,1,hybrid,,two_actor_deploy,mart_polyak_mu1,10006,3752.9498989840804,265.82793392797697,115.93603860597224,996,1,0,252.63165283203125,252.4609832763672,0.1706695556640625,253.69729614257812,253.54122924804688,0.15606689453125,0.05754214897751808,7fb0cd4a9b7259187baae09587141fe05649f34ca4769f34127c62dbe9245319,a9fdf658b85802e247d396072781f85a8b64be515e302c64fd48a91fbbeb4f57
hopper-expert-v2,10,1,hybrid,,two_actor_deploy,mart_polyak_mu1,10007,3530.1672569629377,267.1157933495294,109.09081836984838,1000,0,1,252.96250915527344,252.7550048828125,0.2075042724609375,254.06687927246094,253.90054321289062,0.1663360595703125,0.0734141618013382,7fb0cd4a9b7259187baae09587141fe05649f34ca4769f34127c62dbe9245319,a9fdf658b85802e247d396072781f85a8b64be515e302c64fd48a91fbbeb4f57
hopper-expert-v2,10,1,hybrid,,two_actor_deploy,mart_polyak_mu1,10008,3631.5893295543215,266.7274990073662,112.20711332619544,1000,0,1,252.6185302734375,252.49691772460938,0.121612548828125,253.68687438964844,253.5657958984375,0.1210784912109375,0.054547831416130066,7fb0cd4a9b7259187baae09587141fe05649f34ca4769f34127c62dbe9245319,a9fdf658b85802e247d396072781f85a8b64be515e302c64fd48a91fbbeb4f57
hopper-expert-v2,10,1,hybrid,,two_actor_deploy,mart_polyak_mu1,10009,3628.35158460675,267.09232417317986,112.1076303636385,1000,0,1,252.61746215820312,252.47801208496094,0.1394500732421875,253.5865020751953,253.4505615234375,0.1359405517578125,0.05554383620619774,7fb0cd4a9b7259187baae09587141fe05649f34ca4769f34127c62dbe9245319,a9fdf658b85802e247d396072781f85a8b64be515e302c64fd48a91fbbeb4f57
hopper-expert-v2,10,0,hybrid,,two_actor_deploy,two_actor_polyak_target,10000,3758.9259786968,266.836462387772,116.11965965207831,1000,0,1,254.92103576660156,254.91510009765625,0.0059356689453125,254.09449768066406,254.1137237548828,-0.01922607421875,0.060523465275764465,51f81441d59524dce5138520603a366434d87fa32a2e61090c2a9f51d6dcee11,28394e42e1aaf52023c81836c8240c82adc91d6ceecec2eaabb714f8c7adc1f2
hopper-expert-v2,10,0,hybrid,,two_actor_deploy,two_actor_polyak_target,10001,3547.9009262931904,265.5733065946008,109.63570315556994,1000,0,1,254.6385498046875,254.59494018554688,0.043609619140625,253.9349822998047,253.92466735839844,0.01031494140625,0.04249489679932594,51f81441d59524dce5138520603a366434d87fa32a2e61090c2a9f51d6dcee11,28394e42e1aaf52023c81836c8240c82adc91d6ceecec2eaabb714f8c7adc1f2
hopper-expert-v2,10,0,hybrid,,two_actor_deploy,two_actor_polyak_target,10002,3570.8302416145425,267.55362293103474,110.3402293781438,1000,0,1,254.95449829101562,254.98912048339844,-0.0346221923828125,254.1773223876953,254.2324676513672,-0.055145263671875,0.06047481298446655,51f81441d59524dce5138520603a366434d87fa32a2e61090c2a9f51d6dcee11,28394e42e1aaf52023c81836c8240c82adc91d6ceecec2eaabb714f8c7adc1f2
hopper-expert-v2,10,0,hybrid,,two_actor_deploy,two_actor_polyak_target,10003,3533.9395532556828,267.0703854601115,109.20672595890237,1000,0,1,254.995361328125,254.9582977294922,0.0370635986328125,254.03427124023438,254.05038452148438,-0.01611328125,0.06307519972324371,51f81441d59524dce5138520603a366434d87fa32a2e61090c2a9f51d6dcee11,28394e42e1aaf52023c81836c8240c82adc91d6ceecec2eaabb714f8c7adc1f2
hopper-expert-v2,10,0,hybrid,,two_actor_deploy,two_actor_polyak_target,10004,3750.2148407523796,268.53905291626324,115.85200119720123,1000,0,1,254.8201904296875,254.7879180908203,0.0322723388671875,254.1951141357422,254.1811981201172,0.013916015625,0.048016782850027084,51f81441d59524dce5138520603a366434d87fa32a2e61090c2a9f51d6dcee11,28394e42e1aaf52023c81836c8240c82adc91d6ceecec2eaabb714f8c7adc1f2
hopper-expert-v2,10,0,hybrid,,two_actor_deploy,two_actor_polyak_target,10005,3535.80121530811,267.36647135899346,109.26392739362139,1000,0,1,254.9582061767578,254.8665008544922,0.091705322265625,254.1970672607422,254.15296936035156,0.044097900390625,0.0593944750726223,51f81441d59524dce5138520603a366434d87fa32a2e61090c2a9f51d6dcee11,28394e42e1aaf52023c81836c8240c82adc91d6ceecec2eaabb714f8c7adc1f2
hopper-expert-v2,10,0,hybrid,,two_actor_deploy,two_actor_polyak_target,10006,3541.180015792304,265.65085437367287,109.42919643606761,1000,0,1,254.6651611328125,254.58131408691406,0.0838470458984375,254.05250549316406,253.999267578125,0.0532379150390625,0.040041375905275345,51f81441d59524dce5138520603a366434d87fa32a2e61090c2a9f51d6dcee11,28394e42e1aaf52023c81836c8240c82adc91d6ceecec2eaabb714f8c7adc1f2
hopper-expert-v2,10,0,hybrid,,two_actor_deploy,two_actor_polyak_target,10007,3250.961547437202,267.06618563177636,100.51194276469462,858,1,0,254.89959716796875,254.87313842773438,0.026458740234375,254.456787109375,254.4552459716797,0.0015411376953125,0.04307179898023605,51f81441d59524dce5138520603a366434d87fa32a2e61090c2a9f51d6dcee11,28394e42e1aaf52023c81836c8240c82adc91d6ceecec2eaabb714f8c7adc1f2
hopper-expert-v2,10,0,hybrid,,two_actor_deploy,two_actor_polyak_target,10008,3570.495505534203,267.00094186099864,110.32994427617126,1000,0,1,254.7688751220703,254.68299865722656,0.08587646484375,254.19309997558594,254.13162231445312,0.0614776611328125,0.04357088357210159,51f81441d59524dce5138520603a366434d87fa32a2e61090c2a9f51d6dcee11,28394e42e1aaf52023c81836c8240c82adc91d6ceecec2eaabb714f8c7adc1f2
hopper-expert-v2,10,0,hybrid,,two_actor_deploy,two_actor_polyak_target,10009,3561.4386171406486,266.9958128111929,110.05166229178762,1000,0,1,254.81259155273438,254.76943969726562,0.04315185546875,254.12802124023438,254.10977172851562,0.01824951171875,0.04582277685403824,51f81441d59524dce5138520603a366434d87fa32a2e61090c2a9f51d6dcee11,28394e42e1aaf52023c81836c8240c82adc91d6ceecec2eaabb714f8c7adc1f2
hopper-expert-v2,10,1,hybrid,,two_actor_deploy,two_actor_polyak_target,10000,3573.6336312134085,267.2295131663849,110.42636633674077,1000,0,1,252.63970947265625,252.38929748535156,0.2504119873046875,253.51837158203125,253.39328002929688,0.125091552734375,0.07579410821199417,7fb0cd4a9b7259187baae09587141fe05649f34ca4769f34127c62dbe9245319,a9fdf658b85802e247d396072781f85a8b64be515e302c64fd48a91fbbeb4f57
hopper-expert-v2,10,1,hybrid,,two_actor_deploy,two_actor_polyak_target,10001,3586.5841355199714,265.497556066822,110.82428357725398,1000,0,1,252.5431671142578,252.31459045410156,0.22857666015625,253.49169921875,253.29251098632812,0.199188232421875,0.06993840634822845,7fb0cd4a9b7259187baae09587141fe05649f34ca4769f34127c62dbe9245319,a9fdf658b85802e247d396072781f85a8b64be515e302c64fd48a91fbbeb4f57
hopper-expert-v2,10,1,hybrid,,two_actor_deploy,two_actor_polyak_target,10002,3532.3323051124075,267.2384246093044,109.15734164684375,1000,0,1,252.69580078125,252.5008544921875,0.1949462890625,253.51536560058594,253.39260864257812,0.1227569580078125,0.07363565266132355,7fb0cd4a9b7259187baae09587141fe05649f34ca4769f34127c62dbe9245319,a9fdf658b85802e247d396072781f85a8b64be515e302c64fd48a91fbbeb4f57
hopper-expert-v2,10,1,hybrid,,two_actor_deploy,two_actor_polyak_target,10003,3635.4720794014297,266.76081069061337,112.32641471154624,1000,0,1,252.43603515625,252.24935913085938,0.186676025390625,253.30332946777344,253.18328857421875,0.1200408935546875,0.07361126691102982,7fb0cd4a9b7259187baae09587141fe05649f34ca4769f34127c62dbe9245319,a9fdf658b85802e247d396072781f85a8b64be515e302c64fd48a91fbbeb4f57
hopper-expert-v2,10,1,hybrid,,two_actor_deploy,two_actor_polyak_target,10004,3576.1557252657617,266.70453484640313,110.50386020739403,1000,0,1,252.6858367919922,252.41673278808594,0.26910400390625,253.72891235351562,253.5364227294922,0.1924896240234375,0.08009602129459381,7fb0cd4a9b7259187baae09587141fe05649f34ca4769f34127c62dbe9245319,a9fdf658b85802e247d396072781f85a8b64be515e302c64fd48a91fbbeb4f57
hopper-expert-v2,10,1,hybrid,,two_actor_deploy,two_actor_polyak_target,10005,3581.112889758387,268.04335795852376,110.65617406089206,1000,0,1,252.49002075195312,252.2455596923828,0.2444610595703125,253.5736846923828,253.4197540283203,0.1539306640625,0.07865042239427567,7fb0cd4a9b7259187baae09587141fe05649f34ca4769f34127c62dbe9245319,a9fdf658b85802e247d396072781f85a8b64be515e302c64fd48a91fbbeb4f57
hopper-expert-v2,10,1,hybrid,,two_actor_deploy,two_actor_polyak_target,10006,3561.742623425252,266.5084187842758,110.06100318994916,1000,0,1,252.63165283203125,252.4091796875,0.22247314453125,253.69729614257812,253.4974822998047,0.1998138427734375,0.07099362462759018,7fb0cd4a9b7259187baae09587141fe05649f34ca4769f34127c62dbe9245319,a9fdf658b85802e247d396072781f85a8b64be515e302c64fd48a91fbbeb4f57
hopper-expert-v2,10,1,hybrid,,two_actor_deploy,two_actor_polyak_target,10007,2484.3465576328695,267.74463500332024,76.95692791292494,655,1,0,252.96250915527344,252.74148559570312,0.2210235595703125,254.06687927246094,253.8964385986328,0.170440673828125,0.07439076900482178,7fb0cd4a9b7259187baae09587141fe05649f34ca4769f34127c62dbe9245319,a9fdf658b85802e247d396072781f85a8b64be515e302c64fd48a91fbbeb4f57
hopper-expert-v2,10,1,hybrid,,two_actor_deploy,two_actor_polyak_target,10008,3534.2806224246715,267.03879155882873,109.21720565137886,1000,0,1,252.6185302734375,252.46388244628906,0.1546478271484375,253.68687438964844,253.5373992919922,0.14947509765625,0.06902354210615158,7fb0cd4a9b7259187baae09587141fe05649f34ca4769f34127c62dbe9245319,a9fdf658b85802e247d396072781f85a8b64be515e302c64fd48a91fbbeb4f57
hopper-expert-v2,10,1,hybrid,,two_actor_deploy,two_actor_polyak_target,10009,3537.808581110169,267.1967694999559,109.32560572226,1000,0,1,252.61746215820312,252.4213104248047,0.1961517333984375,253.5865020751953,253.40164184570312,0.1848602294921875,0.07243908941745758,7fb0cd4a9b7259187baae09587141fe05649f34ca4769f34127c62dbe9245319,a9fdf658b85802e247d396072781f85a8b64be515e302c64fd48a91fbbeb4f57
hopper-expert-v2,10,0,baseline,,mart_polyak_mu1,mart_polyak_mu1,10000,3136.54721577354,268.02736350931855,96.99644761075726,824,1,0,254.95199584960938,254.95199584960938,0.0,254.1318359375,254.1318359375,0.0,0.0,51f81441d59524dce5138520603a366434d87fa32a2e61090c2a9f51d6dcee11,28394e42e1aaf52023c81836c8240c82adc91d6ceecec2eaabb714f8c7adc1f2
hopper-expert-v2,10,0,baseline,,mart_polyak_mu1,mart_polyak_mu1,10001,3633.724748774175,267.79360878468765,112.27272622459606,1000,0,1,254.67955017089844,254.67955017089844,0.0,253.9732208251953,253.9732208251953,0.0,0.0,51f81441d59524dce5138520603a366434d87fa32a2e61090c2a9f51d6dcee11,28394e42e1aaf52023c81836c8240c82adc91d6ceecec2eaabb714f8c7adc1f2
hopper-expert-v2,10,0,baseline,,mart_polyak_mu1,mart_polyak_mu1,10002,3568.746503056835,267.0324223064617,110.27620441994866,1000,0,1,254.9701385498047,254.9701385498047,0.0,254.2089080810547,254.2089080810547,0.0,0.0,51f81441d59524dce5138520603a366434d87fa32a2e61090c2a9f51d6dcee11,28394e42e1aaf52023c81836c8240c82adc91d6ceecec2eaabb714f8c7adc1f2
hopper-expert-v2,10,0,baseline,,mart_polyak_mu1,mart_polyak_mu1,10003,3571.2888591528044,267.07960883739565,110.35432086222477,1000,0,1,254.96469116210938,254.96469116210938,0.0,254.03916931152344,254.03916931152344,0.0,0.0,51f81441d59524dce5138520603a366434d87fa32a2e61090c2a9f51d6dcee11,28394e42e1aaf52023c81836c8240c82adc91d6ceecec2eaabb714f8c7adc1f2
hopper-expert-v2,10,0,baseline,,mart_polyak_mu1,mart_polyak_mu1,10004,3617.4036850252714,266.5675215633492,111.77124516289618,1000,0,1,254.849853515625,254.849853515625,0.0,254.22073364257812,254.22073364257812,0.0,0.0,51f81441d59524dce5138520603a366434d87fa32a2e61090c2a9f51d6dcee11,28394e42e1aaf52023c81836c8240c82adc91d6ceecec2eaabb714f8c7adc1f2
hopper-expert-v2,10,0,baseline,,mart_polyak_mu1,mart_polyak_mu1,10005,2717.7969181716735,267.483808663396,84.12992450544661,723,1,0,254.904052734375,254.904052734375,0.0,254.1887664794922,254.1887664794922,0.0,0.0,51f81441d59524dce5138520603a366434d87fa32a2e61090c2a9f51d6dcee11,28394e42e1aaf52023c81836c8240c82adc91d6ceecec2eaabb714f8c7adc1f2
hopper-expert-v2,10,0,baseline,,mart_polyak_mu1,mart_polyak_mu1,10006,1879.7596963933413,266.885728462615,58.38038990482165,498,1,0,254.69644165039062,254.69644165039062,0.0,254.0749969482422,254.0749969482422,0.0,0.0,51f81441d59524dce5138520603a366434d87fa32a2e61090c2a9f51d6dcee11,28394e42e1aaf52023c81836c8240c82adc91d6ceecec2eaabb714f8c7adc1f2
hopper-expert-v2,10,0,baseline,,mart_polyak_mu1,mart_polyak_mu1,10007,3291.52595338006,267.57416433207953,101.7583248432411,868,1,0,254.91238403320312,254.91238403320312,0.0,254.46730041503906,254.46730041503906,0.0,0.0,51f81441d59524dce5138520603a366434d87fa32a2e61090c2a9f51d6dcee11,28394e42e1aaf52023c81836c8240c82adc91d6ceecec2eaabb714f8c7adc1f2
hopper-expert-v2,10,0,baseline,,mart_polyak_mu1,mart_polyak_mu1,10008,3490.7354454502283,266.49308870321744,107.8792363917147,930,1,0,254.72650146484375,254.72650146484375,0.0,254.1655731201172,254.1655731201172,0.0,0.0,51f81441d59524dce5138520603a366434d87fa32a2e61090c2a9f51d6dcee11,28394e42e1aaf52023c81836c8240c82adc91d6ceecec2eaabb714f8c7adc1f2
hopper-expert-v2,10,0,baseline,,mart_polyak_mu1,mart_polyak_mu1,10009,3661.86108045451,266.63567694722593,113.13724324998549,1000,0,1,254.80076599121094,254.80076599121094,0.0,254.12901306152344,254.12901306152344,0.0,0.0,51f81441d59524dce5138520603a366434d87fa32a2e61090c2a9f51d6dcee11,28394e42e1aaf52023c81836c8240c82adc91d6ceecec2eaabb714f8c7adc1f2
hopper-expert-v2,10,1,baseline,,mart_polyak_mu1,mart_polyak_mu1,10000,3526.1325488871703,267.3189805819589,108.96684791543353,1000,0,1,252.42503356933594,252.42503356933594,0.0,253.38095092773438,253.38095092773438,0.0,0.0,7fb0cd4a9b7259187baae09587141fe05649f34ca4769f34127c62dbe9245319,a9fdf658b85802e247d396072781f85a8b64be515e302c64fd48a91fbbeb4f57
hopper-expert-v2,10,1,baseline,,mart_polyak_mu1,mart_polyak_mu1,10001,3564.705101243138,265.5603119248983,110.15202829371884,1000,0,1,252.3609619140625,252.3609619140625,0.0,253.32923889160156,253.32923889160156,0.0,0.0,7fb0cd4a9b7259187baae09587141fe05649f34ca4769f34127c62dbe9245319,a9fdf658b85802e247d396072781f85a8b64be515e302c64fd48a91fbbeb4f57
hopper-expert-v2,10,1,baseline,,mart_polyak_mu1,mart_polyak_mu1,10002,3600.13472085835,267.5772905823671,111.24063890964469,1000,0,1,252.51390075683594,252.51390075683594,0.0,253.3771209716797,253.3771209716797,0.0,0.0,7fb0cd4a9b7259187baae09587141fe05649f34ca4769f34127c62dbe9245319,a9fdf658b85802e247d396072781f85a8b64be515e302c64fd48a91fbbeb4f57
hopper-expert-v2,10,1,baseline,,mart_polyak_mu1,mart_polyak_mu1,10003,3555.1803596621903,268.19262778653706,109.85937105066684,929,1,0,252.37989807128906,252.37989807128906,0.0,253.23023986816406,253.23023986816406,0.0,0.0,7fb0cd4a9b7259187baae09587141fe05649f34ca4769f34127c62dbe9245319,a9fdf658b85802e247d396072781f85a8b64be515e302c64fd48a91fbbeb4f57
hopper-expert-v2,10,1,baseline,,mart_polyak_mu1,mart_polyak_mu1,10004,2602.375206884016,267.677351482883,80.58347660166719,691,1,0,252.48899841308594,252.48899841308594,0.0,253.58102416992188,253.58102416992188,0.0,0.0,7fb0cd4a9b7259187baae09587141fe05649f34ca4769f34127c62dbe9245319,a9fdf658b85802e247d396072781f85a8b64be515e302c64fd48a91fbbeb4f57
hopper-expert-v2,10,1,baseline,,mart_polyak_mu1,mart_polyak_mu1,10005,2478.4355169055166,268.82681073653623,76.7753052549102,653,1,0,252.3365936279297,252.3365936279297,0.0,253.4761199951172,253.4761199951172,0.0,0.0,7fb0cd4a9b7259187baae09587141fe05649f34ca4769f34127c62dbe9245319,a9fdf658b85802e247d396072781f85a8b64be515e302c64fd48a91fbbeb4f57
hopper-expert-v2,10,1,baseline,,mart_polyak_mu1,mart_polyak_mu1,10006,3628.6723610049935,266.04883933062854,112.11748654037027,1000,0,1,252.4609832763672,252.4609832763672,0.0,253.54122924804688,253.54122924804688,0.0,0.0,7fb0cd4a9b7259187baae09587141fe05649f34ca4769f34127c62dbe9245319,a9fdf658b85802e247d396072781f85a8b64be515e302c64fd48a91fbbeb4f57
hopper-expert-v2,10,1,baseline,,mart_polyak_mu1,mart_polyak_mu1,10007,3578.481525073679,267.8921109712399,110.5753227404078,1000,0,1,252.7550048828125,252.7550048828125,0.0,253.90054321289062,253.90054321289062,0.0,0.0,7fb0cd4a9b7259187baae09587141fe05649f34ca4769f34127c62dbe9245319,a9fdf658b85802e247d396072781f85a8b64be515e302c64fd48a91fbbeb4f57
hopper-expert-v2,10,1,baseline,,mart_polyak_mu1,mart_polyak_mu1,10008,3662.6287822628165,267.3667631939516,113.16083165842635,1000,0,1,252.49691772460938,252.49691772460938,0.0,253.5657958984375,253.5657958984375,0.0,0.0,7fb0cd4a9b7259187baae09587141fe05649f34ca4769f34127c62dbe9245319,a9fdf658b85802e247d396072781f85a8b64be515e302c64fd48a91fbbeb4f57
hopper-expert-v2,10,1,baseline,,mart_polyak_mu1,mart_polyak_mu1,10009,2612.9544345590884,268.5342540887148,80.90853398812683,693,1,0,252.47801208496094,252.47801208496094,0.0,253.4505615234375,253.4505615234375,0.0,0.0,7fb0cd4a9b7259187baae09587141fe05649f34ca4769f34127c62dbe9245319,a9fdf658b85802e247d396072781f85a8b64be515e302c64fd48a91fbbeb4f57
hopper-expert-v2,10,0,baseline,,two_actor_polyak_target,two_actor_polyak_target,10000,3359.229830694341,267.3505539766909,103.83859441384698,902,1,0,254.91510009765625,254.91510009765625,0.0,254.1137237548828,254.1137237548828,0.0,0.0,51f81441d59524dce5138520603a366434d87fa32a2e61090c2a9f51d6dcee11,28394e42e1aaf52023c81836c8240c82adc91d6ceecec2eaabb714f8c7adc1f2
hopper-expert-v2,10,0,baseline,,two_actor_polyak_target,two_actor_polyak_target,10001,2366.5302973001676,266.0137292746355,73.3369050868319,639,1,0,254.59494018554688,254.59494018554688,0.0,253.92466735839844,253.92466735839844,0.0,0.0,51f81441d59524dce5138520603a366434d87fa32a2e61090c2a9f51d6dcee11,28394e42e1aaf52023c81836c8240c82adc91d6ceecec2eaabb714f8c7adc1f2
hopper-expert-v2,10,0,baseline,,two_actor_polyak_target,two_actor_polyak_target,10002,3592.9001163581843,267.39060387576313,111.01834842652802,1000,0,1,254.98912048339844,254.98912048339844,0.0,254.2324676513672,254.2324676513672,0.0,0.0,51f81441d59524dce5138520603a366434d87fa32a2e61090c2a9f51d6dcee11,28394e42e1aaf52023c81836c8240c82adc91d6ceecec2eaabb714f8c7adc1f2
hopper-expert-v2,10,0,baseline,,two_actor_polyak_target,two_actor_polyak_target,10003,3546.026350819106,267.1684019840817,109.57810494301204,1000,0,1,254.9582977294922,254.9582977294922,0.0,254.05038452148438,254.05038452148438,0.0,0.0,51f81441d59524dce5138520603a366434d87fa32a2e61090c2a9f51d6dcee11,28394e42e1aaf52023c81836c8240c82adc91d6ceecec2eaabb714f8c7adc1f2
hopper-expert-v2,10,0,baseline,,two_actor_polyak_target,two_actor_polyak_target,10004,3578.158891071752,267.74361116041086,110.56540948693876,1000,0,1,254.7879180908203,254.7879180908203,0.0,254.1811981201172,254.1811981201172,0.0,0.0,51f81441d59524dce5138520603a366434d87fa32a2e61090c2a9f51d6dcee11,28394e42e1aaf52023c81836c8240c82adc91d6ceecec2eaabb714f8c7adc1f2
hopper-expert-v2,10,0,baseline,,two_actor_polyak_target,two_actor_polyak_target,10005,3593.345369982781,268.12943632769105,111.03202929095106,1000,0,1,254.8665008544922,254.8665008544922,0.0,254.15296936035156,254.15296936035156,0.0,0.0,51f81441d59524dce5138520603a366434d87fa32a2e61090c2a9f51d6dcee11,28394e42e1aaf52023c81836c8240c82adc91d6ceecec2eaabb714f8c7adc1f2
hopper-expert-v2,10,0,baseline,,two_actor_polyak_target,two_actor_polyak_target,10006,2422.760628675843,266.24325305691957,75.06463844489215,652,1,0,254.58131408691406,254.58131408691406,0.0,253.999267578125,253.999267578125,0.0,0.0,51f81441d59524dce5138520603a366434d87fa32a2e61090c2a9f51d6dcee11,28394e42e1aaf52023c81836c8240c82adc91d6ceecec2eaabb714f8c7adc1f2
hopper-expert-v2,10,0,baseline,,two_actor_polyak_target,two_actor_polyak_target,10007,3557.01009944579,267.1351595406085,109.91559164164244,1000,0,1,254.87313842773438,254.87313842773438,0.0,254.4552459716797,254.4552459716797,0.0,0.0,51f81441d59524dce5138520603a366434d87fa32a2e61090c2a9f51d6dcee11,28394e42e1aaf52023c81836c8240c82adc91d6ceecec2eaabb714f8c7adc1f2
hopper-expert-v2,10,0,baseline,,two_actor_polyak_target,two_actor_polyak_target,10008,3534.4637088881104,266.7794649942183,109.22283116669335,1000,0,1,254.68299865722656,254.68299865722656,0.0,254.13162231445312,254.13162231445312,0.0,0.0,51f81441d59524dce5138520603a366434d87fa32a2e61090c2a9f51d6dcee11,28394e42e1aaf52023c81836c8240c82adc91d6ceecec2eaabb714f8c7adc1f2
hopper-expert-v2,10,0,baseline,,two_actor_polyak_target,two_actor_polyak_target,10009,3550.0306034908654,267.8149832779749,109.70113962457704,1000,0,1,254.76943969726562,254.76943969726562,0.0,254.10977172851562,254.10977172851562,0.0,0.0,51f81441d59524dce5138520603a366434d87fa32a2e61090c2a9f51d6dcee11,28394e42e1aaf52023c81836c8240c82adc91d6ceecec2eaabb714f8c7adc1f2
hopper-expert-v2,10,1,baseline,,two_actor_polyak_target,two_actor_polyak_target,10000,3558.9688031029523,267.5461542452089,109.97577477704714,1000,0,1,252.38929748535156,252.38929748535156,0.0,253.39328002929688,253.39328002929688,0.0,0.0,7fb0cd4a9b7259187baae09587141fe05649f34ca4769f34127c62dbe9245319,a9fdf658b85802e247d396072781f85a8b64be515e302c64fd48a91fbbeb4f57
hopper-expert-v2,10,1,baseline,,two_actor_polyak_target,two_actor_polyak_target,10001,3636.037751058764,266.40863209056806,112.34379554086335,971,1,0,252.31459045410156,252.31459045410156,0.0,253.29251098632812,253.29251098632812,0.0,0.0,7fb0cd4a9b7259187baae09587141fe05649f34ca4769f34127c62dbe9245319,a9fdf658b85802e247d396072781f85a8b64be515e302c64fd48a91fbbeb4f57
hopper-expert-v2,10,1,baseline,,two_actor_polyak_target,two_actor_polyak_target,10002,3576.3835596334025,268.12544188191515,110.51086064696915,1000,0,1,252.5008544921875,252.5008544921875,0.0,253.39260864257812,253.39260864257812,0.0,0.0,7fb0cd4a9b7259187baae09587141fe05649f34ca4769f34127c62dbe9245319,a9fdf658b85802e247d396072781f85a8b64be515e302c64fd48a91fbbeb4f57
hopper-expert-v2,10,1,baseline,,two_actor_polyak_target,two_actor_polyak_target,10003,3226.334854560187,267.3084281008972,99.75526291342256,861,1,0,252.24935913085938,252.24935913085938,0.0,253.18328857421875,253.18328857421875,0.0,0.0,7fb0cd4a9b7259187baae09587141fe05649f34ca4769f34127c62dbe9245319,a9fdf658b85802e247d396072781f85a8b64be515e302c64fd48a91fbbeb4f57
hopper-expert-v2,10,1,baseline,,two_actor_polyak_target,two_actor_polyak_target,10004,3277.424400374659,267.5693862655854,101.32504047639091,866,1,0,252.41673278808594,252.41673278808594,0.0,253.5364227294922,253.5364227294922,0.0,0.0,7fb0cd4a9b7259187baae09587141fe05649f34ca4769f34127c62dbe9245319,a9fdf658b85802e247d396072781f85a8b64be515e302c64fd48a91fbbeb4f57
hopper-expert-v2,10,1,baseline,,two_actor_polyak_target,two_actor_polyak_target,10005,3540.9213967317096,267.7460842855984,109.42125010590938,1000,0,1,252.2455596923828,252.2455596923828,0.0,253.4197540283203,253.4197540283203,0.0,0.0,7fb0cd4a9b7259187baae09587141fe05649f34ca4769f34127c62dbe9245319,a9fdf658b85802e247d396072781f85a8b64be515e302c64fd48a91fbbeb4f57
hopper-expert-v2,10,1,baseline,,two_actor_polyak_target,two_actor_polyak_target,10006,3577.5896339657143,266.5256954493208,110.54791849111227,1000,0,1,252.4091796875,252.4091796875,0.0,253.4974822998047,253.4974822998047,0.0,0.0,7fb0cd4a9b7259187baae09587141fe05649f34ca4769f34127c62dbe9245319,a9fdf658b85802e247d396072781f85a8b64be515e302c64fd48a91fbbeb4f57
hopper-expert-v2,10,1,baseline,,two_actor_polyak_target,two_actor_polyak_target,10007,3264.993335308682,267.6304533175473,100.9430835277965,866,1,0,252.74148559570312,252.74148559570312,0.0,253.8964385986328,253.8964385986328,0.0,0.0,7fb0cd4a9b7259187baae09587141fe05649f34ca4769f34127c62dbe9245319,a9fdf658b85802e247d396072781f85a8b64be515e302c64fd48a91fbbeb4f57
hopper-expert-v2,10,1,baseline,,two_actor_polyak_target,two_actor_polyak_target,10008,3533.135396836694,266.8907611061587,109.1820174459665,1000,0,1,252.46388244628906,252.46388244628906,0.0,253.5373992919922,253.5373992919922,0.0,0.0,7fb0cd4a9b7259187baae09587141fe05649f34ca4769f34127c62dbe9245319,a9fdf658b85802e247d396072781f85a8b64be515e302c64fd48a91fbbeb4f57
hopper-expert-v2,10,1,baseline,,two_actor_polyak_target,two_actor_polyak_target,10009,3741.8685484990906,267.6550257173099,115.59555299230296,1000,0,1,252.4213104248047,252.4213104248047,0.0,253.40164184570312,253.40164184570312,0.0,0.0,7fb0cd4a9b7259187baae09587141fe05649f34ca4769f34127c62dbe9245319,a9fdf658b85802e247d396072781f85a8b64be515e302c64fd48a91fbbeb4f57
hopper-medium-v2,10,0,hybrid,4,mart_hop,mart_polyak_mu1,10000,1281.0639790129683,234.76575972431084,39.984863203491436,410,1,0,218.13417053222656,217.62161254882812,0.5125579833984375,217.7117462158203,217.39588928222656,0.31585693359375,0.1323799192905426,c18b5784bbb5ff656afb5d80ca61d1b5a828853cc6108b710ad009500f1d0f3d,11d881d2cdb89c2d671efbb1858f595689221bb8c08588fb35a4307829be8480
hopper-medium-v2,10,0,hybrid,4,mart_hop,mart_polyak_mu1,10001,1723.0161057466753,237.70569332661415,53.564285791667956,525,1,0,218.5511932373047,217.99412536621094,0.55706787109375,218.09202575683594,217.71705627441406,0.374969482421875,0.1254500448703766,c18b5784bbb5ff656afb5d80ca61d1b5a828853cc6108b710ad009500f1d0f3d,11d881d2cdb89c2d671efbb1858f595689221bb8c08588fb35a4307829be8480
hopper-medium-v2,10,0,hybrid,4,mart_hop,mart_polyak_mu1,10002,1919.1204856626384,238.30338367882598,59.589789653256396,590,1,0,218.1586456298828,217.5447998046875,0.6138458251953125,217.67800903320312,217.32672119140625,0.351287841796875,0.14090701937675476,c18b5784bbb5ff656afb5d80ca61d1b5a828853cc6108b710ad009500f1d0f3d,11d881d2cdb89c2d671efbb1858f595689221bb8c08588fb35a4307829be8480
hopper-medium-v2,10,0,hybrid,4,mart_hop,mart_polyak_mu1,10003,1568.489370632436,237.80049401056087,48.81629678933914,487,1,0,217.4705047607422,216.86985778808594,0.60064697265625,217.05845642089844,216.7178955078125,0.3405609130859375,0.15149207413196564,c18b5784bbb5ff656afb5d80ca61d1b5a828853cc6108b710ad009500f1d0f3d,11d881d2cdb89c2d671efbb1858f595689221bb8c08588fb35a4307829be8480
hopper-medium-v2,10,0,hybrid,4,mart_hop,mart_polyak_mu1,10004,1505.308305042146,237.5213455571541,46.87499514754661,461,1,0,218.21339416503906,217.65415954589844,0.559234619140625,217.7665557861328,217.40992736816406,0.35662841796875,0.12946438789367676,c18b5784bbb5ff656afb5d80ca61d1b5a828853cc6108b710ad009500f1d0f3d,11d881d2cdb89c2d671efbb1858f595689221bb8c08588fb35a4307829be8480
hopper-medium-v2,10,0,hybrid,4,mart_hop,mart_polyak_mu1,10005,1481.6999860313128,238.06248456112095,46.14960585524041,454,1,0,218.142822265625,217.60897827148438,0.533843994140625,217.83384704589844,217.4819793701172,0.35186767578125,0.14310267567634583,c18b5784bbb5ff656afb5d80ca61d1b5a828853cc6108b710ad009500f1d0f3d,11d881d2cdb89c2d671efbb1858f595689221bb8c08588fb35a4307829be8480
hopper-medium-v2,10,0,hybrid,4,mart_hop,mart_polyak_mu1,10006,1367.3377204274755,236.03056540868974,42.63571048323892,427,1,0,219.04266357421875,218.45626831054688,0.586395263671875,218.8153839111328,218.27914428710938,0.5362396240234375,0.13374140858650208,c18b5784bbb5ff656afb5d80ca61d1b5a828853cc6108b710ad009500f1d0f3d,11d881d2cdb89c2d671efbb1858f595689221bb8c08588fb35a4307829be8480
hopper-medium-v2,10,0,hybrid,4,mart_hop,mart_polyak_mu1,10007,1764.9590083779685,237.09312091107915,54.85302356427347,541,1,0,219.1775665283203,218.62322998046875,0.5543365478515625,218.9529266357422,218.55206298828125,0.4008636474609375,0.12411998957395554,c18b5784bbb5ff656afb5d80ca61d1b5a828853cc6108b710ad009500f1d0f3d,11d881d2cdb89c2d671efbb1858f595689221bb8c08588fb35a4307829be8480
hopper-medium-v2,10,0,hybrid,4,mart_hop,mart_polyak_mu1,10008,1470.7016681685893,237.37850635158782,45.81167150221261,451,1,0,219.12200927734375,218.51364135742188,0.608367919921875,219.01321411132812,218.53976440429688,0.47344970703125,0.14712481200695038,c18b5784bbb5ff656afb5d80ca61d1b5a828853cc6108b710ad009500f1d0f3d,11d881d2cdb89c2d671efbb1858f595689221bb8c08588fb35a4307829be8480
hopper-medium-v2,10,0,hybrid,4,mart_hop,mart_polyak_mu1,10009,1556.043408646842,238.11634686725054,48.43388211794059,480,1,0,218.57582092285156,217.96755981445312,0.6082611083984375,218.2831268310547,217.8509521484375,0.4321746826171875,0.14819838106632233,c18b5784bbb5ff656afb5d80ca61d1b5a828853cc6108b710ad009500f1d0f3d,11d881d2cdb89c2d671efbb1858f595689221bb8c08588fb35a4307829be8480
hopper-medium-v2,10,1,hybrid,4,mart_hop,mart_polyak_mu1,10000,1569.291038220468,237.55286553324314,48.840928830446366,489,1,0,220.6671600341797,220.3599853515625,0.3071746826171875,218.95863342285156,218.65110778808594,0.307525634765625,0.09573357552289963,6aa372aefdb40f3dac09e1f026d781d3bab7e63f4735743c358c1bda69a1acc3,6ebbfe48b0b39daa531a6300b8c744a704986b2a138644d5d4bcc99179fdfbde
hopper-medium-v2,10,1,hybrid,4,mart_hop,mart_polyak_mu1,10001,1526.9086287193209,237.30782019993026,47.53868676822409,474,1,0,220.38938903808594,220.05043029785156,0.338958740234375,219.3057098388672,218.953125,0.3525848388671875,0.10603180527687073,6aa372aefdb40f3dac09e1f026d781d3bab7e63f4735743c358c1bda69a1acc3,6ebbfe48b0b39daa531a6300b8c744a704986b2a138644d5d4bcc99179fdfbde
hopper-medium-v2,10,1,hybrid,4,mart_hop,mart_polyak_mu1,10002,1466.0836669043788,237.05636644017284,45.66977877925433,452,1,0,220.51675415039062,220.20497131347656,0.3117828369140625,218.8777313232422,218.63258361816406,0.245147705078125,0.09730744361877441,6aa372aefdb40f3dac09e1f026d781d3bab7e63f4735743c358c1bda69a1acc3,6ebbfe48b0b39daa531a6300b8c744a704986b2a138644d5d4bcc99179fdfbde
hopper-medium-v2,10,1,hybrid,4,mart_hop,mart_polyak_mu1,10003,1714.2800420515043,238.65531650067362,53.295861468086336,525,1,0,220.0146026611328,219.65185546875,0.3627471923828125,218.2802276611328,217.95188903808594,0.328338623046875,0.09527532756328583,6aa372aefdb40f3dac09e1f026d781d3bab7e63f4735743c358c1bda69a1acc3,6ebbfe48b0b39daa531a6300b8c744a704986b2a138644d5d4bcc99179fdfbde
hopper-medium-v2,10,1,hybrid,4,mart_hop,mart_polyak_mu1,10004,1471.9395409613364,237.31905411916895,45.84970638596202,453,1,0,220.39694213867188,220.08445739746094,0.3124847412109375,219.06175231933594,218.73941040039062,0.3223419189453125,0.09989772737026215,6aa372aefdb40f3dac09e1f026d781d3bab7e63f4735743c358c1bda69a1acc3,6ebbfe48b0b39daa531a6300b8c744a704986b2a138644d5d4bcc99179fdfbde
hopper-medium-v2,10,1,hybrid,4,mart_hop,mart_polyak_mu1,10005,1573.6340137717125,237.55914985221412,48.97437111238837,493,1,0,220.86244201660156,220.53916931152344,0.323272705078125,219.03355407714844,218.7505340576172,0.28302001953125,0.08712060004472733,6aa372aefdb40f3dac09e1f026d781d3bab7e63f4735743c358c1bda69a1acc3,6ebbfe48b0b39daa531a6300b8c744a704986b2a138644d5d4bcc99179fdfbde
hopper-medium-v2,10,1,hybrid,4,mart_hop,mart_polyak_mu1,10006,1665.963584683977,237.64002032485138,51.81128983041528,512,1,0,220.98915100097656,220.62400817871094,0.365142822265625,219.82872009277344,219.4640350341797,0.36468505859375,0.10757335275411606,6aa372aefdb40f3dac09e1f026d781d3bab7e63f4735743c358c1bda69a1acc3,6ebbfe48b0b39daa531a6300b8c744a704986b2a138644d5d4bcc99179fdfbde
hopper-medium-v2,10,1,hybrid,4,mart_hop,mart_polyak_mu1,10007,1881.1479886987674,238.16928508304454,58.423046579042506,579,1,0,221.43080139160156,221.12289428710938,0.3079071044921875,220.13673400878906,219.83888244628906,0.2978515625,0.09775764495134354,6aa372aefdb40f3dac09e1f026d781d3bab7e63f4735743c358c1bda69a1acc3,6ebbfe48b0b39daa531a6300b8c744a704986b2a138644d5d4bcc99179fdfbde
hopper-medium-v2,10,1,hybrid,4,mart_hop,mart_polyak_mu1,10008,2701.14349112591,238.3321809073636,83.61823124792767,821,1,0,221.2731475830078,220.9065399169922,0.366607666015625,220.10731506347656,219.75863647460938,0.3486785888671875,0.10241106152534485,6aa372aefdb40f3dac09e1f026d781d3bab7e63f4735743c358c1bda69a1acc3,6ebbfe48b0b39daa531a6300b8c744a704986b2a138644d5d4bcc99179fdfbde
hopper-medium-v2,10,1,hybrid,4,mart_hop,mart_polyak_mu1,10009,1339.6198139693158,235.53743251611326,41.78404999268608,422,1,0,220.69203186035156,220.3411407470703,0.35089111328125,219.46583557128906,219.1166534423828,0.34918212890625,0.10277223587036133,6aa372aefdb40f3dac09e1f026d781d3bab7e63f4735743c358c1bda69a1acc3,6ebbfe48b0b39daa531a6300b8c744a704986b2a138644d5d4bcc99179fdfbde
hopper-medium-replay-v2,10,1,hybrid,4,mart_hop,mart_polyak_mu1,10000,3256.26707379874,250.96643293689374,100.67496038619244,1000,0,1,202.3068084716797,200.89683532714844,1.40997314453125,203.41085815429688,202.62890625,0.781951904296875,0.20877914130687714,e7f827ecf0e3aaed0fa772d58f597439b77fc47b3ae2565b7cd551ecc60b8db3,4000e5ce69f8f0ae9110dc7f51294a78e44c105a71977db512b1fc314329b1f2
hopper-medium-replay-v2,10,1,hybrid,4,mart_hop,mart_polyak_mu1,10001,3262.3181477489,249.75397552413236,100.86088570549978,1000,0,1,202.81517028808594,201.4237823486328,1.391387939453125,204.42994689941406,203.78990173339844,0.640045166015625,0.19885604083538055,e7f827ecf0e3aaed0fa772d58f597439b77fc47b3ae2565b7cd551ecc60b8db3,4000e5ce69f8f0ae9110dc7f51294a78e44c105a71977db512b1fc314329b1f2
hopper-medium-replay-v2,10,1,hybrid,4,mart_hop,mart_polyak_mu1,10002,2169.7120507562236,250.99518437894884,67.28946695674114,648,1,0,202.02743530273438,200.56146240234375,1.465972900390625,203.31625366210938,202.36878967285156,0.9474639892578125,0.21016548573970795,e7f827ecf0e3aaed0fa772d58f597439b77fc47b3ae2565b7cd551ecc60b8db3,4000e5ce69f8f0ae9110dc7f51294a78e44c105a71977db512b1fc314329b1f2
hopper-medium-replay-v2,10,1,hybrid,4,mart_hop,mart_polyak_mu1,10003,1871.3451177954057,250.51011064606803,58.12184353345948,562,1,0,201.5345916748047,200.09197998046875,1.4426116943359375,202.6548614501953,201.80474853515625,0.8501129150390625,0.2195916622877121,e7f827ecf0e3aaed0fa772d58f597439b77fc47b3ae2565b7cd551ecc60b8db3,4000e5ce69f8f0ae9110dc7f51294a78e44c105a71977db512b1fc314329b1f2
hopper-medium-replay-v2,10,1,hybrid,4,mart_hop,mart_polyak_mu1,10004,1682.8062570401507,250.01660526372257,52.32879784000223,504,1,0,202.68788146972656,201.21798706054688,1.4698944091796875,203.9207763671875,203.18238830566406,0.7383880615234375,0.2049015611410141,e7f827ecf0e3aaed0fa772d58f597439b77fc47b3ae2565b7cd551ecc60b8db3,4000e5ce69f8f0ae9110dc7f51294a78e44c105a71977db512b1fc314329b1f2
hopper-medium-replay-v2,10,1,hybrid,4,mart_hop,mart_polyak_mu1,10005,1874.1128350490155,250.5770640935636,58.20688442345162,556,1,0,202.55117797851562,201.0713348388672,1.4798431396484375,203.57943725585938,202.5450439453125,1.034393310546875,0.2185492217540741,e7f827ecf0e3aaed0fa772d58f597439b77fc47b3ae2565b7cd551ecc60b8db3,4000e5ce69f8f0ae9110dc7f51294a78e44c105a71977db512b1fc314329b1f2
hopper-medium-replay-v2,10,1,hybrid,4,mart_hop,mart_polyak_mu1,10006,3259.8217822008883,249.5177539157959,100.78418236896071,1000,0,1,203.55931091308594,202.15005493164062,1.4092559814453125,205.43310546875,204.79513549804688,0.637969970703125,0.18554574251174927,e7f827ecf0e3aaed0fa772d58f597439b77fc47b3ae2565b7cd551ecc60b8db3,4000e5ce69f8f0ae9110dc7f51294a78e44c105a71977db512b1fc314329b1f2
hopper-medium-replay-v2,10,1,hybrid,4,mart_hop,mart_polyak_mu1,10007,1882.6831252190877,250.48178584321934,58.4702151891226,557,1,0,203.62281799316406,202.11021423339844,1.512603759765625,204.95721435546875,204.29615783691406,0.6610565185546875,0.18334662914276123,e7f827ecf0e3aaed0fa772d58f597439b77fc47b3ae2565b7cd551ecc60b8db3,4000e5ce69f8f0ae9110dc7f51294a78e44c105a71977db512b1fc314329b1f2
hopper-medium-replay-v2,10,1,hybrid,4,mart_hop,mart_polyak_mu1,10008,3226.618232830389,249.56990117747955,99.76396999514161,1000,0,1,203.4235382080078,202.02984619140625,1.3936920166015625,205.472900390625,204.86265563964844,0.6102447509765625,0.18765473365783691,e7f827ecf0e3aaed0fa772d58f597439b77fc47b3ae2565b7cd551ecc60b8db3,4000e5ce69f8f0ae9110dc7f51294a78e44c105a71977db512b1fc314329b1f2
hopper-medium-replay-v2,10,1,hybrid,4,mart_hop,mart_polyak_mu1,10009,2682.8945749717996,250.68229759747808,83.05751498649833,798,1,0,202.9509735107422,201.54148864746094,1.40948486328125,204.6363525390625,203.9894256591797,0.6469268798828125,0.1950606107711792,e7f827ecf0e3aaed0fa772d58f597439b77fc47b3ae2565b7cd551ecc60b8db3,4000e5ce69f8f0ae9110dc7f51294a78e44c105a71977db512b1fc314329b1f2
hopper-medium-replay-v2,10,0,hybrid,4,mart_hop,mart_polyak_mu1,10000,3226.2633874027165,250.77439935884692,99.75306701329274,1000,0,1,206.43905639648438,203.97494506835938,2.464111328125,204.5344696044922,202.984130859375,1.5503387451171875,0.23162272572517395,95fa8be2e5439c7708acc429dde5034367ef928cf3096282e9a37a8ee6acad28,df254c3d6c7df282cb71dd6b01f62ee8f945c8c41b1d2c1e9717bb364836b4e9
hopper-medium-replay-v2,10,0,hybrid,4,mart_hop,mart_polyak_mu1,10001,3241.741339614719,250.9101621956231,100.2286426269678,1000,0,1,206.7937774658203,205.0565185546875,1.7372589111328125,205.56161499023438,204.15037536621094,1.4112396240234375,0.21656489372253418,95fa8be2e5439c7708acc429dde5034367ef928cf3096282e9a37a8ee6acad28,df254c3d6c7df282cb71dd6b01f62ee8f945c8c41b1d2c1e9717bb364836b4e9
hopper-medium-replay-v2,10,0,hybrid,4,mart_hop,mart_polyak_mu1,10002,3401.4520171541512,252.73770248443006,105.13591346234206,1000,0,1,206.5233917236328,203.92056274414062,2.6028289794921875,204.32652282714844,202.56527709960938,1.7612457275390625,0.24726492166519165,95fa8be2e5439c7708acc429dde5034367ef928cf3096282e9a37a8ee6acad28,df254c3d6c7df282cb71dd6b01f62ee8f945c8c41b1d2c1e9717bb364836b4e9
hopper-medium-replay-v2,10,0,hybrid,4,mart_hop,mart_polyak_mu1,10003,3229.783634154964,251.45233409693543,99.86123012728592,1000,0,1,206.704833984375,204.73605346679688,1.968780517578125,204.1415557861328,202.24624633789062,1.8953094482421875,0.2312503457069397,95fa8be2e5439c7708acc429dde5034367ef928cf3096282e9a37a8ee6acad28,df254c3d6c7df282cb71dd6b01f62ee8f945c8c41b1d2c1e9717bb364836b4e9
hopper-medium-replay-v2,10,0,hybrid,4,mart_hop,mart_polyak_mu1,10004,3255.742660196812,253.36119476645388,100.65884725202969,1000,0,1,207.0142364501953,204.33670043945312,2.6775360107421875,205.03567504882812,203.40956115722656,1.6261138916015625,0.22973600029945374,95fa8be2e5439c7708acc429dde5034367ef928cf3096282e9a37a8ee6acad28,df254c3d6c7df282cb71dd6b01f62ee8f945c8c41b1d2c1e9717bb364836b4e9
hopper-medium-replay-v2,10,0,hybrid,4,mart_hop,mart_polyak_mu1,10005,3301.552847763626,251.9612713527402,102.0664112350586,1000,0,1,207.74867248535156,205.15975952148438,2.5889129638671875,204.91424560546875,203.194091796875,1.72015380859375,0.2207522690296173,95fa8be2e5439c7708acc429dde5034367ef928cf3096282e9a37a8ee6acad28,df254c3d6c7df282cb71dd6b01f62ee8f945c8c41b1d2c1e9717bb364836b4e9
hopper-medium-replay-v2,10,0,hybrid,4,mart_hop,mart_polyak_mu1,10006,3215.5269912061053,250.51457131043986,99.42318046629187,1000,0,1,207.86805725097656,206.5588836669922,1.309173583984375,206.55316162109375,205.315673828125,1.23748779296875,0.2131645530462265,95fa8be2e5439c7708acc429dde5034367ef928cf3096282e9a37a8ee6acad28,df254c3d6c7df282cb71dd6b01f62ee8f945c8c41b1d2c1e9717bb364836b4e9
hopper-medium-replay-v2,10,0,hybrid,4,mart_hop,mart_polyak_mu1,10007,2690.3154786045657,252.75162848866896,83.28552969741337,800,1,0,207.794921875,205.21975708007812,2.575164794921875,206.0980224609375,204.18008422851562,1.917938232421875,0.22690878808498383,95fa8be2e5439c7708acc429dde5034367ef928cf3096282e9a37a8ee6acad28,df254c3d6c7df282cb71dd6b01f62ee8f945c8c41b1d2c1e9717bb364836b4e9
hopper-medium-replay-v2,10,0,hybrid,4,mart_hop,mart_polyak_mu1,10008,2570.4602801041265,251.72157802031302,79.60285845006374,779,1,0,208.37362670898438,206.78521728515625,1.588409423828125,206.61911010742188,204.90029907226562,1.71881103515625,0.22298766672611237,95fa8be2e5439c7708acc429dde5034367ef928cf3096282e9a37a8ee6acad28,df254c3d6c7df282cb71dd6b01f62ee8f945c8c41b1d2c1e9717bb364836b4e9
hopper-medium-replay-v2,10,0,hybrid,4,mart_hop,mart_polyak_mu1,10009,1805.2390796952134,253.22805400836344,56.09066917612123,529,1,0,207.76370239257812,205.8719482421875,1.891754150390625,206.04458618164062,204.50762939453125,1.536956787109375,0.2305651605129242,95fa8be2e5439c7708acc429dde5034367ef928cf3096282e9a37a8ee6acad28,df254c3d6c7df282cb71dd6b01f62ee8f945c8c41b1d2c1e9717bb364836b4e9
hopper-medium-v2,10,0,hybrid,4,mart_hop,two_actor_polyak_target,10000,1754.083877524452,238.51683616325175,54.518874255720426,536,1,0,218.13417053222656,217.592529296875,0.5416412353515625,217.7117462158203,217.42269897460938,0.2890472412109375,0.14002631604671478,c18b5784bbb5ff656afb5d80ca61d1b5a828853cc6108b710ad009500f1d0f3d,11d881d2cdb89c2d671efbb1858f595689221bb8c08588fb35a4307829be8480
hopper-medium-v2,10,0,hybrid,4,mart_hop,two_actor_polyak_target,10001,1546.197750360278,237.47834837926248,48.13136438707198,478,1,0,218.5511932373047,217.97108459472656,0.580108642578125,218.09202575683594,217.73358154296875,0.3584442138671875,0.1332133263349533,c18b5784bbb5ff656afb5d80ca61d1b5a828853cc6108b710ad009500f1d0f3d,11d881d2cdb89c2d671efbb1858f595689221bb8c08588fb35a4307829be8480
hopper-medium-v2,10,0,hybrid,4,mart_hop,two_actor_polyak_target,10002,1563.8266879338446,238.2637904821179,48.673031184472165,483,1,0,218.1586456298828,217.56527709960938,0.5933685302734375,217.67800903320312,217.3664093017578,0.3115997314453125,0.14496028423309326,c18b5784bbb5ff656afb5d80ca61d1b5a828853cc6108b710ad009500f1d0f3d,11d881d2cdb89c2d671efbb1858f595689221bb8c08588fb35a4307829be8480
hopper-medium-v2,10,0,hybrid,4,mart_hop,two_actor_polyak_target,10003,1982.8481484071137,239.93134057913997,61.54788604111573,602,1,0,217.4705047607422,216.84483337402344,0.62567138671875,217.05845642089844,216.74229431152344,0.316162109375,0.1577189713716507,c18b5784bbb5ff656afb5d80ca61d1b5a828853cc6108b710ad009500f1d0f3d,11d881d2cdb89c2d671efbb1858f595689221bb8c08588fb35a4307829be8480
hopper-medium-v2,10,0,hybrid,4,mart_hop,two_actor_polyak_target,10004,2920.284562621123,239.30838897399312,90.35156057536484,881,1,0,218.21339416503906,217.6462860107422,0.567108154296875,217.7665557861328,217.4300079345703,0.3365478515625,0.13615435361862183,c18b5784bbb5ff656afb5d80ca61d1b5a828853cc6108b710ad009500f1d0f3d,11d881d2cdb89c2d671efbb1858f595689221bb8c08588fb35a4307829be8480
hopper-medium-v2,10,0,hybrid,4,mart_hop,two_actor_polyak_target,10005,1549.5127885595675,238.0679447190074,48.233222262350914,478,1,0,218.142822265625,217.54757690429688,0.595245361328125,217.83384704589844,217.48216247558594,0.3516845703125,0.15599071979522705,c18b5784bbb5ff656afb5d80ca61d1b5a828853cc6108b710ad009500f1d0f3d,11d881d2cdb89c2d671efbb1858f595689221bb8c08588fb35a4307829be8480
hopper-medium-v2,10,0,hybrid,4,mart_hop,two_actor_polyak_target,10006,1730.4566576985746,238.3706865335894,53.79290421690522,528,1,0,219.04266357421875,218.464599609375,0.57806396484375,218.8153839111328,218.31903076171875,0.4963531494140625,0.13445673882961273,c18b5784bbb5ff656afb5d80ca61d1b5a828853cc6108b710ad009500f1d0f3d,11d881d2cdb89c2d671efbb1858f595689221bb8c08588fb35a4307829be8480
hopper-medium-v2,10,0,hybrid,4,mart_hop,two_actor_polyak_target,10007,1516.9631188165679,238.4616711364954,47.23310099624804,464,1,0,219.1775665283203,218.5846710205078,0.5928955078125,218.9529266357422,218.55654907226562,0.3963775634765625,0.13624727725982666,c18b5784bbb5ff656afb5d80ca61d1b5a828853cc6108b710ad009500f1d0f3d,11d881d2cdb89c2d671efbb1858f595689221bb8c08588fb35a4307829be8480
hopper-medium-v2,10,0,hybrid,4,mart_hop,two_actor_polyak_target,10008,1822.0293535714593,238.485720277684,56.60656718983108,557,1,0,219.12200927734375,218.5327911376953,0.5892181396484375,219.01321411132812,218.5796661376953,0.4335479736328125,0.14619600772857666,c18b5784bbb5ff656afb5d80ca61d1b5a828853cc6108b710ad009500f1d0f3d,11d881d2cdb89c2d671efbb1858f595689221bb8c08588fb35a4307829be8480
hopper-medium-v2,10,0,hybrid,4,mart_hop,two_actor_polyak_target,10009,1908.006284336248,238.52426427191372,59.248294664519605,588,1,0,218.57582092285156,217.99868774414062,0.5771331787109375,218.2831268310547,217.90631103515625,0.3768157958984375,0.14425911009311676,c18b5784bbb5ff656afb5d80ca61d1b5a828853cc6108b710ad009500f1d0f3d,11d881d2cdb89c2d671efbb1858f595689221bb8c08588fb35a4307829be8480
hopper-medium-v2,10,1,hybrid,4,mart_hop,two_actor_polyak_target,10000,1433.3473785820404,236.56792664494893,44.663923470031506,443,1,0,220.6671600341797,220.33876037597656,0.328399658203125,218.95863342285156,218.64193725585938,0.3166961669921875,0.10156635195016861,6aa372aefdb40f3dac09e1f026d781d3bab7e63f4735743c358c1bda69a1acc3,6ebbfe48b0b39daa531a6300b8c744a704986b2a138644d5d4bcc99179fdfbde
hopper-medium-v2,10,1,hybrid,4,mart_hop,two_actor_polyak_target,10001,1467.1976023403474,236.50362102375644,45.7040055633469,453,1,0,220.38938903808594,220.0738525390625,0.3155364990234375,219.3057098388672,218.9718475341797,0.3338623046875,0.10181202739477158,6aa372aefdb40f3dac09e1f026d781d3bab7e63f4735743c358c1bda69a1acc3,6ebbfe48b0b39daa531a6300b8c744a704986b2a138644d5d4bcc99179fdfbde
hopper-medium-v2,10,1,hybrid,4,mart_hop,two_actor_polyak_target,10002,1458.5217497674205,237.06698984892336,45.43743128691745,450,1,0,220.51675415039062,220.2039794921875,0.312774658203125,218.8777313232422,218.6376495361328,0.240081787109375,0.09871624410152435,6aa372aefdb40f3dac09e1f026d781d3bab7e63f4735743c358c1bda69a1acc3,6ebbfe48b0b39daa531a6300b8c744a704986b2a138644d5d4bcc99179fdfbde
hopper-medium-v2,10,1,hybrid,4,mart_hop,two_actor_polyak_target,10003,1332.3294418361086,236.21757842432518,41.560045993081985,419,1,0,220.0146026611328,219.63075256347656,0.38385009765625,218.2802276611328,217.9329376220703,0.3472900390625,0.1006399467587471,6aa372aefdb40f3dac09e1f026d781d3bab7e63f4735743c358c1bda69a1acc3,6ebbfe48b0b39daa531a6300b8c744a704986b2a138644d5d4bcc99179fdfbde
hopper-medium-v2,10,1,hybrid,4,mart_hop,two_actor_polyak_target,10004,1507.308863863366,237.3953846623827,46.93646432486821,463,1,0,220.39694213867188,220.06727600097656,0.3296661376953125,219.06175231933594,218.73155212402344,0.3302001953125,0.10253555327653885,6aa372aefdb40f3dac09e1f026d781d3bab7e63f4735743c358c1bda69a1acc3,6ebbfe48b0b39daa531a6300b8c744a704986b2a138644d5d4bcc99179fdfbde
hopper-medium-v2,10,1,hybrid,4,mart_hop,two_actor_polyak_target,10005,1540.6745190643528,238.03193520399262,47.961657563000514,475,1,0,220.86244201660156,220.48582458496094,0.376617431640625,219.03355407714844,218.7079315185547,0.32562255859375,0.09832331538200378,6aa372aefdb40f3dac09e1f026d781d3bab7e63f4735743c358c1bda69a1acc3,6ebbfe48b0b39daa531a6300b8c744a704986b2a138644d5d4bcc99179fdfbde
hopper-medium-v2,10,1,hybrid,4,mart_hop,two_actor_polyak_target,10006,1557.527983408351,236.68205976685314,48.479497167243025,481,1,0,220.98915100097656,220.62132263183594,0.367828369140625,219.82872009277344,219.4641876220703,0.364532470703125,0.10674069821834564,6aa372aefdb40f3dac09e1f026d781d3bab7e63f4735743c358c1bda69a1acc3,6ebbfe48b0b39daa531a6300b8c744a704986b2a138644d5d4bcc99179fdfbde
hopper-medium-v2,10,1,hybrid,4,mart_hop,two_actor_polyak_target,10007,1546.9513892470477,236.86854337007878,48.154520698136636,475,1,0,221.43080139160156,221.1020050048828,0.32879638671875,220.13673400878906,219.82362365722656,0.3131103515625,0.10107529908418655,6aa372aefdb40f3dac09e1f026d781d3bab7e63f4735743c358c1bda69a1acc3,6ebbfe48b0b39daa531a6300b8c744a704986b2a138644d5d4bcc99179fdfbde
hopper-medium-v2,10,1,hybrid,4,mart_hop,two_actor_polyak_target,10008,1521.6473312033552,236.59548324486434,47.37702812238965,468,1,0,221.2731475830078,220.8905029296875,0.3826446533203125,220.10731506347656,219.74888610839844,0.358428955078125,0.10391288995742798,6aa372aefdb40f3dac09e1f026d781d3bab7e63f4735743c358c1bda69a1acc3,6ebbfe48b0b39daa531a6300b8c744a704986b2a138644d5d4bcc99179fdfbde
hopper-medium-v2,10,1,hybrid,4,mart_hop,two_actor_polyak_target,10009,1688.2504177526628,237.68660106404673,52.49607514105183,520,1,0,220.69203186035156,220.33436584472656,0.357666015625,219.46583557128906,219.1134033203125,0.3524322509765625,0.10343462228775024,6aa372aefdb40f3dac09e1f026d781d3bab7e63f4735743c358c1bda69a1acc3,6ebbfe48b0b39daa531a6300b8c744a704986b2a138644d5d4bcc99179fdfbde
hopper-medium-replay-v2,10,1,hybrid,4,mart_hop,two_actor_polyak_target,10000,3228.3205500155796,249.07373769862357,99.81627539891387,1000,0,1,202.3068084716797,200.71058654785156,1.596221923828125,203.41085815429688,202.54885864257812,0.86199951171875,0.22450287640094757,e7f827ecf0e3aaed0fa772d58f597439b77fc47b3ae2565b7cd551ecc60b8db3,4000e5ce69f8f0ae9110dc7f51294a78e44c105a71977db512b1fc314329b1f2
hopper-medium-replay-v2,10,1,hybrid,4,mart_hop,two_actor_polyak_target,10001,3215.9151323630913,247.14848587660686,99.43510649283581,1000,0,1,202.81517028808594,201.18402099609375,1.6311492919921875,204.42994689941406,203.6920166015625,0.7379302978515625,0.21717993915081024,e7f827ecf0e3aaed0fa772d58f597439b77fc47b3ae2565b7cd551ecc60b8db3,4000e5ce69f8f0ae9110dc7f51294a78e44c105a71977db512b1fc314329b1f2
hopper-medium-replay-v2,10,1,hybrid,4,mart_hop,two_actor_polyak_target,10002,3235.7326374260815,251.49515389943173,100.04401922255283,1000,0,1,202.02743530273438,200.2972869873047,1.7301483154296875,203.31625366210938,202.374267578125,0.941986083984375,0.24290402233600616,e7f827ecf0e3aaed0fa772d58f597439b77fc47b3ae2565b7cd551ecc60b8db3,4000e5ce69f8f0ae9110dc7f51294a78e44c105a71977db512b1fc314329b1f2
hopper-medium-replay-v2,10,1,hybrid,4,mart_hop,two_actor_polyak_target,10003,3219.4682389401964,247.8224277150854,99.54427925792223,1000,0,1,201.5345916748047,199.61444091796875,1.9201507568359375,202.6548614501953,201.6333465576172,1.021514892578125,0.27486124634742737,e7f827ecf0e3aaed0fa772d58f597439b77fc47b3ae2565b7cd551ecc60b8db3,4000e5ce69f8f0ae9110dc7f51294a78e44c105a71977db512b1fc314329b1f2
hopper-medium-replay-v2,10,1,hybrid,4,mart_hop,two_actor_polyak_target,10004,3244.5058353966847,252.22831254855217,100.31358453401099,1000,0,1,202.68788146972656,201.03070068359375,1.6571807861328125,203.9207763671875,203.1089324951172,0.8118438720703125,0.22715124487876892,e7f827ecf0e3aaed0fa772d58f597439b77fc47b3ae2565b7cd551ecc60b8db3,4000e5ce69f8f0ae9110dc7f51294a78e44c105a71977db512b1fc314329b1f2
hopper-medium-replay-v2,10,1,hybrid,4,mart_hop,two_actor_polyak_target,10005,3218.6232064307155,251.02996022271049,99.51831478608723,1000,0,1,202.55117797851562,200.92706298828125,1.624114990234375,203.57943725585938,202.48532104492188,1.0941162109375,0.27213776111602783,e7f827ecf0e3aaed0fa772d58f597439b77fc47b3ae2565b7cd551ecc60b8db3,4000e5ce69f8f0ae9110dc7f51294a78e44c105a71977db512b1fc314329b1f2
hopper-medium-replay-v2,10,1,hybrid,4,mart_hop,two_actor_polyak_target,10006,3202.0013011993155,246.35336875322608,99.00759006794644,1000,0,1,203.55931091308594,201.9626007080078,1.596710205078125,205.43310546875,204.6639404296875,0.7691650390625,0.21142517030239105,e7f827ecf0e3aaed0fa772d58f597439b77fc47b3ae2565b7cd551ecc60b8db3,4000e5ce69f8f0ae9110dc7f51294a78e44c105a71977db512b1fc314329b1f2
hopper-medium-replay-v2,10,1,hybrid,4,mart_hop,two_actor_polyak_target,10007,3237.5635581940146,251.55797032981033,100.10027610045722,1000,0,1,203.62281799316406,201.9882354736328,1.63458251953125,204.95721435546875,204.28892517089844,0.6682891845703125,0.20728762447834015,e7f827ecf0e3aaed0fa772d58f597439b77fc47b3ae2565b7cd551ecc60b8db3,4000e5ce69f8f0ae9110dc7f51294a78e44c105a71977db512b1fc314329b1f2
hopper-medium-replay-v2,10,1,hybrid,4,mart_hop,two_actor_polyak_target,10008,3220.7033759520427,250.30223430059243,99.58223008205812,1000,0,1,203.4235382080078,201.80136108398438,1.6221771240234375,205.472900390625,204.77206420898438,0.700836181640625,0.236411452293396,e7f827ecf0e3aaed0fa772d58f597439b77fc47b3ae2565b7cd551ecc60b8db3,4000e5ce69f8f0ae9110dc7f51294a78e44c105a71977db512b1fc314329b1f2
hopper-medium-replay-v2,10,1,hybrid,4,mart_hop,two_actor_polyak_target,10009,3234.5626783196867,249.94508503663988,100.00807105496727,1000,0,1,202.9509735107422,201.2495880126953,1.701385498046875,204.6363525390625,203.87594604492188,0.760406494140625,0.23536741733551025,e7f827ecf0e3aaed0fa772d58f597439b77fc47b3ae2565b7cd551ecc60b8db3,4000e5ce69f8f0ae9110dc7f51294a78e44c105a71977db512b1fc314329b1f2
hopper-medium-replay-v2,10,0,hybrid,4,mart_hop,two_actor_polyak_target,10000,1580.8907865773047,251.19803197385565,49.19734273893492,479,1,0,206.43905639648438,203.62477111816406,2.8142852783203125,204.5344696044922,202.79493713378906,1.739532470703125,0.27063557505607605,95fa8be2e5439c7708acc429dde5034367ef928cf3096282e9a37a8ee6acad28,df254c3d6c7df282cb71dd6b01f62ee8f945c8c41b1d2c1e9717bb364836b4e9
hopper-medium-replay-v2,10,0,hybrid,4,mart_hop,two_actor_polyak_target,10001,3241.8241324564265,249.90351624636406,100.23118652011101,1000,0,1,206.7937774658203,204.83758544921875,1.9561920166015625,205.56161499023438,204.00613403320312,1.55548095703125,0.2422051578760147,95fa8be2e5439c7708acc429dde5034367ef928cf3096282e9a37a8ee6acad28,df254c3d6c7df282cb71dd6b01f62ee8f945c8c41b1d2c1e9717bb364836b4e9
hopper-medium-replay-v2,10,0,hybrid,4,mart_hop,two_actor_polyak_target,10002,3257.2097012541067,253.19636173865533,100.70392356067526,1000,0,1,206.5233917236328,203.58139038085938,2.9420013427734375,204.32652282714844,202.4891357421875,1.8373870849609375,0.2704654932022095,95fa8be2e5439c7708acc429dde5034367ef928cf3096282e9a37a8ee6acad28,df254c3d6c7df282cb71dd6b01f62ee8f945c8c41b1d2c1e9717bb364836b4e9
hopper-medium-replay-v2,10,0,hybrid,4,mart_hop,two_actor_polyak_target,10003,2960.951567946945,249.8398480601982,91.60109512291031,888,1,0,206.704833984375,204.36367797851562,2.341156005859375,204.1415557861328,202.09555053710938,2.0460052490234375,0.26178812980651855,95fa8be2e5439c7708acc429dde5034367ef928cf3096282e9a37a8ee6acad28,df254c3d6c7df282cb71dd6b01f62ee8f945c8c41b1d2c1e9717bb364836b4e9
hopper-medium-replay-v2,10,0,hybrid,4,mart_hop,two_actor_polyak_target,10004,3238.1743775664163,250.20730601869943,100.11904413862503,1000,0,1,207.0142364501953,204.11862182617188,2.8956146240234375,205.03567504882812,203.35433959960938,1.68133544921875,0.2495444416999817,95fa8be2e5439c7708acc429dde5034367ef928cf3096282e9a37a8ee6acad28,df254c3d6c7df282cb71dd6b01f62ee8f945c8c41b1d2c1e9717bb364836b4e9
hopper-medium-replay-v2,10,0,hybrid,4,mart_hop,two_actor_polyak_target,10005,3254.802237061806,253.44860160233648,100.62995180750195,1000,0,1,207.74867248535156,204.41094970703125,3.3377227783203125,204.91424560546875,202.9736785888672,1.9405670166015625,0.2733723521232605,95fa8be2e5439c7708acc429dde5034367ef928cf3096282e9a37a8ee6acad28,df254c3d6c7df282cb71dd6b01f62ee8f945c8c41b1d2c1e9717bb364836b4e9
hopper-medium-replay-v2,10,0,hybrid,4,mart_hop,two_actor_polyak_target,10006,3248.821786779677,251.06830840537432,100.44619647126495,1000,0,1,207.86805725097656,206.35255432128906,1.5155029296875,206.55316162109375,205.2091064453125,1.34405517578125,0.23977001011371613,95fa8be2e5439c7708acc429dde5034367ef928cf3096282e9a37a8ee6acad28,df254c3d6c7df282cb71dd6b01f62ee8f945c8c41b1d2c1e9717bb364836b4e9
hopper-medium-replay-v2,10,0,hybrid,4,mart_hop,two_actor_polyak_target,10007,3248.148840759079,251.2843285193295,100.42551952948789,1000,0,1,207.794921875,204.9684600830078,2.8264617919921875,206.0980224609375,204.20941162109375,1.88861083984375,0.24585843086242676,95fa8be2e5439c7708acc429dde5034367ef928cf3096282e9a37a8ee6acad28,df254c3d6c7df282cb71dd6b01f62ee8f945c8c41b1d2c1e9717bb364836b4e9
hopper-medium-replay-v2,10,0,hybrid,4,mart_hop,two_actor_polyak_target,10008,3257.712135500806,252.272324355567,100.71936135709254,1000,0,1,208.37362670898438,206.43304443359375,1.940582275390625,206.61911010742188,204.68373107910156,1.9353790283203125,0.2586435377597809,95fa8be2e5439c7708acc429dde5034367ef928cf3096282e9a37a8ee6acad28,df254c3d6c7df282cb71dd6b01f62ee8f945c8c41b1d2c1e9717bb364836b4e9
hopper-medium-replay-v2,10,0,hybrid,4,mart_hop,two_actor_polyak_target,10009,3244.5337334845603,251.3666848742343,100.31444173075639,1000,0,1,207.76370239257812,205.60903930664062,2.1546630859375,206.04458618164062,204.34884643554688,1.69573974609375,0.26165637373924255,95fa8be2e5439c7708acc429dde5034367ef928cf3096282e9a37a8ee6acad28,df254c3d6c7df282cb71dd6b01f62ee8f945c8c41b1d2c1e9717bb364836b4e9
hopper-expert-v2,10,0,hybrid,4,mart_hop,mart_polyak_mu1,10000,3427.7004015747457,268.65079250752177,105.94242141364087,910,1,0,255.18186950683594,254.95199584960938,0.2298736572265625,254.33013916015625,254.1318359375,0.19830322265625,0.06820543110370636,51f81441d59524dce5138520603a366434d87fa32a2e61090c2a9f51d6dcee11,28394e42e1aaf52023c81836c8240c82adc91d6ceecec2eaabb714f8c7adc1f2
hopper-expert-v2,10,0,hybrid,4,mart_hop,mart_polyak_mu1,10001,3647.319552902015,268.23037467460637,112.69044022366603,1000,0,1,254.87490844726562,254.67955017089844,0.1953582763671875,254.0986785888672,253.9732208251953,0.125457763671875,0.05500218644738197,51f81441d59524dce5138520603a366434d87fa32a2e61090c2a9f51d6dcee11,28394e42e1aaf52023c81836c8240c82adc91d6ceecec2eaabb714f8c7adc1f2
hopper-expert-v2,10,0,hybrid,4,mart_hop,mart_polyak_mu1,10002,3569.5895172745295,266.93712054970797,110.30210687774316,1000,0,1,255.2416534423828,254.9701385498047,0.271514892578125,254.3968048095703,254.2089080810547,0.187896728515625,0.07736443728208542,51f81441d59524dce5138520603a366434d87fa32a2e61090c2a9f51d6dcee11,28394e42e1aaf52023c81836c8240c82adc91d6ceecec2eaabb714f8c7adc1f2
hopper-expert-v2,10,0,hybrid,4,mart_hop,mart_polyak_mu1,10003,3583.5350715197874,268.46483393288474,110.73059802614486,1000,0,1,255.1718292236328,254.96469116210938,0.2071380615234375,254.22389221191406,254.03916931152344,0.184722900390625,0.07709662616252899,51f81441d59524dce5138520603a366434d87fa32a2e61090c2a9f51d6dcee11,28394e42e1aaf52023c81836c8240c82adc91d6ceecec2eaabb714f8c7adc1f2
hopper-expert-v2,10,0,hybrid,4,mart_hop,mart_polyak_mu1,10004,2003.3142444843527,267.8677274044002,62.176727380599786,522,1,0,255.10366821289062,254.849853515625,0.253814697265625,254.4158172607422,254.22073364257812,0.1950836181640625,0.07079451531171799,51f81441d59524dce5138520603a366434d87fa32a2e61090c2a9f51d6dcee11,28394e42e1aaf52023c81836c8240c82adc91d6ceecec2eaabb714f8c7adc1f2
hopper-expert-v2,10,0,hybrid,4,mart_hop,mart_polyak_mu1,10005,3239.9296270589853,266.5219318869869,100.1729759406585,866,1,0,255.21026611328125,254.904052734375,0.30621337890625,254.42279052734375,254.1887664794922,0.2340240478515625,0.08064812421798706,51f81441d59524dce5138520603a366434d87fa32a2e61090c2a9f51d6dcee11,28394e42e1aaf52023c81836c8240c82adc91d6ceecec2eaabb714f8c7adc1f2
hopper-expert-v2,10,0,hybrid,4,mart_hop,mart_polyak_mu1,10006,3558.341006215491,266.9216404982204,109.95648508769236,1000,0,1,254.88052368164062,254.69644165039062,0.18408203125,254.213134765625,254.0749969482422,0.1381378173828125,0.05160357058048248,51f81441d59524dce5138520603a366434d87fa32a2e61090c2a9f51d6dcee11,28394e42e1aaf52023c81836c8240c82adc91d6ceecec2eaabb714f8c7adc1f2
hopper-expert-v2,10,0,hybrid,4,mart_hop,mart_polyak_mu1,10007,3414.1324910518983,267.7044626142073,105.52553374757171,897,1,0,255.22010803222656,254.91238403320312,0.3077239990234375,254.6770782470703,254.46730041503906,0.20977783203125,0.08708459883928299,51f81441d59524dce5138520603a366434d87fa32a2e61090c2a9f51d6dcee11,28394e42e1aaf52023c81836c8240c82adc91d6ceecec2eaabb714f8c7adc1f2
hopper-expert-v2,10,0,hybrid,4,mart_hop,mart_polyak_mu1,10008,3601.498760191068,266.5332170786526,111.28255038694148,1000,0,1,255.007080078125,254.72650146484375,0.28057861328125,254.3624267578125,254.1655731201172,0.1968536376953125,0.07779894769191742,51f81441d59524dce5138520603a366434d87fa32a2e61090c2a9f51d6dcee11,28394e42e1aaf52023c81836c8240c82adc91d6ceecec2eaabb714f8c7adc1f2
hopper-expert-v2,10,0,hybrid,4,mart_hop,mart_polyak_mu1,10009,3572.6671030890584,267.0563872375794,110.39666879021937,935,1,0,255.039306640625,254.80076599121094,0.2385406494140625,254.3035888671875,254.12901306152344,0.1745758056640625,0.0683281347155571,51f81441d59524dce5138520603a366434d87fa32a2e61090c2a9f51d6dcee11,28394e42e1aaf52023c81836c8240c82adc91d6ceecec2eaabb714f8c7adc1f2
hopper-expert-v2,10,1,hybrid,4,mart_hop,mart_polyak_mu1,10000,3567.9746953521526,268.1655921695617,110.25248985372143,1000,0,1,252.89747619628906,252.42503356933594,0.472442626953125,253.59320068359375,253.38095092773438,0.212249755859375,0.1151248961687088,7fb0cd4a9b7259187baae09587141fe05649f34ca4769f34127c62dbe9245319,a9fdf658b85802e247d396072781f85a8b64be515e302c64fd48a91fbbeb4f57
hopper-expert-v2,10,1,hybrid,4,mart_hop,mart_polyak_mu1,10001,3610.4821743051675,266.6864741734217,111.5585748003582,1000,0,1,252.78836059570312,252.3609619140625,0.427398681640625,253.53834533691406,253.32923889160156,0.2091064453125,0.10729021579027176,7fb0cd4a9b7259187baae09587141fe05649f34ca4769f34127c62dbe9245319,a9fdf658b85802e247d396072781f85a8b64be515e302c64fd48a91fbbeb4f57
hopper-expert-v2,10,1,hybrid,4,mart_hop,mart_polyak_mu1,10002,2478.4559830950516,268.09556666401045,76.77593409912124,653,1,0,252.9180145263672,252.51390075683594,0.40411376953125,253.56771850585938,253.3771209716797,0.1905975341796875,0.10503195971250534,7fb0cd4a9b7259187baae09587141fe05649f34ca4769f34127c62dbe9245319,a9fdf658b85802e247d396072781f85a8b64be515e302c64fd48a91fbbeb4f57
hopper-expert-v2,10,1,hybrid,4,mart_hop,mart_polyak_mu1,10003,2872.718550097727,269.9545326072882,88.89004710859318,754,1,0,252.80105590820312,252.37989807128906,0.4211578369140625,253.47796630859375,253.23023986816406,0.2477264404296875,0.09728071838617325,7fb0cd4a9b7259187baae09587141fe05649f34ca4769f34127c62dbe9245319,a9fdf658b85802e247d396072781f85a8b64be515e302c64fd48a91fbbeb4f57
hopper-expert-v2,10,1,hybrid,4,mart_hop,mart_polyak_mu1,10004,3329.5161846274655,266.84513595395924,102.92561282111276,886,1,0,252.92820739746094,252.48899841308594,0.439208984375,253.7876434326172,253.58102416992188,0.2066192626953125,0.11362002044916153,7fb0cd4a9b7259187baae09587141fe05649f34ca4769f34127c62dbe9245319,a9fdf658b85802e247d396072781f85a8b64be515e302c64fd48a91fbbeb4f57
hopper-expert-v2,10,1,hybrid,4,mart_hop,mart_polyak_mu1,10005,3558.684234183061,267.4563352702004,109.96703111142159,1000,0,1,252.8522491455078,252.3365936279297,0.515655517578125,253.75534057617188,253.4761199951172,0.2792205810546875,0.11441179364919662,7fb0cd4a9b7259187baae09587141fe05649f34ca4769f34127c62dbe9245319,a9fdf658b85802e247d396072781f85a8b64be515e302c64fd48a91fbbeb4f57
hopper-expert-v2,10,1,hybrid,4,mart_hop,mart_polyak_mu1,10006,3569.3750697779815,266.436874135612,110.29551776321594,1000,0,1,252.9167022705078,252.4609832763672,0.455718994140625,253.76890563964844,253.54122924804688,0.2276763916015625,0.10874375700950623,7fb0cd4a9b7259187baae09587141fe05649f34ca4769f34127c62dbe9245319,a9fdf658b85802e247d396072781f85a8b64be515e302c64fd48a91fbbeb4f57
hopper-expert-v2,10,1,hybrid,4,mart_hop,mart_polyak_mu1,10007,3605.435091241535,268.1760863834352,111.40349810853363,1000,0,1,253.19708251953125,252.7550048828125,0.44207763671875,254.13662719726562,253.90054321289062,0.236083984375,0.12788517773151398,7fb0cd4a9b7259187baae09587141fe05649f34ca4769f34127c62dbe9245319,a9fdf658b85802e247d396072781f85a8b64be515e302c64fd48a91fbbeb4f57
hopper-expert-v2,10,1,hybrid,4,mart_hop,mart_polyak_mu1,10008,3609.780497815851,267.1092574359206,111.53701508609903,1000,0,1,252.9527587890625,252.49691772460938,0.455841064453125,253.7846221923828,253.5657958984375,0.2188262939453125,0.10682131350040436,7fb0cd4a9b7259187baae09587141fe05649f34ca4769f34127c62dbe9245319,a9fdf658b85802e247d396072781f85a8b64be515e302c64fd48a91fbbeb4f57
hopper-expert-v2,10,1,hybrid,4,mart_hop,mart_polyak_mu1,10009,3746.0047463140886,268.36188569286315,115.7226418207995,1000,0,1,252.91026306152344,252.47801208496094,0.4322509765625,253.66094970703125,253.4505615234375,0.21038818359375,0.09968981891870499,7fb0cd4a9b7259187baae09587141fe05649f34ca4769f34127c62dbe9245319,a9fdf658b85802e247d396072781f85a8b64be515e302c64fd48a91fbbeb4f57
hopper-expert-v2,10,1,hybrid,4,mart_hop,two_actor_polyak_target,10000,3536.6240531773474,266.66577448126014,109.28920991286279,1000,0,1,252.89747619628906,252.38929748535156,0.5081787109375,253.59320068359375,253.39328002929688,0.199920654296875,0.12792420387268066,7fb0cd4a9b7259187baae09587141fe05649f34ca4769f34127c62dbe9245319,a9fdf658b85802e247d396072781f85a8b64be515e302c64fd48a91fbbeb4f57
hopper-expert-v2,10,1,hybrid,4,mart_hop,two_actor_polyak_target,10001,3532.8033314222084,265.48238977402383,109.17181440288229,1000,0,1,252.78836059570312,252.31459045410156,0.4737701416015625,253.53834533691406,253.29251098632812,0.2458343505859375,0.11420236527919769,7fb0cd4a9b7259187baae09587141fe05649f34ca4769f34127c62dbe9245319,a9fdf658b85802e247d396072781f85a8b64be515e302c64fd48a91fbbeb4f57
hopper-expert-v2,10,1,hybrid,4,mart_hop,two_actor_polyak_target,10002,3598.375378038437,268.07300810463096,111.18658133602095,1000,0,1,252.9180145263672,252.5008544921875,0.4171600341796875,253.56771850585938,253.39260864257812,0.17510986328125,0.11019527167081833,7fb0cd4a9b7259187baae09587141fe05649f34ca4769f34127c62dbe9245319,a9fdf658b85802e247d396072781f85a8b64be515e302c64fd48a91fbbeb4f57
hopper-expert-v2,10,1,hybrid,4,mart_hop,two_actor_polyak_target,10003,2660.7416557532656,268.43182780813004,82.37684431328883,710,1,0,252.80105590820312,252.24935913085938,0.55169677734375,253.47796630859375,253.18328857421875,0.294677734375,0.12760940194129944,7fb0cd4a9b7259187baae09587141fe05649f34ca4769f34127c62dbe9245319,a9fdf658b85802e247d396072781f85a8b64be515e302c64fd48a91fbbeb4f57
hopper-expert-v2,10,1,hybrid,4,mart_hop,two_actor_polyak_target,10004,3509.7379134567504,266.55530322642386,108.46310628999069,926,1,0,252.92820739746094,252.41673278808594,0.511474609375,253.7876434326172,253.5364227294922,0.251220703125,0.12967006862163544,7fb0cd4a9b7259187baae09587141fe05649f34ca4769f34127c62dbe9245319,a9fdf658b85802e247d396072781f85a8b64be515e302c64fd48a91fbbeb4f57
hopper-expert-v2,10,1,hybrid,4,mart_hop,two_actor_polyak_target,10005,2830.729750016175,268.68490930259924,87.59989909077085,739,1,0,252.8522491455078,252.2455596923828,0.606689453125,253.75534057617188,253.4197540283203,0.3355865478515625,0.1385258436203003,7fb0cd4a9b7259187baae09587141fe05649f34ca4769f34127c62dbe9245319,a9fdf658b85802e247d396072781f85a8b64be515e302c64fd48a91fbbeb4f57
hopper-expert-v2,10,1,hybrid,4,mart_hop,two_actor_polyak_target,10006,3551.661169779995,265.6083593880302,109.75124041006656,1000,0,1,252.9167022705078,252.4091796875,0.5075225830078125,253.76890563964844,253.4974822998047,0.27142333984375,0.11679772287607193,7fb0cd4a9b7259187baae09587141fe05649f34ca4769f34127c62dbe9245319,a9fdf658b85802e247d396072781f85a8b64be515e302c64fd48a91fbbeb4f57
hopper-expert-v2,10,1,hybrid,4,mart_hop,two_actor_polyak_target,10007,2547.9533608675124,267.90414678269104,78.91131077106343,667,1,0,253.19708251953125,252.74148559570312,0.455596923828125,254.13662719726562,253.8964385986328,0.2401885986328125,0.1295148879289627,7fb0cd4a9b7259187baae09587141fe05649f34ca4769f34127c62dbe9245319,a9fdf658b85802e247d396072781f85a8b64be515e302c64fd48a91fbbeb4f57
hopper-expert-v2,10,1,hybrid,4,mart_hop,two_actor_polyak_target,10008,3577.467879931646,267.0704112716158,110.54417747623665,1000,0,1,252.9527587890625,252.46388244628906,0.4888763427734375,253.7846221923828,253.5373992919922,0.247222900390625,0.11006749421358109,7fb0cd4a9b7259187baae09587141fe05649f34ca4769f34127c62dbe9245319,a9fdf658b85802e247d396072781f85a8b64be515e302c64fd48a91fbbeb4f57
hopper-expert-v2,10,1,hybrid,4,mart_hop,two_actor_polyak_target,10009,3536.1244986834345,267.79122213147696,109.27386059973966,1000,0,1,252.91026306152344,252.4213104248047,0.48895263671875,253.66094970703125,253.40164184570312,0.259307861328125,0.11061780899763107,7fb0cd4a9b7259187baae09587141fe05649f34ca4769f34127c62dbe9245319,a9fdf658b85802e247d396072781f85a8b64be515e302c64fd48a91fbbeb4f57
hopper-expert-v2,10,0,hybrid,4,mart_hop,two_actor_polyak_target,10000,3531.6923516408,266.31976715527077,109.13767843424208,1000,0,1,255.18186950683594,254.91510009765625,0.2667694091796875,254.33013916015625,254.1137237548828,0.2164154052734375,0.07731965184211731,51f81441d59524dce5138520603a366434d87fa32a2e61090c2a9f51d6dcee11,28394e42e1aaf52023c81836c8240c82adc91d6ceecec2eaabb714f8c7adc1f2
hopper-expert-v2,10,0,hybrid,4,mart_hop,two_actor_polyak_target,10001,3580.245003148283,266.2658566816833,110.6295073738816,1000,0,1,254.87490844726562,254.59494018554688,0.27996826171875,254.0986785888672,253.92466735839844,0.17401123046875,0.07873579859733582,51f81441d59524dce5138520603a366434d87fa32a2e61090c2a9f51d6dcee11,28394e42e1aaf52023c81836c8240c82adc91d6ceecec2eaabb714f8c7adc1f2
hopper-expert-v2,10,0,hybrid,4,mart_hop,two_actor_polyak_target,10002,2648.577853237259,267.91143115781495,82.0030992747374,695,1,0,255.2416534423828,254.98912048339844,0.252532958984375,254.3968048095703,254.2324676513672,0.164337158203125,0.07069335877895355,51f81441d59524dce5138520603a366434d87fa32a2e61090c2a9f51d6dcee11,28394e42e1aaf52023c81836c8240c82adc91d6ceecec2eaabb714f8c7adc1f2
hopper-expert-v2,10,0,hybrid,4,mart_hop,two_actor_polyak_target,10003,3610.681803597645,268.2758417764202,111.56470861069545,1000,0,1,255.1718292236328,254.9582977294922,0.213531494140625,254.22389221191406,254.05038452148438,0.1735076904296875,0.08182317763566971,51f81441d59524dce5138520603a366434d87fa32a2e61090c2a9f51d6dcee11,28394e42e1aaf52023c81836c8240c82adc91d6ceecec2eaabb714f8c7adc1f2
hopper-expert-v2,10,0,hybrid,4,mart_hop,two_actor_polyak_target,10004,3622.5060531752706,266.7015377681106,111.92802054447736,1000,0,1,255.10366821289062,254.7879180908203,0.3157501220703125,254.4158172607422,254.1811981201172,0.234619140625,0.08714653551578522,51f81441d59524dce5138520603a366434d87fa32a2e61090c2a9f51d6dcee11,28394e42e1aaf52023c81836c8240c82adc91d6ceecec2eaabb714f8c7adc1f2
hopper-expert-v2,10,0,hybrid,4,mart_hop,two_actor_polyak_target,10005,3597.5151749181164,267.2765474259392,111.16015073194436,1000,0,1,255.21026611328125,254.8665008544922,0.3437652587890625,254.42279052734375,254.15296936035156,0.2698211669921875,0.09531629830598831,51f81441d59524dce5138520603a366434d87fa32a2e61090c2a9f51d6dcee11,28394e42e1aaf52023c81836c8240c82adc91d6ceecec2eaabb714f8c7adc1f2
hopper-expert-v2,10,0,hybrid,4,mart_hop,two_actor_polyak_target,10006,3574.415230246463,265.44501916097346,110.45038175135772,1000,0,1,254.88052368164062,254.58131408691406,0.2992095947265625,254.213134765625,253.999267578125,0.2138671875,0.08277586102485657,51f81441d59524dce5138520603a366434d87fa32a2e61090c2a9f51d6dcee11,28394e42e1aaf52023c81836c8240c82adc91d6ceecec2eaabb714f8c7adc1f2
hopper-expert-v2,10,0,hybrid,4,mart_hop,two_actor_polyak_target,10007,3572.6593787128277,267.1071041339801,110.39643145100835,1000,0,1,255.22010803222656,254.87313842773438,0.3469696044921875,254.6770782470703,254.4552459716797,0.221832275390625,0.09757832437753677,51f81441d59524dce5138520603a366434d87fa32a2e61090c2a9f51d6dcee11,28394e42e1aaf52023c81836c8240c82adc91d6ceecec2eaabb714f8c7adc1f2
hopper-expert-v2,10,0,hybrid,4,mart_hop,two_actor_polyak_target,10008,3585.231928017815,267.021726814746,110.7827356448243,953,1,0,255.007080078125,254.68299865722656,0.3240814208984375,254.3624267578125,254.13162231445312,0.230804443359375,0.0895865187048912,51f81441d59524dce5138520603a366434d87fa32a2e61090c2a9f51d6dcee11,28394e42e1aaf52023c81836c8240c82adc91d6ceecec2eaabb714f8c7adc1f2
hopper-expert-v2,10,0,hybrid,4,mart_hop,two_actor_polyak_target,10009,3575.6386684625563,267.2518407904473,110.48797311825452,1000,0,1,255.039306640625,254.76943969726562,0.269866943359375,254.3035888671875,254.10977172851562,0.193817138671875,0.0762663185596466,51f81441d59524dce5138520603a366434d87fa32a2e61090c2a9f51d6dcee11,28394e42e1aaf52023c81836c8240c82adc91d6ceecec2eaabb714f8c7adc1f2
