env,tau,seed,method,checkpoint_step,checkpoint,raw_npz,normalization_sha256,n_states,action_dim,max_action,policy_noise,noise_clip,smoothing_samples,target_deterministic_saturation_fraction,smoothed_action_saturation_fraction_mean,target_deterministic_to_next_data_sq_mean_metric_mean,target_deterministic_to_next_data_sq_mean_metric_p50,target_deterministic_to_next_data_sq_mean_metric_p90,target_deterministic_to_next_data_sq_mean_metric_p99,target_deterministic_to_next_data_sq_mean_metric_rms,target_smoothed_to_next_data_sq_mean_metric_mean,target_smoothed_to_next_data_sq_mean_metric_p50,target_smoothed_to_next_data_sq_mean_metric_p90,target_smoothed_to_next_data_sq_mean_metric_p99,target_smoothed_to_next_data_sq_mean_metric_rms,polyak_lag_sq_mean_metric_mean,polyak_lag_sq_mean_metric_p50,polyak_lag_sq_mean_metric_p90,polyak_lag_sq_mean_metric_p99,polyak_lag_sq_mean_metric_rms,current_sample_anchor_proxy_sq_mean_metric_mean,current_sample_anchor_proxy_sq_mean_metric_p50,current_sample_anchor_proxy_sq_mean_metric_p90,current_sample_anchor_proxy_sq_mean_metric_p99,current_sample_anchor_proxy_sq_mean_metric_rms
halfcheetah-medium-v2,4.0,0,mpi4,1000000,/home/offrl/MPI_sweep/results/mpi4_norm/halfcheetah-medium-v2_tau4_mpi4_seed0/params_1000000.pkl,/home/offrl/MPI_sweep/sweep_results/diagnostics/hosts/offrl/target_policy_exposure/raw/halfcheetah-medium-v2/halfcheetah-medium-v2_tau4_mpi4_seed0_step1000000.npz,ade55b2ae3c8ed4d9c0ff8ab4a439190b5f41d2839c20f84633166620162be23,4096,6,1.0,0.20000000298023224,0.5,64,0.0003255208333333333,0.24367014567057294,0.027699450641166024,0.015954490569735448,0.06025226010615843,0.21063400125471132,0.16643151937408376,0.054444585197568805,0.04300848246644669,0.08822062274454105,0.24410242854627306,0.23333363494697631,0.0007466762903707334,0.00036277445065853914,0.0016538475255565288,0.005585423031015325,0.02732537813774465,0.02820281989183419,0.015592205029141343,0.06279937888506026,0.21545363283875477,0.16793695213333543
halfcheetah-medium-v2,4.0,1,mpi4,1000000,/home/offrl/MPI_sweep/results/mpi4_norm/halfcheetah-medium-v2_tau4_mpi4_seed1/params_1000000.pkl,/home/offrl/MPI_sweep/sweep_results/diagnostics/hosts/offrl/target_policy_exposure/raw/halfcheetah-medium-v2/halfcheetah-medium-v2_tau4_mpi4_seed1_step1000000.npz,ade55b2ae3c8ed4d9c0ff8ab4a439190b5f41d2839c20f84633166620162be23,4096,6,1.0,0.20000000298023224,0.5,64,0.0,0.24110984802246094,0.02744708263210539,0.016191013635510863,0.05977885255075914,0.20103632853234246,0.16567161082124296,0.05444854803010085,0.04373944392421936,0.08791376443397661,0.23271914444902372,0.23334212656548078,0.000516984358725,0.00023191871464304609,0.0012341524268286719,0.004379630221248597,0.02273729004795866,0.028359228364966654,0.015658101812126308,0.060111593514496534,0.22421232143760864,0.16840198444485935
halfcheetah-medium-v2,4.0,2,mpi4,1000000,/home/offrl/MPI_sweep/results/mpi4_norm/halfcheetah-medium-v2_tau4_mpi4_seed2/params_1000000.pkl,/home/offrl/MPI_sweep/sweep_results/diagnostics/hosts/offrl/target_policy_exposure/raw/halfcheetah-medium-v2/halfcheetah-medium-v2_tau4_mpi4_seed2_step1000000.npz,ade55b2ae3c8ed4d9c0ff8ab4a439190b5f41d2839c20f84633166620162be23,4096,6,1.0,0.20000000298023224,0.5,64,0.000732421875,0.24449729919433594,0.028469715685534015,0.01607889199173466,0.06084797228591772,0.20032164499280206,0.16872971192274944,0.05510085452873006,0.04349131628833722,0.08944954344851778,0.24070556960958703,0.23473571208644428,0.0008715628178864526,0.0004292693461233436,0.0018979052004321297,0.005497485530853065,0.02952224276518389,0.02914259502802779,0.01609040374645095,0.06219316351416637,0.2198407539388736,0.17071202367738422
halfcheetah-medium-v2,4.0,3,mpi4,1000000,/home/offrl/MPI_sweep/results/mpi4_norm/halfcheetah-medium-v2_tau4_mpi4_seed3/params_1000000.pkl,/home/offrl/MPI_sweep/sweep_results/diagnostics/hosts/offrl/target_policy_exposure/raw/halfcheetah-medium-v2/halfcheetah-medium-v2_tau4_mpi4_seed3_step1000000.npz,ade55b2ae3c8ed4d9c0ff8ab4a439190b5f41d2839c20f84633166620162be23,4096,6,1.0,0.20000000298023224,0.5,64,0.0004069010416666667,0.2455590565999349,0.027957522032127265,0.01581525853362109,0.05977502926710561,0.22106971677664375,0.16720502992472225,0.054493945728075234,0.04301425790436897,0.08802526546478753,0.2591898060048768,0.23343938341264361,0.0008698930983960479,0.0003480501956480234,0.0016647608655198098,0.006360582766698532,0.029493950199931646,0.029004141571648313,0.015998006472727866,0.06256263815093159,0.2198904885022794,0.17030602329820374
halfcheetah-medium-v2,7.0,0,mpi4,1000000,/home/offrl/MPI_sweep/results/mpi4_norm/halfcheetah-medium-v2_tau7_mpi4_seed0/params_1000000.pkl,/home/offrl/MPI_sweep/sweep_results/diagnostics/hosts/offrl/target_policy_exposure/raw/halfcheetah-medium-v2/halfcheetah-medium-v2_tau7_mpi4_seed0_step1000000.npz,ade55b2ae3c8ed4d9c0ff8ab4a439190b5f41d2839c20f84633166620162be23,4096,6,1.0,0.20000000298023224,0.5,64,0.0002848307291666667,0.24600601196289062,0.030023647694330108,0.01729051730944775,0.06478354696992028,0.23763881055468444,0.1732733323230384,0.05640312422447956,0.044261900945860806,0.0921417205345385,0.26415977961396403,0.23749341932878806,0.000742077413293418,0.00039542158060257293,0.001607856981534243,0.005034933589832031,0.02724109787239527,0.02991063311597017,0.017128810256857047,0.0633772946530371,0.21557308010487797,0.1729469083735531
halfcheetah-medium-v2,7.0,1,mpi4,1000000,/home/offrl/MPI_sweep/results/mpi4_norm/halfcheetah-medium-v2_tau7_mpi4_seed1/params_1000000.pkl,/home/offrl/MPI_sweep/sweep_results/diagnostics/hosts/offrl/target_policy_exposure/raw/halfcheetah-medium-v2/halfcheetah-medium-v2_tau7_mpi4_seed1_step1000000.npz,ade55b2ae3c8ed4d9c0ff8ab4a439190b5f41d2839c20f84633166620162be23,4096,6,1.0,0.20000000298023224,0.5,64,0.0006510416666666666,0.2456226348876953,0.02948298686197759,0.017349388514468288,0.062411204070789005,0.20662359101503863,0.171706106070744,0.05589556546125378,0.044445293434172584,0.0900056944282036,0.2374400206454269,0.23642243011451722,0.000632002166344101,0.0003060365165200215,0.0014535655456532717,0.004654607464699199,0.025139653266186886,0.030518311460513266,0.01704457303617346,0.0644245777687805,0.21497968746468063,0.17469490965827614
halfcheetah-medium-v2,7.0,2,mpi4,1000000,/home/offrl/MPI_sweep/results/mpi4_norm/halfcheetah-medium-v2_tau7_mpi4_seed2/params_1000000.pkl,/home/offrl/MPI_sweep/sweep_results/diagnostics/hosts/offrl/target_policy_exposure/raw/halfcheetah-medium-v2/halfcheetah-medium-v2_tau7_mpi4_seed2_step1000000.npz,ade55b2ae3c8ed4d9c0ff8ab4a439190b5f41d2839c20f84633166620162be23,4096,6,1.0,0.20000000298023224,0.5,64,0.0001220703125,0.24694760640462238,0.029684175717738855,0.01737769791013003,0.06481144003979959,0.2044894419999312,0.17229096237974542,0.05597054423150777,0.04405178599252657,0.09124076705412243,0.24173303728860465,0.23658094646760497,0.0007428701162446245,0.00039749596840484475,0.0015070638572855324,0.004852692886115176,0.027255643750324896,0.029952566921586578,0.017038677362279486,0.06390957509211148,0.22842991818712804,0.1730680990869969
halfcheetah-medium-v2,7.0,3,mpi4,1000000,/home/offrl/MPI_sweep/results/mpi4_norm/halfcheetah-medium-v2_tau7_mpi4_seed3/params_1000000.pkl,/home/offrl/MPI_sweep/sweep_results/diagnostics/hosts/offrl/target_policy_exposure/raw/halfcheetah-medium-v2/halfcheetah-medium-v2_tau7_mpi4_seed3_step1000000.npz,ade55b2ae3c8ed4d9c0ff8ab4a439190b5f41d2839c20f84633166620162be23,4096,6,1.0,0.20000000298023224,0.5,64,0.0006103515625,0.2492523193359375,0.0296359995528285,0.017471243244813195,0.0644689885657499,0.21219935878568208,0.17215109512526636,0.05570530440588278,0.04411976779305896,0.0914471543290176,0.2509023923868592,0.23601971190110962,0.0010587695918859792,0.00044472082731802,0.0020671383763663327,0.007149075888160191,0.03253873986321504,0.03043425120842285,0.016696124172691874,0.06503655177721157,0.2388473323711273,0.17445415216733265
halfcheetah-medium-v2,10.0,0,mpi4,1000000,/home/offrl/MPI_sweep/results/mpi4_norm/halfcheetah-medium-v2_tau10_mpi4_seed0/params_1000000.pkl,/home/offrl/MPI_sweep/sweep_results/diagnostics/hosts/offrl/target_policy_exposure/raw/halfcheetah-medium-v2/halfcheetah-medium-v2_tau10_mpi4_seed0_step1000000.npz,ade55b2ae3c8ed4d9c0ff8ab4a439190b5f41d2839c20f84633166620162be23,4096,6,1.0,0.20000000298023224,0.5,64,0.0010172526041666667,0.24881617228190103,0.031444154961727006,0.01876039772408452,0.06877513133323039,0.22348405454880968,0.17732499812978147,0.05738144814637639,0.0454226500642904,0.09506896572283369,0.25884946116111696,0.2395442509148913,0.0007111669972970156,0.0003779627369615568,0.0014641163971020887,0.004763476249526883,0.026667714512065253,0.0316068479874131,0.018392172552997486,0.0675878163823048,0.24505114917033555,0.1777831487723544
halfcheetah-medium-v2,10.0,1,mpi4,1000000,/home/offrl/MPI_sweep/results/mpi4_norm/halfcheetah-medium-v2_tau10_mpi4_seed1/params_1000000.pkl,/home/offrl/MPI_sweep/sweep_results/diagnostics/hosts/offrl/target_policy_exposure/raw/halfcheetah-medium-v2/halfcheetah-medium-v2_tau10_mpi4_seed1_step1000000.npz,ade55b2ae3c8ed4d9c0ff8ab4a439190b5f41d2839c20f84633166620162be23,4096,6,1.0,0.20000000298023224,0.5,64,0.0013020833333333333,0.2494964599609375,0.031758156392909534,0.019244281304660642,0.0678431877749972,0.209336940187738,0.17820818273275088,0.057664477471216474,0.04572370723571292,0.0951524024412313,0.2383705868490065,0.24013429049433252,0.0006797458237547318,0.00034719528939319844,0.001463354309308625,0.004400411210599489,0.026071935558272842,0.032735199383656044,0.01886204485829997,0.06934532523731225,0.23074131560867228,0.18092871354115145
halfcheetah-medium-v2,10.0,2,mpi4,1000000,/home/offrl/MPI_sweep/results/mpi4_norm/halfcheetah-medium-v2_tau10_mpi4_seed2/params_1000000.pkl,/home/offrl/MPI_sweep/sweep_results/diagnostics/hosts/offrl/target_policy_exposure/raw/halfcheetah-medium-v2/halfcheetah-medium-v2_tau10_mpi4_seed2_step1000000.npz,ade55b2ae3c8ed4d9c0ff8ab4a439190b5f41d2839c20f84633166620162be23,4096,6,1.0,0.20000000298023224,0.5,64,0.0023193359375,0.24882952372233072,0.032040023836504436,0.01888925812939609,0.069195298876366,0.2239134353162937,0.17899727326555687,0.05794569674464965,0.04574086962025137,0.09657317325271036,0.255179388580714,0.24071912417722371,0.0008329274758800945,0.00030657782513099363,0.0017111771199331827,0.006106546073282462,0.028860482946064754,0.03215730491167937,0.01826879369521824,0.06928132178503196,0.24966702414143024,0.17932457977555494
halfcheetah-medium-v2,10.0,3,mpi4,1000000,/home/offrl/MPI_sweep/results/mpi4_norm/halfcheetah-medium-v2_tau10_mpi4_seed3/params_1000000.pkl,/home/offrl/MPI_sweep/sweep_results/diagnostics/hosts/offrl/target_policy_exposure/raw/halfcheetah-medium-v2/halfcheetah-medium-v2_tau10_mpi4_seed3_step1000000.npz,ade55b2ae3c8ed4d9c0ff8ab4a439190b5f41d2839c20f84633166620162be23,4096,6,1.0,0.20000000298023224,0.5,64,0.0027262369791666665,0.25038401285807294,0.031682342204552905,0.01867005622428527,0.06779165047343363,0.20896071357265925,0.17799534321030117,0.057463573177678265,0.045241145031753735,0.09459207186862839,0.24360659786565395,0.2397156089571104,0.000958870498309619,0.00039998490625148264,0.0018354756779528358,0.006083617369274831,0.030965634149967267,0.032194839287563184,0.018297106202226132,0.06873722083158404,0.22700089593259268,0.1794292041100422
halfcheetah-medium-v2,14.0,0,mpi4,1000000,/home/offrl/MPI_sweep/results/mpi4_norm/halfcheetah-medium-v2_tau14_mpi4_seed0/params_1000000.pkl,/home/offrl/MPI_sweep/sweep_results/diagnostics/hosts/offrl/target_policy_exposure/raw/halfcheetah-medium-v2/halfcheetah-medium-v2_tau14_mpi4_seed0_step1000000.npz,ade55b2ae3c8ed4d9c0ff8ab4a439190b5f41d2839c20f84633166620162be23,4096,6,1.0,0.20000000298023224,0.5,64,0.0011800130208333333,0.24967447916666666,0.0343827439301128,0.020894089595950995,0.07478760105565622,0.2367305123247207,0.18542584482782545,0.06002580759303075,0.047154556433667394,0.10067295958239696,0.2725641774038813,0.24500164814349873,0.0008200091777346638,0.0003449435649282388,0.0016562280942912602,0.007754469654382037,0.028635802376302706,0.03420086503651037,0.020445406942296056,0.07551024180399205,0.2357063056600659,0.18493475886514782
halfcheetah-medium-v2,14.0,1,mpi4,1000000,/home/offrl/MPI_sweep/results/mpi4_norm/halfcheetah-medium-v2_tau14_mpi4_seed1/params_1000000.pkl,/home/offrl/MPI_sweep/sweep_results/diagnostics/hosts/offrl/target_policy_exposure/raw/halfcheetah-medium-v2/halfcheetah-medium-v2_tau14_mpi4_seed1_step1000000.npz,ade55b2ae3c8ed4d9c0ff8ab4a439190b5f41d2839c20f84633166620162be23,4096,6,1.0,0.20000000298023224,0.5,64,0.022989908854166668,0.25091807047526044,0.03419075825388446,0.0205901204623539,0.07367325313303277,0.2250223794314179,0.18490743158100612,0.05972217266636103,0.04697158502490742,0.09934506687983173,0.25267247023962275,0.2443812035864482,0.0007798732277220625,0.00035196452777667514,0.0015322811213470307,0.00534176107964868,0.027926210407466002,0.035189961820285345,0.020398883191091954,0.07398631633759578,0.23972685945437666,0.18758987664659665
halfcheetah-medium-v2,14.0,2,mpi4,1000000,/home/offrl/MPI_sweep/results/mpi4_norm/halfcheetah-medium-v2_tau14_mpi4_seed2/params_1000000.pkl,/home/offrl/MPI_sweep/sweep_results/diagnostics/hosts/offrl/target_policy_exposure/raw/halfcheetah-medium-v2/halfcheetah-medium-v2_tau14_mpi4_seed2_step1000000.npz,ade55b2ae3c8ed4d9c0ff8ab4a439190b5f41d2839c20f84633166620162be23,4096,6,1.0,0.20000000298023224,0.5,64,0.020467122395833332,0.2538414001464844,0.034670080526834346,0.020749103043272044,0.074466775973967,0.24092659120779034,0.1861990347097276,0.05993503324023944,0.04702000276629313,0.09942173691129995,0.2747835672060669,0.2448163255182126,0.0008354664690466755,0.0003184164071825535,0.001760242331158679,0.007238269737714143,0.02890443684015787,0.03499929794654012,0.020276826116666292,0.07301845634689623,0.2666396521750666,0.18708099301249212
halfcheetah-medium-v2,14.0,3,mpi4,1000000,/home/offrl/MPI_sweep/results/mpi4_norm/halfcheetah-medium-v2_tau14_mpi4_seed3/params_1000000.pkl,/home/offrl/MPI_sweep/sweep_results/diagnostics/hosts/offrl/target_policy_exposure/raw/halfcheetah-medium-v2/halfcheetah-medium-v2_tau14_mpi4_seed3_step1000000.npz,ade55b2ae3c8ed4d9c0ff8ab4a439190b5f41d2839c20f84633166620162be23,4096,6,1.0,0.20000000298023224,0.5,64,0.0037434895833333335,0.2551161448160807,0.033974818191379166,0.020306573933520866,0.07364321754721459,0.24078192096203616,0.1843225927318167,0.05921828694521565,0.046538617972773665,0.09992448072107182,0.270237379888423,0.24334807775122377,0.0011180923492176424,0.0004982051898476669,0.0019990602388997303,0.006839969559763773,0.033437887929976116,0.034957466594525415,0.01985416622574121,0.0734072277668929,0.2426562218392903,0.18696915947429782
halfcheetah-medium-v2,20.0,0,mpi4,1000000,/home/offrl/MPI_sweep/results/mpi4_norm/halfcheetah-medium-v2_tau20_mpi4_seed0/params_1000000.pkl,/home/offrl/MPI_sweep/sweep_results/diagnostics/hosts/offrl/target_policy_exposure/raw/halfcheetah-medium-v2/halfcheetah-medium-v2_tau20_mpi4_seed0_step1000000.npz,ade55b2ae3c8ed4d9c0ff8ab4a439190b5f41d2839c20f84633166620162be23,4096,6,1.0,0.20000000298023224,0.5,64,0.029866536458333332,0.2531623840332031,0.03955386759041132,0.02389862838511666,0.0834986035988526,0.2797672239530136,0.1988815416030641,0.06453887142260667,0.050003792287007354,0.10971738022309886,0.3106823152435827,0.25404501849594824,0.0009265794417075463,0.0004744587271385825,0.001841109340449639,0.0075417836524850745,0.03043976743846027,0.038688893087608076,0.023658938168940345,0.08043862007703713,0.2643988823192699,0.19669492389893561
halfcheetah-medium-v2,20.0,1,mpi4,1000000,/home/offrl/MPI_sweep/results/mpi4_norm/halfcheetah-medium-v2_tau20_mpi4_seed1/params_1000000.pkl,/home/offrl/MPI_sweep/sweep_results/diagnostics/hosts/offrl/target_policy_exposure/raw/halfcheetah-medium-v2/halfcheetah-medium-v2_tau20_mpi4_seed1_step1000000.npz,ade55b2ae3c8ed4d9c0ff8ab4a439190b5f41d2839c20f84633166620162be23,4096,6,1.0,0.20000000298023224,0.5,64,0.032307942708333336,0.25015513102213544,0.0391431475021852,0.02377898133757602,0.08429806241292681,0.24876078235786223,0.1978462723990149,0.0643204411714205,0.05006091605965449,0.10998767653302591,0.2869699605030346,0.25361474951473245,0.000711854818316089,0.0003463733784145144,0.0013942270268246424,0.005472802332825733,0.026680607532739747,0.03908568041373686,0.02330219408419154,0.08242348467077439,0.2564382698270505,0.19770098738685363
halfcheetah-medium-v2,20.0,2,mpi4,1000000,/home/offrl/MPI_sweep/results/mpi4_norm/halfcheetah-medium-v2_tau20_mpi4_seed2/params_1000000.pkl,/home/offrl/MPI_sweep/sweep_results/diagnostics/hosts/offrl/target_policy_exposure/raw/halfcheetah-medium-v2/halfcheetah-medium-v2_tau20_mpi4_seed2_step1000000.npz,ade55b2ae3c8ed4d9c0ff8ab4a439190b5f41d2839c20f84633166620162be23,4096,6,1.0,0.20000000298023224,0.5,64,0.038045247395833336,0.2525596618652344,0.038552194097821166,0.023783314620838308,0.08262025110070681,0.24148063152637564,0.1963471265331407,0.0636212257422854,0.05001904648975305,0.10756854823193596,0.27128904116842933,0.25223248351924343,0.0010423792188037923,0.0006269276207818326,0.001942035772382944,0.006315057257413178,0.03228589814150742,0.03902008124781774,0.02313835287774661,0.08044189632346388,0.2826549537326962,0.1975350127137408
halfcheetah-medium-v2,20.0,3,mpi4,1000000,/home/offrl/MPI_sweep/results/mpi4_norm/halfcheetah-medium-v2_tau20_mpi4_seed3/params_1000000.pkl,/home/offrl/MPI_sweep/sweep_results/diagnostics/hosts/offrl/target_policy_exposure/raw/halfcheetah-medium-v2/halfcheetah-medium-v2_tau20_mpi4_seed3_step1000000.npz,ade55b2ae3c8ed4d9c0ff8ab4a439190b5f41d2839c20f84633166620162be23,4096,6,1.0,0.20000000298023224,0.5,64,0.020467122395833332,0.2565962473551432,0.03907051391087841,0.023911538948899157,0.0845206468050416,0.25777702522179125,0.1976626264898815,0.06373547832751181,0.0490481793613228,0.1094836090654509,0.2838242784364263,0.25245886462454,0.0013174744258966223,0.0004644476802120323,0.002095757660949123,0.012607298164362162,0.036297030538277125,0.0390163468901783,0.022875235490043146,0.08208941583294897,0.267557428391668,0.1975255600933163
halfcheetah-medium-replay-v2,4.0,0,mpi4,1000000,/home/offrl/MPI_sweep/results/mpi4_norm/halfcheetah-medium-replay-v2_tau4_mpi4_seed0/params_1000000.pkl,/home/offrl/MPI_sweep/sweep_results/diagnostics/hosts/offrl/target_policy_exposure/raw/halfcheetah-medium-replay-v2/halfcheetah-medium-replay-v2_tau4_mpi4_seed0_step1000000.npz,ec6a5819e3e7813f0907f7c9582eadd5bc3651e9cf72eb528122d1bb981e9d8f,4096,6,1.0,0.20000000298023224,0.5,64,0.009440104166666666,0.20859909057617188,0.09249424674945589,0.04608529267406543,0.24476763759836712,0.5586597336203951,0.3041286680822048,0.12021309326051757,0.07376456650562452,0.2794708087942285,0.5960623593111598,0.3467175987176272,0.002689414400476822,0.001090806878935998,0.006853361250662715,0.020575305667989662,0.05185956421410444,0.09366465234901578,0.047608607192737885,0.24298952789831674,0.5498314879548477,0.3060468139827889
halfcheetah-medium-replay-v2,4.0,1,mpi4,1000000,/home/offrl/MPI_sweep/results/mpi4_norm/halfcheetah-medium-replay-v2_tau4_mpi4_seed1/params_1000000.pkl,/home/offrl/MPI_sweep/sweep_results/diagnostics/hosts/offrl/target_policy_exposure/raw/halfcheetah-medium-replay-v2/halfcheetah-medium-replay-v2_tau4_mpi4_seed1_step1000000.npz,ec6a5819e3e7813f0907f7c9582eadd5bc3651e9cf72eb528122d1bb981e9d8f,4096,6,1.0,0.20000000298023224,0.5,64,0.023722330729166668,0.20766512552897137,0.09442623619659071,0.04567115883007015,0.24798057600681508,0.5965717640938237,0.30728852272187246,0.12211210759455182,0.07352655442376436,0.2805984366241986,0.63376224750232,0.34944542863593425,0.0026715167385235354,0.0012162527209458318,0.006757768563074565,0.019056568280429082,0.05168671723492928,0.09366461207029253,0.04946199664360999,0.24184768291646228,0.5563239602321152,0.3060467481779418
halfcheetah-medium-replay-v2,4.0,2,mpi4,1000000,/home/offrl/MPI_sweep/results/mpi4_norm/halfcheetah-medium-replay-v2_tau4_mpi4_seed2/params_1000000.pkl,/home/offrl/MPI_sweep/sweep_results/diagnostics/hosts/offrl/target_policy_exposure/raw/halfcheetah-medium-replay-v2/halfcheetah-medium-replay-v2_tau4_mpi4_seed2_step1000000.npz,ec6a5819e3e7813f0907f7c9582eadd5bc3651e9cf72eb528122d1bb981e9d8f,4096,6,1.0,0.20000000298023224,0.5,64,0.0234375,0.20824368794759116,0.09348427785825536,0.04572323836101688,0.24977928873461983,0.5834751649589951,0.30575198749681964,0.12119614301953982,0.07341234481343886,0.2819769070159115,0.6232869024942401,0.3481323642230636,0.0027532615031282876,0.0014101086882440939,0.006667333113303661,0.02052345276275484,0.05247153040581423,0.09321818227660127,0.048167851772329115,0.24606648637078857,0.5829095693796414,0.30531652801085185
halfcheetah-medium-replay-v2,4.0,3,mpi4,1000000,/home/offrl/MPI_sweep/results/mpi4_norm/halfcheetah-medium-replay-v2_tau4_mpi4_seed3/params_1000000.pkl,/home/offrl/MPI_sweep/sweep_results/diagnostics/hosts/offrl/target_policy_exposure/raw/halfcheetah-medium-replay-v2/halfcheetah-medium-replay-v2_tau4_mpi4_seed3_step1000000.npz,ec6a5819e3e7813f0907f7c9582eadd5bc3651e9cf72eb528122d1bb981e9d8f,4096,6,1.0,0.20000000298023224,0.5,64,0.009236653645833334,0.20816357930501303,0.09441557673762,0.044846165153776006,0.25247556208826916,0.5737890833612332,0.30727117785047786,0.12207646612309342,0.07218770097744868,0.2854680605708909,0.6095282282453308,0.3493944277218705,0.0023459981260299666,0.0010196350280959148,0.005705391522496939,0.018715512499814742,0.04843550480824956,0.09424585561046275,0.04794232807762455,0.24895210122728412,0.576589990407229,0.3069948788016874
halfcheetah-medium-replay-v2,7.0,0,mpi4,1000000,/home/offrl/MPI_sweep/results/mpi4_norm/halfcheetah-medium-replay-v2_tau7_mpi4_seed0/params_1000000.pkl,/home/offrl/MPI_sweep/sweep_results/diagnostics/hosts/offrl/target_policy_exposure/raw/halfcheetah-medium-replay-v2/halfcheetah-medium-replay-v2_tau7_mpi4_seed0_step1000000.npz,ec6a5819e3e7813f0907f7c9582eadd5bc3651e9cf72eb528122d1bb981e9d8f,4096,6,1.0,0.20000000298023224,0.5,64,0.020426432291666668,0.20986048380533853,0.09717256104104349,0.048351525760760225,0.25547235982755484,0.5793726460076873,0.311725137005413,0.12456972757653689,0.07487648764090188,0.2944267202900033,0.6098775877021442,0.35294436895428277,0.0026243230953387616,0.0010753493182435274,0.006307347153930702,0.023347327942285768,0.05122814749079613,0.09840020284124587,0.05171892089856556,0.25553758552338957,0.5764959067106253,0.31368806614413286
halfcheetah-medium-replay-v2,7.0,1,mpi4,1000000,/home/offrl/MPI_sweep/results/mpi4_norm/halfcheetah-medium-replay-v2_tau7_mpi4_seed1/params_1000000.pkl,/home/offrl/MPI_sweep/sweep_results/diagnostics/hosts/offrl/target_policy_exposure/raw/halfcheetah-medium-replay-v2/halfcheetah-medium-replay-v2_tau7_mpi4_seed1_step1000000.npz,ec6a5819e3e7813f0907f7c9582eadd5bc3651e9cf72eb528122d1bb981e9d8f,4096,6,1.0,0.20000000298023224,0.5,64,0.024576822916666668,0.21011797587076825,0.09606739232180787,0.04888006211270597,0.24640697387258115,0.5924996012200914,0.3099474025085674,0.12345163626886146,0.07597615009731049,0.2808546627801647,0.6167072839873757,0.35135685032294656,0.0033014373671454247,0.001868196468744069,0.007780351049253417,0.018757751135763116,0.05745813577854249,0.09859392042765319,0.05229504076540555,0.2526723801226277,0.5983654017249748,0.3139966885616044
halfcheetah-medium-replay-v2,7.0,2,mpi4,1000000,/home/offrl/MPI_sweep/results/mpi4_norm/halfcheetah-medium-replay-v2_tau7_mpi4_seed2/params_1000000.pkl,/home/offrl/MPI_sweep/sweep_results/diagnostics/hosts/offrl/target_policy_exposure/raw/halfcheetah-medium-replay-v2/halfcheetah-medium-replay-v2_tau7_mpi4_seed2_step1000000.npz,ec6a5819e3e7813f0907f7c9582eadd5bc3651e9cf72eb528122d1bb981e9d8f,4096,6,1.0,0.20000000298023224,0.5,64,0.028971354166666668,0.21066856384277344,0.09476287172252224,0.047589388885019915,0.24789079927518287,0.5621625984945764,0.3078357869425227,0.12214987982835335,0.0746708668268089,0.2787790202946347,0.5881730031955474,0.3494994704264276,0.0024881953662888056,0.0011591566970245992,0.006563403718952365,0.01586089320548284,0.049881813983543195,0.0969830304902754,0.05018623846945047,0.24842598056420684,0.5963140618987388,0.31142098595032963
halfcheetah-medium-replay-v2,7.0,3,mpi4,1000000,/home/offrl/MPI_sweep/results/mpi4_norm/halfcheetah-medium-replay-v2_tau7_mpi4_seed3/params_1000000.pkl,/home/offrl/MPI_sweep/sweep_results/diagnostics/hosts/offrl/target_policy_exposure/raw/halfcheetah-medium-replay-v2/halfcheetah-medium-replay-v2_tau7_mpi4_seed3_step1000000.npz,ec6a5819e3e7813f0907f7c9582eadd5bc3651e9cf72eb528122d1bb981e9d8f,4096,6,1.0,0.20000000298023224,0.5,64,0.005655924479166667,0.20986429850260419,0.09542254864060218,0.047683699609366435,0.25712243151065195,0.5811266551415134,0.3089054040326944,0.12295347390150714,0.07503569871512111,0.28944048139808565,0.6165541447848295,0.35064722143702654,0.002702953623684212,0.0012793113065849109,0.006766386690392127,0.020064921572989513,0.05198993771571776,0.09797613289192575,0.051301020518742746,0.25186030485671534,0.5823302104118436,0.3130113941886553
halfcheetah-medium-replay-v2,10.0,0,mpi4,1000000,/home/offrl/MPI_sweep/results/mpi4_norm/halfcheetah-medium-replay-v2_tau10_mpi4_seed0/params_1000000.pkl,/home/offrl/MPI_sweep/sweep_results/diagnostics/hosts/offrl/target_policy_exposure/raw/halfcheetah-medium-replay-v2/halfcheetah-medium-replay-v2_tau10_mpi4_seed0_step1000000.npz,ec6a5819e3e7813f0907f7c9582eadd5bc3651e9cf72eb528122d1bb981e9d8f,4096,6,1.0,0.20000000298023224,0.5,64,0.0081787109375,0.20989672342936197,0.09963654866526668,0.05115941312396899,0.2605402543763873,0.5858023618360072,0.31565257588885076,0.12684330043337386,0.07772146420612994,0.29708310977192365,0.6171471881926587,0.3561506709713936,0.0030514737134794113,0.0014750646696987482,0.007605614358344799,0.02254401482221675,0.055240145849548686,0.10147051403109567,0.05232766473989159,0.26742105061809224,0.5707881367066887,0.3185443674452519
halfcheetah-medium-replay-v2,10.0,1,mpi4,1000000,/home/offrl/MPI_sweep/results/mpi4_norm/halfcheetah-medium-replay-v2_tau10_mpi4_seed1/params_1000000.pkl,/home/offrl/MPI_sweep/sweep_results/diagnostics/hosts/offrl/target_policy_exposure/raw/halfcheetah-medium-replay-v2/halfcheetah-medium-replay-v2_tau10_mpi4_seed1_step1000000.npz,ec6a5819e3e7813f0907f7c9582eadd5bc3651e9cf72eb528122d1bb981e9d8f,4096,6,1.0,0.20000000298023224,0.5,64,0.01318359375,0.2092736562093099,0.10010479082733365,0.05217098296675508,0.26234588437606965,0.5965437496726285,0.3163934114790219,0.127485701650868,0.07934151065406908,0.2951765145975793,0.6242410480784669,0.35705139917225925,0.0024650168264379255,0.0012144179154252772,0.006335712603397307,0.016593436183753897,0.04964893580367988,0.10090484493757906,0.05184795772462773,0.2658247574549174,0.5813229589131275,0.317655229671383
halfcheetah-medium-replay-v2,10.0,2,mpi4,1000000,/home/offrl/MPI_sweep/results/mpi4_norm/halfcheetah-medium-replay-v2_tau10_mpi4_seed2/params_1000000.pkl,/home/offrl/MPI_sweep/sweep_results/diagnostics/hosts/offrl/target_policy_exposure/raw/halfcheetah-medium-replay-v2/halfcheetah-medium-replay-v2_tau10_mpi4_seed2_step1000000.npz,ec6a5819e3e7813f0907f7c9582eadd5bc3651e9cf72eb528122d1bb981e9d8f,4096,6,1.0,0.20000000298023224,0.5,64,0.014404296875,0.21076202392578125,0.09889847648888811,0.04979228593341152,0.26393115444807336,0.5807565865077777,0.3144812816192533,0.1260234638045142,0.07715650792869548,0.2916510440717307,0.6122614491385407,0.35499783633779264,0.002984300614156616,0.0014041608454193148,0.007733017416512666,0.020187985573977118,0.05462875263225965,0.10187280606997379,0.054360104653357944,0.26327489995552844,0.6049839312210682,0.3191751965143498
halfcheetah-medium-replay-v2,10.0,3,mpi4,1000000,/home/offrl/MPI_sweep/results/mpi4_norm/halfcheetah-medium-replay-v2_tau10_mpi4_seed3/params_1000000.pkl,/home/offrl/MPI_sweep/sweep_results/diagnostics/hosts/offrl/target_policy_exposure/raw/halfcheetah-medium-replay-v2/halfcheetah-medium-replay-v2_tau10_mpi4_seed3_step1000000.npz,ec6a5819e3e7813f0907f7c9582eadd5bc3651e9cf72eb528122d1bb981e9d8f,4096,6,1.0,0.20000000298023224,0.5,64,0.00390625,0.20685386657714844,0.1009212545245656,0.04975717234932139,0.25902382312536554,0.6002367119712305,0.3176810578623875,0.1285045558182003,0.07735812000766287,0.2933622957991524,0.6312195099042389,0.35847532107273483,0.0032701713376688145,0.001495506343622388,0.00803972467353257,0.022490857872443874,0.05718541193056857,0.10141202964548576,0.053953703777149364,0.2595915445490391,0.6242726118594878,0.31845255477933565
halfcheetah-medium-replay-v2,14.0,0,mpi4,1000000,/home/offrl/MPI_sweep/results/mpi4_norm/halfcheetah-medium-replay-v2_tau14_mpi4_seed0/params_1000000.pkl,/home/offrl/MPI_sweep/sweep_results/diagnostics/hosts/offrl/target_policy_exposure/raw/halfcheetah-medium-replay-v2/halfcheetah-medium-replay-v2_tau14_mpi4_seed0_step1000000.npz,ec6a5819e3e7813f0907f7c9582eadd5bc3651e9cf72eb528122d1bb981e9d8f,4096,6,1.0,0.20000000298023224,0.5,64,0.0017496744791666667,0.20801480611165366,0.10558155358659738,0.05452201148364348,0.27553866893261636,0.6109595565746243,0.3249331524892426,0.1327667334793846,0.08172062981735809,0.30869578975527023,0.6288330991962133,0.36437169686926096,0.0028962266662172207,0.0013096460689355402,0.006867875569999645,0.025970513048105263,0.053816602142993206,0.10554990208485715,0.05766098543305513,0.2747399592626607,0.6242718109055819,0.32488444420263823
halfcheetah-medium-replay-v2,14.0,1,mpi4,1000000,/home/offrl/MPI_sweep/results/mpi4_norm/halfcheetah-medium-replay-v2_tau14_mpi4_seed1/params_1000000.pkl,/home/offrl/MPI_sweep/sweep_results/diagnostics/hosts/offrl/target_policy_exposure/raw/halfcheetah-medium-replay-v2/halfcheetah-medium-replay-v2_tau14_mpi4_seed1_step1000000.npz,ec6a5819e3e7813f0907f7c9582eadd5bc3651e9cf72eb528122d1bb981e9d8f,4096,6,1.0,0.20000000298023224,0.5,64,0.0032552083333333335,0.21045684814453125,0.10691067413321509,0.05510489655239326,0.2852379446121631,0.5905620722357235,0.32697197759626906,0.13386683259683868,0.08229998770773611,0.3172397816742435,0.6354947375226332,0.36587816632977527,0.0027474013434325246,0.0011293442806895961,0.006951353219543914,0.02012161843890066,0.05241565933413911,0.10700057979459199,0.058407927568339346,0.27142382940898335,0.5985309721163209,0.32710943091661543
halfcheetah-medium-replay-v2,14.0,2,mpi4,1000000,/home/offrl/MPI_sweep/results/mpi4_norm/halfcheetah-medium-replay-v2_tau14_mpi4_seed2/params_1000000.pkl,/home/offrl/MPI_sweep/sweep_results/diagnostics/hosts/offrl/target_policy_exposure/raw/halfcheetah-medium-replay-v2/halfcheetah-medium-replay-v2_tau14_mpi4_seed2_step1000000.npz,ec6a5819e3e7813f0907f7c9582eadd5bc3651e9cf72eb528122d1bb981e9d8f,4096,6,1.0,0.20000000298023224,0.5,64,0.0032145182291666665,0.21007919311523438,0.10546038592672186,0.05386367854719746,0.27424092427459834,0.6108908544837812,0.3247466488306259,0.1323705820678523,0.08037560439417775,0.3057036335943026,0.6446498701836951,0.3638276818328318,0.0031260549413580987,0.0012001826582945796,0.008434026394923261,0.02243733548879679,0.05591113432365774,0.10870455939206755,0.057604527410300456,0.28555680659580196,0.6022898405169455,0.32970374488632603
halfcheetah-medium-replay-v2,14.0,3,mpi4,1000000,/home/offrl/MPI_sweep/results/mpi4_norm/halfcheetah-medium-replay-v2_tau14_mpi4_seed3/params_1000000.pkl,/home/offrl/MPI_sweep/sweep_results/diagnostics/hosts/offrl/target_policy_exposure/raw/halfcheetah-medium-replay-v2/halfcheetah-medium-replay-v2_tau14_mpi4_seed3_step1000000.npz,ec6a5819e3e7813f0907f7c9582eadd5bc3651e9cf72eb528122d1bb981e9d8f,4096,6,1.0,0.20000000298023224,0.5,64,0.001220703125,0.20767529805501303,0.10756761722556318,0.055663924806746465,0.2791764082142739,0.6282999076638877,0.32797502530766454,0.1347819553051765,0.08206193413970157,0.31223964989523745,0.6656580495816271,0.3671266202622421,0.0031283112951057393,0.001354749189541593,0.007191830539871566,0.026387545413865655,0.055931308719765704,0.1102333167277242,0.06064425320285238,0.28442505387556594,0.649396915356281,0.33201403091996606
halfcheetah-medium-replay-v2,20.0,0,mpi4,1000000,/home/offrl/MPI_sweep/results/mpi4_norm/halfcheetah-medium-replay-v2_tau20_mpi4_seed0/params_1000000.pkl,/home/offrl/MPI_sweep/sweep_results/diagnostics/hosts/offrl/target_policy_exposure/raw/halfcheetah-medium-replay-v2/halfcheetah-medium-replay-v2_tau20_mpi4_seed0_step1000000.npz,ec6a5819e3e7813f0907f7c9582eadd5bc3651e9cf72eb528122d1bb981e9d8f,4096,6,1.0,0.20000000298023224,0.5,64,0.006429036458333333,0.21383603413899738,0.11617944577683584,0.062022193060935635,0.3002393065641324,0.6490090313125014,0.3408510609882795,0.14243855663064595,0.08806426044914521,0.32852404521924294,0.6875659391748241,0.37741032925801854,0.003205035183555691,0.0011694297520025525,0.0076462674600893035,0.02645831057980116,0.05661303015698498,0.11573121664960553,0.06340141652617604,0.29467791285223177,0.6327239823428658,0.34019291093378995
halfcheetah-medium-replay-v2,20.0,1,mpi4,1000000,/home/offrl/MPI_sweep/results/mpi4_norm/halfcheetah-medium-replay-v2_tau20_mpi4_seed1/params_1000000.pkl,/home/offrl/MPI_sweep/sweep_results/diagnostics/hosts/offrl/target_policy_exposure/raw/halfcheetah-medium-replay-v2/halfcheetah-medium-replay-v2_tau20_mpi4_seed1_step1000000.npz,ec6a5819e3e7813f0907f7c9582eadd5bc3651e9cf72eb528122d1bb981e9d8f,4096,6,1.0,0.20000000298023224,0.5,64,0.009033203125,0.21160062154134116,0.1174097989077331,0.06234692718984055,0.30265482055256143,0.6682595236993331,0.34265113294389254,0.1436679943780637,0.08763592655955574,0.3346685721407373,0.7028324027720958,0.3790356109629591,0.0024810089569336094,0.0011633512564278212,0.006056957380981961,0.01806029375889015,0.049809727533219945,0.11735490047093844,0.06462331022059331,0.3068361423890262,0.6221151064772017,0.34257101522303146
halfcheetah-medium-replay-v2,20.0,2,mpi4,1000000,/home/offrl/MPI_sweep/results/mpi4_norm/halfcheetah-medium-replay-v2_tau20_mpi4_seed2/params_1000000.pkl,/home/offrl/MPI_sweep/sweep_results/diagnostics/hosts/offrl/target_policy_exposure/raw/halfcheetah-medium-replay-v2/halfcheetah-medium-replay-v2_tau20_mpi4_seed2_step1000000.npz,ec6a5819e3e7813f0907f7c9582eadd5bc3651e9cf72eb528122d1bb981e9d8f,4096,6,1.0,0.20000000298023224,0.5,64,0.004597981770833333,0.21119054158528644,0.11414560141194544,0.06078238334490986,0.30122032951476285,0.6429233920032859,0.3378544086022046,0.14063620140037106,0.08600190345332506,0.3316555729338412,0.6799511209415077,0.37501493490309296,0.0035543432720770555,0.0013402884741348466,0.009511964560555697,0.02882705177544285,0.059618313227372134,0.11481806270313173,0.06210519438415455,0.2947315636265557,0.6306127593995688,0.3388481410648902
halfcheetah-medium-replay-v2,20.0,3,mpi4,1000000,/home/offrl/MPI_sweep/results/mpi4_norm/halfcheetah-medium-replay-v2_tau20_mpi4_seed3/params_1000000.pkl,/home/offrl/MPI_sweep/sweep_results/diagnostics/hosts/offrl/target_policy_exposure/raw/halfcheetah-medium-replay-v2/halfcheetah-medium-replay-v2_tau20_mpi4_seed3_step1000000.npz,ec6a5819e3e7813f0907f7c9582eadd5bc3651e9cf72eb528122d1bb981e9d8f,4096,6,1.0,0.20000000298023224,0.5,64,0.005208333333333333,0.21083513895670572,0.11411861692437603,0.060675199866288956,0.2918285375394305,0.6685742738567286,0.33781447115891294,0.14058990541000316,0.08745813662620375,0.32410313303869037,0.6917550408055776,0.37495320429355333,0.0034791226050142217,0.001593714127968345,0.009227788093653544,0.02501962324629892,0.05898408772723557,0.11572993068464067,0.0657495809048972,0.28627163914885995,0.6257301940819183,0.34019102087597886
halfcheetah-expert-v2,4.0,0,mpi4,1000000,/home/offrl/MPI_sweep/results/mpi4_norm/halfcheetah-expert-v2_tau4_mpi4_seed0/params_1000000.pkl,/home/offrl/MPI_sweep/sweep_results/diagnostics/hosts/offrl/target_policy_exposure/raw/halfcheetah-expert-v2/halfcheetah-expert-v2_tau4_mpi4_seed0_step1000000.npz,7d127608dd57d72ea3a2882a3abd4fa7bacbd0b2fd6c701e0b9d04238203c08b,4096,6,1.0,0.20000000298023224,0.5,64,0.0,0.19658788045247397,0.026219371897130306,0.016820625335583372,0.05782373214121132,0.14402729936603778,0.16192396949534774,0.05464185690817213,0.045946444683886346,0.08749043495557261,0.17022857301304453,0.23375597726726077,0.0005918998784920071,0.00030786071831319833,0.001081549988308931,0.0037167722779608303,0.02432899254987775,0.025913591014227914,0.01691799332696083,0.056594476311336926,0.1389214671115928,0.1609769890829988
halfcheetah-expert-v2,4.0,1,mpi4,1000000,/home/offrl/MPI_sweep/results/mpi4_norm/halfcheetah-expert-v2_tau4_mpi4_seed1/params_1000000.pkl,/home/offrl/MPI_sweep/sweep_results/diagnostics/hosts/offrl/target_policy_exposure/raw/halfcheetah-expert-v2/halfcheetah-expert-v2_tau4_mpi4_seed1_step1000000.npz,7d127608dd57d72ea3a2882a3abd4fa7bacbd0b2fd6c701e0b9d04238203c08b,4096,6,1.0,0.20000000298023224,0.5,64,0.0,0.19780349731445312,0.02608103023501699,0.016812109466892856,0.05806819649781876,0.14241532565271595,0.16149622359367105,0.054412654147841556,0.04612024714950566,0.08815826675458896,0.16829994789502342,0.23326520132210368,0.0004576962484754102,0.00026688394197549314,0.0009073884228598672,0.0029993160263341164,0.02139383669366975,0.025694464017961133,0.016078671639358312,0.057814880507066846,0.14141203301551325,0.1602949282353036
halfcheetah-expert-v2,4.0,2,mpi4,1000000,/home/offrl/MPI_sweep/results/mpi4_norm/halfcheetah-expert-v2_tau4_mpi4_seed2/params_1000000.pkl,/home/offrl/MPI_sweep/sweep_results/diagnostics/hosts/offrl/target_policy_exposure/raw/halfcheetah-expert-v2/halfcheetah-expert-v2_tau4_mpi4_seed2_step1000000.npz,7d127608dd57d72ea3a2882a3abd4fa7bacbd0b2fd6c701e0b9d04238203c08b,4096,6,1.0,0.20000000298023224,0.5,64,0.0,0.19552357991536456,0.026279949183376835,0.01681438631446023,0.05854153590432058,0.14642400382460163,0.16211091629923272,0.05481775336766791,0.04599470470914381,0.08878981288550827,0.17446069835244002,0.23413191445778575,0.0004408310656528872,0.00027148771350985845,0.00083989059923321,0.0033595738719706496,0.020995977368364806,0.025554276522196072,0.01635001225865077,0.05635261245576354,0.13596934132639668,0.1598570502736619
halfcheetah-expert-v2,4.0,3,mpi4,1000000,/home/offrl/MPI_sweep/results/mpi4_norm/halfcheetah-expert-v2_tau4_mpi4_seed3/params_1000000.pkl,/home/offrl/MPI_sweep/sweep_results/diagnostics/hosts/offrl/target_policy_exposure/raw/halfcheetah-expert-v2/halfcheetah-expert-v2_tau4_mpi4_seed3_step1000000.npz,7d127608dd57d72ea3a2882a3abd4fa7bacbd0b2fd6c701e0b9d04238203c08b,4096,6,1.0,0.20000000298023224,0.5,64,0.0,0.1955998738606771,0.026106598179781487,0.01666755863243452,0.05792369126258734,0.13922475672443452,0.16157536377734535,0.05462170084955856,0.04621395670763365,0.08851052064589664,0.1674352081266218,0.23371285982923268,0.0005833191403284494,0.00037755924651872164,0.0010142424912373826,0.003041449673605724,0.024152000752079513,0.025635536405409956,0.016599007338527372,0.05623577260545669,0.14053842706179392,0.16011101275493186
halfcheetah-expert-v2,7.0,0,mpi4,1000000,/home/offrl/MPI_sweep/results/mpi4_norm/halfcheetah-expert-v2_tau7_mpi4_seed0/params_1000000.pkl,/home/offrl/MPI_sweep/sweep_results/diagnostics/hosts/offrl/target_policy_exposure/raw/halfcheetah-expert-v2/halfcheetah-expert-v2_tau7_mpi4_seed0_step1000000.npz,7d127608dd57d72ea3a2882a3abd4fa7bacbd0b2fd6c701e0b9d04238203c08b,4096,6,1.0,0.20000000298023224,0.5,64,0.00016276041666666666,0.2029132843017578,0.02695686288622911,0.017241913938050857,0.059146595284497984,0.1438837872491303,0.16418545272413482,0.05475615383590841,0.04607886983092913,0.08862426035494889,0.17516529021737703,0.23400032870897514,0.0005149696938054383,0.00024287615171658672,0.0009747378580703032,0.0032485343929608093,0.022692943700750645,0.026458503621054626,0.017435288418880646,0.05771181226820469,0.1393767770669617,0.16266070091160503
halfcheetah-expert-v2,7.0,1,mpi4,1000000,/home/offrl/MPI_sweep/results/mpi4_norm/halfcheetah-expert-v2_tau7_mpi4_seed1/params_1000000.pkl,/home/offrl/MPI_sweep/sweep_results/diagnostics/hosts/offrl/target_policy_exposure/raw/halfcheetah-expert-v2/halfcheetah-expert-v2_tau7_mpi4_seed1_step1000000.npz,7d127608dd57d72ea3a2882a3abd4fa7bacbd0b2fd6c701e0b9d04238203c08b,4096,6,1.0,0.20000000298023224,0.5,64,0.0,0.20398012797037762,0.02696713248096596,0.017838523631022934,0.05892592251257156,0.14832677116249537,0.16421672412079702,0.05466616137398311,0.04644426309456025,0.08886106309250646,0.17491107976272313,0.23380795832046247,0.0004767650016929805,0.00023892553529503147,0.0010684097050083587,0.002869910892832196,0.021834949088399096,0.026599126214106553,0.01690241715838662,0.0594084715412464,0.1458455837396666,0.16309238551847402
halfcheetah-expert-v2,7.0,2,mpi4,1000000,/home/offrl/MPI_sweep/results/mpi4_norm/halfcheetah-expert-v2_tau7_mpi4_seed2/params_1000000.pkl,/home/offrl/MPI_sweep/sweep_results/diagnostics/hosts/offrl/target_policy_exposure/raw/halfcheetah-expert-v2/halfcheetah-expert-v2_tau7_mpi4_seed2_step1000000.npz,7d127608dd57d72ea3a2882a3abd4fa7bacbd0b2fd6c701e0b9d04238203c08b,4096,6,1.0,0.20000000298023224,0.5,64,4.0690104166666664e-05,0.2050609588623047,0.026877134558460122,0.017241011499815308,0.05980287881296439,0.15403417536347594,0.16394247332055267,0.054495550418981034,0.04589433080140536,0.08916516378457617,0.17943158730891468,0.23344282044856515,0.0004912459218012169,0.00030086132431280294,0.0009810938147924257,0.0034467341495993237,0.022164068259261812,0.026341669255144015,0.01724374992333348,0.058879313413181464,0.15187904828817414,0.16230116837270153
halfcheetah-expert-v2,7.0,3,mpi4,1000000,/home/offrl/MPI_sweep/results/mpi4_norm/halfcheetah-expert-v2_tau7_mpi4_seed3/params_1000000.pkl,/home/offrl/MPI_sweep/sweep_results/diagnostics/hosts/offrl/target_policy_exposure/raw/halfcheetah-expert-v2/halfcheetah-expert-v2_tau7_mpi4_seed3_step1000000.npz,7d127608dd57d72ea3a2882a3abd4fa7bacbd0b2fd6c701e0b9d04238203c08b,4096,6,1.0,0.20000000298023224,0.5,64,0.0004069010416666667,0.20487594604492188,0.026987073055325543,0.01758570674519433,0.059463266644646254,0.1474022930212352,0.164277427102221,0.05459977272606212,0.04600217665584384,0.08881996433447398,0.1734691965177071,0.2336659425891204,0.0005619360602613062,0.00032844169881703544,0.0009213854224281448,0.0031130002163372705,0.023705190576354923,0.026688747286528525,0.017031886622438226,0.0593162072349666,0.14311117268225645,0.16336691001095824
halfcheetah-expert-v2,10.0,0,mpi4,1000000,/home/offrl/MPI_sweep/results/mpi4_norm/halfcheetah-expert-v2_tau10_mpi4_seed0/params_1000000.pkl,/home/offrl/MPI_sweep/sweep_results/diagnostics/hosts/offrl/target_policy_exposure/raw/halfcheetah-expert-v2/halfcheetah-expert-v2_tau10_mpi4_seed0_step1000000.npz,7d127608dd57d72ea3a2882a3abd4fa7bacbd0b2fd6c701e0b9d04238203c08b,4096,6,1.0,0.20000000298023224,0.5,64,0.0011800130208333333,0.20792516072591147,0.027666633235300848,0.018376210706871156,0.060274431872737,0.14769779068689487,0.1663328988363422,0.05492873298393412,0.04622941492460336,0.08826479313250374,0.17623559696745872,0.23436879695030677,0.0004212618488576615,0.0002481604974609771,0.0007615272397677824,0.003262818263594158,0.02052466440304595,0.027204242889857295,0.018178170846833076,0.05850603415941198,0.14342002500949708,0.16493708767241314
halfcheetah-expert-v2,10.0,1,mpi4,1000000,/home/offrl/MPI_sweep/results/mpi4_norm/halfcheetah-expert-v2_tau10_mpi4_seed1/params_1000000.pkl,/home/offrl/MPI_sweep/sweep_results/diagnostics/hosts/offrl/target_policy_exposure/raw/halfcheetah-expert-v2/halfcheetah-expert-v2_tau10_mpi4_seed1_step1000000.npz,7d127608dd57d72ea3a2882a3abd4fa7bacbd0b2fd6c701e0b9d04238203c08b,4096,6,1.0,0.20000000298023224,0.5,64,0.0004069010416666667,0.2108624776204427,0.0281797717250294,0.018755795359235584,0.061850883647604604,0.152548352678908,0.16786831662058627,0.05518909631160143,0.0464924978723838,0.09024878246017166,0.18173689144416416,0.23492359675350075,0.0004923899000866029,0.0002945385759301663,0.0010577027346583279,0.0026456726236409865,0.022189860298942914,0.027920357432566874,0.01818807703724209,0.06064249555250474,0.149068066213659,0.1670938581533351
halfcheetah-expert-v2,10.0,2,mpi4,1000000,/home/offrl/MPI_sweep/results/mpi4_norm/halfcheetah-expert-v2_tau10_mpi4_seed2/params_1000000.pkl,/home/offrl/MPI_sweep/sweep_results/diagnostics/hosts/offrl/target_policy_exposure/raw/halfcheetah-expert-v2/halfcheetah-expert-v2_tau10_mpi4_seed2_step1000000.npz,7d127608dd57d72ea3a2882a3abd4fa7bacbd0b2fd6c701e0b9d04238203c08b,4096,6,1.0,0.20000000298023224,0.5,64,0.0038248697916666665,0.20973587036132812,0.02811641060129825,0.018438228660670575,0.06065631610764891,0.15680067582676888,0.16767948771778332,0.05521804599617976,0.04633240293664075,0.08938448123017256,0.179097112262189,0.23498520378138654,0.0005296105695831829,0.0003032269340899063,0.0009139871248855513,0.003688712129682397,0.023013269424034102,0.02731395144087765,0.0179064833995047,0.059936325301199155,0.15664200238085565,0.1652693300067428
halfcheetah-expert-v2,10.0,3,mpi4,1000000,/home/offrl/MPI_sweep/results/mpi4_norm/halfcheetah-expert-v2_tau10_mpi4_seed3/params_1000000.pkl,/home/offrl/MPI_sweep/sweep_results/diagnostics/hosts/offrl/target_policy_exposure/raw/halfcheetah-expert-v2/halfcheetah-expert-v2_tau10_mpi4_seed3_step1000000.npz,7d127608dd57d72ea3a2882a3abd4fa7bacbd0b2fd6c701e0b9d04238203c08b,4096,6,1.0,0.20000000298023224,0.5,64,0.0016276041666666667,0.20842679341634113,0.028243087073685672,0.01860533297561536,0.06070755969752402,0.1498553197603132,0.16805679716597502,0.05544452349642277,0.0467209609785193,0.08912168765870644,0.1793785262758549,0.23546660802844802,0.0006986753016490463,0.00038215702959180453,0.0009880603627647015,0.003464982823349311,0.026432466809759664,0.02765331783928965,0.01811880607541146,0.06025654457766905,0.14344947123108806,0.16629286767414184
halfcheetah-expert-v2,14.0,0,mpi4,1000000,/home/offrl/MPI_sweep/results/mpi4_norm/halfcheetah-expert-v2_tau14_mpi4_seed0/params_1000000.pkl,/home/offrl/MPI_sweep/sweep_results/diagnostics/hosts/offrl/target_policy_exposure/raw/halfcheetah-expert-v2/halfcheetah-expert-v2_tau14_mpi4_seed0_step1000000.npz,7d127608dd57d72ea3a2882a3abd4fa7bacbd0b2fd6c701e0b9d04238203c08b,4096,6,1.0,0.20000000298023224,0.5,64,0.0079345703125,0.21199735005696616,0.03001462988271535,0.020507319139407322,0.06325763902471711,0.15095742085829156,0.17324730844291739,0.05673819656767028,0.04814548083411707,0.09040403453667073,0.17488933892811273,0.2381978097457453,0.000495423176457051,0.00025378457782920805,0.0009934512168013518,0.0033684673471036644,0.022258103613224802,0.02945831971036494,0.02078802858098546,0.062033658381551504,0.14869028923846306,0.17163426147003674
halfcheetah-expert-v2,14.0,1,mpi4,1000000,/home/offrl/MPI_sweep/results/mpi4_norm/halfcheetah-expert-v2_tau14_mpi4_seed1/params_1000000.pkl,/home/offrl/MPI_sweep/sweep_results/diagnostics/hosts/offrl/target_policy_exposure/raw/halfcheetah-expert-v2/halfcheetah-expert-v2_tau14_mpi4_seed1_step1000000.npz,7d127608dd57d72ea3a2882a3abd4fa7bacbd0b2fd6c701e0b9d04238203c08b,4096,6,1.0,0.20000000298023224,0.5,64,0.004069010416666667,0.21550814310709634,0.02944801689537007,0.019892850132237072,0.06372668132098624,0.15509104102972487,0.17160424498062415,0.05586770589060476,0.0471204460514659,0.09137891809093293,0.1822630369493546,0.23636350371959872,0.0004370300311363909,0.00024070134553847802,0.0008420783759035544,0.0030811059229182403,0.020905263240064472,0.028763240157683015,0.019192954040894016,0.0631449468395052,0.14685907814187377,0.1695972881790361
halfcheetah-expert-v2,14.0,2,mpi4,1000000,/home/offrl/MPI_sweep/results/mpi4_norm/halfcheetah-expert-v2_tau14_mpi4_seed2/params_1000000.pkl,/home/offrl/MPI_sweep/sweep_results/diagnostics/hosts/offrl/target_policy_exposure/raw/halfcheetah-expert-v2/halfcheetah-expert-v2_tau14_mpi4_seed2_step1000000.npz,7d127608dd57d72ea3a2882a3abd4fa7bacbd0b2fd6c701e0b9d04238203c08b,4096,6,1.0,0.20000000298023224,0.5,64,0.0024007161458333335,0.21293385823567706,0.029762907740325303,0.019897350255026442,0.06399996382727598,0.1529010993991216,0.1725192967187303,0.05643832001295493,0.047710449865714384,0.09046966232640388,0.17712652503108076,0.23756750622287326,0.0005214149245728051,0.00031676709470840336,0.0009713703502264673,0.0036471264408817483,0.02283451169989858,0.02877141291096419,0.019514516948371842,0.06055311436314999,0.14770135532817255,0.1696213810548782
halfcheetah-expert-v2,14.0,3,mpi4,1000000,/home/offrl/MPI_sweep/results/mpi4_norm/halfcheetah-expert-v2_tau14_mpi4_seed3/params_1000000.pkl,/home/offrl/MPI_sweep/sweep_results/diagnostics/hosts/offrl/target_policy_exposure/raw/halfcheetah-expert-v2/halfcheetah-expert-v2_tau14_mpi4_seed3_step1000000.npz,7d127608dd57d72ea3a2882a3abd4fa7bacbd0b2fd6c701e0b9d04238203c08b,4096,6,1.0,0.20000000298023224,0.5,64,0.01806640625,0.21693929036458334,0.03110272076742761,0.02174729381901367,0.06538474820263218,0.1624504738895364,0.17635963474510716,0.05730726278703306,0.048989338716883775,0.09274281513346386,0.18280468511923342,0.23938935395508518,0.0007808987558679319,0.0004160219837462028,0.0012339911063679785,0.0037822440702711953,0.027944565766315495,0.030134280798933218,0.02110315163887814,0.06349940105398369,0.14883358916983244,0.1735922832355552
halfcheetah-expert-v2,20.0,0,mpi4,1000000,/home/offrl/MPI_sweep/results/mpi4_norm/halfcheetah-expert-v2_tau20_mpi4_seed0/params_1000000.pkl,/home/offrl/MPI_sweep/sweep_results/diagnostics/hosts/offrl/target_policy_exposure/raw/halfcheetah-expert-v2/halfcheetah-expert-v2_tau20_mpi4_seed0_step1000000.npz,7d127608dd57d72ea3a2882a3abd4fa7bacbd0b2fd6c701e0b9d04238203c08b,4096,6,1.0,0.20000000298023224,0.5,64,0.0155029296875,0.22075780232747397,0.03935406567177551,0.030113125727439183,0.07772302200789719,0.17812724813532746,0.19837859176780015,0.06451278691541237,0.05634980207619256,0.10333498398779248,0.19428802272532886,0.25399367495158687,0.000569169168420043,0.0003315784850602318,0.0010540635741650797,0.0037436455192010262,0.02385726657477849,0.039772237288136024,0.030746960475994456,0.07784491696293117,0.16716554238585882,0.19942978034420042
halfcheetah-expert-v2,20.0,1,mpi4,1000000,/home/offrl/MPI_sweep/results/mpi4_norm/halfcheetah-expert-v2_tau20_mpi4_seed1/params_1000000.pkl,/home/offrl/MPI_sweep/sweep_results/diagnostics/hosts/offrl/target_policy_exposure/raw/halfcheetah-expert-v2/halfcheetah-expert-v2_tau20_mpi4_seed1_step1000000.npz,7d127608dd57d72ea3a2882a3abd4fa7bacbd0b2fd6c701e0b9d04238203c08b,4096,6,1.0,0.20000000298023224,0.5,64,0.040690104166666664,0.2248973846435547,0.03567867436898106,0.02580910936406629,0.07210868419497274,0.17940074152449292,0.18888799424256975,0.06072673502240471,0.05184636618362208,0.09718075625813877,0.20135305156274494,0.24642795097635475,0.0005958635424780168,0.0003309855526098341,0.0010832728905185718,0.003641002009377593,0.024410316312535093,0.03510269347563387,0.026381564672116536,0.07049277944338428,0.16950750654796146,0.18735712816872988
halfcheetah-expert-v2,20.0,2,mpi4,1000000,/home/offrl/MPI_sweep/results/mpi4_norm/halfcheetah-expert-v2_tau20_mpi4_seed2/params_1000000.pkl,/home/offrl/MPI_sweep/sweep_results/diagnostics/hosts/offrl/target_policy_exposure/raw/halfcheetah-expert-v2/halfcheetah-expert-v2_tau20_mpi4_seed2_step1000000.npz,7d127608dd57d72ea3a2882a3abd4fa7bacbd0b2fd6c701e0b9d04238203c08b,4096,6,1.0,0.20000000298023224,0.5,64,0.0230712890625,0.22380383809407553,0.034522264200933295,0.024795592517572608,0.0714536954606236,0.1696472774184564,0.18580167975810472,0.05976790628016376,0.051150405064601175,0.09562848201184254,0.19263526924354904,0.2444747559159509,0.000851932293743469,0.0005664665980222121,0.0016238386653858092,0.00478739152933283,0.029187879226546573,0.034693682355554784,0.025494145198990736,0.0698851176033107,0.14910595705514476,0.1862624018838874
halfcheetah-expert-v2,20.0,3,mpi4,1000000,/home/offrl/MPI_sweep/results/mpi4_norm/halfcheetah-expert-v2_tau20_mpi4_seed3/params_1000000.pkl,/home/offrl/MPI_sweep/sweep_results/diagnostics/hosts/offrl/target_policy_exposure/raw/halfcheetah-expert-v2/halfcheetah-expert-v2_tau20_mpi4_seed3_step1000000.npz,7d127608dd57d72ea3a2882a3abd4fa7bacbd0b2fd6c701e0b9d04238203c08b,4096,6,1.0,0.20000000298023224,0.5,64,0.0140380859375,0.22234217325846356,0.033018379744761,0.023452500750257364,0.06803464642704662,0.15961607710463296,0.18170960278631673,0.05852670854861846,0.04987785174269804,0.09351912414227606,0.1915402107868308,0.2419229392774039,0.000665891833534321,0.00042475190994769224,0.0011803746341850403,0.0039010263685216803,0.0258048800333255,0.032020007980281394,0.02294078045830853,0.06667004120309153,0.1527259524583316,0.17894135346610462
hopper-medium-v2,4.0,0,mpi4,1000000,/home/offrl/MPI_sweep/results/mpi4_norm/hopper-medium-v2_tau4_mpi4_seed0/params_1000000.pkl,/home/offrl/MPI_sweep/sweep_results/diagnostics/hosts/offrl/target_policy_exposure/raw/hopper-medium-v2/hopper-medium-v2_tau4_mpi4_seed0_step1000000.npz,5dd2900a34fac68a3e0075dee01c1ca7258b87128e4fdbbf60efd0b88856a7a6,4096,3,1.0,0.20000000298023224,0.5,64,0.008544921875,0.11603037516276042,0.05141027519093681,0.02441684962529204,0.1337832717672427,0.3296664942676825,0.2267383408048511,0.08495802230251276,0.059064324203405454,0.17246394890181094,0.3748854713240793,0.2914755946945006,0.0012146552695168813,0.0005355870744097047,0.0030448477288545677,0.010929313956876293,0.03485190481906091,0.05267866088946908,0.025222212958719105,0.1363150977510183,0.36219267176153774,0.22951832364643368
hopper-medium-v2,4.0,1,mpi4,1000000,/home/offrl/MPI_sweep/results/mpi4_norm/hopper-medium-v2_tau4_mpi4_seed1/params_1000000.pkl,/home/offrl/MPI_sweep/sweep_results/diagnostics/hosts/offrl/target_policy_exposure/raw/hopper-medium-v2/hopper-medium-v2_tau4_mpi4_seed1_step1000000.npz,5dd2900a34fac68a3e0075dee01c1ca7258b87128e4fdbbf60efd0b88856a7a6,4096,3,1.0,0.20000000298023224,0.5,64,0.014729817708333334,0.11671702067057291,0.05109404811084227,0.02428928744181273,0.1350811673134255,0.3277398471822385,0.22603992592204208,0.08457599988676065,0.05887481453890804,0.17371657169580604,0.37300383211377225,0.29081953147400647,0.0013101670430710624,0.0006265404899750138,0.0033133784648574265,0.009284637313823499,0.03619622968032807,0.05268095604326316,0.025178169778276548,0.13455106810821843,0.365310772834346,0.22952332352783486
hopper-medium-v2,4.0,2,mpi4,1000000,/home/offrl/MPI_sweep/results/mpi4_norm/hopper-medium-v2_tau4_mpi4_seed2/params_1000000.pkl,/home/offrl/MPI_sweep/sweep_results/diagnostics/hosts/offrl/target_policy_exposure/raw/hopper-medium-v2/hopper-medium-v2_tau4_mpi4_seed2_step1000000.npz,5dd2900a34fac68a3e0075dee01c1ca7258b87128e4fdbbf60efd0b88856a7a6,4096,3,1.0,0.20000000298023224,0.5,64,0.0185546875,0.11702346801757812,0.05138863183130258,0.02412236560318585,0.13424389401310083,0.33540322858219346,0.22669060816739317,0.08484396949090306,0.05886169985689156,0.17549195702453138,0.37362608816774484,0.2912798817132812,0.000858154675433098,0.00046973922324925843,0.001992816072646046,0.005715258997255055,0.029294277178880827,0.052247860785967465,0.02444217176283322,0.13428060462077457,0.36789295019892376,0.22857790966313316
hopper-medium-v2,4.0,3,mpi4,1000000,/home/offrl/MPI_sweep/results/mpi4_norm/hopper-medium-v2_tau4_mpi4_seed3/params_1000000.pkl,/home/offrl/MPI_sweep/sweep_results/diagnostics/hosts/offrl/target_policy_exposure/raw/hopper-medium-v2/hopper-medium-v2_tau4_mpi4_seed3_step1000000.npz,5dd2900a34fac68a3e0075dee01c1ca7258b87128e4fdbbf60efd0b88856a7a6,4096,3,1.0,0.20000000298023224,0.5,64,0.012369791666666666,0.11682637532552084,0.05122641309691635,0.024721302734784935,0.13643957829723757,0.3227468034989822,0.22633252770407605,0.08473956386707009,0.0594092652890074,0.17231074624517156,0.372663034106257,0.29110060780951674,0.0013981892126045728,0.0006042016295507343,0.0038152900863982113,0.009332949201052553,0.03739236837383496,0.05300641270818086,0.024448408179049842,0.1347481410484761,0.3711653720121838,0.2302312157553377
hopper-medium-v2,7.0,0,mpi4,1000000,/home/offrl/MPI_sweep/results/mpi4_norm/hopper-medium-v2_tau7_mpi4_seed0/params_1000000.pkl,/home/offrl/MPI_sweep/sweep_results/diagnostics/hosts/offrl/target_policy_exposure/raw/hopper-medium-v2/hopper-medium-v2_tau7_mpi4_seed0_step1000000.npz,5dd2900a34fac68a3e0075dee01c1ca7258b87128e4fdbbf60efd0b88856a7a6,4096,3,1.0,0.20000000298023224,0.5,64,0.014241536458333334,0.11640167236328125,0.051979574158885274,0.02499558233345548,0.1378731411144448,0.33421664800019557,0.22799029400148874,0.08545568690117059,0.05973082110726684,0.17611469628050447,0.3664825017446482,0.2923280467234894,0.0010965025071363295,0.0005419238400084698,0.0024823117898146543,0.009497875962809646,0.03311347923635222,0.05360794848564016,0.025952914419273533,0.1369627320964355,0.36176675862322255,0.2315339035338889
hopper-medium-v2,7.0,1,mpi4,1000000,/home/offrl/MPI_sweep/results/mpi4_norm/hopper-medium-v2_tau7_mpi4_seed1/params_1000000.pkl,/home/offrl/MPI_sweep/sweep_results/diagnostics/hosts/offrl/target_policy_exposure/raw/hopper-medium-v2/hopper-medium-v2_tau7_mpi4_seed1_step1000000.npz,5dd2900a34fac68a3e0075dee01c1ca7258b87128e4fdbbf60efd0b88856a7a6,4096,3,1.0,0.20000000298023224,0.5,64,0.019449869791666668,0.11636734008789062,0.05217944832126634,0.02555973638300202,0.1382532954836885,0.33515831450155664,0.22842821262109098,0.08565691869584288,0.05993545339995999,0.1740523478794434,0.3796630611305394,0.29267203265061537,0.00134255710418271,0.0006434553988583502,0.003503817608968044,0.008859790101971587,0.036640921169953,0.053639709118017964,0.025790825857257005,0.13817553664557636,0.35997258861607523,0.23160248081144977
hopper-medium-v2,7.0,2,mpi4,1000000,/home/offrl/MPI_sweep/results/mpi4_norm/hopper-medium-v2_tau7_mpi4_seed2/params_1000000.pkl,/home/offrl/MPI_sweep/sweep_results/diagnostics/hosts/offrl/target_policy_exposure/raw/hopper-medium-v2/hopper-medium-v2_tau7_mpi4_seed2_step1000000.npz,5dd2900a34fac68a3e0075dee01c1ca7258b87128e4fdbbf60efd0b88856a7a6,4096,3,1.0,0.20000000298023224,0.5,64,0.030598958333333332,0.11614735921223958,0.05183255784253747,0.02517853316870363,0.1365749693165223,0.32212427401294397,0.22766764777310253,0.08537212758502022,0.05968636957392448,0.17552667881737902,0.36586435136786666,0.2921850913120316,0.000857464556131889,0.00047304731655610033,0.001910469275420231,0.006371806526014251,0.02928249572922173,0.05315930511763234,0.02523245272338196,0.13430295864964137,0.37662809838075284,0.23056301767116152
hopper-medium-v2,7.0,3,mpi4,1000000,/home/offrl/MPI_sweep/results/mpi4_norm/hopper-medium-v2_tau7_mpi4_seed3/params_1000000.pkl,/home/offrl/MPI_sweep/sweep_results/diagnostics/hosts/offrl/target_policy_exposure/raw/hopper-medium-v2/hopper-medium-v2_tau7_mpi4_seed3_step1000000.npz,5dd2900a34fac68a3e0075dee01c1ca7258b87128e4fdbbf60efd0b88856a7a6,4096,3,1.0,0.20000000298023224,0.5,64,0.017008463541666668,0.11711883544921875,0.05209717341679032,0.024922088351255905,0.1339028390745322,0.33143988607049935,0.22824805238334525,0.08554819437066823,0.060084016751808036,0.17159669267811611,0.3783623069584242,0.29248622936929564,0.0014139040957326246,0.0006760001266835994,0.0037945860894978978,0.008274779844517386,0.037601916117834006,0.053632460714766766,0.025308841548394412,0.1389503579121083,0.3686154498485858,0.23158683191141669
hopper-medium-v2,10.0,0,mpi4,1000000,/home/offrl/MPI_sweep/results/mpi4_norm/hopper-medium-v2_tau10_mpi4_seed0/params_1000000.pkl,/home/offrl/MPI_sweep/sweep_results/diagnostics/hosts/offrl/target_policy_exposure/raw/hopper-medium-v2/hopper-medium-v2_tau10_mpi4_seed0_step1000000.npz,5dd2900a34fac68a3e0075dee01c1ca7258b87128e4fdbbf60efd0b88856a7a6,4096,3,1.0,0.20000000298023224,0.5,64,0.014892578125,0.11646525065104167,0.05328762214840216,0.025480408614384942,0.1399444838364919,0.3368934236448394,0.23084111884238076,0.08672325462481059,0.06024624417466829,0.1791724032113553,0.3799727911335226,0.2944881230623921,0.0014606190034398715,0.000639099025950903,0.0035446184874672326,0.012288215996765458,0.038218045520929916,0.05458200162326297,0.026259804203922005,0.13890583258277425,0.37652600589984414,0.23362791276571163
hopper-medium-v2,10.0,1,mpi4,1000000,/home/offrl/MPI_sweep/results/mpi4_norm/hopper-medium-v2_tau10_mpi4_seed1/params_1000000.pkl,/home/offrl/MPI_sweep/sweep_results/diagnostics/hosts/offrl/target_policy_exposure/raw/hopper-medium-v2/hopper-medium-v2_tau10_mpi4_seed1_step1000000.npz,5dd2900a34fac68a3e0075dee01c1ca7258b87128e4fdbbf60efd0b88856a7a6,4096,3,1.0,0.20000000298023224,0.5,64,0.02783203125,0.1165326436360677,0.052753624464451046,0.0257492020027712,0.1371299613577624,0.33896636591346957,0.2296815718869301,0.08621083565634173,0.06026298196110839,0.1759595217588803,0.3811037476416067,0.2936168177341716,0.0013790011503661379,0.0006597766526586686,0.003372129430620892,0.009712106082826978,0.037134904744271766,0.05407377946527915,0.02651240948210898,0.1397674025502056,0.37011044609535043,0.23253769471911248
hopper-medium-v2,10.0,2,mpi4,1000000,/home/offrl/MPI_sweep/results/mpi4_norm/hopper-medium-v2_tau10_mpi4_seed2/params_1000000.pkl,/home/offrl/MPI_sweep/sweep_results/diagnostics/hosts/offrl/target_policy_exposure/raw/hopper-medium-v2/hopper-medium-v2_tau10_mpi4_seed2_step1000000.npz,5dd2900a34fac68a3e0075dee01c1ca7258b87128e4fdbbf60efd0b88856a7a6,4096,3,1.0,0.20000000298023224,0.5,64,0.032063802083333336,0.1169586181640625,0.052945584942771906,0.025727978292100794,0.13844897798723346,0.3514253191332808,0.23009907636227467,0.08637237883249693,0.05998852448118809,0.17694078385668627,0.3851217401680425,0.2938917808182068,0.0009271415897758428,0.00046055889348887524,0.002092646762065442,0.0071384991369361234,0.03044899981568923,0.05331911812657353,0.026046051527373493,0.13457581605083155,0.36641382171462,0.2309093287993656
hopper-medium-v2,10.0,3,mpi4,1000000,/home/offrl/MPI_sweep/results/mpi4_norm/hopper-medium-v2_tau10_mpi4_seed3/params_1000000.pkl,/home/offrl/MPI_sweep/sweep_results/diagnostics/hosts/offrl/target_policy_exposure/raw/hopper-medium-v2/hopper-medium-v2_tau10_mpi4_seed3_step1000000.npz,5dd2900a34fac68a3e0075dee01c1ca7258b87128e4fdbbf60efd0b88856a7a6,4096,3,1.0,0.20000000298023224,0.5,64,0.014729817708333334,0.11693827311197916,0.053225337412066254,0.025508144108850196,0.13922165830930075,0.33687223740622213,0.23070617116164502,0.0866629000707872,0.06045641043145622,0.17753874678357062,0.38380934573842596,0.2943856315630693,0.0015567574970409958,0.0006803215030117826,0.0041434335241016616,0.009982513936423255,0.039455766334478864,0.05486483984431086,0.02619176055304706,0.14152103452458203,0.3622465548726426,0.23423244831643386
hopper-medium-v2,14.0,0,mpi4,1000000,/home/offrl/MPI_sweep/results/mpi4_norm/hopper-medium-v2_tau14_mpi4_seed0/params_1000000.pkl,/home/offrl/MPI_sweep/sweep_results/diagnostics/hosts/offrl/target_policy_exposure/raw/hopper-medium-v2/hopper-medium-v2_tau14_mpi4_seed0_step1000000.npz,5dd2900a34fac68a3e0075dee01c1ca7258b87128e4fdbbf60efd0b88856a7a6,4096,3,1.0,0.20000000298023224,0.5,64,0.01904296875,0.11607615152994791,0.05458989466576665,0.0267542728203504,0.14332732858262415,0.36071494808420584,0.23364480449127614,0.08804745331389399,0.06149597195038832,0.1808557356822295,0.39662580346047377,0.29672791124849374,0.0012535302216427533,0.0006274996704860314,0.0027414480773586547,0.010541594775531868,0.03540522873309468,0.05589580302788244,0.02725287899374962,0.1452759327754999,0.3711513356460885,0.23642293253380148
hopper-medium-v2,14.0,1,mpi4,1000000,/home/offrl/MPI_sweep/results/mpi4_norm/hopper-medium-v2_tau14_mpi4_seed1/params_1000000.pkl,/home/offrl/MPI_sweep/sweep_results/diagnostics/hosts/offrl/target_policy_exposure/raw/hopper-medium-v2/hopper-medium-v2_tau14_mpi4_seed1_step1000000.npz,5dd2900a34fac68a3e0075dee01c1ca7258b87128e4fdbbf60efd0b88856a7a6,4096,3,1.0,0.20000000298023224,0.5,64,0.025960286458333332,0.11724853515625,0.05478561613409909,0.026314480387857962,0.14713664011408886,0.35597460565986705,0.23406327378317832,0.08806601755639387,0.06032701267056965,0.18240773858455156,0.39719926773078323,0.29675919119109667,0.001224740325770766,0.0006529888632940128,0.00292093651816631,0.008599370490589111,0.03499629017154198,0.0556596593088307,0.027135406416618935,0.14161981386132538,0.3681929071142809,0.235922994446982
hopper-medium-v2,14.0,2,mpi4,1000000,/home/offrl/MPI_sweep/results/mpi4_norm/hopper-medium-v2_tau14_mpi4_seed2/params_1000000.pkl,/home/offrl/MPI_sweep/sweep_results/diagnostics/hosts/offrl/target_policy_exposure/raw/hopper-medium-v2/hopper-medium-v2_tau14_mpi4_seed2_step1000000.npz,5dd2900a34fac68a3e0075dee01c1ca7258b87128e4fdbbf60efd0b88856a7a6,4096,3,1.0,0.20000000298023224,0.5,64,0.024088541666666668,0.11569976806640625,0.05433603819677103,0.026982815834344365,0.1417745223637515,0.35389429963521263,0.2331009184811828,0.08779148267636397,0.062134864742883184,0.18204361596077012,0.39740991822402083,0.29629627516451157,0.0009397692443569403,0.00045129199012687116,0.0022759747662348673,0.006568281597962294,0.030655655992931227,0.05508377813766669,0.02639454366484036,0.1400763384687404,0.37718050035958495,0.23469933561402914
hopper-medium-v2,14.0,3,mpi4,1000000,/home/offrl/MPI_sweep/results/mpi4_norm/hopper-medium-v2_tau14_mpi4_seed3/params_1000000.pkl,/home/offrl/MPI_sweep/sweep_results/diagnostics/hosts/offrl/target_policy_exposure/raw/hopper-medium-v2/hopper-medium-v2_tau14_mpi4_seed3_step1000000.npz,5dd2900a34fac68a3e0075dee01c1ca7258b87128e4fdbbf60efd0b88856a7a6,4096,3,1.0,0.20000000298023224,0.5,64,0.005533854166666667,0.1157989501953125,0.05452179647064989,0.026010919181752946,0.1421999887873729,0.3563303529595342,0.23349902884305512,0.08798732188504205,0.06049594685292448,0.18085270561934672,0.3978180772893678,0.296626569755715,0.0016713962761212094,0.0006518764954914029,0.004591355516974242,0.010829842851611243,0.0408827136589685,0.05652328025045414,0.02721216231263194,0.14460714993765578,0.3801704556681223,0.23774625181157774
hopper-medium-v2,20.0,0,mpi4,1000000,/home/offrl/MPI_sweep/results/mpi4_norm/hopper-medium-v2_tau20_mpi4_seed0/params_1000000.pkl,/home/offrl/MPI_sweep/sweep_results/diagnostics/hosts/offrl/target_policy_exposure/raw/hopper-medium-v2/hopper-medium-v2_tau20_mpi4_seed0_step1000000.npz,5dd2900a34fac68a3e0075dee01c1ca7258b87128e4fdbbf60efd0b88856a7a6,4096,3,1.0,0.20000000298023224,0.5,64,0.020182291666666668,0.11510976155598959,0.05793799845239759,0.028610088515506504,0.1475648160655207,0.37887084858666675,0.24070313344947877,0.09129752195687638,0.06283228318344794,0.18456731611407365,0.411696558731956,0.3021547980040634,0.0010484749749397446,0.0005084646534214698,0.0022971685959115957,0.009238160212042152,0.03238016329390179,0.05867059058980368,0.028256194667849382,0.14983146094042848,0.39289372228086034,0.2422201283745917
hopper-medium-v2,20.0,1,mpi4,1000000,/home/offrl/MPI_sweep/results/mpi4_norm/hopper-medium-v2_tau20_mpi4_seed1/params_1000000.pkl,/home/offrl/MPI_sweep/sweep_results/diagnostics/hosts/offrl/target_policy_exposure/raw/hopper-medium-v2/hopper-medium-v2_tau20_mpi4_seed1_step1000000.npz,5dd2900a34fac68a3e0075dee01c1ca7258b87128e4fdbbf60efd0b88856a7a6,4096,3,1.0,0.20000000298023224,0.5,64,0.038981119791666664,0.11525599161783853,0.05813188385696789,0.029151572129800723,0.1478519841330126,0.3876893064860889,0.2411055450564501,0.09150306839549302,0.06329374408391875,0.18607682698114572,0.42620783897932646,0.3024947411038629,0.0013825670024732398,0.0006869480378857892,0.0033759971987971467,0.008379131937405828,0.03718288588145412,0.05933660180875805,0.029065195471048355,0.15190801952849142,0.38412998931792985,0.24359105445142695
hopper-medium-v2,20.0,2,mpi4,1000000,/home/offrl/MPI_sweep/results/mpi4_norm/hopper-medium-v2_tau20_mpi4_seed2/params_1000000.pkl,/home/offrl/MPI_sweep/sweep_results/diagnostics/hosts/offrl/target_policy_exposure/raw/hopper-medium-v2/hopper-medium-v2_tau20_mpi4_seed2_step1000000.npz,5dd2900a34fac68a3e0075dee01c1ca7258b87128e4fdbbf60efd0b88856a7a6,4096,3,1.0,0.20000000298023224,0.5,64,0.4500325520833333,0.2984670003255208,0.5471529852607051,0.44072694828112924,1.1633870531054527,2.023427255762121,0.739697901349399,0.5228371709231301,0.42246580479601903,1.1007640712614108,1.8929490828291315,0.7230748031311353,0.0009475891586229973,0.00013417008964703805,0.001906576876839002,0.012906406635246035,0.030782936159875936,0.5512926805584566,0.4536568511975929,1.1733043307904154,1.9476864257206528,0.7424908622726993
hopper-medium-v2,20.0,3,mpi4,1000000,/home/offrl/MPI_sweep/results/mpi4_norm/hopper-medium-v2_tau20_mpi4_seed3/params_1000000.pkl,/home/offrl/MPI_sweep/sweep_results/diagnostics/hosts/offrl/target_policy_exposure/raw/hopper-medium-v2/hopper-medium-v2_tau20_mpi4_seed3_step1000000.npz,5dd2900a34fac68a3e0075dee01c1ca7258b87128e4fdbbf60efd0b88856a7a6,4096,3,1.0,0.20000000298023224,0.5,64,0.0035807291666666665,0.11610158284505209,0.0585951692936896,0.028998334826875784,0.15019566089419337,0.38842426066597435,0.24206439080064956,0.09188043585479655,0.0632065429883213,0.1845468550048821,0.4238323693806627,0.3031178580268681,0.0015015421459581204,0.0006430655824563777,0.004173554384882058,0.00953213186528197,0.038749737366311536,0.06008816351678118,0.028764450052221946,0.1556329686427489,0.4185121869998216,0.2451288712428244
hopper-medium-replay-v2,4.0,0,mpi4,1000000,/home/offrl/MPI_sweep/results/mpi4_norm/hopper-medium-replay-v2_tau4_mpi4_seed0/params_1000000.pkl,/home/offrl/MPI_sweep/sweep_results/diagnostics/hosts/offrl/target_policy_exposure/raw/hopper-medium-replay-v2/hopper-medium-replay-v2_tau4_mpi4_seed0_step1000000.npz,c2bbe9a5c2f3e316f7c3ee7f18e978dcc85c3f0d3d496710f01c3bf0fdc97a29,4096,3,1.0,0.20000000298023224,0.5,64,0.0008138020833333334,0.09161758422851562,0.12184744614601077,0.06868269899860024,0.29682221983421186,0.7263648823058877,0.3490665354141109,0.15602324957709782,0.1043951467255444,0.3297593367301778,0.7743533641414769,0.39499778426859283,0.003288745596967824,0.0019470900236437196,0.007258400299178902,0.02043444541632198,0.05734758579894906,0.12149369797208431,0.07038732944056392,0.30077785750230157,0.6952787656298226,0.3485594611713822
hopper-medium-replay-v2,4.0,1,mpi4,1000000,/home/offrl/MPI_sweep/results/mpi4_norm/hopper-medium-replay-v2_tau4_mpi4_seed1/params_1000000.pkl,/home/offrl/MPI_sweep/sweep_results/diagnostics/hosts/offrl/target_policy_exposure/raw/hopper-medium-replay-v2/hopper-medium-replay-v2_tau4_mpi4_seed1_step1000000.npz,c2bbe9a5c2f3e316f7c3ee7f18e978dcc85c3f0d3d496710f01c3bf0fdc97a29,4096,3,1.0,0.20000000298023224,0.5,64,0.0016276041666666667,0.09238815307617188,0.11947987486488942,0.06873444917922218,0.2913083964958787,0.6966687491609888,0.3456586102860587,0.15355819027957995,0.1041825052917969,0.32486094937529353,0.7352052475287566,0.39186501538103646,0.0047226153698786254,0.002540945576280744,0.011000156268655914,0.034512273629176755,0.06872128760346845,0.1222125887898784,0.06994532668325823,0.29475843558369286,0.7085119236816084,0.3495891714425354
hopper-medium-replay-v2,4.0,2,mpi4,1000000,/home/offrl/MPI_sweep/results/mpi4_norm/hopper-medium-replay-v2_tau4_mpi4_seed2/params_1000000.pkl,/home/offrl/MPI_sweep/sweep_results/diagnostics/hosts/offrl/target_policy_exposure/raw/hopper-medium-replay-v2/hopper-medium-replay-v2_tau4_mpi4_seed2_step1000000.npz,c2bbe9a5c2f3e316f7c3ee7f18e978dcc85c3f0d3d496710f01c3bf0fdc97a29,4096,3,1.0,0.20000000298023224,0.5,64,0.0006510416666666666,0.09179560343424478,0.1207071176803217,0.06990714724330852,0.3016250287182629,0.7220134021345683,0.34742929882253987,0.15489066245742703,0.10445923973786334,0.33539890574527453,0.7529505905464177,0.3935615103861492,0.004919060185200479,0.0024678474793233818,0.011371982240234502,0.03993913479533465,0.07013601204232017,0.12415859301173551,0.07121212338097394,0.2971948000291983,0.7298326175659909,0.35236145222162923
hopper-medium-replay-v2,4.0,3,mpi4,1000000,/home/offrl/MPI_sweep/results/mpi4_norm/hopper-medium-replay-v2_tau4_mpi4_seed3/params_1000000.pkl,/home/offrl/MPI_sweep/sweep_results/diagnostics/hosts/offrl/target_policy_exposure/raw/hopper-medium-replay-v2/hopper-medium-replay-v2_tau4_mpi4_seed3_step1000000.npz,c2bbe9a5c2f3e316f7c3ee7f18e978dcc85c3f0d3d496710f01c3bf0fdc97a29,4096,3,1.0,0.20000000298023224,0.5,64,0.0008138020833333334,0.09104665120442709,0.12068788055879015,0.06963724068676433,0.3032258405746499,0.7127961964122135,0.34740161277517145,0.1548579015101869,0.10506450184086476,0.3353523556519349,0.7398264054083393,0.39351988705805824,0.0036375114404590524,0.0019925801049491083,0.007995537860551849,0.026692272355673695,0.0603117852534565,0.12228415165488446,0.06930699005412558,0.30260164065596956,0.7217356610422333,0.3496915092690763
hopper-medium-replay-v2,7.0,0,mpi4,1000000,/home/offrl/MPI_sweep/results/mpi4_norm/hopper-medium-replay-v2_tau7_mpi4_seed0/params_1000000.pkl,/home/offrl/MPI_sweep/sweep_results/diagnostics/hosts/offrl/target_policy_exposure/raw/hopper-medium-replay-v2/hopper-medium-replay-v2_tau7_mpi4_seed0_step1000000.npz,c2bbe9a5c2f3e316f7c3ee7f18e978dcc85c3f0d3d496710f01c3bf0fdc97a29,4096,3,1.0,0.20000000298023224,0.5,64,0.0008138020833333334,0.09139887491861978,0.126071960641449,0.073606475101163,0.30482189878208976,0.7261963835257736,0.3550661355880746,0.16009301724471106,0.10771462767412082,0.3400377991312572,0.762832043934434,0.4001162546619558,0.0038709412714900146,0.002176606433749839,0.009075981037919215,0.02713356467938869,0.06221688895701885,0.12665035550535025,0.07537133449901981,0.30498494768107776,0.7356795858958025,0.35587969245989615
hopper-medium-replay-v2,7.0,1,mpi4,1000000,/home/offrl/MPI_sweep/results/mpi4_norm/hopper-medium-replay-v2_tau7_mpi4_seed1/params_1000000.pkl,/home/offrl/MPI_sweep/sweep_results/diagnostics/hosts/offrl/target_policy_exposure/raw/hopper-medium-replay-v2/hopper-medium-replay-v2_tau7_mpi4_seed1_step1000000.npz,c2bbe9a5c2f3e316f7c3ee7f18e978dcc85c3f0d3d496710f01c3bf0fdc97a29,4096,3,1.0,0.20000000298023224,0.5,64,0.00146484375,0.0901781717936198,0.12544707191098142,0.06997934744382897,0.3044699742846812,0.739538462397953,0.35418508143480776,0.1596445715321051,0.10600716275312028,0.3434951956626135,0.7755422552432291,0.39955546740359477,0.005579295920877346,0.002789672078894985,0.01321152713264695,0.04136426957751007,0.07469468468959051,0.12865502283257083,0.07406822118597725,0.32044711033813655,0.7885950085862242,0.3586851304871319
hopper-medium-replay-v2,7.0,2,mpi4,1000000,/home/offrl/MPI_sweep/results/mpi4_norm/hopper-medium-replay-v2_tau7_mpi4_seed2/params_1000000.pkl,/home/offrl/MPI_sweep/sweep_results/diagnostics/hosts/offrl/target_policy_exposure/raw/hopper-medium-replay-v2/hopper-medium-replay-v2_tau7_mpi4_seed2_step1000000.npz,c2bbe9a5c2f3e316f7c3ee7f18e978dcc85c3f0d3d496710f01c3bf0fdc97a29,4096,3,1.0,0.20000000298023224,0.5,64,0.0013020833333333333,0.091644287109375,0.12460898958777111,0.07147837422477703,0.3074160378285645,0.748012610784888,0.35299998525180015,0.15868419751505106,0.1059573505451971,0.34379420693088514,0.7831605476801814,0.39835185140156065,0.006090480649563409,0.0028356118467248357,0.013893862549593905,0.0507104492252427,0.07804153156853989,0.12879348350598796,0.07634870806941763,0.304792129745086,0.7482928206047904,0.35887809003335375
hopper-medium-replay-v2,7.0,3,mpi4,1000000,/home/offrl/MPI_sweep/results/mpi4_norm/hopper-medium-replay-v2_tau7_mpi4_seed3/params_1000000.pkl,/home/offrl/MPI_sweep/sweep_results/diagnostics/hosts/offrl/target_policy_exposure/raw/hopper-medium-replay-v2/hopper-medium-replay-v2_tau7_mpi4_seed3_step1000000.npz,c2bbe9a5c2f3e316f7c3ee7f18e978dcc85c3f0d3d496710f01c3bf0fdc97a29,4096,3,1.0,0.20000000298023224,0.5,64,8.138020833333333e-05,0.09191640218098959,0.12592770530425612,0.07195537628191317,0.30632388327891624,0.7503521040081992,0.3548629387584115,0.15999560883650446,0.10704698782295732,0.34090046611681696,0.7911105980134823,0.3999945110079693,0.004503866853115691,0.0025647803316436084,0.010140659908453625,0.03216611338624118,0.06711085495741871,0.12842098715558217,0.07502556782310421,0.3081645189474026,0.7167156087855514,0.35835874086672165
hopper-medium-replay-v2,10.0,0,mpi4,1000000,/home/offrl/MPI_sweep/results/mpi4_norm/hopper-medium-replay-v2_tau10_mpi4_seed0/params_1000000.pkl,/home/offrl/MPI_sweep/sweep_results/diagnostics/hosts/offrl/target_policy_exposure/raw/hopper-medium-replay-v2/hopper-medium-replay-v2_tau10_mpi4_seed0_step1000000.npz,c2bbe9a5c2f3e316f7c3ee7f18e978dcc85c3f0d3d496710f01c3bf0fdc97a29,4096,3,1.0,0.20000000298023224,0.5,64,0.0005696614583333334,0.09215927124023438,0.12979928928814322,0.07437594141811132,0.3202745399127404,0.7502728266020634,0.36027668435265586,0.16366308814164887,0.10981755710138211,0.3510544794867959,0.808376053933872,0.4045529485019839,0.003602796434079699,0.00195588101875425,0.00825863650406215,0.023618756451287488,0.06002329909359947,0.12942538349254784,0.07661830012996991,0.31077369706084335,0.7532417390340325,0.3597573953271119
hopper-medium-replay-v2,10.0,1,mpi4,1000000,/home/offrl/MPI_sweep/results/mpi4_norm/hopper-medium-replay-v2_tau10_mpi4_seed1/params_1000000.pkl,/home/offrl/MPI_sweep/sweep_results/diagnostics/hosts/offrl/target_policy_exposure/raw/hopper-medium-replay-v2/hopper-medium-replay-v2_tau10_mpi4_seed1_step1000000.npz,c2bbe9a5c2f3e316f7c3ee7f18e978dcc85c3f0d3d496710f01c3bf0fdc97a29,4096,3,1.0,0.20000000298023224,0.5,64,0.0010579427083333333,0.0921173095703125,0.12893156379102305,0.07296734893073639,0.31922238816817605,0.750526211387478,0.3590704162013672,0.16279032130317678,0.10701635752595623,0.3526142624651627,0.7721852928415779,0.4034728259786237,0.005803469274285265,0.003154892239156955,0.013381699769373274,0.040954028225678514,0.07618050455520274,0.13146023052691888,0.0772975240154968,0.3132988039093713,0.7796948738706612,0.3625744482543122
hopper-medium-replay-v2,10.0,2,mpi4,1000000,/home/offrl/MPI_sweep/results/mpi4_norm/hopper-medium-replay-v2_tau10_mpi4_seed2/params_1000000.pkl,/home/offrl/MPI_sweep/sweep_results/diagnostics/hosts/offrl/target_policy_exposure/raw/hopper-medium-replay-v2/hopper-medium-replay-v2_tau10_mpi4_seed2_step1000000.npz,c2bbe9a5c2f3e316f7c3ee7f18e978dcc85c3f0d3d496710f01c3bf0fdc97a29,4096,3,1.0,0.20000000298023224,0.5,64,0.0010579427083333333,0.0921185811360677,0.13129804415705676,0.07485206423249716,0.3251429504404465,0.7739304548478689,0.36235071982411843,0.16518387871540913,0.11029109666601972,0.3579060871178778,0.7970041393719681,0.40642819626031007,0.005190222198935203,0.0025387800948616737,0.011915057819957536,0.03949902421178826,0.07204319675677366,0.13376458340911618,0.07772836801571732,0.32704024562125744,0.8097880379161028,0.36573840844121935
hopper-medium-replay-v2,10.0,3,mpi4,1000000,/home/offrl/MPI_sweep/results/mpi4_norm/hopper-medium-replay-v2_tau10_mpi4_seed3/params_1000000.pkl,/home/offrl/MPI_sweep/sweep_results/diagnostics/hosts/offrl/target_policy_exposure/raw/hopper-medium-replay-v2/hopper-medium-replay-v2_tau10_mpi4_seed3_step1000000.npz,c2bbe9a5c2f3e316f7c3ee7f18e978dcc85c3f0d3d496710f01c3bf0fdc97a29,4096,3,1.0,0.20000000298023224,0.5,64,0.0003255208333333333,0.09168116251627603,0.1306547685852446,0.07447932433115056,0.3210854688271259,0.8177805810313059,0.36146198774593796,0.16457680977173111,0.10906416724104719,0.35423315055533544,0.8277369755934149,0.4056806746342881,0.004050035296123587,0.002210299954943669,0.00923850766397057,0.02670342887362285,0.06363988761872216,0.13315890305037525,0.07876333532234032,0.32500073274907965,0.7683144660666595,0.36490944500022915
hopper-medium-replay-v2,14.0,0,mpi4,1000000,/home/offrl/MPI_sweep/results/mpi4_norm/hopper-medium-replay-v2_tau14_mpi4_seed0/params_1000000.pkl,/home/offrl/MPI_sweep/sweep_results/diagnostics/hosts/offrl/target_policy_exposure/raw/hopper-medium-replay-v2/hopper-medium-replay-v2_tau14_mpi4_seed0_step1000000.npz,c2bbe9a5c2f3e316f7c3ee7f18e978dcc85c3f0d3d496710f01c3bf0fdc97a29,4096,3,1.0,0.20000000298023224,0.5,64,0.0008138020833333334,0.09324391682942708,0.13704574577560558,0.07960182862977187,0.3357063100508336,0.8303439635137094,0.3701969013587304,0.17067439957822494,0.11441412837327175,0.36480381266260065,0.8627928812563856,0.41312758268871974,0.0032434221480408037,0.0019266938919220895,0.007128039865771521,0.019961082915862488,0.05695105045599075,0.1375876496721667,0.0808418436596791,0.3356236775095264,0.8275665740172112,0.3709280923200165
hopper-medium-replay-v2,14.0,1,mpi4,1000000,/home/offrl/MPI_sweep/results/mpi4_norm/hopper-medium-replay-v2_tau14_mpi4_seed1/params_1000000.pkl,/home/offrl/MPI_sweep/sweep_results/diagnostics/hosts/offrl/target_policy_exposure/raw/hopper-medium-replay-v2/hopper-medium-replay-v2_tau14_mpi4_seed1_step1000000.npz,c2bbe9a5c2f3e316f7c3ee7f18e978dcc85c3f0d3d496710f01c3bf0fdc97a29,4096,3,1.0,0.20000000298023224,0.5,64,0.0013020833333333333,0.09352620442708333,0.13490497800359205,0.0767474218737334,0.3295951700905183,0.7874532023095546,0.36729413009683676,0.16848154248811625,0.11149740485287415,0.36436249458793313,0.8186600824647271,0.4104650319919058,0.0053432440247872075,0.0027934159708043658,0.012362076911813347,0.04091049039307114,0.07309749670670813,0.13792003528890429,0.08165331269022622,0.3378101147682173,0.8390176760226807,0.37137586794096394
hopper-medium-replay-v2,14.0,2,mpi4,1000000,/home/offrl/MPI_sweep/results/mpi4_norm/hopper-medium-replay-v2_tau14_mpi4_seed2/params_1000000.pkl,/home/offrl/MPI_sweep/sweep_results/diagnostics/hosts/offrl/target_policy_exposure/raw/hopper-medium-replay-v2/hopper-medium-replay-v2_tau14_mpi4_seed2_step1000000.npz,c2bbe9a5c2f3e316f7c3ee7f18e978dcc85c3f0d3d496710f01c3bf0fdc97a29,4096,3,1.0,0.20000000298023224,0.5,64,0.0008138020833333334,0.09210205078125,0.13532254802841973,0.07591168415577462,0.3315752105166515,0.8125037734076629,0.36786213182171895,0.16907944450793017,0.11140703519776543,0.36564803921331335,0.8385528078025267,0.41119270969696214,0.006162207443638856,0.0028959494241765547,0.01378296355155347,0.05410292159261502,0.0784997289399069,0.1386375559626309,0.07838577381335199,0.34327330222974217,0.8615607516840134,0.3723406450585685
hopper-medium-replay-v2,14.0,3,mpi4,1000000,/home/offrl/MPI_sweep/results/mpi4_norm/hopper-medium-replay-v2_tau14_mpi4_seed3/params_1000000.pkl,/home/offrl/MPI_sweep/sweep_results/diagnostics/hosts/offrl/target_policy_exposure/raw/hopper-medium-replay-v2/hopper-medium-replay-v2_tau14_mpi4_seed3_step1000000.npz,c2bbe9a5c2f3e316f7c3ee7f18e978dcc85c3f0d3d496710f01c3bf0fdc97a29,4096,3,1.0,0.20000000298023224,0.5,64,0.000732421875,0.09108606974283853,0.13639221153589096,0.0788506340787952,0.33795087128722423,0.8220945178783345,0.36931316187741126,0.1702675094233978,0.11424202264713432,0.3715501304759906,0.8578805602123669,0.41263483786926886,0.004442733637005954,0.00255363856558688,0.010352660319767892,0.028917199080266735,0.06665383437587033,0.14123897848363176,0.08136513832141645,0.348226048964231,0.8538128772129632,0.37581774636601684
hopper-medium-replay-v2,20.0,0,mpi4,1000000,/home/offrl/MPI_sweep/results/mpi4_norm/hopper-medium-replay-v2_tau20_mpi4_seed0/params_1000000.pkl,/home/offrl/MPI_sweep/sweep_results/diagnostics/hosts/offrl/target_policy_exposure/raw/hopper-medium-replay-v2/hopper-medium-replay-v2_tau20_mpi4_seed0_step1000000.npz,c2bbe9a5c2f3e316f7c3ee7f18e978dcc85c3f0d3d496710f01c3bf0fdc97a29,4096,3,1.0,0.20000000298023224,0.5,64,0.0021158854166666665,0.094146728515625,0.14280745441439044,0.0828535740620282,0.3423122891690582,0.8477297732218484,0.3778987356612753,0.17607461305316907,0.11823145663040716,0.375977862006484,0.8752190503250233,0.4196124557888732,0.003953452687787396,0.002186209631621712,0.008940562371814545,0.02967463353858578,0.06287648755924106,0.14545033604111127,0.08590596116103673,0.3467015563704384,0.8591913669680558,0.3813795170707405
hopper-medium-replay-v2,20.0,1,mpi4,1000000,/home/offrl/MPI_sweep/results/mpi4_norm/hopper-medium-replay-v2_tau20_mpi4_seed1/params_1000000.pkl,/home/offrl/MPI_sweep/sweep_results/diagnostics/hosts/offrl/target_policy_exposure/raw/hopper-medium-replay-v2/hopper-medium-replay-v2_tau20_mpi4_seed1_step1000000.npz,c2bbe9a5c2f3e316f7c3ee7f18e978dcc85c3f0d3d496710f01c3bf0fdc97a29,4096,3,1.0,0.20000000298023224,0.5,64,0.0015462239583333333,0.09230931599934897,0.14616773195362232,0.08390087845812863,0.35698379699473054,0.8462663935342206,0.38231888778037415,0.17955909734743788,0.1208833027936036,0.38811297009154566,0.873608189312685,0.42374414137240635,0.007458842461299993,0.003872755271762192,0.01807670307850155,0.0498868516025444,0.08636459032091794,0.15427324822902216,0.0880283455674847,0.3755163294651235,0.953096043951035,0.39277633359078823
hopper-medium-replay-v2,20.0,2,mpi4,1000000,/home/offrl/MPI_sweep/results/mpi4_norm/hopper-medium-replay-v2_tau20_mpi4_seed2/params_1000000.pkl,/home/offrl/MPI_sweep/sweep_results/diagnostics/hosts/offrl/target_policy_exposure/raw/hopper-medium-replay-v2/hopper-medium-replay-v2_tau20_mpi4_seed2_step1000000.npz,c2bbe9a5c2f3e316f7c3ee7f18e978dcc85c3f0d3d496710f01c3bf0fdc97a29,4096,3,1.0,0.20000000298023224,0.5,64,0.002197265625,0.0932629903157552,0.14267383611678988,0.0798826655894042,0.3435783477228445,0.8634949626861895,0.37772190314673293,0.1758439030819769,0.11592891774888334,0.377513103032955,0.8915722530078225,0.4193374572846753,0.005685530216702902,0.00267714158205005,0.012928446580190212,0.05246197576828622,0.07540245497795746,0.1478927088594021,0.08638598036486655,0.35873598408458446,0.9388102666912721,0.3845682109319517
hopper-medium-replay-v2,20.0,3,mpi4,1000000,/home/offrl/MPI_sweep/results/mpi4_norm/hopper-medium-replay-v2_tau20_mpi4_seed3/params_1000000.pkl,/home/offrl/MPI_sweep/sweep_results/diagnostics/hosts/offrl/target_policy_exposure/raw/hopper-medium-replay-v2/hopper-medium-replay-v2_tau20_mpi4_seed3_step1000000.npz,c2bbe9a5c2f3e316f7c3ee7f18e978dcc85c3f0d3d496710f01c3bf0fdc97a29,4096,3,1.0,0.20000000298023224,0.5,64,0.0004069010416666667,0.09123611450195312,0.1458288765357964,0.08503494976654716,0.3574811016830305,0.8768749917546925,0.38187547255066856,0.17943262673344662,0.11944392394848022,0.39150679079327233,0.8974217348880695,0.42359488515968485,0.004679383177686864,0.002372480712286536,0.011135152242786717,0.03480242216276902,0.06840601711609048,0.154600681153398,0.08992428866016175,0.37504824375112855,0.91235545119271,0.3931929312098553
hopper-expert-v2,4.0,0,mpi4,1000000,/home/offrl/MPI_sweep/results/mpi4_norm/hopper-expert-v2_tau4_mpi4_seed0/params_1000000.pkl,/home/offrl/MPI_sweep/sweep_results/diagnostics/hosts/offrl/target_policy_exposure/raw/hopper-expert-v2/hopper-expert-v2_tau4_mpi4_seed0_step1000000.npz,ef2c5b08311bed531311d9d76a16b56360b1728b60975008a2e5f0463698fcda,4096,3,1.0,0.20000000298023224,0.5,64,0.019368489583333332,0.09799448649088542,0.047596696769707195,0.02786326730468621,0.1169987041503191,0.27714417354013715,0.2181666719957638,0.0820484075265866,0.06375743366896464,0.15593853858845094,0.31578787097962563,0.28644093200271953,0.001589791563903392,0.0009949617543346296,0.0035723103719647042,0.009150347471047173,0.0398721903574834,0.04856490347226193,0.028189681441290304,0.12037597371575733,0.2831160970963544,0.22037446193300606
hopper-expert-v2,4.0,1,mpi4,1000000,/home/offrl/MPI_sweep/results/mpi4_norm/hopper-expert-v2_tau4_mpi4_seed1/params_1000000.pkl,/home/offrl/MPI_sweep/sweep_results/diagnostics/hosts/offrl/target_policy_exposure/raw/hopper-expert-v2/hopper-expert-v2_tau4_mpi4_seed1_step1000000.npz,ef2c5b08311bed531311d9d76a16b56360b1728b60975008a2e5f0463698fcda,4096,3,1.0,0.20000000298023224,0.5,64,0.023518880208333332,0.09788894653320312,0.047552254926451806,0.027776887970200427,0.11528349559678949,0.2842792439972982,0.2180647952477699,0.0820355798723733,0.06378345544673714,0.15268414096298483,0.32701510927053873,0.28641853967991193,0.0012312900259241523,0.0006421243145003548,0.0025678228776087053,0.007431775659400367,0.0350897424602141,0.047453700053197156,0.02699768759887,0.11553459287582277,0.2988647796524069,0.21783870191771976
hopper-expert-v2,4.0,2,mpi4,1000000,/home/offrl/MPI_sweep/results/mpi4_norm/hopper-expert-v2_tau4_mpi4_seed2/params_1000000.pkl,/home/offrl/MPI_sweep/sweep_results/diagnostics/hosts/offrl/target_policy_exposure/raw/hopper-expert-v2/hopper-expert-v2_tau4_mpi4_seed2_step1000000.npz,ef2c5b08311bed531311d9d76a16b56360b1728b60975008a2e5f0463698fcda,4096,3,1.0,0.20000000298023224,0.5,64,0.028971354166666668,0.09769821166992188,0.047239279849270274,0.027640926108385123,0.11673867813489855,0.27629241445877906,0.21734599110466765,0.08169007209184154,0.06313032479881311,0.1527646840888117,0.32102051119921043,0.285814751354512,0.0012909336843676506,0.0007076974519198604,0.002855789137053459,0.008125090123930792,0.035929565602267594,0.04814540500227303,0.027362996360655718,0.11978017295283887,0.2794869600096719,0.21942061207250568
hopper-expert-v2,4.0,3,mpi4,1000000,/home/offrl/MPI_sweep/results/mpi4_norm/hopper-expert-v2_tau4_mpi4_seed3/params_1000000.pkl,/home/offrl/MPI_sweep/sweep_results/diagnostics/hosts/offrl/target_policy_exposure/raw/hopper-expert-v2/hopper-expert-v2_tau4_mpi4_seed3_step1000000.npz,ef2c5b08311bed531311d9d76a16b56360b1728b60975008a2e5f0463698fcda,4096,3,1.0,0.20000000298023224,0.5,64,0.0517578125,0.09845606486002605,0.04774112250388636,0.02806438785531403,0.11640923811743656,0.2719970892183486,0.2184974199021269,0.08212651807323579,0.06356133821459298,0.15458264909957634,0.31339687431984675,0.28657724625872827,0.0012678953911818217,0.0007386827637674287,0.002892096619082925,0.008617014337232842,0.0356075187450884,0.04845996885513974,0.027982574775118486,0.11981663309658566,0.29115692252914166,0.22013625066112974
hopper-expert-v2,7.0,0,mpi4,1000000,/home/offrl/MPI_sweep/results/mpi4_norm/hopper-expert-v2_tau7_mpi4_seed0/params_1000000.pkl,/home/offrl/MPI_sweep/sweep_results/diagnostics/hosts/offrl/target_policy_exposure/raw/hopper-expert-v2/hopper-expert-v2_tau7_mpi4_seed0_step1000000.npz,ef2c5b08311bed531311d9d76a16b56360b1728b60975008a2e5f0463698fcda,4096,3,1.0,0.20000000298023224,0.5,64,0.020589192708333332,0.09814071655273438,0.04754391824341166,0.02774314562945316,0.11660543357720599,0.2849770158723318,0.21804567925875454,0.08196177727657512,0.06330202103460772,0.1556601187461274,0.3193857238836814,0.28628967371628183,0.0016092042337386286,0.001032455343268642,0.0036080730060348287,0.009301402318669735,0.040114887931273456,0.04863558600453206,0.028322175988857147,0.11992072748641172,0.29611189396212867,0.22053477277865288
hopper-expert-v2,7.0,1,mpi4,1000000,/home/offrl/MPI_sweep/results/mpi4_norm/hopper-expert-v2_tau7_mpi4_seed1/params_1000000.pkl,/home/offrl/MPI_sweep/sweep_results/diagnostics/hosts/offrl/target_policy_exposure/raw/hopper-expert-v2/hopper-expert-v2_tau7_mpi4_seed1_step1000000.npz,ef2c5b08311bed531311d9d76a16b56360b1728b60975008a2e5f0463698fcda,4096,3,1.0,0.20000000298023224,0.5,64,0.021565755208333332,0.09780756632486978,0.04767482962627667,0.028081301493026938,0.11723755867084643,0.2725266180932523,0.21834566546253367,0.08211724885982673,0.06378941532925161,0.1543058084360016,0.31604506065021637,0.28656107352504584,0.0013684608519129583,0.0007508403923092526,0.0031286318252815213,0.008252894238134507,0.036992713497565416,0.047716683354485326,0.027171525493031368,0.117881793055858,0.28470349787821764,0.21844148725570728
hopper-expert-v2,7.0,2,mpi4,1000000,/home/offrl/MPI_sweep/results/mpi4_norm/hopper-expert-v2_tau7_mpi4_seed2/params_1000000.pkl,/home/offrl/MPI_sweep/sweep_results/diagnostics/hosts/offrl/target_policy_exposure/raw/hopper-expert-v2/hopper-expert-v2_tau7_mpi4_seed2_step1000000.npz,ef2c5b08311bed531311d9d76a16b56360b1728b60975008a2e5f0463698fcda,4096,3,1.0,0.20000000298023224,0.5,64,0.037841796875,0.09817377726236978,0.047719485816726706,0.028185848631740857,0.11732535976868044,0.2681720887000363,0.21844790183640286,0.08215354480796219,0.06359705303275713,0.15394071473037724,0.31043563846177824,0.28662439674243045,0.0012398649923269203,0.0006807935082425349,0.002724582117044368,0.007870183709483738,0.03521171669099535,0.048292809945431135,0.027064251014962792,0.11839223001152277,0.28349830123285463,0.2197562512089955
hopper-expert-v2,7.0,3,mpi4,1000000,/home/offrl/MPI_sweep/results/mpi4_norm/hopper-expert-v2_tau7_mpi4_seed3/params_1000000.pkl,/home/offrl/MPI_sweep/sweep_results/diagnostics/hosts/offrl/target_policy_exposure/raw/hopper-expert-v2/hopper-expert-v2_tau7_mpi4_seed3_step1000000.npz,ef2c5b08311bed531311d9d76a16b56360b1728b60975008a2e5f0463698fcda,4096,3,1.0,0.20000000298023224,0.5,64,0.026529947916666668,0.09836451212565105,0.04787919947345969,0.028050643081466358,0.11671916968771257,0.2859579098410909,0.2188131611065927,0.08228638369339017,0.06385954190552479,0.15421689154188795,0.31925214302216587,0.2868560330433895,0.0012736977875528032,0.0007794665487684446,0.0028142721760862814,0.007760002189085463,0.035688902862834035,0.04869815529263658,0.027907806383382194,0.12035202076610099,0.29455061493208656,0.2206765852840681
hopper-expert-v2,10.0,0,mpi4,1000000,/home/offrl/MPI_sweep/results/mpi4_norm/hopper-expert-v2_tau10_mpi4_seed0/params_1000000.pkl,/home/offrl/MPI_sweep/sweep_results/diagnostics/hosts/offrl/target_policy_exposure/raw/hopper-expert-v2/hopper-expert-v2_tau10_mpi4_seed0_step1000000.npz,ef2c5b08311bed531311d9d76a16b56360b1728b60975008a2e5f0463698fcda,4096,3,1.0,0.20000000298023224,0.5,64,0.050048828125,0.0986315409342448,0.04780835638591002,0.02795681059311998,0.11807957390071049,0.2758848172008082,0.21865122086535446,0.08219366819485081,0.0634540732991559,0.15482043743956392,0.3151969520054214,0.28669438117070034,0.0017295825073895274,0.0011736688175005838,0.0037452656542882323,0.009626277501229212,0.041588249631230305,0.048925249624998,0.028525762104739744,0.12064738616929087,0.29284304315612353,0.22119052788263335
hopper-expert-v2,10.0,1,mpi4,1000000,/home/offrl/MPI_sweep/results/mpi4_norm/hopper-expert-v2_tau10_mpi4_seed1/params_1000000.pkl,/home/offrl/MPI_sweep/sweep_results/diagnostics/hosts/offrl/target_policy_exposure/raw/hopper-expert-v2/hopper-expert-v2_tau10_mpi4_seed1_step1000000.npz,ef2c5b08311bed531311d9d76a16b56360b1728b60975008a2e5f0463698fcda,4096,3,1.0,0.20000000298023224,0.5,64,0.015950520833333332,0.09845352172851562,0.04774442033899465,0.027966752701710597,0.1178333560625712,0.28232029260446684,0.21850496639434686,0.082149413986324,0.0637156742023805,0.15500395633802663,0.3188048329097597,0.28661719066783836,0.0013971582618099404,0.0007680832617703952,0.0029498190549244185,0.008226451481900888,0.03737858025406985,0.047765075676754566,0.02704987907782197,0.11744415084831417,0.2856634994658334,0.21855222642827174
hopper-expert-v2,10.0,2,mpi4,1000000,/home/offrl/MPI_sweep/results/mpi4_norm/hopper-expert-v2_tau10_mpi4_seed2/params_1000000.pkl,/home/offrl/MPI_sweep/sweep_results/diagnostics/hosts/offrl/target_policy_exposure/raw/hopper-expert-v2/hopper-expert-v2_tau10_mpi4_seed2_step1000000.npz,ef2c5b08311bed531311d9d76a16b56360b1728b60975008a2e5f0463698fcda,4096,3,1.0,0.20000000298023224,0.5,64,0.046061197916666664,0.09867223103841145,0.047392242136231846,0.027466100856846865,0.11725809720034401,0.2685159963138479,0.21769759331750052,0.0817597919011472,0.06301833791884344,0.15478333947168466,0.3153622250757347,0.2859366921210833,0.0012779764406940918,0.000780911257606931,0.002858005978244667,0.007890857913605488,0.03574879635308148,0.048362869190641436,0.02720392933891465,0.1209192532473935,0.27557611914041175,0.21991559560577198
hopper-expert-v2,10.0,3,mpi4,1000000,/home/offrl/MPI_sweep/results/mpi4_norm/hopper-expert-v2_tau10_mpi4_seed3/params_1000000.pkl,/home/offrl/MPI_sweep/sweep_results/diagnostics/hosts/offrl/target_policy_exposure/raw/hopper-expert-v2/hopper-expert-v2_tau10_mpi4_seed3_step1000000.npz,ef2c5b08311bed531311d9d76a16b56360b1728b60975008a2e5f0463698fcda,4096,3,1.0,0.20000000298023224,0.5,64,0.011800130208333334,0.098968505859375,0.08760411997249146,0.0638205042729775,0.19009766370678943,0.40410686555454456,0.2959799317056673,0.12022506526617252,0.09748899055712719,0.22411751627594845,0.4354664185097541,0.3467348630671172,0.0015074115389977368,0.0009195278894846837,0.003323574742050065,0.007939859484577039,0.03882539811769786,0.08829261155520202,0.06458862572859894,0.19079563921938342,0.41196640481551533,0.29714072685379567
hopper-expert-v2,14.0,0,mpi4,1000000,/home/offrl/MPI_sweep/results/mpi4_norm/hopper-expert-v2_tau14_mpi4_seed0/params_1000000.pkl,/home/offrl/MPI_sweep/sweep_results/diagnostics/hosts/offrl/target_policy_exposure/raw/hopper-expert-v2/hopper-expert-v2_tau14_mpi4_seed0_step1000000.npz,ef2c5b08311bed531311d9d76a16b56360b1728b60975008a2e5f0463698fcda,4096,3,1.0,0.20000000298023224,0.5,64,0.00016276041666666666,0.07080205281575522,0.1074190229430941,0.06684184757856808,0.2545757140712036,0.5986786848331894,0.3277484140969932,0.14232093405697102,0.10267482639856049,0.28857457964132516,0.6317031684303545,0.37725446857124306,0.001624399452165564,0.000986304172935585,0.0035589479787934883,0.009665442403638761,0.04030383917402366,0.10924221401467299,0.06451864877211241,0.2687793512207766,0.5976090884883892,0.3305180993753186
hopper-expert-v2,14.0,1,mpi4,1000000,/home/offrl/MPI_sweep/results/mpi4_norm/hopper-expert-v2_tau14_mpi4_seed1/params_1000000.pkl,/home/offrl/MPI_sweep/sweep_results/diagnostics/hosts/offrl/target_policy_exposure/raw/hopper-expert-v2/hopper-expert-v2_tau14_mpi4_seed1_step1000000.npz,ef2c5b08311bed531311d9d76a16b56360b1728b60975008a2e5f0463698fcda,4096,3,1.0,0.20000000298023224,0.5,64,0.038899739583333336,0.10986328125,0.09451103059331661,0.06650904325245696,0.20382151007652283,0.46671033292265474,0.30742646371663684,0.1259122628897901,0.09965789030428016,0.2367072296282977,0.500001325256709,0.3548411798111799,0.0014395555411939988,0.0008056264374924165,0.0031430646680140244,0.008363589553725155,0.03794147521109319,0.09476235402113876,0.0678221610529969,0.200306642376745,0.4845639426604225,0.3078349460687314
hopper-expert-v2,14.0,2,mpi4,1000000,/home/offrl/MPI_sweep/results/mpi4_norm/hopper-expert-v2_tau14_mpi4_seed2/params_1000000.pkl,/home/offrl/MPI_sweep/sweep_results/diagnostics/hosts/offrl/target_policy_exposure/raw/hopper-expert-v2/hopper-expert-v2_tau14_mpi4_seed2_step1000000.npz,ef2c5b08311bed531311d9d76a16b56360b1728b60975008a2e5f0463698fcda,4096,3,1.0,0.20000000298023224,0.5,64,0.02880859375,0.09912490844726562,0.0476995155947148,0.028033701698632285,0.1167693150540193,0.2774861775455069,0.21840218770588082,0.08203765036935665,0.06336628381833753,0.1543808937743586,0.31270370451339424,0.2864221541175833,0.0013934559710702323,0.000733667453545787,0.0030834901748069874,0.00920639643742713,0.03732902317326603,0.04851577680607813,0.0277900288492674,0.11967281997203827,0.2817006084447108,0.22026297193599775
hopper-expert-v2,14.0,3,mpi4,1000000,/home/offrl/MPI_sweep/results/mpi4_norm/hopper-expert-v2_tau14_mpi4_seed3/params_1000000.pkl,/home/offrl/MPI_sweep/sweep_results/diagnostics/hosts/offrl/target_policy_exposure/raw/hopper-expert-v2/hopper-expert-v2_tau14_mpi4_seed3_step1000000.npz,ef2c5b08311bed531311d9d76a16b56360b1728b60975008a2e5f0463698fcda,4096,3,1.0,0.20000000298023224,0.5,64,0.021321614583333332,0.09039942423502603,0.10088388237449766,0.06523748363057773,0.21681168966676503,0.6452800077696652,0.31762223217920005,0.13331826842246608,0.10002649012407214,0.2468634704947758,0.6235730778450533,0.3651277426086192,0.0016741763758181213,0.000962861419490461,0.003816219075815752,0.010554669919656598,0.040916700451259766,0.10563413987752347,0.06994623939196268,0.22422833037156428,0.6501387669083978,0.3250140610458622
hopper-expert-v2,20.0,0,mpi4,1000000,/home/offrl/MPI_sweep/results/mpi4_norm/hopper-expert-v2_tau20_mpi4_seed0/params_1000000.pkl,/home/offrl/MPI_sweep/sweep_results/diagnostics/hosts/offrl/target_policy_exposure/raw/hopper-expert-v2/hopper-expert-v2_tau20_mpi4_seed0_step1000000.npz,ef2c5b08311bed531311d9d76a16b56360b1728b60975008a2e5f0463698fcda,4096,3,1.0,0.20000000298023224,0.5,64,0.028889973958333332,0.09148025512695312,0.12987545329124833,0.0843704833338658,0.30985499545931816,0.5885184181737715,0.36038237094959064,0.16146117849745878,0.11701830325652487,0.3393717533499748,0.6007249690196018,0.4018223220497572,0.0015922776564329115,0.0008089177868200181,0.0034747783911234604,0.011447100446093848,0.03990335394967335,0.13734624633765832,0.08834523462913543,0.32964994447926677,0.6509749629845228,0.3706025449692141
hopper-expert-v2,20.0,1,mpi4,1000000,/home/offrl/MPI_sweep/results/mpi4_norm/hopper-expert-v2_tau20_mpi4_seed1/params_1000000.pkl,/home/offrl/MPI_sweep/sweep_results/diagnostics/hosts/offrl/target_policy_exposure/raw/hopper-expert-v2/hopper-expert-v2_tau20_mpi4_seed1_step1000000.npz,ef2c5b08311bed531311d9d76a16b56360b1728b60975008a2e5f0463698fcda,4096,3,1.0,0.20000000298023224,0.5,64,0.0,0.08173878987630208,0.08926300404923082,0.05918966038370854,0.20555125925845155,0.4680912933176544,0.2987691484227092,0.12380571203445087,0.09473706938108725,0.24148862814337752,0.5072984423768899,0.3518603587141508,0.002007688559349567,0.0012112371963060773,0.003974804460691908,0.013446432577135691,0.044807237800935325,0.08967485178709028,0.05596546000257756,0.20964273655166227,0.52008206518367,0.2994575959749398
hopper-expert-v2,20.0,2,mpi4,1000000,/home/offrl/MPI_sweep/results/mpi4_norm/hopper-expert-v2_tau20_mpi4_seed2/params_1000000.pkl,/home/offrl/MPI_sweep/sweep_results/diagnostics/hosts/offrl/target_policy_exposure/raw/hopper-expert-v2/hopper-expert-v2_tau20_mpi4_seed2_step1000000.npz,ef2c5b08311bed531311d9d76a16b56360b1728b60975008a2e5f0463698fcda,4096,3,1.0,0.20000000298023224,0.5,64,0.6929524739583334,0.42402521769205725,0.7697369032566483,0.7198890745639801,1.5752737447619438,2.244607949256897,0.8773465126485933,0.6945554282078994,0.6263310301949712,1.4200035622283926,2.0638989105355003,0.8333999209310614,0.0008296743288773008,1.0658141036401503e-14,0.002054918442356761,0.010246376081664312,0.028804067922383825,0.7634185676794834,0.6983492670115083,1.5601860582828522,2.2536425554050465,0.8737382718408776
hopper-expert-v2,20.0,3,mpi4,1000000,/home/offrl/MPI_sweep/results/mpi4_norm/hopper-expert-v2_tau20_mpi4_seed3/params_1000000.pkl,/home/offrl/MPI_sweep/sweep_results/diagnostics/hosts/offrl/target_policy_exposure/raw/hopper-expert-v2/hopper-expert-v2_tau20_mpi4_seed3_step1000000.npz,ef2c5b08311bed531311d9d76a16b56360b1728b60975008a2e5f0463698fcda,4096,3,1.0,0.20000000298023224,0.5,64,0.039957682291666664,0.10247421264648438,0.1212455141204922,0.08787334665612434,0.24549137901825208,0.7357139001290053,0.3482032655224419,0.1515707283716906,0.11963560204929517,0.2734707542593182,0.7227921235723295,0.3893208553002146,0.0017153964031603832,0.0008607102766594228,0.003972404462880755,0.012719042795652082,0.04141734423113562,0.12504395229096604,0.0910602807222555,0.2463915317008893,0.7253476724921113,0.3536155430562492
walker2d-medium-v2,4.0,0,mpi4,1000000,/home/offrl/MPI_sweep/results/mpi4_norm/walker2d-medium-v2_tau4_mpi4_seed0/params_1000000.pkl,/home/offrl/MPI_sweep/sweep_results/diagnostics/hosts/offrl/target_policy_exposure/raw/walker2d-medium-v2/walker2d-medium-v2_tau4_mpi4_seed0_step1000000.npz,3d0b487a2f3ca4d8c797b589d95bbef6d4bb98f455ed99c27116cd94fef59106,4096,6,1.0,0.20000000298023224,0.5,64,0.0002848307291666667,0.16148058573404947,0.03228256798518364,0.02270596287295727,0.0684395272207136,0.16454704988306454,0.17967350384846298,0.06343979488040336,0.05461739167352296,0.10143753256958678,0.19946835959439363,0.25187257667400664,0.0010597048517715227,0.0004888445522179079,0.0020746016358543784,0.010519713767873412,0.03255310817374468,0.03293881935043404,0.02279834894640468,0.06983255060761925,0.16764904879291884,0.18149054892868124
walker2d-medium-v2,4.0,1,mpi4,1000000,/home/offrl/MPI_sweep/results/mpi4_norm/walker2d-medium-v2_tau4_mpi4_seed1/params_1000000.pkl,/home/offrl/MPI_sweep/sweep_results/diagnostics/hosts/offrl/target_policy_exposure/raw/walker2d-medium-v2/walker2d-medium-v2_tau4_mpi4_seed1_step1000000.npz,3d0b487a2f3ca4d8c797b589d95bbef6d4bb98f455ed99c27116cd94fef59106,4096,6,1.0,0.20000000298023224,0.5,64,0.0004475911458333333,0.16191546122233075,0.032128408502506756,0.0225226877807169,0.0681570515704498,0.16675140304238698,0.17924399153808965,0.06328854748794571,0.054204690041615725,0.10157328918843674,0.19821703445416816,0.25157215165424357,0.000992635669509068,0.0006159336383764942,0.0018472484380301544,0.007968178053203535,0.0315061211435027,0.03281374014025707,0.022675514970236087,0.06981215710160882,0.16699685685581925,0.1811456324073453
walker2d-medium-v2,4.0,2,mpi4,1000000,/home/offrl/MPI_sweep/results/mpi4_norm/walker2d-medium-v2_tau4_mpi4_seed2/params_1000000.pkl,/home/offrl/MPI_sweep/sweep_results/diagnostics/hosts/offrl/target_policy_exposure/raw/walker2d-medium-v2/walker2d-medium-v2_tau4_mpi4_seed2_step1000000.npz,3d0b487a2f3ca4d8c797b589d95bbef6d4bb98f455ed99c27116cd94fef59106,4096,6,1.0,0.20000000298023224,0.5,64,0.0003255208333333333,0.16099294026692706,0.032065128724743625,0.02247035077225945,0.06946722775834738,0.1679631822767675,0.17906738598846977,0.06331819437270675,0.05410040457807197,0.10209035593342453,0.19781156941676403,0.25163106797990337,0.0009406823632492987,0.0005134688954271382,0.001781477038013198,0.00788965355843852,0.030670545532306703,0.03270992054613789,0.022389837145049128,0.06956249644160076,0.17411250376148948,0.18085884149285567
walker2d-medium-v2,4.0,3,mpi4,1000000,/home/offrl/MPI_sweep/results/mpi4_norm/walker2d-medium-v2_tau4_mpi4_seed3/params_1000000.pkl,/home/offrl/MPI_sweep/sweep_results/diagnostics/hosts/offrl/target_policy_exposure/raw/walker2d-medium-v2/walker2d-medium-v2_tau4_mpi4_seed3_step1000000.npz,3d0b487a2f3ca4d8c797b589d95bbef6d4bb98f455ed99c27116cd94fef59106,4096,6,1.0,0.20000000298023224,0.5,64,0.0002848307291666667,0.16170756022135416,0.03253838870592847,0.02226550964648292,0.07069049691108376,0.17505997999332995,0.1803840034646323,0.06371582771658998,0.05418912247066403,0.10255340880408889,0.20854166856212097,0.2524199431831605,0.0008779479604944891,0.00046762563376775057,0.0018268174600279963,0.006801334257483525,0.029630186642923616,0.03247849059715383,0.022594580371029828,0.06978120198618853,0.17105396912279525,0.18021789754947712
walker2d-medium-v2,7.0,0,mpi4,1000000,/home/offrl/MPI_sweep/results/mpi4_norm/walker2d-medium-v2_tau7_mpi4_seed0/params_1000000.pkl,/home/offrl/MPI_sweep/sweep_results/diagnostics/hosts/offrl/target_policy_exposure/raw/walker2d-medium-v2/walker2d-medium-v2_tau7_mpi4_seed0_step1000000.npz,3d0b487a2f3ca4d8c797b589d95bbef6d4bb98f455ed99c27116cd94fef59106,4096,6,1.0,0.20000000298023224,0.5,64,0.0008951822916666666,0.16118494669596353,0.03365313439882017,0.023540117411296357,0.07330637304592832,0.17238261556560136,0.18344790649887552,0.06476775207094083,0.055471623498470596,0.10439185548509533,0.20340921751245716,0.25449509242997365,0.0008729401152300774,0.0004273971274955102,0.0018166968738837497,0.007758251063713129,0.02954555999181734,0.03424865371235469,0.023640035207790788,0.07351384707601483,0.17463710364777418,0.18506391791042007
walker2d-medium-v2,7.0,1,mpi4,1000000,/home/offrl/MPI_sweep/results/mpi4_norm/walker2d-medium-v2_tau7_mpi4_seed1/params_1000000.pkl,/home/offrl/MPI_sweep/sweep_results/diagnostics/hosts/offrl/target_policy_exposure/raw/walker2d-medium-v2/walker2d-medium-v2_tau7_mpi4_seed1_step1000000.npz,3d0b487a2f3ca4d8c797b589d95bbef6d4bb98f455ed99c27116cd94fef59106,4096,6,1.0,0.20000000298023224,0.5,64,0.0004475911458333333,0.1608435312906901,0.033524424278930896,0.023832129624376343,0.07299447440448148,0.1664945416171433,0.1830967620656654,0.06467451744072775,0.055410932089028836,0.10523922763422261,0.20097994927858986,0.2543118507673753,0.001230639541352774,0.0007990855094324918,0.002399444631682475,0.008794054613727339,0.03508047236501775,0.03442783984794043,0.023845365358283743,0.0737662450043454,0.17129105533531444,0.1855474059315851
walker2d-medium-v2,7.0,2,mpi4,1000000,/home/offrl/MPI_sweep/results/mpi4_norm/walker2d-medium-v2_tau7_mpi4_seed2/params_1000000.pkl,/home/offrl/MPI_sweep/sweep_results/diagnostics/hosts/offrl/target_policy_exposure/raw/walker2d-medium-v2/walker2d-medium-v2_tau7_mpi4_seed2_step1000000.npz,3d0b487a2f3ca4d8c797b589d95bbef6d4bb98f455ed99c27116cd94fef59106,4096,6,1.0,0.20000000298023224,0.5,64,0.00016276041666666666,0.16282018025716144,0.033856214836192194,0.023645113529691265,0.07249590048377286,0.17433913000253007,0.1840005837930744,0.06484488437827104,0.05542656369709878,0.10477453641723664,0.21128732686440585,0.254646587211121,0.0011012497358955041,0.0006277936265976318,0.0020186568111171255,0.0076560295631187365,0.03318508303282522,0.03448415479775232,0.023694658761826304,0.07272018401560369,0.19263052315565327,0.1856990974607909
walker2d-medium-v2,7.0,3,mpi4,1000000,/home/offrl/MPI_sweep/results/mpi4_norm/walker2d-medium-v2_tau7_mpi4_seed3/params_1000000.pkl,/home/offrl/MPI_sweep/sweep_results/diagnostics/hosts/offrl/target_policy_exposure/raw/walker2d-medium-v2/walker2d-medium-v2_tau7_mpi4_seed3_step1000000.npz,3d0b487a2f3ca4d8c797b589d95bbef6d4bb98f455ed99c27116cd94fef59106,4096,6,1.0,0.20000000298023224,0.5,64,0.0021565755208333335,0.16190973917643228,0.03376434832427449,0.02320782002520142,0.07272628384331861,0.17560248524579675,0.18375077775148188,0.06484070107859607,0.05492704970441882,0.10570320253488233,0.20819468378475936,0.25463837314630344,0.0009911788019247043,0.0004787112089464548,0.0019788819402872804,0.009290746973776475,0.03148299226447042,0.0342307668152535,0.02333292348597619,0.071886905310663,0.1803461388435124,0.1850155853306783
walker2d-medium-v2,10.0,0,mpi4,1000000,/home/offrl/MPI_sweep/results/mpi4_norm/walker2d-medium-v2_tau10_mpi4_seed0/params_1000000.pkl,/home/offrl/MPI_sweep/sweep_results/diagnostics/hosts/offrl/target_policy_exposure/raw/walker2d-medium-v2/walker2d-medium-v2_tau10_mpi4_seed0_step1000000.npz,3d0b487a2f3ca4d8c797b589d95bbef6d4bb98f455ed99c27116cd94fef59106,4096,6,1.0,0.20000000298023224,0.5,64,0.7156982421875,0.4242788950602214,0.5069615077444423,0.4458000201557297,0.928900254891848,1.503421926486045,0.7120122946582048,0.4663045387467499,0.4082229623994735,0.8671509752541009,1.410378097047827,0.6828649491273877,0.00028203483346113834,2.5364341740719e-05,0.0005476964191378405,0.004201326327046701,0.01679389274293302,0.5037493903754603,0.4328614726421923,0.9488202920444262,1.5147770059326244,0.7097530488666183
walker2d-medium-v2,10.0,1,mpi4,1000000,/home/offrl/MPI_sweep/results/mpi4_norm/walker2d-medium-v2_tau10_mpi4_seed1/params_1000000.pkl,/home/offrl/MPI_sweep/sweep_results/diagnostics/hosts/offrl/target_policy_exposure/raw/walker2d-medium-v2/walker2d-medium-v2_tau10_mpi4_seed1_step1000000.npz,3d0b487a2f3ca4d8c797b589d95bbef6d4bb98f455ed99c27116cd94fef59106,4096,6,1.0,0.20000000298023224,0.5,64,0.004435221354166667,0.1609986623128255,0.035457756865692226,0.024295069056734064,0.07465959384656647,0.19323737072312164,0.1883023018066753,0.06651171248392852,0.056186302308571724,0.10685657200492121,0.22538352387234248,0.2578986476969752,0.0013016960904531226,0.0008045695234318491,0.0026743289738864933,0.00852701019742502,0.03607902563059488,0.03612124473516809,0.024406713413479036,0.07533688163054346,0.20326082168232187,0.19005589897492814
walker2d-medium-v2,10.0,2,mpi4,1000000,/home/offrl/MPI_sweep/results/mpi4_norm/walker2d-medium-v2_tau10_mpi4_seed2/params_1000000.pkl,/home/offrl/MPI_sweep/sweep_results/diagnostics/hosts/offrl/target_policy_exposure/raw/walker2d-medium-v2/walker2d-medium-v2_tau10_mpi4_seed2_step1000000.npz,3d0b487a2f3ca4d8c797b589d95bbef6d4bb98f455ed99c27116cd94fef59106,4096,6,1.0,0.20000000298023224,0.5,64,0.004638671875,0.1622295379638672,0.03553688710559902,0.024307301559019834,0.07617589812919807,0.18224583383998869,0.188512299613577,0.06649951905095536,0.0560267299935637,0.1091903805488898,0.21936526263013462,0.2578750066426666,0.001169357012449654,0.0005689309823537769,0.002285620472603019,0.01122846676438106,0.034195862504836076,0.03653550031238799,0.024874415389300943,0.07737403161763723,0.2028280262849879,0.19114261772924424
walker2d-medium-v2,10.0,3,mpi4,1000000,/home/offrl/MPI_sweep/results/mpi4_norm/walker2d-medium-v2_tau10_mpi4_seed3/params_1000000.pkl,/home/offrl/MPI_sweep/sweep_results/diagnostics/hosts/offrl/target_policy_exposure/raw/walker2d-medium-v2/walker2d-medium-v2_tau10_mpi4_seed3_step1000000.npz,3d0b487a2f3ca4d8c797b589d95bbef6d4bb98f455ed99c27116cd94fef59106,4096,6,1.0,0.20000000298023224,0.5,64,0.0029703776041666665,0.16219329833984375,0.035041498814215866,0.02420507862808563,0.07498895679115473,0.18705877737409293,0.18719374672839867,0.06599857409096617,0.055892187333352834,0.1068077138595927,0.22070549350790142,0.25690187638662,0.0009952585820622484,0.0005770035152229032,0.0018900015694877463,0.009075973885944208,0.031547719126146796,0.035616529899382326,0.024277629762089248,0.0736768485257926,0.18307720572702282,0.18872342170324893
walker2d-medium-v2,14.0,0,mpi4,1000000,/home/offrl/MPI_sweep/results/mpi4_norm/walker2d-medium-v2_tau14_mpi4_seed0/params_1000000.pkl,/home/offrl/MPI_sweep/sweep_results/diagnostics/hosts/offrl/target_policy_exposure/raw/walker2d-medium-v2/walker2d-medium-v2_tau14_mpi4_seed0_step1000000.npz,3d0b487a2f3ca4d8c797b589d95bbef6d4bb98f455ed99c27116cd94fef59106,4096,6,1.0,0.20000000298023224,0.5,64,0.841796875,0.4488474527994792,0.5785519402333206,0.5323169415684486,1.0251357099241432,1.5786450055248382,0.7606260186407776,0.5268973715763631,0.4802786593563959,0.9527105190079574,1.4474862572324039,0.7258769672446999,0.0010542494700354719,7.394020940409973e-05,0.0007134968570123116,0.0068170240769783895,0.0324692080290769,0.5766550953541171,0.52358639101476,1.0298740426078439,1.5378978543267299,0.7593780977577093
walker2d-medium-v2,14.0,1,mpi4,1000000,/home/offrl/MPI_sweep/results/mpi4_norm/walker2d-medium-v2_tau14_mpi4_seed1/params_1000000.pkl,/home/offrl/MPI_sweep/sweep_results/diagnostics/hosts/offrl/target_policy_exposure/raw/walker2d-medium-v2/walker2d-medium-v2_tau14_mpi4_seed1_step1000000.npz,3d0b487a2f3ca4d8c797b589d95bbef6d4bb98f455ed99c27116cd94fef59106,4096,6,1.0,0.20000000298023224,0.5,64,0.0032958984375,0.15915362040201822,0.037671529807812895,0.025692608698591357,0.0785075121960593,0.2134488136361446,0.1940915500680359,0.06874682986973954,0.05767520253884485,0.11158686855214783,0.24562818075874657,0.262196166771636,0.0010804527133205571,0.0006130810339755044,0.002181531974504954,0.007946569135542385,0.03287024054248093,0.03801349301429026,0.025731165367763726,0.08063149535640454,0.21580429542445942,0.19497049267591818
walker2d-medium-v2,14.0,2,mpi4,1000000,/home/offrl/MPI_sweep/results/mpi4_norm/walker2d-medium-v2_tau14_mpi4_seed2/params_1000000.pkl,/home/offrl/MPI_sweep/sweep_results/diagnostics/hosts/offrl/target_policy_exposure/raw/walker2d-medium-v2/walker2d-medium-v2_tau14_mpi4_seed2_step1000000.npz,3d0b487a2f3ca4d8c797b589d95bbef6d4bb98f455ed99c27116cd94fef59106,4096,6,1.0,0.20000000298023224,0.5,64,0.0013427734375,0.15723482767740884,0.038167684981962824,0.02553048783132302,0.08128592379701635,0.20821298170837493,0.19536551635834515,0.06938899349596528,0.05750042303653127,0.11197388671916109,0.2475032358247878,0.26341790655907443,0.0009206883131510624,0.0003586955668077133,0.0016605625294484245,0.010997564260197636,0.030342846161015655,0.03777027127402791,0.025375055696107058,0.07947755450732075,0.21644058976829317,0.19434575188057987
walker2d-medium-v2,14.0,3,mpi4,1000000,/home/offrl/MPI_sweep/results/mpi4_norm/walker2d-medium-v2_tau14_mpi4_seed3/params_1000000.pkl,/home/offrl/MPI_sweep/sweep_results/diagnostics/hosts/offrl/target_policy_exposure/raw/walker2d-medium-v2/walker2d-medium-v2_tau14_mpi4_seed3_step1000000.npz,3d0b487a2f3ca4d8c797b589d95bbef6d4bb98f455ed99c27116cd94fef59106,4096,6,1.0,0.20000000298023224,0.5,64,0.007039388020833333,0.15853945414225262,0.038698330533945946,0.026042691963695574,0.07959768477303442,0.21624967204988962,0.19671891249685666,0.06977718506388267,0.05804365561964875,0.1126083824871263,0.25216883987920374,0.2641537148402094,0.0009177803821920876,0.0005436307649624439,0.001730252469618184,0.007652601216053751,0.03029489036441769,0.038564659065644595,0.025782974184645962,0.0809517796030074,0.21702808770880178,0.1963788661379951
walker2d-medium-v2,20.0,0,mpi4,1000000,/home/offrl/MPI_sweep/results/mpi4_norm/walker2d-medium-v2_tau20_mpi4_seed0/params_1000000.pkl,/home/offrl/MPI_sweep/sweep_results/diagnostics/hosts/offrl/target_policy_exposure/raw/walker2d-medium-v2/walker2d-medium-v2_tau20_mpi4_seed0_step1000000.npz,3d0b487a2f3ca4d8c797b589d95bbef6d4bb98f455ed99c27116cd94fef59106,4096,6,1.0,0.20000000298023224,0.5,64,0.9373372395833334,0.481781005859375,0.7373640028026703,0.6546604587929323,1.321130148911228,1.9325289862622133,0.858699017585714,0.6655065134748333,0.5890704761756919,1.2047536232371767,1.7813309974483311,0.8157858257378791,0.0004843274115948552,0.0,0.0003195495907372485,0.0029330130928732017,0.022007439914602862,0.7291481274207129,0.6376353394801603,1.3187256776473077,1.9409437901045756,0.8539017082900776
walker2d-medium-v2,20.0,1,mpi4,1000000,/home/offrl/MPI_sweep/results/mpi4_norm/walker2d-medium-v2_tau20_mpi4_seed1/params_1000000.pkl,/home/offrl/MPI_sweep/sweep_results/diagnostics/hosts/offrl/target_policy_exposure/raw/walker2d-medium-v2/walker2d-medium-v2_tau20_mpi4_seed1_step1000000.npz,3d0b487a2f3ca4d8c797b589d95bbef6d4bb98f455ed99c27116cd94fef59106,4096,6,1.0,0.20000000298023224,0.5,64,0.008951822916666666,0.16053199768066406,0.043527668554104726,0.028876466531073675,0.0922086996458044,0.25634126015220354,0.20863285588349867,0.07421458564267927,0.0604177087354095,0.12334562329416884,0.2834423605319506,0.27242354091135235,0.0013166905407477187,0.0008030472125239996,0.0026623409377085254,0.008969193069424454,0.036286230732162285,0.04376016609318056,0.029198568285210058,0.09271010528588401,0.23825515186654264,0.20918930683278378
walker2d-medium-v2,20.0,2,mpi4,1000000,/home/offrl/MPI_sweep/results/mpi4_norm/walker2d-medium-v2_tau20_mpi4_seed2/params_1000000.pkl,/home/offrl/MPI_sweep/sweep_results/diagnostics/hosts/offrl/target_policy_exposure/raw/walker2d-medium-v2/walker2d-medium-v2_tau20_mpi4_seed2_step1000000.npz,3d0b487a2f3ca4d8c797b589d95bbef6d4bb98f455ed99c27116cd94fef59106,4096,6,1.0,0.20000000298023224,0.5,64,0.14424641927083334,0.19407335917154947,0.20176557417587776,0.17855391922739727,0.3452028093549112,0.5468270453702039,0.449183230069732,0.2218716819252507,0.2005699932467209,0.35961961942063136,0.5554309214632428,0.47103256991979936,0.0007891423607682809,0.00031421484410643075,0.0013635940773566446,0.010702817018569745,0.028091677784857935,0.1997826815590525,0.1782960947797013,0.3458478830580134,0.5624848063065054,0.44697056005854846
walker2d-medium-v2,20.0,3,mpi4,1000000,/home/offrl/MPI_sweep/results/mpi4_norm/walker2d-medium-v2_tau20_mpi4_seed3/params_1000000.pkl,/home/offrl/MPI_sweep/sweep_results/diagnostics/hosts/offrl/target_policy_exposure/raw/walker2d-medium-v2/walker2d-medium-v2_tau20_mpi4_seed3_step1000000.npz,3d0b487a2f3ca4d8c797b589d95bbef6d4bb98f455ed99c27116cd94fef59106,4096,6,1.0,0.20000000298023224,0.5,64,0.9379475911458334,0.4852015177408854,0.7257435661714393,0.6501369202493757,1.3019925714858496,1.9233885547530631,0.8519058434894312,0.6550525240413458,0.585378668297913,1.1862483342906422,1.7860321938792771,0.8093531516225447,0.0008352048541506725,0.0,0.00012412178330123425,0.0043940198255465355,0.028899910971327793,0.7176028143994214,0.633555843194093,1.303404814718912,1.937518861494149,0.8471144045519599
walker2d-medium-replay-v2,4.0,0,mpi4,1000000,/home/offrl/MPI_sweep/results/mpi4_norm/walker2d-medium-replay-v2_tau4_mpi4_seed0/params_1000000.pkl,/home/offrl/MPI_sweep/sweep_results/diagnostics/hosts/offrl/target_policy_exposure/raw/walker2d-medium-replay-v2/walker2d-medium-replay-v2_tau4_mpi4_seed0_step1000000.npz,bf4d940f07284fc988326147b8083bf24693e817182c57617bc30f28f114c452,4096,6,1.0,0.20000000298023224,0.5,64,0.0,0.1189117431640625,0.10677613709456929,0.06846526823270929,0.24308391123001152,0.5790482651175516,0.3267661810753513,0.13942775398214902,0.10094707545879571,0.2790292663639823,0.6123492634690035,0.3734002597510465,0.0035117992120448777,0.002277675663738895,0.00773800917169402,0.019642590751330638,0.05926043546958525,0.1087175159090916,0.07015022744174834,0.24622787843443916,0.5788308026858432,0.3297233930267787
walker2d-medium-replay-v2,4.0,1,mpi4,1000000,/home/offrl/MPI_sweep/results/mpi4_norm/walker2d-medium-replay-v2_tau4_mpi4_seed1/params_1000000.pkl,/home/offrl/MPI_sweep/sweep_results/diagnostics/hosts/offrl/target_policy_exposure/raw/walker2d-medium-replay-v2/walker2d-medium-replay-v2_tau4_mpi4_seed1_step1000000.npz,bf4d940f07284fc988326147b8083bf24693e817182c57617bc30f28f114c452,4096,6,1.0,0.20000000298023224,0.5,64,0.0,0.11780802408854167,0.10679427310218441,0.06932894841762997,0.2453837306238711,0.5613773878840831,0.3267939306385362,0.1394918008424495,0.1023183788198411,0.2826377253325285,0.5941998352066463,0.3734860115753326,0.002608153530791347,0.0015212159464397246,0.0055034620001303365,0.018663418302063903,0.05107008449955166,0.107297677325537,0.06875297351969559,0.24721422698833825,0.5738453613380746,0.3275632417191175
walker2d-medium-replay-v2,4.0,2,mpi4,1000000,/home/offrl/MPI_sweep/results/mpi4_norm/walker2d-medium-replay-v2_tau4_mpi4_seed2/params_1000000.pkl,/home/offrl/MPI_sweep/sweep_results/diagnostics/hosts/offrl/target_policy_exposure/raw/walker2d-medium-replay-v2/walker2d-medium-replay-v2_tau4_mpi4_seed2_step1000000.npz,bf4d940f07284fc988326147b8083bf24693e817182c57617bc30f28f114c452,4096,6,1.0,0.20000000298023224,0.5,64,0.0,0.12000401814778645,0.10677351707410367,0.06792092820345155,0.23884319512747726,0.5976814466894819,0.32676217203664143,0.13929950295703175,0.10068960723840813,0.27251309583973604,0.6298515744348795,0.37322848626147465,0.0024761785756557434,0.0014482452400036059,0.005437601281300886,0.016708355135657865,0.049761215576548605,0.10705027179376428,0.07022631541349256,0.24701081833336502,0.538334488986099,0.32718537833125166
walker2d-medium-replay-v2,4.0,3,mpi4,1000000,/home/offrl/MPI_sweep/results/mpi4_norm/walker2d-medium-replay-v2_tau4_mpi4_seed3/params_1000000.pkl,/home/offrl/MPI_sweep/sweep_results/diagnostics/hosts/offrl/target_policy_exposure/raw/walker2d-medium-replay-v2/walker2d-medium-replay-v2_tau4_mpi4_seed3_step1000000.npz,bf4d940f07284fc988326147b8083bf24693e817182c57617bc30f28f114c452,4096,6,1.0,0.20000000298023224,0.5,64,4.0690104166666664e-05,0.11802482604980469,0.10597765683015772,0.06689195140885809,0.24074855252789956,0.5757002114968297,0.32554209686330543,0.13865092693061448,0.10090334235437157,0.2754327175641128,0.6050805920999078,0.3723585999149402,0.0031441455428125142,0.0020751340417133335,0.006823348423435091,0.018017775091409498,0.05607268089553517,0.10870775204723315,0.06906226162391249,0.2499687354817676,0.5687137102252263,0.3297085865536916
walker2d-medium-replay-v2,7.0,0,mpi4,1000000,/home/offrl/MPI_sweep/results/mpi4_norm/walker2d-medium-replay-v2_tau7_mpi4_seed0/params_1000000.pkl,/home/offrl/MPI_sweep/sweep_results/diagnostics/hosts/offrl/target_policy_exposure/raw/walker2d-medium-replay-v2/walker2d-medium-replay-v2_tau7_mpi4_seed0_step1000000.npz,bf4d940f07284fc988326147b8083bf24693e817182c57617bc30f28f114c452,4096,6,1.0,0.20000000298023224,0.5,64,0.0001220703125,0.11842981974283853,0.11351024957164155,0.07220701698634002,0.25453897193074226,0.644722635174973,0.336912821916355,0.14584505565049835,0.10469143459654023,0.2927044477720385,0.6700299887854312,0.3818966557204951,0.002841813850790026,0.001881497279723495,0.006081804982841277,0.016283205464272577,0.05330866581326179,0.11419191820160716,0.0722580314904917,0.2561919876122071,0.6074798898544106,0.3379229471367802
walker2d-medium-replay-v2,7.0,1,mpi4,1000000,/home/offrl/MPI_sweep/results/mpi4_norm/walker2d-medium-replay-v2_tau7_mpi4_seed1/params_1000000.pkl,/home/offrl/MPI_sweep/sweep_results/diagnostics/hosts/offrl/target_policy_exposure/raw/walker2d-medium-replay-v2/walker2d-medium-replay-v2_tau7_mpi4_seed1_step1000000.npz,bf4d940f07284fc988326147b8083bf24693e817182c57617bc30f28f114c452,4096,6,1.0,0.20000000298023224,0.5,64,8.138020833333333e-05,0.11996142069498697,0.11304890799421638,0.07162546981332221,0.25552423096572363,0.6413273967201051,0.33622746466375464,0.14543165803564623,0.10467837003456587,0.2901341123278902,0.6599908764786012,0.3813550288584723,0.0032395977805945147,0.00200436926176432,0.006857669083679832,0.01869300441622773,0.05691746463603693,0.11343276370725264,0.07326749336061766,0.2632065084277807,0.5851097668318352,0.3367978083468665
walker2d-medium-replay-v2,7.0,2,mpi4,1000000,/home/offrl/MPI_sweep/results/mpi4_norm/walker2d-medium-replay-v2_tau7_mpi4_seed2/params_1000000.pkl,/home/offrl/MPI_sweep/sweep_results/diagnostics/hosts/offrl/target_policy_exposure/raw/walker2d-medium-replay-v2/walker2d-medium-replay-v2_tau7_mpi4_seed2_step1000000.npz,bf4d940f07284fc988326147b8083bf24693e817182c57617bc30f28f114c452,4096,6,1.0,0.20000000298023224,0.5,64,4.0690104166666664e-05,0.12050183614095053,0.1129365582189154,0.07158048605955022,0.2521466842784624,0.6334155027977737,0.33606034907277504,0.14523831990278266,0.10393947459046665,0.28803073893805015,0.6647443581818231,0.38110145618034924,0.0029955401784523064,0.0014718918211666931,0.006539209686498756,0.025192424431543275,0.05473152819401544,0.11462615822937217,0.07279057731352623,0.26272916856881545,0.6077365291615329,0.3385648508474738
walker2d-medium-replay-v2,7.0,3,mpi4,1000000,/home/offrl/MPI_sweep/results/mpi4_norm/walker2d-medium-replay-v2_tau7_mpi4_seed3/params_1000000.pkl,/home/offrl/MPI_sweep/sweep_results/diagnostics/hosts/offrl/target_policy_exposure/raw/walker2d-medium-replay-v2/walker2d-medium-replay-v2_tau7_mpi4_seed3_step1000000.npz,bf4d940f07284fc988326147b8083bf24693e817182c57617bc30f28f114c452,4096,6,1.0,0.20000000298023224,0.5,64,0.0,0.11775398254394531,0.11322779293093951,0.07407115063203187,0.2605391348867367,0.6259923531576838,0.33649337724677364,0.14578140130377826,0.10634850198873974,0.29369847605595084,0.6547469595572608,0.3818133068710129,0.0031940281036467576,0.0020311711748991117,0.006946753499202411,0.019856234762119195,0.056515733239928485,0.11361480789751513,0.07507097884930167,0.25804347405050976,0.601972926803865,0.3370679573876982
walker2d-medium-replay-v2,10.0,0,mpi4,1000000,/home/offrl/MPI_sweep/results/mpi4_norm/walker2d-medium-replay-v2_tau10_mpi4_seed0/params_1000000.pkl,/home/offrl/MPI_sweep/sweep_results/diagnostics/hosts/offrl/target_policy_exposure/raw/walker2d-medium-replay-v2/walker2d-medium-replay-v2_tau10_mpi4_seed0_step1000000.npz,bf4d940f07284fc988326147b8083bf24693e817182c57617bc30f28f114c452,4096,6,1.0,0.20000000298023224,0.5,64,0.0,0.1193854014078776,0.119466403630694,0.07577827527317518,0.26710399537190216,0.6626771231131827,0.34563912340864134,0.1517084254390207,0.10863645139048271,0.30285842656835366,0.6884124260285379,0.3894976578094157,0.003500533393712698,0.0022376923031212454,0.007616061012564993,0.020375861416747926,0.05916530565891381,0.11870325229512883,0.07716819286795959,0.27304676626469393,0.6127359905105556,0.3445333834262347
walker2d-medium-replay-v2,10.0,1,mpi4,1000000,/home/offrl/MPI_sweep/results/mpi4_norm/walker2d-medium-replay-v2_tau10_mpi4_seed1/params_1000000.pkl,/home/offrl/MPI_sweep/sweep_results/diagnostics/hosts/offrl/target_policy_exposure/raw/walker2d-medium-replay-v2/walker2d-medium-replay-v2_tau10_mpi4_seed1_step1000000.npz,bf4d940f07284fc988326147b8083bf24693e817182c57617bc30f28f114c452,4096,6,1.0,0.20000000298023224,0.5,64,0.0,0.11858812967936198,0.118736148009938,0.07733994119704826,0.26510439545381814,0.6345979520546603,0.3445811196364914,0.15090601444996166,0.11040189033902795,0.2993816108501619,0.6615860226651868,0.3884662333459134,0.0032627962382141356,0.001904071963899412,0.006937412537647939,0.022646553892021384,0.057120891433994056,0.12138800334559545,0.07734625376421414,0.27963298088676913,0.6312661104546624,0.34840781183204755
walker2d-medium-replay-v2,10.0,2,mpi4,1000000,/home/offrl/MPI_sweep/results/mpi4_norm/walker2d-medium-replay-v2_tau10_mpi4_seed2/params_1000000.pkl,/home/offrl/MPI_sweep/sweep_results/diagnostics/hosts/offrl/target_policy_exposure/raw/walker2d-medium-replay-v2/walker2d-medium-replay-v2_tau10_mpi4_seed2_step1000000.npz,bf4d940f07284fc988326147b8083bf24693e817182c57617bc30f28f114c452,4096,6,1.0,0.20000000298023224,0.5,64,0.0,0.12192026774088541,0.12131611219745896,0.07595936986551047,0.27995287245721556,0.6612972628043894,0.3483046255757436,0.1532020794589928,0.10846047153990865,0.3129088410636144,0.6894601023584934,0.3914103721913777,0.0023143333362611535,0.0012613760532502738,0.004895213489741461,0.01770654765975297,0.04810751850034622,0.12009752117907435,0.07666920247720554,0.2825981371182328,0.6376013052067723,0.3465508926248414
walker2d-medium-replay-v2,10.0,3,mpi4,1000000,/home/offrl/MPI_sweep/results/mpi4_norm/walker2d-medium-replay-v2_tau10_mpi4_seed3/params_1000000.pkl,/home/offrl/MPI_sweep/sweep_results/diagnostics/hosts/offrl/target_policy_exposure/raw/walker2d-medium-replay-v2/walker2d-medium-replay-v2_tau10_mpi4_seed3_step1000000.npz,bf4d940f07284fc988326147b8083bf24693e817182c57617bc30f28f114c452,4096,6,1.0,0.20000000298023224,0.5,64,0.0,0.12052090962727866,0.12029006761739752,0.0763877375999679,0.269350956271713,0.6470902624850491,0.34682858535218447,0.15223981690709656,0.10954918685834958,0.304946361089508,0.6944575602318941,0.39017921126976585,0.0029686867258528777,0.0017348180193342464,0.006742391175388699,0.019108105250418676,0.05448565614776863,0.11875281257454529,0.07732299017038713,0.26954736063877743,0.6265809946829303,0.3446052996901604
walker2d-medium-replay-v2,14.0,0,mpi4,1000000,/home/offrl/MPI_sweep/results/mpi4_norm/walker2d-medium-replay-v2_tau14_mpi4_seed0/params_1000000.pkl,/home/offrl/MPI_sweep/sweep_results/diagnostics/hosts/offrl/target_policy_exposure/raw/walker2d-medium-replay-v2/walker2d-medium-replay-v2_tau14_mpi4_seed0_step1000000.npz,bf4d940f07284fc988326147b8083bf24693e817182c57617bc30f28f114c452,4096,6,1.0,0.20000000298023224,0.5,64,8.138020833333333e-05,0.11911837259928386,0.13014398312881392,0.08227596063443343,0.29271640349179506,0.7081407224992299,0.3607547409651243,0.16193169103064775,0.11646671477409656,0.3230736064955181,0.73898409680551,0.4024073695034023,0.0031369971161968875,0.0019455822067394972,0.006653760112513396,0.020632613073784684,0.056008902115618084,0.12959967913587045,0.08418865521599628,0.2979193281692763,0.6526495211311466,0.3599995543550998
walker2d-medium-replay-v2,14.0,1,mpi4,1000000,/home/offrl/MPI_sweep/results/mpi4_norm/walker2d-medium-replay-v2_tau14_mpi4_seed1/params_1000000.pkl,/home/offrl/MPI_sweep/sweep_results/diagnostics/hosts/offrl/target_policy_exposure/raw/walker2d-medium-replay-v2/walker2d-medium-replay-v2_tau14_mpi4_seed1_step1000000.npz,bf4d940f07284fc988326147b8083bf24693e817182c57617bc30f28f114c452,4096,6,1.0,0.20000000298023224,0.5,64,0.00016276041666666666,0.12427647908528645,0.12849688650557528,0.08266148108911389,0.2870759110484755,0.7273005420730053,0.3584646237853539,0.15985062352373838,0.11548545933626371,0.32205706825176017,0.7371486838230314,0.3998132358035916,0.0032530626092174804,0.0019173798109477502,0.00691552315009029,0.02260578509647233,0.057035625789654314,0.1288370313645662,0.08376528628453647,0.2901259512054821,0.6481172655341654,0.35893875712239015
walker2d-medium-replay-v2,14.0,2,mpi4,1000000,/home/offrl/MPI_sweep/results/mpi4_norm/walker2d-medium-replay-v2_tau14_mpi4_seed2/params_1000000.pkl,/home/offrl/MPI_sweep/sweep_results/diagnostics/hosts/offrl/target_policy_exposure/raw/walker2d-medium-replay-v2/walker2d-medium-replay-v2_tau14_mpi4_seed2_step1000000.npz,bf4d940f07284fc988326147b8083bf24693e817182c57617bc30f28f114c452,4096,6,1.0,0.20000000298023224,0.5,64,0.0002848307291666667,0.12237612406412761,0.13075483067874144,0.08272691836464219,0.3017499099757212,0.6953430629024904,0.36160037427903946,0.1623976902676897,0.11609431088908712,0.33406275173650013,0.7254212410551439,0.40298596782976165,0.004716451065321862,0.0026592085509096934,0.010628063053507239,0.02987253388015767,0.06867642292171208,0.1333129496759154,0.08377446176746162,0.30764374786425225,0.6941991920582951,0.36512045913084
walker2d-medium-replay-v2,14.0,3,mpi4,1000000,/home/offrl/MPI_sweep/results/mpi4_norm/walker2d-medium-replay-v2_tau14_mpi4_seed3/params_1000000.pkl,/home/offrl/MPI_sweep/sweep_results/diagnostics/hosts/offrl/target_policy_exposure/raw/walker2d-medium-replay-v2/walker2d-medium-replay-v2_tau14_mpi4_seed3_step1000000.npz,bf4d940f07284fc988326147b8083bf24693e817182c57617bc30f28f114c452,4096,6,1.0,0.20000000298023224,0.5,64,8.138020833333333e-05,0.11860211690266928,0.12918401334077384,0.08345060168843096,0.2967189993808764,0.6965780580416329,0.35942177638642575,0.1611882402161808,0.11540716750566285,0.32749976463974173,0.7160566521786541,0.4014825528166583,0.00320119986859728,0.0017844968688036644,0.007363395724297561,0.02078103484326452,0.05657914694122986,0.12726520835826372,0.08365325234626653,0.2878222133428305,0.634472188105187,0.3567424958681874
walker2d-medium-replay-v2,20.0,0,mpi4,1000000,/home/offrl/MPI_sweep/results/mpi4_norm/walker2d-medium-replay-v2_tau20_mpi4_seed0/params_1000000.pkl,/home/offrl/MPI_sweep/sweep_results/diagnostics/hosts/offrl/target_policy_exposure/raw/walker2d-medium-replay-v2/walker2d-medium-replay-v2_tau20_mpi4_seed0_step1000000.npz,bf4d940f07284fc988326147b8083bf24693e817182c57617bc30f28f114c452,4096,6,1.0,0.20000000298023224,0.5,64,0.0001220703125,0.12656148274739584,0.14550523906433355,0.09299159421061631,0.3311678924364969,0.7711273257775861,0.38145148979173427,0.17624671300199377,0.12416341104494469,0.36016266946607145,0.7893533488163496,0.4198174758177579,0.003252424597460139,0.001874776707457689,0.007228095591623665,0.022464499039354758,0.05703003241679018,0.14437542168469436,0.09263742356294338,0.33543523540720344,0.6962335413913646,0.3799676587351802
walker2d-medium-replay-v2,20.0,1,mpi4,1000000,/home/offrl/MPI_sweep/results/mpi4_norm/walker2d-medium-replay-v2_tau20_mpi4_seed1/params_1000000.pkl,/home/offrl/MPI_sweep/sweep_results/diagnostics/hosts/offrl/target_policy_exposure/raw/walker2d-medium-replay-v2/walker2d-medium-replay-v2_tau20_mpi4_seed1_step1000000.npz,bf4d940f07284fc988326147b8083bf24693e817182c57617bc30f28f114c452,4096,6,1.0,0.20000000298023224,0.5,64,0.00020345052083333334,0.12227249145507812,0.1512597087276899,0.09661618336516162,0.34117977870240185,0.7967093470681,0.3889212114653685,0.18230507360887338,0.12898673023141044,0.37117621875445794,0.8191851254818802,0.4269719822293652,0.0033457736450779292,0.0019751919776448785,0.007076670754031511,0.02419127862406943,0.05784266284567066,0.14983599242414886,0.09659153671236709,0.34488855756353587,0.7960191168896321,0.3870865438427805
walker2d-medium-replay-v2,20.0,2,mpi4,1000000,/home/offrl/MPI_sweep/results/mpi4_norm/walker2d-medium-replay-v2_tau20_mpi4_seed2/params_1000000.pkl,/home/offrl/MPI_sweep/sweep_results/diagnostics/hosts/offrl/target_policy_exposure/raw/walker2d-medium-replay-v2/walker2d-medium-replay-v2_tau20_mpi4_seed2_step1000000.npz,bf4d940f07284fc988326147b8083bf24693e817182c57617bc30f28f114c452,4096,6,1.0,0.20000000298023224,0.5,64,0.0001220703125,0.11920547485351562,0.18209376285731216,0.12871551950229332,0.4006426404885133,0.8431828405249847,0.4267244577679046,0.2123007415811406,0.15891109778220266,0.42861999735036393,0.853580184175746,0.4607610460760985,0.0031308040908278353,0.001834558350547392,0.006611935562748528,0.02134831016347933,0.05595358872161673,0.18748387399833066,0.13356791286302422,0.4070638476187014,0.8991504529710559,0.43299408078902263
walker2d-medium-replay-v2,20.0,3,mpi4,1000000,/home/offrl/MPI_sweep/results/mpi4_norm/walker2d-medium-replay-v2_tau20_mpi4_seed3/params_1000000.pkl,/home/offrl/MPI_sweep/sweep_results/diagnostics/hosts/offrl/target_policy_exposure/raw/walker2d-medium-replay-v2/walker2d-medium-replay-v2_tau20_mpi4_seed3_step1000000.npz,bf4d940f07284fc988326147b8083bf24693e817182c57617bc30f28f114c452,4096,6,1.0,0.20000000298023224,0.5,64,4.0690104166666664e-05,0.1240704854329427,0.14710996606520232,0.0951109424495371,0.33441085524100345,0.7967872371198611,0.3835491703356981,0.17811502245703803,0.12717091292260696,0.3691386387593726,0.7973599422775054,0.42203675486506864,0.0035668266983708437,0.0021914611329195326,0.007884826009709892,0.024003877290570682,0.05972291602367423,0.14890522055932987,0.09707572044630078,0.3361965815662794,0.7600025083714498,0.3858823921343521
walker2d-expert-v2,4.0,0,mpi4,1000000,/home/offrl/MPI_sweep/results/mpi4_norm/walker2d-expert-v2_tau4_mpi4_seed0/params_1000000.pkl,/home/offrl/MPI_sweep/sweep_results/diagnostics/hosts/offrl/target_policy_exposure/raw/walker2d-expert-v2/walker2d-expert-v2_tau4_mpi4_seed0_step1000000.npz,213371658b997465211176f149d9825ff276af25584b02e2c7e127e9f975c547,4096,6,1.0,0.20000000298023224,0.5,64,0.0,0.15727170308430988,0.024932459614275527,0.017932446283036068,0.05155999083945062,0.11279580884620381,0.15790015710655744,0.05621875535393714,0.04991752245212672,0.08503685224803714,0.14975072286872004,0.23710494586561695,0.0003671124657215817,0.0002035902190110998,0.0008158853766483769,0.002800390418228321,0.019160179167262023,0.024710699252621066,0.01818392806065579,0.050561224625819065,0.11759606696335453,0.15719637162676836
walker2d-expert-v2,4.0,1,mpi4,1000000,/home/offrl/MPI_sweep/results/mpi4_norm/walker2d-expert-v2_tau4_mpi4_seed1/params_1000000.pkl,/home/offrl/MPI_sweep/sweep_results/diagnostics/hosts/offrl/target_policy_exposure/raw/walker2d-expert-v2/walker2d-expert-v2_tau4_mpi4_seed1_step1000000.npz,213371658b997465211176f149d9825ff276af25584b02e2c7e127e9f975c547,4096,6,1.0,0.20000000298023224,0.5,64,0.0,0.15671094258626303,0.024973468873052705,0.018259852265752365,0.051579933333414374,0.11207061035699255,0.15802996194726082,0.05630539805647515,0.050003717952895675,0.08483123066585194,0.14803602336029492,0.2372875851292586,0.0004370799046195706,0.00028220849848518503,0.0009221693579706998,0.0023990523758923195,0.020906456051171623,0.024789454240299616,0.018290916489907737,0.05160185909092736,0.11402070589366166,0.1574466710994539
walker2d-expert-v2,4.0,2,mpi4,1000000,/home/offrl/MPI_sweep/results/mpi4_norm/walker2d-expert-v2_tau4_mpi4_seed2/params_1000000.pkl,/home/offrl/MPI_sweep/sweep_results/diagnostics/hosts/offrl/target_policy_exposure/raw/walker2d-expert-v2/walker2d-expert-v2_tau4_mpi4_seed2_step1000000.npz,213371658b997465211176f149d9825ff276af25584b02e2c7e127e9f975c547,4096,6,1.0,0.20000000298023224,0.5,64,0.0,0.15681902567545572,0.024684679502688323,0.018088357903858803,0.05120810932006255,0.10914006776612653,0.1571135878996095,0.05601673354778847,0.04997016311507449,0.08550815086524702,0.14511956727881362,0.23667854475593783,0.0005676713387541804,0.0003652846801477002,0.0012423192468039208,0.0026875508386371657,0.023825854418135364,0.024924919954042096,0.018375230319710077,0.052188382083841134,0.1138594566882604,0.15787628053017366
walker2d-expert-v2,4.0,3,mpi4,1000000,/home/offrl/MPI_sweep/results/mpi4_norm/walker2d-expert-v2_tau4_mpi4_seed3/params_1000000.pkl,/home/offrl/MPI_sweep/sweep_results/diagnostics/hosts/offrl/target_policy_exposure/raw/walker2d-expert-v2/walker2d-expert-v2_tau4_mpi4_seed3_step1000000.npz,213371658b997465211176f149d9825ff276af25584b02e2c7e127e9f975c547,4096,6,1.0,0.20000000298023224,0.5,64,0.0,0.157101313273112,0.024831462338304792,0.018077066720934454,0.051060618832707405,0.11336061725451173,0.15758001884218947,0.056157101708795426,0.05008459442009656,0.08533022434197901,0.14882078243440033,0.2369748967903466,0.0005305172769226649,0.000342919168891361,0.0011082091863651538,0.002998967351368267,0.023032960663420258,0.024925379164035685,0.018231757242498738,0.05181743470651175,0.11970796656193386,0.15787773485845205
walker2d-expert-v2,7.0,0,mpi4,1000000,/home/offrl/MPI_sweep/results/mpi4_norm/walker2d-expert-v2_tau7_mpi4_seed0/params_1000000.pkl,/home/offrl/MPI_sweep/sweep_results/diagnostics/hosts/offrl/target_policy_exposure/raw/walker2d-expert-v2/walker2d-expert-v2_tau7_mpi4_seed0_step1000000.npz,213371658b997465211176f149d9825ff276af25584b02e2c7e127e9f975c547,4096,6,1.0,0.20000000298023224,0.5,64,0.0,0.15826416015625,0.025011917607293422,0.01839626088136962,0.051745138730135906,0.10985416982941093,0.15815156530143298,0.056212073615698785,0.05019491103746509,0.08552430266435468,0.14810207964900227,0.23709085519205245,0.00041127932645491883,0.00020901037689213808,0.0008168306747743752,0.0032082532537060717,0.020280022841577837,0.024913577294955143,0.018620861336482147,0.052409464343895706,0.11652608677267542,0.15784035382295347
walker2d-expert-v2,7.0,1,mpi4,1000000,/home/offrl/MPI_sweep/results/mpi4_norm/walker2d-expert-v2_tau7_mpi4_seed1/params_1000000.pkl,/home/offrl/MPI_sweep/sweep_results/diagnostics/hosts/offrl/target_policy_exposure/raw/walker2d-expert-v2/walker2d-expert-v2_tau7_mpi4_seed1_step1000000.npz,213371658b997465211176f149d9825ff276af25584b02e2c7e127e9f975c547,4096,6,1.0,0.20000000298023224,0.5,64,0.0,0.1584351857503255,0.025068390083396265,0.01838962904488047,0.051744762801414865,0.11317995422286917,0.15833000373711947,0.056247438370738895,0.05016665771396467,0.08496375070545344,0.14521997704278883,0.23716542406248617,0.0004238006434394313,0.0002873648561519578,0.0008529550352574707,0.002532736990027245,0.020586418907605843,0.024942971679088134,0.018384585450500403,0.05075534419072033,0.11472190137768265,0.15793344066121062
walker2d-expert-v2,7.0,2,mpi4,1000000,/home/offrl/MPI_sweep/results/mpi4_norm/walker2d-expert-v2_tau7_mpi4_seed2/params_1000000.pkl,/home/offrl/MPI_sweep/sweep_results/diagnostics/hosts/offrl/target_policy_exposure/raw/walker2d-expert-v2/walker2d-expert-v2_tau7_mpi4_seed2_step1000000.npz,213371658b997465211176f149d9825ff276af25584b02e2c7e127e9f975c547,4096,6,1.0,0.20000000298023224,0.5,64,0.0,0.15857505798339844,0.024925464467040956,0.01818970444446677,0.05101752587749312,0.11056318122682793,0.1578780050134944,0.05608759271615448,0.05000005128469856,0.08489003335821856,0.1491269544187658,0.23682819240148434,0.0005235381979425974,0.0003265899788521172,0.001181615401051772,0.0028633983031589607,0.02288095710285296,0.025189232611525336,0.018606567164473137,0.05182798308063259,0.11745258449227561,0.1587111609545004
walker2d-expert-v2,7.0,3,mpi4,1000000,/home/offrl/MPI_sweep/results/mpi4_norm/walker2d-expert-v2_tau7_mpi4_seed3/params_1000000.pkl,/home/offrl/MPI_sweep/sweep_results/diagnostics/hosts/offrl/target_policy_exposure/raw/walker2d-expert-v2/walker2d-expert-v2_tau7_mpi4_seed3_step1000000.npz,213371658b997465211176f149d9825ff276af25584b02e2c7e127e9f975c547,4096,6,1.0,0.20000000298023224,0.5,64,0.0,0.15882301330566406,0.025026613303656742,0.018230773875188788,0.05169083973305533,0.1114637951029939,0.15819801927855084,0.056158309688428915,0.049980205724267354,0.0859315410360626,0.1467145510935947,0.23697744552684527,0.000587423435708483,0.00039299933825898137,0.0012225594099678125,0.0030422524270954754,0.02423681983488104,0.025179092156828897,0.018533351754134248,0.05264100754751174,0.12044715719892653,0.15867921148288108
walker2d-expert-v2,10.0,0,mpi4,1000000,/home/offrl/MPI_sweep/results/mpi4_norm/walker2d-expert-v2_tau10_mpi4_seed0/params_1000000.pkl,/home/offrl/MPI_sweep/sweep_results/diagnostics/hosts/offrl/target_policy_exposure/raw/walker2d-expert-v2/walker2d-expert-v2_tau10_mpi4_seed0_step1000000.npz,213371658b997465211176f149d9825ff276af25584b02e2c7e127e9f975c547,4096,6,1.0,0.20000000298023224,0.5,64,0.001220703125,0.15914281209309897,0.02525306212216346,0.018810637556327947,0.051912790231024054,0.1091683435023394,0.1589121207528345,0.05635019056060207,0.05041428203386625,0.08556240462722323,0.14685175312579046,0.23738195078944413,0.00039881869334358676,0.0002297047432762156,0.0008317057480248616,0.003144153642004363,0.019970445496873292,0.02508899953208102,0.018414403877310782,0.05211614374229612,0.11659687272573746,0.15839507420396956
walker2d-expert-v2,10.0,1,mpi4,1000000,/home/offrl/MPI_sweep/results/mpi4_norm/walker2d-expert-v2_tau10_mpi4_seed1/params_1000000.pkl,/home/offrl/MPI_sweep/sweep_results/diagnostics/hosts/offrl/target_policy_exposure/raw/walker2d-expert-v2/walker2d-expert-v2_tau10_mpi4_seed1_step1000000.npz,213371658b997465211176f149d9825ff276af25584b02e2c7e127e9f975c547,4096,6,1.0,0.20000000298023224,0.5,64,8.138020833333333e-05,0.15949249267578125,0.025503030222649985,0.018457884757026477,0.052915352682854674,0.1148668141513593,0.15969668194001396,0.05655275213943409,0.05027170083666324,0.08555221221731937,0.1485567435649634,0.23780822555040876,0.0003957450811927967,0.00027868987346361485,0.0008213517912736279,0.0020903059382590093,0.019893342634982103,0.02527760034949614,0.01851753749163739,0.05211508861733213,0.11453320431367811,0.1589893089157134
walker2d-expert-v2,10.0,2,mpi4,1000000,/home/offrl/MPI_sweep/results/mpi4_norm/walker2d-expert-v2_tau10_mpi4_seed2/params_1000000.pkl,/home/offrl/MPI_sweep/sweep_results/diagnostics/hosts/offrl/target_policy_exposure/raw/walker2d-expert-v2/walker2d-expert-v2_tau10_mpi4_seed2_step1000000.npz,213371658b997465211176f149d9825ff276af25584b02e2c7e127e9f975c547,4096,6,1.0,0.20000000298023224,0.5,64,0.0,0.1589031219482422,0.025356888621850322,0.01857609055514331,0.05227556996396743,0.11225395457440764,0.15923846464296973,0.05645230411111302,0.05013574420782846,0.0858215738721786,0.1469523251313542,0.23759693624100675,0.0005340776502017574,0.0003394340035762037,0.001171983360526004,0.003056711798263716,0.023110120081941535,0.025328945963678393,0.018560174863826738,0.05270158575149253,0.11408594240932272,0.15915070205210655
walker2d-expert-v2,10.0,3,mpi4,1000000,/home/offrl/MPI_sweep/results/mpi4_norm/walker2d-expert-v2_tau10_mpi4_seed3/params_1000000.pkl,/home/offrl/MPI_sweep/sweep_results/diagnostics/hosts/offrl/target_policy_exposure/raw/walker2d-expert-v2/walker2d-expert-v2_tau10_mpi4_seed3_step1000000.npz,213371658b997465211176f149d9825ff276af25584b02e2c7e127e9f975c547,4096,6,1.0,0.20000000298023224,0.5,64,0.0,0.1575133005777995,0.02540009817859835,0.018330631449524997,0.051574609164769455,0.11455778101564366,0.159374082518452,0.05660350916605443,0.05029229204133927,0.08549918817449745,0.14965081034964503,0.23791492001565273,0.0005884456053693566,0.0003745235489018839,0.001203469669178503,0.00323618276941321,0.02425789779369508,0.02533538725614737,0.01853785850592734,0.052048278403769174,0.11771857665162672,0.159170937222055
walker2d-expert-v2,14.0,0,mpi4,1000000,/home/offrl/MPI_sweep/results/mpi4_norm/walker2d-expert-v2_tau14_mpi4_seed0/params_1000000.pkl,/home/offrl/MPI_sweep/sweep_results/diagnostics/hosts/offrl/target_policy_exposure/raw/walker2d-expert-v2/walker2d-expert-v2_tau14_mpi4_seed0_step1000000.npz,213371658b997465211176f149d9825ff276af25584b02e2c7e127e9f975c547,4096,6,1.0,0.20000000298023224,0.5,64,0.5435384114583334,0.34103075663248694,0.35913052312967475,0.27670807291724486,0.8981570618919174,1.2772209357943212,0.5992749979180466,0.33868271581148346,0.2568940209037564,0.8254000846381766,1.1861904539645383,0.5819645314033179,0.00024382292781650417,0.00010876138697598255,0.0005388106073951349,0.001754080774900526,0.015614830380651087,0.35969923068736276,0.2755383910553064,0.8863333118911214,1.2782278947789263,0.5997493065334571
walker2d-expert-v2,14.0,1,mpi4,1000000,/home/offrl/MPI_sweep/results/mpi4_norm/walker2d-expert-v2_tau14_mpi4_seed1/params_1000000.pkl,/home/offrl/MPI_sweep/sweep_results/diagnostics/hosts/offrl/target_policy_exposure/raw/walker2d-expert-v2/walker2d-expert-v2_tau14_mpi4_seed1_step1000000.npz,213371658b997465211176f149d9825ff276af25584b02e2c7e127e9f975c547,4096,6,1.0,0.20000000298023224,0.5,64,0.6496988932291666,0.3741302490234375,0.5108864501590029,0.41413381627959706,1.2113437666933655,1.9349579254009335,0.7147632126508771,0.47298207084998045,0.3682711216343009,1.1114823802849112,1.7833422116828277,0.6877369197956298,0.0005833662690562417,0.00014186141449575493,0.0006517757377271967,0.002114375604505843,0.024152976401599902,0.5153093994250673,0.41626890571478725,1.2153894875593019,1.9299095930283028,0.7178505411470185
walker2d-expert-v2,14.0,2,mpi4,1000000,/home/offrl/MPI_sweep/results/mpi4_norm/walker2d-expert-v2_tau14_mpi4_seed2/params_1000000.pkl,/home/offrl/MPI_sweep/sweep_results/diagnostics/hosts/offrl/target_policy_exposure/raw/walker2d-expert-v2/walker2d-expert-v2_tau14_mpi4_seed2_step1000000.npz,213371658b997465211176f149d9825ff276af25584b02e2c7e127e9f975c547,4096,6,1.0,0.20000000298023224,0.5,64,0.6578369140625,0.37504514058430993,0.502340830553709,0.39008722541620955,1.195666926954194,1.8817382095786648,0.7087600655748806,0.4640568272984368,0.35001419428529024,1.0993627679910576,1.7351942727154166,0.6812171660332972,0.0005401842009479588,2.422403122182004e-05,0.0003797096533162403,0.001076547606432828,0.02324186311266717,0.5012668435496929,0.3868419646848148,1.1958603659935154,1.8638382701444396,0.7080020081537148
walker2d-expert-v2,14.0,3,mpi4,1000000,/home/offrl/MPI_sweep/results/mpi4_norm/walker2d-expert-v2_tau14_mpi4_seed3/params_1000000.pkl,/home/offrl/MPI_sweep/sweep_results/diagnostics/hosts/offrl/target_policy_exposure/raw/walker2d-expert-v2/walker2d-expert-v2_tau14_mpi4_seed3_step1000000.npz,213371658b997465211176f149d9825ff276af25584b02e2c7e127e9f975c547,4096,6,1.0,0.20000000298023224,0.5,64,0.6978759765625,0.38325182596842444,0.4980282489715222,0.3756088765437653,1.195139101414194,1.8654754695606248,0.7057111654009183,0.4583523631065003,0.338621839129327,1.0937407626256468,1.7241539473152205,0.6770172546593627,0.0011583014976964917,2.465370683542763e-05,0.000468989154036592,0.0015387500092401787,0.03403382872520357,0.49607297022029995,0.3710038185236044,1.1893804912506312,1.8454740140395915,0.7043244779363415
walker2d-expert-v2,20.0,0,mpi4,1000000,/home/offrl/MPI_sweep/results/mpi4_norm/walker2d-expert-v2_tau20_mpi4_seed0/params_1000000.pkl,/home/offrl/MPI_sweep/sweep_results/diagnostics/hosts/offrl/target_policy_exposure/raw/walker2d-expert-v2/walker2d-expert-v2_tau20_mpi4_seed0_step1000000.npz,213371658b997465211176f149d9825ff276af25584b02e2c7e127e9f975c547,4096,6,1.0,0.20000000298023224,0.5,64,0.5630289713541666,0.3541704813639323,0.42185387160189103,0.3624609469940575,0.9843788466799499,1.367760241625684,0.6495027879862342,0.39467601473774594,0.3322226697659916,0.9050032632153501,1.2717108071494074,0.6282324527893683,0.0002651190473262344,8.547532100540896e-05,0.0005526829436455216,0.0028722516115689367,0.016282476695092623,0.42279224645643565,0.3674764331311356,0.9714482076621305,1.3771709892771469,0.6502247661051028
walker2d-expert-v2,20.0,1,mpi4,1000000,/home/offrl/MPI_sweep/results/mpi4_norm/walker2d-expert-v2_tau20_mpi4_seed1/params_1000000.pkl,/home/offrl/MPI_sweep/sweep_results/diagnostics/hosts/offrl/target_policy_exposure/raw/walker2d-expert-v2/walker2d-expert-v2_tau20_mpi4_seed1_step1000000.npz,213371658b997465211176f149d9825ff276af25584b02e2c7e127e9f975c547,4096,6,1.0,0.20000000298023224,0.5,64,0.6783854166666666,0.3826942443847656,0.5259341764788865,0.4249312064471316,1.2104180377124671,1.907311843894757,0.7252131938119207,0.48495525594519184,0.3803211741001006,1.1085958374120004,1.7651791011357338,0.6963872887590582,0.0005566200067634616,8.808130728491884e-05,0.0005786805959247705,0.0017473952718734585,0.023592795653831735,0.526780481597124,0.4217793492271843,1.2128519749711208,1.9034916652870986,0.7257964463932873
walker2d-expert-v2,20.0,2,mpi4,1000000,/home/offrl/MPI_sweep/results/mpi4_norm/walker2d-expert-v2_tau20_mpi4_seed2/params_1000000.pkl,/home/offrl/MPI_sweep/sweep_results/diagnostics/hosts/offrl/target_policy_exposure/raw/walker2d-expert-v2/walker2d-expert-v2_tau20_mpi4_seed2_step1000000.npz,213371658b997465211176f149d9825ff276af25584b02e2c7e127e9f975c547,4096,6,1.0,0.20000000298023224,0.5,64,0.7620442708333334,0.4030564626057943,0.539666675927839,0.4368336701008957,1.2198497674544342,1.9237521766187773,0.7346200895209979,0.4949617082088896,0.39091565980160653,1.1153538046309823,1.7836949092718724,0.7035351506562337,0.0009484744885468223,1.569487176311668e-05,0.000395706279599987,0.001120074291247879,0.03079731300855356,0.5396845372467745,0.42989759812038153,1.2212936216166477,1.9170249120955911,0.7346322462611987
walker2d-expert-v2,20.0,3,mpi4,1000000,/home/offrl/MPI_sweep/results/mpi4_norm/walker2d-expert-v2_tau20_mpi4_seed3/params_1000000.pkl,/home/offrl/MPI_sweep/sweep_results/diagnostics/hosts/offrl/target_policy_exposure/raw/walker2d-expert-v2/walker2d-expert-v2_tau20_mpi4_seed3_step1000000.npz,213371658b997465211176f149d9825ff276af25584b02e2c7e127e9f975c547,4096,6,1.0,0.20000000298023224,0.5,64,0.7332356770833334,0.4067262013753255,0.5668913103177045,0.4692486559556718,1.2422397343192035,1.9454396782922083,0.752921848745077,0.5199619718413377,0.418564042804498,1.1353659189423388,1.8012480115961753,0.7210838868268641,0.000291090998726551,7.668066245969385e-06,0.0002948519640995073,0.0011814141359925224,0.017061389120659284,0.5656801173722648,0.46586184683170967,1.2379360599058296,1.942441683846604,0.7521170902008973
