key,method,environment,tau,seed,checkpoint_step,checkpoint_file_sha256,weights_sha256,config_sha256,dataset_sha256,normalization_sha256,selected_transition_sha256,common_noise_sha256,external_score,stability,critic_scope,critic_params_sha256,intervention,historical_training_step_recovered,hop,total_hops,tau_step,C_k,q_weight,optimizer_step_before,optimizer_step_after,r_before,slack_before,r_after,slack_after,actor_loss_before,actor_loss_after,comparator_loss,q_mean_before,q_mean_after,reference_q_mean,transport_before,transport_after,all_finite,raw_npz,raw_sha256
p3|halfcheetah-medium-v2|4|0,p3,halfcheetah-medium-v2,4.0,0,1000000,21075ab730ae3e6075d22719218a44a7e1dc7bb00aff426c45fa2829448e1a54,021456f951e305b8c909c6ba828a3f8756237d910d1cb3784f9d59da57808590,8f1b9946d18f48b5fcc743e146ce9c0853c88f76abd7cde5d9c7ffa0d9702962,41324e8487a9556d8cfa4538827f8937f4d63dae3030825ebc9f3a726ed08ca0,51caf28579bcf0013343423215dd5726ae413ef0b9b26b62ac1b2c5fc057f353,f20b34392225e6018651d4267640ab507f18639f458d111acf32721f16328ed6,1089581c802a0f5b9679e0f7426544a2e7d61c1b00ecc63f7b60086fbe80f210,53.89746372095229,stable,within_run_online_critic,4b079ee6f906d7eb38ba2eb31efde022de0d130d8b1021ddf6029bf72dbe1f33,posthoc_final_checkpoint_one_adam_step,False,2,3,1.3333333333333333,449.12298683984375,0.005937497622711513,500000,500001,0.0006918563620548213,0.0006918563620548213,0.000551871795027914,0.000551871795027914,-2.6524542806352205,-2.6525942652022474,-2.6531461369972753,447.49643116258085,447.49740516394377,446.84584408905357,0.004554715564489394,0.004420514128239838,True,raw/halfcheetah-medium-v2/halfcheetah-medium-v2_tau4_mpi3_seed0.npz,497d423331130105ce16a592b7a75cdd772399c75461746649cdd139f57a7bbe
p3|halfcheetah-medium-v2|4|0,p3,halfcheetah-medium-v2,4.0,0,1000000,21075ab730ae3e6075d22719218a44a7e1dc7bb00aff426c45fa2829448e1a54,021456f951e305b8c909c6ba828a3f8756237d910d1cb3784f9d59da57808590,8f1b9946d18f48b5fcc743e146ce9c0853c88f76abd7cde5d9c7ffa0d9702962,41324e8487a9556d8cfa4538827f8937f4d63dae3030825ebc9f3a726ed08ca0,51caf28579bcf0013343423215dd5726ae413ef0b9b26b62ac1b2c5fc057f353,f20b34392225e6018651d4267640ab507f18639f458d111acf32721f16328ed6,1089581c802a0f5b9679e0f7426544a2e7d61c1b00ecc63f7b60086fbe80f210,53.89746372095229,stable,within_run_online_critic,4b079ee6f906d7eb38ba2eb31efde022de0d130d8b1021ddf6029bf72dbe1f33,posthoc_final_checkpoint_one_adam_step,False,3,3,1.3333333333333333,449.682862328125,0.005930105169809319,500000,500001,0.0018842041570712453,0.0018842041570712453,0.0017578064753909217,0.0017578064753909217,-2.6518166957513696,-2.65194309343305,-2.653700899908441,447.9134854460135,447.9128784183413,447.49643116258085,0.004357379919346153,0.004227382499728673,True,raw/halfcheetah-medium-v2/halfcheetah-medium-v2_tau4_mpi3_seed0.npz,497d423331130105ce16a592b7a75cdd772399c75461746649cdd139f57a7bbe
p4|halfcheetah-medium-v2|4|0,p4,halfcheetah-medium-v2,4.0,0,1000000,6d48330a086bb601cf61b06783fcff625b2dd5a22d4c86c44c3d1ca7690d9153,50f5084ac71a2e36f93ffa65674a9cc86e7f454c83beedc9fa76ab5c3ee98c0d,3ca6a600ef986ffe64d61bab91975171f2ceb717f970ea9e40bdca991c3b57e7,41324e8487a9556d8cfa4538827f8937f4d63dae3030825ebc9f3a726ed08ca0,51caf28579bcf0013343423215dd5726ae413ef0b9b26b62ac1b2c5fc057f353,f20b34392225e6018651d4267640ab507f18639f458d111acf32721f16328ed6,1089581c802a0f5b9679e0f7426544a2e7d61c1b00ecc63f7b60086fbe80f210,53.47275204566746,stable,within_run_online_critic,817104d50a5f58feba60ee1557ea5c7b63c0627a6e1d3fa4a5642fa102ce4c3d,posthoc_final_checkpoint_one_adam_step,False,2,4,1.0,437.2987070546875,0.0045735328454787425,500000,500001,0.0015649607765180207,0.0015649607765180207,0.0013763187849014091,0.0013763187849014091,-1.9930563947790114,-1.993245036770628,-1.9946213555555294,436.64767937455326,436.6478795679286,436.12266992405057,0.003966108742578932,0.0037783823419396266,True,raw/halfcheetah-medium-v2/halfcheetah-medium-v2_tau4_mpi4_seed0.npz,f8a2373b325496920fb3ee5bfb209d82f542b7c076682a26000c6df0a42cb8d1
p4|halfcheetah-medium-v2|4|0,p4,halfcheetah-medium-v2,4.0,0,1000000,6d48330a086bb601cf61b06783fcff625b2dd5a22d4c86c44c3d1ca7690d9153,50f5084ac71a2e36f93ffa65674a9cc86e7f454c83beedc9fa76ab5c3ee98c0d,3ca6a600ef986ffe64d61bab91975171f2ceb717f970ea9e40bdca991c3b57e7,41324e8487a9556d8cfa4538827f8937f4d63dae3030825ebc9f3a726ed08ca0,51caf28579bcf0013343423215dd5726ae413ef0b9b26b62ac1b2c5fc057f353,f20b34392225e6018651d4267640ab507f18639f458d111acf32721f16328ed6,1089581c802a0f5b9679e0f7426544a2e7d61c1b00ecc63f7b60086fbe80f210,53.47275204566746,stable,within_run_online_critic,817104d50a5f58feba60ee1557ea5c7b63c0627a6e1d3fa4a5642fa102ce4c3d,posthoc_final_checkpoint_one_adam_step,False,3,4,1.0,437.80987648828125,0.004568192970067758,500000,500001,0.0019571634525625825,0.0019571634525625825,0.0018041493575127188,0.0018041493575127188,-1.9927336958626722,-1.992886709957722,-1.9946908593152348,437.05848687980324,437.0581634603441,436.64767937455326,0.0038338114100964216,0.003679319872546813,True,raw/halfcheetah-medium-v2/halfcheetah-medium-v2_tau4_mpi4_seed0.npz,f8a2373b325496920fb3ee5bfb209d82f542b7c076682a26000c6df0a42cb8d1
p4|halfcheetah-medium-v2|4|0,p4,halfcheetah-medium-v2,4.0,0,1000000,6d48330a086bb601cf61b06783fcff625b2dd5a22d4c86c44c3d1ca7690d9153,50f5084ac71a2e36f93ffa65674a9cc86e7f454c83beedc9fa76ab5c3ee98c0d,3ca6a600ef986ffe64d61bab91975171f2ceb717f970ea9e40bdca991c3b57e7,41324e8487a9556d8cfa4538827f8937f4d63dae3030825ebc9f3a726ed08ca0,51caf28579bcf0013343423215dd5726ae413ef0b9b26b62ac1b2c5fc057f353,f20b34392225e6018651d4267640ab507f18639f458d111acf32721f16328ed6,1089581c802a0f5b9679e0f7426544a2e7d61c1b00ecc63f7b60086fbe80f210,53.47275204566746,stable,within_run_online_critic,817104d50a5f58feba60ee1557ea5c7b63c0627a6e1d3fa4a5642fa102ce4c3d,posthoc_final_checkpoint_one_adam_step,False,4,4,1.0,438.212647484375,0.0045639942422504185,500000,500001,0.0025238898577495394,0.0025238898577495394,0.0023238230641406954,0.0023238230641406954,-1.9922085277883526,-1.9924085945819614,-1.994732417646102,437.3555534891784,437.35594901815057,437.05848687980324,0.0038797001525026132,0.003681438550845521,True,raw/halfcheetah-medium-v2/halfcheetah-medium-v2_tau4_mpi4_seed0.npz,f8a2373b325496920fb3ee5bfb209d82f542b7c076682a26000c6df0a42cb8d1
p3|halfcheetah-medium-v2|4|1,p3,halfcheetah-medium-v2,4.0,1,1000000,3b54238ba9a6f0f9832c07ec844c93d7b84aa908952f6bca3858f368cd062d58,469defb93f268ab9732066e778bc7fa6700b134709331b41115a43e538ddc494,e0f586d74480f6381a04a6a78b2105e228fd70d299443b63a2437f111c4a5c42,41324e8487a9556d8cfa4538827f8937f4d63dae3030825ebc9f3a726ed08ca0,51caf28579bcf0013343423215dd5726ae413ef0b9b26b62ac1b2c5fc057f353,f20b34392225e6018651d4267640ab507f18639f458d111acf32721f16328ed6,1089581c802a0f5b9679e0f7426544a2e7d61c1b00ecc63f7b60086fbe80f210,53.27348125692657,stable,within_run_online_critic,451cf9d8f5dc03f768c521ac0f90802e892d0233f34c96ae8f5b05879a324732,posthoc_final_checkpoint_one_adam_step,False,2,3,1.3333333333333333,451.3818369375,0.005907784603738726,500000,500001,0.0006455730901921974,0.0006455730901921974,0.000510509724084951,0.000510509724084951,-2.653469349205447,-2.6536044125715543,-2.6541149222956393,449.85433716420084,449.8557785777375,449.25722590088844,0.004173177818308442,0.004046630012900771,True,raw/halfcheetah-medium-v2/halfcheetah-medium-v2_tau4_mpi3_seed1.npz,57ecf143e1394b82a7ce854acbb573d7e17dab3f63c83b2eb2a5a34b4dda6be0
p3|halfcheetah-medium-v2|4|1,p3,halfcheetah-medium-v2,4.0,1,1000000,3b54238ba9a6f0f9832c07ec844c93d7b84aa908952f6bca3858f368cd062d58,469defb93f268ab9732066e778bc7fa6700b134709331b41115a43e538ddc494,e0f586d74480f6381a04a6a78b2105e228fd70d299443b63a2437f111c4a5c42,41324e8487a9556d8cfa4538827f8937f4d63dae3030825ebc9f3a726ed08ca0,51caf28579bcf0013343423215dd5726ae413ef0b9b26b62ac1b2c5fc057f353,f20b34392225e6018651d4267640ab507f18639f458d111acf32721f16328ed6,1089581c802a0f5b9679e0f7426544a2e7d61c1b00ecc63f7b60086fbe80f210,53.27348125692657,stable,within_run_online_critic,451cf9d8f5dc03f768c521ac0f90802e892d0233f34c96ae8f5b05879a324732,posthoc_final_checkpoint_one_adam_step,False,3,3,1.3333333333333333,451.97943215234375,0.005899973487660479,500000,500001,0.0015417768577048463,0.0015417768577048463,0.0014814737088446606,0.0014814737088446606,-2.6525868857201584,-2.6526471888690186,-2.6541286625778633,450.23326891940087,450.2364920685068,449.85433716420084,0.0037774641670175343,0.0037361775124285534,True,raw/halfcheetah-medium-v2/halfcheetah-medium-v2_tau4_mpi3_seed1.npz,57ecf143e1394b82a7ce854acbb573d7e17dab3f63c83b2eb2a5a34b4dda6be0
p4|halfcheetah-medium-v2|4|1,p4,halfcheetah-medium-v2,4.0,1,1000000,68480988ef99c1c98e7ece5939f28fc611896c2bff1fbfc50bf60800a3c603bf,7bb6fe82bda878477b522427c3bf0ac85f59f043743efe99a37bad8b3d1db5d0,575181e62e7bfd240a06a935d026429622039fe66b125931536a975d531497c5,41324e8487a9556d8cfa4538827f8937f4d63dae3030825ebc9f3a726ed08ca0,51caf28579bcf0013343423215dd5726ae413ef0b9b26b62ac1b2c5fc057f353,f20b34392225e6018651d4267640ab507f18639f458d111acf32721f16328ed6,1089581c802a0f5b9679e0f7426544a2e7d61c1b00ecc63f7b60086fbe80f210,52.81514565627216,stable,within_run_online_critic,c30974c567f6342b68bb7d821b809edb3ce968be10db28182eebff5a6c074a09,posthoc_final_checkpoint_one_adam_step,False,2,4,1.0,436.9313059316406,0.004577378578391238,500000,500001,0.0010448527171813549,0.0010448527171813549,0.0009650859877656792,0.0009650859877656792,-1.9817906833924213,-1.981870450121837,-1.9828355361096026,433.79143233736977,433.79157987213694,433.1814601200167,0.00383692647830708,0.003757835071374298,True,raw/halfcheetah-medium-v2/halfcheetah-medium-v2_tau4_mpi4_seed1.npz,5477426dd800a37147ef7107a7d04eddf45abc7af79fc7d737977920d4500c15
p4|halfcheetah-medium-v2|4|1,p4,halfcheetah-medium-v2,4.0,1,1000000,68480988ef99c1c98e7ece5939f28fc611896c2bff1fbfc50bf60800a3c603bf,7bb6fe82bda878477b522427c3bf0ac85f59f043743efe99a37bad8b3d1db5d0,575181e62e7bfd240a06a935d026429622039fe66b125931536a975d531497c5,41324e8487a9556d8cfa4538827f8937f4d63dae3030825ebc9f3a726ed08ca0,51caf28579bcf0013343423215dd5726ae413ef0b9b26b62ac1b2c5fc057f353,f20b34392225e6018651d4267640ab507f18639f458d111acf32721f16328ed6,1089581c802a0f5b9679e0f7426544a2e7d61c1b00ecc63f7b60086fbe80f210,52.81514565627216,stable,within_run_online_critic,c30974c567f6342b68bb7d821b809edb3ce968be10db28182eebff5a6c074a09,posthoc_final_checkpoint_one_adam_step,False,3,4,1.0,437.5130625234375,0.004571292085462844,500000,500001,0.0014421666601767136,0.0014421666601767136,0.0013701808819550632,0.0013701808819550632,-1.9815451747252324,-1.981617160503454,-1.982987341385409,434.1537865663413,434.1566077671014,433.79143233736977,0.003098593679208324,0.0030395044336925547,True,raw/halfcheetah-medium-v2/halfcheetah-medium-v2_tau4_mpi4_seed1.npz,5477426dd800a37147ef7107a7d04eddf45abc7af79fc7d737977920d4500c15
p4|halfcheetah-medium-v2|4|1,p4,halfcheetah-medium-v2,4.0,1,1000000,68480988ef99c1c98e7ece5939f28fc611896c2bff1fbfc50bf60800a3c603bf,7bb6fe82bda878477b522427c3bf0ac85f59f043743efe99a37bad8b3d1db5d0,575181e62e7bfd240a06a935d026429622039fe66b125931536a975d531497c5,41324e8487a9556d8cfa4538827f8937f4d63dae3030825ebc9f3a726ed08ca0,51caf28579bcf0013343423215dd5726ae413ef0b9b26b62ac1b2c5fc057f353,f20b34392225e6018651d4267640ab507f18639f458d111acf32721f16328ed6,1089581c802a0f5b9679e0f7426544a2e7d61c1b00ecc63f7b60086fbe80f210,52.81514565627216,stable,within_run_online_critic,c30974c567f6342b68bb7d821b809edb3ce968be10db28182eebff5a6c074a09,posthoc_final_checkpoint_one_adam_step,False,4,4,1.0,437.8919687734375,0.0045673365638609995,500000,500001,0.0024392251424234512,0.0024392251424234512,0.002308674043758341,0.002308674043758341,-1.9804872385807315,-1.9806177896793966,-1.982926463723155,434.44206613185816,434.4419812152628,434.1537865663413,0.003755894942622646,0.003624956001286724,True,raw/halfcheetah-medium-v2/halfcheetah-medium-v2_tau4_mpi4_seed1.npz,5477426dd800a37147ef7107a7d04eddf45abc7af79fc7d737977920d4500c15
p3|halfcheetah-medium-v2|7|0,p3,halfcheetah-medium-v2,7.0,0,1000000,b8597e59803bf6789eb89c6a74f2e3cc8dc64908d549ac860220bfd6547f29fd,69684eec2822f7bf9bb8d7440b060d6555199510076047a8304587567f9114a3,270d03b0496836a1a82db827e7aebd80b8e9f13819081bb635496b170b7b24f2,41324e8487a9556d8cfa4538827f8937f4d63dae3030825ebc9f3a726ed08ca0,51caf28579bcf0013343423215dd5726ae413ef0b9b26b62ac1b2c5fc057f353,f20b34392225e6018651d4267640ab507f18639f458d111acf32721f16328ed6,1089581c802a0f5b9679e0f7426544a2e7d61c1b00ecc63f7b60086fbe80f210,56.58806324844725,stable,within_run_online_critic,0d5026494c0fca2baa502bf82c2b1f736728ffe35c86b5cbe8360f40eeac3d9a,posthoc_final_checkpoint_one_adam_step,False,2,3,2.3333333333333335,477.1658945546875,0.00977996692538516,500000,500001,-0.0006450061140954588,0.0,-0.0007848792343656541,0.0,-4.659919134956929,-4.660059008077199,-4.659274128842833,477.0832830714062,477.0824789023027,476.41000878531486,0.005939594135589116,0.00579185626808523,True,raw/halfcheetah-medium-v2/halfcheetah-medium-v2_tau7_mpi3_seed0.npz,7264198f406ab743826cc7fc7f6dff2dc1349f74736aeaf25582f517f4c91265
p3|halfcheetah-medium-v2|7|0,p3,halfcheetah-medium-v2,7.0,0,1000000,b8597e59803bf6789eb89c6a74f2e3cc8dc64908d549ac860220bfd6547f29fd,69684eec2822f7bf9bb8d7440b060d6555199510076047a8304587567f9114a3,270d03b0496836a1a82db827e7aebd80b8e9f13819081bb635496b170b7b24f2,41324e8487a9556d8cfa4538827f8937f4d63dae3030825ebc9f3a726ed08ca0,51caf28579bcf0013343423215dd5726ae413ef0b9b26b62ac1b2c5fc057f353,f20b34392225e6018651d4267640ab507f18639f458d111acf32721f16328ed6,1089581c802a0f5b9679e0f7426544a2e7d61c1b00ecc63f7b60086fbe80f210,56.58806324844725,stable,within_run_online_critic,0d5026494c0fca2baa502bf82c2b1f736728ffe35c86b5cbe8360f40eeac3d9a,posthoc_final_checkpoint_one_adam_step,False,3,3,2.3333333333333335,477.8378611074219,0.00976621370238714,500000,500001,0.0008976500458164338,0.0008976500458164338,0.0008343352580704178,0.0008343352580704178,-4.658399646265994,-4.65846296105374,-4.65929729631181,477.5391457201913,477.537913415581,477.0832830714062,0.005349702092788319,0.005274352354871853,True,raw/halfcheetah-medium-v2/halfcheetah-medium-v2_tau7_mpi3_seed0.npz,7264198f406ab743826cc7fc7f6dff2dc1349f74736aeaf25582f517f4c91265
p4|halfcheetah-medium-v2|7|0,p4,halfcheetah-medium-v2,7.0,0,1000000,4404bd9595bbcbacee61e95d73138b62f45039b0817ff9b73496a8978a4b5394,80767477810d45a66e0e55f4bd418936573a5545c4f78635b92515dbda0e4f77,fea53c00fe52db2aa35e16dae18ad29240e79ddd43e50cf7d6ffe0b6e4183112,41324e8487a9556d8cfa4538827f8937f4d63dae3030825ebc9f3a726ed08ca0,51caf28579bcf0013343423215dd5726ae413ef0b9b26b62ac1b2c5fc057f353,f20b34392225e6018651d4267640ab507f18639f458d111acf32721f16328ed6,1089581c802a0f5b9679e0f7426544a2e7d61c1b00ecc63f7b60086fbe80f210,57.724175554446,stable,within_run_online_critic,376e16221597ab64b3284bee5ebeded88c86aee28050ec8a8a15eaeb0a35ffc6,posthoc_final_checkpoint_one_adam_step,False,2,4,1.75,466.4380808339844,0.0075036755012413475,500000,500001,0.00045399914869515,0.00045399914869515,0.0002718511500336973,0.0002718511500336973,-3.493961321865156,-3.4941434698638174,-3.494415321013851,466.33330523967743,466.33532505854964,465.6938217058778,0.005252476074714627,0.0050854841414419896,True,raw/halfcheetah-medium-v2/halfcheetah-medium-v2_tau7_mpi4_seed0.npz,3ca1d496b4a9103a52071e465a9b34c8971745d3c453e5bd37715c8648cb0864
p4|halfcheetah-medium-v2|7|0,p4,halfcheetah-medium-v2,7.0,0,1000000,4404bd9595bbcbacee61e95d73138b62f45039b0817ff9b73496a8978a4b5394,80767477810d45a66e0e55f4bd418936573a5545c4f78635b92515dbda0e4f77,fea53c00fe52db2aa35e16dae18ad29240e79ddd43e50cf7d6ffe0b6e4183112,41324e8487a9556d8cfa4538827f8937f4d63dae3030825ebc9f3a726ed08ca0,51caf28579bcf0013343423215dd5726ae413ef0b9b26b62ac1b2c5fc057f353,f20b34392225e6018651d4267640ab507f18639f458d111acf32721f16328ed6,1089581c802a0f5b9679e0f7426544a2e7d61c1b00ecc63f7b60086fbe80f210,57.724175554446,stable,within_run_online_critic,376e16221597ab64b3284bee5ebeded88c86aee28050ec8a8a15eaeb0a35ffc6,posthoc_final_checkpoint_one_adam_step,False,3,4,1.75,467.0682077871094,0.007493552208535904,500000,500001,0.001535167146886618,0.001535167146886618,0.0014131213996790848,0.0014131213996790848,-3.4929578022457464,-3.493079847992954,-3.494492969392633,466.79262648895383,466.7894172053784,466.33330523967743,0.004977114908829066,0.004831020227597308,True,raw/halfcheetah-medium-v2/halfcheetah-medium-v2_tau7_mpi4_seed0.npz,3ca1d496b4a9103a52071e465a9b34c8971745d3c453e5bd37715c8648cb0864
p4|halfcheetah-medium-v2|7|0,p4,halfcheetah-medium-v2,7.0,0,1000000,4404bd9595bbcbacee61e95d73138b62f45039b0817ff9b73496a8978a4b5394,80767477810d45a66e0e55f4bd418936573a5545c4f78635b92515dbda0e4f77,fea53c00fe52db2aa35e16dae18ad29240e79ddd43e50cf7d6ffe0b6e4183112,41324e8487a9556d8cfa4538827f8937f4d63dae3030825ebc9f3a726ed08ca0,51caf28579bcf0013343423215dd5726ae413ef0b9b26b62ac1b2c5fc057f353,f20b34392225e6018651d4267640ab507f18639f458d111acf32721f16328ed6,1089581c802a0f5b9679e0f7426544a2e7d61c1b00ecc63f7b60086fbe80f210,57.724175554446,stable,within_run_online_critic,376e16221597ab64b3284bee5ebeded88c86aee28050ec8a8a15eaeb0a35ffc6,posthoc_final_checkpoint_one_adam_step,False,4,4,1.75,467.5187693105469,0.007486330452917375,500000,500001,0.002757596704640708,0.002757596704640708,0.0024878489080903954,0.0024878489080903954,-3.4918062581769,-3.49207600597345,-3.4945638548815405,467.1568442415446,467.1571963839233,466.79262648895383,0.005484251157354722,0.005217139615017394,True,raw/halfcheetah-medium-v2/halfcheetah-medium-v2_tau7_mpi4_seed0.npz,3ca1d496b4a9103a52071e465a9b34c8971745d3c453e5bd37715c8648cb0864
p3|halfcheetah-medium-v2|7|1,p3,halfcheetah-medium-v2,7.0,1,1000000,316c80cb7e8b272863a802acf6e7065ab549d587472703fd2c76ac28cb148e1e,89b9b4bdcb144ccae30bde9aaff5773d2ff3c664d6f20157922e97091a7c20df,36fc11c0bfa3fd9c79b2c13be7c42bec840e146a1524ac61ba74e94a1b161113,41324e8487a9556d8cfa4538827f8937f4d63dae3030825ebc9f3a726ed08ca0,51caf28579bcf0013343423215dd5726ae413ef0b9b26b62ac1b2c5fc057f353,f20b34392225e6018651d4267640ab507f18639f458d111acf32721f16328ed6,1089581c802a0f5b9679e0f7426544a2e7d61c1b00ecc63f7b60086fbe80f210,57.49236408610612,stable,within_run_online_critic,c51b8f8ef98be1584018de515ceddd44232f8856ebf132f548a441e564567b65,posthoc_final_checkpoint_one_adam_step,False,2,3,2.3333333333333335,477.660889671875,0.00976983204522437,500000,500001,-0.0005269171017676655,0.0,-0.0006720426146928915,0.0,-4.645509055776072,-4.6456541812889975,-4.644982138674305,476.14915157854557,476.15066326223314,475.44135018624365,0.006388183622398472,0.006257827005206708,True,raw/halfcheetah-medium-v2/halfcheetah-medium-v2_tau7_mpi3_seed1.npz,be84316836d8837d4f0f5e8a68945793c2f78f379b3ff4d948fafec3c39eb155
p3|halfcheetah-medium-v2|7|1,p3,halfcheetah-medium-v2,7.0,1,1000000,316c80cb7e8b272863a802acf6e7065ab549d587472703fd2c76ac28cb148e1e,89b9b4bdcb144ccae30bde9aaff5773d2ff3c664d6f20157922e97091a7c20df,36fc11c0bfa3fd9c79b2c13be7c42bec840e146a1524ac61ba74e94a1b161113,41324e8487a9556d8cfa4538827f8937f4d63dae3030825ebc9f3a726ed08ca0,51caf28579bcf0013343423215dd5726ae413ef0b9b26b62ac1b2c5fc057f353,f20b34392225e6018651d4267640ab507f18639f458d111acf32721f16328ed6,1089581c802a0f5b9679e0f7426544a2e7d61c1b00ecc63f7b60086fbe80f210,57.49236408610612,stable,within_run_online_critic,c51b8f8ef98be1584018de515ceddd44232f8856ebf132f548a441e564567b65,posthoc_final_checkpoint_one_adam_step,False,3,3,2.3333333333333335,478.36981301171875,0.009755353577363684,500000,500001,0.0008490221927548447,0.0008490221927548447,0.0007717202565036274,0.0007717202565036274,-4.6441543070176925,-4.644231608953944,-4.645003329210447,476.591459563002,476.59305010922253,476.14915157854557,0.005163892971218745,0.005102107375729654,True,raw/halfcheetah-medium-v2/halfcheetah-medium-v2_tau7_mpi3_seed1.npz,be84316836d8837d4f0f5e8a68945793c2f78f379b3ff4d948fafec3c39eb155
p4|halfcheetah-medium-v2|7|1,p4,halfcheetah-medium-v2,7.0,1,1000000,5bba05c1fc78c49f595c2c2adf8e07059461ea774ef16404205599dab41c6a42,fc3bc00f39a0a93c70e3c0c86f50f8ce25a5313a3a7cf7d06735d56a4bff7610,9959678265e9454a51c9c12c351c1c6bc236429944716c937db2d9586fd34a5a,41324e8487a9556d8cfa4538827f8937f4d63dae3030825ebc9f3a726ed08ca0,51caf28579bcf0013343423215dd5726ae413ef0b9b26b62ac1b2c5fc057f353,f20b34392225e6018651d4267640ab507f18639f458d111acf32721f16328ed6,1089581c802a0f5b9679e0f7426544a2e7d61c1b00ecc63f7b60086fbe80f210,54.90533813855326,stable,within_run_online_critic,4c3cbe3c6cd32ce8dfb1a9a5400ede39869c3308339390bb6623bbba5de03c03,posthoc_final_checkpoint_one_adam_step,False,2,4,1.75,461.6173105703125,0.007582038021225567,500000,500001,0.00042932678325913187,0.00042932678325913187,0.00030319764830544216,0.00030319764830544216,-3.4788859362745774,-3.479012065409531,-3.4793152630578366,459.5560050792992,459.5564937032759,458.8891869597137,0.005485167119198793,0.005362742749814541,True,raw/halfcheetah-medium-v2/halfcheetah-medium-v2_tau7_mpi4_seed1.npz,5cb453a69f735ab9631fb37cf91193f9d3ea9d735c7768b82f25a9552c755c3a
p4|halfcheetah-medium-v2|7|1,p4,halfcheetah-medium-v2,7.0,1,1000000,5bba05c1fc78c49f595c2c2adf8e07059461ea774ef16404205599dab41c6a42,fc3bc00f39a0a93c70e3c0c86f50f8ce25a5313a3a7cf7d06735d56a4bff7610,9959678265e9454a51c9c12c351c1c6bc236429944716c937db2d9586fd34a5a,41324e8487a9556d8cfa4538827f8937f4d63dae3030825ebc9f3a726ed08ca0,51caf28579bcf0013343423215dd5726ae413ef0b9b26b62ac1b2c5fc057f353,f20b34392225e6018651d4267640ab507f18639f458d111acf32721f16328ed6,1089581c802a0f5b9679e0f7426544a2e7d61c1b00ecc63f7b60086fbe80f210,54.90533813855326,stable,within_run_online_critic,4c3cbe3c6cd32ce8dfb1a9a5400ede39869c3308339390bb6623bbba5de03c03,posthoc_final_checkpoint_one_adam_step,False,3,4,1.75,462.26629738671875,0.007571393414977861,500000,500001,0.0013278428233096662,0.0013278428233096662,0.0011890724783936157,0.0011890724783936157,-3.478151467847629,-3.478290238192545,-3.4794793106709387,459.9608394932002,459.96608205139637,459.5560050792992,0.004393003438875613,0.004293926564563735,True,raw/halfcheetah-medium-v2/halfcheetah-medium-v2_tau7_mpi4_seed1.npz,5cb453a69f735ab9631fb37cf91193f9d3ea9d735c7768b82f25a9552c755c3a
p4|halfcheetah-medium-v2|7|1,p4,halfcheetah-medium-v2,7.0,1,1000000,5bba05c1fc78c49f595c2c2adf8e07059461ea774ef16404205599dab41c6a42,fc3bc00f39a0a93c70e3c0c86f50f8ce25a5313a3a7cf7d06735d56a4bff7610,9959678265e9454a51c9c12c351c1c6bc236429944716c937db2d9586fd34a5a,41324e8487a9556d8cfa4538827f8937f4d63dae3030825ebc9f3a726ed08ca0,51caf28579bcf0013343423215dd5726ae413ef0b9b26b62ac1b2c5fc057f353,f20b34392225e6018651d4267640ab507f18639f458d111acf32721f16328ed6,1089581c802a0f5b9679e0f7426544a2e7d61c1b00ecc63f7b60086fbe80f210,54.90533813855326,stable,within_run_online_critic,4c3cbe3c6cd32ce8dfb1a9a5400ede39869c3308339390bb6623bbba5de03c03,posthoc_final_checkpoint_one_adam_step,False,4,4,1.75,462.6613474355469,0.007564928471764293,500000,500001,0.0022604699817434515,0.0022604699817434515,0.0021709624566099706,0.0021709624566099706,-3.4773103805969727,-3.477399888122106,-3.479570850578716,460.2358179297298,460.2378304488957,459.9608394932002,0.00434066218536762,0.004266379223771762,True,raw/halfcheetah-medium-v2/halfcheetah-medium-v2_tau7_mpi4_seed1.npz,5cb453a69f735ab9631fb37cf91193f9d3ea9d735c7768b82f25a9552c755c3a
p3|halfcheetah-medium-v2|10|0,p3,halfcheetah-medium-v2,10.0,0,1000000,1955667ff16145bfaa12a0db22bce124fb9f415eb1e17ccb9e93f8676bd6d2f9,1ff343cd1a947eede677a098d158a7221369760232b9ca5d099485adb38d1069,2339228a186916d89710a04c0516e9ee2c1a765a9c42a5edbc9ba145eb59a23e,41324e8487a9556d8cfa4538827f8937f4d63dae3030825ebc9f3a726ed08ca0,51caf28579bcf0013343423215dd5726ae413ef0b9b26b62ac1b2c5fc057f353,f20b34392225e6018651d4267640ab507f18639f458d111acf32721f16328ed6,1089581c802a0f5b9679e0f7426544a2e7d61c1b00ecc63f7b60086fbe80f210,57.55291286234537,stable,within_run_online_critic,85a3d275ac810eab5c4d68c3dc3fae96c7a01ba5a7a8a04f14fd2f61947e5d04,posthoc_final_checkpoint_one_adam_step,False,2,3,3.3333333333333335,490.3363962636719,0.013596108136100417,500000,500001,-0.0023457791277721185,0.0,-0.0024393311622592506,0.0,-6.643000720581038,-6.643094272615525,-6.640654941453266,489.1364868860692,489.1361806001514,488.4232219234109,0.007351848434221095,0.0072541321032762165,True,raw/halfcheetah-medium-v2/halfcheetah-medium-v2_tau10_mpi3_seed0.npz,9c2e8cc2393e2786c59a9888b25261720c0bb77cc1aab4e24daca60c0abf8d3d
p3|halfcheetah-medium-v2|10|0,p3,halfcheetah-medium-v2,10.0,0,1000000,1955667ff16145bfaa12a0db22bce124fb9f415eb1e17ccb9e93f8676bd6d2f9,1ff343cd1a947eede677a098d158a7221369760232b9ca5d099485adb38d1069,2339228a186916d89710a04c0516e9ee2c1a765a9c42a5edbc9ba145eb59a23e,41324e8487a9556d8cfa4538827f8937f4d63dae3030825ebc9f3a726ed08ca0,51caf28579bcf0013343423215dd5726ae413ef0b9b26b62ac1b2c5fc057f353,f20b34392225e6018651d4267640ab507f18639f458d111acf32721f16328ed6,1089581c802a0f5b9679e0f7426544a2e7d61c1b00ecc63f7b60086fbe80f210,57.55291286234537,stable,within_run_online_critic,85a3d275ac810eab5c4d68c3dc3fae96c7a01ba5a7a8a04f14fd2f61947e5d04,posthoc_final_checkpoint_one_adam_step,False,3,3,3.3333333333333335,490.9764414296875,0.013578384020328595,500000,500001,0.0005905725984121091,0.0005905725984121091,0.0004864553850572051,0.0004864553850572051,-6.641092484695057,-6.641196601908412,-6.641683057293469,489.61151862703264,489.61253204382956,489.1364868860692,0.007040735999058983,0.0069503793481452735,True,raw/halfcheetah-medium-v2/halfcheetah-medium-v2_tau10_mpi3_seed0.npz,9c2e8cc2393e2786c59a9888b25261720c0bb77cc1aab4e24daca60c0abf8d3d
p4|halfcheetah-medium-v2|10|0,p4,halfcheetah-medium-v2,10.0,0,1000000,c904efaf06a84380f25d8da89b51be21d587752ab03604f7d21949d727ab44ef,a4bd913046c54141ac2c39df3cbc1066494212d7c3fc3501c17772a2df8bc657,ac510622b65ab5e992e389132a47a888678463eabab95a2877ffbd3fcde2743c,41324e8487a9556d8cfa4538827f8937f4d63dae3030825ebc9f3a726ed08ca0,51caf28579bcf0013343423215dd5726ae413ef0b9b26b62ac1b2c5fc057f353,f20b34392225e6018651d4267640ab507f18639f458d111acf32721f16328ed6,1089581c802a0f5b9679e0f7426544a2e7d61c1b00ecc63f7b60086fbe80f210,57.32914181308967,stable,within_run_online_critic,efc73017b048874ee8ef06cb38ad38bf306f56b1de885ae417f3e316213db80c,posthoc_final_checkpoint_one_adam_step,False,2,4,2.5,482.6576242910156,0.010359310095524937,500000,500001,-0.000582016921572226,0.0,-0.0007719927114004932,0.0,-4.992126414369753,-4.992316390159581,-4.99154439744818,482.52554519474506,482.5287809409201,481.8413920830935,0.00650533731484462,0.006348881623033112,True,raw/halfcheetah-medium-v2/halfcheetah-medium-v2_tau10_mpi4_seed0.npz,03609d10127f666903c89b0e06dd616e8e3e3114d09d9862f4b468be18ba5623
p4|halfcheetah-medium-v2|10|0,p4,halfcheetah-medium-v2,10.0,0,1000000,c904efaf06a84380f25d8da89b51be21d587752ab03604f7d21949d727ab44ef,a4bd913046c54141ac2c39df3cbc1066494212d7c3fc3501c17772a2df8bc657,ac510622b65ab5e992e389132a47a888678463eabab95a2877ffbd3fcde2743c,41324e8487a9556d8cfa4538827f8937f4d63dae3030825ebc9f3a726ed08ca0,51caf28579bcf0013343423215dd5726ae413ef0b9b26b62ac1b2c5fc057f353,f20b34392225e6018651d4267640ab507f18639f458d111acf32721f16328ed6,1089581c802a0f5b9679e0f7426544a2e7d61c1b00ecc63f7b60086fbe80f210,57.32914181308967,stable,within_run_online_critic,efc73017b048874ee8ef06cb38ad38bf306f56b1de885ae417f3e316213db80c,posthoc_final_checkpoint_one_adam_step,False,3,4,2.5,483.3336191640625,0.010344821468549249,500000,500001,0.0010770189356330562,0.0010770189356330562,0.0009376824331637224,0.0009376824331637224,-4.990563600118397,-4.990702936620866,-4.99164061905403,483.0106889344752,483.0060505066067,482.52554519474506,0.006095744309724972,0.005908424099061273,True,raw/halfcheetah-medium-v2/halfcheetah-medium-v2_tau10_mpi4_seed0.npz,03609d10127f666903c89b0e06dd616e8e3e3114d09d9862f4b468be18ba5623
p4|halfcheetah-medium-v2|10|0,p4,halfcheetah-medium-v2,10.0,0,1000000,c904efaf06a84380f25d8da89b51be21d587752ab03604f7d21949d727ab44ef,a4bd913046c54141ac2c39df3cbc1066494212d7c3fc3501c17772a2df8bc657,ac510622b65ab5e992e389132a47a888678463eabab95a2877ffbd3fcde2743c,41324e8487a9556d8cfa4538827f8937f4d63dae3030825ebc9f3a726ed08ca0,51caf28579bcf0013343423215dd5726ae413ef0b9b26b62ac1b2c5fc057f353,f20b34392225e6018651d4267640ab507f18639f458d111acf32721f16328ed6,1089581c802a0f5b9679e0f7426544a2e7d61c1b00ecc63f7b60086fbe80f210,57.32914181308967,stable,within_run_online_critic,efc73017b048874ee8ef06cb38ad38bf306f56b1de885ae417f3e316213db80c,posthoc_final_checkpoint_one_adam_step,False,4,4,2.5,483.81396584375,0.010334550783957265,500000,500001,0.0026658031178747876,0.0026658031178747876,0.002341432954188427,0.002341432954188427,-4.989032690869644,-4.98935706103333,-4.991698493987519,483.34929051063955,483.35248083435,483.0106889344752,0.006165098302273876,0.005873698700989705,True,raw/halfcheetah-medium-v2/halfcheetah-medium-v2_tau10_mpi4_seed0.npz,03609d10127f666903c89b0e06dd616e8e3e3114d09d9862f4b468be18ba5623
p3|halfcheetah-medium-v2|10|1,p3,halfcheetah-medium-v2,10.0,1,1000000,b36ec7baab8312573f922cef4d86c2bc0d26f5509ae0e881a1a334857fbca478,d4c3f0bc730f74c6d14810c0cc49d6dd8cab0a4319ec5e5fc2d98082b1e18f4f,39bb8e22c52a8f2c4fa1d9abdb190f38a9c2cb70bfe6b08a78b88b7033791b5c,41324e8487a9556d8cfa4538827f8937f4d63dae3030825ebc9f3a726ed08ca0,51caf28579bcf0013343423215dd5726ae413ef0b9b26b62ac1b2c5fc057f353,f20b34392225e6018651d4267640ab507f18639f458d111acf32721f16328ed6,1089581c802a0f5b9679e0f7426544a2e7d61c1b00ecc63f7b60086fbe80f210,60.66763713855035,stable,within_run_online_critic,3bc2b9864048db6a6e935dc1ec6fec76cc8fb8b64325340d2fea55ecf9394c8b,posthoc_final_checkpoint_one_adam_step,False,2,3,3.3333333333333335,496.7550974355469,0.013420429304264273,500000,500001,-0.0021813898802829357,0.0,-0.0023337176099094137,0.0,-6.646829691295262,-6.646982019024889,-6.644648301414979,495.8731391709298,495.8774093911052,495.11443715915084,0.00800071683179974,0.007905697290150658,True,raw/halfcheetah-medium-v2/halfcheetah-medium-v2_tau10_mpi3_seed1.npz,18b15e28b7120481361d0a292c2f98954599b1aed797f6c1ed10d7507b6c5f6a
p3|halfcheetah-medium-v2|10|1,p3,halfcheetah-medium-v2,10.0,1,1000000,b36ec7baab8312573f922cef4d86c2bc0d26f5509ae0e881a1a334857fbca478,d4c3f0bc730f74c6d14810c0cc49d6dd8cab0a4319ec5e5fc2d98082b1e18f4f,39bb8e22c52a8f2c4fa1d9abdb190f38a9c2cb70bfe6b08a78b88b7033791b5c,41324e8487a9556d8cfa4538827f8937f4d63dae3030825ebc9f3a726ed08ca0,51caf28579bcf0013343423215dd5726ae413ef0b9b26b62ac1b2c5fc057f353,f20b34392225e6018651d4267640ab507f18639f458d111acf32721f16328ed6,1089581c802a0f5b9679e0f7426544a2e7d61c1b00ecc63f7b60086fbe80f210,60.66763713855035,stable,within_run_online_critic,3bc2b9864048db6a6e935dc1ec6fec76cc8fb8b64325340d2fea55ecf9394c8b,posthoc_final_checkpoint_one_adam_step,False,3,3,3.3333333333333335,497.48700051171875,0.01340068516324906,500000,500001,0.0007196732791312499,0.0007196732791312499,0.0005274498168175157,0.0005274498168175157,-6.644320145662484,-6.644512369124798,-6.6450398189416156,496.3251166753471,496.3281916100532,495.8731391709298,0.006776481516698462,0.006625464286278161,True,raw/halfcheetah-medium-v2/halfcheetah-medium-v2_tau10_mpi3_seed1.npz,18b15e28b7120481361d0a292c2f98954599b1aed797f6c1ed10d7507b6c5f6a
p4|halfcheetah-medium-v2|10|1,p4,halfcheetah-medium-v2,10.0,1,1000000,dbff5e8dd6b6d41a2c0bd212d7c3f780502088abf5920458ab0af16995bf9b9b,d7317d70ce867e348d257996607732bd7313c9f22fea4b29dc3e605329629e87,63a6d520307e3c9dcf259ca2deed7906777b75e0a3a0d2c57bc28ed2ec982533,41324e8487a9556d8cfa4538827f8937f4d63dae3030825ebc9f3a726ed08ca0,51caf28579bcf0013343423215dd5726ae413ef0b9b26b62ac1b2c5fc057f353,f20b34392225e6018651d4267640ab507f18639f458d111acf32721f16328ed6,1089581c802a0f5b9679e0f7426544a2e7d61c1b00ecc63f7b60086fbe80f210,56.01474999419458,stable,within_run_online_critic,097f434db6deee3ef6029556f8c98fadb962a32c54b43b3f4c86eb069d1aa02d,posthoc_final_checkpoint_one_adam_step,False,2,4,2.5,479.265381859375,0.01043263333688284,500000,500001,-0.0007166413699115637,0.0,-0.0008539029654341945,0.0,-4.981120243870652,-4.981257505466175,-4.980403602500741,478.0973465628922,478.1008852683008,477.3870068732649,0.006694072156604422,0.006593728577097095,True,raw/halfcheetah-medium-v2/halfcheetah-medium-v2_tau10_mpi4_seed1.npz,5bef542571cbf7247cadeec4207cf83f7d29e7f8d9395b2ead7ce1d676bee096
p4|halfcheetah-medium-v2|10|1,p4,halfcheetah-medium-v2,10.0,1,1000000,dbff5e8dd6b6d41a2c0bd212d7c3f780502088abf5920458ab0af16995bf9b9b,d7317d70ce867e348d257996607732bd7313c9f22fea4b29dc3e605329629e87,63a6d520307e3c9dcf259ca2deed7906777b75e0a3a0d2c57bc28ed2ec982533,41324e8487a9556d8cfa4538827f8937f4d63dae3030825ebc9f3a726ed08ca0,51caf28579bcf0013343423215dd5726ae413ef0b9b26b62ac1b2c5fc057f353,f20b34392225e6018651d4267640ab507f18639f458d111acf32721f16328ed6,1089581c802a0f5b9679e0f7426544a2e7d61c1b00ecc63f7b60086fbe80f210,56.01474999419458,stable,within_run_online_critic,097f434db6deee3ef6029556f8c98fadb962a32c54b43b3f4c86eb069d1aa02d,posthoc_final_checkpoint_one_adam_step,False,3,4,2.5,479.929444359375,0.010418198047161199,500000,500001,0.000975265365298128,0.000975265365298128,0.000816652392294337,0.000816652392294337,-4.979937576949176,-4.98009618992218,-4.980912842314474,478.52010409906507,478.5239330716431,478.0973465628922,0.005379637103077015,0.005260915124708324,True,raw/halfcheetah-medium-v2/halfcheetah-medium-v2_tau10_mpi4_seed1.npz,5bef542571cbf7247cadeec4207cf83f7d29e7f8d9395b2ead7ce1d676bee096
p4|halfcheetah-medium-v2|10|1,p4,halfcheetah-medium-v2,10.0,1,1000000,dbff5e8dd6b6d41a2c0bd212d7c3f780502088abf5920458ab0af16995bf9b9b,d7317d70ce867e348d257996607732bd7313c9f22fea4b29dc3e605329629e87,63a6d520307e3c9dcf259ca2deed7906777b75e0a3a0d2c57bc28ed2ec982533,41324e8487a9556d8cfa4538827f8937f4d63dae3030825ebc9f3a726ed08ca0,51caf28579bcf0013343423215dd5726ae413ef0b9b26b62ac1b2c5fc057f353,f20b34392225e6018651d4267640ab507f18639f458d111acf32721f16328ed6,1089581c802a0f5b9679e0f7426544a2e7d61c1b00ecc63f7b60086fbe80f210,56.01474999419458,stable,within_run_online_critic,097f434db6deee3ef6029556f8c98fadb962a32c54b43b3f4c86eb069d1aa02d,posthoc_final_checkpoint_one_adam_step,False,4,4,2.5,480.33184914453125,0.010409470054723575,500000,500001,0.00234940495947189,0.00234940495947189,0.0023086108505223635,0.0023086108505223635,-4.978791289242954,-4.978832083351904,-4.981140694202426,478.8472671303898,478.8432719875127,478.52010409906507,0.005754998737058991,0.005672617307965783,True,raw/halfcheetah-medium-v2/halfcheetah-medium-v2_tau10_mpi4_seed1.npz,5bef542571cbf7247cadeec4207cf83f7d29e7f8d9395b2ead7ce1d676bee096
p3|halfcheetah-medium-v2|14|0,p3,halfcheetah-medium-v2,14.0,0,1000000,29a5b841cf57cc7b7bb29890ccd069a201ba4cfaf90b680e2dd00ef01f5ca6d6,afb84b2e8da791b9f730b246b797c9e7e07bedf723a515774924211b4a349909,921cfa13a9fb2b168abe9b8ee69d18532972a90b2a4a5b2bf15bb46047662d23,41324e8487a9556d8cfa4538827f8937f4d63dae3030825ebc9f3a726ed08ca0,51caf28579bcf0013343423215dd5726ae413ef0b9b26b62ac1b2c5fc057f353,f20b34392225e6018651d4267640ab507f18639f458d111acf32721f16328ed6,1089581c802a0f5b9679e0f7426544a2e7d61c1b00ecc63f7b60086fbe80f210,61.38748018124998,stable,within_run_online_critic,4fe07a51d5a0f672bc8a7326586bf01827a3c9a5a8d87387c00023c755523459,posthoc_final_checkpoint_one_adam_step,False,2,3,4.666666666666667,515.986329125,0.018088334528476028,500000,500001,-0.0038730141460412426,0.0,-0.00402139457174755,0.0,-9.319612738812006,-9.319761119237713,-9.315739724665965,515.7521365853027,515.7523553902283,515.0136796729639,0.009484441519207588,0.009340018910194554,True,raw/halfcheetah-medium-v2/halfcheetah-medium-v2_tau14_mpi3_seed0.npz,1bcaf45ddd7cde75f261d1001f611d9fe372af6a4702feeed40deb73e44dbcd6
p3|halfcheetah-medium-v2|14|0,p3,halfcheetah-medium-v2,14.0,0,1000000,29a5b841cf57cc7b7bb29890ccd069a201ba4cfaf90b680e2dd00ef01f5ca6d6,afb84b2e8da791b9f730b246b797c9e7e07bedf723a515774924211b4a349909,921cfa13a9fb2b168abe9b8ee69d18532972a90b2a4a5b2bf15bb46047662d23,41324e8487a9556d8cfa4538827f8937f4d63dae3030825ebc9f3a726ed08ca0,51caf28579bcf0013343423215dd5726ae413ef0b9b26b62ac1b2c5fc057f353,f20b34392225e6018651d4267640ab507f18639f458d111acf32721f16328ed6,1089581c802a0f5b9679e0f7426544a2e7d61c1b00ecc63f7b60086fbe80f210,61.38748018124998,stable,within_run_online_critic,4fe07a51d5a0f672bc8a7326586bf01827a3c9a5a8d87387c00023c755523459,posthoc_final_checkpoint_one_adam_step,False,3,3,4.666666666666667,516.721924828125,0.018062584312515558,500000,500001,0.00038511771999694133,0.00038511771999694133,0.00022108649939411862,0.00022108649939411862,-9.315431333712072,-9.315595364932674,-9.315816451432068,516.2701555052772,516.2685896726325,515.7521365853027,0.009741878137516317,0.009549563932749866,True,raw/halfcheetah-medium-v2/halfcheetah-medium-v2_tau14_mpi3_seed0.npz,1bcaf45ddd7cde75f261d1001f611d9fe372af6a4702feeed40deb73e44dbcd6
p4|halfcheetah-medium-v2|14|0,p4,halfcheetah-medium-v2,14.0,0,1000000,30e471d35cb53383ae8b24cc4d2509d0f368bdfcdadfd38a088df411d4122b32,6a424bf79e7d028af538f9eb014bad234c6ac8d771188eb1d9d41ba95e5775e0,3c4db996792285c19f8fac71521de8629e7811892aa494926862ffc6c43a944c,41324e8487a9556d8cfa4538827f8937f4d63dae3030825ebc9f3a726ed08ca0,51caf28579bcf0013343423215dd5726ae413ef0b9b26b62ac1b2c5fc057f353,f20b34392225e6018651d4267640ab507f18639f458d111acf32721f16328ed6,1089581c802a0f5b9679e0f7426544a2e7d61c1b00ecc63f7b60086fbe80f210,59.81387205682815,stable,within_run_online_critic,3a604fd3a4f813e736700e48b9a3a19339e0e869138e307f510a6f3af880c385,posthoc_final_checkpoint_one_adam_step,False,2,4,3.5,499.6102304921875,0.014010922060390956,500000,500001,-0.002122224610842771,0.0,-0.0022220540332753558,0.0,-6.98936699421589,-6.989466823638322,-6.987244769605047,499.42507631517947,499.4247315712273,498.699852835387,0.008038825040895271,0.00793416543781888,True,raw/halfcheetah-medium-v2/halfcheetah-medium-v2_tau14_mpi4_seed0.npz,adb65a046f964cb57ec2ae7461c5d72ac47839eac794938a5d97e9a03df922e4
p4|halfcheetah-medium-v2|14|0,p4,halfcheetah-medium-v2,14.0,0,1000000,30e471d35cb53383ae8b24cc4d2509d0f368bdfcdadfd38a088df411d4122b32,6a424bf79e7d028af538f9eb014bad234c6ac8d771188eb1d9d41ba95e5775e0,3c4db996792285c19f8fac71521de8629e7811892aa494926862ffc6c43a944c,41324e8487a9556d8cfa4538827f8937f4d63dae3030825ebc9f3a726ed08ca0,51caf28579bcf0013343423215dd5726ae413ef0b9b26b62ac1b2c5fc057f353,f20b34392225e6018651d4267640ab507f18639f458d111acf32721f16328ed6,1089581c802a0f5b9679e0f7426544a2e7d61c1b00ecc63f7b60086fbe80f210,59.81387205682815,stable,within_run_online_critic,3a604fd3a4f813e736700e48b9a3a19339e0e869138e307f510a6f3af880c385,posthoc_final_checkpoint_one_adam_step,False,3,4,3.5,500.3271799550781,0.01399084495195423,500000,500001,0.0009004765623901179,0.0009004765623901179,0.0006887567628890423,0.0006887567628890423,-6.986478331281194,-6.9866900510806955,-6.987378807843585,499.9046845845878,499.9064464364201,499.42507631517947,0.007610601497357758,0.007423531493669887,True,raw/halfcheetah-medium-v2/halfcheetah-medium-v2_tau14_mpi4_seed0.npz,adb65a046f964cb57ec2ae7461c5d72ac47839eac794938a5d97e9a03df922e4
p4|halfcheetah-medium-v2|14|0,p4,halfcheetah-medium-v2,14.0,0,1000000,30e471d35cb53383ae8b24cc4d2509d0f368bdfcdadfd38a088df411d4122b32,6a424bf79e7d028af538f9eb014bad234c6ac8d771188eb1d9d41ba95e5775e0,3c4db996792285c19f8fac71521de8629e7811892aa494926862ffc6c43a944c,41324e8487a9556d8cfa4538827f8937f4d63dae3030825ebc9f3a726ed08ca0,51caf28579bcf0013343423215dd5726ae413ef0b9b26b62ac1b2c5fc057f353,f20b34392225e6018651d4267640ab507f18639f458d111acf32721f16328ed6,1089581c802a0f5b9679e0f7426544a2e7d61c1b00ecc63f7b60086fbe80f210,59.81387205682815,stable,within_run_online_critic,3a604fd3a4f813e736700e48b9a3a19339e0e869138e307f510a6f3af880c385,posthoc_final_checkpoint_one_adam_step,False,4,4,3.5,500.8062754140625,0.013977460634279109,500000,500001,0.002603637805217218,0.002603637805217218,0.0024755889549998855,0.0024755889549998855,-6.984794411867574,-6.984922460717791,-6.987398049672791,500.2490110825747,500.2492564301938,499.9046845845878,0.007416447876168274,0.007291828362637406,True,raw/halfcheetah-medium-v2/halfcheetah-medium-v2_tau14_mpi4_seed0.npz,adb65a046f964cb57ec2ae7461c5d72ac47839eac794938a5d97e9a03df922e4
p3|halfcheetah-medium-v2|14|1,p3,halfcheetah-medium-v2,14.0,1,1000000,34470e4564bb1b5640eb1935a5065a484a31150d131653af49a26d2754fd7392,3b8d90887d7db3e968dbf68245b4db387182466ce36d68488a5aaddf833d964b,2e45102d254bf257adbd1c0dd9a96f9ed7e84d313f69b681b63b56b9f3cd6129,41324e8487a9556d8cfa4538827f8937f4d63dae3030825ebc9f3a726ed08ca0,51caf28579bcf0013343423215dd5726ae413ef0b9b26b62ac1b2c5fc057f353,f20b34392225e6018651d4267640ab507f18639f458d111acf32721f16328ed6,1089581c802a0f5b9679e0f7426544a2e7d61c1b00ecc63f7b60086fbe80f210,60.859146303990485,stable,within_run_online_critic,ba7ee322d5d600c510f2fa0f006a4a44dd7ec312ac5b83d8b405c8f0b2a77b80,posthoc_final_checkpoint_one_adam_step,False,2,3,4.666666666666667,513.3104258046875,0.018182629582677967,500000,500001,-0.0038076707514509422,0.0,-0.00390361938086059,0.0,-9.30897136978822,-9.309067318417629,-9.305163699036768,512.5194975901395,512.5228422693908,511.761165057309,0.009980808793500036,0.009945675227991153,True,raw/halfcheetah-medium-v2/halfcheetah-medium-v2_tau14_mpi3_seed1.npz,0ea98af9d28bb749404689f4d1c7dfe9dc7634d8d483624d23d0decaf775e12c
p3|halfcheetah-medium-v2|14|1,p3,halfcheetah-medium-v2,14.0,1,1000000,34470e4564bb1b5640eb1935a5065a484a31150d131653af49a26d2754fd7392,3b8d90887d7db3e968dbf68245b4db387182466ce36d68488a5aaddf833d964b,2e45102d254bf257adbd1c0dd9a96f9ed7e84d313f69b681b63b56b9f3cd6129,41324e8487a9556d8cfa4538827f8937f4d63dae3030825ebc9f3a726ed08ca0,51caf28579bcf0013343423215dd5726ae413ef0b9b26b62ac1b2c5fc057f353,f20b34392225e6018651d4267640ab507f18639f458d111acf32721f16328ed6,1089581c802a0f5b9679e0f7426544a2e7d61c1b00ecc63f7b60086fbe80f210,60.859146303990485,stable,within_run_online_critic,ba7ee322d5d600c510f2fa0f006a4a44dd7ec312ac5b83d8b405c8f0b2a77b80,posthoc_final_checkpoint_one_adam_step,False,3,3,4.666666666666667,514.0640268789062,0.0181559744415493,500000,500001,0.0011221593891246329,0.0011221593891246329,0.0007971044215224765,0.0007971044215224765,-9.304168739653136,-9.304493794620738,-9.30529089904226,512.9419605899602,512.9467017287388,512.5194975901395,0.00879238681636829,0.008553411843256272,True,raw/halfcheetah-medium-v2/halfcheetah-medium-v2_tau14_mpi3_seed1.npz,0ea98af9d28bb749404689f4d1c7dfe9dc7634d8d483624d23d0decaf775e12c
p4|halfcheetah-medium-v2|14|1,p4,halfcheetah-medium-v2,14.0,1,1000000,0b4c518501cb3174d6afcfe8754e0cc609ab46fcf85025bd26dbfcc14fe8efe7,c9a320e3ba0313fcaafe624d7ac0689a750321a7e42e29880330aaf66d677ae6,0663341a242b72ab1348878146e5c6448e10e70cc565292363dc042dc27a2656,41324e8487a9556d8cfa4538827f8937f4d63dae3030825ebc9f3a726ed08ca0,51caf28579bcf0013343423215dd5726ae413ef0b9b26b62ac1b2c5fc057f353,f20b34392225e6018651d4267640ab507f18639f458d111acf32721f16328ed6,1089581c802a0f5b9679e0f7426544a2e7d61c1b00ecc63f7b60086fbe80f210,58.027868465920186,stable,within_run_online_critic,7ed20bab9434ba715bc6faca1503a58ceaa0640ae9d381cebe9a5502d0aaaf5d,posthoc_final_checkpoint_one_adam_step,False,2,4,3.5,494.9806223378906,0.014141967754086264,500000,500001,-0.002258221767283075,0.0,-0.0022971431742639936,0.0,-6.977753312207882,-6.977792233614863,-6.975495090440599,493.97504514083266,493.9758786074817,493.24784299731255,0.008025847497080374,0.007998712948574335,True,raw/halfcheetah-medium-v2/halfcheetah-medium-v2_tau14_mpi4_seed1.npz,6ce441ab5796cf80755e6f287c49fa562287f52580746704e5845a23ed7ead7f
p4|halfcheetah-medium-v2|14|1,p4,halfcheetah-medium-v2,14.0,1,1000000,0b4c518501cb3174d6afcfe8754e0cc609ab46fcf85025bd26dbfcc14fe8efe7,c9a320e3ba0313fcaafe624d7ac0689a750321a7e42e29880330aaf66d677ae6,0663341a242b72ab1348878146e5c6448e10e70cc565292363dc042dc27a2656,41324e8487a9556d8cfa4538827f8937f4d63dae3030825ebc9f3a726ed08ca0,51caf28579bcf0013343423215dd5726ae413ef0b9b26b62ac1b2c5fc057f353,f20b34392225e6018651d4267640ab507f18639f458d111acf32721f16328ed6,1089581c802a0f5b9679e0f7426544a2e7d61c1b00ecc63f7b60086fbe80f210,58.027868465920186,stable,within_run_online_critic,7ed20bab9434ba715bc6faca1503a58ceaa0640ae9d381cebe9a5502d0aaaf5d,posthoc_final_checkpoint_one_adam_step,False,3,4,3.5,495.6884775625,0.014121772679530138,500000,500001,0.0014921567993839702,0.0014921567993839702,0.0012340911563599732,0.0012340911563599732,-6.9743111400400934,-6.9745692056831174,-6.975803296839477,494.37812239676714,494.38215464539826,493.97504514083266,0.007184322179979305,0.006983199035511623,True,raw/halfcheetah-medium-v2/halfcheetah-medium-v2_tau14_mpi4_seed1.npz,6ce441ab5796cf80755e6f287c49fa562287f52580746704e5845a23ed7ead7f
p4|halfcheetah-medium-v2|14|1,p4,halfcheetah-medium-v2,14.0,1,1000000,0b4c518501cb3174d6afcfe8754e0cc609ab46fcf85025bd26dbfcc14fe8efe7,c9a320e3ba0313fcaafe624d7ac0689a750321a7e42e29880330aaf66d677ae6,0663341a242b72ab1348878146e5c6448e10e70cc565292363dc042dc27a2656,41324e8487a9556d8cfa4538827f8937f4d63dae3030825ebc9f3a726ed08ca0,51caf28579bcf0013343423215dd5726ae413ef0b9b26b62ac1b2c5fc057f353,f20b34392225e6018651d4267640ab507f18639f458d111acf32721f16328ed6,1089581c802a0f5b9679e0f7426544a2e7d61c1b00ecc63f7b60086fbe80f210,58.027868465920186,stable,within_run_online_critic,7ed20bab9434ba715bc6faca1503a58ceaa0640ae9d381cebe9a5502d0aaaf5d,posthoc_final_checkpoint_one_adam_step,False,4,4,3.5,496.0895700917969,0.014110355109269307,500000,500001,0.002264286829202433,0.002264286829202433,0.002206562263009637,0.002206562263009637,-6.973586578442988,-6.973644303009181,-6.97585086527219,494.66613679379225,494.66702356003225,494.37812239676714,0.006328272247808593,0.006283060268161042,True,raw/halfcheetah-medium-v2/halfcheetah-medium-v2_tau14_mpi4_seed1.npz,6ce441ab5796cf80755e6f287c49fa562287f52580746704e5845a23ed7ead7f
p3|halfcheetah-medium-v2|20|0,p3,halfcheetah-medium-v2,20.0,0,1000000,a568dcbe31ceb0de1d8921919359845c64d6fe2befaa08457a0ab3a46bbea9b0,413f78b60d6079bf3e76ad0bacbb3935a763415daa5b7e2adccb8dbfece6bf71,5f39c698988f5364a72551a5a647abe6c02aa0a2877bd0ae58044915ffd4b56c,41324e8487a9556d8cfa4538827f8937f4d63dae3030825ebc9f3a726ed08ca0,51caf28579bcf0013343423215dd5726ae413ef0b9b26b62ac1b2c5fc057f353,f20b34392225e6018651d4267640ab507f18639f458d111acf32721f16328ed6,1089581c802a0f5b9679e0f7426544a2e7d61c1b00ecc63f7b60086fbe80f210,61.38309574057167,stable,within_run_online_critic,b9b9c4b4ce95137e762f84e91944d4a1609f02d4e21cffc838b67e49d2cb6575,posthoc_final_checkpoint_one_adam_step,False,2,3,6.666666666666667,533.7818613515625,0.02497899291589389,500000,500001,-0.006593968904800462,0.0,-0.006655642979719545,0.0,-13.317071968267388,-13.317133642342307,-13.310477999362588,533.6376174129546,533.6362827382982,532.8668791484088,0.01265829674529819,0.012563283841592382,True,raw/halfcheetah-medium-v2/halfcheetah-medium-v2_tau20_mpi3_seed0.npz,429fa0092c52e8f416b71606abb6f16d46f6bc1fbc459e6e9f316ee59249dfa6
p3|halfcheetah-medium-v2|20|0,p3,halfcheetah-medium-v2,20.0,0,1000000,a568dcbe31ceb0de1d8921919359845c64d6fe2befaa08457a0ab3a46bbea9b0,413f78b60d6079bf3e76ad0bacbb3935a763415daa5b7e2adccb8dbfece6bf71,5f39c698988f5364a72551a5a647abe6c02aa0a2877bd0ae58044915ffd4b56c,41324e8487a9556d8cfa4538827f8937f4d63dae3030825ebc9f3a726ed08ca0,51caf28579bcf0013343423215dd5726ae413ef0b9b26b62ac1b2c5fc057f353,f20b34392225e6018651d4267640ab507f18639f458d111acf32721f16328ed6,1089581c802a0f5b9679e0f7426544a2e7d61c1b00ecc63f7b60086fbe80f210,61.38309574057167,stable,within_run_online_critic,b9b9c4b4ce95137e762f84e91944d4a1609f02d4e21cffc838b67e49d2cb6575,posthoc_final_checkpoint_one_adam_step,False,3,3,6.666666666666667,534.551026390625,0.024943050663212,500000,500001,-0.0009209337444300303,0.0,-0.0010547617544354182,0.0,-13.311471060671499,-13.311604888681504,-13.310550126927069,534.1151755042374,534.1151193138212,533.6376174129546,0.010990821921064764,0.010855592350659624,True,raw/halfcheetah-medium-v2/halfcheetah-medium-v2_tau20_mpi3_seed0.npz,429fa0092c52e8f416b71606abb6f16d46f6bc1fbc459e6e9f316ee59249dfa6
p4|halfcheetah-medium-v2|20|0,p4,halfcheetah-medium-v2,20.0,0,1000000,fd99e47179e318b3a6872e126a88cb002d77c4185896fa0f75039c93f236380b,59427d4e36557e787b3eb4b63560ecd9bfc0afd057e796a5c0de35b4bb857dc1,2559b8e4e1fca93b7984c2bfc1040bf5b578c959edb86874833b84a606c4bb60,41324e8487a9556d8cfa4538827f8937f4d63dae3030825ebc9f3a726ed08ca0,51caf28579bcf0013343423215dd5726ae413ef0b9b26b62ac1b2c5fc057f353,f20b34392225e6018651d4267640ab507f18639f458d111acf32721f16328ed6,1089581c802a0f5b9679e0f7426544a2e7d61c1b00ecc63f7b60086fbe80f210,60.65280307245781,stable,within_run_online_critic,b3228ee5c51efcd0b25bb8136121e32effe292e06530b587ce361156a5131c13,posthoc_final_checkpoint_one_adam_step,False,2,4,5.0,514.748292015625,0.019426970725522005,500000,500001,-0.0042557188829182024,0.0,-0.004521180809149428,0.0,-9.99193086735669,-9.99219632928292,-9.987675148473771,514.904581759125,514.9045280739665,514.1138723883778,0.011105368914984917,0.010838864048750953,True,raw/halfcheetah-medium-v2/halfcheetah-medium-v2_tau20_mpi4_seed0.npz,e05f8ca1f7345ee45534541dacf350649c4de8d289565e4dab97f08cc772bcbd
p4|halfcheetah-medium-v2|20|0,p4,halfcheetah-medium-v2,20.0,0,1000000,fd99e47179e318b3a6872e126a88cb002d77c4185896fa0f75039c93f236380b,59427d4e36557e787b3eb4b63560ecd9bfc0afd057e796a5c0de35b4bb857dc1,2559b8e4e1fca93b7984c2bfc1040bf5b578c959edb86874833b84a606c4bb60,41324e8487a9556d8cfa4538827f8937f4d63dae3030825ebc9f3a726ed08ca0,51caf28579bcf0013343423215dd5726ae413ef0b9b26b62ac1b2c5fc057f353,f20b34392225e6018651d4267640ab507f18639f458d111acf32721f16328ed6,1089581c802a0f5b9679e0f7426544a2e7d61c1b00ecc63f7b60086fbe80f210,60.65280307245781,stable,within_run_online_critic,b3228ee5c51efcd0b25bb8136121e32effe292e06530b587ce361156a5131c13,posthoc_final_checkpoint_one_adam_step,False,3,4,5.0,515.5349741445312,0.019397326081695632,500000,500001,0.00034981049307880596,0.00034981049307880596,0.0002609953567862533,0.0002609953567862533,-9.987422262847778,-9.98751107798407,-9.987772073340857,515.3636021986604,515.3666151687503,514.904581759125,0.009253579636909455,0.009223208063924944,True,raw/halfcheetah-medium-v2/halfcheetah-medium-v2_tau20_mpi4_seed0.npz,e05f8ca1f7345ee45534541dacf350649c4de8d289565e4dab97f08cc772bcbd
p4|halfcheetah-medium-v2|20|0,p4,halfcheetah-medium-v2,20.0,0,1000000,fd99e47179e318b3a6872e126a88cb002d77c4185896fa0f75039c93f236380b,59427d4e36557e787b3eb4b63560ecd9bfc0afd057e796a5c0de35b4bb857dc1,2559b8e4e1fca93b7984c2bfc1040bf5b578c959edb86874833b84a606c4bb60,41324e8487a9556d8cfa4538827f8937f4d63dae3030825ebc9f3a726ed08ca0,51caf28579bcf0013343423215dd5726ae413ef0b9b26b62ac1b2c5fc057f353,f20b34392225e6018651d4267640ab507f18639f458d111acf32721f16328ed6,1089581c802a0f5b9679e0f7426544a2e7d61c1b00ecc63f7b60086fbe80f210,60.65280307245781,stable,within_run_online_critic,b3228ee5c51efcd0b25bb8136121e32effe292e06530b587ce361156a5131c13,posthoc_final_checkpoint_one_adam_step,False,4,4,5.0,515.9912119375,0.019380175027498843,500000,500001,0.0028708084642943277,0.0028708084642943277,0.002673962130943508,0.002673962130943508,-9.984966004948031,-9.985162851281382,-9.987836813412326,515.6456849407405,515.6495942883193,515.3636021986604,0.008337621378042882,0.00821653888501332,True,raw/halfcheetah-medium-v2/halfcheetah-medium-v2_tau20_mpi4_seed0.npz,e05f8ca1f7345ee45534541dacf350649c4de8d289565e4dab97f08cc772bcbd
p3|halfcheetah-medium-v2|20|1,p3,halfcheetah-medium-v2,20.0,1,1000000,f4855dc59b21023380d6a49e7bdd5a65f31dd5a9ecc886c3b5af0ba9a5d22d98,96affef441d0ac39f2d34816367517b55dfc9bdb8d852088d3118fae52e03c1e,779f07769b148f5ed049a074daf17349f0ed63df655f6b12136e7f15affd8138,41324e8487a9556d8cfa4538827f8937f4d63dae3030825ebc9f3a726ed08ca0,51caf28579bcf0013343423215dd5726ae413ef0b9b26b62ac1b2c5fc057f353,f20b34392225e6018651d4267640ab507f18639f458d111acf32721f16328ed6,1089581c802a0f5b9679e0f7426544a2e7d61c1b00ecc63f7b60086fbe80f210,63.03312015817365,stable,within_run_online_critic,3775fd8eacd3f4cdb09c2fd93781937edb2311197a9bb20a241f3bb58873e564,posthoc_final_checkpoint_one_adam_step,False,2,3,6.666666666666667,531.134034203125,0.025103519026676006,500000,500001,-0.00597793935560631,0.0,-0.00610098607667986,0.0,-13.303319826075974,-13.303442872797048,-13.297341886720368,530.4757966715842,530.4835313912481,529.7003130353987,0.01348942886025386,0.013560550821428027,True,raw/halfcheetah-medium-v2/halfcheetah-medium-v2_tau20_mpi3_seed1.npz,ed6f87342f493d8331c32211fd45665cb7eb2a58082c1a44c7fbfee24b82aedf
p3|halfcheetah-medium-v2|20|1,p3,halfcheetah-medium-v2,20.0,1,1000000,f4855dc59b21023380d6a49e7bdd5a65f31dd5a9ecc886c3b5af0ba9a5d22d98,96affef441d0ac39f2d34816367517b55dfc9bdb8d852088d3118fae52e03c1e,779f07769b148f5ed049a074daf17349f0ed63df655f6b12136e7f15affd8138,41324e8487a9556d8cfa4538827f8937f4d63dae3030825ebc9f3a726ed08ca0,51caf28579bcf0013343423215dd5726ae413ef0b9b26b62ac1b2c5fc057f353,f20b34392225e6018651d4267640ab507f18639f458d111acf32721f16328ed6,1089581c802a0f5b9679e0f7426544a2e7d61c1b00ecc63f7b60086fbe80f210,63.03312015817365,stable,within_run_online_critic,3775fd8eacd3f4cdb09c2fd93781937edb2311197a9bb20a241f3bb58873e564,posthoc_final_checkpoint_one_adam_step,False,3,3,6.666666666666667,531.9071054921875,0.02506703369001934,500000,500001,0.0006353064715298729,0.0006353064715298729,0.00018861250402046892,0.00018861250402046892,-13.296819360434922,-13.297266054402431,-13.297454666906452,530.8783716186881,530.8890372179449,530.4757966715842,0.010726666233338141,0.01054732720172257,True,raw/halfcheetah-medium-v2/halfcheetah-medium-v2_tau20_mpi3_seed1.npz,ed6f87342f493d8331c32211fd45665cb7eb2a58082c1a44c7fbfee24b82aedf
p4|halfcheetah-medium-v2|20|1,p4,halfcheetah-medium-v2,20.0,1,1000000,cd8c9fc835b11b3b94c2c0f484be4fd7cdd4c6539f26388c570be5cff33e1045,4f44455f43b22c860fc58d6c8235ebdcfeab446291159f1fce389f0d77e4424b,c65b72b06ba49c5d913ec47e819e995e354a8062909afd4bfec74b888d0b4297,41324e8487a9556d8cfa4538827f8937f4d63dae3030825ebc9f3a726ed08ca0,51caf28579bcf0013343423215dd5726ae413ef0b9b26b62ac1b2c5fc057f353,f20b34392225e6018651d4267640ab507f18639f458d111acf32721f16328ed6,1089581c802a0f5b9679e0f7426544a2e7d61c1b00ecc63f7b60086fbe80f210,61.54686654806749,stable,within_run_online_critic,aecea6e3bd7adefe37c0c5f0bd9a5c8bee6a7d9b6d73bca67825b71a8b0bb553,posthoc_final_checkpoint_one_adam_step,False,2,4,5.0,516.1478281484375,0.01937429444559075,500000,500001,-0.004328393302987621,0.0,-0.004408373103084173,0.0,-9.987788135197386,-9.987868114997482,-9.983459741894398,516.078179307282,516.0815551709384,515.2941063186154,0.010862467646272524,0.01084789282266308,True,raw/halfcheetah-medium-v2/halfcheetah-medium-v2_tau20_mpi4_seed1.npz,9d3caf8af4620f7ecd1425d6ffa5d358b4625ae2f5972fb10c19c025311f24fd
p4|halfcheetah-medium-v2|20|1,p4,halfcheetah-medium-v2,20.0,1,1000000,cd8c9fc835b11b3b94c2c0f484be4fd7cdd4c6539f26388c570be5cff33e1045,4f44455f43b22c860fc58d6c8235ebdcfeab446291159f1fce389f0d77e4424b,c65b72b06ba49c5d913ec47e819e995e354a8062909afd4bfec74b888d0b4297,41324e8487a9556d8cfa4538827f8937f4d63dae3030825ebc9f3a726ed08ca0,51caf28579bcf0013343423215dd5726ae413ef0b9b26b62ac1b2c5fc057f353,f20b34392225e6018651d4267640ab507f18639f458d111acf32721f16328ed6,1089581c802a0f5b9679e0f7426544a2e7d61c1b00ecc63f7b60086fbe80f210,61.54686654806749,stable,within_run_online_critic,aecea6e3bd7adefe37c0c5f0bd9a5c8bee6a7d9b6d73bca67825b71a8b0bb553,posthoc_final_checkpoint_one_adam_step,False,3,4,5.0,516.9198008046875,0.01934536070089215,500000,500001,0.0009502413189554915,0.0009502413189554915,0.0007067711899910734,0.0007067711899910734,-9.98276828724011,-9.983011757369074,-9.983718528559065,516.4905534097925,516.4943250054494,516.078179307282,0.008927767075727138,0.00875725982516268,True,raw/halfcheetah-medium-v2/halfcheetah-medium-v2_tau20_mpi4_seed1.npz,9d3caf8af4620f7ecd1425d6ffa5d358b4625ae2f5972fb10c19c025311f24fd
p4|halfcheetah-medium-v2|20|1,p4,halfcheetah-medium-v2,20.0,1,1000000,cd8c9fc835b11b3b94c2c0f484be4fd7cdd4c6539f26388c570be5cff33e1045,4f44455f43b22c860fc58d6c8235ebdcfeab446291159f1fce389f0d77e4424b,c65b72b06ba49c5d913ec47e819e995e354a8062909afd4bfec74b888d0b4297,41324e8487a9556d8cfa4538827f8937f4d63dae3030825ebc9f3a726ed08ca0,51caf28579bcf0013343423215dd5726ae413ef0b9b26b62ac1b2c5fc057f353,f20b34392225e6018651d4267640ab507f18639f458d111acf32721f16328ed6,1089581c802a0f5b9679e0f7426544a2e7d61c1b00ecc63f7b60086fbe80f210,61.54686654806749,stable,within_run_online_critic,aecea6e3bd7adefe37c0c5f0bd9a5c8bee6a7d9b6d73bca67825b71a8b0bb553,posthoc_final_checkpoint_one_adam_step,False,4,4,5.0,517.33837990625,0.019329708346425334,500000,500001,0.003596375909998173,0.003596375909998173,0.00339142329247899,0.00339142329247899,-9.980015385185107,-9.980220337802626,-9.983611761095105,516.7621092814952,516.7641108930111,516.4905534097925,0.008845471709772372,0.00867920965907713,True,raw/halfcheetah-medium-v2/halfcheetah-medium-v2_tau20_mpi4_seed1.npz,9d3caf8af4620f7ecd1425d6ffa5d358b4625ae2f5972fb10c19c025311f24fd
p3|halfcheetah-medium-replay-v2|4|0,p3,halfcheetah-medium-replay-v2,4.0,0,1000000,fdbfaa3c0faa77f0345f4bea05525a41d04c935715dc3909f4a6bd55443410fc,c55f6132e389d73bcca8906217eb245098b2a1786888655b34eec50bed6fa0b0,e2739dac38be6019105d601e5e8e0fdbfb466c24a36dfee00cf083353126b516,48d494a4770c11f48260736dec090b78bdca8375647ed4d24bfa5b6610c7f683,e5aa1396cd1114d28714078253945dcbf3ea6079180c0c91c1c59c25efa22446,8e2d2a1cec9363487800fca287beb5e3652620abf31ddb169207b053b761482f,67fc1d5256fb8eb39a4394338feb043dceb03a5d53ac2c0a6981c8ddf850aa1c,50.0417121873146,stable,within_run_online_critic,07bd12865ca07267c32ab1af76292a2c2383296782ab1a61e7589a5552bece4e,posthoc_final_checkpoint_one_adam_step,False,2,3,1.3333333333333333,307.8473825917969,0.008662300923969996,500000,500001,0.015526366599683428,0.015526366599683428,0.015129874285049638,0.015129874285049638,-2.538459268978728,-2.538855761293362,-2.5539856355784116,296.0088235391304,296.00773551734164,294.8391724086978,0.025658236667551976,0.025252319580772425,True,raw/halfcheetah-medium-replay-v2/halfcheetah-medium-replay-v2_tau4_mpi3_seed0.npz,c3036ee89711e12e4809a10c41f7d9e0db33a2decbba0455f35716b854f5fb7c
p3|halfcheetah-medium-replay-v2|4|0,p3,halfcheetah-medium-replay-v2,4.0,0,1000000,fdbfaa3c0faa77f0345f4bea05525a41d04c935715dc3909f4a6bd55443410fc,c55f6132e389d73bcca8906217eb245098b2a1786888655b34eec50bed6fa0b0,e2739dac38be6019105d601e5e8e0fdbfb466c24a36dfee00cf083353126b516,48d494a4770c11f48260736dec090b78bdca8375647ed4d24bfa5b6610c7f683,e5aa1396cd1114d28714078253945dcbf3ea6079180c0c91c1c59c25efa22446,8e2d2a1cec9363487800fca287beb5e3652620abf31ddb169207b053b761482f,67fc1d5256fb8eb39a4394338feb043dceb03a5d53ac2c0a6981c8ddf850aa1c,50.0417121873146,stable,within_run_online_critic,07bd12865ca07267c32ab1af76292a2c2383296782ab1a61e7589a5552bece4e,posthoc_final_checkpoint_one_adam_step,False,3,3,1.3333333333333333,308.95294289453125,0.00863130365965473,500000,500001,0.006658546482547045,0.006658546482547045,0.006501667041239223,0.006501667041239223,-2.5482834954208404,-2.5484403748621482,-2.5549420419033875,296.84309591702186,296.84315613494255,296.0088235391304,0.013859404710990708,0.0137030450288416,True,raw/halfcheetah-medium-replay-v2/halfcheetah-medium-replay-v2_tau4_mpi3_seed0.npz,c3036ee89711e12e4809a10c41f7d9e0db33a2decbba0455f35716b854f5fb7c
p4|halfcheetah-medium-replay-v2|4|0,p4,halfcheetah-medium-replay-v2,4.0,0,1000000,2a061f1aef1a5b4f266e0dd8fe7abb0437cee89a23c3b36ddc86aa3d716372cd,f1a018af66b5b38ecb5c212ad95f669cc014bee962305f37230d649b781f80a8,5a6da6471a16bc04abfa7d2d5daa183c41ac5e59de3a0880f6bda6a37d9ee7b2,48d494a4770c11f48260736dec090b78bdca8375647ed4d24bfa5b6610c7f683,e5aa1396cd1114d28714078253945dcbf3ea6079180c0c91c1c59c25efa22446,8e2d2a1cec9363487800fca287beb5e3652620abf31ddb169207b053b761482f,67fc1d5256fb8eb39a4394338feb043dceb03a5d53ac2c0a6981c8ddf850aa1c,50.15381471827969,stable,within_run_online_critic,7822ed02dc2b97e143002db913fded1c04f566f637612b79a0de83d011b85e1a,posthoc_final_checkpoint_one_adam_step,False,2,4,1.0,296.138917015625,0.006753587202098382,500000,500001,0.015180499971926498,0.015180499971926498,0.014911890598325428,0.014911890598325428,-1.8941033346669136,-1.8943719440405147,-1.90928383463884,283.871314691045,283.86999349773396,282.7066235326929,0.023046343273370226,0.022768811105532374,True,raw/halfcheetah-medium-replay-v2/halfcheetah-medium-replay-v2_tau4_mpi4_seed0.npz,2b29c0a4cf39276d302c6e974a118f7534d156a7d0709a6192cf66f281c15b3f
p4|halfcheetah-medium-replay-v2|4|0,p4,halfcheetah-medium-replay-v2,4.0,0,1000000,2a061f1aef1a5b4f266e0dd8fe7abb0437cee89a23c3b36ddc86aa3d716372cd,f1a018af66b5b38ecb5c212ad95f669cc014bee962305f37230d649b781f80a8,5a6da6471a16bc04abfa7d2d5daa183c41ac5e59de3a0880f6bda6a37d9ee7b2,48d494a4770c11f48260736dec090b78bdca8375647ed4d24bfa5b6610c7f683,e5aa1396cd1114d28714078253945dcbf3ea6079180c0c91c1c59c25efa22446,8e2d2a1cec9363487800fca287beb5e3652620abf31ddb169207b053b761482f,67fc1d5256fb8eb39a4394338feb043dceb03a5d53ac2c0a6981c8ddf850aa1c,50.15381471827969,stable,within_run_online_critic,7822ed02dc2b97e143002db913fded1c04f566f637612b79a0de83d011b85e1a,posthoc_final_checkpoint_one_adam_step,False,3,4,1.0,297.22931008203125,0.006728811500615559,500000,500001,0.006903460328962607,0.006903460328962607,0.006778224893807083,0.006778224893807083,-1.9032131066589992,-1.9033383420941548,-1.9101165669879618,284.7268881374039,284.72580192564055,283.871314691045,0.01266045277444359,0.012527908425083015,True,raw/halfcheetah-medium-replay-v2/halfcheetah-medium-replay-v2_tau4_mpi4_seed0.npz,2b29c0a4cf39276d302c6e974a118f7534d156a7d0709a6192cf66f281c15b3f
p4|halfcheetah-medium-replay-v2|4|0,p4,halfcheetah-medium-replay-v2,4.0,0,1000000,2a061f1aef1a5b4f266e0dd8fe7abb0437cee89a23c3b36ddc86aa3d716372cd,f1a018af66b5b38ecb5c212ad95f669cc014bee962305f37230d649b781f80a8,5a6da6471a16bc04abfa7d2d5daa183c41ac5e59de3a0880f6bda6a37d9ee7b2,48d494a4770c11f48260736dec090b78bdca8375647ed4d24bfa5b6610c7f683,e5aa1396cd1114d28714078253945dcbf3ea6079180c0c91c1c59c25efa22446,8e2d2a1cec9363487800fca287beb5e3652620abf31ddb169207b053b761482f,67fc1d5256fb8eb39a4394338feb043dceb03a5d53ac2c0a6981c8ddf850aa1c,50.15381471827969,stable,within_run_online_critic,7822ed02dc2b97e143002db913fded1c04f566f637612b79a0de83d011b85e1a,posthoc_final_checkpoint_one_adam_step,False,4,4,1.0,298.04834084375,0.006710320863851035,500000,500001,0.005816985856876622,0.005816985856876622,0.005673519457921605,0.005673519457921605,-1.9047917921109243,-1.9049352585098793,-1.910608777967801,285.43729651905596,285.43689233926125,284.7268881374039,0.010584054042131202,0.01043787546706716,True,raw/halfcheetah-medium-replay-v2/halfcheetah-medium-replay-v2_tau4_mpi4_seed0.npz,2b29c0a4cf39276d302c6e974a118f7534d156a7d0709a6192cf66f281c15b3f
p3|halfcheetah-medium-replay-v2|4|1,p3,halfcheetah-medium-replay-v2,4.0,1,1000000,e9a3cb5487db7024fdfe9dc8be22f0012383d7b8cc6f9deba7ac5b7cefeae242,2729531d4adc63f967192eebc298358dade82868a8601762ca37aa87f5926680,2c36d621e70be4b2969bd03af07e87656abb324f9f80ad32ec46e374a00815e2,48d494a4770c11f48260736dec090b78bdca8375647ed4d24bfa5b6610c7f683,e5aa1396cd1114d28714078253945dcbf3ea6079180c0c91c1c59c25efa22446,8e2d2a1cec9363487800fca287beb5e3652620abf31ddb169207b053b761482f,67fc1d5256fb8eb39a4394338feb043dceb03a5d53ac2c0a6981c8ddf850aa1c,48.57245464683448,stable,within_run_online_critic,c53ab8c8d2d700cb70c17b924eac2c48255a6f7256457b8a80317dcfacd6d771,posthoc_final_checkpoint_one_adam_step,False,2,3,1.3333333333333333,306.20465187890625,0.008708772549024645,500000,500001,0.013375274914246837,0.013375274914246837,0.013026356939541017,0.013026356939541017,-2.553016222864274,-2.55336514083898,-2.566391497778521,295.8902260152536,295.8954924032005,294.6903806858463,0.02382445498206427,0.023521400782142626,True,raw/halfcheetah-medium-replay-v2/halfcheetah-medium-replay-v2_tau4_mpi3_seed1.npz,516c34892c6140f0053e63c9d0f44ad8be81faae0430624f0a93ab8d3cb6425c
p3|halfcheetah-medium-replay-v2|4|1,p3,halfcheetah-medium-replay-v2,4.0,1,1000000,e9a3cb5487db7024fdfe9dc8be22f0012383d7b8cc6f9deba7ac5b7cefeae242,2729531d4adc63f967192eebc298358dade82868a8601762ca37aa87f5926680,2c36d621e70be4b2969bd03af07e87656abb324f9f80ad32ec46e374a00815e2,48d494a4770c11f48260736dec090b78bdca8375647ed4d24bfa5b6610c7f683,e5aa1396cd1114d28714078253945dcbf3ea6079180c0c91c1c59c25efa22446,8e2d2a1cec9363487800fca287beb5e3652620abf31ddb169207b053b761482f,67fc1d5256fb8eb39a4394338feb043dceb03a5d53ac2c0a6981c8ddf850aa1c,48.57245464683448,stable,within_run_online_critic,c53ab8c8d2d700cb70c17b924eac2c48255a6f7256457b8a80317dcfacd6d771,posthoc_final_checkpoint_one_adam_step,False,3,3,1.3333333333333333,307.3499765859375,0.008676319732599835,500000,500001,0.005542378835381445,0.005542378835381445,0.005507977602758896,0.005507977602758896,-2.561695827824188,-2.5617302290568107,-2.5672382066595696,296.78231057245284,296.7837101104669,295.8902260152536,0.013282389682156793,0.013260131288822549,True,raw/halfcheetah-medium-replay-v2/halfcheetah-medium-replay-v2_tau4_mpi3_seed1.npz,516c34892c6140f0053e63c9d0f44ad8be81faae0430624f0a93ab8d3cb6425c
p4|halfcheetah-medium-replay-v2|4|1,p4,halfcheetah-medium-replay-v2,4.0,1,1000000,495d89797918ec1c42a401d7ce4fe53588e9d64e55839df8887a8e6b161074e7,2ace2666aefb121a8e65a4645a5c31b77a4d32a4f11bf3087185c07a92b42352,932e1073b042fc18dd26ceb7efe82cf8065d9df52cc2b7b5ec39f940b1dff154,48d494a4770c11f48260736dec090b78bdca8375647ed4d24bfa5b6610c7f683,e5aa1396cd1114d28714078253945dcbf3ea6079180c0c91c1c59c25efa22446,8e2d2a1cec9363487800fca287beb5e3652620abf31ddb169207b053b761482f,67fc1d5256fb8eb39a4394338feb043dceb03a5d53ac2c0a6981c8ddf850aa1c,49.621388526491884,stable,within_run_online_critic,44b0d767c8259677cc4d22cc2d932860b14b9d48532cfcce3ab9651ac950c011,posthoc_final_checkpoint_one_adam_step,False,2,4,1.0,292.2489939199219,0.006843479504151905,500000,500001,0.015137436569675033,0.015137436569675033,0.01482326304632009,0.01482326304632009,-1.9161360878557152,-1.9164502613790702,-1.9312735244253902,283.4196003972902,283.42262784478953,282.206372248751,0.02344013853806338,0.02314668328961987,True,raw/halfcheetah-medium-replay-v2/halfcheetah-medium-replay-v2_tau4_mpi4_seed1.npz,8c744c55066f721be7aba4e9db7ec882269e4a08d6f6fe07539a80e0fb8e6523
p4|halfcheetah-medium-replay-v2|4|1,p4,halfcheetah-medium-replay-v2,4.0,1,1000000,495d89797918ec1c42a401d7ce4fe53588e9d64e55839df8887a8e6b161074e7,2ace2666aefb121a8e65a4645a5c31b77a4d32a4f11bf3087185c07a92b42352,932e1073b042fc18dd26ceb7efe82cf8065d9df52cc2b7b5ec39f940b1dff154,48d494a4770c11f48260736dec090b78bdca8375647ed4d24bfa5b6610c7f683,e5aa1396cd1114d28714078253945dcbf3ea6079180c0c91c1c59c25efa22446,8e2d2a1cec9363487800fca287beb5e3652620abf31ddb169207b053b761482f,67fc1d5256fb8eb39a4394338feb043dceb03a5d53ac2c0a6981c8ddf850aa1c,49.621388526491884,stable,within_run_online_critic,44b0d767c8259677cc4d22cc2d932860b14b9d48532cfcce3ab9651ac950c011,posthoc_final_checkpoint_one_adam_step,False,3,4,1.0,293.3903513417969,0.006816856760466603,500000,500001,0.0068473624182492365,0.0068473624182492365,0.006789709224471974,0.006789709224471974,-1.9251834565987616,-1.9252411097925388,-1.9320308190170108,284.3086079878267,284.308077635942,283.4196003972902,0.01290759982190409,0.012846331295296526,True,raw/halfcheetah-medium-replay-v2/halfcheetah-medium-replay-v2_tau4_mpi4_seed1.npz,8c744c55066f721be7aba4e9db7ec882269e4a08d6f6fe07539a80e0fb8e6523
p4|halfcheetah-medium-replay-v2|4|1,p4,halfcheetah-medium-replay-v2,4.0,1,1000000,495d89797918ec1c42a401d7ce4fe53588e9d64e55839df8887a8e6b161074e7,2ace2666aefb121a8e65a4645a5c31b77a4d32a4f11bf3087185c07a92b42352,932e1073b042fc18dd26ceb7efe82cf8065d9df52cc2b7b5ec39f940b1dff154,48d494a4770c11f48260736dec090b78bdca8375647ed4d24bfa5b6610c7f683,e5aa1396cd1114d28714078253945dcbf3ea6079180c0c91c1c59c25efa22446,8e2d2a1cec9363487800fca287beb5e3652620abf31ddb169207b053b761482f,67fc1d5256fb8eb39a4394338feb043dceb03a5d53ac2c0a6981c8ddf850aa1c,49.621388526491884,stable,within_run_online_critic,44b0d767c8259677cc4d22cc2d932860b14b9d48532cfcce3ab9651ac950c011,posthoc_final_checkpoint_one_adam_step,False,4,4,1.0,294.22955422265625,0.006797413690422524,500000,500001,0.006222585497479338,0.006222585497479338,0.005942720085325037,0.005942720085325037,-1.9263406387439443,-1.9266205041560986,-1.9325632242414237,284.96110693726223,284.9600463885581,284.3086079878267,0.010657890789358882,0.010370816388923872,True,raw/halfcheetah-medium-replay-v2/halfcheetah-medium-replay-v2_tau4_mpi4_seed1.npz,8c744c55066f721be7aba4e9db7ec882269e4a08d6f6fe07539a80e0fb8e6523
p3|halfcheetah-medium-replay-v2|7|0,p3,halfcheetah-medium-replay-v2,7.0,0,1000000,9d982b6172af3ea2d7d20dad53509f629e2f68edfd80d68451c8265c17107a33,340a904fd154defd1133aeabb6514448999db46ed659a562083b864921ddd63d,33fb370170b59bffdb780358145b871e22cbfec11b4b37eaeb089ff128157f99,48d494a4770c11f48260736dec090b78bdca8375647ed4d24bfa5b6610c7f683,e5aa1396cd1114d28714078253945dcbf3ea6079180c0c91c1c59c25efa22446,8e2d2a1cec9363487800fca287beb5e3652620abf31ddb169207b053b761482f,67fc1d5256fb8eb39a4394338feb043dceb03a5d53ac2c0a6981c8ddf850aa1c,51.447554263909254,stable,within_run_online_critic,aedd4da2cee349333f5e4100c168c1c5ebf5fb01a5a38a53a173120a178721f8,posthoc_final_checkpoint_one_adam_step,False,2,3,2.3333333333333335,335.278077171875,0.013918794530291864,500000,500001,0.01037367207241413,0.01037367207241413,0.010284305771707913,0.010284305771707913,-4.503317129459135,-4.503406495759841,-4.513690801531549,325.49833316588774,325.4971146392636,324.2874799041165,0.02722728982934249,0.02712096310692519,True,raw/halfcheetah-medium-replay-v2/halfcheetah-medium-replay-v2_tau7_mpi3_seed0.npz,6c06ea41c0282f9a14dd1890f586f91c92246ca339840a90d4d2adf6b7e61dca
p3|halfcheetah-medium-replay-v2|7|0,p3,halfcheetah-medium-replay-v2,7.0,0,1000000,9d982b6172af3ea2d7d20dad53509f629e2f68edfd80d68451c8265c17107a33,340a904fd154defd1133aeabb6514448999db46ed659a562083b864921ddd63d,33fb370170b59bffdb780358145b871e22cbfec11b4b37eaeb089ff128157f99,48d494a4770c11f48260736dec090b78bdca8375647ed4d24bfa5b6610c7f683,e5aa1396cd1114d28714078253945dcbf3ea6079180c0c91c1c59c25efa22446,8e2d2a1cec9363487800fca287beb5e3652620abf31ddb169207b053b761482f,67fc1d5256fb8eb39a4394338feb043dceb03a5d53ac2c0a6981c8ddf850aa1c,51.447554263909254,stable,within_run_online_critic,aedd4da2cee349333f5e4100c168c1c5ebf5fb01a5a38a53a173120a178721f8,posthoc_final_checkpoint_one_adam_step,False,3,3,2.3333333333333335,336.3773508535156,0.01387330822014497,500000,500001,0.006536912518361859,0.006536912518361859,0.006285939650186201,0.006285939650186201,-4.509201788635435,-4.509452761503611,-4.515738701153797,326.28173231857363,326.28245792130474,325.49833316588774,0.01740525042297303,0.017164344065132158,True,raw/halfcheetah-medium-replay-v2/halfcheetah-medium-replay-v2_tau7_mpi3_seed0.npz,6c06ea41c0282f9a14dd1890f586f91c92246ca339840a90d4d2adf6b7e61dca
p4|halfcheetah-medium-replay-v2|7|0,p4,halfcheetah-medium-replay-v2,7.0,0,1000000,feca4472e782f507b02c88207db43b568d2508376199f72141d9a22db220cd81,faf3312068be164a31b15e0c7b09a8a12fb1fd1a5400ac2f7b2657714dd40d88,c16db3af13dc99dcb84fb58bd652d4115b393d24a2d2e1d387d75807c3ba005f,48d494a4770c11f48260736dec090b78bdca8375647ed4d24bfa5b6610c7f683,e5aa1396cd1114d28714078253945dcbf3ea6079180c0c91c1c59c25efa22446,8e2d2a1cec9363487800fca287beb5e3652620abf31ddb169207b053b761482f,67fc1d5256fb8eb39a4394338feb043dceb03a5d53ac2c0a6981c8ddf850aa1c,51.617116375465145,stable,within_run_online_critic,f7122ca15f43732d825b55cf20f2062568dea24296def4b71f89905a41cfc563,posthoc_final_checkpoint_one_adam_step,False,2,4,1.75,321.9088144765625,0.010872644185562766,500000,500001,0.012554918722323283,0.012554918722323283,0.012358777588056036,0.012358777588056036,-3.359255994072264,-3.3594521352065314,-3.3718109127945874,311.36347953788936,311.36374803446233,310.1187581648119,0.026088331321959646,0.02589510945539572,True,raw/halfcheetah-medium-replay-v2/halfcheetah-medium-replay-v2_tau7_mpi4_seed0.npz,368ce979b3ee43d2d6b43e4ae4ef99adc706ad17a27516c7336811e27544869d
p4|halfcheetah-medium-replay-v2|7|0,p4,halfcheetah-medium-replay-v2,7.0,0,1000000,feca4472e782f507b02c88207db43b568d2508376199f72141d9a22db220cd81,faf3312068be164a31b15e0c7b09a8a12fb1fd1a5400ac2f7b2657714dd40d88,c16db3af13dc99dcb84fb58bd652d4115b393d24a2d2e1d387d75807c3ba005f,48d494a4770c11f48260736dec090b78bdca8375647ed4d24bfa5b6610c7f683,e5aa1396cd1114d28714078253945dcbf3ea6079180c0c91c1c59c25efa22446,8e2d2a1cec9363487800fca287beb5e3652620abf31ddb169207b053b761482f,67fc1d5256fb8eb39a4394338feb043dceb03a5d53ac2c0a6981c8ddf850aa1c,51.617116375465145,stable,within_run_online_critic,f7122ca15f43732d825b55cf20f2062568dea24296def4b71f89905a41cfc563,posthoc_final_checkpoint_one_adam_step,False,3,4,1.75,323.0823984609375,0.010833149737258652,500000,500001,0.006030563754126916,0.006030563754126916,0.005894841518548244,0.005894841518548244,-3.367016632793699,-3.3671523550292775,-3.3730471965478257,312.244066930376,312.23955783527344,311.36347953788936,0.015570098833676826,0.01538552889567281,True,raw/halfcheetah-medium-replay-v2/halfcheetah-medium-replay-v2_tau7_mpi4_seed0.npz,368ce979b3ee43d2d6b43e4ae4ef99adc706ad17a27516c7336811e27544869d
p4|halfcheetah-medium-replay-v2|7|0,p4,halfcheetah-medium-replay-v2,7.0,0,1000000,feca4472e782f507b02c88207db43b568d2508376199f72141d9a22db220cd81,faf3312068be164a31b15e0c7b09a8a12fb1fd1a5400ac2f7b2657714dd40d88,c16db3af13dc99dcb84fb58bd652d4115b393d24a2d2e1d387d75807c3ba005f,48d494a4770c11f48260736dec090b78bdca8375647ed4d24bfa5b6610c7f683,e5aa1396cd1114d28714078253945dcbf3ea6079180c0c91c1c59c25efa22446,8e2d2a1cec9363487800fca287beb5e3652620abf31ddb169207b053b761482f,67fc1d5256fb8eb39a4394338feb043dceb03a5d53ac2c0a6981c8ddf850aa1c,51.617116375465145,stable,within_run_online_critic,f7122ca15f43732d825b55cf20f2062568dea24296def4b71f89905a41cfc563,posthoc_final_checkpoint_one_adam_step,False,4,4,1.75,323.88330178125,0.010806361367662887,500000,500001,0.006139486313117004,0.006139486313117004,0.00588974284019983,0.00588974284019983,-3.3680827358452428,-3.36833247931816,-3.3742222221583598,312.8574619433057,312.85569905165175,312.244066930376,0.012768054483957772,0.012499260566776254,True,raw/halfcheetah-medium-replay-v2/halfcheetah-medium-replay-v2_tau7_mpi4_seed0.npz,368ce979b3ee43d2d6b43e4ae4ef99adc706ad17a27516c7336811e27544869d
p3|halfcheetah-medium-replay-v2|7|1,p3,halfcheetah-medium-replay-v2,7.0,1,1000000,b726490330c93ea6003364781e234b50c36c2eb7f2f184738013a75fd8101757,e5a27af0af21ba66dd13fbe30f20f57804634e66f65f16067f8cd81b7eebbda1,a6ed1977ea85a875dee038e3d90d505f4158f764bececbe06a4c2de9bfa73b62,48d494a4770c11f48260736dec090b78bdca8375647ed4d24bfa5b6610c7f683,e5aa1396cd1114d28714078253945dcbf3ea6079180c0c91c1c59c25efa22446,8e2d2a1cec9363487800fca287beb5e3652620abf31ddb169207b053b761482f,67fc1d5256fb8eb39a4394338feb043dceb03a5d53ac2c0a6981c8ddf850aa1c,51.90417289475815,stable,within_run_online_critic,581da966d97a9fed57489850b57b04b9c11ec5fbc368217b245149a53f04caf8,posthoc_final_checkpoint_one_adam_step,False,2,3,2.3333333333333335,338.64972023828125,0.013780217102742916,500000,500001,0.01105994604190208,0.01105994604190208,0.010680163141678634,0.010680163141678634,-4.488227945630683,-4.488607728530907,-4.499287891672585,327.69007331924513,327.6972018638626,326.5034112399444,0.02741240712225884,0.027130857114489815,True,raw/halfcheetah-medium-replay-v2/halfcheetah-medium-replay-v2_tau7_mpi3_seed1.npz,c1fc5205fe0c5e87eeb8428209058d18dd19b24b2c5d4f7cb711ed8acb5fc599
p3|halfcheetah-medium-replay-v2|7|1,p3,halfcheetah-medium-replay-v2,7.0,1,1000000,b726490330c93ea6003364781e234b50c36c2eb7f2f184738013a75fd8101757,e5a27af0af21ba66dd13fbe30f20f57804634e66f65f16067f8cd81b7eebbda1,a6ed1977ea85a875dee038e3d90d505f4158f764bececbe06a4c2de9bfa73b62,48d494a4770c11f48260736dec090b78bdca8375647ed4d24bfa5b6610c7f683,e5aa1396cd1114d28714078253945dcbf3ea6079180c0c91c1c59c25efa22446,8e2d2a1cec9363487800fca287beb5e3652620abf31ddb169207b053b761482f,67fc1d5256fb8eb39a4394338feb043dceb03a5d53ac2c0a6981c8ddf850aa1c,51.90417289475815,stable,within_run_online_critic,581da966d97a9fed57489850b57b04b9c11ec5fbc368217b245149a53f04caf8,posthoc_final_checkpoint_one_adam_step,False,3,3,2.3333333333333335,339.79681496484375,0.013733697495515054,500000,500001,0.005983252969624431,0.005983252969624431,0.005783188047521648,0.005783188047521648,-4.494413086280037,-4.49461315120214,-4.5003963392496615,328.4058559963014,328.41462024045177,327.69007331924513,0.01581359572884462,0.0157338962846799,True,raw/halfcheetah-medium-replay-v2/halfcheetah-medium-replay-v2_tau7_mpi3_seed1.npz,c1fc5205fe0c5e87eeb8428209058d18dd19b24b2c5d4f7cb711ed8acb5fc599
p4|halfcheetah-medium-replay-v2|7|1,p4,halfcheetah-medium-replay-v2,7.0,1,1000000,871599bd8a799ccb046c3a77fb2aeab3177898301b504f6c45f65006233c610e,05a7e846d816d34702cf5390db5c0899395adcdc52b896b44121a6d1cb06c469,145d7064f480cece5fb4746110719b93c0e8838f825719eba23a2277ed3b0a22,48d494a4770c11f48260736dec090b78bdca8375647ed4d24bfa5b6610c7f683,e5aa1396cd1114d28714078253945dcbf3ea6079180c0c91c1c59c25efa22446,8e2d2a1cec9363487800fca287beb5e3652620abf31ddb169207b053b761482f,67fc1d5256fb8eb39a4394338feb043dceb03a5d53ac2c0a6981c8ddf850aa1c,52.52809975171304,stable,within_run_online_critic,89d1104a14e85f626e7e2da8c1fa734dd9c1cabf86bde6cfe1264bcf8992f3f0,posthoc_final_checkpoint_one_adam_step,False,2,4,1.75,322.1097422109375,0.010865861976034187,500000,500001,0.012552916795829372,0.012552916795829372,0.01220136244262715,0.01220136244262715,-3.37537633911322,-3.375727893466422,-3.3879292559090493,313.08305951813236,313.0885150760878,311.7957197856449,0.026540972645302818,0.026248697631846386,True,raw/halfcheetah-medium-replay-v2/halfcheetah-medium-replay-v2_tau7_mpi4_seed1.npz,a8f9feae668e5351c70031f7cba349f4e72e645b1cf45b4f203aca921fb6711f
p4|halfcheetah-medium-replay-v2|7|1,p4,halfcheetah-medium-replay-v2,7.0,1,1000000,871599bd8a799ccb046c3a77fb2aeab3177898301b504f6c45f65006233c610e,05a7e846d816d34702cf5390db5c0899395adcdc52b896b44121a6d1cb06c469,145d7064f480cece5fb4746110719b93c0e8838f825719eba23a2277ed3b0a22,48d494a4770c11f48260736dec090b78bdca8375647ed4d24bfa5b6610c7f683,e5aa1396cd1114d28714078253945dcbf3ea6079180c0c91c1c59c25efa22446,8e2d2a1cec9363487800fca287beb5e3652620abf31ddb169207b053b761482f,67fc1d5256fb8eb39a4394338feb043dceb03a5d53ac2c0a6981c8ddf850aa1c,52.52809975171304,stable,within_run_online_critic,89d1104a14e85f626e7e2da8c1fa734dd9c1cabf86bde6cfe1264bcf8992f3f0,posthoc_final_checkpoint_one_adam_step,False,3,4,1.75,323.32269387109375,0.010825098473896245,500000,500001,0.005677866235680451,0.005677866235680451,0.005507329646666559,0.005507329646666559,-3.3834770835568215,-3.3836476201458354,-3.389154949792502,313.93768862925936,313.93708446866367,313.08305951813236,0.01492931052228868,0.014752233835332288,True,raw/halfcheetah-medium-replay-v2/halfcheetah-medium-replay-v2_tau7_mpi4_seed1.npz,a8f9feae668e5351c70031f7cba349f4e72e645b1cf45b4f203aca921fb6711f
p4|halfcheetah-medium-replay-v2|7|1,p4,halfcheetah-medium-replay-v2,7.0,1,1000000,871599bd8a799ccb046c3a77fb2aeab3177898301b504f6c45f65006233c610e,05a7e846d816d34702cf5390db5c0899395adcdc52b896b44121a6d1cb06c469,145d7064f480cece5fb4746110719b93c0e8838f825719eba23a2277ed3b0a22,48d494a4770c11f48260736dec090b78bdca8375647ed4d24bfa5b6610c7f683,e5aa1396cd1114d28714078253945dcbf3ea6079180c0c91c1c59c25efa22446,8e2d2a1cec9363487800fca287beb5e3652620abf31ddb169207b053b761482f,67fc1d5256fb8eb39a4394338feb043dceb03a5d53ac2c0a6981c8ddf850aa1c,52.52809975171304,stable,within_run_online_critic,89d1104a14e85f626e7e2da8c1fa734dd9c1cabf86bde6cfe1264bcf8992f3f0,posthoc_final_checkpoint_one_adam_step,False,4,4,1.75,324.11572365625,0.0107986121762856,500000,500001,0.00675673505148966,0.00675673505148966,0.006582867591479413,0.006582867591479413,-3.3833346119753878,-3.383508479435398,-3.3900913470268774,314.50446950504556,314.50940770539455,313.93768862925936,0.012877181918040206,0.012756640168447542,True,raw/halfcheetah-medium-replay-v2/halfcheetah-medium-replay-v2_tau7_mpi4_seed1.npz,a8f9feae668e5351c70031f7cba349f4e72e645b1cf45b4f203aca921fb6711f
p3|halfcheetah-medium-replay-v2|10|0,p3,halfcheetah-medium-replay-v2,10.0,0,1000000,442644d9f0fc779c0011334ce471bc3a4155cc63fd0239a1de733a80911e7a97,663aee50239f212b9e595678ba2dd41035e61c01342f8a509be72c97b864ddf8,20ecf702d6a7fc64bb7d14d606bba46c343e25b46e5b8891823d15d77ef23a8a,48d494a4770c11f48260736dec090b78bdca8375647ed4d24bfa5b6610c7f683,e5aa1396cd1114d28714078253945dcbf3ea6079180c0c91c1c59c25efa22446,8e2d2a1cec9363487800fca287beb5e3652620abf31ddb169207b053b761482f,67fc1d5256fb8eb39a4394338feb043dceb03a5d53ac2c0a6981c8ddf850aa1c,53.63928165861541,stable,within_run_online_critic,93ba715031ab15c0b0a6e35b1d605037dcdcadf7cfd1791de17e72130c1fd7a7,posthoc_final_checkpoint_one_adam_step,False,2,3,3.3333333333333335,356.98407082421875,0.01867496958974782,500000,500001,0.008388264544857194,0.008388264544857194,0.00795110085702877,0.00795110085702877,-6.4832382410931775,-6.483675404781006,-6.491626505638035,348.8711656788364,348.8779573459178,347.61108843795955,0.03192016869896526,0.03160983918734706,True,raw/halfcheetah-medium-replay-v2/halfcheetah-medium-replay-v2_tau10_mpi3_seed0.npz,271b042d33423030d8ee567320588b847c985aaf112027b177ce4c97e80ece6d
p3|halfcheetah-medium-replay-v2|10|0,p3,halfcheetah-medium-replay-v2,10.0,0,1000000,442644d9f0fc779c0011334ce471bc3a4155cc63fd0239a1de733a80911e7a97,663aee50239f212b9e595678ba2dd41035e61c01342f8a509be72c97b864ddf8,20ecf702d6a7fc64bb7d14d606bba46c343e25b46e5b8891823d15d77ef23a8a,48d494a4770c11f48260736dec090b78bdca8375647ed4d24bfa5b6610c7f683,e5aa1396cd1114d28714078253945dcbf3ea6079180c0c91c1c59c25efa22446,8e2d2a1cec9363487800fca287beb5e3652620abf31ddb169207b053b761482f,67fc1d5256fb8eb39a4394338feb043dceb03a5d53ac2c0a6981c8ddf850aa1c,53.63928165861541,stable,within_run_online_critic,93ba715031ab15c0b0a6e35b1d605037dcdcadf7cfd1791de17e72130c1fd7a7,posthoc_final_checkpoint_one_adam_step,False,3,3,3.3333333333333335,358.1029367910156,0.01861662103753494,500000,500001,0.005508080935338278,0.005508080935338278,0.005412434340755112,0.005412434340755112,-6.489294201430625,-6.489389848025208,-6.4948022823659635,349.5817956000392,349.58487769195926,348.8711656788364,0.01873760887630381,0.018699340418999236,True,raw/halfcheetah-medium-replay-v2/halfcheetah-medium-replay-v2_tau10_mpi3_seed0.npz,271b042d33423030d8ee567320588b847c985aaf112027b177ce4c97e80ece6d
p4|halfcheetah-medium-replay-v2|10|0,p4,halfcheetah-medium-replay-v2,10.0,0,1000000,f000b6dc08cc5f00c387f154ef08c02585a9b7830fe53c650ed95102d18da432,1534d9526ddb8137b0389c63137859549f51d1166045956e2ff0725c3d5e5afd,0c1403e59cc424dc5e3a45b802ce2f6a99c976ac38a8f997d87ca6c08d55b7f5,48d494a4770c11f48260736dec090b78bdca8375647ed4d24bfa5b6610c7f683,e5aa1396cd1114d28714078253945dcbf3ea6079180c0c91c1c59c25efa22446,8e2d2a1cec9363487800fca287beb5e3652620abf31ddb169207b053b761482f,67fc1d5256fb8eb39a4394338feb043dceb03a5d53ac2c0a6981c8ddf850aa1c,51.136792937615326,stable,within_run_online_critic,ec905163a7e5ff135888b075f217b028397049f3863b91920ce6b528b364d761,posthoc_final_checkpoint_one_adam_step,False,2,4,2.5,338.5820017324219,0.014767471319847215,500000,500001,0.01037708738998866,0.01037708738998866,0.01004352565002442,0.01004352565002442,-4.832639144457021,-4.832972706196985,-4.84301623184701,329.2148991187569,329.2152328977827,327.9516260402743,0.029032436345615687,0.028703803677842477,True,raw/halfcheetah-medium-replay-v2/halfcheetah-medium-replay-v2_tau10_mpi4_seed0.npz,9131b50ead45845e81d0a8e530f8c0516f55759b977cf0221d6e24f7c96fc82f
p4|halfcheetah-medium-replay-v2|10|0,p4,halfcheetah-medium-replay-v2,10.0,0,1000000,f000b6dc08cc5f00c387f154ef08c02585a9b7830fe53c650ed95102d18da432,1534d9526ddb8137b0389c63137859549f51d1166045956e2ff0725c3d5e5afd,0c1403e59cc424dc5e3a45b802ce2f6a99c976ac38a8f997d87ca6c08d55b7f5,48d494a4770c11f48260736dec090b78bdca8375647ed4d24bfa5b6610c7f683,e5aa1396cd1114d28714078253945dcbf3ea6079180c0c91c1c59c25efa22446,8e2d2a1cec9363487800fca287beb5e3652620abf31ddb169207b053b761482f,67fc1d5256fb8eb39a4394338feb043dceb03a5d53ac2c0a6981c8ddf850aa1c,51.136792937615326,stable,within_run_online_critic,ec905163a7e5ff135888b075f217b028397049f3863b91920ce6b528b364d761,posthoc_final_checkpoint_one_adam_step,False,3,4,2.5,339.7148142324219,0.014718227732568536,500000,500001,0.005408048846040181,0.005408048846040181,0.0052962813725043745,0.0052962813725043745,-4.8400518093384,-4.8401635768119355,-4.84545985818444,329.9876669179648,329.99003664636984,329.2148991187569,0.01678182129917839,0.016704932027973043,True,raw/halfcheetah-medium-replay-v2/halfcheetah-medium-replay-v2_tau10_mpi4_seed0.npz,9131b50ead45845e81d0a8e530f8c0516f55759b977cf0221d6e24f7c96fc82f
p4|halfcheetah-medium-replay-v2|10|0,p4,halfcheetah-medium-replay-v2,10.0,0,1000000,f000b6dc08cc5f00c387f154ef08c02585a9b7830fe53c650ed95102d18da432,1534d9526ddb8137b0389c63137859549f51d1166045956e2ff0725c3d5e5afd,0c1403e59cc424dc5e3a45b802ce2f6a99c976ac38a8f997d87ca6c08d55b7f5,48d494a4770c11f48260736dec090b78bdca8375647ed4d24bfa5b6610c7f683,e5aa1396cd1114d28714078253945dcbf3ea6079180c0c91c1c59c25efa22446,8e2d2a1cec9363487800fca287beb5e3652620abf31ddb169207b053b761482f,67fc1d5256fb8eb39a4394338feb043dceb03a5d53ac2c0a6981c8ddf850aa1c,51.136792937615326,stable,within_run_online_critic,ec905163a7e5ff135888b075f217b028397049f3863b91920ce6b528b364d761,posthoc_final_checkpoint_one_adam_step,False,4,4,2.5,340.3922434316406,0.014688936356459974,500000,500001,0.005839394358726047,0.005839394358726047,0.005770073123542829,0.005770073123542829,-4.841328443415971,-4.841397764651155,-4.847167837774697,330.5369434412569,330.53428092366084,329.9876669179648,0.013907682251461361,0.013799251464761709,True,raw/halfcheetah-medium-replay-v2/halfcheetah-medium-replay-v2_tau10_mpi4_seed0.npz,9131b50ead45845e81d0a8e530f8c0516f55759b977cf0221d6e24f7c96fc82f
p3|halfcheetah-medium-replay-v2|10|1,p3,halfcheetah-medium-replay-v2,10.0,1,1000000,5024bd04e61bf664101d4e469e24a2acbe7110e17ad93e012ab227a57fd98495,b985a4bd514f7302342a5ec9e7fbdc1081276e4d505128a763f4b95a7cb046b6,5e392e9c3c49fa259f19c4d9863a42cf6a1975e3daf95254e42af5740aedec91,48d494a4770c11f48260736dec090b78bdca8375647ed4d24bfa5b6610c7f683,e5aa1396cd1114d28714078253945dcbf3ea6079180c0c91c1c59c25efa22446,8e2d2a1cec9363487800fca287beb5e3652620abf31ddb169207b053b761482f,67fc1d5256fb8eb39a4394338feb043dceb03a5d53ac2c0a6981c8ddf850aa1c,52.015857936155186,stable,within_run_online_critic,d1df4d9f3cd2cc1fb49d6bf865ff6c86450563791f1896a26aab8f7d749deb39,posthoc_final_checkpoint_one_adam_step,False,2,3,3.3333333333333335,353.039795921875,0.01888361239632585,500000,500001,0.00793862302848769,0.00793862302848769,0.007582132119324569,0.007582132119324569,-6.5032612150870275,-6.503617705996191,-6.511199838115515,346.03809028840624,346.0409148915205,344.806899308227,0.03118795628404469,0.030884804085265605,True,raw/halfcheetah-medium-replay-v2/halfcheetah-medium-replay-v2_tau10_mpi3_seed1.npz,319f1ffd9c6c7bfc432b6be9d493cc2610d8759db42f287d6c3cf465d4dcdb0d
p3|halfcheetah-medium-replay-v2|10|1,p3,halfcheetah-medium-replay-v2,10.0,1,1000000,5024bd04e61bf664101d4e469e24a2acbe7110e17ad93e012ab227a57fd98495,b985a4bd514f7302342a5ec9e7fbdc1081276e4d505128a763f4b95a7cb046b6,5e392e9c3c49fa259f19c4d9863a42cf6a1975e3daf95254e42af5740aedec91,48d494a4770c11f48260736dec090b78bdca8375647ed4d24bfa5b6610c7f683,e5aa1396cd1114d28714078253945dcbf3ea6079180c0c91c1c59c25efa22446,8e2d2a1cec9363487800fca287beb5e3652620abf31ddb169207b053b761482f,67fc1d5256fb8eb39a4394338feb043dceb03a5d53ac2c0a6981c8ddf850aa1c,52.015857936155186,stable,within_run_online_critic,d1df4d9f3cd2cc1fb49d6bf865ff6c86450563791f1896a26aab8f7d749deb39,posthoc_final_checkpoint_one_adam_step,False,3,3,3.3333333333333335,354.1107187734375,0.018826503444342352,500000,500001,0.004766608723389076,0.004766608723389076,0.004637435758963804,0.004637435758963804,-6.509920689964941,-6.510049862929367,-6.51468729868833,346.78083351532405,346.7887537712086,346.03809028840624,0.018749866643219176,0.018769804403483425,True,raw/halfcheetah-medium-replay-v2/halfcheetah-medium-replay-v2_tau10_mpi3_seed1.npz,319f1ffd9c6c7bfc432b6be9d493cc2610d8759db42f287d6c3cf465d4dcdb0d
p4|halfcheetah-medium-replay-v2|10|1,p4,halfcheetah-medium-replay-v2,10.0,1,1000000,a4d6dd6338c27ca79584837e8d98f59a4200c547f9ef8ac0d05684087465033a,a81b33cb4a0759e50190afbfbbfcd02a628c7b50fab336f6f8bd5bf85ccb388d,bcb2576f5c445fc2b3320cd9a8f3ee8a1707b01dcbe2ef5d6bae2105ae36c2c0,48d494a4770c11f48260736dec090b78bdca8375647ed4d24bfa5b6610c7f683,e5aa1396cd1114d28714078253945dcbf3ea6079180c0c91c1c59c25efa22446,8e2d2a1cec9363487800fca287beb5e3652620abf31ddb169207b053b761482f,67fc1d5256fb8eb39a4394338feb043dceb03a5d53ac2c0a6981c8ddf850aa1c,53.983252562418016,stable,within_run_online_critic,171c454e425e6c3c63e293b9998596e81e184ec8298e406e1e0e7a04639facdf,posthoc_final_checkpoint_one_adam_step,False,2,4,2.5,339.52056984765625,0.014726648232958352,500000,500001,0.009702532137962905,0.009702532137962905,0.009453385532173897,0.009453385532173897,-4.837908538026141,-4.83815768463193,-4.8476110701641035,330.4472119146958,330.44734122930095,329.1727345883846,0.02847131140342843,0.028224069168340915,True,raw/halfcheetah-medium-replay-v2/halfcheetah-medium-replay-v2_tau10_mpi4_seed1.npz,7d1d9fae4387ade9fcf4642ef9771cc31b370e3b277e90f610d91362e08c8e49
p4|halfcheetah-medium-replay-v2|10|1,p4,halfcheetah-medium-replay-v2,10.0,1,1000000,a4d6dd6338c27ca79584837e8d98f59a4200c547f9ef8ac0d05684087465033a,a81b33cb4a0759e50190afbfbbfcd02a628c7b50fab336f6f8bd5bf85ccb388d,bcb2576f5c445fc2b3320cd9a8f3ee8a1707b01dcbe2ef5d6bae2105ae36c2c0,48d494a4770c11f48260736dec090b78bdca8375647ed4d24bfa5b6610c7f683,e5aa1396cd1114d28714078253945dcbf3ea6079180c0c91c1c59c25efa22446,8e2d2a1cec9363487800fca287beb5e3652620abf31ddb169207b053b761482f,67fc1d5256fb8eb39a4394338feb043dceb03a5d53ac2c0a6981c8ddf850aa1c,53.983252562418016,stable,within_run_online_critic,171c454e425e6c3c63e293b9998596e81e184ec8298e406e1e0e7a04639facdf,posthoc_final_checkpoint_one_adam_step,False,3,4,2.5,340.70703225,0.014675364834651134,500000,500001,0.005724860315249103,0.005724860315249103,0.005632936906511787,0.005632936906511787,-4.843708533126189,-4.843800456534926,-4.849433393441438,331.2452654596418,331.2526174732484,330.4472119146958,0.017436587244918585,0.017452557318126834,True,raw/halfcheetah-medium-replay-v2/halfcheetah-medium-replay-v2_tau10_mpi4_seed1.npz,7d1d9fae4387ade9fcf4642ef9771cc31b370e3b277e90f610d91362e08c8e49
p4|halfcheetah-medium-replay-v2|10|1,p4,halfcheetah-medium-replay-v2,10.0,1,1000000,a4d6dd6338c27ca79584837e8d98f59a4200c547f9ef8ac0d05684087465033a,a81b33cb4a0759e50190afbfbbfcd02a628c7b50fab336f6f8bd5bf85ccb388d,bcb2576f5c445fc2b3320cd9a8f3ee8a1707b01dcbe2ef5d6bae2105ae36c2c0,48d494a4770c11f48260736dec090b78bdca8375647ed4d24bfa5b6610c7f683,e5aa1396cd1114d28714078253945dcbf3ea6079180c0c91c1c59c25efa22446,8e2d2a1cec9363487800fca287beb5e3652620abf31ddb169207b053b761482f,67fc1d5256fb8eb39a4394338feb043dceb03a5d53ac2c0a6981c8ddf850aa1c,53.983252562418016,stable,within_run_online_critic,171c454e425e6c3c63e293b9998596e81e184ec8298e406e1e0e7a04639facdf,posthoc_final_checkpoint_one_adam_step,False,4,4,2.5,341.4437265859375,0.014643701467279871,500000,500001,0.008003558005337474,0.008003558005337474,0.007834051111154317,0.007834051111154317,-4.84265322183553,-4.842822728729713,-4.850656779840867,331.6745317722671,331.6733371480368,331.2452654596418,0.014289605737382138,0.014102605122604328,True,raw/halfcheetah-medium-replay-v2/halfcheetah-medium-replay-v2_tau10_mpi4_seed1.npz,7d1d9fae4387ade9fcf4642ef9771cc31b370e3b277e90f610d91362e08c8e49
p3|halfcheetah-medium-replay-v2|14|0,p3,halfcheetah-medium-replay-v2,14.0,0,1000000,08e62ecc45564c409d5ae72cb8a2c8891f971d5d88233f99296c340c17f37619,0b50d07f49f24f4fea1b42bd24664e72fff4f77897e801b33bf92d621cab3521,f82a30743abbe407f6275774094f642765ed1e7b6b1b1a4d80238ed1724818f8,48d494a4770c11f48260736dec090b78bdca8375647ed4d24bfa5b6610c7f683,e5aa1396cd1114d28714078253945dcbf3ea6079180c0c91c1c59c25efa22446,8e2d2a1cec9363487800fca287beb5e3652620abf31ddb169207b053b761482f,67fc1d5256fb8eb39a4394338feb043dceb03a5d53ac2c0a6981c8ddf850aa1c,55.495672628593425,stable,within_run_online_critic,b3f2925d4f92ef7f14c6ea071fc02d569d1b6c82f802620301d795b05a1d737f,posthoc_final_checkpoint_one_adam_step,False,2,3,4.666666666666667,370.73053078515625,0.02517551849200717,500000,500001,0.003447036068374487,0.003447036068374487,0.003181686329163824,0.003181686329163824,-9.103528998176508,-9.103794347915718,-9.106976034244882,362.9458026775974,362.9477254466037,361.7393634667824,0.03381976872973032,0.033602825697193715,True,raw/halfcheetah-medium-replay-v2/halfcheetah-medium-replay-v2_tau14_mpi3_seed0.npz,1f7c91810baa1ead3fea3e6f58540a79a6369bdfb404c2c9cce248799d252607
p3|halfcheetah-medium-replay-v2|14|0,p3,halfcheetah-medium-replay-v2,14.0,0,1000000,08e62ecc45564c409d5ae72cb8a2c8891f971d5d88233f99296c340c17f37619,0b50d07f49f24f4fea1b42bd24664e72fff4f77897e801b33bf92d621cab3521,f82a30743abbe407f6275774094f642765ed1e7b6b1b1a4d80238ed1724818f8,48d494a4770c11f48260736dec090b78bdca8375647ed4d24bfa5b6610c7f683,e5aa1396cd1114d28714078253945dcbf3ea6079180c0c91c1c59c25efa22446,8e2d2a1cec9363487800fca287beb5e3652620abf31ddb169207b053b761482f,67fc1d5256fb8eb39a4394338feb043dceb03a5d53ac2c0a6981c8ddf850aa1c,55.495672628593425,stable,within_run_online_critic,b3f2925d4f92ef7f14c6ea071fc02d569d1b6c82f802620301d795b05a1d737f,posthoc_final_checkpoint_one_adam_step,False,3,3,4.666666666666667,371.8302011953125,0.025101063074838243,500000,500001,0.004967662350154001,0.004967662350154001,0.004823170139591326,0.004823170139591326,-9.105357823408013,-9.105502315618576,-9.110325485758167,363.61508039740147,363.61564175313106,362.9458026775974,0.021767244609541023,0.021636843024552033,True,raw/halfcheetah-medium-replay-v2/halfcheetah-medium-replay-v2_tau14_mpi3_seed0.npz,1f7c91810baa1ead3fea3e6f58540a79a6369bdfb404c2c9cce248799d252607
p4|halfcheetah-medium-replay-v2|14|0,p4,halfcheetah-medium-replay-v2,14.0,0,1000000,6450cf9f29f755530e6fd947b5373d8af70e7443236c3664799205cc99606573,fb073c8054a23d8b400b47a282e6982a4b0771c056ede1b936986ad2769c19c1,327c1f771d1337f28a531063120a4356f16c7505b8662873bbfed213f24df38d,48d494a4770c11f48260736dec090b78bdca8375647ed4d24bfa5b6610c7f683,e5aa1396cd1114d28714078253945dcbf3ea6079180c0c91c1c59c25efa22446,8e2d2a1cec9363487800fca287beb5e3652620abf31ddb169207b053b761482f,67fc1d5256fb8eb39a4394338feb043dceb03a5d53ac2c0a6981c8ddf850aa1c,54.423505759260806,stable,within_run_online_critic,ea28d2f62d696cda859c6657e5a626c15422dbcb280eabfe7222065d2c19132a,posthoc_final_checkpoint_one_adam_step,False,2,4,3.5,358.5177011953125,0.019524837899667764,500000,500001,0.006950894723561696,0.006950894723561696,0.006734708963209712,0.006734708963209712,-6.78971009242768,-6.789926278188032,-6.796660987151242,349.3070154429879,349.30680679087527,348.1033247024752,0.030452761313402594,0.030232501654374817,True,raw/halfcheetah-medium-replay-v2/halfcheetah-medium-replay-v2_tau14_mpi4_seed0.npz,1ad98854080e4c2bb9d48e22eed1e45e1fcb6a07a07283ef28e8e8ef6bb842c7
p4|halfcheetah-medium-replay-v2|14|0,p4,halfcheetah-medium-replay-v2,14.0,0,1000000,6450cf9f29f755530e6fd947b5373d8af70e7443236c3664799205cc99606573,fb073c8054a23d8b400b47a282e6982a4b0771c056ede1b936986ad2769c19c1,327c1f771d1337f28a531063120a4356f16c7505b8662873bbfed213f24df38d,48d494a4770c11f48260736dec090b78bdca8375647ed4d24bfa5b6610c7f683,e5aa1396cd1114d28714078253945dcbf3ea6079180c0c91c1c59c25efa22446,8e2d2a1cec9363487800fca287beb5e3652620abf31ddb169207b053b761482f,67fc1d5256fb8eb39a4394338feb043dceb03a5d53ac2c0a6981c8ddf850aa1c,54.423505759260806,stable,within_run_online_critic,ea28d2f62d696cda859c6657e5a626c15422dbcb280eabfe7222065d2c19132a,posthoc_final_checkpoint_one_adam_step,False,3,4,3.5,359.6418161855469,0.01946381006036448,500000,500001,0.0048534576905048255,0.0048534576905048255,0.004628762045873813,0.004628762045873813,-6.793991943644613,-6.794216639289244,-6.798845401335118,350.0567257653165,350.0532510187186,349.3070154429879,0.019445677004603566,0.019153349552182713,True,raw/halfcheetah-medium-replay-v2/halfcheetah-medium-replay-v2_tau14_mpi4_seed0.npz,1ad98854080e4c2bb9d48e22eed1e45e1fcb6a07a07283ef28e8e8ef6bb842c7
p4|halfcheetah-medium-replay-v2|14|0,p4,halfcheetah-medium-replay-v2,14.0,0,1000000,6450cf9f29f755530e6fd947b5373d8af70e7443236c3664799205cc99606573,fb073c8054a23d8b400b47a282e6982a4b0771c056ede1b936986ad2769c19c1,327c1f771d1337f28a531063120a4356f16c7505b8662873bbfed213f24df38d,48d494a4770c11f48260736dec090b78bdca8375647ed4d24bfa5b6610c7f683,e5aa1396cd1114d28714078253945dcbf3ea6079180c0c91c1c59c25efa22446,8e2d2a1cec9363487800fca287beb5e3652620abf31ddb169207b053b761482f,67fc1d5256fb8eb39a4394338feb043dceb03a5d53ac2c0a6981c8ddf850aa1c,54.423505759260806,stable,within_run_online_critic,ea28d2f62d696cda859c6657e5a626c15422dbcb280eabfe7222065d2c19132a,posthoc_final_checkpoint_one_adam_step,False,4,4,3.5,360.3255320058594,0.0194268775821475,500000,500001,0.007924754883416263,0.007924754883416263,0.007655178300935539,0.007655178300935539,-6.7925844033667655,-6.792853979949246,-6.800509158250182,350.487379958824,350.4883593050472,350.0567257653165,0.01629102118092533,0.016040470237632696,True,raw/halfcheetah-medium-replay-v2/halfcheetah-medium-replay-v2_tau14_mpi4_seed0.npz,1ad98854080e4c2bb9d48e22eed1e45e1fcb6a07a07283ef28e8e8ef6bb842c7
p3|halfcheetah-medium-replay-v2|14|1,p3,halfcheetah-medium-replay-v2,14.0,1,1000000,70c0ecd777746beef2a99f54e2d2cc0e7af9891879ac4393acd3faf5b1fefad2,3174c41285ded574a9d26400671a9e3ea8c8a5be2a08738bbe0aadae8b1962f8,d9df0d6fd475358200956c3c015bc3cb383f610c7c1798f0b0c125ac28aeacc3,48d494a4770c11f48260736dec090b78bdca8375647ed4d24bfa5b6610c7f683,e5aa1396cd1114d28714078253945dcbf3ea6079180c0c91c1c59c25efa22446,8e2d2a1cec9363487800fca287beb5e3652620abf31ddb169207b053b761482f,67fc1d5256fb8eb39a4394338feb043dceb03a5d53ac2c0a6981c8ddf850aa1c,52.02862865997939,stable,within_run_online_critic,6bde11a77db8829fb45e255c819e790614cbbabdf2ba9a8b94348a0e473b9302,posthoc_final_checkpoint_one_adam_step,False,2,3,4.666666666666667,374.5817575917969,0.024916678786862868,500000,500001,0.004706170291184364,0.004706170291184364,0.004438324137556293,0.004438324137556293,-9.138556898934436,-9.138824745088064,-9.14326306922562,368.2136363647878,368.2202769443393,366.95352327800356,0.03610400330971203,0.0360016183437254,True,raw/halfcheetah-medium-replay-v2/halfcheetah-medium-replay-v2_tau14_mpi3_seed1.npz,7417a1d217a946a418bfdd0684c82fc5481bc0bd29a0df3b81c709903b7f7627
p3|halfcheetah-medium-replay-v2|14|1,p3,halfcheetah-medium-replay-v2,14.0,1,1000000,70c0ecd777746beef2a99f54e2d2cc0e7af9891879ac4393acd3faf5b1fefad2,3174c41285ded574a9d26400671a9e3ea8c8a5be2a08738bbe0aadae8b1962f8,d9df0d6fd475358200956c3c015bc3cb383f610c7c1798f0b0c125ac28aeacc3,48d494a4770c11f48260736dec090b78bdca8375647ed4d24bfa5b6610c7f683,e5aa1396cd1114d28714078253945dcbf3ea6079180c0c91c1c59c25efa22446,8e2d2a1cec9363487800fca287beb5e3652620abf31ddb169207b053b761482f,67fc1d5256fb8eb39a4394338feb043dceb03a5d53ac2c0a6981c8ddf850aa1c,52.02862865997939,stable,within_run_online_critic,6bde11a77db8829fb45e255c819e790614cbbabdf2ba9a8b94348a0e473b9302,posthoc_final_checkpoint_one_adam_step,False,3,3,4.666666666666667,375.8182383046875,0.02483470034726338,500000,500001,0.007022584750444594,0.007022584750444594,0.006727037950360781,0.006727037950360781,-9.137452738145264,-9.137748284945348,-9.144475322895708,368.75750353652984,368.76560037070885,368.2136363647878,0.020529362989369717,0.020434898639883386,True,raw/halfcheetah-medium-replay-v2/halfcheetah-medium-replay-v2_tau14_mpi3_seed1.npz,7417a1d217a946a418bfdd0684c82fc5481bc0bd29a0df3b81c709903b7f7627
p4|halfcheetah-medium-replay-v2|14|1,p4,halfcheetah-medium-replay-v2,14.0,1,1000000,4b45beb5e1cb64d2dbc6699c89bc4c85c42488ec093dc4afa622ddf990311f71,0b08503d46bc247a69a9f1415e358872d1742bd7b9d27d6d6b312159955f508b,f5ff183fb10a9635c370aa2d37fd4d71eb3d06261263a71a93e313f4484cb2de,48d494a4770c11f48260736dec090b78bdca8375647ed4d24bfa5b6610c7f683,e5aa1396cd1114d28714078253945dcbf3ea6079180c0c91c1c59c25efa22446,8e2d2a1cec9363487800fca287beb5e3652620abf31ddb169207b053b761482f,67fc1d5256fb8eb39a4394338feb043dceb03a5d53ac2c0a6981c8ddf850aa1c,53.013754757074985,stable,within_run_online_critic,8ac7b221818526c795ccce0f2ee0726611a5ee86c202b89a55f8a30d6ab622bd,posthoc_final_checkpoint_one_adam_step,False,2,4,3.5,353.6241465078125,0.019795028334823713,500000,500001,0.007460322468769043,0.007460322468769043,0.0071689563644685705,0.0071689563644685705,-6.856990692118887,-6.857282058223188,-6.864451014587656,347.97250381161575,347.97410877610673,346.77651875403535,0.031134880571599733,0.030875284784874307,True,raw/halfcheetah-medium-replay-v2/halfcheetah-medium-replay-v2_tau14_mpi4_seed1.npz,c824796608226e2f816e5bd9eb8bb4b40968492fdcb07f50233ad11f805d20bf
p4|halfcheetah-medium-replay-v2|14|1,p4,halfcheetah-medium-replay-v2,14.0,1,1000000,4b45beb5e1cb64d2dbc6699c89bc4c85c42488ec093dc4afa622ddf990311f71,0b08503d46bc247a69a9f1415e358872d1742bd7b9d27d6d6b312159955f508b,f5ff183fb10a9635c370aa2d37fd4d71eb3d06261263a71a93e313f4484cb2de,48d494a4770c11f48260736dec090b78bdca8375647ed4d24bfa5b6610c7f683,e5aa1396cd1114d28714078253945dcbf3ea6079180c0c91c1c59c25efa22446,8e2d2a1cec9363487800fca287beb5e3652620abf31ddb169207b053b761482f,67fc1d5256fb8eb39a4394338feb043dceb03a5d53ac2c0a6981c8ddf850aa1c,53.013754757074985,stable,within_run_online_critic,8ac7b221818526c795ccce0f2ee0726611a5ee86c202b89a55f8a30d6ab622bd,posthoc_final_checkpoint_one_adam_step,False,3,4,3.5,354.7957773671875,0.019729659839653378,500000,500001,0.005768522767374051,0.005768522767374051,0.005670372438233429,0.005670372438233429,-6.859610610988294,-6.859708761317434,-6.865379133755668,348.6393341484072,348.64105114122503,347.97250381161575,0.018924858483030545,0.018860583838133046,True,raw/halfcheetah-medium-replay-v2/halfcheetah-medium-replay-v2_tau14_mpi4_seed1.npz,c824796608226e2f816e5bd9eb8bb4b40968492fdcb07f50233ad11f805d20bf
p4|halfcheetah-medium-replay-v2|14|1,p4,halfcheetah-medium-replay-v2,14.0,1,1000000,4b45beb5e1cb64d2dbc6699c89bc4c85c42488ec093dc4afa622ddf990311f71,0b08503d46bc247a69a9f1415e358872d1742bd7b9d27d6d6b312159955f508b,f5ff183fb10a9635c370aa2d37fd4d71eb3d06261263a71a93e313f4484cb2de,48d494a4770c11f48260736dec090b78bdca8375647ed4d24bfa5b6610c7f683,e5aa1396cd1114d28714078253945dcbf3ea6079180c0c91c1c59c25efa22446,8e2d2a1cec9363487800fca287beb5e3652620abf31ddb169207b053b761482f,67fc1d5256fb8eb39a4394338feb043dceb03a5d53ac2c0a6981c8ddf850aa1c,53.013754757074985,stable,within_run_online_critic,8ac7b221818526c795ccce0f2ee0726611a5ee86c202b89a55f8a30d6ab622bd,posthoc_final_checkpoint_one_adam_step,False,4,4,3.5,355.4412851796875,0.019693829309843015,500000,500001,0.0076587275226565055,0.0076587275226565055,0.007540394438855458,0.007540394438855458,-6.858384809893399,-6.8585031429772,-6.866043537416055,349.04510869462683,349.04709088899835,348.6393341484072,0.015649982174184587,0.015570686087994355,True,raw/halfcheetah-medium-replay-v2/halfcheetah-medium-replay-v2_tau14_mpi4_seed1.npz,c824796608226e2f816e5bd9eb8bb4b40968492fdcb07f50233ad11f805d20bf
p3|halfcheetah-medium-replay-v2|20|0,p3,halfcheetah-medium-replay-v2,20.0,0,1000000,e0a2cbe1cbf8faabfbf59d54bcf335ca56c852f34c58f2b3a55f5058edf6962d,fc11042af13bb0ace1ba141f6664c0cb7fa5ea70e955992815e0ef11813f4260,cf207c7a1d92364c9702543550610eb7ac3d1afd25907ea699171b6fe3ae79b3,48d494a4770c11f48260736dec090b78bdca8375647ed4d24bfa5b6610c7f683,e5aa1396cd1114d28714078253945dcbf3ea6079180c0c91c1c59c25efa22446,8e2d2a1cec9363487800fca287beb5e3652620abf31ddb169207b053b761482f,67fc1d5256fb8eb39a4394338feb043dceb03a5d53ac2c0a6981c8ddf850aa1c,56.09084903124717,stable,within_run_online_critic,0c2df658dae3723b16e43c5de175b56ae573062568e502f9922eb32f2be8256d,posthoc_final_checkpoint_one_adam_step,False,2,3,6.666666666666667,396.9976511464844,0.03358542121049879,500000,500001,-0.002565053385714222,0.0,-0.0026326321345226944,0.0,-13.062791360976087,-13.062858939724896,-13.060226307590373,390.11387682170607,390.10606843442656,388.8659375666175,0.03934751214155218,0.03901768541698624,True,raw/halfcheetah-medium-replay-v2/halfcheetah-medium-replay-v2_tau20_mpi3_seed0.npz,739c14fe6ee67b933ae1fdab24be9749e272b381bd207484d81f1c62a85b67c7
p3|halfcheetah-medium-replay-v2|20|0,p3,halfcheetah-medium-replay-v2,20.0,0,1000000,e0a2cbe1cbf8faabfbf59d54bcf335ca56c852f34c58f2b3a55f5058edf6962d,fc11042af13bb0ace1ba141f6664c0cb7fa5ea70e955992815e0ef11813f4260,cf207c7a1d92364c9702543550610eb7ac3d1afd25907ea699171b6fe3ae79b3,48d494a4770c11f48260736dec090b78bdca8375647ed4d24bfa5b6610c7f683,e5aa1396cd1114d28714078253945dcbf3ea6079180c0c91c1c59c25efa22446,8e2d2a1cec9363487800fca287beb5e3652620abf31ddb169207b053b761482f,67fc1d5256fb8eb39a4394338feb043dceb03a5d53ac2c0a6981c8ddf850aa1c,56.09084903124717,stable,within_run_online_critic,0c2df658dae3723b16e43c5de175b56ae573062568e502f9922eb32f2be8256d,posthoc_final_checkpoint_one_adam_step,False,3,3,6.666666666666667,398.2262278066406,0.0334818060748308,500000,500001,0.005535914275149878,0.005535914275149878,0.005287056018071112,0.005287056018071112,-13.056181256569642,-13.056430114826721,-13.061717170844792,390.7527680131607,390.75120943039656,390.11387682170607,0.026927145250349945,0.026626102827410278,True,raw/halfcheetah-medium-replay-v2/halfcheetah-medium-replay-v2_tau20_mpi3_seed0.npz,739c14fe6ee67b933ae1fdab24be9749e272b381bd207484d81f1c62a85b67c7
p4|halfcheetah-medium-replay-v2|20|0,p4,halfcheetah-medium-replay-v2,20.0,0,1000000,1b402a1af19636512fdf1b00279a2ca7ef39da4ef829026f39e062a5fa6c6278,a21c1e560f79467bbf3b1a34831b7b271a4eb7a38ae059a52a5db08d92a5ce98,2d12d4ed4b3a6e8997f57b1da7cce0df9406988d41150f7e2e0dc63d78756d09,48d494a4770c11f48260736dec090b78bdca8375647ed4d24bfa5b6610c7f683,e5aa1396cd1114d28714078253945dcbf3ea6079180c0c91c1c59c25efa22446,8e2d2a1cec9363487800fca287beb5e3652620abf31ddb169207b053b761482f,67fc1d5256fb8eb39a4394338feb043dceb03a5d53ac2c0a6981c8ddf850aa1c,55.28461387638405,stable,within_run_online_critic,087815454454de59256a1e45dc95b929a4b06ff0a590bcb4f89cde3ff9f9eddb,posthoc_final_checkpoint_one_adam_step,False,2,4,5.0,377.04058937890625,0.026522343433827276,500000,500001,0.004984363358254029,0.004984363358254029,0.004684893421122993,0.004684893421122993,-9.784683433127002,-9.784982903064133,-9.789667796485256,370.26637400191976,370.26693195215194,369.11021158104995,0.035648500149848834,0.03536382836039573,True,raw/halfcheetah-medium-replay-v2/halfcheetah-medium-replay-v2_tau20_mpi4_seed0.npz,125dbda99cad28202bb64a5821ce22852c0fd25aaedc840dcb63e759d0ba9dde
p4|halfcheetah-medium-replay-v2|20|0,p4,halfcheetah-medium-replay-v2,20.0,0,1000000,1b402a1af19636512fdf1b00279a2ca7ef39da4ef829026f39e062a5fa6c6278,a21c1e560f79467bbf3b1a34831b7b271a4eb7a38ae059a52a5db08d92a5ce98,2d12d4ed4b3a6e8997f57b1da7cce0df9406988d41150f7e2e0dc63d78756d09,48d494a4770c11f48260736dec090b78bdca8375647ed4d24bfa5b6610c7f683,e5aa1396cd1114d28714078253945dcbf3ea6079180c0c91c1c59c25efa22446,8e2d2a1cec9363487800fca287beb5e3652620abf31ddb169207b053b761482f,67fc1d5256fb8eb39a4394338feb043dceb03a5d53ac2c0a6981c8ddf850aa1c,55.28461387638405,stable,within_run_online_critic,087815454454de59256a1e45dc95b929a4b06ff0a590bcb4f89cde3ff9f9eddb,posthoc_final_checkpoint_one_adam_step,False,3,4,5.0,378.1416025625,0.026445119849903793,500000,500001,0.005628810287831243,0.005628810287831243,0.0054648989953580696,0.0054648989953580696,-9.786109826582239,-9.786273737874712,-9.79173863687007,370.92559558484936,370.9250849346281,370.26637400191976,0.023062004056048274,0.022884588557272392,True,raw/halfcheetah-medium-replay-v2/halfcheetah-medium-replay-v2_tau20_mpi4_seed0.npz,125dbda99cad28202bb64a5821ce22852c0fd25aaedc840dcb63e759d0ba9dde
p4|halfcheetah-medium-replay-v2|20|0,p4,halfcheetah-medium-replay-v2,20.0,0,1000000,1b402a1af19636512fdf1b00279a2ca7ef39da4ef829026f39e062a5fa6c6278,a21c1e560f79467bbf3b1a34831b7b271a4eb7a38ae059a52a5db08d92a5ce98,2d12d4ed4b3a6e8997f57b1da7cce0df9406988d41150f7e2e0dc63d78756d09,48d494a4770c11f48260736dec090b78bdca8375647ed4d24bfa5b6610c7f683,e5aa1396cd1114d28714078253945dcbf3ea6079180c0c91c1c59c25efa22446,8e2d2a1cec9363487800fca287beb5e3652620abf31ddb169207b053b761482f,67fc1d5256fb8eb39a4394338feb043dceb03a5d53ac2c0a6981c8ddf850aa1c,55.28461387638405,stable,within_run_online_critic,087815454454de59256a1e45dc95b929a4b06ff0a590bcb4f89cde3ff9f9eddb,posthoc_final_checkpoint_one_adam_step,False,4,4,5.0,378.75445656640625,0.026402329600699288,500000,500001,0.008541180187574327,0.008541180187574327,0.008404485559472263,0.008404485559472263,-9.784758651779306,-9.784895346407408,-9.79329983196688,371.27671100967564,371.27632983605145,370.92559558484936,0.017811445361727695,0.017664686861964016,True,raw/halfcheetah-medium-replay-v2/halfcheetah-medium-replay-v2_tau20_mpi4_seed0.npz,125dbda99cad28202bb64a5821ce22852c0fd25aaedc840dcb63e759d0ba9dde
p3|halfcheetah-medium-replay-v2|20|1,p3,halfcheetah-medium-replay-v2,20.0,1,1000000,7730d0cf5bedc0b7e45be59faafb8b703dd005393a3f493ee1f776771c66c783,1f9d1e3013287cce1e5a7ae3f6efd4926b3444aac334d1a5fa2ee9e2075825da,c7d2a4dd9639d6da61225ec5508e382e02478bf22532eb4fe9613523b145259e,48d494a4770c11f48260736dec090b78bdca8375647ed4d24bfa5b6610c7f683,e5aa1396cd1114d28714078253945dcbf3ea6079180c0c91c1c59c25efa22446,8e2d2a1cec9363487800fca287beb5e3652620abf31ddb169207b053b761482f,67fc1d5256fb8eb39a4394338feb043dceb03a5d53ac2c0a6981c8ddf850aa1c,55.67135233763397,stable,within_run_online_critic,efca6f4f2f4838fb7362937e328a140fe92e82041f69d407321ad05e044bc632,posthoc_final_checkpoint_one_adam_step,False,2,3,6.666666666666667,389.83770851953125,0.03420226684578237,500000,500001,0.0013208679098060117,0.0013208679098060117,0.0011058505407905983,0.0011058505407905983,-13.095126584382704,-13.09534160175172,-13.09644745229251,384.0500727328472,384.0523611861281,382.91167984111235,0.04025648536826229,0.0401197382890257,True,raw/halfcheetah-medium-replay-v2/halfcheetah-medium-replay-v2_tau20_mpi3_seed1.npz,a63d665f65331119c55f9d65d013edf4800c201bb8d457b9ce6ea34f3e3ea38b
p3|halfcheetah-medium-replay-v2|20|1,p3,halfcheetah-medium-replay-v2,20.0,1,1000000,7730d0cf5bedc0b7e45be59faafb8b703dd005393a3f493ee1f776771c66c783,1f9d1e3013287cce1e5a7ae3f6efd4926b3444aac334d1a5fa2ee9e2075825da,c7d2a4dd9639d6da61225ec5508e382e02478bf22532eb4fe9613523b145259e,48d494a4770c11f48260736dec090b78bdca8375647ed4d24bfa5b6610c7f683,e5aa1396cd1114d28714078253945dcbf3ea6079180c0c91c1c59c25efa22446,8e2d2a1cec9363487800fca287beb5e3652620abf31ddb169207b053b761482f,67fc1d5256fb8eb39a4394338feb043dceb03a5d53ac2c0a6981c8ddf850aa1c,55.67135233763397,stable,within_run_online_critic,efca6f4f2f4838fb7362937e328a140fe92e82041f69d407321ad05e044bc632,posthoc_final_checkpoint_one_adam_step,False,3,3,6.666666666666667,390.9351816640625,0.034106250751284144,500000,500001,0.007028719944399242,0.007028719944399242,0.006708985243234267,0.006708985243234267,-13.091479361731,-13.091799096432165,-13.0985080816754,384.6311257877387,384.635990946088,384.0500727328472,0.026846261134328503,0.02669245874376865,True,raw/halfcheetah-medium-replay-v2/halfcheetah-medium-replay-v2_tau20_mpi3_seed1.npz,a63d665f65331119c55f9d65d013edf4800c201bb8d457b9ce6ea34f3e3ea38b
p4|halfcheetah-medium-replay-v2|20|1,p4,halfcheetah-medium-replay-v2,20.0,1,1000000,4ef4a0f1f8e4100d479013a678175349516eaec55e6507cc9850e6bc3ee58fd7,01369fcf6a76d84101db6532599dcb2f14275a8e65032cd644ac6fc024a67028,63f27745fdb58828eb4d954aeb9d635e8fccb16f2272834e452b410f6436da71,48d494a4770c11f48260736dec090b78bdca8375647ed4d24bfa5b6610c7f683,e5aa1396cd1114d28714078253945dcbf3ea6079180c0c91c1c59c25efa22446,8e2d2a1cec9363487800fca287beb5e3652620abf31ddb169207b053b761482f,67fc1d5256fb8eb39a4394338feb043dceb03a5d53ac2c0a6981c8ddf850aa1c,50.343755992621176,stable,within_run_online_critic,2b679de40fbb6b3a878bbb900e6ea69ef4cab54c70351a35839836910a9fffb1,posthoc_final_checkpoint_one_adam_step,False,2,4,5.0,378.0735178457031,0.02644988217366003,500000,500001,0.002949206371324564,0.002949206371324564,0.002778252084075561,0.002778252084075561,-9.75661497751484,-9.756785931802089,-9.759564183886164,370.18121979839634,370.1866788788466,368.9832763642771,0.034634669054488004,0.03460810680192334,True,raw/halfcheetah-medium-replay-v2/halfcheetah-medium-replay-v2_tau20_mpi4_seed1.npz,5d2526dbde0e332ad15aa54d68e89996148907fa613f4b702e78fde4fbe036b4
p4|halfcheetah-medium-replay-v2|20|1,p4,halfcheetah-medium-replay-v2,20.0,1,1000000,4ef4a0f1f8e4100d479013a678175349516eaec55e6507cc9850e6bc3ee58fd7,01369fcf6a76d84101db6532599dcb2f14275a8e65032cd644ac6fc024a67028,63f27745fdb58828eb4d954aeb9d635e8fccb16f2272834e452b410f6436da71,48d494a4770c11f48260736dec090b78bdca8375647ed4d24bfa5b6610c7f683,e5aa1396cd1114d28714078253945dcbf3ea6079180c0c91c1c59c25efa22446,8e2d2a1cec9363487800fca287beb5e3652620abf31ddb169207b053b761482f,67fc1d5256fb8eb39a4394338feb043dceb03a5d53ac2c0a6981c8ddf850aa1c,50.343755992621176,stable,within_run_online_critic,2b679de40fbb6b3a878bbb900e6ea69ef4cab54c70351a35839836910a9fffb1,posthoc_final_checkpoint_one_adam_step,False,3,4,5.0,379.130127953125,0.02637616813516963,500000,500001,0.005772612648431874,0.005772612648431874,0.005642810532313192,0.005642810532313192,-9.758189481236254,-9.758319283352373,-9.763962093884686,370.8117914936156,370.8143796544173,370.18121979839634,0.022404677702814253,0.02234314135116156,True,raw/halfcheetah-medium-replay-v2/halfcheetah-medium-replay-v2_tau20_mpi4_seed1.npz,5d2526dbde0e332ad15aa54d68e89996148907fa613f4b702e78fde4fbe036b4
p4|halfcheetah-medium-replay-v2|20|1,p4,halfcheetah-medium-replay-v2,20.0,1,1000000,4ef4a0f1f8e4100d479013a678175349516eaec55e6507cc9850e6bc3ee58fd7,01369fcf6a76d84101db6532599dcb2f14275a8e65032cd644ac6fc024a67028,63f27745fdb58828eb4d954aeb9d635e8fccb16f2272834e452b410f6436da71,48d494a4770c11f48260736dec090b78bdca8375647ed4d24bfa5b6610c7f683,e5aa1396cd1114d28714078253945dcbf3ea6079180c0c91c1c59c25efa22446,8e2d2a1cec9363487800fca287beb5e3652620abf31ddb169207b053b761482f,67fc1d5256fb8eb39a4394338feb043dceb03a5d53ac2c0a6981c8ddf850aa1c,50.343755992621176,stable,within_run_online_critic,2b679de40fbb6b3a878bbb900e6ea69ef4cab54c70351a35839836910a9fffb1,posthoc_final_checkpoint_one_adam_step,False,4,4,5.0,379.6927805410156,0.026337082274124957,500000,500001,0.00886053920756602,0.00886053920756602,0.008532119576081243,0.008532119576081243,-9.757240121575457,-9.757568541206942,-9.766100660783023,371.22326092171716,371.22551495191874,370.8117914936156,0.019697443388765386,0.01942838833614736,True,raw/halfcheetah-medium-replay-v2/halfcheetah-medium-replay-v2_tau20_mpi4_seed1.npz,5d2526dbde0e332ad15aa54d68e89996148907fa613f4b702e78fde4fbe036b4
p3|halfcheetah-expert-v2|4|0,p3,halfcheetah-expert-v2,4.0,0,1000000,b936a8b2f3b850bbacfd6e0c731909e09c9e32405b39b6e61e6fe4d46dc1bb84,0752c3122f180b3262560ef7f37c0d8e486b67bec36e33b7d7a09cb5ec09949e,693b43dcb7fa99a6140661a290dec1f70fd56fa79c472ac495c87b44f5e5305c,d9fe53bb994eb1e20a99b4fa3412cd76a1bb7966a7ff55e0fcbdd6081bd2965f,0e1ecb5e12eee00e5a1e576f3af6bf0775a34484c34e02f4c54d8a70f9a971b5,b7709452345310de1f065cbf6d2a2f29cce370025698b93ec507fce6ccff9166,ba88c976ce9fc90e2cece391a51487504b6f7093e517e748ca447532a4282eb4,76.21252927284526,stable,within_run_online_critic,05213427bab3f558cd05a299b3c52b15aa58ee8a2cab99bce0191036c1458cec,posthoc_final_checkpoint_one_adam_step,False,2,3,1.3333333333333333,996.344971703125,0.002676449164096587,500000,500001,0.0012021871400893502,0.0012021871400893502,0.0010738709175166505,0.0010738709175166505,-2.6629980902367865,-2.663126406459359,-2.664200277376876,995.8198846951127,995.8337197750807,995.4234562404454,0.002263207746207544,0.0021719204118502288,True,raw/halfcheetah-expert-v2/halfcheetah-expert-v2_tau4_mpi3_seed0.npz,88dc820bd274646771fd7c63b5138a2bdf963626cf254f49a35bad7995fb3330
p3|halfcheetah-expert-v2|4|0,p3,halfcheetah-expert-v2,4.0,0,1000000,b936a8b2f3b850bbacfd6e0c731909e09c9e32405b39b6e61e6fe4d46dc1bb84,0752c3122f180b3262560ef7f37c0d8e486b67bec36e33b7d7a09cb5ec09949e,693b43dcb7fa99a6140661a290dec1f70fd56fa79c472ac495c87b44f5e5305c,d9fe53bb994eb1e20a99b4fa3412cd76a1bb7966a7ff55e0fcbdd6081bd2965f,0e1ecb5e12eee00e5a1e576f3af6bf0775a34484c34e02f4c54d8a70f9a971b5,b7709452345310de1f065cbf6d2a2f29cce370025698b93ec507fce6ccff9166,ba88c976ce9fc90e2cece391a51487504b6f7093e517e748ca447532a4282eb4,76.21252927284526,stable,within_run_online_critic,05213427bab3f558cd05a299b3c52b15aa58ee8a2cab99bce0191036c1458cec,posthoc_final_checkpoint_one_adam_step,False,3,3,1.3333333333333333,996.74170021875,0.002675383869342906,500000,500001,0.0012675632046748042,0.0012675632046748042,0.0012224221174732541,0.0012224221174732541,-2.6629328930795424,-2.662978034166744,-2.664200456284217,996.1096678189933,996.1054457388818,995.8198846951127,0.0020428442999128205,0.001986407527685979,True,raw/halfcheetah-expert-v2/halfcheetah-expert-v2_tau4_mpi3_seed0.npz,88dc820bd274646771fd7c63b5138a2bdf963626cf254f49a35bad7995fb3330
p4|halfcheetah-expert-v2|4|0,p4,halfcheetah-expert-v2,4.0,0,1000000,e37374602b5cdbfffd911127c109b2115badea4c5d3af3e8e1736919ba6814ea,eb7f779ddaa7474eeadb08ba60d049c5630a33ac0b9029b137daf156807ac58a,5c61e9fbdfc53461df8aaaae6481477698689b2a57e1fe5f489a51d412d9cd39,d9fe53bb994eb1e20a99b4fa3412cd76a1bb7966a7ff55e0fcbdd6081bd2965f,0e1ecb5e12eee00e5a1e576f3af6bf0775a34484c34e02f4c54d8a70f9a971b5,b7709452345310de1f065cbf6d2a2f29cce370025698b93ec507fce6ccff9166,ba88c976ce9fc90e2cece391a51487504b6f7093e517e748ca447532a4282eb4,80.35633816146685,stable,within_run_online_critic,dfc37b72e8e41b32083211291f25bd8eb11dfca9e624a1189b0e5ac19af87cbc,posthoc_final_checkpoint_one_adam_step,False,2,4,1.0,981.0131235585937,0.002038708710384081,500000,500001,0.0014705349853838534,0.0014705349853838534,0.001339723692272754,0.001339723692272754,-1.9972419389684195,-1.9973727502615306,-1.9987124739538034,980.7654928322881,980.7771011330187,980.3815835844725,0.0022532141129023454,0.002146068763603588,True,raw/halfcheetah-expert-v2/halfcheetah-expert-v2_tau4_mpi4_seed0.npz,fa76d4912ad25f5346c3b5de402012321b1b7c4f001f6511b85b185b4545d8ff
p4|halfcheetah-expert-v2|4|0,p4,halfcheetah-expert-v2,4.0,0,1000000,e37374602b5cdbfffd911127c109b2115badea4c5d3af3e8e1736919ba6814ea,eb7f779ddaa7474eeadb08ba60d049c5630a33ac0b9029b137daf156807ac58a,5c61e9fbdfc53461df8aaaae6481477698689b2a57e1fe5f489a51d412d9cd39,d9fe53bb994eb1e20a99b4fa3412cd76a1bb7966a7ff55e0fcbdd6081bd2965f,0e1ecb5e12eee00e5a1e576f3af6bf0775a34484c34e02f4c54d8a70f9a971b5,b7709452345310de1f065cbf6d2a2f29cce370025698b93ec507fce6ccff9166,ba88c976ce9fc90e2cece391a51487504b6f7093e517e748ca447532a4282eb4,80.35633816146685,stable,within_run_online_critic,dfc37b72e8e41b32083211291f25bd8eb11dfca9e624a1189b0e5ac19af87cbc,posthoc_final_checkpoint_one_adam_step,False,3,4,1.0,981.394288109375,0.0020379168945979264,500000,500001,0.0012836232840236494,0.0012836232840236494,0.0012597827296669806,0.0012597827296669806,-1.9974349441975578,-1.9974587847519145,-1.9987185674815815,981.0371351204813,981.0299640931189,980.7654928322881,0.001837207692419524,0.0017987531802495804,True,raw/halfcheetah-expert-v2/halfcheetah-expert-v2_tau4_mpi4_seed0.npz,fa76d4912ad25f5346c3b5de402012321b1b7c4f001f6511b85b185b4545d8ff
p4|halfcheetah-expert-v2|4|0,p4,halfcheetah-expert-v2,4.0,0,1000000,e37374602b5cdbfffd911127c109b2115badea4c5d3af3e8e1736919ba6814ea,eb7f779ddaa7474eeadb08ba60d049c5630a33ac0b9029b137daf156807ac58a,5c61e9fbdfc53461df8aaaae6481477698689b2a57e1fe5f489a51d412d9cd39,d9fe53bb994eb1e20a99b4fa3412cd76a1bb7966a7ff55e0fcbdd6081bd2965f,0e1ecb5e12eee00e5a1e576f3af6bf0775a34484c34e02f4c54d8a70f9a971b5,b7709452345310de1f065cbf6d2a2f29cce370025698b93ec507fce6ccff9166,ba88c976ce9fc90e2cece391a51487504b6f7093e517e748ca447532a4282eb4,80.35633816146685,stable,within_run_online_critic,dfc37b72e8e41b32083211291f25bd8eb11dfca9e624a1189b0e5ac19af87cbc,posthoc_final_checkpoint_one_adam_step,False,4,4,1.0,981.6658945546875,0.002037353045566749,500000,500001,0.0019371625780093549,0.0019371625780093549,0.001696848420416286,0.001696848420416286,-1.9967818324737816,-1.9970221466313747,-1.998718995051791,981.2526344247162,981.2491156645119,981.0371351204813,0.002376210741810047,0.0021287276273980705,True,raw/halfcheetah-expert-v2/halfcheetah-expert-v2_tau4_mpi4_seed0.npz,fa76d4912ad25f5346c3b5de402012321b1b7c4f001f6511b85b185b4545d8ff
p3|halfcheetah-expert-v2|4|1,p3,halfcheetah-expert-v2,4.0,1,1000000,237ade5e75ddab2e8453891cb2114e848d5ed0a4f4d7665f31c9397ff3af3077,ab8f0c9ae85c82ab7c4848c1fe9b4bcdfab3c79d45753105ecc14900510d3a21,1091582cd6b85c9816ac41e5ad3126a255efe3489fa6f9243fac0477be3c9089,d9fe53bb994eb1e20a99b4fa3412cd76a1bb7966a7ff55e0fcbdd6081bd2965f,0e1ecb5e12eee00e5a1e576f3af6bf0775a34484c34e02f4c54d8a70f9a971b5,b7709452345310de1f065cbf6d2a2f29cce370025698b93ec507fce6ccff9166,ba88c976ce9fc90e2cece391a51487504b6f7093e517e748ca447532a4282eb4,79.29617372110029,stable,within_run_online_critic,d7765c4db63c61ba977abb9a584e7e50174b83e011453c668cc0dfaeb250d757,posthoc_final_checkpoint_one_adam_step,False,2,3,1.3333333333333333,1003.3405161367187,0.002657788282022588,500000,500001,0.0010099457017660463,0.0010099457017660463,0.0009281559043259335,0.0009281559043259335,-2.6634788840405834,-2.6635606738380235,-2.6644888297423495,1003.0134109407663,1003.0177630111575,1002.5210991278291,0.002318406269291674,0.002248183353540324,True,raw/halfcheetah-expert-v2/halfcheetah-expert-v2_tau4_mpi3_seed1.npz,189b5bbf63b3e9b7b40a345b5ae30a6e507f0dc83476c09d53106e1a97bd25d5
p3|halfcheetah-expert-v2|4|1,p3,halfcheetah-expert-v2,4.0,1,1000000,237ade5e75ddab2e8453891cb2114e848d5ed0a4f4d7665f31c9397ff3af3077,ab8f0c9ae85c82ab7c4848c1fe9b4bcdfab3c79d45753105ecc14900510d3a21,1091582cd6b85c9816ac41e5ad3126a255efe3489fa6f9243fac0477be3c9089,d9fe53bb994eb1e20a99b4fa3412cd76a1bb7966a7ff55e0fcbdd6081bd2965f,0e1ecb5e12eee00e5a1e576f3af6bf0775a34484c34e02f4c54d8a70f9a971b5,b7709452345310de1f065cbf6d2a2f29cce370025698b93ec507fce6ccff9166,ba88c976ce9fc90e2cece391a51487504b6f7093e517e748ca447532a4282eb4,79.29617372110029,stable,within_run_online_critic,d7765c4db63c61ba977abb9a584e7e50174b83e011453c668cc0dfaeb250d757,posthoc_final_checkpoint_one_adam_step,False,3,3,1.3333333333333333,1003.83203225,0.0026564869231056223,500000,500001,0.0009751119222136673,0.0009751119222136673,0.0009168966977499693,0.0009168966977499693,-2.663516897941498,-2.6635751131659617,-2.6644920098637117,1003.2857019044459,1003.2885252274573,1003.0134109407663,0.0016984493065082512,0.0016477342027038308,True,raw/halfcheetah-expert-v2/halfcheetah-expert-v2_tau4_mpi3_seed1.npz,189b5bbf63b3e9b7b40a345b5ae30a6e507f0dc83476c09d53106e1a97bd25d5
p4|halfcheetah-expert-v2|4|1,p4,halfcheetah-expert-v2,4.0,1,1000000,be503f09b04723ad0db1085ad9bf566ccd71858e6580d4ceec44c93b6f96a65d,c5c6b94675e96abc4fc6be3a81d31ad121a2f48838e2603c3fd306cb68324c93,2939b170af5836386027360843ea4a78921c74eb055924d0c5329cfeb41888d8,d9fe53bb994eb1e20a99b4fa3412cd76a1bb7966a7ff55e0fcbdd6081bd2965f,0e1ecb5e12eee00e5a1e576f3af6bf0775a34484c34e02f4c54d8a70f9a971b5,b7709452345310de1f065cbf6d2a2f29cce370025698b93ec507fce6ccff9166,ba88c976ce9fc90e2cece391a51487504b6f7093e517e748ca447532a4282eb4,91.09673455507121,stable,within_run_online_critic,8000ca10bf1ba5c75c227d31af28d0e27efac117066d605bb9942097c83c0106,posthoc_final_checkpoint_one_adam_step,False,2,4,1.0,990.431397484375,0.0020193220904343875,500000,500001,0.0013350707909494108,0.0013350707909494108,0.0012247480143721123,0.0012247480143721123,-1.9974604837204641,-1.9975708064970414,-1.9987955545114136,990.2942484840751,990.2962994538248,989.8349371701479,0.0022625682735490068,0.0021563870654941874,True,raw/halfcheetah-expert-v2/halfcheetah-expert-v2_tau4_mpi4_seed1.npz,1fc8c86541ab51730e8323ccf939eebef8aee30590f758e3dd7f9b74148f6ce7
p4|halfcheetah-expert-v2|4|1,p4,halfcheetah-expert-v2,4.0,1,1000000,be503f09b04723ad0db1085ad9bf566ccd71858e6580d4ceec44c93b6f96a65d,c5c6b94675e96abc4fc6be3a81d31ad121a2f48838e2603c3fd306cb68324c93,2939b170af5836386027360843ea4a78921c74eb055924d0c5329cfeb41888d8,d9fe53bb994eb1e20a99b4fa3412cd76a1bb7966a7ff55e0fcbdd6081bd2965f,0e1ecb5e12eee00e5a1e576f3af6bf0775a34484c34e02f4c54d8a70f9a971b5,b7709452345310de1f065cbf6d2a2f29cce370025698b93ec507fce6ccff9166,ba88c976ce9fc90e2cece391a51487504b6f7093e517e748ca447532a4282eb4,91.09673455507121,stable,within_run_online_critic,8000ca10bf1ba5c75c227d31af28d0e27efac117066d605bb9942097c83c0106,posthoc_final_checkpoint_one_adam_step,False,3,4,1.0,990.8914804921875,0.0020183844945428093,500000,500001,0.0010459652336554104,0.0010459652336554104,0.0009895833607507232,0.0009895833607507232,-1.9977485909415256,-1.9978049728144303,-1.998794556175181,990.5130302906036,990.5189205147326,990.2942484840751,0.0014875510396408966,0.0014430579037874754,True,raw/halfcheetah-expert-v2/halfcheetah-expert-v2_tau4_mpi4_seed1.npz,1fc8c86541ab51730e8323ccf939eebef8aee30590f758e3dd7f9b74148f6ce7
p4|halfcheetah-expert-v2|4|1,p4,halfcheetah-expert-v2,4.0,1,1000000,be503f09b04723ad0db1085ad9bf566ccd71858e6580d4ceec44c93b6f96a65d,c5c6b94675e96abc4fc6be3a81d31ad121a2f48838e2603c3fd306cb68324c93,2939b170af5836386027360843ea4a78921c74eb055924d0c5329cfeb41888d8,d9fe53bb994eb1e20a99b4fa3412cd76a1bb7966a7ff55e0fcbdd6081bd2965f,0e1ecb5e12eee00e5a1e576f3af6bf0775a34484c34e02f4c54d8a70f9a971b5,b7709452345310de1f065cbf6d2a2f29cce370025698b93ec507fce6ccff9166,ba88c976ce9fc90e2cece391a51487504b6f7093e517e748ca447532a4282eb4,91.09673455507121,stable,within_run_online_critic,8000ca10bf1ba5c75c227d31af28d0e27efac117066d605bb9942097c83c0106,posthoc_final_checkpoint_one_adam_step,False,4,4,1.0,991.1090097890625,0.0020179414981059043,500000,500001,0.001307228875300881,0.001307228875300881,0.0012333625664389114,0.0012333625664389114,-1.9974901193627388,-1.9975639856716008,-1.9987973482380397,990.7156638354063,990.7143129520118,990.5130302906036,0.001716131514266521,0.0016395392017436283,True,raw/halfcheetah-expert-v2/halfcheetah-expert-v2_tau4_mpi4_seed1.npz,1fc8c86541ab51730e8323ccf939eebef8aee30590f758e3dd7f9b74148f6ce7
p3|halfcheetah-expert-v2|7|0,p3,halfcheetah-expert-v2,7.0,0,1000000,00964f8c7b8c7fe559e8ebd66a56fb9e1bfb6eed67ede8053ba3c37822004c04,2d93fde7a2132708fc705e023d44f391b829a2929602e98eb3593671e363efcf,9beda97f6ffffebc78fb947a3dfbab8a2f05fcdef997b00f66738bcc7a74f4ba,d9fe53bb994eb1e20a99b4fa3412cd76a1bb7966a7ff55e0fcbdd6081bd2965f,0e1ecb5e12eee00e5a1e576f3af6bf0775a34484c34e02f4c54d8a70f9a971b5,b7709452345310de1f065cbf6d2a2f29cce370025698b93ec507fce6ccff9166,ba88c976ce9fc90e2cece391a51487504b6f7093e517e748ca447532a4282eb4,39.440023164729986,stable,within_run_online_critic,d50bd118a63a586091636a347f52b6878a7f0dc4f7ca51b197efcee558439edf,posthoc_final_checkpoint_one_adam_step,False,2,3,2.3333333333333335,1026.0562754140626,0.004548158593721816,500000,500001,0.00022867590027964013,0.00022867590027964013,0.00011970559540053216,0.00011970559540053216,-4.663349691627795,-4.663458661932674,-4.663578367528075,1025.934941407293,1025.9589261487126,1025.3772535473108,0.0027651287332725177,0.0027652448361984716,True,raw/halfcheetah-expert-v2/halfcheetah-expert-v2_tau7_mpi3_seed0.npz,8e5435add05e4c5212f5090b9c85bc4f4a6fcb5b91d942638bb904ba1f968419
p3|halfcheetah-expert-v2|7|0,p3,halfcheetah-expert-v2,7.0,0,1000000,00964f8c7b8c7fe559e8ebd66a56fb9e1bfb6eed67ede8053ba3c37822004c04,2d93fde7a2132708fc705e023d44f391b829a2929602e98eb3593671e363efcf,9beda97f6ffffebc78fb947a3dfbab8a2f05fcdef997b00f66738bcc7a74f4ba,d9fe53bb994eb1e20a99b4fa3412cd76a1bb7966a7ff55e0fcbdd6081bd2965f,0e1ecb5e12eee00e5a1e576f3af6bf0775a34484c34e02f4c54d8a70f9a971b5,b7709452345310de1f065cbf6d2a2f29cce370025698b93ec507fce6ccff9166,ba88c976ce9fc90e2cece391a51487504b6f7093e517e748ca447532a4282eb4,39.440023164729986,stable,within_run_online_critic,d50bd118a63a586091636a347f52b6878a7f0dc4f7ca51b197efcee558439edf,posthoc_final_checkpoint_one_adam_step,False,3,3,2.3333333333333335,1026.6134043203126,0.004545690370910669,500000,500001,0.0010732552949015428,0.0010732552949015428,0.0009790563999674262,0.0009790563999674262,-4.662509329041032,-4.662603527935966,-4.663582584335933,1026.2116425074637,1026.211826775223,1025.934941407293,0.002331052821568262,0.0022376915508131095,True,raw/halfcheetah-expert-v2/halfcheetah-expert-v2_tau7_mpi3_seed0.npz,8e5435add05e4c5212f5090b9c85bc4f4a6fcb5b91d942638bb904ba1f968419
p4|halfcheetah-expert-v2|7|0,p4,halfcheetah-expert-v2,7.0,0,1000000,0b3a0c6eb069b987b821191001b1124b8552f06e27371b90881bfc2796ea0749,f7481e2ceaea53388c0b115f7b8792d4175a51f66f944cb2cdd434e0702fc5db,2aa3fc629a8214b885bd8876386ba3dde0ff419f05041503799de377a031f631,d9fe53bb994eb1e20a99b4fa3412cd76a1bb7966a7ff55e0fcbdd6081bd2965f,0e1ecb5e12eee00e5a1e576f3af6bf0775a34484c34e02f4c54d8a70f9a971b5,b7709452345310de1f065cbf6d2a2f29cce370025698b93ec507fce6ccff9166,ba88c976ce9fc90e2cece391a51487504b6f7093e517e748ca447532a4282eb4,52.737054651755734,stable,within_run_online_critic,f8a688ef2d8188ee39e20b6ea8c85790fa46dde4e8819f4efe5f001dab93b17a,posthoc_final_checkpoint_one_adam_step,False,2,4,1.75,1018.7562265859375,0.0034355618239794447,500000,500001,0.0008044249241314638,0.0008044249241314638,0.0007111020764418718,0.0007111020764418718,-3.496223028131642,-3.4963163509793316,-3.4970274530557734,1018.4298114478588,1018.4379269145429,1017.8909978121519,0.0026555524812060445,0.0025901108210399644,True,raw/halfcheetah-expert-v2/halfcheetah-expert-v2_tau7_mpi4_seed0.npz,fa556424c0cac068b52dfbf174bde82a7714257ddf047ce2d122a453a9be6a21
p4|halfcheetah-expert-v2|7|0,p4,halfcheetah-expert-v2,7.0,0,1000000,0b3a0c6eb069b987b821191001b1124b8552f06e27371b90881bfc2796ea0749,f7481e2ceaea53388c0b115f7b8792d4175a51f66f944cb2cdd434e0702fc5db,2aa3fc629a8214b885bd8876386ba3dde0ff419f05041503799de377a031f631,d9fe53bb994eb1e20a99b4fa3412cd76a1bb7966a7ff55e0fcbdd6081bd2965f,0e1ecb5e12eee00e5a1e576f3af6bf0775a34484c34e02f4c54d8a70f9a971b5,b7709452345310de1f065cbf6d2a2f29cce370025698b93ec507fce6ccff9166,ba88c976ce9fc90e2cece391a51487504b6f7093e517e748ca447532a4282eb4,52.737054651755734,stable,within_run_online_critic,f8a688ef2d8188ee39e20b6ea8c85790fa46dde4e8819f4efe5f001dab93b17a,posthoc_final_checkpoint_one_adam_step,False,3,4,1.75,1019.2955942617187,0.003433743871457689,500000,500001,0.0006784265425952007,0.0006784265425952007,0.0006241021605628561,0.0006241021605628561,-3.4963486970262996,-3.496403021408332,-3.497027123568895,1018.8104167431593,1018.809099316597,1018.4298114478588,0.0019853276427775086,0.00192647955536068,True,raw/halfcheetah-expert-v2/halfcheetah-expert-v2_tau7_mpi4_seed0.npz,fa556424c0cac068b52dfbf174bde82a7714257ddf047ce2d122a453a9be6a21
p4|halfcheetah-expert-v2|7|0,p4,halfcheetah-expert-v2,7.0,0,1000000,0b3a0c6eb069b987b821191001b1124b8552f06e27371b90881bfc2796ea0749,f7481e2ceaea53388c0b115f7b8792d4175a51f66f944cb2cdd434e0702fc5db,2aa3fc629a8214b885bd8876386ba3dde0ff419f05041503799de377a031f631,d9fe53bb994eb1e20a99b4fa3412cd76a1bb7966a7ff55e0fcbdd6081bd2965f,0e1ecb5e12eee00e5a1e576f3af6bf0775a34484c34e02f4c54d8a70f9a971b5,b7709452345310de1f065cbf6d2a2f29cce370025698b93ec507fce6ccff9166,ba88c976ce9fc90e2cece391a51487504b6f7093e517e748ca447532a4282eb4,52.737054651755734,stable,within_run_online_critic,f8a688ef2d8188ee39e20b6ea8c85790fa46dde4e8819f4efe5f001dab93b17a,posthoc_final_checkpoint_one_adam_step,False,4,4,1.75,1019.6737070546875,0.0034324705793480725,500000,500001,0.0016096821550659612,0.0016096821550659612,0.001437085688844597,0.001437085688844597,-3.495427099249177,-3.4955996957153985,-3.497036781404243,1019.0196850933135,1019.0274691134691,1018.8104167431593,0.002327989610159114,0.0021821115641106055,True,raw/halfcheetah-expert-v2/halfcheetah-expert-v2_tau7_mpi4_seed0.npz,fa556424c0cac068b52dfbf174bde82a7714257ddf047ce2d122a453a9be6a21
p3|halfcheetah-expert-v2|7|1,p3,halfcheetah-expert-v2,7.0,1,1000000,dc9607e2d68040d3803da08be492d071aed0a2b869d1c14d806c297ac6c8e923,6d66a314148699268bf7e42ca7b62c866c5391f8411327f38c626b70bf6190d3,123ff7348e74c656a5fe4fc6ce29df752003151dabdf3141b3c58d7221d0b443,d9fe53bb994eb1e20a99b4fa3412cd76a1bb7966a7ff55e0fcbdd6081bd2965f,0e1ecb5e12eee00e5a1e576f3af6bf0775a34484c34e02f4c54d8a70f9a971b5,b7709452345310de1f065cbf6d2a2f29cce370025698b93ec507fce6ccff9166,ba88c976ce9fc90e2cece391a51487504b6f7093e517e748ca447532a4282eb4,39.43114229733208,stable,within_run_online_critic,edd61afad7a13118c1d9c6e38a10dec56210e47f34ddd11825aea363462bb51e,posthoc_final_checkpoint_one_adam_step,False,2,3,2.3333333333333335,1032.83740334375,0.004518297508938589,500000,500001,0.0005025730026089192,0.0005025730026089192,0.00038060264636374797,0.00038060264636374797,-4.663300650606044,-4.663422620962289,-4.663803223608653,1032.806074405089,1032.8012473564595,1032.2036595381796,0.0032244625951124034,0.0030806821970693087,True,raw/halfcheetah-expert-v2/halfcheetah-expert-v2_tau7_mpi3_seed1.npz,423fe8b7db5f5f238e7e86f415cd4a1a380731631a06c420ce091d8e7390bbc4
p3|halfcheetah-expert-v2|7|1,p3,halfcheetah-expert-v2,7.0,1,1000000,dc9607e2d68040d3803da08be492d071aed0a2b869d1c14d806c297ac6c8e923,6d66a314148699268bf7e42ca7b62c866c5391f8411327f38c626b70bf6190d3,123ff7348e74c656a5fe4fc6ce29df752003151dabdf3141b3c58d7221d0b443,d9fe53bb994eb1e20a99b4fa3412cd76a1bb7966a7ff55e0fcbdd6081bd2965f,0e1ecb5e12eee00e5a1e576f3af6bf0775a34484c34e02f4c54d8a70f9a971b5,b7709452345310de1f065cbf6d2a2f29cce370025698b93ec507fce6ccff9166,ba88c976ce9fc90e2cece391a51487504b6f7093e517e748ca447532a4282eb4,39.43114229733208,stable,within_run_online_critic,edd61afad7a13118c1d9c6e38a10dec56210e47f34ddd11825aea363462bb51e,posthoc_final_checkpoint_one_adam_step,False,3,3,2.3333333333333335,1033.43798928125,0.004515671685257386,500000,500001,0.0010560774242920346,0.0010560774242920346,0.000955308788643805,0.000955308788643805,-4.6627570691286016,-4.66285783776425,-4.663813146552894,1033.1303354706615,1033.1292762551457,1032.806074405089,0.002520333936729573,0.002414782231567376,True,raw/halfcheetah-expert-v2/halfcheetah-expert-v2_tau7_mpi3_seed1.npz,423fe8b7db5f5f238e7e86f415cd4a1a380731631a06c420ce091d8e7390bbc4
p4|halfcheetah-expert-v2|7|1,p4,halfcheetah-expert-v2,7.0,1,1000000,1ec073a8660aec940f9bc14391a3184a1fd8cf9ad57bc9aae9316d71041b195a,fafd6e38304d68ce27988aa4464926451d28d7b324b449522e18a4892cbabd1b,eeb76126e640f3dee40d34723224d3b8d9aa2b77af04ba8605b7e9f1ee382927,d9fe53bb994eb1e20a99b4fa3412cd76a1bb7966a7ff55e0fcbdd6081bd2965f,0e1ecb5e12eee00e5a1e576f3af6bf0775a34484c34e02f4c54d8a70f9a971b5,b7709452345310de1f065cbf6d2a2f29cce370025698b93ec507fce6ccff9166,ba88c976ce9fc90e2cece391a51487504b6f7093e517e748ca447532a4282eb4,74.92302220501153,stable,within_run_online_critic,24b3357ab25f359ef8400f6dc7bd9a823e13530fd3182d76dbe71ebc20f44f96,posthoc_final_checkpoint_one_adam_step,False,2,4,1.75,1015.2778940664062,0.003447332026487593,500000,500001,0.0010453096731830591,0.0010453096731830591,0.0009445234627358801,0.0009445234627358801,-3.4973245305533918,-3.497425316763839,-3.498369840226575,1015.3086399063468,1015.309220940806,1014.8050183001906,0.0027814605653164806,0.0026826773735686895,True,raw/halfcheetah-expert-v2/halfcheetah-expert-v2_tau7_mpi4_seed1.npz,cec5ef6002b58d9a5d8ce02faf3b5a22ccce2b05307e84ab3a95126c2d2e1da1
p4|halfcheetah-expert-v2|7|1,p4,halfcheetah-expert-v2,7.0,1,1000000,1ec073a8660aec940f9bc14391a3184a1fd8cf9ad57bc9aae9316d71041b195a,fafd6e38304d68ce27988aa4464926451d28d7b324b449522e18a4892cbabd1b,eeb76126e640f3dee40d34723224d3b8d9aa2b77af04ba8605b7e9f1ee382927,d9fe53bb994eb1e20a99b4fa3412cd76a1bb7966a7ff55e0fcbdd6081bd2965f,0e1ecb5e12eee00e5a1e576f3af6bf0775a34484c34e02f4c54d8a70f9a971b5,b7709452345310de1f065cbf6d2a2f29cce370025698b93ec507fce6ccff9166,ba88c976ce9fc90e2cece391a51487504b6f7093e517e748ca447532a4282eb4,74.92302220501153,stable,within_run_online_critic,24b3357ab25f359ef8400f6dc7bd9a823e13530fd3182d76dbe71ebc20f44f96,posthoc_final_checkpoint_one_adam_step,False,3,4,1.75,1015.7833261953125,0.003445616707560553,500000,500001,0.0009736434690337248,0.0009736434690337248,0.0009217414117377309,0.0009217414117377309,-3.497390769522856,-3.497442671580152,-3.4983644129918896,1015.5554429842159,1015.5596160022542,1015.3086399063468,0.0018240322776168938,0.001786508840994569,True,raw/halfcheetah-expert-v2/halfcheetah-expert-v2_tau7_mpi4_seed1.npz,cec5ef6002b58d9a5d8ce02faf3b5a22ccce2b05307e84ab3a95126c2d2e1da1
p4|halfcheetah-expert-v2|7|1,p4,halfcheetah-expert-v2,7.0,1,1000000,1ec073a8660aec940f9bc14391a3184a1fd8cf9ad57bc9aae9316d71041b195a,fafd6e38304d68ce27988aa4464926451d28d7b324b449522e18a4892cbabd1b,eeb76126e640f3dee40d34723224d3b8d9aa2b77af04ba8605b7e9f1ee382927,d9fe53bb994eb1e20a99b4fa3412cd76a1bb7966a7ff55e0fcbdd6081bd2965f,0e1ecb5e12eee00e5a1e576f3af6bf0775a34484c34e02f4c54d8a70f9a971b5,b7709452345310de1f065cbf6d2a2f29cce370025698b93ec507fce6ccff9166,ba88c976ce9fc90e2cece391a51487504b6f7093e517e748ca447532a4282eb4,74.92302220501153,stable,within_run_online_critic,24b3357ab25f359ef8400f6dc7bd9a823e13530fd3182d76dbe71ebc20f44f96,posthoc_final_checkpoint_one_adam_step,False,4,4,1.75,1016.0316172109375,0.0034447746907794977,500000,500001,0.0014220224667695902,0.0014220224667695902,0.0012912441878460967,0.0012912441878460967,-3.4969376646086188,-3.4970684428875423,-3.4983596870753884,1015.7630987102166,1015.764359976165,1015.5554429842159,0.002137349656091782,0.002010916154185784,True,raw/halfcheetah-expert-v2/halfcheetah-expert-v2_tau7_mpi4_seed1.npz,cec5ef6002b58d9a5d8ce02faf3b5a22ccce2b05307e84ab3a95126c2d2e1da1
p3|halfcheetah-expert-v2|10|0,p3,halfcheetah-expert-v2,10.0,0,1000000,1db35485ab958944cdade1c81cf0300d73079b5f375e58693d48d0470cf1dab9,8744896f662698d1dd38b88f8300d3eed23590de4af974a9b545aac2ea87cf1f,238822252a32620d4cd333acb729baf0acbaa47b8c77aa8e2cd040bb77d041bc,d9fe53bb994eb1e20a99b4fa3412cd76a1bb7966a7ff55e0fcbdd6081bd2965f,0e1ecb5e12eee00e5a1e576f3af6bf0775a34484c34e02f4c54d8a70f9a971b5,b7709452345310de1f065cbf6d2a2f29cce370025698b93ec507fce6ccff9166,ba88c976ce9fc90e2cece391a51487504b6f7093e517e748ca447532a4282eb4,20.74356091445695,stable,within_run_online_critic,c54f111630eebe135719dcf372fd8ebe3e11cad1f348cec644564a85236a8135,posthoc_final_checkpoint_one_adam_step,False,2,3,3.3333333333333335,1063.3037119375,0.006269767134094728,500000,500001,-0.0003264322384692875,0.0,-0.0004015731473172579,0.0,-6.662949165966515,-6.663024306875363,-6.662622733728046,1063.2474714294076,1063.2508873715997,1062.658722601831,0.003364885810907508,0.00331116206414806,True,raw/halfcheetah-expert-v2/halfcheetah-expert-v2_tau10_mpi3_seed0.npz,11fd36931c25079c66f85fbd7c818392f9c30b01a47ae8deabc4fecdc9ecac16
p3|halfcheetah-expert-v2|10|0,p3,halfcheetah-expert-v2,10.0,0,1000000,1db35485ab958944cdade1c81cf0300d73079b5f375e58693d48d0470cf1dab9,8744896f662698d1dd38b88f8300d3eed23590de4af974a9b545aac2ea87cf1f,238822252a32620d4cd333acb729baf0acbaa47b8c77aa8e2cd040bb77d041bc,d9fe53bb994eb1e20a99b4fa3412cd76a1bb7966a7ff55e0fcbdd6081bd2965f,0e1ecb5e12eee00e5a1e576f3af6bf0775a34484c34e02f4c54d8a70f9a971b5,b7709452345310de1f065cbf6d2a2f29cce370025698b93ec507fce6ccff9166,ba88c976ce9fc90e2cece391a51487504b6f7093e517e748ca447532a4282eb4,20.74356091445695,stable,within_run_online_critic,c54f111630eebe135719dcf372fd8ebe3e11cad1f348cec644564a85236a8135,posthoc_final_checkpoint_one_adam_step,False,3,3,3.3333333333333335,1063.89306740625,0.006266293926437425,500000,500001,0.0005574679356836754,0.0005574679356836754,0.0005083520950153186,0.0005083520950153186,-6.662063704582363,-6.662112820423031,-6.662621172518047,1063.5815135650337,1063.5799151472747,1063.2474714294076,0.002650674141330999,0.002591542145168533,True,raw/halfcheetah-expert-v2/halfcheetah-expert-v2_tau10_mpi3_seed0.npz,11fd36931c25079c66f85fbd7c818392f9c30b01a47ae8deabc4fecdc9ecac16
p4|halfcheetah-expert-v2|10|0,p4,halfcheetah-expert-v2,10.0,0,1000000,1e57460ae551280c34725db2f8228c1bcb962258198b1c81d5141fb8570e1459,56754e4c3abdf596d258b0d9bcbcc8b20104ada4cc86b723cbc44987ccbfd875,24e9c45835c7210b3249d1865c44fbb75b9a8fcfc0363b9b09d30688015f0f2e,d9fe53bb994eb1e20a99b4fa3412cd76a1bb7966a7ff55e0fcbdd6081bd2965f,0e1ecb5e12eee00e5a1e576f3af6bf0775a34484c34e02f4c54d8a70f9a971b5,b7709452345310de1f065cbf6d2a2f29cce370025698b93ec507fce6ccff9166,ba88c976ce9fc90e2cece391a51487504b6f7093e517e748ca447532a4282eb4,6.724652422703517,collapsed,within_run_online_critic,1967c17cafb032275fb19d74b6f9b5220f3a43572121e2dd4006997f5b5e2cc9,posthoc_final_checkpoint_one_adam_step,False,2,4,2.5,1047.210694359375,0.004774588367872542,500000,500001,0.00015603874371450388,0.00015603874371450388,7.627799424536619e-05,7.627799424536619e-05,-4.995920865976043,-4.996000626725512,-4.996076904719757,1046.963567983359,1046.9680548273027,1046.3890328928828,0.002899207303636627,0.002840869387068691,True,raw/halfcheetah-expert-v2/halfcheetah-expert-v2_tau10_mpi4_seed0.npz,db8f7b1732e5046bf5128317da9986e87ffc8a31e7208fdbd1e01cf0867c67fa
p4|halfcheetah-expert-v2|10|0,p4,halfcheetah-expert-v2,10.0,0,1000000,1e57460ae551280c34725db2f8228c1bcb962258198b1c81d5141fb8570e1459,56754e4c3abdf596d258b0d9bcbcc8b20104ada4cc86b723cbc44987ccbfd875,24e9c45835c7210b3249d1865c44fbb75b9a8fcfc0363b9b09d30688015f0f2e,d9fe53bb994eb1e20a99b4fa3412cd76a1bb7966a7ff55e0fcbdd6081bd2965f,0e1ecb5e12eee00e5a1e576f3af6bf0775a34484c34e02f4c54d8a70f9a971b5,b7709452345310de1f065cbf6d2a2f29cce370025698b93ec507fce6ccff9166,ba88c976ce9fc90e2cece391a51487504b6f7093e517e748ca447532a4282eb4,6.724652422703517,collapsed,within_run_online_critic,1967c17cafb032275fb19d74b6f9b5220f3a43572121e2dd4006997f5b5e2cc9,posthoc_final_checkpoint_one_adam_step,False,3,4,2.5,1047.7840586171876,0.004771975636467258,500000,500001,0.0008264241652486959,0.0008264241652486959,0.0007593918958015422,0.0007593918958015422,-4.995258214520172,-4.995325246789619,-4.996084638685421,1047.2757195010781,1047.276695072651,1046.963567983359,0.0023160036026905213,0.0022536267370201267,True,raw/halfcheetah-expert-v2/halfcheetah-expert-v2_tau10_mpi4_seed0.npz,db8f7b1732e5046bf5128317da9986e87ffc8a31e7208fdbd1e01cf0867c67fa
p4|halfcheetah-expert-v2|10|0,p4,halfcheetah-expert-v2,10.0,0,1000000,1e57460ae551280c34725db2f8228c1bcb962258198b1c81d5141fb8570e1459,56754e4c3abdf596d258b0d9bcbcc8b20104ada4cc86b723cbc44987ccbfd875,24e9c45835c7210b3249d1865c44fbb75b9a8fcfc0363b9b09d30688015f0f2e,d9fe53bb994eb1e20a99b4fa3412cd76a1bb7966a7ff55e0fcbdd6081bd2965f,0e1ecb5e12eee00e5a1e576f3af6bf0775a34484c34e02f4c54d8a70f9a971b5,b7709452345310de1f065cbf6d2a2f29cce370025698b93ec507fce6ccff9166,ba88c976ce9fc90e2cece391a51487504b6f7093e517e748ca447532a4282eb4,6.724652422703517,collapsed,within_run_online_critic,1967c17cafb032275fb19d74b6f9b5220f3a43572121e2dd4006997f5b5e2cc9,posthoc_final_checkpoint_one_adam_step,False,4,4,2.5,1048.095459984375,0.004770557826931661,500000,500001,0.0017635520177163855,0.0017635520177163855,0.001559215199381292,0.001559215199381292,-4.994325828603639,-4.994530165421974,-4.996089380621355,1047.5216654650867,1047.518988136202,1047.2757195010781,0.00293685146131923,0.002719742290718355,True,raw/halfcheetah-expert-v2/halfcheetah-expert-v2_tau10_mpi4_seed0.npz,db8f7b1732e5046bf5128317da9986e87ffc8a31e7208fdbd1e01cf0867c67fa
p3|halfcheetah-expert-v2|10|1,p3,halfcheetah-expert-v2,10.0,1,1000000,1e5fc3cbc0713f99c9900e13130e378e8177f7d2f0650a3770e264f51e9feb65,d9d834bd0361968dfc3721c157ed4381c36186cb27179d42e076a203da8d5139,eb95cf2f096bf3536fd391d9bc033b8896573539100fc5db4a6a9a6c183c3add,d9fe53bb994eb1e20a99b4fa3412cd76a1bb7966a7ff55e0fcbdd6081bd2965f,0e1ecb5e12eee00e5a1e576f3af6bf0775a34484c34e02f4c54d8a70f9a971b5,b7709452345310de1f065cbf6d2a2f29cce370025698b93ec507fce6ccff9166,ba88c976ce9fc90e2cece391a51487504b6f7093e517e748ca447532a4282eb4,38.50823608022746,stable,within_run_online_critic,17e31fcb3ef40a8927c673876a4b940896e2b5219bf7a0bd64d9f58508772c67,posthoc_final_checkpoint_one_adam_step,False,2,3,3.3333333333333335,1084.0374765859376,0.006149848884987478,500000,500001,-0.001029622101368588,0.0,-0.0011301257440150536,0.0,-6.664564922878028,-6.664665426520674,-6.663535300776659,1084.471542316489,1084.4627296784893,1083.5282988892868,0.00477118243768187,0.004616482403059509,True,raw/halfcheetah-expert-v2/halfcheetah-expert-v2_tau10_mpi3_seed1.npz,3df1c65e36861959a955bd4375b8e353399f93eba2059f9476ebdf4843237f7a
p3|halfcheetah-expert-v2|10|1,p3,halfcheetah-expert-v2,10.0,1,1000000,1e5fc3cbc0713f99c9900e13130e378e8177f7d2f0650a3770e264f51e9feb65,d9d834bd0361968dfc3721c157ed4381c36186cb27179d42e076a203da8d5139,eb95cf2f096bf3536fd391d9bc033b8896573539100fc5db4a6a9a6c183c3add,d9fe53bb994eb1e20a99b4fa3412cd76a1bb7966a7ff55e0fcbdd6081bd2965f,0e1ecb5e12eee00e5a1e576f3af6bf0775a34484c34e02f4c54d8a70f9a971b5,b7709452345310de1f065cbf6d2a2f29cce370025698b93ec507fce6ccff9166,ba88c976ce9fc90e2cece391a51487504b6f7093e517e748ca447532a4282eb4,38.50823608022746,stable,within_run_online_critic,17e31fcb3ef40a8927c673876a4b940896e2b5219bf7a0bd64d9f58508772c67,posthoc_final_checkpoint_one_adam_step,False,3,3,3.3333333333333335,1084.98095803125,0.006144501078400171,500000,500001,0.000571708701067486,0.000571708701067486,0.00047531698938740874,0.00047531698938740874,-6.662964852556895,-6.663061244268575,-6.6635365612579625,1084.8940420290455,1084.8992651877925,1084.471542316489,0.00316775864049557,0.0031034606333694014,True,raw/halfcheetah-expert-v2/halfcheetah-expert-v2_tau10_mpi3_seed1.npz,3df1c65e36861959a955bd4375b8e353399f93eba2059f9476ebdf4843237f7a
p4|halfcheetah-expert-v2|10|1,p4,halfcheetah-expert-v2,10.0,1,1000000,a01e6ee17c04164e81701bbae8f01ebcff29861aea5b2040f05d8a78bce18fc0,6262b9373dd1efc65c2091bb983f1ede81d3868a2f2042ac76a794c4436613b0,d88ab177c1fee1e4a896559c720c8ebe5d632713dcff7cc3c1160f3d2babf044,d9fe53bb994eb1e20a99b4fa3412cd76a1bb7966a7ff55e0fcbdd6081bd2965f,0e1ecb5e12eee00e5a1e576f3af6bf0775a34484c34e02f4c54d8a70f9a971b5,b7709452345310de1f065cbf6d2a2f29cce370025698b93ec507fce6ccff9166,ba88c976ce9fc90e2cece391a51487504b6f7093e517e748ca447532a4282eb4,44.35391019936886,stable,within_run_online_critic,24abd5930acca69d9eb1df81e88e0a854985d808df141c0a81b615bfbe46a897,posthoc_final_checkpoint_one_adam_step,False,2,4,2.5,1035.6474619375,0.004827897700483858,500000,500001,0.00018457105485047975,0.00018457105485047975,7.7413493428935e-05,7.7413493428935e-05,-4.996822326365634,-4.9969294839270555,-4.997006897420484,1035.6533335000277,1035.656360886991,1035.0275021195412,0.003206020937591965,0.0031134792907284866,True,raw/halfcheetah-expert-v2/halfcheetah-expert-v2_tau10_mpi4_seed1.npz,172efaef996dd4373174db04f416a82518bce3017242076a3a0fb99262566df2
p4|halfcheetah-expert-v2|10|1,p4,halfcheetah-expert-v2,10.0,1,1000000,a01e6ee17c04164e81701bbae8f01ebcff29861aea5b2040f05d8a78bce18fc0,6262b9373dd1efc65c2091bb983f1ede81d3868a2f2042ac76a794c4436613b0,d88ab177c1fee1e4a896559c720c8ebe5d632713dcff7cc3c1160f3d2babf044,d9fe53bb994eb1e20a99b4fa3412cd76a1bb7966a7ff55e0fcbdd6081bd2965f,0e1ecb5e12eee00e5a1e576f3af6bf0775a34484c34e02f4c54d8a70f9a971b5,b7709452345310de1f065cbf6d2a2f29cce370025698b93ec507fce6ccff9166,ba88c976ce9fc90e2cece391a51487504b6f7093e517e748ca447532a4282eb4,44.35391019936886,stable,within_run_online_critic,24abd5930acca69d9eb1df81e88e0a854985d808df141c0a81b615bfbe46a897,posthoc_final_checkpoint_one_adam_step,False,3,4,2.5,1036.2734385,0.0048249813362363815,500000,500001,0.0008383627460100129,0.0008383627460100129,0.0007634541231622549,0.0007634541231622549,-4.9961696422026165,-4.996244550825464,-4.9970080049486265,1035.9833868220448,1035.9899527579546,1035.6533335000277,0.0024308638647055317,0.0023876357600767528,True,raw/halfcheetah-expert-v2/halfcheetah-expert-v2_tau10_mpi4_seed1.npz,172efaef996dd4373174db04f416a82518bce3017242076a3a0fb99262566df2
p4|halfcheetah-expert-v2|10|1,p4,halfcheetah-expert-v2,10.0,1,1000000,a01e6ee17c04164e81701bbae8f01ebcff29861aea5b2040f05d8a78bce18fc0,6262b9373dd1efc65c2091bb983f1ede81d3868a2f2042ac76a794c4436613b0,d88ab177c1fee1e4a896559c720c8ebe5d632713dcff7cc3c1160f3d2babf044,d9fe53bb994eb1e20a99b4fa3412cd76a1bb7966a7ff55e0fcbdd6081bd2965f,0e1ecb5e12eee00e5a1e576f3af6bf0775a34484c34e02f4c54d8a70f9a971b5,b7709452345310de1f065cbf6d2a2f29cce370025698b93ec507fce6ccff9166,ba88c976ce9fc90e2cece391a51487504b6f7093e517e748ca447532a4282eb4,44.35391019936886,stable,within_run_online_critic,24abd5930acca69d9eb1df81e88e0a854985d808df141c0a81b615bfbe46a897,posthoc_final_checkpoint_one_adam_step,False,4,4,2.5,1036.60205178125,0.004823451768601293,500000,500001,0.0014117162802085303,0.0014117162802085303,0.0012546284204066893,0.0012546284204066893,-4.995604183128141,-4.995761270987943,-4.99701589940835,1036.1824490390718,1036.1861247830093,1035.9833868220448,0.0023718832829893485,0.0022325251967828604,True,raw/halfcheetah-expert-v2/halfcheetah-expert-v2_tau10_mpi4_seed1.npz,172efaef996dd4373174db04f416a82518bce3017242076a3a0fb99262566df2
p3|halfcheetah-expert-v2|14|0,p3,halfcheetah-expert-v2,14.0,0,1000000,625628a10d9626f685ff86495a70c7a8b7bba3a27c2c604773d8e01dd6b4e69d,576a2f658423855282124219adc2148a45ccd4fb79175cff593df703f645f04f,6a3038432e8d3bd7fccd20101efb3690d945f3ae08e66a836eaeeed03e1774d6,d9fe53bb994eb1e20a99b4fa3412cd76a1bb7966a7ff55e0fcbdd6081bd2965f,0e1ecb5e12eee00e5a1e576f3af6bf0775a34484c34e02f4c54d8a70f9a971b5,b7709452345310de1f065cbf6d2a2f29cce370025698b93ec507fce6ccff9166,ba88c976ce9fc90e2cece391a51487504b6f7093e517e748ca447532a4282eb4,6.599847012469332,collapsed,within_run_online_critic,09def0379b95faa2da1dfbb1f0889f93598259b1d81b3c3a83f8f121c02636f1,posthoc_final_checkpoint_one_adam_step,False,2,3,4.666666666666667,1164.556885765625,0.008014493278443188,500000,500001,-0.0034473022464780456,0.0,-0.0035167420933124305,0.0,-9.330808945392077,-9.330878385238911,-9.327361643145599,1164.9788929075003,1164.9775217734277,1163.811774380505,0.0059065613432707055,0.00582613255162769,True,raw/halfcheetah-expert-v2/halfcheetah-expert-v2_tau14_mpi3_seed0.npz,138971b42a93f6637b3c0260e11cca880e6d31a4967e89811fbe306af4070a8d
p3|halfcheetah-expert-v2|14|0,p3,halfcheetah-expert-v2,14.0,0,1000000,625628a10d9626f685ff86495a70c7a8b7bba3a27c2c604773d8e01dd6b4e69d,576a2f658423855282124219adc2148a45ccd4fb79175cff593df703f645f04f,6a3038432e8d3bd7fccd20101efb3690d945f3ae08e66a836eaeeed03e1774d6,d9fe53bb994eb1e20a99b4fa3412cd76a1bb7966a7ff55e0fcbdd6081bd2965f,0e1ecb5e12eee00e5a1e576f3af6bf0775a34484c34e02f4c54d8a70f9a971b5,b7709452345310de1f065cbf6d2a2f29cce370025698b93ec507fce6ccff9166,ba88c976ce9fc90e2cece391a51487504b6f7093e517e748ca447532a4282eb4,6.599847012469332,collapsed,within_run_online_critic,09def0379b95faa2da1dfbb1f0889f93598259b1d81b3c3a83f8f121c02636f1,posthoc_final_checkpoint_one_adam_step,False,3,3,4.666666666666667,1165.7236338125,0.008006471742199015,500000,500001,-0.00014086773589205848,0.0,-0.0002679516264141313,0.0,-9.327511454058085,-9.327638537948607,-9.327370586322193,1165.5632601641119,1165.5623096488416,1164.9788929075003,0.004537852191235275,0.0044031580270619255,True,raw/halfcheetah-expert-v2/halfcheetah-expert-v2_tau14_mpi3_seed0.npz,138971b42a93f6637b3c0260e11cca880e6d31a4967e89811fbe306af4070a8d
p4|halfcheetah-expert-v2|14|0,p4,halfcheetah-expert-v2,14.0,0,1000000,010e377afc6ade0cc37b26652e4026e99dc74f79f62d3f14f5a6136add4fb00d,eae3049bb3520748681d95fc3352afd83369b3e268b5d63f35a0e61bd7df65bc,6e1382a285431c6daa9792bb2d3b56f46a6aede2386ec132569748e4ac3349cf,d9fe53bb994eb1e20a99b4fa3412cd76a1bb7966a7ff55e0fcbdd6081bd2965f,0e1ecb5e12eee00e5a1e576f3af6bf0775a34484c34e02f4c54d8a70f9a971b5,b7709452345310de1f065cbf6d2a2f29cce370025698b93ec507fce6ccff9166,ba88c976ce9fc90e2cece391a51487504b6f7093e517e748ca447532a4282eb4,18.95746189754793,collapsed,within_run_online_critic,9caeaf8f0b4d65884c7a51cd8c51463e4fb5f5cea605bffe7fde08e96a918b12,posthoc_final_checkpoint_one_adam_step,False,2,4,3.5,1090.07666115625,0.006421566711257778,500000,500001,-0.0010173878000081515,0.0,-0.001067008963831384,0.0,-6.995968419391217,-6.9960180405550405,-6.994951031591209,1090.0591241829097,1090.0587954558432,1089.2904093526304,0.003918965764563767,0.0038672336579530443,True,raw/halfcheetah-expert-v2/halfcheetah-expert-v2_tau14_mpi4_seed0.npz,a175d5d4dd759917f6504cb75ba9bb30381b83a4fdad6715386d9f18076476b2
p4|halfcheetah-expert-v2|14|0,p4,halfcheetah-expert-v2,14.0,0,1000000,010e377afc6ade0cc37b26652e4026e99dc74f79f62d3f14f5a6136add4fb00d,eae3049bb3520748681d95fc3352afd83369b3e268b5d63f35a0e61bd7df65bc,6e1382a285431c6daa9792bb2d3b56f46a6aede2386ec132569748e4ac3349cf,d9fe53bb994eb1e20a99b4fa3412cd76a1bb7966a7ff55e0fcbdd6081bd2965f,0e1ecb5e12eee00e5a1e576f3af6bf0775a34484c34e02f4c54d8a70f9a971b5,b7709452345310de1f065cbf6d2a2f29cce370025698b93ec507fce6ccff9166,ba88c976ce9fc90e2cece391a51487504b6f7093e517e748ca447532a4282eb4,18.95746189754793,collapsed,within_run_online_critic,9caeaf8f0b4d65884c7a51cd8c51463e4fb5f5cea605bffe7fde08e96a918b12,posthoc_final_checkpoint_one_adam_step,False,3,4,3.5,1090.8450937734376,0.0064170431163472425,500000,500001,0.0006994705059346629,0.0006994705059346629,0.0005834830788709056,0.0005834830788709056,-6.994256928743511,-6.994372916170574,-6.994956399249445,1090.4774092584848,1090.4757021330297,1090.0591241829097,0.003383623870824689,0.0032566817461093397,True,raw/halfcheetah-expert-v2/halfcheetah-expert-v2_tau14_mpi4_seed0.npz,a175d5d4dd759917f6504cb75ba9bb30381b83a4fdad6715386d9f18076476b2
p4|halfcheetah-expert-v2|14|0,p4,halfcheetah-expert-v2,14.0,0,1000000,010e377afc6ade0cc37b26652e4026e99dc74f79f62d3f14f5a6136add4fb00d,eae3049bb3520748681d95fc3352afd83369b3e268b5d63f35a0e61bd7df65bc,6e1382a285431c6daa9792bb2d3b56f46a6aede2386ec132569748e4ac3349cf,d9fe53bb994eb1e20a99b4fa3412cd76a1bb7966a7ff55e0fcbdd6081bd2965f,0e1ecb5e12eee00e5a1e576f3af6bf0775a34484c34e02f4c54d8a70f9a971b5,b7709452345310de1f065cbf6d2a2f29cce370025698b93ec507fce6ccff9166,ba88c976ce9fc90e2cece391a51487504b6f7093e517e748ca447532a4282eb4,18.95746189754793,collapsed,within_run_online_critic,9caeaf8f0b4d65884c7a51cd8c51463e4fb5f5cea605bffe7fde08e96a918b12,posthoc_final_checkpoint_one_adam_step,False,4,4,3.5,1091.2618418203126,0.006414592476104027,500000,500001,0.0019771972502713453,0.0019771972502713453,0.001720822652869991,0.001720822652869991,-6.992990987540617,-6.9932473621380185,-6.994968184790888,1090.711827326566,1090.7136464081705,1090.4774092584848,0.003480893626047945,0.0032361876958197366,True,raw/halfcheetah-expert-v2/halfcheetah-expert-v2_tau14_mpi4_seed0.npz,a175d5d4dd759917f6504cb75ba9bb30381b83a4fdad6715386d9f18076476b2
p3|halfcheetah-expert-v2|14|1,p3,halfcheetah-expert-v2,14.0,1,1000000,67c31819b6292f2af4f5af429612d1c47454cf36a73c1ebafa001b469691de43,3acccc54d97590c7a38455c0204b62fe80a8cce47c689eee4d654a897dfbcb47,e65d25cc78fab82253de2a52e3c1862e5915be91d672fd2a3e31c790c6dbe4de,d9fe53bb994eb1e20a99b4fa3412cd76a1bb7966a7ff55e0fcbdd6081bd2965f,0e1ecb5e12eee00e5a1e576f3af6bf0775a34484c34e02f4c54d8a70f9a971b5,b7709452345310de1f065cbf6d2a2f29cce370025698b93ec507fce6ccff9166,ba88c976ce9fc90e2cece391a51487504b6f7093e517e748ca447532a4282eb4,18.874060401155194,collapsed,within_run_online_critic,e30eddd5512c2b1d643a9d60b7f0ea309c8af5a54cf59d0a2a743c1f20d12240,posthoc_final_checkpoint_one_adam_step,False,2,3,4.666666666666667,1106.465577171875,0.00843526769010684,500000,500001,-0.0015333390379321798,0.0,-0.001597849313526467,0.0,-9.327398447427791,-9.327462957703386,-9.32586510838986,1106.3528252653778,1106.35745280236,1105.580219976604,0.004983793391668641,0.004958317629265148,True,raw/halfcheetah-expert-v2/halfcheetah-expert-v2_tau14_mpi3_seed1.npz,678f47e1825645c9292379da0117167c49331810918afba426439b6116df44f2
p3|halfcheetah-expert-v2|14|1,p3,halfcheetah-expert-v2,14.0,1,1000000,67c31819b6292f2af4f5af429612d1c47454cf36a73c1ebafa001b469691de43,3acccc54d97590c7a38455c0204b62fe80a8cce47c689eee4d654a897dfbcb47,e65d25cc78fab82253de2a52e3c1862e5915be91d672fd2a3e31c790c6dbe4de,d9fe53bb994eb1e20a99b4fa3412cd76a1bb7966a7ff55e0fcbdd6081bd2965f,0e1ecb5e12eee00e5a1e576f3af6bf0775a34484c34e02f4c54d8a70f9a971b5,b7709452345310de1f065cbf6d2a2f29cce370025698b93ec507fce6ccff9166,ba88c976ce9fc90e2cece391a51487504b6f7093e517e748ca447532a4282eb4,18.874060401155194,collapsed,within_run_online_critic,e30eddd5512c2b1d643a9d60b7f0ea309c8af5a54cf59d0a2a743c1f20d12240,posthoc_final_checkpoint_one_adam_step,False,3,3,4.666666666666667,1107.2371836171876,0.0084293893588749,500000,500001,0.0002732250057384533,0.0002732250057384533,0.00018839814287296974,0.00018839814287296974,-9.325605507447417,-9.325690334310282,-9.325878732453155,1106.7485283315182,1106.755376406014,1106.3528252653778,0.0036087602207373975,0.0035816584441539664,True,raw/halfcheetah-expert-v2/halfcheetah-expert-v2_tau14_mpi3_seed1.npz,678f47e1825645c9292379da0117167c49331810918afba426439b6116df44f2
p4|halfcheetah-expert-v2|14|1,p4,halfcheetah-expert-v2,14.0,1,1000000,7871d920bbd0e00160bc31a93771fb82f9398d98ecdae32c5047ec9a760b50ab,c88de074749552d77680455e4b8ef7634eabd4716a6a6fe733746d284646b693,42316660d92cc08a7341abb129da577cd050ed9fa44c910974752eda122b6ed9,d9fe53bb994eb1e20a99b4fa3412cd76a1bb7966a7ff55e0fcbdd6081bd2965f,0e1ecb5e12eee00e5a1e576f3af6bf0775a34484c34e02f4c54d8a70f9a971b5,b7709452345310de1f065cbf6d2a2f29cce370025698b93ec507fce6ccff9166,ba88c976ce9fc90e2cece391a51487504b6f7093e517e748ca447532a4282eb4,31.406413671122124,stable,within_run_online_critic,c3a8a52aa2a6d5c66062772985339e895066604073923a0c70ac9644ddde0abf,posthoc_final_checkpoint_one_adam_step,False,2,4,3.5,1073.142334984375,0.006522899872459062,500000,500001,-0.0005408056898614788,0.0,-0.0006218800139201619,0.0,-6.995344812020885,-6.995425886344944,-6.994804006331024,1072.9958394505084,1072.996372140944,1072.3457577303052,0.00369961227993955,0.0036220126422561866,True,raw/halfcheetah-expert-v2/halfcheetah-expert-v2_tau14_mpi4_seed1.npz,82a71e6f6b2919a03bc883a484eb92f8654b6ba61d870b5adcb39609cf0e27c2
p4|halfcheetah-expert-v2|14|1,p4,halfcheetah-expert-v2,14.0,1,1000000,7871d920bbd0e00160bc31a93771fb82f9398d98ecdae32c5047ec9a760b50ab,c88de074749552d77680455e4b8ef7634eabd4716a6a6fe733746d284646b693,42316660d92cc08a7341abb129da577cd050ed9fa44c910974752eda122b6ed9,d9fe53bb994eb1e20a99b4fa3412cd76a1bb7966a7ff55e0fcbdd6081bd2965f,0e1ecb5e12eee00e5a1e576f3af6bf0775a34484c34e02f4c54d8a70f9a971b5,b7709452345310de1f065cbf6d2a2f29cce370025698b93ec507fce6ccff9166,ba88c976ce9fc90e2cece391a51487504b6f7093e517e748ca447532a4282eb4,31.406413671122124,stable,within_run_online_critic,c3a8a52aa2a6d5c66062772985339e895066604073923a0c70ac9644ddde0abf,posthoc_final_checkpoint_one_adam_step,False,3,4,3.5,1073.790772484375,0.0065189608435584296,500000,500001,0.0008985187600529798,0.0008985187600529798,0.000756646206511391,0.000756646206511391,-6.993919343918918,-6.99406121647246,-6.994817862678971,1073.3057380504906,1073.312177490443,1072.9958394505084,0.0029187355988101863,0.002818841502173318,True,raw/halfcheetah-expert-v2/halfcheetah-expert-v2_tau14_mpi4_seed1.npz,82a71e6f6b2919a03bc883a484eb92f8654b6ba61d870b5adcb39609cf0e27c2
p4|halfcheetah-expert-v2|14|1,p4,halfcheetah-expert-v2,14.0,1,1000000,7871d920bbd0e00160bc31a93771fb82f9398d98ecdae32c5047ec9a760b50ab,c88de074749552d77680455e4b8ef7634eabd4716a6a6fe733746d284646b693,42316660d92cc08a7341abb129da577cd050ed9fa44c910974752eda122b6ed9,d9fe53bb994eb1e20a99b4fa3412cd76a1bb7966a7ff55e0fcbdd6081bd2965f,0e1ecb5e12eee00e5a1e576f3af6bf0775a34484c34e02f4c54d8a70f9a971b5,b7709452345310de1f065cbf6d2a2f29cce370025698b93ec507fce6ccff9166,ba88c976ce9fc90e2cece391a51487504b6f7093e517e748ca447532a4282eb4,31.406413671122124,stable,within_run_online_critic,c3a8a52aa2a6d5c66062772985339e895066604073923a0c70ac9644ddde0abf,posthoc_final_checkpoint_one_adam_step,False,4,4,3.5,1074.09912209375,0.006517089397070582,500000,500001,0.0011195843665099403,0.0011195843665099403,0.001007953856077215,0.001007953856077215,-6.993709860897359,-6.993821491407791,-6.994829445263869,1073.5352701619267,1073.538098193705,1073.3057380504906,0.002615465656237681,0.002522265681721545,True,raw/halfcheetah-expert-v2/halfcheetah-expert-v2_tau14_mpi4_seed1.npz,82a71e6f6b2919a03bc883a484eb92f8654b6ba61d870b5adcb39609cf0e27c2
p3|halfcheetah-expert-v2|20|0,p3,halfcheetah-expert-v2,20.0,0,1000000,33145e951dd76e8bbd30c48c5f8e419846ca12db9043cfe24aba27e0298f20d0,0c8b5c3956adbdf7eb3f2e058cd57689f690f077b0288a686474f1da271f46ca,9c56d2cd75f97e3f5f3373b9c02ac9d431a5040faf2b0bdb22beb4419cc8c541,d9fe53bb994eb1e20a99b4fa3412cd76a1bb7966a7ff55e0fcbdd6081bd2965f,0e1ecb5e12eee00e5a1e576f3af6bf0775a34484c34e02f4c54d8a70f9a971b5,b7709452345310de1f065cbf6d2a2f29cce370025698b93ec507fce6ccff9166,ba88c976ce9fc90e2cece391a51487504b6f7093e517e748ca447532a4282eb4,2.230735063635166,collapsed,within_run_online_critic,022f11822acf21b1d4f129dd90dd5c3c84b1e139a3b6329ea8c31767d85eba3e,posthoc_final_checkpoint_one_adam_step,False,2,3,6.666666666666667,1228.6444101796876,0.010852068525980883,500000,500001,-0.005060554429032749,0.0,-0.0051576375663415774,0.0,-13.327892842480738,-13.327989925618047,-13.322832288051705,1228.8075835108757,1228.8238150887191,1227.6767563857138,0.007211259024261352,0.007290322081994736,True,raw/halfcheetah-expert-v2/halfcheetah-expert-v2_tau20_mpi3_seed0.npz,85bd27a0a448397b6d0347c4d9fb2d2ecc6bdfffd47c736474ff552f035ef8c3
p3|halfcheetah-expert-v2|20|0,p3,halfcheetah-expert-v2,20.0,0,1000000,33145e951dd76e8bbd30c48c5f8e419846ca12db9043cfe24aba27e0298f20d0,0c8b5c3956adbdf7eb3f2e058cd57689f690f077b0288a686474f1da271f46ca,9c56d2cd75f97e3f5f3373b9c02ac9d431a5040faf2b0bdb22beb4419cc8c541,d9fe53bb994eb1e20a99b4fa3412cd76a1bb7966a7ff55e0fcbdd6081bd2965f,0e1ecb5e12eee00e5a1e576f3af6bf0775a34484c34e02f4c54d8a70f9a971b5,b7709452345310de1f065cbf6d2a2f29cce370025698b93ec507fce6ccff9166,ba88c976ce9fc90e2cece391a51487504b6f7093e517e748ca447532a4282eb4,2.230735063635166,collapsed,within_run_online_critic,022f11822acf21b1d4f129dd90dd5c3c84b1e139a3b6329ea8c31767d85eba3e,posthoc_final_checkpoint_one_adam_step,False,3,3,6.666666666666667,1229.77197365625,0.010842118391828233,500000,500001,-0.0006722004104435797,0.0,-0.0007855069894873168,0.0,-13.323549501611716,-13.32366280819076,-13.322877301201272,1229.374494113028,1229.3775425851345,1228.8075835108757,0.00547431145567491,0.005394056772123821,True,raw/halfcheetah-expert-v2/halfcheetah-expert-v2_tau20_mpi3_seed0.npz,85bd27a0a448397b6d0347c4d9fb2d2ecc6bdfffd47c736474ff552f035ef8c3
p4|halfcheetah-expert-v2|20|0,p4,halfcheetah-expert-v2,20.0,0,1000000,4f86d04189c0fa5f7cbe73fa975773c62a5086900b244eaafc9bf13a172ed5d2,f02fb422237572e398cf338642d6740508b393b8e91c08711e7fd499115e4c03,f9b5b81b4530d33bda3f95e43c98790270559c6680dee2dd885e4716fc7903a1,d9fe53bb994eb1e20a99b4fa3412cd76a1bb7966a7ff55e0fcbdd6081bd2965f,0e1ecb5e12eee00e5a1e576f3af6bf0775a34484c34e02f4c54d8a70f9a971b5,b7709452345310de1f065cbf6d2a2f29cce370025698b93ec507fce6ccff9166,ba88c976ce9fc90e2cece391a51487504b6f7093e517e748ca447532a4282eb4,3.3688966294770286,collapsed,within_run_online_critic,084058fe0dfe5771953172f440e8f5e61d282d4658d021cd8d5f5d9ed330fcb2,posthoc_final_checkpoint_one_adam_step,False,2,4,5.0,1253.814454125,0.00797566176326999,500000,500001,-0.005385004930641202,0.0,-0.005548358999726943,0.0,-9.997682623829917,-9.997845977899003,-9.992297618899276,1254.429309591651,1254.436518009752,1252.8487184494734,0.00722125540538614,0.007115393240922505,True,raw/halfcheetah-expert-v2/halfcheetah-expert-v2_tau20_mpi4_seed0.npz,e2c64f8dbae2ecf00451a3eda7c50d994688f2855860d0fb4a0daa82aa144500
p4|halfcheetah-expert-v2|20|0,p4,halfcheetah-expert-v2,20.0,0,1000000,4f86d04189c0fa5f7cbe73fa975773c62a5086900b244eaafc9bf13a172ed5d2,f02fb422237572e398cf338642d6740508b393b8e91c08711e7fd499115e4c03,f9b5b81b4530d33bda3f95e43c98790270559c6680dee2dd885e4716fc7903a1,d9fe53bb994eb1e20a99b4fa3412cd76a1bb7966a7ff55e0fcbdd6081bd2965f,0e1ecb5e12eee00e5a1e576f3af6bf0775a34484c34e02f4c54d8a70f9a971b5,b7709452345310de1f065cbf6d2a2f29cce370025698b93ec507fce6ccff9166,ba88c976ce9fc90e2cece391a51487504b6f7093e517e748ca447532a4282eb4,3.3688966294770286,collapsed,within_run_online_critic,084058fe0dfe5771953172f440e8f5e61d282d4658d021cd8d5f5d9ed330fcb2,posthoc_final_checkpoint_one_adam_step,False,3,4,5.0,1255.394776390625,0.007965621801255948,500000,500001,-0.0011215524583452208,0.0,-0.001221411921800808,0.0,-9.993431009076048,-9.993530868539503,-9.992309456617702,1255.3341579698026,1255.3280015960336,1254.429309591651,0.006086127509491089,0.005937228700923068,True,raw/halfcheetah-expert-v2/halfcheetah-expert-v2_tau20_mpi4_seed0.npz,e2c64f8dbae2ecf00451a3eda7c50d994688f2855860d0fb4a0daa82aa144500
p4|halfcheetah-expert-v2|20|0,p4,halfcheetah-expert-v2,20.0,0,1000000,4f86d04189c0fa5f7cbe73fa975773c62a5086900b244eaafc9bf13a172ed5d2,f02fb422237572e398cf338642d6740508b393b8e91c08711e7fd499115e4c03,f9b5b81b4530d33bda3f95e43c98790270559c6680dee2dd885e4716fc7903a1,d9fe53bb994eb1e20a99b4fa3412cd76a1bb7966a7ff55e0fcbdd6081bd2965f,0e1ecb5e12eee00e5a1e576f3af6bf0775a34484c34e02f4c54d8a70f9a971b5,b7709452345310de1f065cbf6d2a2f29cce370025698b93ec507fce6ccff9166,ba88c976ce9fc90e2cece391a51487504b6f7093e517e748ca447532a4282eb4,3.3688966294770286,collapsed,within_run_online_critic,084058fe0dfe5771953172f440e8f5e61d282d4658d021cd8d5f5d9ed330fcb2,posthoc_final_checkpoint_one_adam_step,False,4,4,5.0,1256.3009043203126,0.007959876463999068,500000,500001,0.0007195673816404735,0.0007195673816404735,0.0006005620480422635,0.0006005620480422635,-9.991585251096279,-9.991704256429877,-9.992304818477919,1255.9001457244158,1255.902660727501,1255.3341579698026,0.005224759988496777,0.005125773768764106,True,raw/halfcheetah-expert-v2/halfcheetah-expert-v2_tau20_mpi4_seed0.npz,e2c64f8dbae2ecf00451a3eda7c50d994688f2855860d0fb4a0daa82aa144500
p3|halfcheetah-expert-v2|20|1,p3,halfcheetah-expert-v2,20.0,1,1000000,3ad1a02cc59ab01f130ba3642a1adb9a07ba53a3b3f86c8c81d490347868db8a,5264af1b584599b635408b87eca7633b72ee3bd4c8955731b974e2f95cd7cee2,1c3a823aa726710ac4acfcb815b7b4b597cf06064d0017ae8f7d1c4403eaeeb2,d9fe53bb994eb1e20a99b4fa3412cd76a1bb7966a7ff55e0fcbdd6081bd2965f,0e1ecb5e12eee00e5a1e576f3af6bf0775a34484c34e02f4c54d8a70f9a971b5,b7709452345310de1f065cbf6d2a2f29cce370025698b93ec507fce6ccff9166,ba88c976ce9fc90e2cece391a51487504b6f7093e517e748ca447532a4282eb4,18.750899616682243,collapsed,within_run_online_critic,8d19023801286777e637098f5aa20a0ee196e97c8accc4e0c14c823187775af4,posthoc_final_checkpoint_one_adam_step,False,2,3,6.666666666666667,1403.1541758046876,0.009502400779078228,500000,500001,-0.007369449433170416,0.0,-0.007527874215224273,0.0,-13.33171766158197,-13.331876086364025,-13.3243482121488,1404.1000862270594,1404.1048869229853,1402.2086125314236,0.010604091685845465,0.010491285040499997,True,raw/halfcheetah-expert-v2/halfcheetah-expert-v2_tau20_mpi3_seed1.npz,5838f0945a1e9e665ee6f7afda65f007072122e64d03e1fe73bfd01c3586ebb2
p3|halfcheetah-expert-v2|20|1,p3,halfcheetah-expert-v2,20.0,1,1000000,3ad1a02cc59ab01f130ba3642a1adb9a07ba53a3b3f86c8c81d490347868db8a,5264af1b584599b635408b87eca7633b72ee3bd4c8955731b974e2f95cd7cee2,1c3a823aa726710ac4acfcb815b7b4b597cf06064d0017ae8f7d1c4403eaeeb2,d9fe53bb994eb1e20a99b4fa3412cd76a1bb7966a7ff55e0fcbdd6081bd2965f,0e1ecb5e12eee00e5a1e576f3af6bf0775a34484c34e02f4c54d8a70f9a971b5,b7709452345310de1f065cbf6d2a2f29cce370025698b93ec507fce6ccff9166,ba88c976ce9fc90e2cece391a51487504b6f7093e517e748ca447532a4282eb4,18.750899616682243,collapsed,within_run_online_critic,8d19023801286777e637098f5aa20a0ee196e97c8accc4e0c14c823187775af4,posthoc_final_checkpoint_one_adam_step,False,3,3,6.666666666666667,1405.0445566640626,0.009489616019715487,500000,500001,-0.0011513798303806055,0.0,-0.0012454777998538447,0.0,-13.32552205137458,-13.325616149344054,-13.3243706715442,1404.9017393030226,1404.9084780178964,1404.1000862270594,0.006456000041535004,0.00642584988868055,True,raw/halfcheetah-expert-v2/halfcheetah-expert-v2_tau20_mpi3_seed1.npz,5838f0945a1e9e665ee6f7afda65f007072122e64d03e1fe73bfd01c3586ebb2
p4|halfcheetah-expert-v2|20|1,p4,halfcheetah-expert-v2,20.0,1,1000000,fdd0f7b56e390ecc2c934b3e138de332916411837b1752b7625fdc97164604e0,10fcd745254d1039a77196aa222bcda104400f8c147c129db5bb992d6ed83a4f,5302c06004e1e6fd4449b6337c7e99170174fb706915ca518b07a298c0734d01,d9fe53bb994eb1e20a99b4fa3412cd76a1bb7966a7ff55e0fcbdd6081bd2965f,0e1ecb5e12eee00e5a1e576f3af6bf0775a34484c34e02f4c54d8a70f9a971b5,b7709452345310de1f065cbf6d2a2f29cce370025698b93ec507fce6ccff9166,ba88c976ce9fc90e2cece391a51487504b6f7093e517e748ca447532a4282eb4,9.17261274137199,collapsed,within_run_online_critic,653d0f8aeda5429f8296698375d851b89efca4ebe2d5d91654041d39843bebeb,posthoc_final_checkpoint_one_adam_step,False,2,4,5.0,1159.0394297109376,0.008627834173418917,500000,500001,-0.00330112328755483,0.0,-0.0034045617474696144,0.0,-9.996610132549517,-9.996713571009431,-9.993309009261962,1159.4045141860843,1159.409287944436,1158.2639175020158,0.00653975576133949,0.006477504496867466,True,raw/halfcheetah-expert-v2/halfcheetah-expert-v2_tau20_mpi4_seed1.npz,03823b92062b72626340e8332ce07a476e6f221bd78c15723adae3480f36fdb7
p4|halfcheetah-expert-v2|20|1,p4,halfcheetah-expert-v2,20.0,1,1000000,fdd0f7b56e390ecc2c934b3e138de332916411837b1752b7625fdc97164604e0,10fcd745254d1039a77196aa222bcda104400f8c147c129db5bb992d6ed83a4f,5302c06004e1e6fd4449b6337c7e99170174fb706915ca518b07a298c0734d01,d9fe53bb994eb1e20a99b4fa3412cd76a1bb7966a7ff55e0fcbdd6081bd2965f,0e1ecb5e12eee00e5a1e576f3af6bf0775a34484c34e02f4c54d8a70f9a971b5,b7709452345310de1f065cbf6d2a2f29cce370025698b93ec507fce6ccff9166,ba88c976ce9fc90e2cece391a51487504b6f7093e517e748ca447532a4282eb4,9.17261274137199,collapsed,within_run_online_critic,653d0f8aeda5429f8296698375d851b89efca4ebe2d5d91654041d39843bebeb,posthoc_final_checkpoint_one_adam_step,False,3,4,5.0,1160.17529396875,0.00861938713225982,500000,500001,0.00012152274863908019,0.00012152274863908019,-8.08269551662022e-05,0.0,-9.993234827910843,-9.993437177614648,-9.993356350659482,1159.8875645697117,1159.903705060482,1159.4045141860843,0.004285121009511773,0.004221892444160966,True,raw/halfcheetah-expert-v2/halfcheetah-expert-v2_tau20_mpi4_seed1.npz,03823b92062b72626340e8332ce07a476e6f221bd78c15723adae3480f36fdb7
p4|halfcheetah-expert-v2|20|1,p4,halfcheetah-expert-v2,20.0,1,1000000,fdd0f7b56e390ecc2c934b3e138de332916411837b1752b7625fdc97164604e0,10fcd745254d1039a77196aa222bcda104400f8c147c129db5bb992d6ed83a4f,5302c06004e1e6fd4449b6337c7e99170174fb706915ca518b07a298c0734d01,d9fe53bb994eb1e20a99b4fa3412cd76a1bb7966a7ff55e0fcbdd6081bd2965f,0e1ecb5e12eee00e5a1e576f3af6bf0775a34484c34e02f4c54d8a70f9a971b5,b7709452345310de1f065cbf6d2a2f29cce370025698b93ec507fce6ccff9166,ba88c976ce9fc90e2cece391a51487504b6f7093e517e748ca447532a4282eb4,9.17261274137199,collapsed,within_run_online_critic,653d0f8aeda5429f8296698375d851b89efca4ebe2d5d91654041d39843bebeb,posthoc_final_checkpoint_one_adam_step,False,4,4,5.0,1160.6583261953126,0.00861579999411233,500000,500001,0.001410522042222695,0.001410522042222695,0.0012658840517065784,0.0012658840517065784,-9.991948749948463,-9.99209338793898,-9.993359271990686,1160.1849099360406,1160.1874959543347,1159.8875645697117,0.003972390247690169,0.0038500328735761404,True,raw/halfcheetah-expert-v2/halfcheetah-expert-v2_tau20_mpi4_seed1.npz,03823b92062b72626340e8332ce07a476e6f221bd78c15723adae3480f36fdb7
p3|hopper-medium-v2|4|0,p3,hopper-medium-v2,4.0,0,1000000,9d2dd47698918162943730217bbb46ba6cb5f14401f58264331fda7e2562e8f9,0bd5c6f392de49823b4e8898a27d696867337872818fca133484a2c68bfbe819,0e0ca0b04645456ed423c2bd2f755ebad6bdebd167f8071cd1bbf6f8867b19f6,5bdf1bc4a713c82941de44633df669b36c89850b652a25985166796d25cf71a0,c32b1f46aba3efdc8534443987638ea6872bbaabbf49a4b22b4dd522a54a4fb1,b4329a9364407b8bbff94e259f897fac8406d95e42d31023040f34ebb8c03d11,29d28a83cd422bd6e33486ea936ace1d93dbd286b8defe2a3b8e7bfe3b5fdeda,55.82887349601117,stable,within_run_online_critic,7263b89314ac1274f7c675799bbfe0291200cf61d46ae3b059204c529efebd89,posthoc_final_checkpoint_one_adam_step,False,2,3,1.3333333333333333,238.67767433984375,0.011172669056887595,500000,500001,0.002126897683396578,0.002126897683396578,0.0019353831963186963,0.0019353831963186963,-2.664539897546767,-2.664731412033845,-2.6666667952301637,238.77949126274325,238.77941839653067,238.67768584680744,0.0032643359038460732,0.0030720073066896653,True,raw/hopper-medium-v2/hopper-medium-v2_tau4_mpi3_seed0.npz,cd619d3e347daeebabbeb70a22e3d287334a4ccc9c8296b9b33ff5a8bedfd060
p3|hopper-medium-v2|4|0,p3,hopper-medium-v2,4.0,0,1000000,9d2dd47698918162943730217bbb46ba6cb5f14401f58264331fda7e2562e8f9,0bd5c6f392de49823b4e8898a27d696867337872818fca133484a2c68bfbe819,0e0ca0b04645456ed423c2bd2f755ebad6bdebd167f8071cd1bbf6f8867b19f6,5bdf1bc4a713c82941de44633df669b36c89850b652a25985166796d25cf71a0,c32b1f46aba3efdc8534443987638ea6872bbaabbf49a4b22b4dd522a54a4fb1,b4329a9364407b8bbff94e259f897fac8406d95e42d31023040f34ebb8c03d11,29d28a83cd422bd6e33486ea936ace1d93dbd286b8defe2a3b8e7bfe3b5fdeda,55.82887349601117,stable,within_run_online_critic,7263b89314ac1274f7c675799bbfe0291200cf61d46ae3b059204c529efebd89,posthoc_final_checkpoint_one_adam_step,False,3,3,1.3333333333333333,238.7794962392578,0.011167904734980503,500000,500001,0.001993752274644489,0.001993752274644489,0.001797691436011828,0.001797691436011828,-2.6646728588147814,-2.664868919653414,-2.666666611089426,238.90016149519943,238.90019648731686,238.77949126274325,0.003341385935063016,0.003145715885064526,True,raw/hopper-medium-v2/hopper-medium-v2_tau4_mpi3_seed0.npz,cd619d3e347daeebabbeb70a22e3d287334a4ccc9c8296b9b33ff5a8bedfd060
p4|hopper-medium-v2|4|0,p4,hopper-medium-v2,4.0,0,1000000,83a735be5243ace9067983555a892a1217e66502431b4638d09d9136fa82bc78,eb4428ba3d8bcc05da52573a8e7077569edf777163985d114ba7d2fdce14a33c,17c89a630ce10c810406eeffb5ded92163b280b87553781693f0987239800fca,5bdf1bc4a713c82941de44633df669b36c89850b652a25985166796d25cf71a0,c32b1f46aba3efdc8534443987638ea6872bbaabbf49a4b22b4dd522a54a4fb1,b4329a9364407b8bbff94e259f897fac8406d95e42d31023040f34ebb8c03d11,29d28a83cd422bd6e33486ea936ace1d93dbd286b8defe2a3b8e7bfe3b5fdeda,51.73192109247461,stable,within_run_online_critic,458ee8bef61c907fdecaa92405b0fcd213db3df3c966060218079dfcc941c241,posthoc_final_checkpoint_one_adam_step,False,2,4,1.0,237.99765114648437,0.00840344427924218,500000,500001,0.002085107906037109,0.002085107906037109,0.0018923767452569962,0.0018923767452569962,-1.9979149081888483,-1.9981076393496284,-2.0000000160948854,238.08262814884074,238.08219196856953,237.99765306175686,0.0027991913154706803,0.002602794738085634,True,raw/hopper-medium-v2/hopper-medium-v2_tau4_mpi4_seed0.npz,7453428c64b6921cfb4a9a4b8d6ce5f348a73c2625b1897cfc7c215bc919e7b6
p4|hopper-medium-v2|4|0,p4,hopper-medium-v2,4.0,0,1000000,83a735be5243ace9067983555a892a1217e66502431b4638d09d9136fa82bc78,eb4428ba3d8bcc05da52573a8e7077569edf777163985d114ba7d2fdce14a33c,17c89a630ce10c810406eeffb5ded92163b280b87553781693f0987239800fca,5bdf1bc4a713c82941de44633df669b36c89850b652a25985166796d25cf71a0,c32b1f46aba3efdc8534443987638ea6872bbaabbf49a4b22b4dd522a54a4fb1,b4329a9364407b8bbff94e259f897fac8406d95e42d31023040f34ebb8c03d11,29d28a83cd422bd6e33486ea936ace1d93dbd286b8defe2a3b8e7bfe3b5fdeda,51.73192109247461,stable,within_run_online_critic,458ee8bef61c907fdecaa92405b0fcd213db3df3c966060218079dfcc941c241,posthoc_final_checkpoint_one_adam_step,False,3,4,1.0,238.0826426015625,0.008400444392525717,500000,500001,0.002364106197460858,0.002364106197460858,0.002196997915363541,0.002196997915363541,-1.9976357723932536,-1.997802880675351,-1.9999998785907145,238.19344522361644,238.19377021235414,238.08262814884074,0.0032950188718565017,0.0031306406395783613,True,raw/hopper-medium-v2/hopper-medium-v2_tau4_mpi4_seed0.npz,7453428c64b6921cfb4a9a4b8d6ce5f348a73c2625b1897cfc7c215bc919e7b6
p4|hopper-medium-v2|4|0,p4,hopper-medium-v2,4.0,0,1000000,83a735be5243ace9067983555a892a1217e66502431b4638d09d9136fa82bc78,eb4428ba3d8bcc05da52573a8e7077569edf777163985d114ba7d2fdce14a33c,17c89a630ce10c810406eeffb5ded92163b280b87553781693f0987239800fca,5bdf1bc4a713c82941de44633df669b36c89850b652a25985166796d25cf71a0,c32b1f46aba3efdc8534443987638ea6872bbaabbf49a4b22b4dd522a54a4fb1,b4329a9364407b8bbff94e259f897fac8406d95e42d31023040f34ebb8c03d11,29d28a83cd422bd6e33486ea936ace1d93dbd286b8defe2a3b8e7bfe3b5fdeda,51.73192109247461,stable,within_run_online_critic,458ee8bef61c907fdecaa92405b0fcd213db3df3c966060218079dfcc941c241,posthoc_final_checkpoint_one_adam_step,False,4,4,1.0,238.19345192773437,0.008396536444699499,500000,500001,0.002388061526252816,0.002388061526252816,0.0021275293564737563,0.0021275293564737563,-1.9976118821823765,-1.9978724143521556,-1.9999999437086293,238.261065231869,238.26269377884455,238.19344522361644,0.0029558353899363176,0.0027089773741895517,True,raw/hopper-medium-v2/hopper-medium-v2_tau4_mpi4_seed0.npz,7453428c64b6921cfb4a9a4b8d6ce5f348a73c2625b1897cfc7c215bc919e7b6
p3|hopper-medium-v2|4|1,p3,hopper-medium-v2,4.0,1,1000000,b9d7524d2bb057fa1fc4f50dee187229488511d9274fc640d33f359d99d09394,ee2d5f52fd781e1639fcf23b55e251f2bc7f182e290ba565df2ecb8d4e317076,af36c817de8619571f68821112525eb2fbfb17544b19bb450f1d2ea451b15b6e,5bdf1bc4a713c82941de44633df669b36c89850b652a25985166796d25cf71a0,c32b1f46aba3efdc8534443987638ea6872bbaabbf49a4b22b4dd522a54a4fb1,b4329a9364407b8bbff94e259f897fac8406d95e42d31023040f34ebb8c03d11,29d28a83cd422bd6e33486ea936ace1d93dbd286b8defe2a3b8e7bfe3b5fdeda,60.40822056172398,stable,within_run_online_critic,e681d220ee2c5511e99dde2038bbf1a79f8ba5abe38fe95d6da1fcfab1b0287e,posthoc_final_checkpoint_one_adam_step,False,2,3,1.3333333333333333,238.15922646386718,0.011196990795866753,500000,500001,0.0019808368547913346,0.0019808368547913346,0.0018137304092511464,0.0018137304092511464,-2.6646857479963986,-2.6648528544419388,-2.66666658485119,238.29344248073176,238.29294507810846,238.1592191569507,0.003483734175758639,0.003311058317623103,True,raw/hopper-medium-v2/hopper-medium-v2_tau4_mpi3_seed1.npz,8771fd8f3577ae394200dc4ad4d6b63c5f0e3f4d29af47f69a3b7b317495a58b
p3|hopper-medium-v2|4|1,p3,hopper-medium-v2,4.0,1,1000000,b9d7524d2bb057fa1fc4f50dee187229488511d9274fc640d33f359d99d09394,ee2d5f52fd781e1639fcf23b55e251f2bc7f182e290ba565df2ecb8d4e317076,af36c817de8619571f68821112525eb2fbfb17544b19bb450f1d2ea451b15b6e,5bdf1bc4a713c82941de44633df669b36c89850b652a25985166796d25cf71a0,c32b1f46aba3efdc8534443987638ea6872bbaabbf49a4b22b4dd522a54a4fb1,b4329a9364407b8bbff94e259f897fac8406d95e42d31023040f34ebb8c03d11,29d28a83cd422bd6e33486ea936ace1d93dbd286b8defe2a3b8e7bfe3b5fdeda,60.40822056172398,stable,within_run_online_critic,e681d220ee2c5511e99dde2038bbf1a79f8ba5abe38fe95d6da1fcfab1b0287e,posthoc_final_checkpoint_one_adam_step,False,3,3,1.3333333333333333,238.29344277246093,0.01119068420700516,500000,500001,0.002253484112719306,0.002253484112719306,0.0020189900944820316,0.0020189900944820316,-2.664413179289298,-2.6646476733075355,-2.6666666634020175,238.39771743584424,238.39852397236973,238.29344248073176,0.0034203922060829645,0.003194923883403802,True,raw/hopper-medium-v2/hopper-medium-v2_tau4_mpi3_seed1.npz,8771fd8f3577ae394200dc4ad4d6b63c5f0e3f4d29af47f69a3b7b317495a58b
p4|hopper-medium-v2|4|1,p4,hopper-medium-v2,4.0,1,1000000,67960202262e9ca1bc6e1067dd43decf6f293a528fb028bd5404f6edf07b4d50,22b4e5997ae949500d42b0b76c60d8c9439ad8ed9fdf6750abe238bf4aff944c,e20960a15e8ee6453de7aa970a8b1d5a93c562921e7403637c2dbcf2aed2061f,5bdf1bc4a713c82941de44633df669b36c89850b652a25985166796d25cf71a0,c32b1f46aba3efdc8534443987638ea6872bbaabbf49a4b22b4dd522a54a4fb1,b4329a9364407b8bbff94e259f897fac8406d95e42d31023040f34ebb8c03d11,29d28a83cd422bd6e33486ea936ace1d93dbd286b8defe2a3b8e7bfe3b5fdeda,70.612343063339,stable,within_run_online_critic,7fe71ea271377427ee0a99adddb9b005a4a1e7ea082b962f90ef07534fffd83c,posthoc_final_checkpoint_one_adam_step,False,2,4,1.0,237.20260720117187,0.008431610527382599,500000,500001,0.0021328522260342098,0.0021328522260342098,0.0019987794428579786,0.0019987794428579786,-1.9978671672503152,-1.9980012400334914,-2.0000000194763494,237.32283442653716,237.32315067574382,237.2026095110923,0.003146541888752521,0.0030151355957166587,True,raw/hopper-medium-v2/hopper-medium-v2_tau4_mpi4_seed1.npz,390850e1023645568ece5a27ce56db4535740a2c325548c72b576850015b66fa
p4|hopper-medium-v2|4|1,p4,hopper-medium-v2,4.0,1,1000000,67960202262e9ca1bc6e1067dd43decf6f293a528fb028bd5404f6edf07b4d50,22b4e5997ae949500d42b0b76c60d8c9439ad8ed9fdf6750abe238bf4aff944c,e20960a15e8ee6453de7aa970a8b1d5a93c562921e7403637c2dbcf2aed2061f,5bdf1bc4a713c82941de44633df669b36c89850b652a25985166796d25cf71a0,c32b1f46aba3efdc8534443987638ea6872bbaabbf49a4b22b4dd522a54a4fb1,b4329a9364407b8bbff94e259f897fac8406d95e42d31023040f34ebb8c03d11,29d28a83cd422bd6e33486ea936ace1d93dbd286b8defe2a3b8e7bfe3b5fdeda,70.612343063339,stable,within_run_online_critic,7fe71ea271377427ee0a99adddb9b005a4a1e7ea082b962f90ef07534fffd83c,posthoc_final_checkpoint_one_adam_step,False,3,4,1.0,237.3228312001953,0.00842733920662225,500000,500001,0.0024582334915781434,0.0024582334915781434,0.002215068526728814,0.002215068526728814,-1.9975417936978992,-1.9977849586627485,-2.0000000271894773,237.41388405673206,237.4139092154801,237.32283442653716,0.0032255396098677257,0.0029825866663219934,True,raw/hopper-medium-v2/hopper-medium-v2_tau4_mpi4_seed1.npz,390850e1023645568ece5a27ce56db4535740a2c325548c72b576850015b66fa
p4|hopper-medium-v2|4|1,p4,hopper-medium-v2,4.0,1,1000000,67960202262e9ca1bc6e1067dd43decf6f293a528fb028bd5404f6edf07b4d50,22b4e5997ae949500d42b0b76c60d8c9439ad8ed9fdf6750abe238bf4aff944c,e20960a15e8ee6453de7aa970a8b1d5a93c562921e7403637c2dbcf2aed2061f,5bdf1bc4a713c82941de44633df669b36c89850b652a25985166796d25cf71a0,c32b1f46aba3efdc8534443987638ea6872bbaabbf49a4b22b4dd522a54a4fb1,b4329a9364407b8bbff94e259f897fac8406d95e42d31023040f34ebb8c03d11,29d28a83cd422bd6e33486ea936ace1d93dbd286b8defe2a3b8e7bfe3b5fdeda,70.612343063339,stable,within_run_online_critic,7fe71ea271377427ee0a99adddb9b005a4a1e7ea082b962f90ef07534fffd83c,posthoc_final_checkpoint_one_adam_step,False,4,4,1.0,237.41388039453125,0.008424107287562236,500000,500001,0.002218414139220748,0.002218414139220748,0.0020277536285735476,0.0020277536285735476,-1.9977816167115514,-1.9979722772221986,-2.000000030850772,237.52141361963004,237.51969589758664,237.41388405673206,0.0031242547136583355,0.002919123928227412,True,raw/hopper-medium-v2/hopper-medium-v2_tau4_mpi4_seed1.npz,390850e1023645568ece5a27ce56db4535740a2c325548c72b576850015b66fa
p3|hopper-medium-v2|7|0,p3,hopper-medium-v2,7.0,0,1000000,db0b99753014c7939a7afbed316f6f190c0b8f9d374cd2518724c4c81790779d,e3545c8ea3bbaa56502d710af5144d64e0660ee085b92b64819c65db2191b175,9615ef6b534402c4820a3561287c54f2e7a9ff55393b68b3a2a6ef0b01642549,5bdf1bc4a713c82941de44633df669b36c89850b652a25985166796d25cf71a0,c32b1f46aba3efdc8534443987638ea6872bbaabbf49a4b22b4dd522a54a4fb1,b4329a9364407b8bbff94e259f897fac8406d95e42d31023040f34ebb8c03d11,29d28a83cd422bd6e33486ea936ace1d93dbd286b8defe2a3b8e7bfe3b5fdeda,97.78300505490807,stable,within_run_online_critic,5b7048fbd003117d9022ce493806e2a6038047042274ce9f773f3903cac03bf8,posthoc_final_checkpoint_one_adam_step,False,2,3,2.3333333333333335,244.25132851464843,0.01910600321007791,500000,500001,0.0007856990059984525,0.0007856990059984525,0.0006113289010558631,0.0006113289010558631,-4.665880893807431,-4.666055263912374,-4.66666659281343,244.43466344778426,244.43409419548698,244.2513246492017,0.004288570680248891,0.004103324439087051,True,raw/hopper-medium-v2/hopper-medium-v2_tau7_mpi3_seed0.npz,b16ffa6e7afc036e39e73fe154f1057e27e4c51f02828c82dd47bd73bd3781f5
p3|hopper-medium-v2|7|0,p3,hopper-medium-v2,7.0,0,1000000,db0b99753014c7939a7afbed316f6f190c0b8f9d374cd2518724c4c81790779d,e3545c8ea3bbaa56502d710af5144d64e0660ee085b92b64819c65db2191b175,9615ef6b534402c4820a3561287c54f2e7a9ff55393b68b3a2a6ef0b01642549,5bdf1bc4a713c82941de44633df669b36c89850b652a25985166796d25cf71a0,c32b1f46aba3efdc8534443987638ea6872bbaabbf49a4b22b4dd522a54a4fb1,b4329a9364407b8bbff94e259f897fac8406d95e42d31023040f34ebb8c03d11,29d28a83cd422bd6e33486ea936ace1d93dbd286b8defe2a3b8e7bfe3b5fdeda,97.78300505490807,stable,within_run_online_critic,5b7048fbd003117d9022ce493806e2a6038047042274ce9f773f3903cac03bf8,posthoc_final_checkpoint_one_adam_step,False,3,3,2.3333333333333335,244.43466286523437,0.019091673054731882,500000,500001,0.0014637772767605028,0.0014637772767605028,0.001268512569678748,0.001268512569678748,-4.665202900511758,-4.66539816521884,-4.666666677788519,244.60961564281024,244.61109612253495,244.43466344778426,0.004803907384403905,0.004636907512190008,True,raw/hopper-medium-v2/hopper-medium-v2_tau7_mpi3_seed0.npz,b16ffa6e7afc036e39e73fe154f1057e27e4c51f02828c82dd47bd73bd3781f5
p4|hopper-medium-v2|7|0,p4,hopper-medium-v2,7.0,0,1000000,d7fc2be45693dc63c94c309789a18c04a7456a1678a52bf9dd4527c022750c5c,74f6f41e70ed771888455ba1162aa83842431f6cf0436d562780a2672b9ec1ee,3401a61f41b2170b775a22d97c9ed22921e98738e285c09656f2a91e4e6e846f,5bdf1bc4a713c82941de44633df669b36c89850b652a25985166796d25cf71a0,c32b1f46aba3efdc8534443987638ea6872bbaabbf49a4b22b4dd522a54a4fb1,b4329a9364407b8bbff94e259f897fac8406d95e42d31023040f34ebb8c03d11,29d28a83cd422bd6e33486ea936ace1d93dbd286b8defe2a3b8e7bfe3b5fdeda,83.86846770798115,stable,within_run_online_critic,dc546eb318cdc304abe8145f21b02946d5731c645282cb674472fd762ebe5340,posthoc_final_checkpoint_one_adam_step,False,2,4,1.75,241.06826882226562,0.014518708816797758,500000,500001,0.0014090201753576004,0.0014090201753576004,0.0011986018707661472,0.0011986018707661472,-3.4985909161008264,-3.498801334405418,-3.499999936276184,241.2112608710304,241.21077799052,241.06826443318278,0.0034851438183064617,0.0032677147121913963,True,raw/hopper-medium-v2/hopper-medium-v2_tau7_mpi4_seed0.npz,17c383249cefa207f7fda8ef08f8d8dc24fafa9043a3451a8a3a9c4f1581f591
p4|hopper-medium-v2|7|0,p4,hopper-medium-v2,7.0,0,1000000,d7fc2be45693dc63c94c309789a18c04a7456a1678a52bf9dd4527c022750c5c,74f6f41e70ed771888455ba1162aa83842431f6cf0436d562780a2672b9ec1ee,3401a61f41b2170b775a22d97c9ed22921e98738e285c09656f2a91e4e6e846f,5bdf1bc4a713c82941de44633df669b36c89850b652a25985166796d25cf71a0,c32b1f46aba3efdc8534443987638ea6872bbaabbf49a4b22b4dd522a54a4fb1,b4329a9364407b8bbff94e259f897fac8406d95e42d31023040f34ebb8c03d11,29d28a83cd422bd6e33486ea936ace1d93dbd286b8defe2a3b8e7bfe3b5fdeda,83.86846770798115,stable,within_run_online_critic,dc546eb318cdc304abe8145f21b02946d5731c645282cb674472fd762ebe5340,posthoc_final_checkpoint_one_adam_step,False,3,4,1.75,241.2112589345703,0.014510102121515777,500000,500001,0.0017205331082656983,0.0017205331082656983,0.0015700600378130147,0.0015700600378130147,-3.498279494989968,-3.4984299680604205,-3.5000000280982335,241.35953311435878,241.36045362148434,241.2112608710304,0.0038719785007469815,0.003734862082689756,True,raw/hopper-medium-v2/hopper-medium-v2_tau7_mpi4_seed0.npz,17c383249cefa207f7fda8ef08f8d8dc24fafa9043a3451a8a3a9c4f1581f591
p4|hopper-medium-v2|7|0,p4,hopper-medium-v2,7.0,0,1000000,d7fc2be45693dc63c94c309789a18c04a7456a1678a52bf9dd4527c022750c5c,74f6f41e70ed771888455ba1162aa83842431f6cf0436d562780a2672b9ec1ee,3401a61f41b2170b775a22d97c9ed22921e98738e285c09656f2a91e4e6e846f,5bdf1bc4a713c82941de44633df669b36c89850b652a25985166796d25cf71a0,c32b1f46aba3efdc8534443987638ea6872bbaabbf49a4b22b4dd522a54a4fb1,b4329a9364407b8bbff94e259f897fac8406d95e42d31023040f34ebb8c03d11,29d28a83cd422bd6e33486ea936ace1d93dbd286b8defe2a3b8e7bfe3b5fdeda,83.86846770798115,stable,within_run_online_critic,dc546eb318cdc304abe8145f21b02946d5731c645282cb674472fd762ebe5340,posthoc_final_checkpoint_one_adam_step,False,4,4,1.75,241.35952858789062,0.014501188415793087,500000,500001,0.00235656056537481,0.00235656056537481,0.0020442802176194874,0.0020442802176194874,-3.4976435050737926,-3.497955785421548,-3.5000000656391674,241.45031742565334,241.45264238584787,241.35953311435878,0.003673040968655129,0.003394475306740117,True,raw/hopper-medium-v2/hopper-medium-v2_tau7_mpi4_seed0.npz,17c383249cefa207f7fda8ef08f8d8dc24fafa9043a3451a8a3a9c4f1581f591
p3|hopper-medium-v2|7|1,p3,hopper-medium-v2,7.0,1,1000000,244370b47daea9402eeef019e0f9fc0b3961283fcb54a9883c801d9962d32410,ee3b389cea8263454565ade54f713de45a6d2d822fef9a8d28b0558ea67c2f53,3df4c5133eded829d290726e40c5a2b782f768aace8ca4c27fb129020d49a33c,5bdf1bc4a713c82941de44633df669b36c89850b652a25985166796d25cf71a0,c32b1f46aba3efdc8534443987638ea6872bbaabbf49a4b22b4dd522a54a4fb1,b4329a9364407b8bbff94e259f897fac8406d95e42d31023040f34ebb8c03d11,29d28a83cd422bd6e33486ea936ace1d93dbd286b8defe2a3b8e7bfe3b5fdeda,91.05273365328065,stable,within_run_online_critic,45bde57b2e3d50577cf9d8cbb7c803513420bbf8b6d9f22267707e993bb8dd02,posthoc_final_checkpoint_one_adam_step,False,2,3,2.3333333333333335,243.80140786035156,0.019141262175728348,500000,500001,0.0007114781282426819,0.0007114781282426819,0.0005691527711526589,0.0005691527711526589,-4.6659551495516,-4.66609747490869,-4.6666666276798425,243.98004818032496,243.97980424552225,243.8014058235567,0.004130918314833833,0.003983923737731825,True,raw/hopper-medium-v2/hopper-medium-v2_tau7_mpi3_seed1.npz,12c6e8d23a64fa185c5e1fc7ea3b329866fa2f5a41ceda3b7062668f49ff7467
p3|hopper-medium-v2|7|1,p3,hopper-medium-v2,7.0,1,1000000,244370b47daea9402eeef019e0f9fc0b3961283fcb54a9883c801d9962d32410,ee3b389cea8263454565ade54f713de45a6d2d822fef9a8d28b0558ea67c2f53,3df4c5133eded829d290726e40c5a2b782f768aace8ca4c27fb129020d49a33c,5bdf1bc4a713c82941de44633df669b36c89850b652a25985166796d25cf71a0,c32b1f46aba3efdc8534443987638ea6872bbaabbf49a4b22b4dd522a54a4fb1,b4329a9364407b8bbff94e259f897fac8406d95e42d31023040f34ebb8c03d11,29d28a83cd422bd6e33486ea936ace1d93dbd286b8defe2a3b8e7bfe3b5fdeda,91.05273365328065,stable,within_run_online_critic,45bde57b2e3d50577cf9d8cbb7c803513420bbf8b6d9f22267707e993bb8dd02,posthoc_final_checkpoint_one_adam_step,False,3,3,2.3333333333333335,243.98004250390625,0.019127247535387863,500000,500001,0.0016369019746056424,0.0016369019746056424,0.0013423025429863955,0.0013423025429863955,-4.6650298732663265,-4.665324472697946,-4.666666775240932,244.11549479304813,244.11482161073945,243.98004818032496,0.004227622863991509,0.003920147307717894,True,raw/hopper-medium-v2/hopper-medium-v2_tau7_mpi3_seed1.npz,12c6e8d23a64fa185c5e1fc7ea3b329866fa2f5a41ceda3b7062668f49ff7467
p4|hopper-medium-v2|7|1,p4,hopper-medium-v2,7.0,1,1000000,003916d3883551651fece3a23e7c60a6d3e45e3e427c2516e70aa30fb29ed823,6c28bcbc4f7cc14239f09231222777295718fc107622ec0ffacae668647eec1e,aacc093cfc6328d703b57beff432f69b2e15c35dc3161f6557f33ea65eb03a10,5bdf1bc4a713c82941de44633df669b36c89850b652a25985166796d25cf71a0,c32b1f46aba3efdc8534443987638ea6872bbaabbf49a4b22b4dd522a54a4fb1,b4329a9364407b8bbff94e259f897fac8406d95e42d31023040f34ebb8c03d11,29d28a83cd422bd6e33486ea936ace1d93dbd286b8defe2a3b8e7bfe3b5fdeda,76.08704185232398,stable,within_run_online_critic,57bb63552ea111ca048c0b49565d322df7ed8d27c0aee534b71cc39c70a3893d,posthoc_final_checkpoint_one_adam_step,False,2,4,1.75,240.02374367578125,0.014581890717977145,500000,500001,0.0016151796361212334,0.0016151796361212334,0.0014227168145248825,0.0014227168145248825,-3.4983846565549768,-3.498577119376573,-3.499999836191098,240.18618127109949,240.1861010423163,240.02373244205955,0.0039839907084446855,0.003790357999499164,True,raw/hopper-medium-v2/hopper-medium-v2_tau7_mpi4_seed1.npz,e4ceb08453719e150cc8245f6b70e59d46ce3c73e847a00cf8575f91e70e2ce0
p4|hopper-medium-v2|7|1,p4,hopper-medium-v2,7.0,1,1000000,003916d3883551651fece3a23e7c60a6d3e45e3e427c2516e70aa30fb29ed823,6c28bcbc4f7cc14239f09231222777295718fc107622ec0ffacae668647eec1e,aacc093cfc6328d703b57beff432f69b2e15c35dc3161f6557f33ea65eb03a10,5bdf1bc4a713c82941de44633df669b36c89850b652a25985166796d25cf71a0,c32b1f46aba3efdc8534443987638ea6872bbaabbf49a4b22b4dd522a54a4fb1,b4329a9364407b8bbff94e259f897fac8406d95e42d31023040f34ebb8c03d11,29d28a83cd422bd6e33486ea936ace1d93dbd286b8defe2a3b8e7bfe3b5fdeda,76.08704185232398,stable,within_run_online_critic,57bb63552ea111ca048c0b49565d322df7ed8d27c0aee534b71cc39c70a3893d,posthoc_final_checkpoint_one_adam_step,False,3,4,1.75,240.18618874414062,0.014572028551268575,500000,500001,0.0017565833606711934,0.0017565833606711934,0.0015790433052544905,0.0015790433052544905,-3.49824330774196,-3.4984208477973766,-3.499999891102631,240.2982410021359,240.2978821216384,240.18618127109949,0.0033895209607814614,0.0032067512885084223,True,raw/hopper-medium-v2/hopper-medium-v2_tau7_mpi4_seed1.npz,e4ceb08453719e150cc8245f6b70e59d46ce3c73e847a00cf8575f91e70e2ce0
p4|hopper-medium-v2|7|1,p4,hopper-medium-v2,7.0,1,1000000,003916d3883551651fece3a23e7c60a6d3e45e3e427c2516e70aa30fb29ed823,6c28bcbc4f7cc14239f09231222777295718fc107622ec0ffacae668647eec1e,aacc093cfc6328d703b57beff432f69b2e15c35dc3161f6557f33ea65eb03a10,5bdf1bc4a713c82941de44633df669b36c89850b652a25985166796d25cf71a0,c32b1f46aba3efdc8534443987638ea6872bbaabbf49a4b22b4dd522a54a4fb1,b4329a9364407b8bbff94e259f897fac8406d95e42d31023040f34ebb8c03d11,29d28a83cd422bd6e33486ea936ace1d93dbd286b8defe2a3b8e7bfe3b5fdeda,76.08704185232398,stable,within_run_online_critic,57bb63552ea111ca048c0b49565d322df7ed8d27c0aee534b71cc39c70a3893d,posthoc_final_checkpoint_one_adam_step,False,4,4,1.75,240.29824929101562,0.014565233039884905,500000,500001,0.00197204260495365,0.00197204260495365,0.0017752503907733086,0.0017752503907733086,-3.4980278366655817,-3.498224628879762,-3.4999998792705354,240.41898058133665,240.41755602846388,240.2982410021359,0.0037306427131503627,0.003513101554400324,True,raw/hopper-medium-v2/hopper-medium-v2_tau7_mpi4_seed1.npz,e4ceb08453719e150cc8245f6b70e59d46ce3c73e847a00cf8575f91e70e2ce0
p3|hopper-medium-v2|10|0,p3,hopper-medium-v2,10.0,0,1000000,0bf9de2508aeb932b90effc318894702a2496ee81e74d63c795bd50f56b1b409,1b1178c9bc1da632833e6088aace260cc7d1a6e85c6f5aa29ac0dd18db710553,cbad190d3dca2cb5c8bfad88cf2e1c6a50aa9353f4c76979869412a9fc9d90c5,5bdf1bc4a713c82941de44633df669b36c89850b652a25985166796d25cf71a0,c32b1f46aba3efdc8534443987638ea6872bbaabbf49a4b22b4dd522a54a4fb1,b4329a9364407b8bbff94e259f897fac8406d95e42d31023040f34ebb8c03d11,29d28a83cd422bd6e33486ea936ace1d93dbd286b8defe2a3b8e7bfe3b5fdeda,101.68562558904912,stable,within_run_online_critic,0a570d4dac4ae6c493ab14adb4333a7c0cf849ea63d4ab76ec53a4d60deb508f,posthoc_final_checkpoint_one_adam_step,False,2,3,3.3333333333333335,247.87970070703125,0.02689476648410994,500000,500001,-0.00017715997810530126,0.0,-0.0003608428487531512,0.0,-6.666843714763149,-6.667027397633797,-6.666666554785044,248.0721687618643,248.0718781221658,247.87969654705375,0.004999335293903096,0.004807835736433403,True,raw/hopper-medium-v2/hopper-medium-v2_tau10_mpi3_seed0.npz,ebb79001ce0a59a9cfa0000a2d90581d284ec8f409cb96ef499c29a8a75fe176
p3|hopper-medium-v2|10|0,p3,hopper-medium-v2,10.0,0,1000000,0bf9de2508aeb932b90effc318894702a2496ee81e74d63c795bd50f56b1b409,1b1178c9bc1da632833e6088aace260cc7d1a6e85c6f5aa29ac0dd18db710553,cbad190d3dca2cb5c8bfad88cf2e1c6a50aa9353f4c76979869412a9fc9d90c5,5bdf1bc4a713c82941de44633df669b36c89850b652a25985166796d25cf71a0,c32b1f46aba3efdc8534443987638ea6872bbaabbf49a4b22b4dd522a54a4fb1,b4329a9364407b8bbff94e259f897fac8406d95e42d31023040f34ebb8c03d11,29d28a83cd422bd6e33486ea936ace1d93dbd286b8defe2a3b8e7bfe3b5fdeda,101.68562558904912,stable,within_run_online_critic,0a570d4dac4ae6c493ab14adb4333a7c0cf849ea63d4ab76ec53a4d60deb508f,posthoc_final_checkpoint_one_adam_step,False,3,3,3.3333333333333335,248.07217507226562,0.026873899359025687,500000,500001,0.0006494922184092644,0.0006494922184092644,0.0003847824391733923,0.0003847824391733923,-6.666017004863168,-6.666281714642404,-6.666666497081577,248.2403075704351,248.2423454876989,248.0721687618643,0.00516803763828737,0.004958094642501523,True,raw/hopper-medium-v2/hopper-medium-v2_tau10_mpi3_seed0.npz,ebb79001ce0a59a9cfa0000a2d90581d284ec8f409cb96ef499c29a8a75fe176
p4|hopper-medium-v2|10|0,p4,hopper-medium-v2,10.0,0,1000000,fa6fdcb190be9ace5d1cd713e158aac0a3e3d9a04d54a3f81608d62dbf029686,30ad4678b21657dcc4ef3b7d960b59d84bafdd0d51a484b34f6777f13b23558b,32557fcdf78af75efaf9de56ed2bc307b6449cd9f3536ac097efb2892bf2f9e6,5bdf1bc4a713c82941de44633df669b36c89850b652a25985166796d25cf71a0,c32b1f46aba3efdc8534443987638ea6872bbaabbf49a4b22b4dd522a54a4fb1,b4329a9364407b8bbff94e259f897fac8406d95e42d31023040f34ebb8c03d11,29d28a83cd422bd6e33486ea936ace1d93dbd286b8defe2a3b8e7bfe3b5fdeda,98.90420918117341,stable,within_run_online_critic,e262215d9929b364e442a8aacfef97ac3eb86def513f70e011668d699b67516c,posthoc_final_checkpoint_one_adam_step,False,2,4,2.5,245.4510050283203,0.020370664195989322,500000,500001,0.0009093509032620517,0.0009093509032620517,0.0006851547170487748,0.0006851547170487748,-4.99909068539442,-4.999314881580633,-5.000000036297682,245.6232297969982,245.62255459092557,245.45100681018084,0.004417647534548423,0.004179696952166964,True,raw/hopper-medium-v2/hopper-medium-v2_tau10_mpi4_seed0.npz,b3e3433ae0154e02606d897e4bd0429fff3084f870fe0c10f3cd62d0808230d4
p4|hopper-medium-v2|10|0,p4,hopper-medium-v2,10.0,0,1000000,fa6fdcb190be9ace5d1cd713e158aac0a3e3d9a04d54a3f81608d62dbf029686,30ad4678b21657dcc4ef3b7d960b59d84bafdd0d51a484b34f6777f13b23558b,32557fcdf78af75efaf9de56ed2bc307b6449cd9f3536ac097efb2892bf2f9e6,5bdf1bc4a713c82941de44633df669b36c89850b652a25985166796d25cf71a0,c32b1f46aba3efdc8534443987638ea6872bbaabbf49a4b22b4dd522a54a4fb1,b4329a9364407b8bbff94e259f897fac8406d95e42d31023040f34ebb8c03d11,29d28a83cd422bd6e33486ea936ace1d93dbd286b8defe2a3b8e7bfe3b5fdeda,98.90420918117341,stable,within_run_online_critic,e262215d9929b364e442a8aacfef97ac3eb86def513f70e011668d699b67516c,posthoc_final_checkpoint_one_adam_step,False,3,4,2.5,245.62323098046875,0.020356380705689788,500000,500001,0.0014319959681099448,0.0014319959681099448,0.0011938688961716792,0.0011938688961716792,-4.998567979940713,-4.998806107012651,-4.999999975908823,245.79520859662443,245.7948889611289,245.6232297969982,0.004932861886609454,0.004688228192836544,True,raw/hopper-medium-v2/hopper-medium-v2_tau10_mpi4_seed0.npz,b3e3433ae0154e02606d897e4bd0429fff3084f870fe0c10f3cd62d0808230d4
p4|hopper-medium-v2|10|0,p4,hopper-medium-v2,10.0,0,1000000,fa6fdcb190be9ace5d1cd713e158aac0a3e3d9a04d54a3f81608d62dbf029686,30ad4678b21657dcc4ef3b7d960b59d84bafdd0d51a484b34f6777f13b23558b,32557fcdf78af75efaf9de56ed2bc307b6449cd9f3536ac097efb2892bf2f9e6,5bdf1bc4a713c82941de44633df669b36c89850b652a25985166796d25cf71a0,c32b1f46aba3efdc8534443987638ea6872bbaabbf49a4b22b4dd522a54a4fb1,b4329a9364407b8bbff94e259f897fac8406d95e42d31023040f34ebb8c03d11,29d28a83cd422bd6e33486ea936ace1d93dbd286b8defe2a3b8e7bfe3b5fdeda,98.90420918117341,stable,within_run_online_critic,e262215d9929b364e442a8aacfef97ac3eb86def513f70e011668d699b67516c,posthoc_final_checkpoint_one_adam_step,False,4,4,2.5,245.79521279199218,0.0203421374371165,500000,500001,0.0015661959876620557,0.0015661959876620557,0.0013471987351652004,0.0013471987351652004,-4.998433718669591,-4.998652715922088,-4.999999914657253,245.9213637020439,245.92288776813075,245.79520859662443,0.0041324604804981796,0.003944465989803696,True,raw/hopper-medium-v2/hopper-medium-v2_tau10_mpi4_seed0.npz,b3e3433ae0154e02606d897e4bd0429fff3084f870fe0c10f3cd62d0808230d4
p3|hopper-medium-v2|10|1,p3,hopper-medium-v2,10.0,1,1000000,9b2559866c906571ce7687b9f35eb6fb28418562af247583e7da82da86767fa5,f26ada3735dfc0d30887e51e4856f2a960a61b85da0caafd87595b9f24e8563f,1f326551b3291e76dcda88fa6af14466e99880239ad88e3c20b55ed5c4b344f9,5bdf1bc4a713c82941de44633df669b36c89850b652a25985166796d25cf71a0,c32b1f46aba3efdc8534443987638ea6872bbaabbf49a4b22b4dd522a54a4fb1,b4329a9364407b8bbff94e259f897fac8406d95e42d31023040f34ebb8c03d11,29d28a83cd422bd6e33486ea936ace1d93dbd286b8defe2a3b8e7bfe3b5fdeda,97.38393610753971,stable,within_run_online_critic,c8bf8da10d9ca968ac61ff5c9d3a70ead95f41bdc1af5ccaea693b84abc986ea,posthoc_final_checkpoint_one_adam_step,False,2,3,3.3333333333333335,248.57144265039062,0.02681992185258048,500000,500001,0.0004502613037908887,0.0004502613037908887,0.00026337687296607015,0.00026337687296607015,-6.666216577567647,-6.666403461998472,-6.666666838871438,248.73840816877782,248.7402531793341,248.5714490711689,0.00492809125423897,0.004790689862350675,True,raw/hopper-medium-v2/hopper-medium-v2_tau10_mpi3_seed1.npz,7245085ba76f910bbf4419837ebe250cecebc1bcfaeec73df34e13169fe34ace
p3|hopper-medium-v2|10|1,p3,hopper-medium-v2,10.0,1,1000000,9b2559866c906571ce7687b9f35eb6fb28418562af247583e7da82da86767fa5,f26ada3735dfc0d30887e51e4856f2a960a61b85da0caafd87595b9f24e8563f,1f326551b3291e76dcda88fa6af14466e99880239ad88e3c20b55ed5c4b344f9,5bdf1bc4a713c82941de44633df669b36c89850b652a25985166796d25cf71a0,c32b1f46aba3efdc8534443987638ea6872bbaabbf49a4b22b4dd522a54a4fb1,b4329a9364407b8bbff94e259f897fac8406d95e42d31023040f34ebb8c03d11,29d28a83cd422bd6e33486ea936ace1d93dbd286b8defe2a3b8e7bfe3b5fdeda,97.38393610753971,stable,within_run_online_critic,c8bf8da10d9ca968ac61ff5c9d3a70ead95f41bdc1af5ccaea693b84abc986ea,posthoc_final_checkpoint_one_adam_step,False,3,3,3.3333333333333335,248.7384043203125,0.02680191940960463,500000,500001,0.0009356266815183645,0.0009356266815183645,0.0007199693737733881,0.0007199693737733881,-6.665731143131406,-6.665946800439151,-6.666666769812925,248.88210042845458,248.8809626735747,248.73840816877782,0.00478685504515833,0.00454070372281442,True,raw/hopper-medium-v2/hopper-medium-v2_tau10_mpi3_seed1.npz,7245085ba76f910bbf4419837ebe250cecebc1bcfaeec73df34e13169fe34ace
p4|hopper-medium-v2|10|1,p4,hopper-medium-v2,10.0,1,1000000,92123ebfbd9cbda7ccfc09e014de176b5717e0474db0d9d95f0281ed708d1624,2571bf0994c276edf543088f2276cb17b4a72169cd693941b57a6b6baf401060,7dbeeb3454f93ed9bcad2ee7bc9697f798ba8d57a3f3880361dba1c97776197a,5bdf1bc4a713c82941de44633df669b36c89850b652a25985166796d25cf71a0,c32b1f46aba3efdc8534443987638ea6872bbaabbf49a4b22b4dd522a54a4fb1,b4329a9364407b8bbff94e259f897fac8406d95e42d31023040f34ebb8c03d11,29d28a83cd422bd6e33486ea936ace1d93dbd286b8defe2a3b8e7bfe3b5fdeda,100.77754799476534,stable,within_run_online_critic,5a9fda7deb110df68c1a5b5b7fe37b613643b75ee7eee98cc87c6680031710c3,posthoc_final_checkpoint_one_adam_step,False,2,4,2.5,244.68951516015625,0.020434059043058537,500000,500001,0.0009309383411100214,0.0009309383411100214,0.0007747120469980828,0.0007747120469980828,-4.9990693103141775,-4.999225536608289,-5.0000002486552875,244.8704456340056,244.87086581694894,244.68952732882462,0.004627833671148322,0.004480193420109374,True,raw/hopper-medium-v2/hopper-medium-v2_tau10_mpi4_seed1.npz,f4a64eba88980080bd3bd764d2460aac1fcdecf95b5b3e5d56ac6189fa981d88
p4|hopper-medium-v2|10|1,p4,hopper-medium-v2,10.0,1,1000000,92123ebfbd9cbda7ccfc09e014de176b5717e0474db0d9d95f0281ed708d1624,2571bf0994c276edf543088f2276cb17b4a72169cd693941b57a6b6baf401060,7dbeeb3454f93ed9bcad2ee7bc9697f798ba8d57a3f3880361dba1c97776197a,5bdf1bc4a713c82941de44633df669b36c89850b652a25985166796d25cf71a0,c32b1f46aba3efdc8534443987638ea6872bbaabbf49a4b22b4dd522a54a4fb1,b4329a9364407b8bbff94e259f897fac8406d95e42d31023040f34ebb8c03d11,29d28a83cd422bd6e33486ea936ace1d93dbd286b8defe2a3b8e7bfe3b5fdeda,100.77754799476534,stable,within_run_online_critic,5a9fda7deb110df68c1a5b5b7fe37b613643b75ee7eee98cc87c6680031710c3,posthoc_final_checkpoint_one_adam_step,False,3,4,2.5,244.87045388085937,0.02041895998785026,500000,500001,0.001632296488668139,0.001632296488668139,0.0014008612170881563,0.0014008612170881563,-4.998367535119154,-4.998598970390734,-4.9999998316078225,244.99703752598725,244.9973982309457,244.8704456340056,0.004217171265827633,0.003993101214361695,True,raw/hopper-medium-v2/hopper-medium-v2_tau10_mpi4_seed1.npz,f4a64eba88980080bd3bd764d2460aac1fcdecf95b5b3e5d56ac6189fa981d88
p4|hopper-medium-v2|10|1,p4,hopper-medium-v2,10.0,1,1000000,92123ebfbd9cbda7ccfc09e014de176b5717e0474db0d9d95f0281ed708d1624,2571bf0994c276edf543088f2276cb17b4a72169cd693941b57a6b6baf401060,7dbeeb3454f93ed9bcad2ee7bc9697f798ba8d57a3f3880361dba1c97776197a,5bdf1bc4a713c82941de44633df669b36c89850b652a25985166796d25cf71a0,c32b1f46aba3efdc8534443987638ea6872bbaabbf49a4b22b4dd522a54a4fb1,b4329a9364407b8bbff94e259f897fac8406d95e42d31023040f34ebb8c03d11,29d28a83cd422bd6e33486ea936ace1d93dbd286b8defe2a3b8e7bfe3b5fdeda,100.77754799476534,stable,within_run_online_critic,5a9fda7deb110df68c1a5b5b7fe37b613643b75ee7eee98cc87c6680031710c3,posthoc_final_checkpoint_one_adam_step,False,4,4,2.5,244.99704079492187,0.02040840976599925,500000,500001,0.0018574048653006159,0.0018574048653006159,0.0016300101726622884,0.0016300101726622884,-4.998142528420942,-4.9983699231135805,-4.999999933286243,245.11855845316313,245.11781544587575,244.99703752598725,0.004337453742250301,0.004094895452431958,True,raw/hopper-medium-v2/hopper-medium-v2_tau10_mpi4_seed1.npz,f4a64eba88980080bd3bd764d2460aac1fcdecf95b5b3e5d56ac6189fa981d88
p3|hopper-medium-v2|14|0,p3,hopper-medium-v2,14.0,0,1000000,3f751228eba16601ce1a3a6583ee429da0a61e559412d2c469d54df30aa91ebd,e7a5c443fc1e1e5edfa1323556d547a9e63ad74384ec8f4ad3e3faf1700da4e1,2a9a7574e8332b8c991969f99b3ba91f145ff3ea8e27d92b41d2b6c0d7b8d7d3,5bdf1bc4a713c82941de44633df669b36c89850b652a25985166796d25cf71a0,c32b1f46aba3efdc8534443987638ea6872bbaabbf49a4b22b4dd522a54a4fb1,b4329a9364407b8bbff94e259f897fac8406d95e42d31023040f34ebb8c03d11,29d28a83cd422bd6e33486ea936ace1d93dbd286b8defe2a3b8e7bfe3b5fdeda,89.85745474521019,stable,within_run_online_critic,459f7e55c7c884e993086c9573677fecadac66ee1eb4f41dde9c936b9e1cb43a,posthoc_final_checkpoint_one_adam_step,False,2,3,4.666666666666667,252.74713234765625,0.03692755382282731,500000,500001,-0.0015609959845122034,0.0,-0.0017607933222549832,0.0,-9.33489402054296,-9.335093817880702,-9.333333024558447,253.0003989841789,253.00109892245382,252.74712398601696,0.0077918301420896105,0.007617879812667565,True,raw/hopper-medium-v2/hopper-medium-v2_tau14_mpi3_seed0.npz,0209597a9eb5bd00e0990bf82e446ffb8e2c83cb84bfbd595d27713f2d5256c2
p3|hopper-medium-v2|14|0,p3,hopper-medium-v2,14.0,0,1000000,3f751228eba16601ce1a3a6583ee429da0a61e559412d2c469d54df30aa91ebd,e7a5c443fc1e1e5edfa1323556d547a9e63ad74384ec8f4ad3e3faf1700da4e1,2a9a7574e8332b8c991969f99b3ba91f145ff3ea8e27d92b41d2b6c0d7b8d7d3,5bdf1bc4a713c82941de44633df669b36c89850b652a25985166796d25cf71a0,c32b1f46aba3efdc8534443987638ea6872bbaabbf49a4b22b4dd522a54a4fb1,b4329a9364407b8bbff94e259f897fac8406d95e42d31023040f34ebb8c03d11,29d28a83cd422bd6e33486ea936ace1d93dbd286b8defe2a3b8e7bfe3b5fdeda,89.85745474521019,stable,within_run_online_critic,459f7e55c7c884e993086c9573677fecadac66ee1eb4f41dde9c936b9e1cb43a,posthoc_final_checkpoint_one_adam_step,False,3,3,4.666666666666667,253.00039772851562,0.03689058759246913,500000,500001,-0.00010268693487347491,0.0,-0.0005881723511347303,0.0,-9.333436066590364,-9.333921552006625,-9.33333337965549,253.21694670571014,253.21968124853447,253.0003989841789,0.007885885754224225,0.007501279229549505,True,raw/hopper-medium-v2/hopper-medium-v2_tau14_mpi3_seed0.npz,0209597a9eb5bd00e0990bf82e446ffb8e2c83cb84bfbd595d27713f2d5256c2
p4|hopper-medium-v2|14|0,p4,hopper-medium-v2,14.0,0,1000000,21ec9273fd61a904bcfaf4e2f274a2e2119b0e63169fc9cacbd6edd7a4f2d8f4,2c8fe6a08f6debf9971bb94c451d0838ddcfe5f0879f13b664e79e9bf5effbc4,6c6f79e71f05518d4caa93e5045183e385eebc953dc532e4cad93b5efc88b34b,5bdf1bc4a713c82941de44633df669b36c89850b652a25985166796d25cf71a0,c32b1f46aba3efdc8534443987638ea6872bbaabbf49a4b22b4dd522a54a4fb1,b4329a9364407b8bbff94e259f897fac8406d95e42d31023040f34ebb8c03d11,29d28a83cd422bd6e33486ea936ace1d93dbd286b8defe2a3b8e7bfe3b5fdeda,100.83257397558097,stable,within_run_online_critic,28bb976a375c87b9439c82a122a94c82c1f6d9b0dcad21762c194bcf03a0bbca,posthoc_final_checkpoint_one_adam_step,False,2,4,3.5,250.20282082421875,0.027977302481804894,500000,500001,2.0901575224385738e-05,2.0901575224385738e-05,-0.00022600679823447933,0.0,-6.999979353662007,-7.000226262035466,-7.000000255237231,250.39002452092245,250.38855824107304,250.20282994722947,0.005258100786384951,0.004970169858055362,True,raw/hopper-medium-v2/hopper-medium-v2_tau14_mpi4_seed0.npz,ddd9acbdc8a004b6c8a1fe2acda85bfa2c7e8ad4e0243c2ab9dfc8229211625e
p4|hopper-medium-v2|14|0,p4,hopper-medium-v2,14.0,0,1000000,21ec9273fd61a904bcfaf4e2f274a2e2119b0e63169fc9cacbd6edd7a4f2d8f4,2c8fe6a08f6debf9971bb94c451d0838ddcfe5f0879f13b664e79e9bf5effbc4,6c6f79e71f05518d4caa93e5045183e385eebc953dc532e4cad93b5efc88b34b,5bdf1bc4a713c82941de44633df669b36c89850b652a25985166796d25cf71a0,c32b1f46aba3efdc8534443987638ea6872bbaabbf49a4b22b4dd522a54a4fb1,b4329a9364407b8bbff94e259f897fac8406d95e42d31023040f34ebb8c03d11,29d28a83cd422bd6e33486ea936ace1d93dbd286b8defe2a3b8e7bfe3b5fdeda,100.83257397558097,stable,within_run_online_critic,28bb976a375c87b9439c82a122a94c82c1f6d9b0dcad21762c194bcf03a0bbca,posthoc_final_checkpoint_one_adam_step,False,3,4,3.5,250.39003090722656,0.027956384583831973,500000,500001,0.0005839028931484691,0.0005839028931484691,0.00043840568573383365,0.00043840568573383365,-6.999415918568878,-6.999561415776292,-6.999999821462026,250.56298977369443,250.56477417750284,250.39002452092245,0.005419386019280977,0.0053237742909877095,True,raw/hopper-medium-v2/hopper-medium-v2_tau14_mpi4_seed0.npz,ddd9acbdc8a004b6c8a1fe2acda85bfa2c7e8ad4e0243c2ab9dfc8229211625e
p4|hopper-medium-v2|14|0,p4,hopper-medium-v2,14.0,0,1000000,21ec9273fd61a904bcfaf4e2f274a2e2119b0e63169fc9cacbd6edd7a4f2d8f4,2c8fe6a08f6debf9971bb94c451d0838ddcfe5f0879f13b664e79e9bf5effbc4,6c6f79e71f05518d4caa93e5045183e385eebc953dc532e4cad93b5efc88b34b,5bdf1bc4a713c82941de44633df669b36c89850b652a25985166796d25cf71a0,c32b1f46aba3efdc8534443987638ea6872bbaabbf49a4b22b4dd522a54a4fb1,b4329a9364407b8bbff94e259f897fac8406d95e42d31023040f34ebb8c03d11,29d28a83cd422bd6e33486ea936ace1d93dbd286b8defe2a3b8e7bfe3b5fdeda,100.83257397558097,stable,within_run_online_critic,28bb976a375c87b9439c82a122a94c82c1f6d9b0dcad21762c194bcf03a0bbca,posthoc_final_checkpoint_one_adam_step,False,4,4,3.5,250.56298928125,0.027937086878152998,500000,500001,0.0013167807134353282,0.0013167807134353282,0.0010971931573600102,0.0010971931573600102,-6.998683233044027,-6.998902820600103,-7.000000013757463,250.6928698909469,250.69487527152523,250.56298977369443,0.004945252832861724,0.004781689768228071,True,raw/hopper-medium-v2/hopper-medium-v2_tau14_mpi4_seed0.npz,ddd9acbdc8a004b6c8a1fe2acda85bfa2c7e8ad4e0243c2ab9dfc8229211625e
p3|hopper-medium-v2|14|1,p3,hopper-medium-v2,14.0,1,1000000,617abc32fa8ea33145eeb257ed5ccf50b6a39a13321f213cce224642a073aaa6,7ef61e0d7dfbb3303a5bf1fd6728aa2f0698a5cc92e9d66cc3a9a4afd6d71577,34325f679571684985400bd1d368d41b04a679b7f59abc9903ece2c86bd4d0f2,5bdf1bc4a713c82941de44633df669b36c89850b652a25985166796d25cf71a0,c32b1f46aba3efdc8534443987638ea6872bbaabbf49a4b22b4dd522a54a4fb1,b4329a9364407b8bbff94e259f897fac8406d95e42d31023040f34ebb8c03d11,29d28a83cd422bd6e33486ea936ace1d93dbd286b8defe2a3b8e7bfe3b5fdeda,86.41817407564847,stable,within_run_online_critic,7fb952a822c20d24d820fa38242f115d4f6fdd379d9986b6c4b09b61fedda7c8,posthoc_final_checkpoint_one_adam_step,False,2,3,4.666666666666667,239.45562844140625,0.038977297773633915,500000,500001,-0.0021153633925674598,0.0,-0.002283166499648104,0.0,-9.335449054884462,-9.335616857991543,-9.333333691491895,239.72814254113473,239.72786794812419,239.45563763030805,0.008506141661502356,0.008327635660883313,True,raw/hopper-medium-v2/hopper-medium-v2_tau14_mpi3_seed1.npz,34c4522672b6565cb5122f5986943c83d679cfa91c3eade40d55911894aa3799
p3|hopper-medium-v2|14|1,p3,hopper-medium-v2,14.0,1,1000000,617abc32fa8ea33145eeb257ed5ccf50b6a39a13321f213cce224642a073aaa6,7ef61e0d7dfbb3303a5bf1fd6728aa2f0698a5cc92e9d66cc3a9a4afd6d71577,34325f679571684985400bd1d368d41b04a679b7f59abc9903ece2c86bd4d0f2,5bdf1bc4a713c82941de44633df669b36c89850b652a25985166796d25cf71a0,c32b1f46aba3efdc8534443987638ea6872bbaabbf49a4b22b4dd522a54a4fb1,b4329a9364407b8bbff94e259f897fac8406d95e42d31023040f34ebb8c03d11,29d28a83cd422bd6e33486ea936ace1d93dbd286b8defe2a3b8e7bfe3b5fdeda,86.41817407564847,stable,within_run_online_critic,7fb952a822c20d24d820fa38242f115d4f6fdd379d9986b6c4b09b61fedda7c8,posthoc_final_checkpoint_one_adam_step,False,3,3,4.666666666666667,239.7281504140625,0.03893298854228276,500000,500001,-0.0004574034139839256,0.0,-0.0006062386517236007,0.0,-9.333790430230712,-9.333939265468452,-9.333333026816728,239.95430144132115,239.95439243339933,239.72814254113473,0.008347638455707662,0.008202345811505904,True,raw/hopper-medium-v2/hopper-medium-v2_tau14_mpi3_seed1.npz,34c4522672b6565cb5122f5986943c83d679cfa91c3eade40d55911894aa3799
p4|hopper-medium-v2|14|1,p4,hopper-medium-v2,14.0,1,1000000,49a6ae1e4e413a97bd58bb360425b76790f68195236fba9449118cdb93b9acbb,e7292cf9e1a2ec732c3d6cd3585b30ee574db34450b085c904ceec08516ba44d,0e231228ae6b34aeab5d13ac3678ca60f8b186a21414663082109620bfd37c26,5bdf1bc4a713c82941de44633df669b36c89850b652a25985166796d25cf71a0,c32b1f46aba3efdc8534443987638ea6872bbaabbf49a4b22b4dd522a54a4fb1,b4329a9364407b8bbff94e259f897fac8406d95e42d31023040f34ebb8c03d11,29d28a83cd422bd6e33486ea936ace1d93dbd286b8defe2a3b8e7bfe3b5fdeda,100.48106815641754,stable,within_run_online_critic,7186c9620d693ad27350b05eb3b79ca1b7437dbbdc9850fb31c67f3bea959601,posthoc_final_checkpoint_one_adam_step,False,2,4,3.5,249.232178734375,0.028086260913605433,500000,500001,-0.0003348104161862153,0.0,-0.0004264399585176548,0.0,-7.0003347649614325,-7.000426394503764,-6.999999954545246,249.43276838678867,249.43366158986464,249.2321771159768,0.005299048352826988,0.005232505545135856,True,raw/hopper-medium-v2/hopper-medium-v2_tau14_mpi4_seed1.npz,d9acc5f4f4a583aed1920f57a25b13ba21c19989f4934947c3d8c0ab6643fdad
p4|hopper-medium-v2|14|1,p4,hopper-medium-v2,14.0,1,1000000,49a6ae1e4e413a97bd58bb360425b76790f68195236fba9449118cdb93b9acbb,e7292cf9e1a2ec732c3d6cd3585b30ee574db34450b085c904ceec08516ba44d,0e231228ae6b34aeab5d13ac3678ca60f8b186a21414663082109620bfd37c26,5bdf1bc4a713c82941de44633df669b36c89850b652a25985166796d25cf71a0,c32b1f46aba3efdc8534443987638ea6872bbaabbf49a4b22b4dd522a54a4fb1,b4329a9364407b8bbff94e259f897fac8406d95e42d31023040f34ebb8c03d11,29d28a83cd422bd6e33486ea936ace1d93dbd286b8defe2a3b8e7bfe3b5fdeda,100.48106815641754,stable,within_run_online_critic,7186c9620d693ad27350b05eb3b79ca1b7437dbbdc9850fb31c67f3bea959601,posthoc_final_checkpoint_one_adam_step,False,3,4,3.5,249.43277077539062,0.028063674144498698,500000,500001,0.0007906664172558919,0.0007906664172558919,0.0005651952489946765,0.0005651952489946765,-6.999209266549798,-6.999434737718059,-6.999999932967054,249.58186039188877,249.58161463448778,249.43276838678867,0.0049747358659355525,0.004742367842053186,True,raw/hopper-medium-v2/hopper-medium-v2_tau14_mpi4_seed1.npz,d9acc5f4f4a583aed1920f57a25b13ba21c19989f4934947c3d8c0ab6643fdad
p4|hopper-medium-v2|14|1,p4,hopper-medium-v2,14.0,1,1000000,49a6ae1e4e413a97bd58bb360425b76790f68195236fba9449118cdb93b9acbb,e7292cf9e1a2ec732c3d6cd3585b30ee574db34450b085c904ceec08516ba44d,0e231228ae6b34aeab5d13ac3678ca60f8b186a21414663082109620bfd37c26,5bdf1bc4a713c82941de44633df669b36c89850b652a25985166796d25cf71a0,c32b1f46aba3efdc8534443987638ea6872bbaabbf49a4b22b4dd522a54a4fb1,b4329a9364407b8bbff94e259f897fac8406d95e42d31023040f34ebb8c03d11,29d28a83cd422bd6e33486ea936ace1d93dbd286b8defe2a3b8e7bfe3b5fdeda,100.48106815641754,stable,within_run_online_critic,7186c9620d693ad27350b05eb3b79ca1b7437dbbdc9850fb31c67f3bea959601,posthoc_final_checkpoint_one_adam_step,False,4,4,3.5,249.5818644033203,0.028046909645198063,500000,500001,0.001392639435416676,0.001392639435416676,0.001206732605168348,0.001206732605168348,-6.998607248056325,-6.998793154886573,-6.999999887491741,249.7107237810269,249.71045278850943,249.58186039188877,0.005006859267147986,0.004813351934247568,True,raw/hopper-medium-v2/hopper-medium-v2_tau14_mpi4_seed1.npz,d9acc5f4f4a583aed1920f57a25b13ba21c19989f4934947c3d8c0ab6643fdad
p3|hopper-medium-v2|20|0,p3,hopper-medium-v2,20.0,0,1000000,1c5430972a3a599fe8dae7b7b87eb50fa8db763513872db952383d6fb64d21da,7be14477c6e126878595faababb7037e5ae8eeca5387a12956870fca9df6e4b1,b7c2d4491f14970c80555d8e45b7fe3c7b708bbfb7ba9b3f4a5e982097c00dd4,5bdf1bc4a713c82941de44633df669b36c89850b652a25985166796d25cf71a0,c32b1f46aba3efdc8534443987638ea6872bbaabbf49a4b22b4dd522a54a4fb1,b4329a9364407b8bbff94e259f897fac8406d95e42d31023040f34ebb8c03d11,29d28a83cd422bd6e33486ea936ace1d93dbd286b8defe2a3b8e7bfe3b5fdeda,0.7326837906838056,collapsed,within_run_online_critic,1965d9ead31a94dcc807c9e5c73b506a1e3bf2f469a1ed5670debfc6764aef45,posthoc_final_checkpoint_one_adam_step,False,2,3,6.666666666666667,661046820864.0,2.017002867649591e-11,500000,500001,-0.11597051757562404,0.0,-0.11597375028595813,0.0,-13.44292899785849,-13.442932230568823,-13.326958480282865,669056381019.3877,669056894500.4023,660730765138.3135,0.05195739349513259,0.0519645177115895,True,raw/hopper-medium-v2/hopper-medium-v2_tau20_mpi3_seed0.npz,786c94b9247ec980081863c8c219d1d7edbdefb272611fdc4773ce565af0e39d
p3|hopper-medium-v2|20|0,p3,hopper-medium-v2,20.0,0,1000000,1c5430972a3a599fe8dae7b7b87eb50fa8db763513872db952383d6fb64d21da,7be14477c6e126878595faababb7037e5ae8eeca5387a12956870fca9df6e4b1,b7c2d4491f14970c80555d8e45b7fe3c7b708bbfb7ba9b3f4a5e982097c00dd4,5bdf1bc4a713c82941de44633df669b36c89850b652a25985166796d25cf71a0,c32b1f46aba3efdc8534443987638ea6872bbaabbf49a4b22b4dd522a54a4fb1,b4329a9364407b8bbff94e259f897fac8406d95e42d31023040f34ebb8c03d11,29d28a83cd422bd6e33486ea936ace1d93dbd286b8defe2a3b8e7bfe3b5fdeda,0.7326837906838056,collapsed,within_run_online_critic,1965d9ead31a94dcc807c9e5c73b506a1e3bf2f469a1ed5670debfc6764aef45,posthoc_final_checkpoint_one_adam_step,False,3,3,6.666666666666667,669360717824.0,1.991950375677583e-11,500000,500001,-0.008076901497220845,0.0,-0.008105128543780538,0.0,-13.335347996707755,-13.335376223754315,-13.327271095210534,669836017611.9419,669838439720.4888,669056381019.3877,0.007453072537084264,0.007473092690822386,True,raw/hopper-medium-v2/hopper-medium-v2_tau20_mpi3_seed0.npz,786c94b9247ec980081863c8c219d1d7edbdefb272611fdc4773ce565af0e39d
p4|hopper-medium-v2|20|0,p4,hopper-medium-v2,20.0,0,1000000,b0b1baefa8d42fbf87fa81e389735f2d099cc9836cda385a4fd4853e9465431e,955768b946524f49fa409c9464ebff0f13a57022d9cc07ad7065dd766821024b,aeb2d1c435032009450912928ebc3b8d38e0ab2cf85f0a3b961d995055f9bd62,5bdf1bc4a713c82941de44633df669b36c89850b652a25985166796d25cf71a0,c32b1f46aba3efdc8534443987638ea6872bbaabbf49a4b22b4dd522a54a4fb1,b4329a9364407b8bbff94e259f897fac8406d95e42d31023040f34ebb8c03d11,29d28a83cd422bd6e33486ea936ace1d93dbd286b8defe2a3b8e7bfe3b5fdeda,99.72365274673382,stable,within_run_online_critic,80596b75d8ca54e7a774d9a90afa81d2da28c82e375d6dcd6412e2e97ab213ad,posthoc_final_checkpoint_one_adam_step,False,2,4,5.0,254.42422585351562,0.03930443324118626,500000,500001,-0.0021771359258391243,0.0,-0.0023824779241419236,0.0,-10.002177231996239,-10.002382573994542,-10.0000000960704,254.65088157751597,254.65280926623382,254.42422829777934,0.006731342776465143,0.006601767490682029,True,raw/hopper-medium-v2/hopper-medium-v2_tau20_mpi4_seed0.npz,260da4f8088d24c11024dfb332b808c1a13f39ac696b319c1a17445cc81d283a
p4|hopper-medium-v2|20|0,p4,hopper-medium-v2,20.0,0,1000000,b0b1baefa8d42fbf87fa81e389735f2d099cc9836cda385a4fd4853e9465431e,955768b946524f49fa409c9464ebff0f13a57022d9cc07ad7065dd766821024b,aeb2d1c435032009450912928ebc3b8d38e0ab2cf85f0a3b961d995055f9bd62,5bdf1bc4a713c82941de44633df669b36c89850b652a25985166796d25cf71a0,c32b1f46aba3efdc8534443987638ea6872bbaabbf49a4b22b4dd522a54a4fb1,b4329a9364407b8bbff94e259f897fac8406d95e42d31023040f34ebb8c03d11,29d28a83cd422bd6e33486ea936ace1d93dbd286b8defe2a3b8e7bfe3b5fdeda,99.72365274673382,stable,within_run_online_critic,80596b75d8ca54e7a774d9a90afa81d2da28c82e375d6dcd6412e2e97ab213ad,posthoc_final_checkpoint_one_adam_step,False,3,4,5.0,254.65089516503906,0.03926944766292303,500000,500001,-0.0008812034022334103,0.0,-0.0011006890222802213,0.0,-10.000880669827707,-10.001100155447753,-9.999999466425473,254.85936223738827,254.86132270121016,254.65088157751597,0.007305716959352042,0.007163217670754289,True,raw/hopper-medium-v2/hopper-medium-v2_tau20_mpi4_seed0.npz,260da4f8088d24c11024dfb332b808c1a13f39ac696b319c1a17445cc81d283a
p4|hopper-medium-v2|20|0,p4,hopper-medium-v2,20.0,0,1000000,b0b1baefa8d42fbf87fa81e389735f2d099cc9836cda385a4fd4853e9465431e,955768b946524f49fa409c9464ebff0f13a57022d9cc07ad7065dd766821024b,aeb2d1c435032009450912928ebc3b8d38e0ab2cf85f0a3b961d995055f9bd62,5bdf1bc4a713c82941de44633df669b36c89850b652a25985166796d25cf71a0,c32b1f46aba3efdc8534443987638ea6872bbaabbf49a4b22b4dd522a54a4fb1,b4329a9364407b8bbff94e259f897fac8406d95e42d31023040f34ebb8c03d11,29d28a83cd422bd6e33486ea936ace1d93dbd286b8defe2a3b8e7bfe3b5fdeda,99.72365274673382,stable,within_run_online_critic,80596b75d8ca54e7a774d9a90afa81d2da28c82e375d6dcd6412e2e97ab213ad,posthoc_final_checkpoint_one_adam_step,False,4,4,5.0,254.85936074121093,0.03923732670017246,500000,500001,0.0016566501526362742,0.0016566501526362742,0.00128514775148858,0.00128514775148858,-9.998343408553362,-9.99871491095451,-10.000000058705998,254.9954158051405,254.9987900054548,254.85936223738827,0.006995028439255529,0.006755920638191414,True,raw/hopper-medium-v2/hopper-medium-v2_tau20_mpi4_seed0.npz,260da4f8088d24c11024dfb332b808c1a13f39ac696b319c1a17445cc81d283a
p3|hopper-medium-v2|20|1,p3,hopper-medium-v2,20.0,1,1000000,287f46524313344022dcae16dd720f9b25fe3adc8827495e04244d5487e3b735,4d6670c9dc2b759e625dfc2d04c4c387da08a06e9f6ea48f62ee5dfca0ec7305,663d7fa674721c3e27acedb44f4d0bb207c9c7457ee9e7f044a2af6b39473876,5bdf1bc4a713c82941de44633df669b36c89850b652a25985166796d25cf71a0,c32b1f46aba3efdc8534443987638ea6872bbaabbf49a4b22b4dd522a54a4fb1,b4329a9364407b8bbff94e259f897fac8406d95e42d31023040f34ebb8c03d11,29d28a83cd422bd6e33486ea936ace1d93dbd286b8defe2a3b8e7bfe3b5fdeda,102.31045708983757,stable,within_run_online_critic,72777d653bb46fe9c72be02a1d9574d096fa7f144372a706d6c312ac59a41326,posthoc_final_checkpoint_one_adam_step,False,2,3,6.666666666666667,253.11276345117187,0.052677443648176496,500000,500001,-0.004463653198397921,0.0,-0.004546637664676112,0.0,-13.337796800546839,-13.337879785013117,-13.33333314734844,253.39507076959126,253.39772038324736,253.1127599205356,0.010407760644000603,0.010464351051780155,True,raw/hopper-medium-v2/hopper-medium-v2_tau20_mpi3_seed1.npz,f17f1bae559e601b652c9136e65b1b3bb2faf70ef74ec55115c9c1060ee94eff
p3|hopper-medium-v2|20|1,p3,hopper-medium-v2,20.0,1,1000000,287f46524313344022dcae16dd720f9b25fe3adc8827495e04244d5487e3b735,4d6670c9dc2b759e625dfc2d04c4c387da08a06e9f6ea48f62ee5dfca0ec7305,663d7fa674721c3e27acedb44f4d0bb207c9c7457ee9e7f044a2af6b39473876,5bdf1bc4a713c82941de44633df669b36c89850b652a25985166796d25cf71a0,c32b1f46aba3efdc8534443987638ea6872bbaabbf49a4b22b4dd522a54a4fb1,b4329a9364407b8bbff94e259f897fac8406d95e42d31023040f34ebb8c03d11,29d28a83cd422bd6e33486ea936ace1d93dbd286b8defe2a3b8e7bfe3b5fdeda,102.31045708983757,stable,within_run_online_critic,72777d653bb46fe9c72be02a1d9574d096fa7f144372a706d6c312ac59a41326,posthoc_final_checkpoint_one_adam_step,False,3,3,6.666666666666667,253.39508156640625,0.05261875349320511,500000,500001,-0.0015020861299817057,0.0,-0.002073045207074742,0.0,-13.334834851348369,-13.335405810425462,-13.333332765218387,253.63008485059254,253.63224762841128,253.39507076959126,0.010864061865657136,0.010406905461469636,True,raw/hopper-medium-v2/hopper-medium-v2_tau20_mpi3_seed1.npz,f17f1bae559e601b652c9136e65b1b3bb2faf70ef74ec55115c9c1060ee94eff
p4|hopper-medium-v2|20|1,p4,hopper-medium-v2,20.0,1,1000000,632317092aa2b91ad4888428f5e2780e409c6beeb4fe913f027f758636b3207f,aeae026a246a89eb348a6d222c945a98a357f6d584f562099efa91f335374bbc,7e6e52cbfaf5d11d32962af55f852bf11cd9d13b8b7d6fb19b6b6b520a5defc2,5bdf1bc4a713c82941de44633df669b36c89850b652a25985166796d25cf71a0,c32b1f46aba3efdc8534443987638ea6872bbaabbf49a4b22b4dd522a54a4fb1,b4329a9364407b8bbff94e259f897fac8406d95e42d31023040f34ebb8c03d11,29d28a83cd422bd6e33486ea936ace1d93dbd286b8defe2a3b8e7bfe3b5fdeda,50.97616173503427,stable,within_run_online_critic,56f36ade61e13d0c13d05267b3940c96be259c6effa7348c2dd6213c57f3edc3,posthoc_final_checkpoint_one_adam_step,False,2,4,5.0,247.7432871328125,0.04036436311042853,500000,500001,-0.0019413601152464821,0.0,-0.0021065387550578407,0.0,-10.001941610056976,-10.002106788696787,-10.00000024994173,247.97254140349105,247.9739237432368,247.74329332495108,0.007312092569308839,0.00720271119293626,True,raw/hopper-medium-v2/hopper-medium-v2_tau20_mpi4_seed1.npz,f603c5ec7609f0f947698dd41ebf1bd6f2e6f5247f814b2608ffac8217579bd2
p4|hopper-medium-v2|20|1,p4,hopper-medium-v2,20.0,1,1000000,632317092aa2b91ad4888428f5e2780e409c6beeb4fe913f027f758636b3207f,aeae026a246a89eb348a6d222c945a98a357f6d584f562099efa91f335374bbc,7e6e52cbfaf5d11d32962af55f852bf11cd9d13b8b7d6fb19b6b6b520a5defc2,5bdf1bc4a713c82941de44633df669b36c89850b652a25985166796d25cf71a0,c32b1f46aba3efdc8534443987638ea6872bbaabbf49a4b22b4dd522a54a4fb1,b4329a9364407b8bbff94e259f897fac8406d95e42d31023040f34ebb8c03d11,29d28a83cd422bd6e33486ea936ace1d93dbd286b8defe2a3b8e7bfe3b5fdeda,50.97616173503427,stable,within_run_online_critic,56f36ade61e13d0c13d05267b3940c96be259c6effa7348c2dd6213c57f3edc3,posthoc_final_checkpoint_one_adam_step,False,3,4,5.0,247.9725351796875,0.04032704667375253,500000,500001,0.00036493926018366096,0.00036493926018366096,-1.8081940815761754e-05,0.0,-9.999635311727433,-10.000018332928432,-10.000000250987616,248.17312476830557,248.17297432618216,247.97254140349105,0.00845387397503634,0.008064785887504445,True,raw/hopper-medium-v2/hopper-medium-v2_tau20_mpi4_seed1.npz,f603c5ec7609f0f947698dd41ebf1bd6f2e6f5247f814b2608ffac8217579bd2
p4|hopper-medium-v2|20|1,p4,hopper-medium-v2,20.0,1,1000000,632317092aa2b91ad4888428f5e2780e409c6beeb4fe913f027f758636b3207f,aeae026a246a89eb348a6d222c945a98a357f6d584f562099efa91f335374bbc,7e6e52cbfaf5d11d32962af55f852bf11cd9d13b8b7d6fb19b6b6b520a5defc2,5bdf1bc4a713c82941de44633df669b36c89850b652a25985166796d25cf71a0,c32b1f46aba3efdc8534443987638ea6872bbaabbf49a4b22b4dd522a54a4fb1,b4329a9364407b8bbff94e259f897fac8406d95e42d31023040f34ebb8c03d11,29d28a83cd422bd6e33486ea936ace1d93dbd286b8defe2a3b8e7bfe3b5fdeda,50.97616173503427,stable,within_run_online_critic,56f36ade61e13d0c13d05267b3940c96be259c6effa7348c2dd6213c57f3edc3,posthoc_final_checkpoint_one_adam_step,False,4,4,5.0,248.17312722070312,0.04029445134527756,500000,500001,0.0010242217733207326,0.0010242217733207326,0.0007833438339286403,0.0007833438339286403,-9.998975679408664,-9.999216557348056,-9.999999901181985,248.3533691042103,248.3529785652645,248.17312476830557,0.008287068396696155,0.008030453904753687,True,raw/hopper-medium-v2/hopper-medium-v2_tau20_mpi4_seed1.npz,f603c5ec7609f0f947698dd41ebf1bd6f2e6f5247f814b2608ffac8217579bd2
p3|hopper-medium-replay-v2|4|0,p3,hopper-medium-replay-v2,4.0,0,1000000,1c7f0c6f4492ad6b47b6ab5cc66632b424a2d31a20bb3eec0c9a5c9e16743980,e0fbf015e1b4a01691545f4aa424e41541d51c4e2cdba8a98fb1df8eff408c36,2e5bcf0e682a725164dca57a12373abbef136bdb0286240b356e1cab4aad8898,e121c5f7c9857a307baa9edc6a2c3b48e85fedb9ac316ecddd0f48ca7ef4e39b,db016c04b35377c51070ccf26dac616822660c41587c845c1a244d9652d1c247,727dbf65be4a75ce7b6267cab479044fd49c3346739e002fa0caca337a899a89,6053aa0c3d8947128610c1ece7b84f18d5e640d16ce7bc66593e62e6127f7976,99.54513946449767,stable,within_run_online_critic,a3a79920a6c4fb4c272dffb313b2255afe1c8e9afc30bf7b2856b3ecf02b71ac,posthoc_final_checkpoint_one_adam_step,False,2,3,1.3333333333333333,171.79983620507812,0.015521939517354697,500000,500001,0.00457333079588329,0.00457333079588329,0.004238671136643113,0.004238671136643113,-2.661044839603929,-2.661379499263169,-2.6656181703998123,173.00480683917704,172.98713140550535,171.73228689748794,0.02432530836540957,0.023716291693774445,True,raw/hopper-medium-replay-v2/hopper-medium-replay-v2_tau4_mpi3_seed0.npz,17e5714faf6156e20ad99db417030b24e67cd35b84a178bad99f3236339f3ed9
p3|hopper-medium-replay-v2|4|0,p3,hopper-medium-replay-v2,4.0,0,1000000,1c7f0c6f4492ad6b47b6ab5cc66632b424a2d31a20bb3eec0c9a5c9e16743980,e0fbf015e1b4a01691545f4aa424e41541d51c4e2cdba8a98fb1df8eff408c36,2e5bcf0e682a725164dca57a12373abbef136bdb0286240b356e1cab4aad8898,e121c5f7c9857a307baa9edc6a2c3b48e85fedb9ac316ecddd0f48ca7ef4e39b,db016c04b35377c51070ccf26dac616822660c41587c845c1a244d9652d1c247,727dbf65be4a75ce7b6267cab479044fd49c3346739e002fa0caca337a899a89,6053aa0c3d8947128610c1ece7b84f18d5e640d16ce7bc66593e62e6127f7976,99.54513946449767,stable,within_run_online_critic,a3a79920a6c4fb4c272dffb313b2255afe1c8e9afc30bf7b2856b3ecf02b71ac,posthoc_final_checkpoint_one_adam_step,False,3,3,1.3333333333333333,173.0701456533203,0.015408010761187611,500000,500001,-0.0004654454532766472,0.0,-0.0005838506621045347,0.0,-2.6661253709685004,-2.6662437761773283,-2.665659925515224,174.0916357699316,174.09635741391685,173.00480683917704,0.01628042640735958,0.016234772339866834,True,raw/hopper-medium-replay-v2/hopper-medium-replay-v2_tau4_mpi3_seed0.npz,17e5714faf6156e20ad99db417030b24e67cd35b84a178bad99f3236339f3ed9
p4|hopper-medium-replay-v2|4|0,p4,hopper-medium-replay-v2,4.0,0,1000000,4cd9ca62ed7ae39eac89a9af7fbab92d9c4d9420c9039abd3421d6d40fe77b7c,15a6bbcf78501b69e0963885fd2636efab64b5d108eb87dca222775b38429a0b,d68780a8f10d5eb38bd470bf818fcaefb195beda1ccb7d6ca7a9c75b31881d7b,e121c5f7c9857a307baa9edc6a2c3b48e85fedb9ac316ecddd0f48ca7ef4e39b,db016c04b35377c51070ccf26dac616822660c41587c845c1a244d9652d1c247,727dbf65be4a75ce7b6267cab479044fd49c3346739e002fa0caca337a899a89,6053aa0c3d8947128610c1ece7b84f18d5e640d16ce7bc66593e62e6127f7976,98.72305424494554,stable,within_run_online_critic,5cd4024aa1f182ec9548876d0d865254218a781a46fc39ec60431d33110ffe3a,posthoc_final_checkpoint_one_adam_step,False,2,4,1.0,166.28045754296875,0.012027871642602243,500000,500001,0.006411446473279847,0.006411446473279847,0.006186157220340105,0.006186157220340105,-1.992837756488134,-1.9930630457410738,-1.999249202961414,167.30855201664963,167.29477036758908,166.21803610541974,0.019528031877768224,0.019136978718905,True,raw/hopper-medium-replay-v2/hopper-medium-replay-v2_tau4_mpi4_seed0.npz,f51f04c11eca45f22d6d031d280a07c36ac235b85db619005af3b39e3da4da31
p4|hopper-medium-replay-v2|4|0,p4,hopper-medium-replay-v2,4.0,0,1000000,4cd9ca62ed7ae39eac89a9af7fbab92d9c4d9420c9039abd3421d6d40fe77b7c,15a6bbcf78501b69e0963885fd2636efab64b5d108eb87dca222775b38429a0b,d68780a8f10d5eb38bd470bf818fcaefb195beda1ccb7d6ca7a9c75b31881d7b,e121c5f7c9857a307baa9edc6a2c3b48e85fedb9ac316ecddd0f48ca7ef4e39b,db016c04b35377c51070ccf26dac616822660c41587c845c1a244d9652d1c247,727dbf65be4a75ce7b6267cab479044fd49c3346739e002fa0caca337a899a89,6053aa0c3d8947128610c1ece7b84f18d5e640d16ce7bc66593e62e6127f7976,98.72305424494554,stable,within_run_online_critic,5cd4024aa1f182ec9548876d0d865254218a781a46fc39ec60431d33110ffe3a,posthoc_final_checkpoint_one_adam_step,False,3,4,1.0,167.36644081933593,0.011949826919955263,500000,500001,0.0014300915827003546,0.0014300915827003546,0.001189466777902215,0.001189466777902215,-1.9978781472445948,-1.998118772049393,-1.9993082388272951,168.46849414138705,168.4660335012304,167.30855201664963,0.015291199210477793,0.015021170181695506,True,raw/hopper-medium-replay-v2/hopper-medium-replay-v2_tau4_mpi4_seed0.npz,f51f04c11eca45f22d6d031d280a07c36ac235b85db619005af3b39e3da4da31
p4|hopper-medium-replay-v2|4|0,p4,hopper-medium-replay-v2,4.0,0,1000000,4cd9ca62ed7ae39eac89a9af7fbab92d9c4d9420c9039abd3421d6d40fe77b7c,15a6bbcf78501b69e0963885fd2636efab64b5d108eb87dca222775b38429a0b,d68780a8f10d5eb38bd470bf818fcaefb195beda1ccb7d6ca7a9c75b31881d7b,e121c5f7c9857a307baa9edc6a2c3b48e85fedb9ac316ecddd0f48ca7ef4e39b,db016c04b35377c51070ccf26dac616822660c41587c845c1a244d9652d1c247,727dbf65be4a75ce7b6267cab479044fd49c3346739e002fa0caca337a899a89,6053aa0c3d8947128610c1ece7b84f18d5e640d16ce7bc66593e62e6127f7976,98.72305424494554,stable,within_run_online_critic,5cd4024aa1f182ec9548876d0d865254218a781a46fc39ec60431d33110ffe3a,posthoc_final_checkpoint_one_adam_step,False,4,4,1.0,168.52414040429687,0.011867735952854655,500000,500001,0.0021436981544091793,0.0021436981544091793,0.00199551530782216,0.00199551530782216,-1.9971959066906138,-1.9973440895372008,-1.999339604845023,169.2207264029712,169.22468487315928,168.46849414138705,0.011070992010108395,0.010969787242490958,True,raw/hopper-medium-replay-v2/hopper-medium-replay-v2_tau4_mpi4_seed0.npz,f51f04c11eca45f22d6d031d280a07c36ac235b85db619005af3b39e3da4da31
p3|hopper-medium-replay-v2|4|1,p3,hopper-medium-replay-v2,4.0,1,1000000,7dde806dec3a4f68623692b3b1835ae6bc77ec64eee1247cfc1feef5e81c2a24,a26f1cd54db33235970ec0abccbdfb4bec4bee899eb9344f78e3fcdfec5be871,c7771bf3894de1fe4144d3fabd88dd1faa37d6ff3f5216668231eb3f49b50ae2,e121c5f7c9857a307baa9edc6a2c3b48e85fedb9ac316ecddd0f48ca7ef4e39b,db016c04b35377c51070ccf26dac616822660c41587c845c1a244d9652d1c247,727dbf65be4a75ce7b6267cab479044fd49c3346739e002fa0caca337a899a89,6053aa0c3d8947128610c1ece7b84f18d5e640d16ce7bc66593e62e6127f7976,98.35778305910094,stable,within_run_online_critic,3cbd0419012e31bc4ade15c062d0c30e45c0e2676a06e5729e60527960835b69,posthoc_final_checkpoint_one_adam_step,False,2,3,1.3333333333333333,171.78778176171875,0.015523028700408469,500000,500001,0.0052588689389425625,0.0052588689389425625,0.00487832689888501,0.00487832689888501,-2.6603834086252935,-2.660763950665351,-2.665642277564236,172.83167217753362,172.84437192964833,171.72179018738098,0.02248759892614863,0.022304195502656148,True,raw/hopper-medium-replay-v2/hopper-medium-replay-v2_tau4_mpi3_seed1.npz,8dbc1b71bb1e11bcbd8a1ea9bf45d480e3cb26d021bb76276ac794f0b0293e2f
p3|hopper-medium-replay-v2|4|1,p3,hopper-medium-replay-v2,4.0,1,1000000,7dde806dec3a4f68623692b3b1835ae6bc77ec64eee1247cfc1feef5e81c2a24,a26f1cd54db33235970ec0abccbdfb4bec4bee899eb9344f78e3fcdfec5be871,c7771bf3894de1fe4144d3fabd88dd1faa37d6ff3f5216668231eb3f49b50ae2,e121c5f7c9857a307baa9edc6a2c3b48e85fedb9ac316ecddd0f48ca7ef4e39b,db016c04b35377c51070ccf26dac616822660c41587c845c1a244d9652d1c247,727dbf65be4a75ce7b6267cab479044fd49c3346739e002fa0caca337a899a89,6053aa0c3d8947128610c1ece7b84f18d5e640d16ce7bc66593e62e6127f7976,98.35778305910094,stable,within_run_online_critic,3cbd0419012e31bc4ade15c062d0c30e45c0e2676a06e5729e60527960835b69,posthoc_final_checkpoint_one_adam_step,False,3,3,1.3333333333333333,172.88800148828125,0.015424243693669045,500000,500001,0.0015042843458505928,0.0015042843458505928,0.0012694146501006642,0.0012694146501006642,-2.664293545304748,-2.6645284150004978,-2.6657978296505984,173.80471780881635,173.80308038144722,172.83167217753362,0.01651277728781562,0.01625265151329377,True,raw/hopper-medium-replay-v2/hopper-medium-replay-v2_tau4_mpi3_seed1.npz,8dbc1b71bb1e11bcbd8a1ea9bf45d480e3cb26d021bb76276ac794f0b0293e2f
p4|hopper-medium-replay-v2|4|1,p4,hopper-medium-replay-v2,4.0,1,1000000,8ddc850d5db0dddd05dd590b436069112fb429b103a0f3e8acf7ada160e63ea6,8dec45d463d28f4ddcdf20647308b90d52aca2f028de00e138a14809918c966c,e873079f92106135cadc225891c6a62656bd46fa3a8a9a6fe4120309e92de7b3,e121c5f7c9857a307baa9edc6a2c3b48e85fedb9ac316ecddd0f48ca7ef4e39b,db016c04b35377c51070ccf26dac616822660c41587c845c1a244d9652d1c247,727dbf65be4a75ce7b6267cab479044fd49c3346739e002fa0caca337a899a89,6053aa0c3d8947128610c1ece7b84f18d5e640d16ce7bc66593e62e6127f7976,98.54267334588171,stable,within_run_online_critic,f2287396b82e56269a13c07b87c0134d3665f10743ee4f6930531db8d1bf6c60,posthoc_final_checkpoint_one_adam_step,False,2,4,1.0,164.15673928125,0.012183477868510758,500000,500001,0.007786703337728573,0.007786703337728573,0.0072253268770567924,0.0072253268770567924,-1.9915921258706177,-1.9921535023312895,-1.9993788292083463,165.20585230499273,165.21626206411747,164.1057545954027,0.02118971943571824,0.020755170044959373,True,raw/hopper-medium-replay-v2/hopper-medium-replay-v2_tau4_mpi4_seed1.npz,1c5dae60fd9a765c7cf5b56732842341f9e4450197b44b5cb96f94b09a46dd44
p4|hopper-medium-replay-v2|4|1,p4,hopper-medium-replay-v2,4.0,1,1000000,8ddc850d5db0dddd05dd590b436069112fb429b103a0f3e8acf7ada160e63ea6,8dec45d463d28f4ddcdf20647308b90d52aca2f028de00e138a14809918c966c,e873079f92106135cadc225891c6a62656bd46fa3a8a9a6fe4120309e92de7b3,e121c5f7c9857a307baa9edc6a2c3b48e85fedb9ac316ecddd0f48ca7ef4e39b,db016c04b35377c51070ccf26dac616822660c41587c845c1a244d9652d1c247,727dbf65be4a75ce7b6267cab479044fd49c3346739e002fa0caca337a899a89,6053aa0c3d8947128610c1ece7b84f18d5e640d16ce7bc66593e62e6127f7976,98.54267334588171,stable,within_run_online_critic,f2287396b82e56269a13c07b87c0134d3665f10743ee4f6930531db8d1bf6c60,posthoc_final_checkpoint_one_adam_step,False,3,4,1.0,165.25747780664062,0.012102326784510764,500000,500001,0.0016739883613536843,0.0016739883613536843,0.0016113016972512106,0.0016113016972512106,-1.9977012229472892,-1.9977639096113917,-1.999375211308643,166.17467312488589,166.16956011598813,165.20585230499273,0.013398974519338124,0.013274408550702924,True,raw/hopper-medium-replay-v2/hopper-medium-replay-v2_tau4_mpi4_seed1.npz,1c5dae60fd9a765c7cf5b56732842341f9e4450197b44b5cb96f94b09a46dd44
p4|hopper-medium-replay-v2|4|1,p4,hopper-medium-replay-v2,4.0,1,1000000,8ddc850d5db0dddd05dd590b436069112fb429b103a0f3e8acf7ada160e63ea6,8dec45d463d28f4ddcdf20647308b90d52aca2f028de00e138a14809918c966c,e873079f92106135cadc225891c6a62656bd46fa3a8a9a6fe4120309e92de7b3,e121c5f7c9857a307baa9edc6a2c3b48e85fedb9ac316ecddd0f48ca7ef4e39b,db016c04b35377c51070ccf26dac616822660c41587c845c1a244d9652d1c247,727dbf65be4a75ce7b6267cab479044fd49c3346739e002fa0caca337a899a89,6053aa0c3d8947128610c1ece7b84f18d5e640d16ce7bc66593e62e6127f7976,98.54267334588171,stable,within_run_online_critic,f2287396b82e56269a13c07b87c0134d3665f10743ee4f6930531db8d1bf6c60,posthoc_final_checkpoint_one_adam_step,False,4,4,1.0,166.22515969140625,0.012031872934957385,500000,500001,0.003390770189356518,0.003390770189356518,0.0029476463518669505,0.0029476463518669505,-1.9960017818573483,-1.996444905694838,-1.9993925520467049,166.97275548285688,166.9728276116948,166.17467312488589,0.012993195712094827,0.012550939719617953,True,raw/hopper-medium-replay-v2/hopper-medium-replay-v2_tau4_mpi4_seed1.npz,1c5dae60fd9a765c7cf5b56732842341f9e4450197b44b5cb96f94b09a46dd44
p3|hopper-medium-replay-v2|7|0,p3,hopper-medium-replay-v2,7.0,0,1000000,500f7f1fcb90410f8a09cd6c4fee280ce975e92fb56a250e387d79abec5b77cd,96221ae3a753cf6929dbc31ed254f22aebcf0bbb49e9357d9a2338d7313be6ef,44d333a228f337593128ff17eb6693612adeeab4af8a422b86163cc1357d978a,e121c5f7c9857a307baa9edc6a2c3b48e85fedb9ac316ecddd0f48ca7ef4e39b,db016c04b35377c51070ccf26dac616822660c41587c845c1a244d9652d1c247,727dbf65be4a75ce7b6267cab479044fd49c3346739e002fa0caca337a899a89,6053aa0c3d8947128610c1ece7b84f18d5e640d16ce7bc66593e62e6127f7976,99.1261234791178,stable,within_run_online_critic,b982b5d7e61ae1a5c466e585dbf2bcd51b487da393afe611e81b89b9c39073ee,posthoc_final_checkpoint_one_adam_step,False,2,3,2.3333333333333335,188.81051735742187,0.024716137278690778,500000,500001,0.0005472693065158296,0.0005472693065158296,0.00032124409385048125,0.00032124409385048125,-4.66577725270946,-4.666003277922125,-4.666324522015976,189.89990602253238,189.89097661717096,188.796674391313,0.027814893753927903,0.02736816813253325,True,raw/hopper-medium-replay-v2/hopper-medium-replay-v2_tau7_mpi3_seed0.npz,196f61e6d13bf89686ea60e6a4a041323efc5bd55aa676d8feee83ef3cce3749
p3|hopper-medium-replay-v2|7|0,p3,hopper-medium-replay-v2,7.0,0,1000000,500f7f1fcb90410f8a09cd6c4fee280ce975e92fb56a250e387d79abec5b77cd,96221ae3a753cf6929dbc31ed254f22aebcf0bbb49e9357d9a2338d7313be6ef,44d333a228f337593128ff17eb6693612adeeab4af8a422b86163cc1357d978a,e121c5f7c9857a307baa9edc6a2c3b48e85fedb9ac316ecddd0f48ca7ef4e39b,db016c04b35377c51070ccf26dac616822660c41587c845c1a244d9652d1c247,727dbf65be4a75ce7b6267cab479044fd49c3346739e002fa0caca337a899a89,6053aa0c3d8947128610c1ece7b84f18d5e640d16ce7bc66593e62e6127f7976,99.1261234791178,stable,within_run_online_critic,b982b5d7e61ae1a5c466e585dbf2bcd51b487da393afe611e81b89b9c39073ee,posthoc_final_checkpoint_one_adam_step,False,3,3,2.3333333333333335,189.91188149316406,0.024572799921602825,500000,500001,-0.00193015461301016,0.0,-0.002065954152642213,0.0,-4.668302550435878,-4.66843834997551,-4.666372395822868,190.8126432132558,190.81667437503347,189.89990602253238,0.020498353755641203,0.020461611147824025,True,raw/hopper-medium-replay-v2/hopper-medium-replay-v2_tau7_mpi3_seed0.npz,196f61e6d13bf89686ea60e6a4a041323efc5bd55aa676d8feee83ef3cce3749
p4|hopper-medium-replay-v2|7|0,p4,hopper-medium-replay-v2,7.0,0,1000000,ae97874a360f42ebf801737770703837f40992ff8e33e354b4a2c5e1b34ee045,f33ea0c14eac1ad07cce0ef17fac8bcd488d61cb923cd4f6e7754b6282b04cc5,6deb7d39481d4d0ca07ad0b974ff9a10f95c2a22f269ec4a1854e561ab96d95f,e121c5f7c9857a307baa9edc6a2c3b48e85fedb9ac316ecddd0f48ca7ef4e39b,db016c04b35377c51070ccf26dac616822660c41587c845c1a244d9652d1c247,727dbf65be4a75ce7b6267cab479044fd49c3346739e002fa0caca337a899a89,6053aa0c3d8947128610c1ece7b84f18d5e640d16ce7bc66593e62e6127f7976,99.75351680753077,stable,within_run_online_critic,678b309a54428cf658307361809a84a665cd0f18a1c85dee53ec9f9c31f34681,posthoc_final_checkpoint_one_adam_step,False,2,4,1.75,180.32692055566406,0.019409192976927732,500000,500001,0.002434663494347955,0.002434663494347955,0.0021354412437419867,0.0021354412437419867,-3.4970124096278576,-3.4973116318784636,-3.4994470731222056,181.46600504452363,181.4560751565732,180.2984326696169,0.02509630103344261,0.024604347671367727,True,raw/hopper-medium-replay-v2/hopper-medium-replay-v2_tau7_mpi4_seed0.npz,fb3965491ce482d8fbefe6956167e0237a14de902c1be0a5c0df5e9d2f36b5ee
p4|hopper-medium-replay-v2|7|0,p4,hopper-medium-replay-v2,7.0,0,1000000,ae97874a360f42ebf801737770703837f40992ff8e33e354b4a2c5e1b34ee045,f33ea0c14eac1ad07cce0ef17fac8bcd488d61cb923cd4f6e7754b6282b04cc5,6deb7d39481d4d0ca07ad0b974ff9a10f95c2a22f269ec4a1854e561ab96d95f,e121c5f7c9857a307baa9edc6a2c3b48e85fedb9ac316ecddd0f48ca7ef4e39b,db016c04b35377c51070ccf26dac616822660c41587c845c1a244d9652d1c247,727dbf65be4a75ce7b6267cab479044fd49c3346739e002fa0caca337a899a89,6053aa0c3d8947128610c1ece7b84f18d5e640d16ce7bc66593e62e6127f7976,99.75351680753077,stable,within_run_online_critic,678b309a54428cf658307361809a84a665cd0f18a1c85dee53ec9f9c31f34681,posthoc_final_checkpoint_one_adam_step,False,3,4,1.75,181.48809914453125,0.019285011064073758,500000,500001,-0.001504032149251433,0.0,-0.0018254320707682403,0.0,-3.501077947186154,-3.5013993471076708,-3.4995739150369025,182.4641608686652,182.465444103349,181.46600504452363,0.01774541396298844,0.017448761236546734,True,raw/hopper-medium-replay-v2/hopper-medium-replay-v2_tau7_mpi4_seed0.npz,fb3965491ce482d8fbefe6956167e0237a14de902c1be0a5c0df5e9d2f36b5ee
p4|hopper-medium-replay-v2|7|0,p4,hopper-medium-replay-v2,7.0,0,1000000,ae97874a360f42ebf801737770703837f40992ff8e33e354b4a2c5e1b34ee045,f33ea0c14eac1ad07cce0ef17fac8bcd488d61cb923cd4f6e7754b6282b04cc5,6deb7d39481d4d0ca07ad0b974ff9a10f95c2a22f269ec4a1854e561ab96d95f,e121c5f7c9857a307baa9edc6a2c3b48e85fedb9ac316ecddd0f48ca7ef4e39b,db016c04b35377c51070ccf26dac616822660c41587c845c1a244d9652d1c247,727dbf65be4a75ce7b6267cab479044fd49c3346739e002fa0caca337a899a89,6053aa0c3d8947128610c1ece7b84f18d5e640d16ce7bc66593e62e6127f7976,99.75351680753077,stable,within_run_online_critic,678b309a54428cf658307361809a84a665cd0f18a1c85dee53ec9f9c31f34681,posthoc_final_checkpoint_one_adam_step,False,4,4,1.75,182.485596703125,0.019179595887197292,500000,500001,0.0013185343911517045,0.0013185343911517045,0.0010641846381749254,0.0010641846381749254,-3.4982703349664046,-3.4985246847193814,-3.4995888693575563,183.16017729684245,183.16354251734447,182.4641608686652,0.014667848214441656,0.014478042030765123,True,raw/hopper-medium-replay-v2/hopper-medium-replay-v2_tau7_mpi4_seed0.npz,fb3965491ce482d8fbefe6956167e0237a14de902c1be0a5c0df5e9d2f36b5ee
p3|hopper-medium-replay-v2|7|1,p3,hopper-medium-replay-v2,7.0,1,1000000,c614664224346e8e8f71449b4a0f34c9b7b723a44b7fbe591192497d0a393f01,c94cae611de9ed2b893a9a0cef1275f9e13fcefc38e023617f57e720a5a3122d,bf070e2dcc5c883cee4d0d58a04e405ec6578c30344efd2de082f7969cc6e945,e121c5f7c9857a307baa9edc6a2c3b48e85fedb9ac316ecddd0f48ca7ef4e39b,db016c04b35377c51070ccf26dac616822660c41587c845c1a244d9652d1c247,727dbf65be4a75ce7b6267cab479044fd49c3346739e002fa0caca337a899a89,6053aa0c3d8947128610c1ece7b84f18d5e640d16ce7bc66593e62e6127f7976,96.83849982599703,stable,within_run_online_critic,81cc0f01070d2256cc0c5fce39e7ae90e7eecec28f7e821fc406979c7c27adce,posthoc_final_checkpoint_one_adam_step,False,2,3,2.3333333333333335,185.38990883691406,0.025172171969575184,500000,500001,0.0005359037646739395,0.0005359037646739395,-4.123830340319046e-05,0.0,-4.665287176324227,-4.6658643183923045,-4.665823080088901,186.4225152793224,186.4303817343316,185.35639617146808,0.02737243728763369,0.02699331097783895,True,raw/hopper-medium-replay-v2/hopper-medium-replay-v2_tau7_mpi3_seed1.npz,1d721b3be702768f0227bb30722648b2c4c4000b1f38a1fa813b94fad9082ef8
p3|hopper-medium-replay-v2|7|1,p3,hopper-medium-replay-v2,7.0,1,1000000,c614664224346e8e8f71449b4a0f34c9b7b723a44b7fbe591192497d0a393f01,c94cae611de9ed2b893a9a0cef1275f9e13fcefc38e023617f57e720a5a3122d,bf070e2dcc5c883cee4d0d58a04e405ec6578c30344efd2de082f7969cc6e945,e121c5f7c9857a307baa9edc6a2c3b48e85fedb9ac316ecddd0f48ca7ef4e39b,db016c04b35377c51070ccf26dac616822660c41587c845c1a244d9652d1c247,727dbf65be4a75ce7b6267cab479044fd49c3346739e002fa0caca337a899a89,6053aa0c3d8947128610c1ece7b84f18d5e640d16ce7bc66593e62e6127f7976,96.83849982599703,stable,within_run_online_critic,81cc0f01070d2256cc0c5fce39e7ae90e7eecec28f7e821fc406979c7c27adce,posthoc_final_checkpoint_one_adam_step,False,3,3,2.3333333333333335,186.45028786523437,0.025029012934749222,500000,500001,-0.0022002633952773465,0.0,-0.0024132052113765567,0.0,-4.668171809649922,-4.6683847514660215,-4.665971546254645,187.32712527137483,187.33045023336308,186.4225152793224,0.020441231796706493,0.020311510497218254,True,raw/hopper-medium-replay-v2/hopper-medium-replay-v2_tau7_mpi3_seed1.npz,1d721b3be702768f0227bb30722648b2c4c4000b1f38a1fa813b94fad9082ef8
p4|hopper-medium-replay-v2|7|1,p4,hopper-medium-replay-v2,7.0,1,1000000,f3cdc05d8d208c9ffb64acfbeb8cc8f5961898f251263eb089443798432cf0f4,64813c41742c009dc275abee81c80c7c8446065698229563dce16000082434af,f8d5429abc52be030d1edbe089cd6bf895401e43e7ee6c65380a7f4eaf7b6176,e121c5f7c9857a307baa9edc6a2c3b48e85fedb9ac316ecddd0f48ca7ef4e39b,db016c04b35377c51070ccf26dac616822660c41587c845c1a244d9652d1c247,727dbf65be4a75ce7b6267cab479044fd49c3346739e002fa0caca337a899a89,6053aa0c3d8947128610c1ece7b84f18d5e640d16ce7bc66593e62e6127f7976,99.64650942979311,stable,within_run_online_critic,11f61904d2f1c98d89264584bfff88e6496a7ee89ba559a2baf94df5c3a11646,posthoc_final_checkpoint_one_adam_step,False,2,4,1.75,178.79379372460937,0.01957562355542913,500000,500001,0.0033128701989384446,0.0033128701989384446,0.002801089971975479,0.002801089971975479,-3.4959051963198235,-3.4964169765467865,-3.499218066518762,179.89352852315642,179.90331668197177,178.7538494807377,0.025622798107339206,0.02530262719264666,True,raw/hopper-medium-replay-v2/hopper-medium-replay-v2_tau7_mpi4_seed1.npz,7e82ed8e90768754b7384a2815d63003d50a9b0e8d3ac18df947307110236b7a
p4|hopper-medium-replay-v2|7|1,p4,hopper-medium-replay-v2,7.0,1,1000000,f3cdc05d8d208c9ffb64acfbeb8cc8f5961898f251263eb089443798432cf0f4,64813c41742c009dc275abee81c80c7c8446065698229563dce16000082434af,f8d5429abc52be030d1edbe089cd6bf895401e43e7ee6c65380a7f4eaf7b6176,e121c5f7c9857a307baa9edc6a2c3b48e85fedb9ac316ecddd0f48ca7ef4e39b,db016c04b35377c51070ccf26dac616822660c41587c845c1a244d9652d1c247,727dbf65be4a75ce7b6267cab479044fd49c3346739e002fa0caca337a899a89,6053aa0c3d8947128610c1ece7b84f18d5e640d16ce7bc66593e62e6127f7976,99.64650942979311,stable,within_run_online_critic,11f61904d2f1c98d89264584bfff88e6496a7ee89ba559a2baf94df5c3a11646,posthoc_final_checkpoint_one_adam_step,False,3,4,1.75,179.93087868554687,0.01945191412151505,500000,500001,-0.0011037597523029241,0.0,-0.00129510306722036,0.0,-3.5003772276010596,-3.500568570915977,-3.4992734678487567,180.93438391308882,180.9299608670699,179.89352852315642,0.01914286990557803,0.018865489879345047,True,raw/hopper-medium-replay-v2/hopper-medium-replay-v2_tau7_mpi4_seed1.npz,7e82ed8e90768754b7384a2815d63003d50a9b0e8d3ac18df947307110236b7a
p4|hopper-medium-replay-v2|7|1,p4,hopper-medium-replay-v2,7.0,1,1000000,f3cdc05d8d208c9ffb64acfbeb8cc8f5961898f251263eb089443798432cf0f4,64813c41742c009dc275abee81c80c7c8446065698229563dce16000082434af,f8d5429abc52be030d1edbe089cd6bf895401e43e7ee6c65380a7f4eaf7b6176,e121c5f7c9857a307baa9edc6a2c3b48e85fedb9ac316ecddd0f48ca7ef4e39b,db016c04b35377c51070ccf26dac616822660c41587c845c1a244d9652d1c247,727dbf65be4a75ce7b6267cab479044fd49c3346739e002fa0caca337a899a89,6053aa0c3d8947128610c1ece7b84f18d5e640d16ce7bc66593e62e6127f7976,99.64650942979311,stable,within_run_online_critic,11f61904d2f1c98d89264584bfff88e6496a7ee89ba559a2baf94df5c3a11646,posthoc_final_checkpoint_one_adam_step,False,4,4,1.75,180.97001747949218,0.019340220268236563,500000,500001,0.0008670611843619724,0.0008670611843619724,0.0006079367588340823,0.0006079367588340823,-3.498443777792454,-3.498702902217982,-3.499310838976816,181.7665066041809,181.7609289784741,180.93438391308882,0.016960497320280644,0.016593500385009622,True,raw/hopper-medium-replay-v2/hopper-medium-replay-v2_tau7_mpi4_seed1.npz,7e82ed8e90768754b7384a2815d63003d50a9b0e8d3ac18df947307110236b7a
p3|hopper-medium-replay-v2|10|0,p3,hopper-medium-replay-v2,10.0,0,1000000,7a31fdb685b37fab1816433ebe3950dfb150240965f50ee79ef76c7f3ccfde95,314abf5b9c951048e971ded3f3b4721857877c40c5c324c3879ace4fdf90fe28,f24ca52110fd0db2be8d3fe03e9ddd6ea46c134023f52e3c88f4f65205b294bc,e121c5f7c9857a307baa9edc6a2c3b48e85fedb9ac316ecddd0f48ca7ef4e39b,db016c04b35377c51070ccf26dac616822660c41587c845c1a244d9652d1c247,727dbf65be4a75ce7b6267cab479044fd49c3346739e002fa0caca337a899a89,6053aa0c3d8947128610c1ece7b84f18d5e640d16ce7bc66593e62e6127f7976,99.281114953505,stable,within_run_online_critic,6afbb87d2febee24be7ed698ab43c9d15b7088562aca5c8da649a589b1ced8fa,posthoc_final_checkpoint_one_adam_step,False,2,3,3.3333333333333335,197.95877175195312,0.03367704602158349,500000,500001,-0.004271664665238539,0.0,-0.004480573280373434,0.0,-6.670938368077274,-6.671147276692409,-6.6666667034120355,199.05192402011016,199.0448028431856,197.95877284306334,0.0325424378327153,0.03209370901456384,True,raw/hopper-medium-replay-v2/hopper-medium-replay-v2_tau10_mpi3_seed0.npz,4314f7d7082ee93d34eea64a51007bb3af90bd2be47d3d7134ab5aa7f631d486
p3|hopper-medium-replay-v2|10|0,p3,hopper-medium-replay-v2,10.0,0,1000000,7a31fdb685b37fab1816433ebe3950dfb150240965f50ee79ef76c7f3ccfde95,314abf5b9c951048e971ded3f3b4721857877c40c5c324c3879ace4fdf90fe28,f24ca52110fd0db2be8d3fe03e9ddd6ea46c134023f52e3c88f4f65205b294bc,e121c5f7c9857a307baa9edc6a2c3b48e85fedb9ac316ecddd0f48ca7ef4e39b,db016c04b35377c51070ccf26dac616822660c41587c845c1a244d9652d1c247,727dbf65be4a75ce7b6267cab479044fd49c3346739e002fa0caca337a899a89,6053aa0c3d8947128610c1ece7b84f18d5e640d16ce7bc66593e62e6127f7976,99.281114953505,stable,within_run_online_critic,6afbb87d2febee24be7ed698ab43c9d15b7088562aca5c8da649a589b1ced8fa,posthoc_final_checkpoint_one_adam_step,False,3,3,3.3333333333333335,199.05192665917968,0.033492098160302936,500000,500001,-0.005391046804057886,0.0,-0.005540859019300015,0.0,-6.672057625082749,-6.672207437297991,-6.666666578278691,199.90651848196285,199.90806206600973,199.05192402011016,0.02323111479956326,0.023133000452738497,True,raw/hopper-medium-replay-v2/hopper-medium-replay-v2_tau10_mpi3_seed0.npz,4314f7d7082ee93d34eea64a51007bb3af90bd2be47d3d7134ab5aa7f631d486
p4|hopper-medium-replay-v2|10|0,p4,hopper-medium-replay-v2,10.0,0,1000000,0beb94e7cabc763f57f8c30acb5769122bb10d4233f66715450c000d16615de6,881b256b87cf12cb5fae0bfee01c1609802c5ee8d0a7a27f2894d2fa390280fb,12760448813da7b9e1f6450263576b7aaa8e625edc39396bc87bcd5e600ac2d6,e121c5f7c9857a307baa9edc6a2c3b48e85fedb9ac316ecddd0f48ca7ef4e39b,db016c04b35377c51070ccf26dac616822660c41587c845c1a244d9652d1c247,727dbf65be4a75ce7b6267cab479044fd49c3346739e002fa0caca337a899a89,6053aa0c3d8947128610c1ece7b84f18d5e640d16ce7bc66593e62e6127f7976,100.34815828470234,stable,within_run_online_critic,3382245b5a167bea5b114e7818d57f3f0843892b6bc1c739dfbc52ba7430cc74,posthoc_final_checkpoint_one_adam_step,False,2,4,2.5,189.56411843164062,0.026376299699370942,500000,500001,-0.0005445199744151807,0.0,-0.0007297905802143845,0.0,-5.000069573016455,-5.000254843622254,-4.999525053042039,190.6207036285923,190.61020750395255,189.5461118513631,0.027799234796262538,0.027337115261282564,True,raw/hopper-medium-replay-v2/hopper-medium-replay-v2_tau10_mpi4_seed0.npz,9351a387eb6533db0cb0663e9579c36d8c5d33d735d6c47aec57fb87271f339a
p4|hopper-medium-replay-v2|10|0,p4,hopper-medium-replay-v2,10.0,0,1000000,0beb94e7cabc763f57f8c30acb5769122bb10d4233f66715450c000d16615de6,881b256b87cf12cb5fae0bfee01c1609802c5ee8d0a7a27f2894d2fa390280fb,12760448813da7b9e1f6450263576b7aaa8e625edc39396bc87bcd5e600ac2d6,e121c5f7c9857a307baa9edc6a2c3b48e85fedb9ac316ecddd0f48ca7ef4e39b,db016c04b35377c51070ccf26dac616822660c41587c845c1a244d9652d1c247,727dbf65be4a75ce7b6267cab479044fd49c3346739e002fa0caca337a899a89,6053aa0c3d8947128610c1ece7b84f18d5e640d16ce7bc66593e62e6127f7976,100.34815828470234,stable,within_run_online_critic,3382245b5a167bea5b114e7818d57f3f0843892b6bc1c739dfbc52ba7430cc74,posthoc_final_checkpoint_one_adam_step,False,3,4,2.5,190.63279824121093,0.026228435222743856,500000,500001,-0.0021340854624334327,0.0,-0.0023329429814369362,0.0,-5.0018168626988215,-5.002015720217825,-4.999682777236388,191.5111338912975,191.51151889906032,190.6207036285923,0.021220507003300044,0.021031747635464348,True,raw/hopper-medium-replay-v2/hopper-medium-replay-v2_tau10_mpi4_seed0.npz,9351a387eb6533db0cb0663e9579c36d8c5d33d735d6c47aec57fb87271f339a
p4|hopper-medium-replay-v2|10|0,p4,hopper-medium-replay-v2,10.0,0,1000000,0beb94e7cabc763f57f8c30acb5769122bb10d4233f66715450c000d16615de6,881b256b87cf12cb5fae0bfee01c1609802c5ee8d0a7a27f2894d2fa390280fb,12760448813da7b9e1f6450263576b7aaa8e625edc39396bc87bcd5e600ac2d6,e121c5f7c9857a307baa9edc6a2c3b48e85fedb9ac316ecddd0f48ca7ef4e39b,db016c04b35377c51070ccf26dac616822660c41587c845c1a244d9652d1c247,727dbf65be4a75ce7b6267cab479044fd49c3346739e002fa0caca337a899a89,6053aa0c3d8947128610c1ece7b84f18d5e640d16ce7bc66593e62e6127f7976,100.34815828470234,stable,within_run_online_critic,3382245b5a167bea5b114e7818d57f3f0843892b6bc1c739dfbc52ba7430cc74,posthoc_final_checkpoint_one_adam_step,False,4,4,2.5,191.52108864648437,0.026106785604321395,500000,500001,0.0009779780607415134,0.0009779780607415134,0.0007906654592781948,0.0007906654592781948,-4.9987621352798515,-4.998949447881315,-4.999740113340593,192.1251827904489,192.1299475270789,191.5111338912975,0.017008821021456927,0.016945900377653856,True,raw/hopper-medium-replay-v2/hopper-medium-replay-v2_tau10_mpi4_seed0.npz,9351a387eb6533db0cb0663e9579c36d8c5d33d735d6c47aec57fb87271f339a
p3|hopper-medium-replay-v2|10|1,p3,hopper-medium-replay-v2,10.0,1,1000000,55640b6dcf951a32414dc44d8e23419dea57bbc6a00ec880dadcfdcd265444a6,da0db37185fb1e8e73b8d0d6af16d506df24bb7b35c5e738f5fdc4619fefaea9,6016945d1b32fe818fd6c6519e03d4168d33eab57152fa229e8013c1d820b057,e121c5f7c9857a307baa9edc6a2c3b48e85fedb9ac316ecddd0f48ca7ef4e39b,db016c04b35377c51070ccf26dac616822660c41587c845c1a244d9652d1c247,727dbf65be4a75ce7b6267cab479044fd49c3346739e002fa0caca337a899a89,6053aa0c3d8947128610c1ece7b84f18d5e640d16ce7bc66593e62e6127f7976,100.05549483118752,stable,within_run_online_critic,a20530e3b39d46f29aa2f36dd611af576624bc019e167caeb3a6d7006fc670f2,posthoc_final_checkpoint_one_adam_step,False,2,3,3.3333333333333335,194.16391091210937,0.034335251259356915,500000,500001,-0.003940267166457012,0.0,-0.004482353583690646,0.0,-6.670420443380072,-6.670962529797306,-6.666480176213615,195.19758062245091,195.20842967362842,194.15847945475252,0.03173753251035799,0.03156795099123006,True,raw/hopper-medium-replay-v2/hopper-medium-replay-v2_tau10_mpi3_seed1.npz,be47200ec40c6605b67e627af1f0ad4114104838d0af29c70994e240433791f6
p3|hopper-medium-replay-v2|10|1,p3,hopper-medium-replay-v2,10.0,1,1000000,55640b6dcf951a32414dc44d8e23419dea57bbc6a00ec880dadcfdcd265444a6,da0db37185fb1e8e73b8d0d6af16d506df24bb7b35c5e738f5fdc4619fefaea9,6016945d1b32fe818fd6c6519e03d4168d33eab57152fa229e8013c1d820b057,e121c5f7c9857a307baa9edc6a2c3b48e85fedb9ac316ecddd0f48ca7ef4e39b,db016c04b35377c51070ccf26dac616822660c41587c845c1a244d9652d1c247,727dbf65be4a75ce7b6267cab479044fd49c3346739e002fa0caca337a899a89,6053aa0c3d8947128610c1ece7b84f18d5e640d16ce7bc66593e62e6127f7976,100.05549483118752,stable,within_run_online_critic,a20530e3b39d46f29aa2f36dd611af576624bc019e167caeb3a6d7006fc670f2,posthoc_final_checkpoint_one_adam_step,False,3,3,3.3333333333333335,195.20169167382812,0.0341527094847432,500000,500001,-0.003596435506028506,0.0,-0.003602403334753035,0.0,-6.670122698629333,-6.670128666458058,-6.666526263123305,195.97853547235718,195.97523078270024,195.19758062245091,0.023075288603522325,0.022956456669006597,True,raw/hopper-medium-replay-v2/hopper-medium-replay-v2_tau10_mpi3_seed1.npz,be47200ec40c6605b67e627af1f0ad4114104838d0af29c70994e240433791f6
p4|hopper-medium-replay-v2|10|1,p4,hopper-medium-replay-v2,10.0,1,1000000,f5e0d997ac44cbf9b36b3c09f9f56d3253b13869d4d34c2bb1c0b41d00a13801,e521cf7e2c6b3af0da2e90b3b1e25e456b88d03c03284cfa55bf73901c9db50c,e750df91e901f76e79a99c4332f569511c1692d521435a07e5aef9287aa3fd2d,e121c5f7c9857a307baa9edc6a2c3b48e85fedb9ac316ecddd0f48ca7ef4e39b,db016c04b35377c51070ccf26dac616822660c41587c845c1a244d9652d1c247,727dbf65be4a75ce7b6267cab479044fd49c3346739e002fa0caca337a899a89,6053aa0c3d8947128610c1ece7b84f18d5e640d16ce7bc66593e62e6127f7976,100.57373205726077,stable,within_run_online_critic,2a6e446277d65ec2087cf1484279fdc2f2eaf4e89f54052e4f093dc36a0495e3,posthoc_final_checkpoint_one_adam_step,False,2,4,2.5,189.406006859375,0.02639831799902874,500000,500001,0.0011005666586711982,0.0011005666586711982,0.000222656226110729,0.000222656226110729,-4.998367192526098,-4.999245102958659,-4.999467759184769,190.40845334139885,190.4173428568174,189.38584493787494,0.028095708483375403,0.027452466305691554,True,raw/hopper-medium-replay-v2/hopper-medium-replay-v2_tau10_mpi4_seed1.npz,444e42e8eaef072f8ff3c64d38388f7dddaa3377ddd270608e66cef9974cb7c7
p4|hopper-medium-replay-v2|10|1,p4,hopper-medium-replay-v2,10.0,1,1000000,f5e0d997ac44cbf9b36b3c09f9f56d3253b13869d4d34c2bb1c0b41d00a13801,e521cf7e2c6b3af0da2e90b3b1e25e456b88d03c03284cfa55bf73901c9db50c,e750df91e901f76e79a99c4332f569511c1692d521435a07e5aef9287aa3fd2d,e121c5f7c9857a307baa9edc6a2c3b48e85fedb9ac316ecddd0f48ca7ef4e39b,db016c04b35377c51070ccf26dac616822660c41587c845c1a244d9652d1c247,727dbf65be4a75ce7b6267cab479044fd49c3346739e002fa0caca337a899a89,6053aa0c3d8947128610c1ece7b84f18d5e640d16ce7bc66593e62e6127f7976,100.57373205726077,stable,within_run_online_critic,2a6e446277d65ec2087cf1484279fdc2f2eaf4e89f54052e4f093dc36a0495e3,posthoc_final_checkpoint_one_adam_step,False,3,4,2.5,190.42599587304687,0.026256919267122533,500000,500001,-0.002669591673486238,0.0,-0.0026168656801459633,0.0,-5.002208978836263,-5.002156252842923,-4.999539387162777,191.2590427500545,191.2530603305786,190.40845334139885,0.01966426575905569,0.019559911847194387,True,raw/hopper-medium-replay-v2/hopper-medium-replay-v2_tau10_mpi4_seed1.npz,444e42e8eaef072f8ff3c64d38388f7dddaa3377ddd270608e66cef9974cb7c7
p4|hopper-medium-replay-v2|10|1,p4,hopper-medium-replay-v2,10.0,1,1000000,f5e0d997ac44cbf9b36b3c09f9f56d3253b13869d4d34c2bb1c0b41d00a13801,e521cf7e2c6b3af0da2e90b3b1e25e456b88d03c03284cfa55bf73901c9db50c,e750df91e901f76e79a99c4332f569511c1692d521435a07e5aef9287aa3fd2d,e121c5f7c9857a307baa9edc6a2c3b48e85fedb9ac316ecddd0f48ca7ef4e39b,db016c04b35377c51070ccf26dac616822660c41587c845c1a244d9652d1c247,727dbf65be4a75ce7b6267cab479044fd49c3346739e002fa0caca337a899a89,6053aa0c3d8947128610c1ece7b84f18d5e640d16ce7bc66593e62e6127f7976,100.57373205726077,stable,within_run_online_critic,2a6e446277d65ec2087cf1484279fdc2f2eaf4e89f54052e4f093dc36a0495e3,posthoc_final_checkpoint_one_adam_step,False,4,4,2.5,191.27621559960937,0.026140207679904617,500000,500001,0.004710033920737544,0.004710033920737544,0.0035246440067151497,0.0035246440067151497,-4.994841064225443,-4.996026454139465,-4.99955109814618,191.92462840653025,191.92205764562823,191.2590427500545,0.022108581209779304,0.020855991071882077,True,raw/hopper-medium-replay-v2/hopper-medium-replay-v2_tau10_mpi4_seed1.npz,444e42e8eaef072f8ff3c64d38388f7dddaa3377ddd270608e66cef9974cb7c7
p3|hopper-medium-replay-v2|14|0,p3,hopper-medium-replay-v2,14.0,0,1000000,51b95a71257786b1f412721cdb0a4bc4161852c322dde50f028ed02209412ddb,372d44e9891de4d9cd8b4fbe42e3a6b51fc0cbea39a1679661f84d0634c80fc7,5b51f3e84ae414da1003ec80a873dabe6f96de969270dff1f9535985df33a014,e121c5f7c9857a307baa9edc6a2c3b48e85fedb9ac316ecddd0f48ca7ef4e39b,db016c04b35377c51070ccf26dac616822660c41587c845c1a244d9652d1c247,727dbf65be4a75ce7b6267cab479044fd49c3346739e002fa0caca337a899a89,6053aa0c3d8947128610c1ece7b84f18d5e640d16ce7bc66593e62e6127f7976,100.76144225906218,stable,within_run_online_critic,f75cb55db55e7123a2cd8b577b3d8aea039ac1108d08b0bbe3b065aedfe91b20,posthoc_final_checkpoint_one_adam_step,False,2,3,4.666666666666667,204.81170754296875,0.04557031160621145,500000,500001,-0.00845801837210658,0.0,-0.008701635512364803,0.0,-9.341790709297435,-9.342034326437693,-9.333332690925328,205.73250184976496,205.72749525937252,204.8116934458958,0.03350350752182942,0.03303173849730253,True,raw/hopper-medium-replay-v2/hopper-medium-replay-v2_tau14_mpi3_seed0.npz,1606dc4029b13e2ae910daff99f136591d381d28277deae2da6fbc3e83e9d6d2
p3|hopper-medium-replay-v2|14|0,p3,hopper-medium-replay-v2,14.0,0,1000000,51b95a71257786b1f412721cdb0a4bc4161852c322dde50f028ed02209412ddb,372d44e9891de4d9cd8b4fbe42e3a6b51fc0cbea39a1679661f84d0634c80fc7,5b51f3e84ae414da1003ec80a873dabe6f96de969270dff1f9535985df33a014,e121c5f7c9857a307baa9edc6a2c3b48e85fedb9ac316ecddd0f48ca7ef4e39b,db016c04b35377c51070ccf26dac616822660c41587c845c1a244d9652d1c247,727dbf65be4a75ce7b6267cab479044fd49c3346739e002fa0caca337a899a89,6053aa0c3d8947128610c1ece7b84f18d5e640d16ce7bc66593e62e6127f7976,100.76144225906218,stable,within_run_online_critic,f75cb55db55e7123a2cd8b577b3d8aea039ac1108d08b0bbe3b065aedfe91b20,posthoc_final_checkpoint_one_adam_step,False,3,3,4.666666666666667,205.73256020410156,0.045366340282131296,500000,500001,-0.004182969283725413,0.0,-0.004427667576887728,0.0,-9.33751365529437,-9.337758353587532,-9.333330686010644,206.39455069159158,206.3958149778191,205.73250184976496,0.025851763757971286,0.025664421504020114,True,raw/hopper-medium-replay-v2/hopper-medium-replay-v2_tau14_mpi3_seed0.npz,1606dc4029b13e2ae910daff99f136591d381d28277deae2da6fbc3e83e9d6d2
p4|hopper-medium-replay-v2|14|0,p4,hopper-medium-replay-v2,14.0,0,1000000,db0e4dbd7ce70c773677c207d32468a072faf2d776805921964f4dc4013e42a5,e4ce64aa0b6ee3ca2963ea831582475ae1eff28fcb785ce27b16e2a8d818dca5,9c23a8e1e21e4bae81351273cf78145c667a9e084864aee66c3fc24a058a8c20,e121c5f7c9857a307baa9edc6a2c3b48e85fedb9ac316ecddd0f48ca7ef4e39b,db016c04b35377c51070ccf26dac616822660c41587c845c1a244d9652d1c247,727dbf65be4a75ce7b6267cab479044fd49c3346739e002fa0caca337a899a89,6053aa0c3d8947128610c1ece7b84f18d5e640d16ce7bc66593e62e6127f7976,99.17297844727486,stable,within_run_online_critic,8d8b51519a791ecdfc2bd1e0f68558d4257debe37fea253417b0b1d53633a97d,posthoc_final_checkpoint_one_adam_step,False,2,4,3.5,198.50778298242187,0.03526310099700151,500000,500001,-0.007504605835608302,0.0,-0.007716464206444229,0.0,-7.007504395048983,-7.007716253419819,-6.9999997892133745,199.60721090552397,199.59560499945655,198.50777700488106,0.031264842842289746,0.030643724233636916,True,raw/hopper-medium-replay-v2/hopper-medium-replay-v2_tau14_mpi4_seed0.npz,82a271d8656a7be10a81c11c03c543b2119891e111b8525b9dbd7820bfefc5d5
p4|hopper-medium-replay-v2|14|0,p4,hopper-medium-replay-v2,14.0,0,1000000,db0e4dbd7ce70c773677c207d32468a072faf2d776805921964f4dc4013e42a5,e4ce64aa0b6ee3ca2963ea831582475ae1eff28fcb785ce27b16e2a8d818dca5,9c23a8e1e21e4bae81351273cf78145c667a9e084864aee66c3fc24a058a8c20,e121c5f7c9857a307baa9edc6a2c3b48e85fedb9ac316ecddd0f48ca7ef4e39b,db016c04b35377c51070ccf26dac616822660c41587c845c1a244d9652d1c247,727dbf65be4a75ce7b6267cab479044fd49c3346739e002fa0caca337a899a89,6053aa0c3d8947128610c1ece7b84f18d5e640d16ce7bc66593e62e6127f7976,99.17297844727486,stable,within_run_online_critic,8d8b51519a791ecdfc2bd1e0f68558d4257debe37fea253417b0b1d53633a97d,posthoc_final_checkpoint_one_adam_step,False,3,4,3.5,199.60720925195312,0.03506887364556201,500000,500001,-0.005762321111851598,0.0,-0.00602571580809208,0.0,-7.005762379100719,-7.006025773796959,-7.000000057988867,200.49158279123367,200.49573508641333,199.60721090552397,0.025251604803789313,0.02513382642254347,True,raw/hopper-medium-replay-v2/hopper-medium-replay-v2_tau14_mpi4_seed0.npz,82a271d8656a7be10a81c11c03c543b2119891e111b8525b9dbd7820bfefc5d5
p4|hopper-medium-replay-v2|14|0,p4,hopper-medium-replay-v2,14.0,0,1000000,db0e4dbd7ce70c773677c207d32468a072faf2d776805921964f4dc4013e42a5,e4ce64aa0b6ee3ca2963ea831582475ae1eff28fcb785ce27b16e2a8d818dca5,9c23a8e1e21e4bae81351273cf78145c667a9e084864aee66c3fc24a058a8c20,e121c5f7c9857a307baa9edc6a2c3b48e85fedb9ac316ecddd0f48ca7ef4e39b,db016c04b35377c51070ccf26dac616822660c41587c845c1a244d9652d1c247,727dbf65be4a75ce7b6267cab479044fd49c3346739e002fa0caca337a899a89,6053aa0c3d8947128610c1ece7b84f18d5e640d16ce7bc66593e62e6127f7976,99.17297844727486,stable,within_run_online_critic,8d8b51519a791ecdfc2bd1e0f68558d4257debe37fea253417b0b1d53633a97d,posthoc_final_checkpoint_one_adam_step,False,4,4,3.5,200.4915781484375,0.034914184748535554,500000,500001,0.0006667182039290509,0.0006667182039290509,0.0004542827333366972,0.0004542827333366972,-6.999333443895515,-6.999545879366107,-7.000000162099444,200.99680364507367,201.00102168883313,200.49158279123367,0.018306092433711375,0.018240926522214488,True,raw/hopper-medium-replay-v2/hopper-medium-replay-v2_tau14_mpi4_seed0.npz,82a271d8656a7be10a81c11c03c543b2119891e111b8525b9dbd7820bfefc5d5
p3|hopper-medium-replay-v2|14|1,p3,hopper-medium-replay-v2,14.0,1,1000000,4bbd12ef21f1585bd02a2286520aabfc3d1fcebdb24cd9d235f1303924cd3067,9b15c505ced513e3db210f6f17a77f719d9176b030cb9d8cd566b5a6a611001e,b93572d48b7f7fc6f5f760f656f447acf5dfd244a0325352c87bfdc855583154,e121c5f7c9857a307baa9edc6a2c3b48e85fedb9ac316ecddd0f48ca7ef4e39b,db016c04b35377c51070ccf26dac616822660c41587c845c1a244d9652d1c247,727dbf65be4a75ce7b6267cab479044fd49c3346739e002fa0caca337a899a89,6053aa0c3d8947128610c1ece7b84f18d5e640d16ce7bc66593e62e6127f7976,100.23296510840105,stable,within_run_online_critic,66d623996304b5e133e78a138b50fba8ae9ef7ff7b217328d4edbc90d3f57d12,posthoc_final_checkpoint_one_adam_step,False,2,3,4.666666666666667,206.77882485253906,0.0451367945435866,500000,500001,-0.009163437857001355,0.0,-0.009733725290033135,0.0,-9.341968323956838,-9.34253861138987,-9.332804886099836,207.7763703778037,207.78241496096598,206.76711717061698,0.036391016798239806,0.03609356247350627,True,raw/hopper-medium-replay-v2/hopper-medium-replay-v2_tau14_mpi3_seed1.npz,8184a07acd8e222f354b8eb565bc65d13342c3c0eac51da7d8bff94a8949a12b
p3|hopper-medium-replay-v2|14|1,p3,hopper-medium-replay-v2,14.0,1,1000000,4bbd12ef21f1585bd02a2286520aabfc3d1fcebdb24cd9d235f1303924cd3067,9b15c505ced513e3db210f6f17a77f719d9176b030cb9d8cd566b5a6a611001e,b93572d48b7f7fc6f5f760f656f447acf5dfd244a0325352c87bfdc855583154,e121c5f7c9857a307baa9edc6a2c3b48e85fedb9ac316ecddd0f48ca7ef4e39b,db016c04b35377c51070ccf26dac616822660c41587c845c1a244d9652d1c247,727dbf65be4a75ce7b6267cab479044fd49c3346739e002fa0caca337a899a89,6053aa0c3d8947128610c1ece7b84f18d5e640d16ce7bc66593e62e6127f7976,100.23296510840105,stable,within_run_online_critic,66d623996304b5e133e78a138b50fba8ae9ef7ff7b217328d4edbc90d3f57d12,posthoc_final_checkpoint_one_adam_step,False,3,3,4.666666666666667,207.783204125,0.04491861299683543,500000,500001,-0.006405618317872452,0.0,-0.006389909689701767,0.0,-9.339431989205577,-9.339416280577407,-9.333026370887705,208.51629175664857,208.5173090910539,207.7763703778037,0.026830623746545962,0.026892029625158038,True,raw/hopper-medium-replay-v2/hopper-medium-replay-v2_tau14_mpi3_seed1.npz,8184a07acd8e222f354b8eb565bc65d13342c3c0eac51da7d8bff94a8949a12b
p4|hopper-medium-replay-v2|14|1,p4,hopper-medium-replay-v2,14.0,1,1000000,49e5152b46fd10bd1da349c472eb12e0e97ffe2285a8692bfc567ea05b46d8db,007cb65b586a9f08dacc7d9e3e262b6744f81258b204ab5cbde86eee45c0bef4,c4acad2ac1cf904f16ebfe3d2e9eb288caa68ce3319b746385dcf5ec16677618,e121c5f7c9857a307baa9edc6a2c3b48e85fedb9ac316ecddd0f48ca7ef4e39b,db016c04b35377c51070ccf26dac616822660c41587c845c1a244d9652d1c247,727dbf65be4a75ce7b6267cab479044fd49c3346739e002fa0caca337a899a89,6053aa0c3d8947128610c1ece7b84f18d5e640d16ce7bc66593e62e6127f7976,100.89983846304733,stable,within_run_online_critic,3408371df36fdd1b1c3616ddae95ba896f78e363ba3ba5bbfb4d0e6e2a67921a,posthoc_final_checkpoint_one_adam_step,False,2,4,3.5,196.38177590234375,0.03564485537334657,500000,500001,-0.00292613666666508,0.0,-0.0036454658886064806,0.0,-7.002512313334506,-7.003231642556448,-6.999586176667841,197.2884601023834,197.30225670662185,196.370166279361,0.029806313845205695,0.02957876258598721,True,raw/hopper-medium-replay-v2/hopper-medium-replay-v2_tau14_mpi4_seed1.npz,984acaa0c34fe8406d492d97ef53dfe4b38a9a56a759d6af364bde7fda183d6a
p4|hopper-medium-replay-v2|14|1,p4,hopper-medium-replay-v2,14.0,1,1000000,49e5152b46fd10bd1da349c472eb12e0e97ffe2285a8692bfc567ea05b46d8db,007cb65b586a9f08dacc7d9e3e262b6744f81258b204ab5cbde86eee45c0bef4,c4acad2ac1cf904f16ebfe3d2e9eb288caa68ce3319b746385dcf5ec16677618,e121c5f7c9857a307baa9edc6a2c3b48e85fedb9ac316ecddd0f48ca7ef4e39b,db016c04b35377c51070ccf26dac616822660c41587c845c1a244d9652d1c247,727dbf65be4a75ce7b6267cab479044fd49c3346739e002fa0caca337a899a89,6053aa0c3d8947128610c1ece7b84f18d5e640d16ce7bc66593e62e6127f7976,100.89983846304733,stable,within_run_online_critic,3408371df36fdd1b1c3616ddae95ba896f78e363ba3ba5bbfb4d0e6e2a67921a,posthoc_final_checkpoint_one_adam_step,False,3,4,3.5,197.2979746328125,0.03547933025175533,500000,500001,-0.0046742615640038565,0.0,-0.004723833222849194,0.0,-7.004336692396719,-7.004386264055564,-6.999662430832715,198.10511761576345,198.0987812620442,197.2884601023834,0.024300200055784354,0.024025818810742835,True,raw/hopper-medium-replay-v2/hopper-medium-replay-v2_tau14_mpi4_seed1.npz,984acaa0c34fe8406d492d97ef53dfe4b38a9a56a759d6af364bde7fda183d6a
p4|hopper-medium-replay-v2|14|1,p4,hopper-medium-replay-v2,14.0,1,1000000,49e5152b46fd10bd1da349c472eb12e0e97ffe2285a8692bfc567ea05b46d8db,007cb65b586a9f08dacc7d9e3e262b6744f81258b204ab5cbde86eee45c0bef4,c4acad2ac1cf904f16ebfe3d2e9eb288caa68ce3319b746385dcf5ec16677618,e121c5f7c9857a307baa9edc6a2c3b48e85fedb9ac316ecddd0f48ca7ef4e39b,db016c04b35377c51070ccf26dac616822660c41587c845c1a244d9652d1c247,727dbf65be4a75ce7b6267cab479044fd49c3346739e002fa0caca337a899a89,6053aa0c3d8947128610c1ece7b84f18d5e640d16ce7bc66593e62e6127f7976,100.89983846304733,stable,within_run_online_critic,3408371df36fdd1b1c3616ddae95ba896f78e363ba3ba5bbfb4d0e6e2a67921a,posthoc_final_checkpoint_one_adam_step,False,4,4,3.5,198.10980324609375,0.03533394049816171,500000,500001,0.0019109824625873628,0.0019109824625873628,0.0012023550073436695,0.0012023550073436695,-6.997923455754125,-6.998632083209369,-6.999834438216713,198.67877415262046,198.67649016316864,198.10511761576345,0.022180528402274437,0.021391198599641306,True,raw/hopper-medium-replay-v2/hopper-medium-replay-v2_tau14_mpi4_seed1.npz,984acaa0c34fe8406d492d97ef53dfe4b38a9a56a759d6af364bde7fda183d6a
p3|hopper-medium-replay-v2|20|0,p3,hopper-medium-replay-v2,20.0,0,1000000,c531b4396881af68a9af7c3e3bd642d154acd47aa8fee4cc776de95e00de7373,1fa82837c4456c77a80390f9dde40f8ef4b0352ad20e4a5b8edb3376aed511f8,371a1e2fab7bbab8e3afe93497264bbf7943b8dd2214fe89fd53f93ff6d780c9,e121c5f7c9857a307baa9edc6a2c3b48e85fedb9ac316ecddd0f48ca7ef4e39b,db016c04b35377c51070ccf26dac616822660c41587c845c1a244d9652d1c247,727dbf65be4a75ce7b6267cab479044fd49c3346739e002fa0caca337a899a89,6053aa0c3d8947128610c1ece7b84f18d5e640d16ce7bc66593e62e6127f7976,100.11333711195589,stable,within_run_online_critic,cb0f92fe34f16f8b32633df0732a5ab762f4d5fd3e989e76a13039873618c6e0,posthoc_final_checkpoint_one_adam_step,False,2,3,6.666666666666667,212.75399880273437,0.06267018908394764,500000,500001,-0.013341952157814418,0.0,-0.013563347773965617,0.0,-13.346675294870337,-13.346896690486489,-13.333333342712523,213.63596725539537,213.63262317545014,212.75399895239389,0.04193116815733603,0.041500198418707175,True,raw/hopper-medium-replay-v2/hopper-medium-replay-v2_tau20_mpi3_seed0.npz,8e5654aed82415d627a5d80b4edcbbd2f432d96b79819fd83a8250010d8ec462
p3|hopper-medium-replay-v2|20|0,p3,hopper-medium-replay-v2,20.0,0,1000000,c531b4396881af68a9af7c3e3bd642d154acd47aa8fee4cc776de95e00de7373,1fa82837c4456c77a80390f9dde40f8ef4b0352ad20e4a5b8edb3376aed511f8,371a1e2fab7bbab8e3afe93497264bbf7943b8dd2214fe89fd53f93ff6d780c9,e121c5f7c9857a307baa9edc6a2c3b48e85fedb9ac316ecddd0f48ca7ef4e39b,db016c04b35377c51070ccf26dac616822660c41587c845c1a244d9652d1c247,727dbf65be4a75ce7b6267cab479044fd49c3346739e002fa0caca337a899a89,6053aa0c3d8947128610c1ece7b84f18d5e640d16ce7bc66593e62e6127f7976,100.11333711195589,stable,within_run_online_critic,cb0f92fe34f16f8b32633df0732a5ab762f4d5fd3e989e76a13039873618c6e0,posthoc_final_checkpoint_one_adam_step,False,3,3,6.666666666666667,213.63597206933593,0.0624114619096356,500000,500001,-0.00596075069580948,0.0,-0.0061955433150693295,0.0,-13.339293783584075,-13.339528576203335,-13.333333032888266,214.20814745983807,214.20759230217664,213.63596725539537,0.029749852339212818,0.029480411518713386,True,raw/hopper-medium-replay-v2/hopper-medium-replay-v2_tau20_mpi3_seed0.npz,8e5654aed82415d627a5d80b4edcbbd2f432d96b79819fd83a8250010d8ec462
p4|hopper-medium-replay-v2|20|0,p4,hopper-medium-replay-v2,20.0,0,1000000,bb4b69c03c334fae4b1156aba852341f1afbe6512843bac3d86490f7e620b1a5,df946c3140c4a59c73a25be1a5eadda5b9c015b3a396207ac3dd54cddcfc3242,ae75c3de3a5ff62a622856284e369a42a5386a5ca3b48f51ac5e30349ba32f3e,e121c5f7c9857a307baa9edc6a2c3b48e85fedb9ac316ecddd0f48ca7ef4e39b,db016c04b35377c51070ccf26dac616822660c41587c845c1a244d9652d1c247,727dbf65be4a75ce7b6267cab479044fd49c3346739e002fa0caca337a899a89,6053aa0c3d8947128610c1ece7b84f18d5e640d16ce7bc66593e62e6127f7976,100.66232850532435,stable,within_run_online_critic,6b4be7cfe61840411fa68f6ed0180ea0f5ccd9978472f7fe8bda597d1a544244,posthoc_final_checkpoint_one_adam_step,False,2,4,5.0,206.54417519433593,0.04841579284717699,500000,500001,-0.011024652563586201,0.0,-0.01127936168181698,0.0,-10.010840486039426,-10.011095195157656,-9.99981583347584,207.55154234089423,207.5462259092601,206.54037134205282,0.03793199304939318,0.037419884678478295,True,raw/hopper-medium-replay-v2/hopper-medium-replay-v2_tau20_mpi4_seed0.npz,f238aee561642bd160e5430a919f983cd0afa4a076a4639b3cac86757a62eb44
p4|hopper-medium-replay-v2|20|0,p4,hopper-medium-replay-v2,20.0,0,1000000,bb4b69c03c334fae4b1156aba852341f1afbe6512843bac3d86490f7e620b1a5,df946c3140c4a59c73a25be1a5eadda5b9c015b3a396207ac3dd54cddcfc3242,ae75c3de3a5ff62a622856284e369a42a5386a5ca3b48f51ac5e30349ba32f3e,e121c5f7c9857a307baa9edc6a2c3b48e85fedb9ac316ecddd0f48ca7ef4e39b,db016c04b35377c51070ccf26dac616822660c41587c845c1a244d9652d1c247,727dbf65be4a75ce7b6267cab479044fd49c3346739e002fa0caca337a899a89,6053aa0c3d8947128610c1ece7b84f18d5e640d16ce7bc66593e62e6127f7976,100.66232850532435,stable,within_run_online_critic,6b4be7cfe61840411fa68f6ed0180ea0f5ccd9978472f7fe8bda597d1a544244,posthoc_final_checkpoint_one_adam_step,False,3,4,5.0,207.5542765126953,0.04818016842639394,500000,500001,-0.006121485546119132,0.0,-0.006384409722675954,0.0,-10.005989752688237,-10.006252676864793,-9.999868267142118,208.2452504613466,208.24724605186202,207.55154234089423,0.02730148853603336,0.027134712246619053,True,raw/hopper-medium-replay-v2/hopper-medium-replay-v2_tau20_mpi4_seed0.npz,f238aee561642bd160e5430a919f983cd0afa4a076a4639b3cac86757a62eb44
p4|hopper-medium-replay-v2|20|0,p4,hopper-medium-replay-v2,20.0,0,1000000,bb4b69c03c334fae4b1156aba852341f1afbe6512843bac3d86490f7e620b1a5,df946c3140c4a59c73a25be1a5eadda5b9c015b3a396207ac3dd54cddcfc3242,ae75c3de3a5ff62a622856284e369a42a5386a5ca3b48f51ac5e30349ba32f3e,e121c5f7c9857a307baa9edc6a2c3b48e85fedb9ac316ecddd0f48ca7ef4e39b,db016c04b35377c51070ccf26dac616822660c41587c845c1a244d9652d1c247,727dbf65be4a75ce7b6267cab479044fd49c3346739e002fa0caca337a899a89,6053aa0c3d8947128610c1ece7b84f18d5e640d16ce7bc66593e62e6127f7976,100.66232850532435,stable,within_run_online_critic,6b4be7cfe61840411fa68f6ed0180ea0f5ccd9978472f7fe8bda597d1a544244,posthoc_final_checkpoint_one_adam_step,False,4,4,5.0,208.2475138173828,0.04801978096492061,500000,500001,-0.0006464604174460931,0.0,-0.0007387212811682531,0.0,-10.00053777455634,-10.000630035420063,-9.999891314138894,208.65755738451844,208.65891127096256,208.2452504613466,0.01915242772358748,0.01912518019036318,True,raw/hopper-medium-replay-v2/hopper-medium-replay-v2_tau20_mpi4_seed0.npz,f238aee561642bd160e5430a919f983cd0afa4a076a4639b3cac86757a62eb44
p3|hopper-medium-replay-v2|20|1,p3,hopper-medium-replay-v2,20.0,1,1000000,4ddae3c1384ea3579af215e217b3c4beb1691622681ec92519cd15986f6b43f5,5a2010c39a001358be295b5b28796c88ead6ddbf4623a3c0a07600e51427ff8d,828f3d8ddda591a755dd86cde58489f42d5420bcdc045553fbd72cfec1f2ea26,e121c5f7c9857a307baa9edc6a2c3b48e85fedb9ac316ecddd0f48ca7ef4e39b,db016c04b35377c51070ccf26dac616822660c41587c845c1a244d9652d1c247,727dbf65be4a75ce7b6267cab479044fd49c3346739e002fa0caca337a899a89,6053aa0c3d8947128610c1ece7b84f18d5e640d16ce7bc66593e62e6127f7976,99.6500877972906,stable,within_run_online_critic,23d0518d6c6244fed42aa6dcddaca5e88d37730c38be2547dc4f32ebbed5300f,posthoc_final_checkpoint_one_adam_step,False,2,3,6.666666666666667,211.2420664296875,0.06311874125588224,500000,500001,-0.013646607663359234,0.0,-0.014248525743829177,0.0,-13.34678662561673,-13.3473885436972,-13.33314001795337,212.10990391741507,212.1172852651216,211.23900370416231,0.041323517556635096,0.04118750085217204,True,raw/hopper-medium-replay-v2/hopper-medium-replay-v2_tau20_mpi3_seed1.npz,e594e96302d0d4f48cfb2ceeb2fc848c8f4e844a2d55c2011b414019d3e0aea2
p3|hopper-medium-replay-v2|20|1,p3,hopper-medium-replay-v2,20.0,1,1000000,4ddae3c1384ea3579af215e217b3c4beb1691622681ec92519cd15986f6b43f5,5a2010c39a001358be295b5b28796c88ead6ddbf4623a3c0a07600e51427ff8d,828f3d8ddda591a755dd86cde58489f42d5420bcdc045553fbd72cfec1f2ea26,e121c5f7c9857a307baa9edc6a2c3b48e85fedb9ac316ecddd0f48ca7ef4e39b,db016c04b35377c51070ccf26dac616822660c41587c845c1a244d9652d1c247,727dbf65be4a75ce7b6267cab479044fd49c3346739e002fa0caca337a899a89,6053aa0c3d8947128610c1ece7b84f18d5e640d16ce7bc66593e62e6127f7976,99.6500877972906,stable,within_run_online_critic,23d0518d6c6244fed42aa6dcddaca5e88d37730c38be2547dc4f32ebbed5300f,posthoc_final_checkpoint_one_adam_step,False,3,3,6.666666666666667,212.11117653710937,0.06286011680766211,500000,500001,-0.006096740447196325,0.0,-0.006114793517157935,0.0,-13.339350076757894,-13.339368129827855,-13.333253336310698,212.65835490706377,212.65661427332088,212.10990391741507,0.028378952825399855,0.028251483315040345,True,raw/hopper-medium-replay-v2/hopper-medium-replay-v2_tau20_mpi3_seed1.npz,e594e96302d0d4f48cfb2ceeb2fc848c8f4e844a2d55c2011b414019d3e0aea2
p4|hopper-medium-replay-v2|20|1,p4,hopper-medium-replay-v2,20.0,1,1000000,6dbd40cbe24c858f92bbcfc66a949279d250fa8648d9836ee9679cd0b6c8f9e1,53dc02cb533c990f2655478622a88a08b384c6f8051e41f7f40d09f07323dff7,ea26e3d9509cccd9bb616fb6329031cc5e8328f5d8ddd5c5e741cb3f5c67baac,e121c5f7c9857a307baa9edc6a2c3b48e85fedb9ac316ecddd0f48ca7ef4e39b,db016c04b35377c51070ccf26dac616822660c41587c845c1a244d9652d1c247,727dbf65be4a75ce7b6267cab479044fd49c3346739e002fa0caca337a899a89,6053aa0c3d8947128610c1ece7b84f18d5e640d16ce7bc66593e62e6127f7976,98.39045318868453,stable,within_run_online_critic,c34a958d1585d685af50ab3d840d590de754eafe370fae3db5a567d0ef0c2f0f,posthoc_final_checkpoint_one_adam_step,False,2,4,5.0,205.84445290429687,0.04858037153252458,500000,500001,-0.010827972772887051,0.0,-0.01149778763036835,0.0,-10.010827405167523,-10.011497220025005,-9.999999432394636,206.8745713683311,206.88342719967477,205.84444122045534,0.039216132537772425,0.03897653725719735,True,raw/hopper-medium-replay-v2/hopper-medium-replay-v2_tau20_mpi4_seed1.npz,e381a9ae3c08f6e0c3a4a4ec26055d835916c5810b7169ac051dceb9b4cef984
p4|hopper-medium-replay-v2|20|1,p4,hopper-medium-replay-v2,20.0,1,1000000,6dbd40cbe24c858f92bbcfc66a949279d250fa8648d9836ee9679cd0b6c8f9e1,53dc02cb533c990f2655478622a88a08b384c6f8051e41f7f40d09f07323dff7,ea26e3d9509cccd9bb616fb6329031cc5e8328f5d8ddd5c5e741cb3f5c67baac,e121c5f7c9857a307baa9edc6a2c3b48e85fedb9ac316ecddd0f48ca7ef4e39b,db016c04b35377c51070ccf26dac616822660c41587c845c1a244d9652d1c247,727dbf65be4a75ce7b6267cab479044fd49c3346739e002fa0caca337a899a89,6053aa0c3d8947128610c1ece7b84f18d5e640d16ce7bc66593e62e6127f7976,98.39045318868453,stable,within_run_online_critic,c34a958d1585d685af50ab3d840d590de754eafe370fae3db5a567d0ef0c2f0f,posthoc_final_checkpoint_one_adam_step,False,3,4,5.0,206.87457375390625,0.04833846817683741,500000,500001,-0.009818079672440305,0.0,-0.009800214522444506,0.0,-10.009817964357392,-10.009800099207396,-9.999999884684952,207.701260542206,207.69675696332706,206.8745713683311,0.03014280865104851,0.029942977696722783,True,raw/hopper-medium-replay-v2/hopper-medium-replay-v2_tau20_mpi4_seed1.npz,e381a9ae3c08f6e0c3a4a4ec26055d835916c5810b7169ac051dceb9b4cef984
p4|hopper-medium-replay-v2|20|1,p4,hopper-medium-replay-v2,20.0,1,1000000,6dbd40cbe24c858f92bbcfc66a949279d250fa8648d9836ee9679cd0b6c8f9e1,53dc02cb533c990f2655478622a88a08b384c6f8051e41f7f40d09f07323dff7,ea26e3d9509cccd9bb616fb6329031cc5e8328f5d8ddd5c5e741cb3f5c67baac,e121c5f7c9857a307baa9edc6a2c3b48e85fedb9ac316ecddd0f48ca7ef4e39b,db016c04b35377c51070ccf26dac616822660c41587c845c1a244d9652d1c247,727dbf65be4a75ce7b6267cab479044fd49c3346739e002fa0caca337a899a89,6053aa0c3d8947128610c1ece7b84f18d5e640d16ce7bc66593e62e6127f7976,98.39045318868453,stable,within_run_online_critic,c34a958d1585d685af50ab3d840d590de754eafe370fae3db5a567d0ef0c2f0f,posthoc_final_checkpoint_one_adam_step,False,4,4,5.0,207.70126442773437,0.04814607184772005,500000,500001,0.00032026519657435415,0.00032026519657435415,-0.0006703401818519694,0.0,-9.999679547730498,-10.000670153108924,-9.999999812927072,208.32322193688015,208.32103388715768,207.701260542206,0.030265263191063402,0.029169311813492832,True,raw/hopper-medium-replay-v2/hopper-medium-replay-v2_tau20_mpi4_seed1.npz,e381a9ae3c08f6e0c3a4a4ec26055d835916c5810b7169ac051dceb9b4cef984
p3|hopper-expert-v2|4|0,p3,hopper-expert-v2,4.0,0,1000000,2cf99ab6ac9b961f62b3d08f5212592aa371742c6e144c75ab3118154747f914,e168556a558783ab1bae3289e489ce192ecd7a167397ce4611c688713a3fcd67,f6345f499f5dd5fece1078f2d6044de06c89d587f6bdf52d41368675a425a722,01aa219a5f8eea5e639eccdc636ec2bf40e317159a95cf4bf6e985f16909941b,ecf8f2f7d4058e9aaace2dd899fc538f21a730aec9d86b61e11df650d7839596,0660dc3dea44deec1245ce21a644b593d9dfdffe0a4468a4d5691fb6a63e4e5a,4a10c2ee1230846ca50db3f817bf3c6b85b2aac67e43821fb100047af87d5f03,97.37673977120386,stable,within_run_online_critic,fd191c59b890c9e78e5a48bf68b1fb16b7bd5daf1ecb7ecc620751c363c5ec31,posthoc_final_checkpoint_one_adam_step,False,2,3,1.3333333333333333,349.0130320058594,0.007640593393721463,500000,500001,0.004493990515237911,0.004493990515237911,0.004064138291383301,0.004064138291383301,-2.662172529833454,-2.6626023820573086,-2.666666520348692,349.01438391627744,349.0153277874924,349.0130128557794,0.004504466231021696,0.0040818257433371105,True,raw/hopper-expert-v2/hopper-expert-v2_tau4_mpi3_seed0.npz,731dc80fa2504dfbb9a0a59e686f010ce47817ca78cb8190841b494866346c72
p3|hopper-expert-v2|4|0,p3,hopper-expert-v2,4.0,0,1000000,2cf99ab6ac9b961f62b3d08f5212592aa371742c6e144c75ab3118154747f914,e168556a558783ab1bae3289e489ce192ecd7a167397ce4611c688713a3fcd67,f6345f499f5dd5fece1078f2d6044de06c89d587f6bdf52d41368675a425a722,01aa219a5f8eea5e639eccdc636ec2bf40e317159a95cf4bf6e985f16909941b,ecf8f2f7d4058e9aaace2dd899fc538f21a730aec9d86b61e11df650d7839596,0660dc3dea44deec1245ce21a644b593d9dfdffe0a4468a4d5691fb6a63e4e5a,4a10c2ee1230846ca50db3f817bf3c6b85b2aac67e43821fb100047af87d5f03,97.37673977120386,stable,within_run_online_critic,fd191c59b890c9e78e5a48bf68b1fb16b7bd5daf1ecb7ecc620751c363c5ec31,posthoc_final_checkpoint_one_adam_step,False,3,3,1.3333333333333333,349.0143747792969,0.007640563997838091,500000,500001,0.003159735786096185,0.003159735786096185,0.002889315254749114,0.002889315254749114,-2.6635070006922548,-2.663777421223602,-2.666666736478351,349.03543606819585,349.03417129674926,349.01438391627744,0.0033205861001212784,0.0030405020015939616,True,raw/hopper-expert-v2/hopper-expert-v2_tau4_mpi3_seed0.npz,731dc80fa2504dfbb9a0a59e686f010ce47817ca78cb8190841b494866346c72
p4|hopper-expert-v2|4|0,p4,hopper-expert-v2,4.0,0,1000000,968a94269e8073d2deb43ae564832d76eea0541401c8786a3cbe560ab4fe15e3,171da9fef3ed5697c2ece3f5f2127a1abdd8747882d9436321f0e2c7d292a38e,4b9156ba505d3782eb9cde1a5791acdd8e5e5e7e07a6b682558ae3869dd0c156,01aa219a5f8eea5e639eccdc636ec2bf40e317159a95cf4bf6e985f16909941b,ecf8f2f7d4058e9aaace2dd899fc538f21a730aec9d86b61e11df650d7839596,0660dc3dea44deec1245ce21a644b593d9dfdffe0a4468a4d5691fb6a63e4e5a,4a10c2ee1230846ca50db3f817bf3c6b85b2aac67e43821fb100047af87d5f03,99.24461123259283,stable,within_run_online_critic,82a4445178b38b0c9b894ba870643530d4a638360119b848589be1af2203eabf,posthoc_final_checkpoint_one_adam_step,False,2,4,1.0,346.261475609375,0.005775981854407168,500000,500001,0.004576510779238818,0.004576510779238818,0.004183431877695876,0.004183431877695876,-1.9954234404695335,-1.9958165193710764,-1.9999999512487723,346.2614105110988,346.2621673727408,346.26146716903895,0.004576183524004681,0.004187476241572286,True,raw/hopper-expert-v2/hopper-expert-v2_tau4_mpi4_seed0.npz,da1ec4965db4fc5801f35a380e38163816a7e687a98e92f5a3919f8f8f672804
p4|hopper-expert-v2|4|0,p4,hopper-expert-v2,4.0,0,1000000,968a94269e8073d2deb43ae564832d76eea0541401c8786a3cbe560ab4fe15e3,171da9fef3ed5697c2ece3f5f2127a1abdd8747882d9436321f0e2c7d292a38e,4b9156ba505d3782eb9cde1a5791acdd8e5e5e7e07a6b682558ae3869dd0c156,01aa219a5f8eea5e639eccdc636ec2bf40e317159a95cf4bf6e985f16909941b,ecf8f2f7d4058e9aaace2dd899fc538f21a730aec9d86b61e11df650d7839596,0660dc3dea44deec1245ce21a644b593d9dfdffe0a4468a4d5691fb6a63e4e5a,4a10c2ee1230846ca50db3f817bf3c6b85b2aac67e43821fb100047af87d5f03,99.24461123259283,stable,within_run_online_critic,82a4445178b38b0c9b894ba870643530d4a638360119b848589be1af2203eabf,posthoc_final_checkpoint_one_adam_step,False,3,4,1.0,346.26141457421875,0.005775982872533762,500000,500001,0.0031553302834277375,0.0031553302834277375,0.002953953226325412,0.002953953226325412,-1.996844646248061,-1.9970460233051632,-1.9999999765314886,346.275443806313,346.274702004157,346.2614105110988,0.0032363863562302198,0.00303072466257992,True,raw/hopper-expert-v2/hopper-expert-v2_tau4_mpi4_seed0.npz,da1ec4965db4fc5801f35a380e38163816a7e687a98e92f5a3919f8f8f672804
p4|hopper-expert-v2|4|0,p4,hopper-expert-v2,4.0,0,1000000,968a94269e8073d2deb43ae564832d76eea0541401c8786a3cbe560ab4fe15e3,171da9fef3ed5697c2ece3f5f2127a1abdd8747882d9436321f0e2c7d292a38e,4b9156ba505d3782eb9cde1a5791acdd8e5e5e7e07a6b682558ae3869dd0c156,01aa219a5f8eea5e639eccdc636ec2bf40e317159a95cf4bf6e985f16909941b,ecf8f2f7d4058e9aaace2dd899fc538f21a730aec9d86b61e11df650d7839596,0660dc3dea44deec1245ce21a644b593d9dfdffe0a4468a4d5691fb6a63e4e5a,4a10c2ee1230846ca50db3f817bf3c6b85b2aac67e43821fb100047af87d5f03,99.24461123259283,stable,within_run_online_critic,82a4445178b38b0c9b894ba870643530d4a638360119b848589be1af2203eabf,posthoc_final_checkpoint_one_adam_step,False,4,4,1.0,346.27545266015625,0.00577574871286892,500000,500001,0.0035037826364345825,0.0035037826364345825,0.003139009983408547,0.003139009983408547,-1.9964961662259917,-1.9968609388790177,-1.9999999488624263,346.2944392701611,346.2939333440736,346.275443806313,0.0036134956623055554,0.0032458009073311196,True,raw/hopper-expert-v2/hopper-expert-v2_tau4_mpi4_seed0.npz,da1ec4965db4fc5801f35a380e38163816a7e687a98e92f5a3919f8f8f672804
p3|hopper-expert-v2|4|1,p3,hopper-expert-v2,4.0,1,1000000,15a839fe977745e00f6dbe7456b53cc26c0cce6cfcda6fa9f924c09a60a07363,09dc97597abed494f25db4561387367a20b21fb0edc11af0539e9fdcf5ba2813,cafc0eac4d2d844015fec6da7c3b7ab3b80c767c199b099e1223fdef86f46c11,01aa219a5f8eea5e639eccdc636ec2bf40e317159a95cf4bf6e985f16909941b,ecf8f2f7d4058e9aaace2dd899fc538f21a730aec9d86b61e11df650d7839596,0660dc3dea44deec1245ce21a644b593d9dfdffe0a4468a4d5691fb6a63e4e5a,4a10c2ee1230846ca50db3f817bf3c6b85b2aac67e43821fb100047af87d5f03,105.72983194916871,stable,within_run_online_critic,26e27bbab5678f663e13cf989dcd8b3bbb93ec9f155798d587eef2ed393adcc8,posthoc_final_checkpoint_one_adam_step,False,2,3,1.3333333333333333,348.00909523828125,0.007662634980389821,500000,500001,0.0032100874809088964,0.0032100874809088964,0.0029258002620649037,0.0029258002620649037,-2.6634565060396547,-2.6637407932584987,-2.6666665935205636,348.0190827064216,348.0196916349232,348.0090856924653,0.0032866909497499025,0.003007069727742903,True,raw/hopper-expert-v2/hopper-expert-v2_tau4_mpi3_seed1.npz,6142c3a1e3fdc96b73c30f881a1c842ba4bb75b21376dc334023dea0666b3c3b
p3|hopper-expert-v2|4|1,p3,hopper-expert-v2,4.0,1,1000000,15a839fe977745e00f6dbe7456b53cc26c0cce6cfcda6fa9f924c09a60a07363,09dc97597abed494f25db4561387367a20b21fb0edc11af0539e9fdcf5ba2813,cafc0eac4d2d844015fec6da7c3b7ab3b80c767c199b099e1223fdef86f46c11,01aa219a5f8eea5e639eccdc636ec2bf40e317159a95cf4bf6e985f16909941b,ecf8f2f7d4058e9aaace2dd899fc538f21a730aec9d86b61e11df650d7839596,0660dc3dea44deec1245ce21a644b593d9dfdffe0a4468a4d5691fb6a63e4e5a,4a10c2ee1230846ca50db3f817bf3c6b85b2aac67e43821fb100047af87d5f03,105.72983194916871,stable,within_run_online_critic,26e27bbab5678f663e13cf989dcd8b3bbb93ec9f155798d587eef2ed393adcc8,posthoc_final_checkpoint_one_adam_step,False,3,3,1.3333333333333333,348.01910500390625,0.007662414586799007,500000,500001,0.0026576529413255834,0.0026576529413255834,0.0024965192524155633,0.0024965192524155633,-2.6640088428727693,-2.6641699765616793,-2.666666495814095,348.03016244620085,348.0299202874303,348.0190827064216,0.0027425505010280696,0.002579561291222055,True,raw/hopper-expert-v2/hopper-expert-v2_tau4_mpi3_seed1.npz,6142c3a1e3fdc96b73c30f881a1c842ba4bb75b21376dc334023dea0666b3c3b
p4|hopper-expert-v2|4|1,p4,hopper-expert-v2,4.0,1,1000000,a79c31a99b1d1092428c811eca4b3da57690f7e60a9162c6beeee9d3c62f3436,2b118beef03161fcd08f41c64b1fc5429bb0bfd7bc48948137dcff6af3c7c5ca,f5fc3969899fa59292a78a0b99eef6eb8101746280561c4e8e30dd01ea4f6eed,01aa219a5f8eea5e639eccdc636ec2bf40e317159a95cf4bf6e985f16909941b,ecf8f2f7d4058e9aaace2dd899fc538f21a730aec9d86b61e11df650d7839596,0660dc3dea44deec1245ce21a644b593d9dfdffe0a4468a4d5691fb6a63e4e5a,4a10c2ee1230846ca50db3f817bf3c6b85b2aac67e43821fb100047af87d5f03,110.83960466275038,stable,within_run_online_critic,d16d2b11a3c7a7a32fafa5cbd8f9e56c5d562f1151a6e7f63cbfcfbd2ac10985,posthoc_final_checkpoint_one_adam_step,False,2,4,1.0,346.75763039453125,0.005767717346910161,500000,500001,0.003479350433958306,0.003479350433958306,0.0031813818025256957,0.0031813818025256957,-1.9965206376451503,-1.996818606276583,-1.9999999880791086,346.7668115613051,346.76704982528463,346.75762832770124,0.003532316729715679,0.003235722337571266,True,raw/hopper-expert-v2/hopper-expert-v2_tau4_mpi4_seed1.npz,5b77aca6cf2d77cf924d78a5f48487be5aa5207d0bf5a99d58747e075d6fa810
p4|hopper-expert-v2|4|1,p4,hopper-expert-v2,4.0,1,1000000,a79c31a99b1d1092428c811eca4b3da57690f7e60a9162c6beeee9d3c62f3436,2b118beef03161fcd08f41c64b1fc5429bb0bfd7bc48948137dcff6af3c7c5ca,f5fc3969899fa59292a78a0b99eef6eb8101746280561c4e8e30dd01ea4f6eed,01aa219a5f8eea5e639eccdc636ec2bf40e317159a95cf4bf6e985f16909941b,ecf8f2f7d4058e9aaace2dd899fc538f21a730aec9d86b61e11df650d7839596,0660dc3dea44deec1245ce21a644b593d9dfdffe0a4468a4d5691fb6a63e4e5a,4a10c2ee1230846ca50db3f817bf3c6b85b2aac67e43821fb100047af87d5f03,110.83960466275038,stable,within_run_online_critic,d16d2b11a3c7a7a32fafa5cbd8f9e56c5d562f1151a6e7f63cbfcfbd2ac10985,posthoc_final_checkpoint_one_adam_step,False,3,4,1.0,346.76678566796875,0.005767565068688591,500000,500001,0.002689821616451926,0.002689821616451926,0.0025601480974790647,0.0025601480974790647,-1.9973103277250503,-1.9974400012440232,-2.0000001493415023,346.77486758166924,346.7746316702105,346.7668115613051,0.0027362852380966966,0.0026052510844353396,True,raw/hopper-expert-v2/hopper-expert-v2_tau4_mpi4_seed1.npz,5b77aca6cf2d77cf924d78a5f48487be5aa5207d0bf5a99d58747e075d6fa810
p4|hopper-expert-v2|4|1,p4,hopper-expert-v2,4.0,1,1000000,a79c31a99b1d1092428c811eca4b3da57690f7e60a9162c6beeee9d3c62f3436,2b118beef03161fcd08f41c64b1fc5429bb0bfd7bc48948137dcff6af3c7c5ca,f5fc3969899fa59292a78a0b99eef6eb8101746280561c4e8e30dd01ea4f6eed,01aa219a5f8eea5e639eccdc636ec2bf40e317159a95cf4bf6e985f16909941b,ecf8f2f7d4058e9aaace2dd899fc538f21a730aec9d86b61e11df650d7839596,0660dc3dea44deec1245ce21a644b593d9dfdffe0a4468a4d5691fb6a63e4e5a,4a10c2ee1230846ca50db3f817bf3c6b85b2aac67e43821fb100047af87d5f03,110.83960466275038,stable,within_run_online_critic,d16d2b11a3c7a7a32fafa5cbd8f9e56c5d562f1151a6e7f63cbfcfbd2ac10985,posthoc_final_checkpoint_one_adam_step,False,4,4,1.0,346.77484230859375,0.005767431070504841,500000,500001,0.003770875392734796,0.003770875392734796,0.0034564631654843136,0.0034564631654843136,-1.996229270367986,-1.9965436825952365,-2.000000145760721,346.7867569462396,346.7858243105002,346.77486758166924,0.0038394464833667354,0.003519655343775323,True,raw/hopper-expert-v2/hopper-expert-v2_tau4_mpi4_seed1.npz,5b77aca6cf2d77cf924d78a5f48487be5aa5207d0bf5a99d58747e075d6fa810
p3|hopper-expert-v2|7|0,p3,hopper-expert-v2,7.0,0,1000000,efbccd7a68e0766283e38831ff046b6be945c829bfcb72a99c16a9b0b503ff33,c02666da37ac1da4d2dd4b89c104adec226776a6c6a4ecba30a18744235b3d5d,1f38deb84e2dc2cf3ea0ccd7f0c9d47fb5da7cbad2c7cc85fa512076407fb109,01aa219a5f8eea5e639eccdc636ec2bf40e317159a95cf4bf6e985f16909941b,ecf8f2f7d4058e9aaace2dd899fc538f21a730aec9d86b61e11df650d7839596,0660dc3dea44deec1245ce21a644b593d9dfdffe0a4468a4d5691fb6a63e4e5a,4a10c2ee1230846ca50db3f817bf3c6b85b2aac67e43821fb100047af87d5f03,107.26914927482983,stable,within_run_online_critic,a61f62f4fe63f40a7dc2911ffa24c0afed96a8f6759292c60967d1928aef7e26,posthoc_final_checkpoint_one_adam_step,False,2,3,2.3333333333333335,347.7919931875,0.013417981891695808,500000,500001,0.00453989469682714,0.00453989469682714,0.004124583748817301,0.004124583748817301,-4.662127011880286,-4.662542322828296,-4.666666906577113,347.80364391580224,347.80351279117167,347.79201106727123,0.004695984047765638,0.0042789136718374195,True,raw/hopper-expert-v2/hopper-expert-v2_tau7_mpi3_seed0.npz,2dbd01bf7e2eb03e524fef53712398ab845bbbbbb600e2fe4490026b9fbde6d8
p3|hopper-expert-v2|7|0,p3,hopper-expert-v2,7.0,0,1000000,efbccd7a68e0766283e38831ff046b6be945c829bfcb72a99c16a9b0b503ff33,c02666da37ac1da4d2dd4b89c104adec226776a6c6a4ecba30a18744235b3d5d,1f38deb84e2dc2cf3ea0ccd7f0c9d47fb5da7cbad2c7cc85fa512076407fb109,01aa219a5f8eea5e639eccdc636ec2bf40e317159a95cf4bf6e985f16909941b,ecf8f2f7d4058e9aaace2dd899fc538f21a730aec9d86b61e11df650d7839596,0660dc3dea44deec1245ce21a644b593d9dfdffe0a4468a4d5691fb6a63e4e5a,4a10c2ee1230846ca50db3f817bf3c6b85b2aac67e43821fb100047af87d5f03,107.26914927482983,stable,within_run_online_critic,a61f62f4fe63f40a7dc2911ffa24c0afed96a8f6759292c60967d1928aef7e26,posthoc_final_checkpoint_one_adam_step,False,3,3,2.3333333333333335,347.80365090234375,0.01341753214654142,500000,500001,0.003172309769941428,0.003172309769941428,0.002913317072629873,0.002913317072629873,-4.663494263154581,-4.663753255851892,-4.666666572924522,347.83532038889825,347.8342219982296,347.80364391580224,0.0035973298659963127,0.003323599476578123,True,raw/hopper-expert-v2/hopper-expert-v2_tau7_mpi3_seed0.npz,2dbd01bf7e2eb03e524fef53712398ab845bbbbbb600e2fe4490026b9fbde6d8
p4|hopper-expert-v2|7|0,p4,hopper-expert-v2,7.0,0,1000000,43fa9f2edc9cb538c7a3fbad095d0c70477a96b29c8e616f282cd4f1fccf1e3c,68e223bd227521dd922f4964e9e0b3411fed907d4df97e3e84f5843f0ada2c4e,4130cdaa71629c5c4627c4902bdcb30dd28396107f06873a644b833882a9223d,01aa219a5f8eea5e639eccdc636ec2bf40e317159a95cf4bf6e985f16909941b,ecf8f2f7d4058e9aaace2dd899fc538f21a730aec9d86b61e11df650d7839596,0660dc3dea44deec1245ce21a644b593d9dfdffe0a4468a4d5691fb6a63e4e5a,4a10c2ee1230846ca50db3f817bf3c6b85b2aac67e43821fb100047af87d5f03,79.72472287639891,stable,within_run_online_critic,9ef50f2250cbf93f82f278da348755bff1a47b90f6cb054291735532e5e61d4f,posthoc_final_checkpoint_one_adam_step,False,2,4,1.75,348.61200051171875,0.010039815023184625,500000,500001,0.004454319839499288,0.004454319839499288,0.004042058656052561,0.004042058656052561,-3.4955458048165244,-3.495958065999971,-3.5000001246560237,348.6235747351311,348.623113240581,348.6120129278861,0.004570398245572655,0.004153503742208774,True,raw/hopper-expert-v2/hopper-expert-v2_tau7_mpi4_seed0.npz,05ba78c8f3008a9f74789ed8b01e4a22441df3b5108e201c468ad56b4df0e783
p4|hopper-expert-v2|7|0,p4,hopper-expert-v2,7.0,0,1000000,43fa9f2edc9cb538c7a3fbad095d0c70477a96b29c8e616f282cd4f1fccf1e3c,68e223bd227521dd922f4964e9e0b3411fed907d4df97e3e84f5843f0ada2c4e,4130cdaa71629c5c4627c4902bdcb30dd28396107f06873a644b833882a9223d,01aa219a5f8eea5e639eccdc636ec2bf40e317159a95cf4bf6e985f16909941b,ecf8f2f7d4058e9aaace2dd899fc538f21a730aec9d86b61e11df650d7839596,0660dc3dea44deec1245ce21a644b593d9dfdffe0a4468a4d5691fb6a63e4e5a,4a10c2ee1230846ca50db3f817bf3c6b85b2aac67e43821fb100047af87d5f03,79.72472287639891,stable,within_run_online_critic,9ef50f2250cbf93f82f278da348755bff1a47b90f6cb054291735532e5e61d4f,posthoc_final_checkpoint_one_adam_step,False,3,4,1.75,348.6235666738281,0.01003948193575392,500000,500001,0.0029539564871514656,0.0029539564871514656,0.002747673824325947,0.002747673824325947,-3.497046124444154,-3.4972524071069797,-3.5000000809313057,348.6485471962951,348.64799774391577,348.6235747351311,0.003204667059898659,0.0029928681798359474,True,raw/hopper-expert-v2/hopper-expert-v2_tau7_mpi4_seed0.npz,05ba78c8f3008a9f74789ed8b01e4a22441df3b5108e201c468ad56b4df0e783
p4|hopper-expert-v2|7|0,p4,hopper-expert-v2,7.0,0,1000000,43fa9f2edc9cb538c7a3fbad095d0c70477a96b29c8e616f282cd4f1fccf1e3c,68e223bd227521dd922f4964e9e0b3411fed907d4df97e3e84f5843f0ada2c4e,4130cdaa71629c5c4627c4902bdcb30dd28396107f06873a644b833882a9223d,01aa219a5f8eea5e639eccdc636ec2bf40e317159a95cf4bf6e985f16909941b,ecf8f2f7d4058e9aaace2dd899fc538f21a730aec9d86b61e11df650d7839596,0660dc3dea44deec1245ce21a644b593d9dfdffe0a4468a4d5691fb6a63e4e5a,4a10c2ee1230846ca50db3f817bf3c6b85b2aac67e43821fb100047af87d5f03,79.72472287639891,stable,within_run_online_critic,9ef50f2250cbf93f82f278da348755bff1a47b90f6cb054291735532e5e61d4f,posthoc_final_checkpoint_one_adam_step,False,4,4,1.75,348.6485605703125,0.010038762225992754,500000,500001,0.003455686307754835,0.003455686307754835,0.0031087339159334704,0.0031087339159334704,-3.4965441794336645,-3.496891131825486,-3.4999998657414193,348.6592080402188,348.6601528110914,348.6485471962951,0.0035627079850327377,0.0032252399233599085,True,raw/hopper-expert-v2/hopper-expert-v2_tau7_mpi4_seed0.npz,05ba78c8f3008a9f74789ed8b01e4a22441df3b5108e201c468ad56b4df0e783
p3|hopper-expert-v2|7|1,p3,hopper-expert-v2,7.0,1,1000000,9cb46a5d2bbe7b9861517b8010c7dc204ccfb033aa48ed42b990e56129743aba,1936d59a29bee1e08b4bba02a54cad9746079350e8ffbdba798b2dbc5ea782a7,f808bec34fe467e2b0fb865d083ab4507fb99c41ba29405348b246608e95193e,01aa219a5f8eea5e639eccdc636ec2bf40e317159a95cf4bf6e985f16909941b,ecf8f2f7d4058e9aaace2dd899fc538f21a730aec9d86b61e11df650d7839596,0660dc3dea44deec1245ce21a644b593d9dfdffe0a4468a4d5691fb6a63e4e5a,4a10c2ee1230846ca50db3f817bf3c6b85b2aac67e43821fb100047af87d5f03,95.259948727158,stable,within_run_online_critic,9b3b254804e5002988280eabd9969b5a57c0b884d6c17bce8d92293672fd08ce,posthoc_final_checkpoint_one_adam_step,False,2,3,2.3333333333333335,350.5147715078125,0.013313751790237043,500000,500001,0.0036196097171039554,0.0036196097171039554,0.003177554271928784,0.003177554271928784,-4.663047003833745,-4.66348905927892,-4.6666666135508486,350.53746674209833,350.538341935724,350.51476751826704,0.0039218215490257275,0.0034914182145502977,True,raw/hopper-expert-v2/hopper-expert-v2_tau7_mpi3_seed1.npz,805ce751e198f8a4dc0f616a3e40862dcd4c6967fd42e4d1269f97594c4a97dd
p3|hopper-expert-v2|7|1,p3,hopper-expert-v2,7.0,1,1000000,9cb46a5d2bbe7b9861517b8010c7dc204ccfb033aa48ed42b990e56129743aba,1936d59a29bee1e08b4bba02a54cad9746079350e8ffbdba798b2dbc5ea782a7,f808bec34fe467e2b0fb865d083ab4507fb99c41ba29405348b246608e95193e,01aa219a5f8eea5e639eccdc636ec2bf40e317159a95cf4bf6e985f16909941b,ecf8f2f7d4058e9aaace2dd899fc538f21a730aec9d86b61e11df650d7839596,0660dc3dea44deec1245ce21a644b593d9dfdffe0a4468a4d5691fb6a63e4e5a,4a10c2ee1230846ca50db3f817bf3c6b85b2aac67e43821fb100047af87d5f03,95.259948727158,stable,within_run_online_critic,9b3b254804e5002988280eabd9969b5a57c0b884d6c17bce8d92293672fd08ce,posthoc_final_checkpoint_one_adam_step,False,3,3,2.3333333333333335,350.5374765859375,0.013312889429449038,500000,500001,0.002596754504685883,0.002596754504685883,0.002443946372070016,0.002443946372070016,-4.664069781112039,-4.6642225892446545,-4.6666665356167245,350.5516470661387,350.55189614836127,350.53746674209833,0.0027855355907089965,0.002636043462181256,True,raw/hopper-expert-v2/hopper-expert-v2_tau7_mpi3_seed1.npz,805ce751e198f8a4dc0f616a3e40862dcd4c6967fd42e4d1269f97594c4a97dd
p4|hopper-expert-v2|7|1,p4,hopper-expert-v2,7.0,1,1000000,fc4d43e07f3800d94e591d083f031eaf031683328465b8720c807e34b3bd5965,3a8c27e3f0c71273d893e43643ef288003531dd33d753d2a548a45fb9dd4b796,9f536846715d7322cd71bb183f2488bc2e6252bbab198131a1a5500b465bcccd,01aa219a5f8eea5e639eccdc636ec2bf40e317159a95cf4bf6e985f16909941b,ecf8f2f7d4058e9aaace2dd899fc538f21a730aec9d86b61e11df650d7839596,0660dc3dea44deec1245ce21a644b593d9dfdffe0a4468a4d5691fb6a63e4e5a,4a10c2ee1230846ca50db3f817bf3c6b85b2aac67e43821fb100047af87d5f03,90.85774402585665,stable,within_run_online_critic,8b07df8029e28548db790c592be30efd37cc33d0f11e5138fbf81edb7fa323c4,posthoc_final_checkpoint_one_adam_step,False,2,4,1.75,349.7169199453125,0.01000809454843454,500000,500001,0.0033085838489337327,0.0033085838489337327,0.0030067732842398165,0.0030067732842398165,-3.496691586173536,-3.49699339673823,-3.50000017002247,349.7299654344097,349.72970401402563,349.71693693380803,0.0034389743147790336,0.00313454743016503,True,raw/hopper-expert-v2/hopper-expert-v2_tau7_mpi4_seed1.npz,eadb66909fef338daa4857191fed3ec3acc9373a558ccc6bd78bd502a1dec7a8
p4|hopper-expert-v2|7|1,p4,hopper-expert-v2,7.0,1,1000000,fc4d43e07f3800d94e591d083f031eaf031683328465b8720c807e34b3bd5965,3a8c27e3f0c71273d893e43643ef288003531dd33d753d2a548a45fb9dd4b796,9f536846715d7322cd71bb183f2488bc2e6252bbab198131a1a5500b465bcccd,01aa219a5f8eea5e639eccdc636ec2bf40e317159a95cf4bf6e985f16909941b,ecf8f2f7d4058e9aaace2dd899fc538f21a730aec9d86b61e11df650d7839596,0660dc3dea44deec1245ce21a644b593d9dfdffe0a4468a4d5691fb6a63e4e5a,4a10c2ee1230846ca50db3f817bf3c6b85b2aac67e43821fb100047af87d5f03,90.85774402585665,stable,within_run_online_critic,8b07df8029e28548db790c592be30efd37cc33d0f11e5138fbf81edb7fa323c4,posthoc_final_checkpoint_one_adam_step,False,3,4,1.75,349.72998146875,0.010007720771611174,500000,500001,0.0025178193094910206,0.0025178193094910206,0.002339642171310441,0.002339642171310441,-3.4974820202233086,-3.497660197361489,-3.4999998395327996,349.74538401234895,349.74542147573084,349.7299654344097,0.0026721241322025576,0.0024943219170873118,True,raw/hopper-expert-v2/hopper-expert-v2_tau7_mpi4_seed1.npz,eadb66909fef338daa4857191fed3ec3acc9373a558ccc6bd78bd502a1dec7a8
p4|hopper-expert-v2|7|1,p4,hopper-expert-v2,7.0,1,1000000,fc4d43e07f3800d94e591d083f031eaf031683328465b8720c807e34b3bd5965,3a8c27e3f0c71273d893e43643ef288003531dd33d753d2a548a45fb9dd4b796,9f536846715d7322cd71bb183f2488bc2e6252bbab198131a1a5500b465bcccd,01aa219a5f8eea5e639eccdc636ec2bf40e317159a95cf4bf6e985f16909941b,ecf8f2f7d4058e9aaace2dd899fc538f21a730aec9d86b61e11df650d7839596,0660dc3dea44deec1245ce21a644b593d9dfdffe0a4468a4d5691fb6a63e4e5a,4a10c2ee1230846ca50db3f817bf3c6b85b2aac67e43821fb100047af87d5f03,90.85774402585665,stable,within_run_online_critic,8b07df8029e28548db790c592be30efd37cc33d0f11e5138fbf81edb7fa323c4,posthoc_final_checkpoint_one_adam_step,False,4,4,1.75,349.745362328125,0.01000728065899659,500000,500001,0.003231079148409144,0.003231079148409144,0.002998550363160213,0.002998550363160213,-3.4967691378517056,-3.4970016666369546,-3.5000002170001148,349.76355010364205,349.7626291895285,349.74538401234895,0.0034128723224565657,0.003171127691210572,True,raw/hopper-expert-v2/hopper-expert-v2_tau7_mpi4_seed1.npz,eadb66909fef338daa4857191fed3ec3acc9373a558ccc6bd78bd502a1dec7a8
p3|hopper-expert-v2|10|0,p3,hopper-expert-v2,10.0,0,1000000,7a44d0d5d6270e2ace9da3f93e96a686855234e4e028fc6fc38ce6357a6268d3,a2bb53076aa8f057e8eb76b69b27922451043583226620c7a8d967c6e8235417,235fb2288798debe2b7df35cce2d1eab943326f4e08e7f7b7e352149645946f6,01aa219a5f8eea5e639eccdc636ec2bf40e317159a95cf4bf6e985f16909941b,ecf8f2f7d4058e9aaace2dd899fc538f21a730aec9d86b61e11df650d7839596,0660dc3dea44deec1245ce21a644b593d9dfdffe0a4468a4d5691fb6a63e4e5a,4a10c2ee1230846ca50db3f817bf3c6b85b2aac67e43821fb100047af87d5f03,5.844835676647179,collapsed,within_run_online_critic,4978ff4d4a075de6141c16afe18cf5d99fe2e27b4a3e079597990734b3597785,posthoc_final_checkpoint_one_adam_step,False,2,3,3.3333333333333335,4693.27099709375,0.0014204734119966473,500000,500001,-0.029737375997659576,0.0,-0.030248535942251742,0.0,-6.690219380759912,-6.690730540704505,-6.660482004762253,4736.110897797509,4736.325225736364,4688.917052942328,0.03730022582901995,0.037093513023019505,True,raw/hopper-expert-v2/hopper-expert-v2_tau10_mpi3_seed0.npz,05eef7c7bf1bcb6e9144864c2e1bc0a3129edf05702d0b13156cd5a6357b85a7
p3|hopper-expert-v2|10|0,p3,hopper-expert-v2,10.0,0,1000000,7a44d0d5d6270e2ace9da3f93e96a686855234e4e028fc6fc38ce6357a6268d3,a2bb53076aa8f057e8eb76b69b27922451043583226620c7a8d967c6e8235417,235fb2288798debe2b7df35cce2d1eab943326f4e08e7f7b7e352149645946f6,01aa219a5f8eea5e639eccdc636ec2bf40e317159a95cf4bf6e985f16909941b,ecf8f2f7d4058e9aaace2dd899fc538f21a730aec9d86b61e11df650d7839596,0660dc3dea44deec1245ce21a644b593d9dfdffe0a4468a4d5691fb6a63e4e5a,4a10c2ee1230846ca50db3f817bf3c6b85b2aac67e43821fb100047af87d5f03,5.844835676647179,collapsed,within_run_online_critic,4978ff4d4a075de6141c16afe18cf5d99fe2e27b4a3e079597990734b3597785,posthoc_final_checkpoint_one_adam_step,False,3,3,3.3333333333333335,4740.1376963125,0.001406428904344461,500000,500001,-0.013979582014527203,0.0,-0.014518323178156933,0.0,-6.674982842857739,-6.675521584021369,-6.661003260843212,4764.3518872470595,4764.388961961959,4736.110897797509,0.025739361834608204,0.025252763621632257,True,raw/hopper-expert-v2/hopper-expert-v2_tau10_mpi3_seed0.npz,05eef7c7bf1bcb6e9144864c2e1bc0a3129edf05702d0b13156cd5a6357b85a7
p4|hopper-expert-v2|10|0,p4,hopper-expert-v2,10.0,0,1000000,d148dd742583575d280de6dabde6548ea9dfb7a21c13c9170e3468cc924ae4c9,d2f05c794f649da10f1dd3e770ca5b198d9389c9bd14c52676deb6b8b1d5f8df,120ba337c40de4d480e77fbe43977680677c27aef1b2b780c48493bbbc18f43f,01aa219a5f8eea5e639eccdc636ec2bf40e317159a95cf4bf6e985f16909941b,ecf8f2f7d4058e9aaace2dd899fc538f21a730aec9d86b61e11df650d7839596,0660dc3dea44deec1245ce21a644b593d9dfdffe0a4468a4d5691fb6a63e4e5a,4a10c2ee1230846ca50db3f817bf3c6b85b2aac67e43821fb100047af87d5f03,15.664172453705415,collapsed,within_run_online_critic,9f931c8a9bf4bdf71af190ddfc6de72a6ddcb7924d1f294b1b8571fb2706c37a,posthoc_final_checkpoint_one_adam_step,False,2,4,2.5,349.1546946035156,0.014320300076955218,500000,500001,0.004335501755252658,0.004335501755252658,0.003872413677806108,0.003872413677806108,-4.995664295701925,-4.996127383779371,-4.9999997974571775,349.1756660910323,349.1758110327646,349.15468045976013,0.004636022292374793,0.004175009824027511,True,raw/hopper-expert-v2/hopper-expert-v2_tau10_mpi4_seed0.npz,60ad5edba1194e2b5e734e6b90a40b4114a209450734101c38ea848551873f7e
p4|hopper-expert-v2|10|0,p4,hopper-expert-v2,10.0,0,1000000,d148dd742583575d280de6dabde6548ea9dfb7a21c13c9170e3468cc924ae4c9,d2f05c794f649da10f1dd3e770ca5b198d9389c9bd14c52676deb6b8b1d5f8df,120ba337c40de4d480e77fbe43977680677c27aef1b2b780c48493bbbc18f43f,01aa219a5f8eea5e639eccdc636ec2bf40e317159a95cf4bf6e985f16909941b,ecf8f2f7d4058e9aaace2dd899fc538f21a730aec9d86b61e11df650d7839596,0660dc3dea44deec1245ce21a644b593d9dfdffe0a4468a4d5691fb6a63e4e5a,4a10c2ee1230846ca50db3f817bf3c6b85b2aac67e43821fb100047af87d5f03,15.664172453705415,collapsed,within_run_online_critic,9f931c8a9bf4bdf71af190ddfc6de72a6ddcb7924d1f294b1b8571fb2706c37a,posthoc_final_checkpoint_one_adam_step,False,3,4,2.5,349.1756601796875,0.014319440242275123,500000,500001,0.003103440006067437,0.003103440006067437,0.002804879548823358,0.002804879548823358,-4.996896644641082,-4.997195205098326,-5.00000008464715,349.2019054973498,349.2011195467785,349.1756660910323,0.003479173616822775,0.0031693587873398072,True,raw/hopper-expert-v2/hopper-expert-v2_tau10_mpi4_seed0.npz,60ad5edba1194e2b5e734e6b90a40b4114a209450734101c38ea848551873f7e
p4|hopper-expert-v2|10|0,p4,hopper-expert-v2,10.0,0,1000000,d148dd742583575d280de6dabde6548ea9dfb7a21c13c9170e3468cc924ae4c9,d2f05c794f649da10f1dd3e770ca5b198d9389c9bd14c52676deb6b8b1d5f8df,120ba337c40de4d480e77fbe43977680677c27aef1b2b780c48493bbbc18f43f,01aa219a5f8eea5e639eccdc636ec2bf40e317159a95cf4bf6e985f16909941b,ecf8f2f7d4058e9aaace2dd899fc538f21a730aec9d86b61e11df650d7839596,0660dc3dea44deec1245ce21a644b593d9dfdffe0a4468a4d5691fb6a63e4e5a,4a10c2ee1230846ca50db3f817bf3c6b85b2aac67e43821fb100047af87d5f03,15.664172453705415,collapsed,within_run_online_critic,9f931c8a9bf4bdf71af190ddfc6de72a6ddcb7924d1f294b1b8571fb2706c37a,posthoc_final_checkpoint_one_adam_step,False,4,4,2.5,349.201905296875,0.014318364029970672,500000,500001,0.003301848757113035,0.003301848757113035,0.003033405659720323,0.003033405659720323,-4.996698154113358,-4.996966597210751,-5.000000002870471,349.22571284417063,349.2260341597721,349.2019054973498,0.003642731015481972,0.0033788886318391075,True,raw/hopper-expert-v2/hopper-expert-v2_tau10_mpi4_seed0.npz,60ad5edba1194e2b5e734e6b90a40b4114a209450734101c38ea848551873f7e
p3|hopper-expert-v2|10|1,p3,hopper-expert-v2,10.0,1,1000000,4bbec6bae7a04cc499d4faa022c7cd68314dc41c1fa10a09419323529c87ed73,2efda1508f99a22f02384bd2b02295540c4398d0533d85e46820520b8eb683a2,de7f148b5b7f6303daf6537a8098abb47a235ef12ddbd21803025bbbd2a44b50,01aa219a5f8eea5e639eccdc636ec2bf40e317159a95cf4bf6e985f16909941b,ecf8f2f7d4058e9aaace2dd899fc538f21a730aec9d86b61e11df650d7839596,0660dc3dea44deec1245ce21a644b593d9dfdffe0a4468a4d5691fb6a63e4e5a,4a10c2ee1230846ca50db3f817bf3c6b85b2aac67e43821fb100047af87d5f03,5.283852162276792,collapsed,within_run_online_critic,22e4b78bfe9231ff6d012c5553b0615d232174053db46799ff3ebbea84dc9838,posthoc_final_checkpoint_one_adam_step,False,2,3,3.3333333333333335,154121984.000001,4.3255780218003314e-08,500000,500001,-0.03519780084830959,0.0,-0.03552792581391184,0.0,-6.701862861997704,-6.702192986963306,-6.666665061149394,155882684.7821045,155874663.19348145,154121946.8831749,0.040964290729298566,0.04028718568921816,True,raw/hopper-expert-v2/hopper-expert-v2_tau10_mpi3_seed1.npz,29b30ea210133ecdec7db79356d69e0e06cd051a8855a9b65038dc1b57a28b11
p3|hopper-expert-v2|10|1,p3,hopper-expert-v2,10.0,1,1000000,4bbec6bae7a04cc499d4faa022c7cd68314dc41c1fa10a09419323529c87ed73,2efda1508f99a22f02384bd2b02295540c4398d0533d85e46820520b8eb683a2,de7f148b5b7f6303daf6537a8098abb47a235ef12ddbd21803025bbbd2a44b50,01aa219a5f8eea5e639eccdc636ec2bf40e317159a95cf4bf6e985f16909941b,ecf8f2f7d4058e9aaace2dd899fc538f21a730aec9d86b61e11df650d7839596,0660dc3dea44deec1245ce21a644b593d9dfdffe0a4468a4d5691fb6a63e4e5a,4a10c2ee1230846ca50db3f817bf3c6b85b2aac67e43821fb100047af87d5f03,5.283852162276792,collapsed,within_run_online_critic,22e4b78bfe9231ff6d012c5553b0615d232174053db46799ff3ebbea84dc9838,posthoc_final_checkpoint_one_adam_step,False,3,3,3.3333333333333335,155882688.000001,4.2767203672203954e-08,500000,500001,-0.0259200753158515,0.0,-0.025953435851743478,0.0,-6.6925866043620825,-6.6926199648979745,-6.666666529046231,157220127.2364502,157220569.27941895,155882684.7821045,0.03127859852900403,0.03126414293478757,True,raw/hopper-expert-v2/hopper-expert-v2_tau10_mpi3_seed1.npz,29b30ea210133ecdec7db79356d69e0e06cd051a8855a9b65038dc1b57a28b11
p4|hopper-expert-v2|10|1,p4,hopper-expert-v2,10.0,1,1000000,843690ab9010aa21d49468a38b227320469e04117c93140352e64ed307e36f0d,9d4b70b16b758241c3d2eb2fec8b14c54013fb3c1a127cbb64c574fddaadfd29,7ec0cd2fd5d2d96d369f3210cc892d371335568d6aa5f7a09fcd303f72e5dd61,01aa219a5f8eea5e639eccdc636ec2bf40e317159a95cf4bf6e985f16909941b,ecf8f2f7d4058e9aaace2dd899fc538f21a730aec9d86b61e11df650d7839596,0660dc3dea44deec1245ce21a644b593d9dfdffe0a4468a4d5691fb6a63e4e5a,4a10c2ee1230846ca50db3f817bf3c6b85b2aac67e43821fb100047af87d5f03,105.0081430926931,stable,within_run_online_critic,f031dc6dcff12950b19ad03d4c2c2b98fbfc24b97ad823aa6e03ee69d153ebf6,posthoc_final_checkpoint_one_adam_step,False,2,4,2.5,347.5497141347656,0.014386431053317465,500000,500001,0.0035583004542223406,0.0035583004542223406,0.0031844493642960714,0.0031844493642960714,-4.996441922224078,-4.996815773314005,-5.000000222678301,347.5661594774574,347.56684800144285,347.5497296131216,0.003794667564705224,0.0034307218776243966,True,raw/hopper-expert-v2/hopper-expert-v2_tau10_mpi4_seed1.npz,5f236a1a1e408db415b9bde1dc27c55d33191454636484c4b13a2b151c5fd6e6
p4|hopper-expert-v2|10|1,p4,hopper-expert-v2,10.0,1,1000000,843690ab9010aa21d49468a38b227320469e04117c93140352e64ed307e36f0d,9d4b70b16b758241c3d2eb2fec8b14c54013fb3c1a127cbb64c574fddaadfd29,7ec0cd2fd5d2d96d369f3210cc892d371335568d6aa5f7a09fcd303f72e5dd61,01aa219a5f8eea5e639eccdc636ec2bf40e317159a95cf4bf6e985f16909941b,ecf8f2f7d4058e9aaace2dd899fc538f21a730aec9d86b61e11df650d7839596,0660dc3dea44deec1245ce21a644b593d9dfdffe0a4468a4d5691fb6a63e4e5a,4a10c2ee1230846ca50db3f817bf3c6b85b2aac67e43821fb100047af87d5f03,105.0081430926931,stable,within_run_online_critic,f031dc6dcff12950b19ad03d4c2c2b98fbfc24b97ad823aa6e03ee69d153ebf6,posthoc_final_checkpoint_one_adam_step,False,3,4,2.5,347.566163109375,0.01438575019866522,500000,500001,0.002635265481595539,0.002635265481595539,0.0024537534044339893,0.0024537534044339893,-4.997364682270545,-4.997546194347707,-4.999999947752141,347.58184736734256,347.58173067169264,347.5661594774574,0.0028609475466279434,0.0026777567149969517,True,raw/hopper-expert-v2/hopper-expert-v2_tau10_mpi4_seed1.npz,5f236a1a1e408db415b9bde1dc27c55d33191454636484c4b13a2b151c5fd6e6
p4|hopper-expert-v2|10|1,p4,hopper-expert-v2,10.0,1,1000000,843690ab9010aa21d49468a38b227320469e04117c93140352e64ed307e36f0d,9d4b70b16b758241c3d2eb2fec8b14c54013fb3c1a127cbb64c574fddaadfd29,7ec0cd2fd5d2d96d369f3210cc892d371335568d6aa5f7a09fcd303f72e5dd61,01aa219a5f8eea5e639eccdc636ec2bf40e317159a95cf4bf6e985f16909941b,ecf8f2f7d4058e9aaace2dd899fc538f21a730aec9d86b61e11df650d7839596,0660dc3dea44deec1245ce21a644b593d9dfdffe0a4468a4d5691fb6a63e4e5a,4a10c2ee1230846ca50db3f817bf3c6b85b2aac67e43821fb100047af87d5f03,105.0081430926931,stable,within_run_online_critic,f031dc6dcff12950b19ad03d4c2c2b98fbfc24b97ad823aa6e03ee69d153ebf6,posthoc_final_checkpoint_one_adam_step,False,4,4,2.5,347.58184914453125,0.014385100983569783,500000,500001,0.003442667134038402,0.003442667134038402,0.003165649178949792,0.003165649178949792,-4.9965573073009235,-4.996834325256012,-4.999999974434962,347.60255811549723,347.6014567245729,347.58184736734256,0.0037405933376879557,0.0034477317629307905,True,raw/hopper-expert-v2/hopper-expert-v2_tau10_mpi4_seed1.npz,5f236a1a1e408db415b9bde1dc27c55d33191454636484c4b13a2b151c5fd6e6
p3|hopper-expert-v2|14|0,p3,hopper-expert-v2,14.0,0,1000000,bf7c150f69f0b87fea75c370fe8748d8a4b13d8811c4ea910772dae5018b6009,995cf49bb7a550d97cac62f50881651261a75cae3e27f8cdf63e059a1eb3fb21,bfeb4702a44feba59c6a6510fb0bca970f7bc971e89757f5669a76aaf9989c1c,01aa219a5f8eea5e639eccdc636ec2bf40e317159a95cf4bf6e985f16909941b,ecf8f2f7d4058e9aaace2dd899fc538f21a730aec9d86b61e11df650d7839596,0660dc3dea44deec1245ce21a644b593d9dfdffe0a4468a4d5691fb6a63e4e5a,4a10c2ee1230846ca50db3f817bf3c6b85b2aac67e43821fb100047af87d5f03,1.8918099001232405,collapsed,within_run_online_critic,f06eef126b7a2226aecd4f3ba6b6d73a9616535406090f3bae52f4a2cec925b7,posthoc_final_checkpoint_one_adam_step,False,2,3,4.666666666666667,345662208.000001,2.7001312603237514e-08,500000,500001,-0.04022000780669188,0.0,-0.04090420182701848,0.0,-9.373552622440998,-9.374236816461325,-9.333332614634307,348805063.58984375,348806417.4375,345662181.3828125,0.04464193714051048,0.04399429878396893,True,raw/hopper-expert-v2/hopper-expert-v2_tau14_mpi3_seed0.npz,8849bcbd2f2010e1722551876d744f81baf7f42e862ccf8cc7931a71cc0bee66
p3|hopper-expert-v2|14|0,p3,hopper-expert-v2,14.0,0,1000000,bf7c150f69f0b87fea75c370fe8748d8a4b13d8811c4ea910772dae5018b6009,995cf49bb7a550d97cac62f50881651261a75cae3e27f8cdf63e059a1eb3fb21,bfeb4702a44feba59c6a6510fb0bca970f7bc971e89757f5669a76aaf9989c1c,01aa219a5f8eea5e639eccdc636ec2bf40e317159a95cf4bf6e985f16909941b,ecf8f2f7d4058e9aaace2dd899fc538f21a730aec9d86b61e11df650d7839596,0660dc3dea44deec1245ce21a644b593d9dfdffe0a4468a4d5691fb6a63e4e5a,4a10c2ee1230846ca50db3f817bf3c6b85b2aac67e43821fb100047af87d5f03,1.8918099001232405,collapsed,within_run_online_critic,f06eef126b7a2226aecd4f3ba6b6d73a9616535406090f3bae52f4a2cec925b7,posthoc_final_checkpoint_one_adam_step,False,3,3,4.666666666666667,348805056.000001,2.6758021917358063e-08,500000,500001,-0.029969127849918564,0.0,-0.030123935621682918,0.0,-9.36330266427243,-9.363457472044194,-9.333333536422511,351190763.28515625,351193917.58203125,348805063.58984375,0.03386747688548758,0.033797071858638984,True,raw/hopper-expert-v2/hopper-expert-v2_tau14_mpi3_seed0.npz,8849bcbd2f2010e1722551876d744f81baf7f42e862ccf8cc7931a71cc0bee66
p4|hopper-expert-v2|14|0,p4,hopper-expert-v2,14.0,0,1000000,8b23c030b210a5e2a2a4f985c0d4554a8142833804d8305742c0ebb9d1eca39d,9571cae5da46866b9a6e4ac23a97c7c7556744de62fea06e84813e096f163145,50c3a981fff26d43511543f2f092ddd383a90ae46e708d738dc282ef069227b2,01aa219a5f8eea5e639eccdc636ec2bf40e317159a95cf4bf6e985f16909941b,ecf8f2f7d4058e9aaace2dd899fc538f21a730aec9d86b61e11df650d7839596,0660dc3dea44deec1245ce21a644b593d9dfdffe0a4468a4d5691fb6a63e4e5a,4a10c2ee1230846ca50db3f817bf3c6b85b2aac67e43821fb100047af87d5f03,0.7156004821817028,collapsed,within_run_online_critic,2ee2e4d41e5b2e64487c56547ca502b04a8904d70111544ab9edbfa686e9406a,posthoc_final_checkpoint_one_adam_step,False,2,4,3.5,30570420.000001,2.289795168008739e-07,500000,500001,-0.05551746327152873,0.0,-0.055831952591732126,0.0,-7.055517731047639,-7.055832220367843,-7.000000267776111,31056637.530273438,31056604.201171875,30570421.169433594,0.05581612409425818,0.055494003092483764,True,raw/hopper-expert-v2/hopper-expert-v2_tau14_mpi4_seed0.npz,4ecdc17cac45ada8da01ed669b2a08a113da6f17d002796f5ed063408088b335
p4|hopper-expert-v2|14|0,p4,hopper-expert-v2,14.0,0,1000000,8b23c030b210a5e2a2a4f985c0d4554a8142833804d8305742c0ebb9d1eca39d,9571cae5da46866b9a6e4ac23a97c7c7556744de62fea06e84813e096f163145,50c3a981fff26d43511543f2f092ddd383a90ae46e708d738dc282ef069227b2,01aa219a5f8eea5e639eccdc636ec2bf40e317159a95cf4bf6e985f16909941b,ecf8f2f7d4058e9aaace2dd899fc538f21a730aec9d86b61e11df650d7839596,0660dc3dea44deec1245ce21a644b593d9dfdffe0a4468a4d5691fb6a63e4e5a,4a10c2ee1230846ca50db3f817bf3c6b85b2aac67e43821fb100047af87d5f03,0.7156004821817028,collapsed,within_run_online_critic,2ee2e4d41e5b2e64487c56547ca502b04a8904d70111544ab9edbfa686e9406a,posthoc_final_checkpoint_one_adam_step,False,3,4,3.5,31056636.000001,2.2539466283469256e-07,500000,500001,-0.027072569207009067,0.0,-0.027280917164896223,0.0,-7.027072914122249,-7.027281262080137,-7.00000034491524,31315191.552734375,31316707.81640625,31056637.530273438,0.031204127510127216,0.03133753729133137,True,raw/hopper-expert-v2/hopper-expert-v2_tau14_mpi4_seed0.npz,4ecdc17cac45ada8da01ed669b2a08a113da6f17d002796f5ed063408088b335
p4|hopper-expert-v2|14|0,p4,hopper-expert-v2,14.0,0,1000000,8b23c030b210a5e2a2a4f985c0d4554a8142833804d8305742c0ebb9d1eca39d,9571cae5da46866b9a6e4ac23a97c7c7556744de62fea06e84813e096f163145,50c3a981fff26d43511543f2f092ddd383a90ae46e708d738dc282ef069227b2,01aa219a5f8eea5e639eccdc636ec2bf40e317159a95cf4bf6e985f16909941b,ecf8f2f7d4058e9aaace2dd899fc538f21a730aec9d86b61e11df650d7839596,0660dc3dea44deec1245ce21a644b593d9dfdffe0a4468a4d5691fb6a63e4e5a,4a10c2ee1230846ca50db3f817bf3c6b85b2aac67e43821fb100047af87d5f03,0.7156004821817028,collapsed,within_run_online_critic,2ee2e4d41e5b2e64487c56547ca502b04a8904d70111544ab9edbfa686e9406a,posthoc_final_checkpoint_one_adam_step,False,4,4,3.5,31315192.000001,2.2353367656183546e-07,500000,500001,-0.011771927095890256,0.0,-0.012196135300555078,0.0,-7.011771827116738,-7.012196035321403,-6.999999900020848,31460003.950683594,31460130.251953125,31315191.552734375,0.020598520629434704,0.020202545011901624,True,raw/hopper-expert-v2/hopper-expert-v2_tau14_mpi4_seed0.npz,4ecdc17cac45ada8da01ed669b2a08a113da6f17d002796f5ed063408088b335
p3|hopper-expert-v2|14|1,p3,hopper-expert-v2,14.0,1,1000000,7188b849c9305b97405e24f8a5e7fd9826de10c9136d59ae4aa2f38c6b7c164e,f47ee69cb3bb39cbd5644d9289a2cdb9b8b5f26f6b5c381657414938aaf2d83d,f1ba4a9ecef6785252e2c4186fae9f3a59aa845d4968964f06f1ef875380b4cb,01aa219a5f8eea5e639eccdc636ec2bf40e317159a95cf4bf6e985f16909941b,ecf8f2f7d4058e9aaace2dd899fc538f21a730aec9d86b61e11df650d7839596,0660dc3dea44deec1245ce21a644b593d9dfdffe0a4468a4d5691fb6a63e4e5a,4a10c2ee1230846ca50db3f817bf3c6b85b2aac67e43821fb100047af87d5f03,1.819903610444258,collapsed,within_run_online_critic,fad6b778c8a52ba61886a2366e6594b984e0b5575abc03cd71cc61666c5c8a23,posthoc_final_checkpoint_one_adam_step,False,2,3,4.666666666666667,152691376128.0,6.112547787577258e-11,500000,500001,-0.05378084413624862,0.0,-0.05382486624618643,0.0,-9.38514594799482,-9.385189970104758,-9.331365103858571,154499032025.8667,154497194047.1167,152659176306.53174,0.05868121593057468,0.058524846491216385,True,raw/hopper-expert-v2/hopper-expert-v2_tau14_mpi3_seed1.npz,fb085799f29e728d77fbdf0e0f822939cba590dd7c3aa5dbd8e684d1494dd626
p3|hopper-expert-v2|14|1,p3,hopper-expert-v2,14.0,1,1000000,7188b849c9305b97405e24f8a5e7fd9826de10c9136d59ae4aa2f38c6b7c164e,f47ee69cb3bb39cbd5644d9289a2cdb9b8b5f26f6b5c381657414938aaf2d83d,f1ba4a9ecef6785252e2c4186fae9f3a59aa845d4968964f06f1ef875380b4cb,01aa219a5f8eea5e639eccdc636ec2bf40e317159a95cf4bf6e985f16909941b,ecf8f2f7d4058e9aaace2dd899fc538f21a730aec9d86b61e11df650d7839596,0660dc3dea44deec1245ce21a644b593d9dfdffe0a4468a4d5691fb6a63e4e5a,4a10c2ee1230846ca50db3f817bf3c6b85b2aac67e43821fb100047af87d5f03,1.819903610444258,collapsed,within_run_online_critic,fad6b778c8a52ba61886a2366e6594b984e0b5575abc03cd71cc61666c5c8a23,posthoc_final_checkpoint_one_adam_step,False,3,3,4.666666666666667,154525466624.0,6.039996860869362e-11,500000,500001,-0.01981153765258803,0.0,-0.01987189258182198,0.0,-9.351548222088487,-9.351608577017721,-9.3317366844359,155174727152.43262,155173931517.125,154499032025.8667,0.02100042678104208,0.02089201550420203,True,raw/hopper-expert-v2/hopper-expert-v2_tau14_mpi3_seed1.npz,fb085799f29e728d77fbdf0e0f822939cba590dd7c3aa5dbd8e684d1494dd626
p4|hopper-expert-v2|14|1,p4,hopper-expert-v2,14.0,1,1000000,4c7e80ee7d1f17786ad234a912be1265c45e2555fbbc5e07f27af4b9514c4cd9,cbdabb48e9e2a79134ca03e8f5f2cac61fc102a34d7427689e7ce2d1917d1624,9c2b7dab97a8eb84ae53917ef2ef43a555284a0da470ff7722f511461c866d60,01aa219a5f8eea5e639eccdc636ec2bf40e317159a95cf4bf6e985f16909941b,ecf8f2f7d4058e9aaace2dd899fc538f21a730aec9d86b61e11df650d7839596,0660dc3dea44deec1245ce21a644b593d9dfdffe0a4468a4d5691fb6a63e4e5a,4a10c2ee1230846ca50db3f817bf3c6b85b2aac67e43821fb100047af87d5f03,2.0032105937904303,collapsed,within_run_online_critic,13f18666c532b4b474bcce27be8c7a5c583ec76a476197ec836a05e0ecab5410,posthoc_final_checkpoint_one_adam_step,False,2,4,3.5,110867232.000001,6.313858363488264e-08,500000,500001,-0.032481404599785435,0.0,-0.03285009553715312,0.0,-7.032481400530243,-7.032850091467611,-6.999999995930458,111952262.66699219,111951579.78222656,110867231.93554688,0.03602589898399288,0.03561409166973712,True,raw/hopper-expert-v2/hopper-expert-v2_tau14_mpi4_seed1.npz,884a3b06728f9ec62e74c59b2d5653b68495a854b074657eb920c3435f3a4e8e
p4|hopper-expert-v2|14|1,p4,hopper-expert-v2,14.0,1,1000000,4c7e80ee7d1f17786ad234a912be1265c45e2555fbbc5e07f27af4b9514c4cd9,cbdabb48e9e2a79134ca03e8f5f2cac61fc102a34d7427689e7ce2d1917d1624,9c2b7dab97a8eb84ae53917ef2ef43a555284a0da470ff7722f511461c866d60,01aa219a5f8eea5e639eccdc636ec2bf40e317159a95cf4bf6e985f16909941b,ecf8f2f7d4058e9aaace2dd899fc538f21a730aec9d86b61e11df650d7839596,0660dc3dea44deec1245ce21a644b593d9dfdffe0a4468a4d5691fb6a63e4e5a,4a10c2ee1230846ca50db3f817bf3c6b85b2aac67e43821fb100047af87d5f03,2.0032105937904303,collapsed,within_run_online_critic,13f18666c532b4b474bcce27be8c7a5c583ec76a476197ec836a05e0ecab5410,posthoc_final_checkpoint_one_adam_step,False,3,4,3.5,111952264.000001,6.252664975136133e-08,500000,500001,-0.024484103392715006,0.0,-0.024523801561314507,0.0,-7.02448402004414,-7.024523718212739,-6.999999916651425,112834805.640625,112832617.41894531,111952262.66699219,0.030698352010149216,0.03052183167100539,True,raw/hopper-expert-v2/hopper-expert-v2_tau14_mpi4_seed1.npz,884a3b06728f9ec62e74c59b2d5653b68495a854b074657eb920c3435f3a4e8e
p4|hopper-expert-v2|14|1,p4,hopper-expert-v2,14.0,1,1000000,4c7e80ee7d1f17786ad234a912be1265c45e2555fbbc5e07f27af4b9514c4cd9,cbdabb48e9e2a79134ca03e8f5f2cac61fc102a34d7427689e7ce2d1917d1624,9c2b7dab97a8eb84ae53917ef2ef43a555284a0da470ff7722f511461c866d60,01aa219a5f8eea5e639eccdc636ec2bf40e317159a95cf4bf6e985f16909941b,ecf8f2f7d4058e9aaace2dd899fc538f21a730aec9d86b61e11df650d7839596,0660dc3dea44deec1245ce21a644b593d9dfdffe0a4468a4d5691fb6a63e4e5a,4a10c2ee1230846ca50db3f817bf3c6b85b2aac67e43821fb100047af87d5f03,2.0032105937904303,collapsed,within_run_online_critic,13f18666c532b4b474bcce27be8c7a5c583ec76a476197ec836a05e0ecab5410,posthoc_final_checkpoint_one_adam_step,False,4,4,3.5,112834808.000001,6.203759393112042e-08,500000,500001,-0.011539410625712954,0.0,-0.012098744880344015,0.0,-7.011539264255703,-7.012098598510334,-6.99999985362999,113364634.39355469,113369634.50292969,112834805.640625,0.021329890401570576,0.02108075090195703,True,raw/hopper-expert-v2/hopper-expert-v2_tau14_mpi4_seed1.npz,884a3b06728f9ec62e74c59b2d5653b68495a854b074657eb920c3435f3a4e8e
p3|hopper-expert-v2|20|0,p3,hopper-expert-v2,20.0,0,1000000,1caf30588acbff4503856285473c381e86d4c9e6b6ae7fa85c00b87e947806d9,851104dfa250ef41183e377ad88147eaecbce0c5a3130c1b97b6a619443e7dd2,25f9df7566c0a4d2194a5619c0df20ff7ad3c96ed9b850c647c9738618b8037c,01aa219a5f8eea5e639eccdc636ec2bf40e317159a95cf4bf6e985f16909941b,ecf8f2f7d4058e9aaace2dd899fc538f21a730aec9d86b61e11df650d7839596,0660dc3dea44deec1245ce21a644b593d9dfdffe0a4468a4d5691fb6a63e4e5a,4a10c2ee1230846ca50db3f817bf3c6b85b2aac67e43821fb100047af87d5f03,1.8196078126231339,collapsed,within_run_online_critic,c409f67a414a449c3578deff0e811e402019eba40a61cf2a5b002cb4576cd885,posthoc_final_checkpoint_one_adam_step,False,2,3,6.666666666666667,604058812416.0,2.207290591458337e-11,500000,500001,-0.042990219871766655,0.0,-0.04304620491260813,0.0,-13.37632473138784,-13.376380716428681,-13.333334511516073,607621779981.5,607631134401.5,604058865792.875,0.03565364979548738,0.035804143987190805,True,raw/hopper-expert-v2/hopper-expert-v2_tau20_mpi3_seed0.npz,763155d367004c96ddec68cc15785f823d533ebea1f22ff0529ec071edcd8851
p3|hopper-expert-v2|20|0,p3,hopper-expert-v2,20.0,0,1000000,1caf30588acbff4503856285473c381e86d4c9e6b6ae7fa85c00b87e947806d9,851104dfa250ef41183e377ad88147eaecbce0c5a3130c1b97b6a619443e7dd2,25f9df7566c0a4d2194a5619c0df20ff7ad3c96ed9b850c647c9738618b8037c,01aa219a5f8eea5e639eccdc636ec2bf40e317159a95cf4bf6e985f16909941b,ecf8f2f7d4058e9aaace2dd899fc538f21a730aec9d86b61e11df650d7839596,0660dc3dea44deec1245ce21a644b593d9dfdffe0a4468a4d5691fb6a63e4e5a,4a10c2ee1230846ca50db3f817bf3c6b85b2aac67e43821fb100047af87d5f03,1.8196078126231339,collapsed,within_run_online_critic,c409f67a414a449c3578deff0e811e402019eba40a61cf2a5b002cb4576cd885,posthoc_final_checkpoint_one_adam_step,False,3,3,6.666666666666667,607621808128.0,2.1943473975056158e-11,500000,500001,-0.015091653735337829,0.0,-0.015102044191966257,0.0,-13.348424369436682,-13.34843475989331,-13.333332715701344,609369657269.0,609369211077.5,607621779981.5,0.023262846034510305,0.023242664586315364,True,raw/hopper-expert-v2/hopper-expert-v2_tau20_mpi3_seed0.npz,763155d367004c96ddec68cc15785f823d533ebea1f22ff0529ec071edcd8851
p4|hopper-expert-v2|20|0,p4,hopper-expert-v2,20.0,0,1000000,e97787bee699c4e1a0fc62bcfb138625af55c2347e927868ad4a8425654ad157,0e2846829ddc5c1b3b688ef72b7633a83b6a397722e9d74c945856ec98759ca8,0c60e560dbf0edc4ab6c409f7bbf340843fe96d0bd908ed7480fd13207dbdc89,01aa219a5f8eea5e639eccdc636ec2bf40e317159a95cf4bf6e985f16909941b,ecf8f2f7d4058e9aaace2dd899fc538f21a730aec9d86b61e11df650d7839596,0660dc3dea44deec1245ce21a644b593d9dfdffe0a4468a4d5691fb6a63e4e5a,4a10c2ee1230846ca50db3f817bf3c6b85b2aac67e43821fb100047af87d5f03,0.6418571648301371,collapsed,within_run_online_critic,c1763d4cc5f7945909fa715ffc35a7f7aba3b24f27041ee6991790e358564710,posthoc_final_checkpoint_one_adam_step,False,2,4,5.0,12756674.000001,7.839033904918489e-07,500000,500001,-0.05517646935763665,0.0,-0.055523750597364696,0.0,-10.055176991472681,-10.05552427271241,-10.000000522115045,12893391.758728027,12893396.034729004,12756674.666046143,0.051996523133882,0.05165259386581691,True,raw/hopper-expert-v2/hopper-expert-v2_tau20_mpi4_seed0.npz,b5a13c8c7408dc82f379c3e591e1eb703ac5320d8bc6c97b9e1e790880631c08
p4|hopper-expert-v2|20|0,p4,hopper-expert-v2,20.0,0,1000000,e97787bee699c4e1a0fc62bcfb138625af55c2347e927868ad4a8425654ad157,0e2846829ddc5c1b3b688ef72b7633a83b6a397722e9d74c945856ec98759ca8,0c60e560dbf0edc4ab6c409f7bbf340843fe96d0bd908ed7480fd13207dbdc89,01aa219a5f8eea5e639eccdc636ec2bf40e317159a95cf4bf6e985f16909941b,ecf8f2f7d4058e9aaace2dd899fc538f21a730aec9d86b61e11df650d7839596,0660dc3dea44deec1245ce21a644b593d9dfdffe0a4468a4d5691fb6a63e4e5a,4a10c2ee1230846ca50db3f817bf3c6b85b2aac67e43821fb100047af87d5f03,0.6418571648301371,collapsed,within_run_online_critic,c1763d4cc5f7945909fa715ffc35a7f7aba3b24f27041ee6991790e358564710,posthoc_final_checkpoint_one_adam_step,False,3,4,5.0,12893392.000001,7.75591093484106e-07,500000,500001,-0.02928130777176996,0.0,-0.02936420917940019,0.0,-10.029281120642601,-10.029364022050231,-9.999999812870831,12978605.274414062,12978062.1980896,12893391.758728027,0.03680953603878918,0.03630542947082192,True,raw/hopper-expert-v2/hopper-expert-v2_tau20_mpi4_seed0.npz,b5a13c8c7408dc82f379c3e591e1eb703ac5320d8bc6c97b9e1e790880631c08
p4|hopper-expert-v2|20|0,p4,hopper-expert-v2,20.0,0,1000000,e97787bee699c4e1a0fc62bcfb138625af55c2347e927868ad4a8425654ad157,0e2846829ddc5c1b3b688ef72b7633a83b6a397722e9d74c945856ec98759ca8,0c60e560dbf0edc4ab6c409f7bbf340843fe96d0bd908ed7480fd13207dbdc89,01aa219a5f8eea5e639eccdc636ec2bf40e317159a95cf4bf6e985f16909941b,ecf8f2f7d4058e9aaace2dd899fc538f21a730aec9d86b61e11df650d7839596,0660dc3dea44deec1245ce21a644b593d9dfdffe0a4468a4d5691fb6a63e4e5a,4a10c2ee1230846ca50db3f817bf3c6b85b2aac67e43821fb100047af87d5f03,0.6418571648301371,collapsed,within_run_online_critic,c1763d4cc5f7945909fa715ffc35a7f7aba3b24f27041ee6991790e358564710,posthoc_final_checkpoint_one_adam_step,False,4,4,5.0,12978605.000001,7.704988325015847e-07,500000,500001,-0.006530937671936243,0.0,-0.007349836415599498,0.0,-10.00653114910688,-10.007350047850544,-10.000000211434944,13024324.950958252,13024034.63180542,12978605.274414062,0.028696019727713646,0.02765343041573998,True,raw/hopper-expert-v2/hopper-expert-v2_tau20_mpi4_seed0.npz,b5a13c8c7408dc82f379c3e591e1eb703ac5320d8bc6c97b9e1e790880631c08
p3|hopper-expert-v2|20|1,p3,hopper-expert-v2,20.0,1,1000000,b1e6f4700abbf6d9761b3c5854812743437fffe0a10229c7a60dbcaead5e33ca,8dc0b811794e52060fba3dd9fb649e04b37a879951bef4c193cfcc4246c20d07,70911a5760160296f65ae5d98408d8ca5727e25b48aafd0aa5c2e711206b9f3c,01aa219a5f8eea5e639eccdc636ec2bf40e317159a95cf4bf6e985f16909941b,ecf8f2f7d4058e9aaace2dd899fc538f21a730aec9d86b61e11df650d7839596,0660dc3dea44deec1245ce21a644b593d9dfdffe0a4468a4d5691fb6a63e4e5a,4a10c2ee1230846ca50db3f817bf3c6b85b2aac67e43821fb100047af87d5f03,1.819903610444258,collapsed,within_run_online_critic,4373b94b740cb80a1362f81ab93d8c3192bb84d0a1eb510354acd8cefa2ff295,posthoc_final_checkpoint_one_adam_step,False,2,3,6.666666666666667,1687563796480.0,7.900935870480647e-12,500000,500001,-0.046539140506027366,0.0,-0.04664538908048854,0.0,-13.378323999241635,-13.378430247816096,-13.331784858735608,1697630742148.7874,1697637717024.7266,1687367810254.683,0.03454762623240125,0.03449648570544,True,raw/hopper-expert-v2/hopper-expert-v2_tau20_mpi3_seed1.npz,c1253627e6dd9ebe1f01bc5607a5ab2fccfc1fb1500a15e17a5ebacb7cc2b81d
p3|hopper-expert-v2|20|1,p3,hopper-expert-v2,20.0,1,1000000,b1e6f4700abbf6d9761b3c5854812743437fffe0a10229c7a60dbcaead5e33ca,8dc0b811794e52060fba3dd9fb649e04b37a879951bef4c193cfcc4246c20d07,70911a5760160296f65ae5d98408d8ca5727e25b48aafd0aa5c2e711206b9f3c,01aa219a5f8eea5e639eccdc636ec2bf40e317159a95cf4bf6e985f16909941b,ecf8f2f7d4058e9aaace2dd899fc538f21a730aec9d86b61e11df650d7839596,0660dc3dea44deec1245ce21a644b593d9dfdffe0a4468a4d5691fb6a63e4e5a,4a10c2ee1230846ca50db3f817bf3c6b85b2aac67e43821fb100047af87d5f03,1.819903610444258,collapsed,within_run_online_critic,4373b94b740cb80a1362f81ab93d8c3192bb84d0a1eb510354acd8cefa2ff295,posthoc_final_checkpoint_one_adam_step,False,3,3,6.666666666666667,1697812054016.0,7.853244593118952e-12,500000,500001,-0.010271286690228365,0.0,-0.01028083454273343,0.0,-13.342180733582707,-13.342190281435212,-13.331909446892478,1700853191438.6792,1700846529344.253,1697630742148.7874,0.01503539577221514,0.014973528862676772,True,raw/hopper-expert-v2/hopper-expert-v2_tau20_mpi3_seed1.npz,c1253627e6dd9ebe1f01bc5607a5ab2fccfc1fb1500a15e17a5ebacb7cc2b81d
p4|hopper-expert-v2|20|1,p4,hopper-expert-v2,20.0,1,1000000,f59312ca76c4bd09ec62e84b6ab27198ff187115dcd92c21a94d83aa6df0bba0,9e0c35a4d25ad656c8d2af6478eaf70dddce12907b7597d2f635b0e95f4ab99f,988fb29409d9900553757146c3f1a5568fe650f64c0b40305e99d967dc8f6890,01aa219a5f8eea5e639eccdc636ec2bf40e317159a95cf4bf6e985f16909941b,ecf8f2f7d4058e9aaace2dd899fc538f21a730aec9d86b61e11df650d7839596,0660dc3dea44deec1245ce21a644b593d9dfdffe0a4468a4d5691fb6a63e4e5a,4a10c2ee1230846ca50db3f817bf3c6b85b2aac67e43821fb100047af87d5f03,5.181512345393329,collapsed,within_run_online_critic,bd7f3dce3622288417e7e16555048451f7d08a5fccb904c3575af6a1009942d4,posthoc_final_checkpoint_one_adam_step,False,2,4,5.0,181758.078126,5.501818737909249e-05,500000,500001,-0.031161553503656236,0.0,-0.03163241182662446,0.0,-10.03009859222101,-10.030569450543979,-9.998937038717354,183067.64542770386,183062.7338294983,181738.7579460144,0.04195142696966331,0.04121034141629263,True,raw/hopper-expert-v2/hopper-expert-v2_tau20_mpi4_seed1.npz,4f53b842fc882afa4c15c3d3f2db5843edccb87630ee9770812372734906f5dd
p4|hopper-expert-v2|20|1,p4,hopper-expert-v2,20.0,1,1000000,f59312ca76c4bd09ec62e84b6ab27198ff187115dcd92c21a94d83aa6df0bba0,9e0c35a4d25ad656c8d2af6478eaf70dddce12907b7597d2f635b0e95f4ab99f,988fb29409d9900553757146c3f1a5568fe650f64c0b40305e99d967dc8f6890,01aa219a5f8eea5e639eccdc636ec2bf40e317159a95cf4bf6e985f16909941b,ecf8f2f7d4058e9aaace2dd899fc538f21a730aec9d86b61e11df650d7839596,0660dc3dea44deec1245ce21a644b593d9dfdffe0a4468a4d5691fb6a63e4e5a,4a10c2ee1230846ca50db3f817bf3c6b85b2aac67e43821fb100047af87d5f03,5.181512345393329,collapsed,within_run_online_critic,bd7f3dce3622288417e7e16555048451f7d08a5fccb904c3575af6a1009942d4,posthoc_final_checkpoint_one_adam_step,False,3,4,5.0,183086.390626,5.461902419840432e-05,500000,500001,-0.012412219045673467,0.0,-0.012697620513380414,0.0,-10.011388374606332,-10.011673776074039,-9.998976155560658,183872.12091064453,183874.29138755798,183067.64542770386,0.031527446824088444,0.03136059468743892,True,raw/hopper-expert-v2/hopper-expert-v2_tau20_mpi4_seed1.npz,4f53b842fc882afa4c15c3d3f2db5843edccb87630ee9770812372734906f5dd
p4|hopper-expert-v2|20|1,p4,hopper-expert-v2,20.0,1,1000000,f59312ca76c4bd09ec62e84b6ab27198ff187115dcd92c21a94d83aa6df0bba0,9e0c35a4d25ad656c8d2af6478eaf70dddce12907b7597d2f635b0e95f4ab99f,988fb29409d9900553757146c3f1a5568fe650f64c0b40305e99d967dc8f6890,01aa219a5f8eea5e639eccdc636ec2bf40e317159a95cf4bf6e985f16909941b,ecf8f2f7d4058e9aaace2dd899fc538f21a730aec9d86b61e11df650d7839596,0660dc3dea44deec1245ce21a644b593d9dfdffe0a4468a4d5691fb6a63e4e5a,4a10c2ee1230846ca50db3f817bf3c6b85b2aac67e43821fb100047af87d5f03,5.181512345393329,collapsed,within_run_online_critic,bd7f3dce3622288417e7e16555048451f7d08a5fccb904c3575af6a1009942d4,posthoc_final_checkpoint_one_adam_step,False,4,4,5.0,183890.406251,5.438021593334546e-05,500000,500001,-0.0016378860886572255,0.0,-0.0020760653937301754,0.0,-10.000643525331713,-10.001081704636785,-9.999005639243055,184379.97067165375,184384.51437187195,183872.12091064453,0.025979093576721717,0.025788001670651286,True,raw/hopper-expert-v2/hopper-expert-v2_tau20_mpi4_seed1.npz,4f53b842fc882afa4c15c3d3f2db5843edccb87630ee9770812372734906f5dd
p3|walker2d-medium-v2|4|0,p3,walker2d-medium-v2,4.0,0,1000000,306d0095e5017f362bf490f93866e87d011f7dd50d56fac3af19d750629e60ce,cd4ea73df0502e352249d7ebc9cca68ffff4addd54f3e30ca440dbb30db634f6,e809ffccb9d90538a46019c0cd695dc0cee2697f7cb4a0540ad4de73e81e20a9,cf00f43add04c17fdfc2958dd581dea0851b2e5bedbe6fda073758a8f841aeda,c19bca3b126ca1d11cac37f34394895aac57ccb18940e212d1df76ecdc035c00,a5e8ec78c782631fa1dd834df4627187c98b009822c39e8d0a59baaf7f35755a,babb1b8a8d7ec533403dabb79573aa1683a30b072eb0c5ccb371cc8f5da0eece,88.58572785825453,stable,within_run_online_critic,d136284b8512422f6ed8d7b5628e7e6cdd24209ae7c19e0020fcd2ebaccfdb09,posthoc_final_checkpoint_one_adam_step,False,2,3,1.3333333333333333,300.1181955800781,0.008885388176856279,500000,500001,0.0011180956759235805,0.0011180956759235805,0.0010090462196798988,0.0010090462196798988,-2.6655140650833578,-2.6656231145396014,-2.6666321607592813,300.5626552426256,300.5675444244407,300.1143121360801,0.005101798213997612,0.0050361910360484955,True,raw/walker2d-medium-v2/walker2d-medium-v2_tau4_mpi3_seed0.npz,b50d62810ceac573ebb3625c3be2eddf989c828f6d31b29c3b7263f61289239d
p3|walker2d-medium-v2|4|0,p3,walker2d-medium-v2,4.0,0,1000000,306d0095e5017f362bf490f93866e87d011f7dd50d56fac3af19d750629e60ce,cd4ea73df0502e352249d7ebc9cca68ffff4addd54f3e30ca440dbb30db634f6,e809ffccb9d90538a46019c0cd695dc0cee2697f7cb4a0540ad4de73e81e20a9,cf00f43add04c17fdfc2958dd581dea0851b2e5bedbe6fda073758a8f841aeda,c19bca3b126ca1d11cac37f34394895aac57ccb18940e212d1df76ecdc035c00,a5e8ec78c782631fa1dd834df4627187c98b009822c39e8d0a59baaf7f35755a,babb1b8a8d7ec533403dabb79573aa1683a30b072eb0c5ccb371cc8f5da0eece,88.58572785825453,stable,within_run_online_critic,d136284b8512422f6ed8d7b5628e7e6cdd24209ae7c19e0020fcd2ebaccfdb09,posthoc_final_checkpoint_one_adam_step,False,3,3,1.3333333333333333,300.56720070703125,0.00887211465653539,500000,500001,0.0016189525992476028,0.0016189525992476028,0.0015102425373418882,0.0015102425373418882,-2.665007386186045,-2.6651160962479508,-2.6666263387852926,300.8993020216003,300.9009655676782,300.5626552426256,0.004605721421064102,0.004511770530697647,True,raw/walker2d-medium-v2/walker2d-medium-v2_tau4_mpi3_seed0.npz,b50d62810ceac573ebb3625c3be2eddf989c828f6d31b29c3b7263f61289239d
p4|walker2d-medium-v2|4|0,p4,walker2d-medium-v2,4.0,0,1000000,938a797d5e0523ae05336232f5cadfe381716319520a1e5f87907fcd208f46a6,44b171c2b20d3716e17a0bde2279b3e31dc6083a6771d345fc6bb0124783708f,6319242609d24c43a324d430abc70fcf635fb9d8c9ae779741f8393cbc05eb89,cf00f43add04c17fdfc2958dd581dea0851b2e5bedbe6fda073758a8f841aeda,c19bca3b126ca1d11cac37f34394895aac57ccb18940e212d1df76ecdc035c00,a5e8ec78c782631fa1dd834df4627187c98b009822c39e8d0a59baaf7f35755a,babb1b8a8d7ec533403dabb79573aa1683a30b072eb0c5ccb371cc8f5da0eece,87.0739148260157,stable,within_run_online_critic,e5bd33bd5a18254733d9e9e4f1a83a6191695474ab592362421df98075254425,posthoc_final_checkpoint_one_adam_step,False,2,4,1.0,294.5035410390625,0.0067910898216830716,500000,500001,0.0017204185312948983,0.0017204185312948983,0.001556665694036008,0.001556665694036008,-1.9981665783172695,-1.9983303311545284,-1.9998869968485644,294.8651733105071,294.87187489226926,294.4869011249393,0.004289298920530006,0.004171057126965288,True,raw/walker2d-medium-v2/walker2d-medium-v2_tau4_mpi4_seed0.npz,9a3fdb42393e3bb6f805463b115e63516ce4a927a4700e45680b622c40d5e737
p4|walker2d-medium-v2|4|0,p4,walker2d-medium-v2,4.0,0,1000000,938a797d5e0523ae05336232f5cadfe381716319520a1e5f87907fcd208f46a6,44b171c2b20d3716e17a0bde2279b3e31dc6083a6771d345fc6bb0124783708f,6319242609d24c43a324d430abc70fcf635fb9d8c9ae779741f8393cbc05eb89,cf00f43add04c17fdfc2958dd581dea0851b2e5bedbe6fda073758a8f841aeda,c19bca3b126ca1d11cac37f34394895aac57ccb18940e212d1df76ecdc035c00,a5e8ec78c782631fa1dd834df4627187c98b009822c39e8d0a59baaf7f35755a,babb1b8a8d7ec533403dabb79573aa1683a30b072eb0c5ccb371cc8f5da0eece,87.0739148260157,stable,within_run_online_critic,e5bd33bd5a18254733d9e9e4f1a83a6191695474ab592362421df98075254425,posthoc_final_checkpoint_one_adam_step,False,3,4,1.0,294.88153176171875,0.006782384736173017,500000,500001,0.0017433579138081967,0.0017433579138081967,0.0016352562426593664,0.0016352562426593664,-1.9981456927763865,-1.9982537944475354,-1.9998890506901947,295.18991454155184,295.1911796575878,294.8651733105071,0.003945877882451857,0.003846356714995115,True,raw/walker2d-medium-v2/walker2d-medium-v2_tau4_mpi4_seed0.npz,9a3fdb42393e3bb6f805463b115e63516ce4a927a4700e45680b622c40d5e737
p4|walker2d-medium-v2|4|0,p4,walker2d-medium-v2,4.0,0,1000000,938a797d5e0523ae05336232f5cadfe381716319520a1e5f87907fcd208f46a6,44b171c2b20d3716e17a0bde2279b3e31dc6083a6771d345fc6bb0124783708f,6319242609d24c43a324d430abc70fcf635fb9d8c9ae779741f8393cbc05eb89,cf00f43add04c17fdfc2958dd581dea0851b2e5bedbe6fda073758a8f841aeda,c19bca3b126ca1d11cac37f34394895aac57ccb18940e212d1df76ecdc035c00,a5e8ec78c782631fa1dd834df4627187c98b009822c39e8d0a59baaf7f35755a,babb1b8a8d7ec533403dabb79573aa1683a30b072eb0c5ccb371cc8f5da0eece,87.0739148260157,stable,within_run_online_critic,e5bd33bd5a18254733d9e9e4f1a83a6191695474ab592362421df98075254425,posthoc_final_checkpoint_one_adam_step,False,4,4,1.0,295.2059030996094,0.0067749322726963,500000,500001,0.0023716795728769835,0.0023716795728769835,0.0022031407997176178,0.0022031407997176178,-1.9975199990291452,-1.9976885378023046,-1.9998916786020222,295.4740892744012,295.47194867812505,295.18991454155184,0.004296944141542903,0.004113902973589463,True,raw/walker2d-medium-v2/walker2d-medium-v2_tau4_mpi4_seed0.npz,9a3fdb42393e3bb6f805463b115e63516ce4a927a4700e45680b622c40d5e737
p3|walker2d-medium-v2|4|1,p3,walker2d-medium-v2,4.0,1,1000000,663004d3ff99721ad7c2026f7b91f567fca0816a2a5e89c2ad905f4fcac18bde,e391705840e5b60ec754d92837d953e79f593bbe3dc15baf992841189170b148,f8cdbc6cc67cea0021cf5b018e5bfa36ec3da2902fb34f1c987ef9424068523d,cf00f43add04c17fdfc2958dd581dea0851b2e5bedbe6fda073758a8f841aeda,c19bca3b126ca1d11cac37f34394895aac57ccb18940e212d1df76ecdc035c00,a5e8ec78c782631fa1dd834df4627187c98b009822c39e8d0a59baaf7f35755a,babb1b8a8d7ec533403dabb79573aa1683a30b072eb0c5ccb371cc8f5da0eece,88.61981437131817,stable,within_run_online_critic,32a82402af3d6f3842956bc780a9d41aa9469fc1163b9619b949a97b84579832,posthoc_final_checkpoint_one_adam_step,False,2,3,1.3333333333333333,304.0462961660156,0.008770594150604653,500000,500001,0.0013433107491169771,0.0013433107491169771,0.001081170634904538,0.001081170634904538,-2.665149974838097,-2.6654121149523093,-2.666493285587214,304.4843128684006,304.48157997727685,304.0265277128783,0.005358358556374759,0.005072249363257863,True,raw/walker2d-medium-v2/walker2d-medium-v2_tau4_mpi3_seed1.npz,52eb3c786cce25e5cd778918116232f5adbbe992c00269d665f3fec1aaf3d4eb
p3|walker2d-medium-v2|4|1,p3,walker2d-medium-v2,4.0,1,1000000,663004d3ff99721ad7c2026f7b91f567fca0816a2a5e89c2ad905f4fcac18bde,e391705840e5b60ec754d92837d953e79f593bbe3dc15baf992841189170b148,f8cdbc6cc67cea0021cf5b018e5bfa36ec3da2902fb34f1c987ef9424068523d,cf00f43add04c17fdfc2958dd581dea0851b2e5bedbe6fda073758a8f841aeda,c19bca3b126ca1d11cac37f34394895aac57ccb18940e212d1df76ecdc035c00,a5e8ec78c782631fa1dd834df4627187c98b009822c39e8d0a59baaf7f35755a,babb1b8a8d7ec533403dabb79573aa1683a30b072eb0c5ccb371cc8f5da0eece,88.61981437131817,stable,within_run_online_critic,32a82402af3d6f3842956bc780a9d41aa9469fc1163b9619b949a97b84579832,posthoc_final_checkpoint_one_adam_step,False,3,3,1.3333333333333333,304.4977121816406,0.008757591797852104,500000,500001,0.001373977699613782,0.001373977699613782,0.0012708695449354934,0.0012708695449354934,-2.665175343251325,-2.6652784514060035,-2.666549320950939,304.87197900770116,304.871884519438,304.4843128684006,0.004768999501457308,0.00466506385714121,True,raw/walker2d-medium-v2/walker2d-medium-v2_tau4_mpi3_seed1.npz,52eb3c786cce25e5cd778918116232f5adbbe992c00269d665f3fec1aaf3d4eb
p4|walker2d-medium-v2|4|1,p4,walker2d-medium-v2,4.0,1,1000000,1f309828cdc2a947f2a686175b5f8dddf488d3d5b6cff90a9b0bba5af6d8c334,fc60b91dcca5cc352c107e43ac936ab6a57dc362b0cf464e4a80763c0e2e9b52,0ea865c8267d736aaed5488b5e20d3d9857cc5fda6173c94341cd16ab359ad3e,cf00f43add04c17fdfc2958dd581dea0851b2e5bedbe6fda073758a8f841aeda,c19bca3b126ca1d11cac37f34394895aac57ccb18940e212d1df76ecdc035c00,a5e8ec78c782631fa1dd834df4627187c98b009822c39e8d0a59baaf7f35755a,babb1b8a8d7ec533403dabb79573aa1683a30b072eb0c5ccb371cc8f5da0eece,88.84058097048883,stable,within_run_online_critic,ca128c3cd9ba1a0935efd8d6015ab70d787b550dcf8f88ecdf746fb205327aed,posthoc_final_checkpoint_one_adam_step,False,2,4,1.0,295.5119944082031,0.006767914798197044,500000,500001,0.0020194778202902164,0.0020194778202902164,0.0018000126483486145,0.0018000126483486145,-1.9978325434085678,-1.9980520085805094,-1.999852021228858,295.91040551371407,295.9078371528303,295.490129657308,0.004863869008185626,0.0046270213886121505,True,raw/walker2d-medium-v2/walker2d-medium-v2_tau4_mpi4_seed1.npz,e67bc288ae381f48dba09ecd067ff40b45300a89686f41e1fc605c9a7ca13428
p4|walker2d-medium-v2|4|1,p4,walker2d-medium-v2,4.0,1,1000000,1f309828cdc2a947f2a686175b5f8dddf488d3d5b6cff90a9b0bba5af6d8c334,fc60b91dcca5cc352c107e43ac936ab6a57dc362b0cf464e4a80763c0e2e9b52,0ea865c8267d736aaed5488b5e20d3d9857cc5fda6173c94341cd16ab359ad3e,cf00f43add04c17fdfc2958dd581dea0851b2e5bedbe6fda073758a8f841aeda,c19bca3b126ca1d11cac37f34394895aac57ccb18940e212d1df76ecdc035c00,a5e8ec78c782631fa1dd834df4627187c98b009822c39e8d0a59baaf7f35755a,babb1b8a8d7ec533403dabb79573aa1683a30b072eb0c5ccb371cc8f5da0eece,88.84058097048883,stable,within_run_online_critic,ca128c3cd9ba1a0935efd8d6015ab70d787b550dcf8f88ecdf746fb205327aed,posthoc_final_checkpoint_one_adam_step,False,3,4,1.0,295.924073265625,0.006758490371970434,500000,500001,0.0017023371644346863,0.0017023371644346863,0.0015924350552660727,0.0015924350552660727,-1.9982052894658688,-1.9983151915750375,-1.9999076266303035,296.2719808041584,296.2696234334726,295.91040551371407,0.0041460402836450425,0.004020205907393039,True,raw/walker2d-medium-v2/walker2d-medium-v2_tau4_mpi4_seed1.npz,e67bc288ae381f48dba09ecd067ff40b45300a89686f41e1fc605c9a7ca13428
p4|walker2d-medium-v2|4|1,p4,walker2d-medium-v2,4.0,1,1000000,1f309828cdc2a947f2a686175b5f8dddf488d3d5b6cff90a9b0bba5af6d8c334,fc60b91dcca5cc352c107e43ac936ab6a57dc362b0cf464e4a80763c0e2e9b52,0ea865c8267d736aaed5488b5e20d3d9857cc5fda6173c94341cd16ab359ad3e,cf00f43add04c17fdfc2958dd581dea0851b2e5bedbe6fda073758a8f841aeda,c19bca3b126ca1d11cac37f34394895aac57ccb18940e212d1df76ecdc035c00,a5e8ec78c782631fa1dd834df4627187c98b009822c39e8d0a59baaf7f35755a,babb1b8a8d7ec533403dabb79573aa1683a30b072eb0c5ccb371cc8f5da0eece,88.84058097048883,stable,within_run_online_critic,ca128c3cd9ba1a0935efd8d6015ab70d787b550dcf8f88ecdf746fb205327aed,posthoc_final_checkpoint_one_adam_step,False,4,4,1.0,296.2842722402344,0.006750273934143734,500000,500001,0.0022883564288129765,0.0022883564288129765,0.002244536641849315,0.002244536641849315,-1.99762867301063,-1.9976724927975937,-1.999917029439443,296.5524992584251,296.55487475334667,296.2719808041584,0.004181932838695671,0.004154148293181641,True,raw/walker2d-medium-v2/walker2d-medium-v2_tau4_mpi4_seed1.npz,e67bc288ae381f48dba09ecd067ff40b45300a89686f41e1fc605c9a7ca13428
p3|walker2d-medium-v2|7|0,p3,walker2d-medium-v2,7.0,0,1000000,58fc87a3648fe855f9caf451747982c31ac7953e531d01d608b043299b4f87ef,8eb0e3cb4977777a7d47e5ad121d59d44a07aa816a75161fbff2b68c86018caf,6575709cea3aa0f23ae6dd3f2dcb022195a7439131c1c1f84aa181609758192e,cf00f43add04c17fdfc2958dd581dea0851b2e5bedbe6fda073758a8f841aeda,c19bca3b126ca1d11cac37f34394895aac57ccb18940e212d1df76ecdc035c00,a5e8ec78c782631fa1dd834df4627187c98b009822c39e8d0a59baaf7f35755a,babb1b8a8d7ec533403dabb79573aa1683a30b072eb0c5ccb371cc8f5da0eece,2.6645061421315965,collapsed,within_run_online_critic,28bf7f20751d759422e8afd207b893eac4c67aa0491027487defbd2fefc530f7,posthoc_final_checkpoint_one_adam_step,False,2,3,2.3333333333333335,535003267072.0,8.722688166385783e-12,500000,500001,-0.07043959114686604,0.0,-0.07046732900848429,0.0,-4.737106490325509,-4.737134228187127,-4.666666899178643,546490166216.0,546465577256.0,535003293728.0,0.029756815572994356,0.02951459588096042,True,raw/walker2d-medium-v2/walker2d-medium-v2_tau7_mpi3_seed0.npz,4d7006bba9e544f7aa7c9720dcf914fa80a5a050f721ad64c2b173ca44068f1a
p3|walker2d-medium-v2|7|0,p3,walker2d-medium-v2,7.0,0,1000000,58fc87a3648fe855f9caf451747982c31ac7953e531d01d608b043299b4f87ef,8eb0e3cb4977777a7d47e5ad121d59d44a07aa816a75161fbff2b68c86018caf,6575709cea3aa0f23ae6dd3f2dcb022195a7439131c1c1f84aa181609758192e,cf00f43add04c17fdfc2958dd581dea0851b2e5bedbe6fda073758a8f841aeda,c19bca3b126ca1d11cac37f34394895aac57ccb18940e212d1df76ecdc035c00,a5e8ec78c782631fa1dd834df4627187c98b009822c39e8d0a59baaf7f35755a,babb1b8a8d7ec533403dabb79573aa1683a30b072eb0c5ccb371cc8f5da0eece,2.6645061421315965,collapsed,within_run_online_critic,28bf7f20751d759422e8afd207b893eac4c67aa0491027487defbd2fefc530f7,posthoc_final_checkpoint_one_adam_step,False,3,3,2.3333333333333335,546490155008.0,8.539342610112258e-12,500000,500001,-0.004681665232491028,0.0,-0.004677963189454459,0.0,-4.67134842760811,-4.671344725565073,-4.666666762375619,547641698644.0,547650543152.0,546490166216.0,0.00515166469685559,0.005230893023921401,True,raw/walker2d-medium-v2/walker2d-medium-v2_tau7_mpi3_seed0.npz,4d7006bba9e544f7aa7c9720dcf914fa80a5a050f721ad64c2b173ca44068f1a
p4|walker2d-medium-v2|7|0,p4,walker2d-medium-v2,7.0,0,1000000,02926c6889fbed499b0a28cc3e53aa46dc242f342b7af0eab8e3d7480831e93c,969c795140962ee949cf2021203f845274a48f6ec23e23d9452a90291101538f,9149c809b9eec13aa9c9fd028ab3bb770b724be52ff8e7fe1a2088e34305ffdb,cf00f43add04c17fdfc2958dd581dea0851b2e5bedbe6fda073758a8f841aeda,c19bca3b126ca1d11cac37f34394895aac57ccb18940e212d1df76ecdc035c00,a5e8ec78c782631fa1dd834df4627187c98b009822c39e8d0a59baaf7f35755a,babb1b8a8d7ec533403dabb79573aa1683a30b072eb0c5ccb371cc8f5da0eece,91.85350259071976,stable,within_run_online_critic,efc5eb90310430eca280e14d0911520670f8e39262434a4f77cd56a832a5e29b,posthoc_final_checkpoint_one_adam_step,False,2,4,1.75,309.2677011953125,0.011317056344625,500000,500001,0.00039600060376310253,0.00039600060376310253,0.00029747535169510897,0.00029747535169510897,-3.4995239309002164,-3.4996224561522844,-3.4999199315039795,309.7282408068131,309.7290203917946,309.2606261668261,0.005688021832067732,0.005598319187160476,True,raw/walker2d-medium-v2/walker2d-medium-v2_tau7_mpi4_seed0.npz,6971a087379e74ab8993be8861d1ace6dbfc1c902df46776f62e1a01e45330db
p4|walker2d-medium-v2|7|0,p4,walker2d-medium-v2,7.0,0,1000000,02926c6889fbed499b0a28cc3e53aa46dc242f342b7af0eab8e3d7480831e93c,969c795140962ee949cf2021203f845274a48f6ec23e23d9452a90291101538f,9149c809b9eec13aa9c9fd028ab3bb770b724be52ff8e7fe1a2088e34305ffdb,cf00f43add04c17fdfc2958dd581dea0851b2e5bedbe6fda073758a8f841aeda,c19bca3b126ca1d11cac37f34394895aac57ccb18940e212d1df76ecdc035c00,a5e8ec78c782631fa1dd834df4627187c98b009822c39e8d0a59baaf7f35755a,babb1b8a8d7ec533403dabb79573aa1683a30b072eb0c5ccb371cc8f5da0eece,91.85350259071976,stable,within_run_online_critic,efc5eb90310430eca280e14d0911520670f8e39262434a4f77cd56a832a5e29b,posthoc_final_checkpoint_one_adam_step,False,3,4,1.75,309.73309426171875,0.011300051769871786,500000,500001,0.0011514680861424154,0.0011514680861424154,0.001014245944821912,0.001014245944821912,-3.498793687622161,-3.4989309097634815,-3.4999451557083034,310.1001106783224,310.1010487753374,309.7282408068131,0.005353616885852761,0.005226995289366897,True,raw/walker2d-medium-v2/walker2d-medium-v2_tau7_mpi4_seed0.npz,6971a087379e74ab8993be8861d1ace6dbfc1c902df46776f62e1a01e45330db
p4|walker2d-medium-v2|7|0,p4,walker2d-medium-v2,7.0,0,1000000,02926c6889fbed499b0a28cc3e53aa46dc242f342b7af0eab8e3d7480831e93c,969c795140962ee949cf2021203f845274a48f6ec23e23d9452a90291101538f,9149c809b9eec13aa9c9fd028ab3bb770b724be52ff8e7fe1a2088e34305ffdb,cf00f43add04c17fdfc2958dd581dea0851b2e5bedbe6fda073758a8f841aeda,c19bca3b126ca1d11cac37f34394895aac57ccb18940e212d1df76ecdc035c00,a5e8ec78c782631fa1dd834df4627187c98b009822c39e8d0a59baaf7f35755a,babb1b8a8d7ec533403dabb79573aa1683a30b072eb0c5ccb371cc8f5da0eece,91.85350259071976,stable,within_run_online_critic,efc5eb90310430eca280e14d0911520670f8e39262434a4f77cd56a832a5e29b,posthoc_final_checkpoint_one_adam_step,False,4,4,1.75,310.1044626699219,0.01128651929051867,500000,500001,0.002585797943943202,0.002585797943943202,0.0024380363031641927,0.0024380363031641927,-3.497365083218917,-3.497512844859696,-3.49995088116286,310.3937130983395,310.39638559831656,310.1001106783224,0.0058995473212097305,0.005781948902975243,True,raw/walker2d-medium-v2/walker2d-medium-v2_tau7_mpi4_seed0.npz,6971a087379e74ab8993be8861d1ace6dbfc1c902df46776f62e1a01e45330db
p3|walker2d-medium-v2|7|1,p3,walker2d-medium-v2,7.0,1,1000000,c5c297ba81b9841384e0a4f03549a0b03537c6437c796fac2e23151eeb89c2e1,46a5b55ee74ee79b40aa1501dcb1b77743e19de4f6fcf9603c29d49fe37249be,6a562e9e52059fa0c1d742f5368cebcd885b44bcf5a6f08a8d5fcd803b593c6e,cf00f43add04c17fdfc2958dd581dea0851b2e5bedbe6fda073758a8f841aeda,c19bca3b126ca1d11cac37f34394895aac57ccb18940e212d1df76ecdc035c00,a5e8ec78c782631fa1dd834df4627187c98b009822c39e8d0a59baaf7f35755a,babb1b8a8d7ec533403dabb79573aa1683a30b072eb0c5ccb371cc8f5da0eece,89.09892545660095,stable,within_run_online_critic,9a259183fd81c3e679e71fadd371b9240deeb16da97e2ed1ea50055d10d175aa,posthoc_final_checkpoint_one_adam_step,False,2,3,2.3333333333333335,315.6889963613281,0.014782481240889819,500000,500001,-0.00025629424149009594,0.0,-0.00044591395827442426,0.0,-4.666922732863958,-4.667112352580743,-4.666666438622468,316.1815359336324,316.1793891345151,315.6889809346758,0.007024890790692212,0.006803536056228271,True,raw/walker2d-medium-v2/walker2d-medium-v2_tau7_mpi3_seed1.npz,09eb4505af0cd7991cc55f91362d8664883500e00a19ceb7424b7409029769ce
p3|walker2d-medium-v2|7|1,p3,walker2d-medium-v2,7.0,1,1000000,c5c297ba81b9841384e0a4f03549a0b03537c6437c796fac2e23151eeb89c2e1,46a5b55ee74ee79b40aa1501dcb1b77743e19de4f6fcf9603c29d49fe37249be,6a562e9e52059fa0c1d742f5368cebcd885b44bcf5a6f08a8d5fcd803b593c6e,cf00f43add04c17fdfc2958dd581dea0851b2e5bedbe6fda073758a8f841aeda,c19bca3b126ca1d11cac37f34394895aac57ccb18940e212d1df76ecdc035c00,a5e8ec78c782631fa1dd834df4627187c98b009822c39e8d0a59baaf7f35755a,babb1b8a8d7ec533403dabb79573aa1683a30b072eb0c5ccb371cc8f5da0eece,89.09892545660095,stable,within_run_online_critic,9a259183fd81c3e679e71fadd371b9240deeb16da97e2ed1ea50055d10d175aa,posthoc_final_checkpoint_one_adam_step,False,3,3,2.3333333333333335,316.1815500722656,0.014759452806781629,500000,500001,0.0010318765647889805,0.0010318765647889805,0.0008545817912546383,0.0008545817912546383,-4.665634581423388,-4.665811876196923,-4.666666457988177,316.6009684051387,316.5984838451259,316.1815359336324,0.0072224703336176465,0.0070085048138292935,True,raw/walker2d-medium-v2/walker2d-medium-v2_tau7_mpi3_seed1.npz,09eb4505af0cd7991cc55f91362d8664883500e00a19ceb7424b7409029769ce
p4|walker2d-medium-v2|7|1,p4,walker2d-medium-v2,7.0,1,1000000,56e9b25fe203c609e8cad5013a8304d2519ef1b2464a0a889a91749579f6df2e,9b1bd9cc948ed7a6751a9b1d120a7ef6ee1686dc565001961b19ed33203f5c17,b885dec56ef0ef49c81814db5f6ca24644d757ae07f59fc7306830a3657c6f7b,cf00f43add04c17fdfc2958dd581dea0851b2e5bedbe6fda073758a8f841aeda,c19bca3b126ca1d11cac37f34394895aac57ccb18940e212d1df76ecdc035c00,a5e8ec78c782631fa1dd834df4627187c98b009822c39e8d0a59baaf7f35755a,babb1b8a8d7ec533403dabb79573aa1683a30b072eb0c5ccb371cc8f5da0eece,91.43537707667502,stable,within_run_online_critic,1ed7e88657e8e87d3645bc8d7e748d7206fd4bb4ec35247bbc42457adfd504b8,posthoc_final_checkpoint_one_adam_step,False,2,4,1.75,307.890870140625,0.011367664128531718,500000,500001,0.0006942970150944916,0.0006942970150944916,0.0004934905838922532,0.0004934905838922532,-3.499304940838349,-3.499505747269551,-3.4999992378534435,308.3874867833947,308.38542616281484,307.8908030954917,0.006340430357296062,0.0061161994834457905,True,raw/walker2d-medium-v2/walker2d-medium-v2_tau7_mpi4_seed1.npz,3546b807210833d11c2f54898a7327fb24fc2cb215da9daa9a064fbed8783a65
p4|walker2d-medium-v2|7|1,p4,walker2d-medium-v2,7.0,1,1000000,56e9b25fe203c609e8cad5013a8304d2519ef1b2464a0a889a91749579f6df2e,9b1bd9cc948ed7a6751a9b1d120a7ef6ee1686dc565001961b19ed33203f5c17,b885dec56ef0ef49c81814db5f6ca24644d757ae07f59fc7306830a3657c6f7b,cf00f43add04c17fdfc2958dd581dea0851b2e5bedbe6fda073758a8f841aeda,c19bca3b126ca1d11cac37f34394895aac57ccb18940e212d1df76ecdc035c00,a5e8ec78c782631fa1dd834df4627187c98b009822c39e8d0a59baaf7f35755a,babb1b8a8d7ec533403dabb79573aa1683a30b072eb0c5ccb371cc8f5da0eece,91.43537707667502,stable,within_run_online_critic,1ed7e88657e8e87d3645bc8d7e748d7206fd4bb4ec35247bbc42457adfd504b8,posthoc_final_checkpoint_one_adam_step,False,3,4,1.75,308.3874826894531,0.011349358182363413,500000,500001,0.0017339991031146695,0.0017339991031146695,0.0014969585725652657,0.0014969585725652657,-3.4982660473604947,-3.498503087891044,-3.5000000464636094,308.80723828643386,308.8034095327166,308.3874867833947,0.006497909258691627,0.006217414830813226,True,raw/walker2d-medium-v2/walker2d-medium-v2_tau7_mpi4_seed1.npz,3546b807210833d11c2f54898a7327fb24fc2cb215da9daa9a064fbed8783a65
p4|walker2d-medium-v2|7|1,p4,walker2d-medium-v2,7.0,1,1000000,56e9b25fe203c609e8cad5013a8304d2519ef1b2464a0a889a91749579f6df2e,9b1bd9cc948ed7a6751a9b1d120a7ef6ee1686dc565001961b19ed33203f5c17,b885dec56ef0ef49c81814db5f6ca24644d757ae07f59fc7306830a3657c6f7b,cf00f43add04c17fdfc2958dd581dea0851b2e5bedbe6fda073758a8f841aeda,c19bca3b126ca1d11cac37f34394895aac57ccb18940e212d1df76ecdc035c00,a5e8ec78c782631fa1dd834df4627187c98b009822c39e8d0a59baaf7f35755a,babb1b8a8d7ec533403dabb79573aa1683a30b072eb0c5ccb371cc8f5da0eece,91.43537707667502,stable,within_run_online_critic,1ed7e88657e8e87d3645bc8d7e748d7206fd4bb4ec35247bbc42457adfd504b8,posthoc_final_checkpoint_one_adam_step,False,4,4,1.75,308.8072519765625,0.011333930720855088,500000,500001,0.001974268299536064,0.001974268299536064,0.0019377670177371797,0.0019377670177371797,-3.4980255765374944,-3.4980620778192932,-3.4999998448370304,309.0931690019206,309.09834948327625,308.80723828643386,0.005214987219827366,0.00523720115481402,True,raw/walker2d-medium-v2/walker2d-medium-v2_tau7_mpi4_seed1.npz,3546b807210833d11c2f54898a7327fb24fc2cb215da9daa9a064fbed8783a65
p3|walker2d-medium-v2|10|0,p3,walker2d-medium-v2,10.0,0,1000000,8fe1a2806571e1996e6506aff75109f9a90078c0b7740a58fde40f36cb8ba8cb,753448f297b1d03b58622c6f3f8027d0f24d5e1a1f36046e1b62d352190e3596,9cfecc9182697ea82a1124d43664b99e3d23a74073ceaa8658ef1170b124db73,cf00f43add04c17fdfc2958dd581dea0851b2e5bedbe6fda073758a8f841aeda,c19bca3b126ca1d11cac37f34394895aac57ccb18940e212d1df76ecdc035c00,a5e8ec78c782631fa1dd834df4627187c98b009822c39e8d0a59baaf7f35755a,babb1b8a8d7ec533403dabb79573aa1683a30b072eb0c5ccb371cc8f5da0eece,0.034225871467166394,collapsed,within_run_online_critic,42f1fe8fc766c68449a0eb6d4d9447e11322c1538f2105256d8bf441040b9d1f,posthoc_final_checkpoint_one_adam_step,False,2,3,3.3333333333333335,102467.406251,6.506133911827798e-05,500000,500001,-0.042753870575567454,0.0,-0.043065701821392466,0.0,-6.709070164962624,-6.709381996208449,-6.666316294387056,104030.96146288514,104034.69573238492,102462.02099019289,0.05932349757465424,0.059254622903113396,True,raw/walker2d-medium-v2/walker2d-medium-v2_tau10_mpi3_seed0.npz,837cf9189fd62261cc455b9c7a3edcd458d31c6c10f579dcd2d1a2ece3b9ecaa
p3|walker2d-medium-v2|10|0,p3,walker2d-medium-v2,10.0,0,1000000,8fe1a2806571e1996e6506aff75109f9a90078c0b7740a58fde40f36cb8ba8cb,753448f297b1d03b58622c6f3f8027d0f24d5e1a1f36046e1b62d352190e3596,9cfecc9182697ea82a1124d43664b99e3d23a74073ceaa8658ef1170b124db73,cf00f43add04c17fdfc2958dd581dea0851b2e5bedbe6fda073758a8f841aeda,c19bca3b126ca1d11cac37f34394895aac57ccb18940e212d1df76ecdc035c00,a5e8ec78c782631fa1dd834df4627187c98b009822c39e8d0a59baaf7f35755a,babb1b8a8d7ec533403dabb79573aa1683a30b072eb0c5ccb371cc8f5da0eece,0.034225871467166394,collapsed,within_run_online_critic,42f1fe8fc766c68449a0eb6d4d9447e11322c1538f2105256d8bf441040b9d1f,posthoc_final_checkpoint_one_adam_step,False,3,3,3.3333333333333335,104035.171876,6.408089251404994e-05,500000,500001,-0.01960981395314043,0.0,-0.019824564769662878,0.0,-6.686006673589555,-6.686221424406077,-6.666396859636414,105148.60461568832,105141.74215602875,104030.96146288514,0.052009756790703875,0.05135525343435444,True,raw/walker2d-medium-v2/walker2d-medium-v2_tau10_mpi3_seed0.npz,837cf9189fd62261cc455b9c7a3edcd458d31c6c10f579dcd2d1a2ece3b9ecaa
p4|walker2d-medium-v2|10|0,p4,walker2d-medium-v2,10.0,0,1000000,f4b0ef889350d3416de6caab4fc59c1e1ed3bb8b78dd16a9441fcd6f9dc164f1,b8090e45160ea1405a8c84d775967cd8ab9b05183d7f24ae7cf2414814c54823,6951964a7a45d2a3769d716c3758ce569a04c0a198d9837dfae88e43473545ac,cf00f43add04c17fdfc2958dd581dea0851b2e5bedbe6fda073758a8f841aeda,c19bca3b126ca1d11cac37f34394895aac57ccb18940e212d1df76ecdc035c00,a5e8ec78c782631fa1dd834df4627187c98b009822c39e8d0a59baaf7f35755a,babb1b8a8d7ec533403dabb79573aa1683a30b072eb0c5ccb371cc8f5da0eece,2.301870741924962,collapsed,within_run_online_critic,11503c14630cab623af4c44c2f726da534997a358183e264c4261cf89a1cf993,posthoc_final_checkpoint_one_adam_step,False,2,4,2.5,989469016064.0,5.053215329459689e-12,500000,500001,-0.08110773513202574,0.0,-0.08112387204031002,0.0,-5.081107892509364,-5.081124029417648,-5.000000157377338,1016168145640.0,1016115158288.0,989469047208.0,0.053808558347309826,0.053524664939631705,True,raw/walker2d-medium-v2/walker2d-medium-v2_tau10_mpi4_seed0.npz,13fd44fbcb7757ebbd18e0150949be388102faffd06714708a03e22e998a1668
p4|walker2d-medium-v2|10|0,p4,walker2d-medium-v2,10.0,0,1000000,f4b0ef889350d3416de6caab4fc59c1e1ed3bb8b78dd16a9441fcd6f9dc164f1,b8090e45160ea1405a8c84d775967cd8ab9b05183d7f24ae7cf2414814c54823,6951964a7a45d2a3769d716c3758ce569a04c0a198d9837dfae88e43473545ac,cf00f43add04c17fdfc2958dd581dea0851b2e5bedbe6fda073758a8f841aeda,c19bca3b126ca1d11cac37f34394895aac57ccb18940e212d1df76ecdc035c00,a5e8ec78c782631fa1dd834df4627187c98b009822c39e8d0a59baaf7f35755a,babb1b8a8d7ec533403dabb79573aa1683a30b072eb0c5ccb371cc8f5da0eece,2.301870741924962,collapsed,within_run_online_critic,11503c14630cab623af4c44c2f726da534997a358183e264c4261cf89a1cf993,posthoc_final_checkpoint_one_adam_step,False,3,4,2.5,1016168185856.0,4.9204453254833e-12,500000,500001,-0.01755666462979022,0.0,-0.017547606342170674,0.0,-5.017556466749161,-5.0175474084615415,-4.999999802119371,1022662075604.0,1022685622780.0,1016168145640.0,0.014396362705589721,0.014521283585287216,True,raw/walker2d-medium-v2/walker2d-medium-v2_tau10_mpi4_seed0.npz,13fd44fbcb7757ebbd18e0150949be388102faffd06714708a03e22e998a1668
p4|walker2d-medium-v2|10|0,p4,walker2d-medium-v2,10.0,0,1000000,f4b0ef889350d3416de6caab4fc59c1e1ed3bb8b78dd16a9441fcd6f9dc164f1,b8090e45160ea1405a8c84d775967cd8ab9b05183d7f24ae7cf2414814c54823,6951964a7a45d2a3769d716c3758ce569a04c0a198d9837dfae88e43473545ac,cf00f43add04c17fdfc2958dd581dea0851b2e5bedbe6fda073758a8f841aeda,c19bca3b126ca1d11cac37f34394895aac57ccb18940e212d1df76ecdc035c00,a5e8ec78c782631fa1dd834df4627187c98b009822c39e8d0a59baaf7f35755a,babb1b8a8d7ec533403dabb79573aa1683a30b072eb0c5ccb371cc8f5da0eece,2.301870741924962,collapsed,within_run_online_critic,11503c14630cab623af4c44c2f726da534997a358183e264c4261cf89a1cf993,posthoc_final_checkpoint_one_adam_step,False,4,4,2.5,1022662148096.0,4.889200220531323e-12,500000,500001,-0.007315436593889224,0.0,-0.007337942121068863,0.0,-5.007315082165986,-5.007337587693166,-4.999999645572097,1025193513004.0,1025210362028.0,1022662075604.0,0.005061267700452322,0.005121140425129631,True,raw/walker2d-medium-v2/walker2d-medium-v2_tau10_mpi4_seed0.npz,13fd44fbcb7757ebbd18e0150949be388102faffd06714708a03e22e998a1668
p3|walker2d-medium-v2|10|1,p3,walker2d-medium-v2,10.0,1,1000000,c8ed19a4d3bbc010bead44e374aa255dd32ca9a04968b66a4a2485b876a637b7,9340fafd5430ad8b0197d5e98bab787b08efe3024306c551073760e6402d37b3,a5573c5eabf125d66ac9641698334da9872fad0a02184ae94d38eefd7f7a465f,cf00f43add04c17fdfc2958dd581dea0851b2e5bedbe6fda073758a8f841aeda,c19bca3b126ca1d11cac37f34394895aac57ccb18940e212d1df76ecdc035c00,a5e8ec78c782631fa1dd834df4627187c98b009822c39e8d0a59baaf7f35755a,babb1b8a8d7ec533403dabb79573aa1683a30b072eb0c5ccb371cc8f5da0eece,98.86776586822145,stable,within_run_online_critic,83c977881a6fa93c4f7ab5937e87ae1e0a23d3f0c57a0d100cb3c74e021588dd,posthoc_final_checkpoint_one_adam_step,False,2,3,3.3333333333333335,327.19854836328125,0.020374988520012672,500000,500001,-0.0012429702856033842,0.0,-0.0014336553356173454,0.0,-6.667909976640938,-6.668100661690952,-6.666667006355334,327.71681851986796,327.71807799488306,327.1985650351271,0.009316438516448564,0.009151415255408241,True,raw/walker2d-medium-v2/walker2d-medium-v2_tau10_mpi3_seed1.npz,e1a7d17f9b0b6b639f4f09d5441e678bbcb5611a746b59c5fc8acd9bac678adf
p3|walker2d-medium-v2|10|1,p3,walker2d-medium-v2,10.0,1,1000000,c8ed19a4d3bbc010bead44e374aa255dd32ca9a04968b66a4a2485b876a637b7,9340fafd5430ad8b0197d5e98bab787b08efe3024306c551073760e6402d37b3,a5573c5eabf125d66ac9641698334da9872fad0a02184ae94d38eefd7f7a465f,cf00f43add04c17fdfc2958dd581dea0851b2e5bedbe6fda073758a8f841aeda,c19bca3b126ca1d11cac37f34394895aac57ccb18940e212d1df76ecdc035c00,a5e8ec78c782631fa1dd834df4627187c98b009822c39e8d0a59baaf7f35755a,babb1b8a8d7ec533403dabb79573aa1683a30b072eb0c5ccb371cc8f5da0eece,98.86776586822145,stable,within_run_online_critic,83c977881a6fa93c4f7ab5937e87ae1e0a23d3f0c57a0d100cb3c74e021588dd,posthoc_final_checkpoint_one_adam_step,False,3,3,3.3333333333333335,327.716797875,0.020342767627094638,500000,500001,0.0005487551282357117,0.0005487551282357117,0.0004448582000184942,0.0004448582000184942,-6.666118331512183,-6.6662222284404,-6.666667086640419,328.11844395985827,328.1194152100943,327.71681851986796,0.008718928127087756,0.008634789116730116,True,raw/walker2d-medium-v2/walker2d-medium-v2_tau10_mpi3_seed1.npz,e1a7d17f9b0b6b639f4f09d5441e678bbcb5611a746b59c5fc8acd9bac678adf
p4|walker2d-medium-v2|10|1,p4,walker2d-medium-v2,10.0,1,1000000,de14e2606d1ea60db779cd753ba2ca045f184de751ed99cc9488f10681899c4d,101c35e534b964842031fe3ac1af56ce3647f6114e201b94aca07211a80309c1,2c3eb1510dbf9e3904662f3092c563318f67c5d2f023b9cd5e9e5fb800aaf31d,cf00f43add04c17fdfc2958dd581dea0851b2e5bedbe6fda073758a8f841aeda,c19bca3b126ca1d11cac37f34394895aac57ccb18940e212d1df76ecdc035c00,a5e8ec78c782631fa1dd834df4627187c98b009822c39e8d0a59baaf7f35755a,babb1b8a8d7ec533403dabb79573aa1683a30b072eb0c5ccb371cc8f5da0eece,91.79196302554115,stable,within_run_online_critic,af303e56396f585bb13e4d217fdc76ea27023d0f94a7fa454c895c48ee985000,posthoc_final_checkpoint_one_adam_step,False,2,4,2.5,318.5948191152344,0.015693914966619472,500000,500001,0.00016839797158052505,0.00016839797158052505,-3.124257082642856e-05,0.0,-4.999671318313723,-4.99987095885613,-4.999839716285304,319.09113181891735,319.09142207642435,318.58460600301623,0.008117771054730964,0.007922685788956732,True,raw/walker2d-medium-v2/walker2d-medium-v2_tau10_mpi4_seed1.npz,595a04a8358c52546fee07aa543189be7296493688460d5fee461a81db3877fa
p4|walker2d-medium-v2|10|1,p4,walker2d-medium-v2,10.0,1,1000000,de14e2606d1ea60db779cd753ba2ca045f184de751ed99cc9488f10681899c4d,101c35e534b964842031fe3ac1af56ce3647f6114e201b94aca07211a80309c1,2c3eb1510dbf9e3904662f3092c563318f67c5d2f023b9cd5e9e5fb800aaf31d,cf00f43add04c17fdfc2958dd581dea0851b2e5bedbe6fda073758a8f841aeda,c19bca3b126ca1d11cac37f34394895aac57ccb18940e212d1df76ecdc035c00,a5e8ec78c782631fa1dd834df4627187c98b009822c39e8d0a59baaf7f35755a,babb1b8a8d7ec533403dabb79573aa1683a30b072eb0c5ccb371cc8f5da0eece,91.79196302554115,stable,within_run_online_critic,af303e56396f585bb13e4d217fdc76ea27023d0f94a7fa454c895c48ee985000,posthoc_final_checkpoint_one_adam_step,False,3,4,2.5,319.09503273828125,0.015669313173235614,500000,500001,0.0014666775485112638,0.0014666775485112638,0.001201646645061949,0.001201646645061949,-4.998472197724312,-4.998737228627761,-4.999938875272823,319.4720481929835,319.47236174182035,319.09113181891735,0.0074353755065675485,0.007175257698037077,True,raw/walker2d-medium-v2/walker2d-medium-v2_tau10_mpi4_seed1.npz,595a04a8358c52546fee07aa543189be7296493688460d5fee461a81db3877fa
p4|walker2d-medium-v2|10|1,p4,walker2d-medium-v2,10.0,1,1000000,de14e2606d1ea60db779cd753ba2ca045f184de751ed99cc9488f10681899c4d,101c35e534b964842031fe3ac1af56ce3647f6114e201b94aca07211a80309c1,2c3eb1510dbf9e3904662f3092c563318f67c5d2f023b9cd5e9e5fb800aaf31d,cf00f43add04c17fdfc2958dd581dea0851b2e5bedbe6fda073758a8f841aeda,c19bca3b126ca1d11cac37f34394895aac57ccb18940e212d1df76ecdc035c00,a5e8ec78c782631fa1dd834df4627187c98b009822c39e8d0a59baaf7f35755a,babb1b8a8d7ec533403dabb79573aa1683a30b072eb0c5ccb371cc8f5da0eece,91.79196302554115,stable,within_run_online_critic,af303e56396f585bb13e4d217fdc76ea27023d0f94a7fa454c895c48ee985000,posthoc_final_checkpoint_one_adam_step,False,4,4,2.5,319.47686867578125,0.015650585348243828,500000,500001,0.002013963364025706,0.002013963364025706,0.001945003608216922,0.001945003608216922,-4.997910593258528,-4.9979795530143365,-4.999924556622553,319.7543222778477,319.75751453847624,319.4720481929835,0.006431718020790677,0.006412719012402469,True,raw/walker2d-medium-v2/walker2d-medium-v2_tau10_mpi4_seed1.npz,595a04a8358c52546fee07aa543189be7296493688460d5fee461a81db3877fa
p3|walker2d-medium-v2|14|0,p3,walker2d-medium-v2,14.0,0,1000000,5d94c5c8b8d5148c2ab68bf0d52aaefedae7ca82d3d0bb9b81e7f1ec539d18f9,d95e704ae3d29129c103cd66cae9f9d241c0ec685ac5cad1fdb28a5cc87a712f,674408afbf185f94e8b40935f1e85529635a33533385dec1026a308775a9b658,cf00f43add04c17fdfc2958dd581dea0851b2e5bedbe6fda073758a8f841aeda,c19bca3b126ca1d11cac37f34394895aac57ccb18940e212d1df76ecdc035c00,a5e8ec78c782631fa1dd834df4627187c98b009822c39e8d0a59baaf7f35755a,babb1b8a8d7ec533403dabb79573aa1683a30b072eb0c5ccb371cc8f5da0eece,2.3018707417014848,collapsed,within_run_online_critic,6f50752dfd535b781046d986c8c3944578eb4292b80ea85bd734edd24c9d256f,posthoc_final_checkpoint_one_adam_step,False,2,3,4.666666666666667,663360897024.0,1.4069767113504821e-11,500000,500001,-0.06533467553959404,0.0,-0.0653471716584395,0.0,-9.398668310022224,-9.39868080614107,-9.33333363448263,670684280744.0,670687389000.0,663360918428.0,0.037703326734343116,0.03773456305354475,True,raw/walker2d-medium-v2/walker2d-medium-v2_tau14_mpi3_seed0.npz,39bea52f51204c0180c86d7b6d2169cd27c3f736a672965bacf1bbf2a0985ce8
p3|walker2d-medium-v2|14|0,p3,walker2d-medium-v2,14.0,0,1000000,5d94c5c8b8d5148c2ab68bf0d52aaefedae7ca82d3d0bb9b81e7f1ec539d18f9,d95e704ae3d29129c103cd66cae9f9d241c0ec685ac5cad1fdb28a5cc87a712f,674408afbf185f94e8b40935f1e85529635a33533385dec1026a308775a9b658,cf00f43add04c17fdfc2958dd581dea0851b2e5bedbe6fda073758a8f841aeda,c19bca3b126ca1d11cac37f34394895aac57ccb18940e212d1df76ecdc035c00,a5e8ec78c782631fa1dd834df4627187c98b009822c39e8d0a59baaf7f35755a,babb1b8a8d7ec533403dabb79573aa1683a30b072eb0c5ccb371cc8f5da0eece,2.3018707417014848,collapsed,within_run_online_critic,6f50752dfd535b781046d986c8c3944578eb4292b80ea85bd734edd24c9d256f,posthoc_final_checkpoint_one_adam_step,False,3,3,4.666666666666667,670684282880.0,1.3916135462806529e-11,500000,500001,-0.0024037444581281875,0.0,-0.002451835937730351,0.0,-9.335737048066596,-9.335785139546198,-9.333333303608468,671033553996.0,671036820156.0,670684280744.0,0.002456789430239374,0.00245415027564185,True,raw/walker2d-medium-v2/walker2d-medium-v2_tau14_mpi3_seed0.npz,39bea52f51204c0180c86d7b6d2169cd27c3f736a672965bacf1bbf2a0985ce8
p4|walker2d-medium-v2|14|0,p4,walker2d-medium-v2,14.0,0,1000000,97af4a316fb1cfe2a9f19134b8002a94238ab94361e18055e8ac6655072e0230,69ba70ce4549df9f6940eb08997c455070475ff2ca53b677e0f7b3146d3a4937,7b5475d039ace7b3ea0a8acff8c0bbfbb003095f7c320762e0f13b3f91862606,cf00f43add04c17fdfc2958dd581dea0851b2e5bedbe6fda073758a8f841aeda,c19bca3b126ca1d11cac37f34394895aac57ccb18940e212d1df76ecdc035c00,a5e8ec78c782631fa1dd834df4627187c98b009822c39e8d0a59baaf7f35755a,babb1b8a8d7ec533403dabb79573aa1683a30b072eb0c5ccb371cc8f5da0eece,2.301870741924962,collapsed,within_run_online_critic,d3161624a043d8a9bf8e4032ade96574cd8c5d3cc9b94bc1d041404bc2d4c6c8,posthoc_final_checkpoint_one_adam_step,False,2,4,3.5,1447205142528.0,4.836909291085225e-12,500000,500001,-0.057673463369674494,0.0,-0.05769325819282933,0.0,-7.057673469638309,-7.057693264461464,-7.0000000062686345,1473434873108.0,1473447198536.0,1447205143824.0,0.06919735790675609,0.06923718006081007,True,raw/walker2d-medium-v2/walker2d-medium-v2_tau14_mpi4_seed0.npz,d505f7a512b788e376c0cbefd01ea0290d884eaa2377231a2ebe443e71e74c08
p4|walker2d-medium-v2|14|0,p4,walker2d-medium-v2,14.0,0,1000000,97af4a316fb1cfe2a9f19134b8002a94238ab94361e18055e8ac6655072e0230,69ba70ce4549df9f6940eb08997c455070475ff2ca53b677e0f7b3146d3a4937,7b5475d039ace7b3ea0a8acff8c0bbfbb003095f7c320762e0f13b3f91862606,cf00f43add04c17fdfc2958dd581dea0851b2e5bedbe6fda073758a8f841aeda,c19bca3b126ca1d11cac37f34394895aac57ccb18940e212d1df76ecdc035c00,a5e8ec78c782631fa1dd834df4627187c98b009822c39e8d0a59baaf7f35755a,babb1b8a8d7ec533403dabb79573aa1683a30b072eb0c5ccb371cc8f5da0eece,2.301870741924962,collapsed,within_run_online_critic,d3161624a043d8a9bf8e4032ade96574cd8c5d3cc9b94bc1d041404bc2d4c6c8,posthoc_final_checkpoint_one_adam_step,False,3,4,3.5,1473434877952.0,4.750803788308341e-12,500000,500001,-0.0039433886174045085,0.0,-0.003955386894861412,0.0,-7.003943365604511,-7.003955363881968,-6.999999976987106,1474889312428.0,1474891793884.0,1473434873108.0,0.002966367213916365,0.0029661578470242048,True,raw/walker2d-medium-v2/walker2d-medium-v2_tau14_mpi4_seed0.npz,d505f7a512b788e376c0cbefd01ea0290d884eaa2377231a2ebe443e71e74c08
p4|walker2d-medium-v2|14|0,p4,walker2d-medium-v2,14.0,0,1000000,97af4a316fb1cfe2a9f19134b8002a94238ab94361e18055e8ac6655072e0230,69ba70ce4549df9f6940eb08997c455070475ff2ca53b677e0f7b3146d3a4937,7b5475d039ace7b3ea0a8acff8c0bbfbb003095f7c320762e0f13b3f91862606,cf00f43add04c17fdfc2958dd581dea0851b2e5bedbe6fda073758a8f841aeda,c19bca3b126ca1d11cac37f34394895aac57ccb18940e212d1df76ecdc035c00,a5e8ec78c782631fa1dd834df4627187c98b009822c39e8d0a59baaf7f35755a,babb1b8a8d7ec533403dabb79573aa1683a30b072eb0c5ccb371cc8f5da0eece,2.301870741924962,collapsed,within_run_online_critic,d3161624a043d8a9bf8e4032ade96574cd8c5d3cc9b94bc1d041404bc2d4c6c8,posthoc_final_checkpoint_one_adam_step,False,4,4,3.5,1474889252864.0,4.746119063792156e-12,500000,500001,-0.0003555159302832678,0.0,-0.0004146220360095043,0.0,-7.000355798628119,-7.000414904733845,-7.000000282697836,1475559200316.0,1475529860320.0,1474889312428.0,0.0028238517455568047,0.0026254945254841323,True,raw/walker2d-medium-v2/walker2d-medium-v2_tau14_mpi4_seed0.npz,d505f7a512b788e376c0cbefd01ea0290d884eaa2377231a2ebe443e71e74c08
p3|walker2d-medium-v2|14|1,p3,walker2d-medium-v2,14.0,1,1000000,796b43221ec61c694206690b8ccbb4083e9690d7aaad9edf1cbecc12ef020eb3,cb33bdd355b702ce550badea957b9970a648c1d5b32aa25fc5524b6ca3fe3f0e,79326d963bea8324d9250f48e0fed47bf83a5c25235ff6992107dc763808bde0,cf00f43add04c17fdfc2958dd581dea0851b2e5bedbe6fda073758a8f841aeda,c19bca3b126ca1d11cac37f34394895aac57ccb18940e212d1df76ecdc035c00,a5e8ec78c782631fa1dd834df4627187c98b009822c39e8d0a59baaf7f35755a,babb1b8a8d7ec533403dabb79573aa1683a30b072eb0c5ccb371cc8f5da0eece,2.368422904146782,collapsed,within_run_online_critic,0744c94c219b5adb53444724809a27aed714bfc5dfb8fa9c2b04b1c9379f1091,posthoc_final_checkpoint_one_adam_step,False,2,3,4.666666666666667,363814060032.0,2.565413038878267e-11,500000,500001,-0.046989805841104015,0.0,-0.04699904231865126,0.0,-9.380322987096754,-9.380332223574301,-9.33333318125565,366550470196.0,366548228094.0,363814054104.0,0.02321056938102585,0.023143813726426637,True,raw/walker2d-medium-v2/walker2d-medium-v2_tau14_mpi3_seed1.npz,e48d00d9f789366e8f6d70453c7ffcc9c23408869476c3bc487a36d68d85260e
p3|walker2d-medium-v2|14|1,p3,walker2d-medium-v2,14.0,1,1000000,796b43221ec61c694206690b8ccbb4083e9690d7aaad9edf1cbecc12ef020eb3,cb33bdd355b702ce550badea957b9970a648c1d5b32aa25fc5524b6ca3fe3f0e,79326d963bea8324d9250f48e0fed47bf83a5c25235ff6992107dc763808bde0,cf00f43add04c17fdfc2958dd581dea0851b2e5bedbe6fda073758a8f841aeda,c19bca3b126ca1d11cac37f34394895aac57ccb18940e212d1df76ecdc035c00,a5e8ec78c782631fa1dd834df4627187c98b009822c39e8d0a59baaf7f35755a,babb1b8a8d7ec533403dabb79573aa1683a30b072eb0c5ccb371cc8f5da0eece,2.368422904146782,collapsed,within_run_online_critic,0744c94c219b5adb53444724809a27aed714bfc5dfb8fa9c2b04b1c9379f1091,posthoc_final_checkpoint_one_adam_step,False,3,3,4.666666666666667,366550482944.0,2.54626136579371e-11,500000,500001,-0.0016766713415368173,0.0,-0.0016762537646588527,0.0,-9.335009680077471,-9.335009262500593,-9.333333008735934,366757057112.0,366756867726.0,366550470196.0,0.0035835714873563465,0.0035791668016844215,True,raw/walker2d-medium-v2/walker2d-medium-v2_tau14_mpi3_seed1.npz,e48d00d9f789366e8f6d70453c7ffcc9c23408869476c3bc487a36d68d85260e
p4|walker2d-medium-v2|14|1,p4,walker2d-medium-v2,14.0,1,1000000,a2ae4c067762b301be5f36797db4071f2f4415ace741d8f9e7dbf76ad71f115a,e1ab8ec8348641437e42464303567020f5ea1d8555ed98c9eaab468c5b6e5021,6b5dbe3d6bc3d0f618ce695d6fb04fd30f2d3b0ae8150daed17aeafa238d997e,cf00f43add04c17fdfc2958dd581dea0851b2e5bedbe6fda073758a8f841aeda,c19bca3b126ca1d11cac37f34394895aac57ccb18940e212d1df76ecdc035c00,a5e8ec78c782631fa1dd834df4627187c98b009822c39e8d0a59baaf7f35755a,babb1b8a8d7ec533403dabb79573aa1683a30b072eb0c5ccb371cc8f5da0eece,97.63705693391333,stable,within_run_online_critic,4b72d54027cfb9af08ac65fef656c7800d641343e26d00536bdf58254fb4aa8d,posthoc_final_checkpoint_one_adam_step,False,2,4,3.5,331.32501320703125,0.02112729109174136,500000,500001,-0.0015977991579507744,0.0,-0.0017788642570533142,0.0,-7.001597443169154,-7.001778508268257,-6.999999644011203,331.81576813338324,331.81753415754065,331.324996357318,0.008770879014590047,0.008627125221936502,True,raw/walker2d-medium-v2/walker2d-medium-v2_tau14_mpi4_seed1.npz,76dcd230135251dd051b7a72204b0e65578930ef600ac081b89c6ece3ca2d8e6
p4|walker2d-medium-v2|14|1,p4,walker2d-medium-v2,14.0,1,1000000,a2ae4c067762b301be5f36797db4071f2f4415ace741d8f9e7dbf76ad71f115a,e1ab8ec8348641437e42464303567020f5ea1d8555ed98c9eaab468c5b6e5021,6b5dbe3d6bc3d0f618ce695d6fb04fd30f2d3b0ae8150daed17aeafa238d997e,cf00f43add04c17fdfc2958dd581dea0851b2e5bedbe6fda073758a8f841aeda,c19bca3b126ca1d11cac37f34394895aac57ccb18940e212d1df76ecdc035c00,a5e8ec78c782631fa1dd834df4627187c98b009822c39e8d0a59baaf7f35755a,babb1b8a8d7ec533403dabb79573aa1683a30b072eb0c5ccb371cc8f5da0eece,97.63705693391333,stable,within_run_online_critic,4b72d54027cfb9af08ac65fef656c7800d641343e26d00536bdf58254fb4aa8d,posthoc_final_checkpoint_one_adam_step,False,3,4,3.5,331.8157968984375,0.02109604203727096,500000,500001,0.0009175667801279985,0.0009175667801279985,0.0007701674908275891,0.0007701674908275891,-6.999081826391079,-6.999229225680379,-6.999999393171207,332.19606625521556,332.19580856664106,331.81576813338324,0.00894035194499737,0.008787516446696479,True,raw/walker2d-medium-v2/walker2d-medium-v2_tau14_mpi4_seed1.npz,76dcd230135251dd051b7a72204b0e65578930ef600ac081b89c6ece3ca2d8e6
p4|walker2d-medium-v2|14|1,p4,walker2d-medium-v2,14.0,1,1000000,a2ae4c067762b301be5f36797db4071f2f4415ace741d8f9e7dbf76ad71f115a,e1ab8ec8348641437e42464303567020f5ea1d8555ed98c9eaab468c5b6e5021,6b5dbe3d6bc3d0f618ce695d6fb04fd30f2d3b0ae8150daed17aeafa238d997e,cf00f43add04c17fdfc2958dd581dea0851b2e5bedbe6fda073758a8f841aeda,c19bca3b126ca1d11cac37f34394895aac57ccb18940e212d1df76ecdc035c00,a5e8ec78c782631fa1dd834df4627187c98b009822c39e8d0a59baaf7f35755a,babb1b8a8d7ec533403dabb79573aa1683a30b072eb0c5ccb371cc8f5da0eece,97.63705693391333,stable,within_run_online_critic,4b72d54027cfb9af08ac65fef656c7800d641343e26d00536bdf58254fb4aa8d,posthoc_final_checkpoint_one_adam_step,False,4,4,3.5,332.196045921875,0.02107189440071253,500000,500001,0.0018512884436558963,0.0018512884436558963,0.0016930296113413235,0.0016930296113413235,-6.9981491400183495,-6.998307398850664,-7.000000428462005,332.483741695527,332.4849957623519,332.19606625521556,0.007913154943576242,0.007781321674967786,True,raw/walker2d-medium-v2/walker2d-medium-v2_tau14_mpi4_seed1.npz,76dcd230135251dd051b7a72204b0e65578930ef600ac081b89c6ece3ca2d8e6
p3|walker2d-medium-v2|20|0,p3,walker2d-medium-v2,20.0,0,1000000,4cf1b5dfa39499ebc64bb74fec2e538bd051affcbbe8b14a561a0ac76d8cf782,e7619103cd1f4c7c167e1bbf26b45d78963833792a689b7ee4acdda7bcc5ee66,f2985fec00a5409994e103089a1eeb6139566c3ac2b964694f4767643a015ea4,cf00f43add04c17fdfc2958dd581dea0851b2e5bedbe6fda073758a8f841aeda,c19bca3b126ca1d11cac37f34394895aac57ccb18940e212d1df76ecdc035c00,a5e8ec78c782631fa1dd834df4627187c98b009822c39e8d0a59baaf7f35755a,babb1b8a8d7ec533403dabb79573aa1683a30b072eb0c5ccb371cc8f5da0eece,2.3018707417014848,collapsed,within_run_online_critic,ca3cd7ae17921172f1b6dc311f3f3113907cb66e1c77b1c06e7b6bcba9dfe27d,posthoc_final_checkpoint_one_adam_step,False,2,3,6.666666666666667,780981764096.0,1.707252838197432e-11,500000,500001,-0.0207771873245175,0.0,-0.020804438935721592,0.0,-13.354110412896052,-13.354137664507256,-13.333333225571534,783359116706.0,783362079792.0,780981757784.0,0.01981034034546675,0.01983367610409623,True,raw/walker2d-medium-v2/walker2d-medium-v2_tau20_mpi3_seed0.npz,71a54407b9b890a707c5b193b60ebc2fc701fac5de06082d5c89a354c89e0b9c
p3|walker2d-medium-v2|20|0,p3,walker2d-medium-v2,20.0,0,1000000,4cf1b5dfa39499ebc64bb74fec2e538bd051affcbbe8b14a561a0ac76d8cf782,e7619103cd1f4c7c167e1bbf26b45d78963833792a689b7ee4acdda7bcc5ee66,f2985fec00a5409994e103089a1eeb6139566c3ac2b964694f4767643a015ea4,cf00f43add04c17fdfc2958dd581dea0851b2e5bedbe6fda073758a8f841aeda,c19bca3b126ca1d11cac37f34394895aac57ccb18940e212d1df76ecdc035c00,a5e8ec78c782631fa1dd834df4627187c98b009822c39e8d0a59baaf7f35755a,babb1b8a8d7ec533403dabb79573aa1683a30b072eb0c5ccb371cc8f5da0eece,2.3018707417014848,collapsed,within_run_online_critic,ca3cd7ae17921172f1b6dc311f3f3113907cb66e1c77b1c06e7b6bcba9dfe27d,posthoc_final_checkpoint_one_adam_step,False,3,3,6.666666666666667,783359148032.0,1.7020715679174874e-11,500000,500001,-0.0002074092838952879,0.0,-0.0002292721128007713,0.0,-13.333540209426289,-13.333562072255194,-13.333332800142394,783583504424.0,783581095140.0,783359116706.0,0.003611830266081955,0.0035489596992219342,True,raw/walker2d-medium-v2/walker2d-medium-v2_tau20_mpi3_seed0.npz,71a54407b9b890a707c5b193b60ebc2fc701fac5de06082d5c89a354c89e0b9c
p4|walker2d-medium-v2|20|0,p4,walker2d-medium-v2,20.0,0,1000000,6afcce90cb8bbcf963876013da788714096f4e5c896d36e68fee793e3c19ff48,20dcded77d5e01fe0fcf11b56a6a61b0e8aff2377dc48ea77989a417f354ddc0,7f0fb3d43d684e1e37471a12e4fdaa492a4fb151605882ccfa05e86a75e1189f,cf00f43add04c17fdfc2958dd581dea0851b2e5bedbe6fda073758a8f841aeda,c19bca3b126ca1d11cac37f34394895aac57ccb18940e212d1df76ecdc035c00,a5e8ec78c782631fa1dd834df4627187c98b009822c39e8d0a59baaf7f35755a,babb1b8a8d7ec533403dabb79573aa1683a30b072eb0c5ccb371cc8f5da0eece,2.301870741924962,collapsed,within_run_online_critic,6ced0103405d65a31a5d8dec6176dd4fbbbd74ad0397a55db0231b8950e1fb3f,posthoc_final_checkpoint_one_adam_step,False,2,4,5.0,1226300981248.0,8.154604907698151e-12,500000,500001,-0.031695841069725006,0.0,-0.03169885181235088,0.0,-10.031696848326522,-10.031699859069148,-10.000001007256797,1232296797816.0,1232305067564.0,1226301104768.0,0.01719666688454712,0.017261092669547243,True,raw/walker2d-medium-v2/walker2d-medium-v2_tau20_mpi4_seed0.npz,5c658ce1bcaa8fd925c100bfd76157dcb5f35203f2abec204f41ad48d01e3163
p4|walker2d-medium-v2|20|0,p4,walker2d-medium-v2,20.0,0,1000000,6afcce90cb8bbcf963876013da788714096f4e5c896d36e68fee793e3c19ff48,20dcded77d5e01fe0fcf11b56a6a61b0e8aff2377dc48ea77989a417f354ddc0,7f0fb3d43d684e1e37471a12e4fdaa492a4fb151605882ccfa05e86a75e1189f,cf00f43add04c17fdfc2958dd581dea0851b2e5bedbe6fda073758a8f841aeda,c19bca3b126ca1d11cac37f34394895aac57ccb18940e212d1df76ecdc035c00,a5e8ec78c782631fa1dd834df4627187c98b009822c39e8d0a59baaf7f35755a,babb1b8a8d7ec533403dabb79573aa1683a30b072eb0c5ccb371cc8f5da0eece,2.301870741924962,collapsed,within_run_online_critic,6ced0103405d65a31a5d8dec6176dd4fbbbd74ad0397a55db0231b8950e1fb3f,posthoc_final_checkpoint_one_adam_step,False,3,4,5.0,1232296738816.0,8.114928559827298e-12,500000,500001,-0.0023329392710245145,0.0,-0.002343150119788362,0.0,-10.002333418051808,-10.002343628900572,-10.000000478780784,1232877641708.0,1232869366580.0,1232296797816.0,0.0023805674169674784,0.002303204495661609,True,raw/walker2d-medium-v2/walker2d-medium-v2_tau20_mpi4_seed0.npz,5c658ce1bcaa8fd925c100bfd76157dcb5f35203f2abec204f41ad48d01e3163
p4|walker2d-medium-v2|20|0,p4,walker2d-medium-v2,20.0,0,1000000,6afcce90cb8bbcf963876013da788714096f4e5c896d36e68fee793e3c19ff48,20dcded77d5e01fe0fcf11b56a6a61b0e8aff2377dc48ea77989a417f354ddc0,7f0fb3d43d684e1e37471a12e4fdaa492a4fb151605882ccfa05e86a75e1189f,cf00f43add04c17fdfc2958dd581dea0851b2e5bedbe6fda073758a8f841aeda,c19bca3b126ca1d11cac37f34394895aac57ccb18940e212d1df76ecdc035c00,a5e8ec78c782631fa1dd834df4627187c98b009822c39e8d0a59baaf7f35755a,babb1b8a8d7ec533403dabb79573aa1683a30b072eb0c5ccb371cc8f5da0eece,2.301870741924962,collapsed,within_run_online_critic,6ced0103405d65a31a5d8dec6176dd4fbbbd74ad0397a55db0231b8950e1fb3f,posthoc_final_checkpoint_one_adam_step,False,4,4,5.0,1232877649920.0,8.111104942691505e-12,500000,500001,0.000337103233926328,0.000337103233926328,0.0002814705623723768,0.0002814705623723768,-9.999662830157678,-9.999718462829232,-9.999999933391605,1233253650872.0,1233247697288.0,1232877641708.0,0.0033869530225449605,0.0032830302063814785,True,raw/walker2d-medium-v2/walker2d-medium-v2_tau20_mpi4_seed0.npz,5c658ce1bcaa8fd925c100bfd76157dcb5f35203f2abec204f41ad48d01e3163
p3|walker2d-medium-v2|20|1,p3,walker2d-medium-v2,20.0,1,1000000,0c61ae54052c66b7b2a92f232c02d93abe7633eb53eabcd84674618c01225622,6883b8c7660178900e0468d37d0d8c509e62ea8713613e1da1c33a53aacb9cb5,780a86e97ccacd903bf863852193dc081ba5a6d659fcb8b5dec6e8f2df19f52c,cf00f43add04c17fdfc2958dd581dea0851b2e5bedbe6fda073758a8f841aeda,c19bca3b126ca1d11cac37f34394895aac57ccb18940e212d1df76ecdc035c00,a5e8ec78c782631fa1dd834df4627187c98b009822c39e8d0a59baaf7f35755a,babb1b8a8d7ec533403dabb79573aa1683a30b072eb0c5ccb371cc8f5da0eece,2.368422904146782,collapsed,within_run_online_critic,152e0daeca6ac099f17c31a87713103f392936613aac7be9fdbb5f65fa96e705,posthoc_final_checkpoint_one_adam_step,False,2,3,6.666666666666667,1065303146496.0,1.2515999203784758e-11,500000,500001,-0.02745947990758424,0.0,-0.027460066067835243,0.0,-13.360792926335487,-13.360793512495738,-13.333333446427902,1070046276008.0,1070044158014.0,1065303155532.0,0.03190541219348736,0.031878317222018386,True,raw/walker2d-medium-v2/walker2d-medium-v2_tau20_mpi3_seed1.npz,fb518d709569486589cce65ab015907dac0279f8ea2db8b71bf9a5b664b14b7d
p3|walker2d-medium-v2|20|1,p3,walker2d-medium-v2,20.0,1,1000000,0c61ae54052c66b7b2a92f232c02d93abe7633eb53eabcd84674618c01225622,6883b8c7660178900e0468d37d0d8c509e62ea8713613e1da1c33a53aacb9cb5,780a86e97ccacd903bf863852193dc081ba5a6d659fcb8b5dec6e8f2df19f52c,cf00f43add04c17fdfc2958dd581dea0851b2e5bedbe6fda073758a8f841aeda,c19bca3b126ca1d11cac37f34394895aac57ccb18940e212d1df76ecdc035c00,a5e8ec78c782631fa1dd834df4627187c98b009822c39e8d0a59baaf7f35755a,babb1b8a8d7ec533403dabb79573aa1683a30b072eb0c5ccb371cc8f5da0eece,2.368422904146782,collapsed,within_run_online_critic,152e0daeca6ac099f17c31a87713103f392936613aac7be9fdbb5f65fa96e705,posthoc_final_checkpoint_one_adam_step,False,3,3,6.666666666666667,1070046248960.0,1.2460520604873178e-11,500000,500001,-0.0019204035707591771,0.0,-0.001930853526911136,0.0,-13.335254073936255,-13.335264523892407,-13.333333670365496,1070499015526.0,1070498081982.0,1070046276008.0,0.0037209665219204075,0.0036988841215199937,True,raw/walker2d-medium-v2/walker2d-medium-v2_tau20_mpi3_seed1.npz,fb518d709569486589cce65ab015907dac0279f8ea2db8b71bf9a5b664b14b7d
p4|walker2d-medium-v2|20|1,p4,walker2d-medium-v2,20.0,1,1000000,b71f0c609bc20212ba9cf3bb88b432fbb004b235afeedfa55107e71cb37309f4,5a246f09f2383cf62b209cd984b035429764bebb03550d9f5df5993c24270880,6b0d8290a216d497591c710ed1228834af5e4eb3375b61ab198017a5a9516b72,cf00f43add04c17fdfc2958dd581dea0851b2e5bedbe6fda073758a8f841aeda,c19bca3b126ca1d11cac37f34394895aac57ccb18940e212d1df76ecdc035c00,a5e8ec78c782631fa1dd834df4627187c98b009822c39e8d0a59baaf7f35755a,babb1b8a8d7ec533403dabb79573aa1683a30b072eb0c5ccb371cc8f5da0eece,8.965961703141268,collapsed,within_run_online_critic,f8b365f315942c544a4805dbdb2448e33d852ebf975f40781677fcef3fad16d4,posthoc_final_checkpoint_one_adam_step,False,2,4,5.0,337.6761484609375,0.029614173359824386,500000,500001,-0.004397289693153894,0.0,-0.004757190518050791,0.0,-10.004396284465534,-10.00475618529043,-9.99999899477238,338.5707349018194,338.55844862479717,337.6761145167984,0.02209615348009099,0.021372404717510247,True,raw/walker2d-medium-v2/walker2d-medium-v2_tau20_mpi4_seed1.npz,2c4282dde4dc22ab632d8194f59e7218d6237d85ef51a324a38f27b415401020
p4|walker2d-medium-v2|20|1,p4,walker2d-medium-v2,20.0,1,1000000,b71f0c609bc20212ba9cf3bb88b432fbb004b235afeedfa55107e71cb37309f4,5a246f09f2383cf62b209cd984b035429764bebb03550d9f5df5993c24270880,6b0d8290a216d497591c710ed1228834af5e4eb3375b61ab198017a5a9516b72,cf00f43add04c17fdfc2958dd581dea0851b2e5bedbe6fda073758a8f841aeda,c19bca3b126ca1d11cac37f34394895aac57ccb18940e212d1df76ecdc035c00,a5e8ec78c782631fa1dd834df4627187c98b009822c39e8d0a59baaf7f35755a,babb1b8a8d7ec533403dabb79573aa1683a30b072eb0c5ccb371cc8f5da0eece,8.965961703141268,collapsed,within_run_online_critic,f8b365f315942c544a4805dbdb2448e33d852ebf975f40781677fcef3fad16d4,posthoc_final_checkpoint_one_adam_step,False,3,4,5.0,338.57074074609375,0.029535924982659254,500000,500001,-0.005407811794203354,0.0,-0.005422036723667034,0.0,-10.005407639178154,-10.005421864107618,-9.99999982738395,339.3151090070605,339.3210542066954,338.5707349018194,0.0165779659372334,0.016739337978193075,True,raw/walker2d-medium-v2/walker2d-medium-v2_tau20_mpi4_seed1.npz,2c4282dde4dc22ab632d8194f59e7218d6237d85ef51a324a38f27b415401020
p4|walker2d-medium-v2|20|1,p4,walker2d-medium-v2,20.0,1,1000000,b71f0c609bc20212ba9cf3bb88b432fbb004b235afeedfa55107e71cb37309f4,5a246f09f2383cf62b209cd984b035429764bebb03550d9f5df5993c24270880,6b0d8290a216d497591c710ed1228834af5e4eb3375b61ab198017a5a9516b72,cf00f43add04c17fdfc2958dd581dea0851b2e5bedbe6fda073758a8f841aeda,c19bca3b126ca1d11cac37f34394895aac57ccb18940e212d1df76ecdc035c00,a5e8ec78c782631fa1dd834df4627187c98b009822c39e8d0a59baaf7f35755a,babb1b8a8d7ec533403dabb79573aa1683a30b072eb0c5ccb371cc8f5da0eece,8.965961703141268,collapsed,within_run_online_critic,f8b365f315942c544a4805dbdb2448e33d852ebf975f40781677fcef3fad16d4,posthoc_final_checkpoint_one_adam_step,False,4,4,5.0,339.31512551171875,0.02947112948448458,500000,500001,0.0009599646409910179,0.0009599646409910179,0.0005722997596659951,0.0005722997596659951,-9.99903954894809,-9.999427213829415,-9.999999513589081,339.76984416274354,339.7757066930644,339.3151090070605,0.01436152329527049,0.014146633804139198,True,raw/walker2d-medium-v2/walker2d-medium-v2_tau20_mpi4_seed1.npz,2c4282dde4dc22ab632d8194f59e7218d6237d85ef51a324a38f27b415401020
p3|walker2d-medium-replay-v2|4|0,p3,walker2d-medium-replay-v2,4.0,0,1000000,86b5f86f28a5a8244abf01e919a6762b97d573625d746270c2eae5c7bc2bb0c5,21965dddf0e4cc01b1948d40c1cd6d6477a193217b2c078d789d5c5e7c3ae896,31d1367f3a7dfd682f77f0a24f1f382c4c899cbfcb53e62a41e62ba7d7e2f9d2,e75de96a4f77acf7d4e0d6fdf0d7ccb177c26c44bb4388e4fd99f543ccfa18db,986e7d092e77d2e1d40b263c229617bfbdf48cb46a907ac4ba7e8daa231ea1ea,2c9e9ef62cd41426d6940b2a3965fc6daf2c1c16472141ee89ae54d1c617ef1c,9dfa4bc155dcee7c59e6444f09723f9a3bf07555990a568e5e09db0bd7648ce1,91.16519418821781,stable,within_run_online_critic,a5215bf36425b3f923a3a6a710e830c149dc020d697c452e74039382fb117369,posthoc_final_checkpoint_one_adam_step,False,2,3,1.3333333333333333,208.98593239648437,0.012760029520109106,500000,500001,0.008940158922972952,0.008940158922972952,0.00865422671684879,0.00865422671684879,-2.642340048997437,-2.6426259812035613,-2.65128020792041,209.2172105856589,209.21930993534443,207.78009986122197,0.027277734190453873,0.027018589748289915,True,raw/walker2d-medium-replay-v2/walker2d-medium-replay-v2_tau4_mpi3_seed0.npz,a5541b0c92e5ba673ff27df5917d6fef70a3c4a9328184d8dcf8b406dce80989
p3|walker2d-medium-replay-v2|4|0,p3,walker2d-medium-replay-v2,4.0,0,1000000,86b5f86f28a5a8244abf01e919a6762b97d573625d746270c2eae5c7bc2bb0c5,21965dddf0e4cc01b1948d40c1cd6d6477a193217b2c078d789d5c5e7c3ae896,31d1367f3a7dfd682f77f0a24f1f382c4c899cbfcb53e62a41e62ba7d7e2f9d2,e75de96a4f77acf7d4e0d6fdf0d7ccb177c26c44bb4388e4fd99f543ccfa18db,986e7d092e77d2e1d40b263c229617bfbdf48cb46a907ac4ba7e8daa231ea1ea,2c9e9ef62cd41426d6940b2a3965fc6daf2c1c16472141ee89ae54d1c617ef1c,9dfa4bc155dcee7c59e6444f09723f9a3bf07555990a568e5e09db0bd7648ce1,91.16519418821781,stable,within_run_online_critic,a5215bf36425b3f923a3a6a710e830c149dc020d697c452e74039382fb117369,posthoc_final_checkpoint_one_adam_step,False,3,3,1.3333333333333333,210.32376198632812,0.012678865390587728,500000,500001,0.005072755520656447,0.005072755520656447,0.0048620292986947256,0.0048620292986947256,-2.647564094889159,-2.6477748211111205,-2.6526368504098152,210.36571649897087,210.36680543648072,209.2172105856589,0.01963450739583294,0.019437587665977297,True,raw/walker2d-medium-replay-v2/walker2d-medium-replay-v2_tau4_mpi3_seed0.npz,a5541b0c92e5ba673ff27df5917d6fef70a3c4a9328184d8dcf8b406dce80989
p4|walker2d-medium-replay-v2|4|0,p4,walker2d-medium-replay-v2,4.0,0,1000000,2f07259e3d23c464a00236838f90b9678ebbcd1b8eaaef4f4731070750dcf81c,d1281b19ea6574e83ec8c95acf7e7762850368292956614209a189516094d27c,47615fc39714d5e191ac517022e064b0dcff0e12e0df54fe740413a5dea6ac1b,e75de96a4f77acf7d4e0d6fdf0d7ccb177c26c44bb4388e4fd99f543ccfa18db,986e7d092e77d2e1d40b263c229617bfbdf48cb46a907ac4ba7e8daa231ea1ea,2c9e9ef62cd41426d6940b2a3965fc6daf2c1c16472141ee89ae54d1c617ef1c,9dfa4bc155dcee7c59e6444f09723f9a3bf07555990a568e5e09db0bd7648ce1,86.86385265459447,stable,within_run_online_critic,23ee67aee5dafc7fa0284ab39849ac683a9b080b985eb0b9861ca2566da405c2,posthoc_final_checkpoint_one_adam_step,False,2,4,1.0,196.87635903222656,0.01015866003328831,500000,500001,0.011053522458017717,0.011053522458017717,0.01074698228411508,0.01074698228411508,-1.9672309684915827,-1.9675375086654854,-1.9782844909496005,196.20603427400692,196.20803258165688,194.73872385403956,0.02595943017776765,0.025673190131922954,True,raw/walker2d-medium-replay-v2/walker2d-medium-replay-v2_tau4_mpi4_seed0.npz,54cb0ef0aa4c3e153f1f042d96cec4b4d21a8524640dc1f324481a8bffc15fb1
p4|walker2d-medium-replay-v2|4|0,p4,walker2d-medium-replay-v2,4.0,0,1000000,2f07259e3d23c464a00236838f90b9678ebbcd1b8eaaef4f4731070750dcf81c,d1281b19ea6574e83ec8c95acf7e7762850368292956614209a189516094d27c,47615fc39714d5e191ac517022e064b0dcff0e12e0df54fe740413a5dea6ac1b,e75de96a4f77acf7d4e0d6fdf0d7ccb177c26c44bb4388e4fd99f543ccfa18db,986e7d092e77d2e1d40b263c229617bfbdf48cb46a907ac4ba7e8daa231ea1ea,2c9e9ef62cd41426d6940b2a3965fc6daf2c1c16472141ee89ae54d1c617ef1c,9dfa4bc155dcee7c59e6444f09723f9a3bf07555990a568e5e09db0bd7648ce1,86.86385265459447,stable,within_run_online_critic,23ee67aee5dafc7fa0284ab39849ac683a9b080b985eb0b9861ca2566da405c2,posthoc_final_checkpoint_one_adam_step,False,3,4,1.0,198.21222023828125,0.010090195234157086,500000,500001,0.005886134105582919,0.005886134105582919,0.0057237312081803715,0.0057237312081803715,-1.9738710578388636,-1.9740334607362662,-1.9797571919444465,197.31482280487398,197.31693786125834,196.20603427400692,0.017074026855425698,0.016932965289872672,True,raw/walker2d-medium-replay-v2/walker2d-medium-replay-v2_tau4_mpi4_seed0.npz,54cb0ef0aa4c3e153f1f042d96cec4b4d21a8524640dc1f324481a8bffc15fb1
p4|walker2d-medium-replay-v2|4|0,p4,walker2d-medium-replay-v2,4.0,0,1000000,2f07259e3d23c464a00236838f90b9678ebbcd1b8eaaef4f4731070750dcf81c,d1281b19ea6574e83ec8c95acf7e7762850368292956614209a189516094d27c,47615fc39714d5e191ac517022e064b0dcff0e12e0df54fe740413a5dea6ac1b,e75de96a4f77acf7d4e0d6fdf0d7ccb177c26c44bb4388e4fd99f543ccfa18db,986e7d092e77d2e1d40b263c229617bfbdf48cb46a907ac4ba7e8daa231ea1ea,2c9e9ef62cd41426d6940b2a3965fc6daf2c1c16472141ee89ae54d1c617ef1c,9dfa4bc155dcee7c59e6444f09723f9a3bf07555990a568e5e09db0bd7648ce1,86.86385265459447,stable,within_run_online_critic,23ee67aee5dafc7fa0284ab39849ac683a9b080b985eb0b9861ca2566da405c2,posthoc_final_checkpoint_one_adam_step,False,4,4,1.0,199.2012491689453,0.010040097681836184,500000,500001,0.006413240384872676,0.006413240384872676,0.00618850403988036,0.00618850403988036,-1.97464685465026,-1.9748715909952523,-1.9810600950351327,198.1851433520642,198.18713087243668,197.31482280487398,0.015151343693171353,0.014946562246863533,True,raw/walker2d-medium-replay-v2/walker2d-medium-replay-v2_tau4_mpi4_seed0.npz,54cb0ef0aa4c3e153f1f042d96cec4b4d21a8524640dc1f324481a8bffc15fb1
p3|walker2d-medium-replay-v2|4|1,p3,walker2d-medium-replay-v2,4.0,1,1000000,dd6ee304ef47a3a2f5e023df9f7f2b0e8e6680ec16dccdf644289a2cc3248a2e,9392f80eb81c3cc6fc31a3e42b88c728639bbfd1b662896eaab2bff0aa68f6ca,c9c97463642bd4ea76684997519acf95cf7ef7abe0c62ddcbb6eb48e5b7173c2,e75de96a4f77acf7d4e0d6fdf0d7ccb177c26c44bb4388e4fd99f543ccfa18db,986e7d092e77d2e1d40b263c229617bfbdf48cb46a907ac4ba7e8daa231ea1ea,2c9e9ef62cd41426d6940b2a3965fc6daf2c1c16472141ee89ae54d1c617ef1c,9dfa4bc155dcee7c59e6444f09723f9a3bf07555990a568e5e09db0bd7648ce1,85.44604874044506,stable,within_run_online_critic,ae88e166d6b18ad32e62a14bd474edc0d468288ddd868921e3ff7c2aa9da8c04,posthoc_final_checkpoint_one_adam_step,False,2,3,1.3333333333333333,207.3441172109375,0.01286106740107695,500000,500001,0.009274932301167826,0.009274932301167826,0.008868916536915794,0.008868916536915794,-2.638413038107232,-2.638819053871484,-2.6476879704083998,207.3402473046517,207.34514901274815,205.8684468278807,0.028203857433857393,0.027860882867814074,True,raw/walker2d-medium-replay-v2/walker2d-medium-replay-v2_tau4_mpi3_seed1.npz,999a0608b1760e00be5560fd90c364ced82dbc58a9966f092cf099161d3a10f7
p3|walker2d-medium-replay-v2|4|1,p3,walker2d-medium-replay-v2,4.0,1,1000000,dd6ee304ef47a3a2f5e023df9f7f2b0e8e6680ec16dccdf644289a2cc3248a2e,9392f80eb81c3cc6fc31a3e42b88c728639bbfd1b662896eaab2bff0aa68f6ca,c9c97463642bd4ea76684997519acf95cf7ef7abe0c62ddcbb6eb48e5b7173c2,e75de96a4f77acf7d4e0d6fdf0d7ccb177c26c44bb4388e4fd99f543ccfa18db,986e7d092e77d2e1d40b263c229617bfbdf48cb46a907ac4ba7e8daa231ea1ea,2c9e9ef62cd41426d6940b2a3965fc6daf2c1c16472141ee89ae54d1c617ef1c,9dfa4bc155dcee7c59e6444f09723f9a3bf07555990a568e5e09db0bd7648ce1,85.44604874044506,stable,within_run_online_critic,ae88e166d6b18ad32e62a14bd474edc0d468288ddd868921e3ff7c2aa9da8c04,posthoc_final_checkpoint_one_adam_step,False,3,3,1.3333333333333333,208.63763527734375,0.012781330957484465,500000,500001,0.00501671321434527,0.00501671321434527,0.004690010420548507,0.004690010420548507,-2.645067608393085,-2.6453943111868816,-2.65008432160743,208.4420353217356,208.44414846320433,207.3402473046517,0.019099030505684653,0.018799336472359582,True,raw/walker2d-medium-replay-v2/walker2d-medium-replay-v2_tau4_mpi3_seed1.npz,999a0608b1760e00be5560fd90c364ced82dbc58a9966f092cf099161d3a10f7
p4|walker2d-medium-replay-v2|4|1,p4,walker2d-medium-replay-v2,4.0,1,1000000,7c3a8ad1b8a279f16853999490f95ae7b411dd93a62cdc5536af8c35079ab6cb,cd47f40df798c3f087f0a7ba405ee30f75c76442757f6925ba833018a7023e4a,e81396aa8f9a389768ed134939fa01c36bbcbabfed428bc39642178af636eac1,e75de96a4f77acf7d4e0d6fdf0d7ccb177c26c44bb4388e4fd99f543ccfa18db,986e7d092e77d2e1d40b263c229617bfbdf48cb46a907ac4ba7e8daa231ea1ea,2c9e9ef62cd41426d6940b2a3965fc6daf2c1c16472141ee89ae54d1c617ef1c,9dfa4bc155dcee7c59e6444f09723f9a3bf07555990a568e5e09db0bd7648ce1,87.11038833890515,stable,within_run_online_critic,be1d0492d72ac641663f3a9adecb38c3e17cb5459a16d5401978e2bcf356ce7b,posthoc_final_checkpoint_one_adam_step,False,2,4,1.0,199.37747292382812,0.010031223541307985,500000,500001,0.010124789658789712,0.010124789658789712,0.009824411693162505,0.009824411693162505,-1.9692140898063497,-1.969514467771977,-1.9793388794651394,198.78893151938973,198.79259125018143,197.31779192382055,0.024882119802413644,0.024618453414458858,True,raw/walker2d-medium-replay-v2/walker2d-medium-replay-v2_tau4_mpi4_seed1.npz,0fd6eec8ab3a28c69f644015db45cbb186ecdc7bdc67e86ec78b112c83f83b8e
p4|walker2d-medium-replay-v2|4|1,p4,walker2d-medium-replay-v2,4.0,1,1000000,7c3a8ad1b8a279f16853999490f95ae7b411dd93a62cdc5536af8c35079ab6cb,cd47f40df798c3f087f0a7ba405ee30f75c76442757f6925ba833018a7023e4a,e81396aa8f9a389768ed134939fa01c36bbcbabfed428bc39642178af636eac1,e75de96a4f77acf7d4e0d6fdf0d7ccb177c26c44bb4388e4fd99f543ccfa18db,986e7d092e77d2e1d40b263c229617bfbdf48cb46a907ac4ba7e8daa231ea1ea,2c9e9ef62cd41426d6940b2a3965fc6daf2c1c16472141ee89ae54d1c617ef1c,9dfa4bc155dcee7c59e6444f09723f9a3bf07555990a568e5e09db0bd7648ce1,87.11038833890515,stable,within_run_online_critic,be1d0492d72ac641663f3a9adecb38c3e17cb5459a16d5401978e2bcf356ce7b,posthoc_final_checkpoint_one_adam_step,False,3,4,1.0,200.58966164453125,0.00997060358745825,500000,500001,0.006103995573232046,0.006103995573232046,0.005801812977660692,0.005801812977660692,-1.9759416381809878,-1.9762438207765591,-1.9820456337542198,199.95201364762033,199.95137509912456,198.78893151938973,0.01770062641347642,0.017392077103982315,True,raw/walker2d-medium-replay-v2/walker2d-medium-replay-v2_tau4_mpi4_seed1.npz,0fd6eec8ab3a28c69f644015db45cbb186ecdc7bdc67e86ec78b112c83f83b8e
p4|walker2d-medium-replay-v2|4|1,p4,walker2d-medium-replay-v2,4.0,1,1000000,7c3a8ad1b8a279f16853999490f95ae7b411dd93a62cdc5536af8c35079ab6cb,cd47f40df798c3f087f0a7ba405ee30f75c76442757f6925ba833018a7023e4a,e81396aa8f9a389768ed134939fa01c36bbcbabfed428bc39642178af636eac1,e75de96a4f77acf7d4e0d6fdf0d7ccb177c26c44bb4388e4fd99f543ccfa18db,986e7d092e77d2e1d40b263c229617bfbdf48cb46a907ac4ba7e8daa231ea1ea,2c9e9ef62cd41426d6940b2a3965fc6daf2c1c16472141ee89ae54d1c617ef1c,9dfa4bc155dcee7c59e6444f09723f9a3bf07555990a568e5e09db0bd7648ce1,87.11038833890515,stable,within_run_online_critic,be1d0492d72ac641663f3a9adecb38c3e17cb5459a16d5401978e2bcf356ce7b,posthoc_final_checkpoint_one_adam_step,False,4,4,1.0,201.57090859277343,0.009922066700808146,500000,500001,0.007484339680558616,0.007484339680558616,0.007320601962955031,0.007320601962955031,-1.976452876692031,-1.9766166144096347,-1.9839372163725897,200.81159428773753,200.8108131229783,199.95201364762033,0.01601315612652483,0.01584166764007564,True,raw/walker2d-medium-replay-v2/walker2d-medium-replay-v2_tau4_mpi4_seed1.npz,0fd6eec8ab3a28c69f644015db45cbb186ecdc7bdc67e86ec78b112c83f83b8e
p3|walker2d-medium-replay-v2|7|0,p3,walker2d-medium-replay-v2,7.0,0,1000000,d91f630a5d707519b933be455db3259ea05ef7a9b1f96e17dafee60b7f9fb117,bc587e1ee8d789eacb8ddfff4600734578d14383feec09ee5a3c55c2b883e867,744cd4cfab547bd13fc4351003d6e0e449efa90e80a5c48a4741ccf179f78a98,e75de96a4f77acf7d4e0d6fdf0d7ccb177c26c44bb4388e4fd99f543ccfa18db,986e7d092e77d2e1d40b263c229617bfbdf48cb46a907ac4ba7e8daa231ea1ea,2c9e9ef62cd41426d6940b2a3965fc6daf2c1c16472141ee89ae54d1c617ef1c,9dfa4bc155dcee7c59e6444f09723f9a3bf07555990a568e5e09db0bd7648ce1,90.2200569444083,stable,within_run_online_critic,a06e0186221d2d64fe61e14b71ae19485364a027d08ffb55ad27ba87845fe90a,posthoc_final_checkpoint_one_adam_step,False,2,3,2.3333333333333335,232.99636940820312,0.02002892439276939,500000,500001,0.0034156862904337615,0.0034156862904337615,0.0031775435324208345,0.0031775435324208345,-4.655975279939341,-4.656213422697354,-4.6593909662297746,234.16494561774743,234.16537084927404,232.63310973962507,0.03409671127547806,0.03386708544756221,True,raw/walker2d-medium-replay-v2/walker2d-medium-replay-v2_tau7_mpi3_seed0.npz,43105bdddae55a948e1e985fb7f5957a3aa289c85f2cf1e1025f10332a3b90d7
p3|walker2d-medium-replay-v2|7|0,p3,walker2d-medium-replay-v2,7.0,0,1000000,d91f630a5d707519b933be455db3259ea05ef7a9b1f96e17dafee60b7f9fb117,bc587e1ee8d789eacb8ddfff4600734578d14383feec09ee5a3c55c2b883e867,744cd4cfab547bd13fc4351003d6e0e449efa90e80a5c48a4741ccf179f78a98,e75de96a4f77acf7d4e0d6fdf0d7ccb177c26c44bb4388e4fd99f543ccfa18db,986e7d092e77d2e1d40b263c229617bfbdf48cb46a907ac4ba7e8daa231ea1ea,2c9e9ef62cd41426d6940b2a3965fc6daf2c1c16472141ee89ae54d1c617ef1c,9dfa4bc155dcee7c59e6444f09723f9a3bf07555990a568e5e09db0bd7648ce1,90.2200569444083,stable,within_run_online_critic,a06e0186221d2d64fe61e14b71ae19485364a027d08ffb55ad27ba87845fe90a,posthoc_final_checkpoint_one_adam_step,False,3,3,2.3333333333333335,234.45118813378906,0.019904640722074925,500000,500001,0.005118511728723796,0.005118511728723796,0.004912771384585568,0.004912771384585568,-4.655850600496752,-4.65605634084089,-4.660969112225476,235.18595398378966,235.1856801679678,234.16494561774743,0.025441316429028128,0.025230125879330895,True,raw/walker2d-medium-replay-v2/walker2d-medium-replay-v2_tau7_mpi3_seed0.npz,43105bdddae55a948e1e985fb7f5957a3aa289c85f2cf1e1025f10332a3b90d7
p4|walker2d-medium-replay-v2|7|0,p4,walker2d-medium-replay-v2,7.0,0,1000000,fd986e5b59096626ad3fb68a1ea3717111b0cdb2f8bab56009ce96191b28529f,a35afd9007dd2c15afab87f3f104e7a18157cdcee9f9c9f3f96c72f25d9e6ba8,b00ea793570515b3959da3968f37c524303702d7d13dba821581343a1f60e064,e75de96a4f77acf7d4e0d6fdf0d7ccb177c26c44bb4388e4fd99f543ccfa18db,986e7d092e77d2e1d40b263c229617bfbdf48cb46a907ac4ba7e8daa231ea1ea,2c9e9ef62cd41426d6940b2a3965fc6daf2c1c16472141ee89ae54d1c617ef1c,9dfa4bc155dcee7c59e6444f09723f9a3bf07555990a568e5e09db0bd7648ce1,94.46446137233349,stable,within_run_online_critic,f2698bd85ba1730a258e1181a0be007f61cbe7ca06815e04335584bf3feb3f9c,posthoc_final_checkpoint_one_adam_step,False,2,4,1.75,222.6426554189453,0.015720258067413326,500000,500001,0.005587233268693925,0.005587233268693925,0.005231658816199136,0.005231658816199136,-3.4809552752569495,-3.4813108497094443,-3.4865425085256434,223.38064172390295,223.3813209863547,221.78659495119427,0.030646059907201664,0.030301163635743783,True,raw/walker2d-medium-replay-v2/walker2d-medium-replay-v2_tau7_mpi4_seed0.npz,8738d477586ac46167bf1dea4019b700ab09938ffdd4a72aeec48b9690bb2adc
p4|walker2d-medium-replay-v2|7|0,p4,walker2d-medium-replay-v2,7.0,0,1000000,fd986e5b59096626ad3fb68a1ea3717111b0cdb2f8bab56009ce96191b28529f,a35afd9007dd2c15afab87f3f104e7a18157cdcee9f9c9f3f96c72f25d9e6ba8,b00ea793570515b3959da3968f37c524303702d7d13dba821581343a1f60e064,e75de96a4f77acf7d4e0d6fdf0d7ccb177c26c44bb4388e4fd99f543ccfa18db,986e7d092e77d2e1d40b263c229617bfbdf48cb46a907ac4ba7e8daa231ea1ea,2c9e9ef62cd41426d6940b2a3965fc6daf2c1c16472141ee89ae54d1c617ef1c,9dfa4bc155dcee7c59e6444f09723f9a3bf07555990a568e5e09db0bd7648ce1,94.46446137233349,stable,within_run_online_critic,f2698bd85ba1730a258e1181a0be007f61cbe7ca06815e04335584bf3feb3f9c,posthoc_final_checkpoint_one_adam_step,False,3,4,1.75,224.1607676015625,0.015613793784919228,500000,500001,0.003451010067930138,0.003451010067930138,0.003239345357777701,0.003239345357777701,-3.4843682653520145,-3.484579930062167,-3.4878192754199446,224.6008587381657,224.59731790771184,223.38064172390295,0.0225032269014783,0.022236276394792115,True,raw/walker2d-medium-replay-v2/walker2d-medium-replay-v2_tau7_mpi4_seed0.npz,8738d477586ac46167bf1dea4019b700ab09938ffdd4a72aeec48b9690bb2adc
p4|walker2d-medium-replay-v2|7|0,p4,walker2d-medium-replay-v2,7.0,0,1000000,fd986e5b59096626ad3fb68a1ea3717111b0cdb2f8bab56009ce96191b28529f,a35afd9007dd2c15afab87f3f104e7a18157cdcee9f9c9f3f96c72f25d9e6ba8,b00ea793570515b3959da3968f37c524303702d7d13dba821581343a1f60e064,e75de96a4f77acf7d4e0d6fdf0d7ccb177c26c44bb4388e4fd99f543ccfa18db,986e7d092e77d2e1d40b263c229617bfbdf48cb46a907ac4ba7e8daa231ea1ea,2c9e9ef62cd41426d6940b2a3965fc6daf2c1c16472141ee89ae54d1c617ef1c,9dfa4bc155dcee7c59e6444f09723f9a3bf07555990a568e5e09db0bd7648ce1,94.46446137233349,stable,within_run_online_critic,f2698bd85ba1730a258e1181a0be007f61cbe7ca06815e04335584bf3feb3f9c,posthoc_final_checkpoint_one_adam_step,False,4,4,1.75,225.31881813867187,0.015533544995988458,500000,500001,0.009824486689795187,0.009824486689795187,0.009717263044836333,0.009717263044836333,-3.479023058657149,-3.479130282302108,-3.4888475453469443,225.40994509102165,225.40784975632778,224.6008587381657,0.022392465957523644,0.022252694336815527,True,raw/walker2d-medium-replay-v2/walker2d-medium-replay-v2_tau7_mpi4_seed0.npz,8738d477586ac46167bf1dea4019b700ab09938ffdd4a72aeec48b9690bb2adc
p3|walker2d-medium-replay-v2|7|1,p3,walker2d-medium-replay-v2,7.0,1,1000000,abe8b84f561095b88cd725ee2b29746534a6f3b30fddcb319d726ef577c30c1e,caa0151790d126be2c63bbf5fd538ed62c14d7332b30d5e92fc806acf73f4206,3d8faa6e8946295c9c48a5fe4b66f4cb25b57305451cbf7413591fb1ff3ea54b,e75de96a4f77acf7d4e0d6fdf0d7ccb177c26c44bb4388e4fd99f543ccfa18db,986e7d092e77d2e1d40b263c229617bfbdf48cb46a907ac4ba7e8daa231ea1ea,2c9e9ef62cd41426d6940b2a3965fc6daf2c1c16472141ee89ae54d1c617ef1c,9dfa4bc155dcee7c59e6444f09723f9a3bf07555990a568e5e09db0bd7648ce1,90.49134447084025,stable,within_run_online_critic,5417a5d668c38f2db49d6c9b6401433be3d13148b58d1641dcf153378d1522a2,posthoc_final_checkpoint_one_adam_step,False,2,3,2.3333333333333335,234.07518105371093,0.019936614576817748,500000,500001,0.0025779022528702455,0.0025779022528702455,0.002226151255116271,0.002226151255116271,-4.651962223410759,-4.652313974408513,-4.65454012566363,235.1869038977893,235.18713703250978,233.46692627924494,0.036868433114541556,0.036521330033854,True,raw/walker2d-medium-replay-v2/walker2d-medium-replay-v2_tau7_mpi3_seed1.npz,e4f0c7c5049f2089c288d804d2fd8268045e6cb2195423db4c3271811c9e4c57
p3|walker2d-medium-replay-v2|7|1,p3,walker2d-medium-replay-v2,7.0,1,1000000,abe8b84f561095b88cd725ee2b29746534a6f3b30fddcb319d726ef577c30c1e,caa0151790d126be2c63bbf5fd538ed62c14d7332b30d5e92fc806acf73f4206,3d8faa6e8946295c9c48a5fe4b66f4cb25b57305451cbf7413591fb1ff3ea54b,e75de96a4f77acf7d4e0d6fdf0d7ccb177c26c44bb4388e4fd99f543ccfa18db,986e7d092e77d2e1d40b263c229617bfbdf48cb46a907ac4ba7e8daa231ea1ea,2c9e9ef62cd41426d6940b2a3965fc6daf2c1c16472141ee89ae54d1c617ef1c,9dfa4bc155dcee7c59e6444f09723f9a3bf07555990a568e5e09db0bd7648ce1,90.49134447084025,stable,within_run_online_critic,5417a5d668c38f2db49d6c9b6401433be3d13148b58d1641dcf153378d1522a2,posthoc_final_checkpoint_one_adam_step,False,3,3,2.3333333333333335,235.71286110742187,0.019798099453469865,500000,500001,0.00464810324846443,0.00464810324846443,0.00428963324237408,0.00428963324237408,-4.651605610273628,-4.651964080279718,-4.6562537135220925,236.31924955337308,236.3284991803812,235.1869038977893,0.027066395153416356,0.026891050182739573,True,raw/walker2d-medium-replay-v2/walker2d-medium-replay-v2_tau7_mpi3_seed1.npz,e4f0c7c5049f2089c288d804d2fd8268045e6cb2195423db4c3271811c9e4c57
p4|walker2d-medium-replay-v2|7|1,p4,walker2d-medium-replay-v2,7.0,1,1000000,a37d5df08551d3f71a4f91a6d673b9ed50b689257d9dd2d882960b8899586fbd,86094f66901435ac18425fa55ce6ffff4ab117663614f5841227d6dcde7fe6b9,a81ce06baec906cd79a56bef423ce92c70f3e648869b89d0a80926038ceab3a9,e75de96a4f77acf7d4e0d6fdf0d7ccb177c26c44bb4388e4fd99f543ccfa18db,986e7d092e77d2e1d40b263c229617bfbdf48cb46a907ac4ba7e8daa231ea1ea,2c9e9ef62cd41426d6940b2a3965fc6daf2c1c16472141ee89ae54d1c617ef1c,9dfa4bc155dcee7c59e6444f09723f9a3bf07555990a568e5e09db0bd7648ce1,90.45106624742516,stable,within_run_online_critic,3663ef4c68d81b1a6a517a38d355cd8dc47481825e2953f47595e6ffc7c9476c,posthoc_final_checkpoint_one_adam_step,False,2,4,1.75,224.38224892480468,0.015598381854051767,500000,500001,0.00652431464433656,0.00652431464433656,0.005954300545920166,0.005954300545920166,-3.482920305874814,-3.4834903199732303,-3.4894446205191505,225.33328700862876,225.33408669946766,223.70555184304249,0.031914349314419534,0.03135680909907356,True,raw/walker2d-medium-replay-v2/walker2d-medium-replay-v2_tau7_mpi4_seed1.npz,b2b4b4d11f0010fb0a2e48c63d9754099c1bcb5a1c20abb23486f335715f685b
p4|walker2d-medium-replay-v2|7|1,p4,walker2d-medium-replay-v2,7.0,1,1000000,a37d5df08551d3f71a4f91a6d673b9ed50b689257d9dd2d882960b8899586fbd,86094f66901435ac18425fa55ce6ffff4ab117663614f5841227d6dcde7fe6b9,a81ce06baec906cd79a56bef423ce92c70f3e648869b89d0a80926038ceab3a9,e75de96a4f77acf7d4e0d6fdf0d7ccb177c26c44bb4388e4fd99f543ccfa18db,986e7d092e77d2e1d40b263c229617bfbdf48cb46a907ac4ba7e8daa231ea1ea,2c9e9ef62cd41426d6940b2a3965fc6daf2c1c16472141ee89ae54d1c617ef1c,9dfa4bc155dcee7c59e6444f09723f9a3bf07555990a568e5e09db0bd7648ce1,90.45106624742516,stable,within_run_online_critic,3663ef4c68d81b1a6a517a38d355cd8dc47481825e2953f47595e6ffc7c9476c,posthoc_final_checkpoint_one_adam_step,False,3,4,1.75,225.91973976953125,0.015492227476759997,500000,500001,0.004003439793528685,0.004003439793528685,0.0038768721671753603,0.0038768721671753603,-3.4869111006301963,-3.4870376682565496,-3.490914540423725,226.46356073225616,226.46295985410688,225.33328700862876,0.021513897430968612,0.02137802086364125,True,raw/walker2d-medium-replay-v2/walker2d-medium-replay-v2_tau7_mpi4_seed1.npz,b2b4b4d11f0010fb0a2e48c63d9754099c1bcb5a1c20abb23486f335715f685b
p4|walker2d-medium-replay-v2|7|1,p4,walker2d-medium-replay-v2,7.0,1,1000000,a37d5df08551d3f71a4f91a6d673b9ed50b689257d9dd2d882960b8899586fbd,86094f66901435ac18425fa55ce6ffff4ab117663614f5841227d6dcde7fe6b9,a81ce06baec906cd79a56bef423ce92c70f3e648869b89d0a80926038ceab3a9,e75de96a4f77acf7d4e0d6fdf0d7ccb177c26c44bb4388e4fd99f543ccfa18db,986e7d092e77d2e1d40b263c229617bfbdf48cb46a907ac4ba7e8daa231ea1ea,2c9e9ef62cd41426d6940b2a3965fc6daf2c1c16472141ee89ae54d1c617ef1c,9dfa4bc155dcee7c59e6444f09723f9a3bf07555990a568e5e09db0bd7648ce1,90.45106624742516,stable,within_run_online_critic,3663ef4c68d81b1a6a517a38d355cd8dc47481825e2953f47595e6ffc7c9476c,posthoc_final_checkpoint_one_adam_step,False,4,4,1.75,227.00511269433593,0.015418154941350489,500000,500001,0.008057401106478235,0.008057401106478235,0.007898933497778149,0.007898933497778149,-3.4835928668333835,-3.4837513344420836,-3.4916502679398618,227.22509382408862,227.2255766072758,226.46356073225616,0.019798836309316562,0.019647812326599654,True,raw/walker2d-medium-replay-v2/walker2d-medium-replay-v2_tau7_mpi4_seed1.npz,b2b4b4d11f0010fb0a2e48c63d9754099c1bcb5a1c20abb23486f335715f685b
p3|walker2d-medium-replay-v2|10|0,p3,walker2d-medium-replay-v2,10.0,0,1000000,d6f626a24e9d83edea91764d1767ec4c3d1e58ee933b2259625d2d1c1a5d6f9f,0fb062254bd24089e181a892f4a72d4794ca94186a3ab4a1f722765e82310310,51049c5eeb397052e9da64d699b5ebf397a239cd26bc75006524fb0319db5523,e75de96a4f77acf7d4e0d6fdf0d7ccb177c26c44bb4388e4fd99f543ccfa18db,986e7d092e77d2e1d40b263c229617bfbdf48cb46a907ac4ba7e8daa231ea1ea,2c9e9ef62cd41426d6940b2a3965fc6daf2c1c16472141ee89ae54d1c617ef1c,9dfa4bc155dcee7c59e6444f09723f9a3bf07555990a568e5e09db0bd7648ce1,88.52004597215407,stable,within_run_online_critic,cd061b67bf3b3fa2275f1343ffafbf8d68ae31504c79cf250e85ec4e64b427a5,posthoc_final_checkpoint_one_adam_step,False,2,3,3.3333333333333335,246.6529551015625,0.02702852947341167,500000,500001,-0.0037495222328631783,0.0,-0.004080221912805548,0.0,-6.662634478628048,-6.66296517830799,-6.658884956395185,248.0639985636808,248.06630321824923,246.3650478264317,0.04217061784274909,0.04190220958673524,True,raw/walker2d-medium-replay-v2/walker2d-medium-replay-v2_tau10_mpi3_seed0.npz,1caa39f13c7dde858ec455ea06251c3f8147b4d8e939b6a6335e8b51676dc86d
p3|walker2d-medium-replay-v2|10|0,p3,walker2d-medium-replay-v2,10.0,0,1000000,d6f626a24e9d83edea91764d1767ec4c3d1e58ee933b2259625d2d1c1a5d6f9f,0fb062254bd24089e181a892f4a72d4794ca94186a3ab4a1f722765e82310310,51049c5eeb397052e9da64d699b5ebf397a239cd26bc75006524fb0319db5523,e75de96a4f77acf7d4e0d6fdf0d7ccb177c26c44bb4388e4fd99f543ccfa18db,986e7d092e77d2e1d40b263c229617bfbdf48cb46a907ac4ba7e8daa231ea1ea,2c9e9ef62cd41426d6940b2a3965fc6daf2c1c16472141ee89ae54d1c617ef1c,9dfa4bc155dcee7c59e6444f09723f9a3bf07555990a568e5e09db0bd7648ce1,88.52004597215407,stable,within_run_online_critic,cd061b67bf3b3fa2275f1343ffafbf8d68ae31504c79cf250e85ec4e64b427a5,posthoc_final_checkpoint_one_adam_step,False,3,3,3.3333333333333335,248.31459145410156,0.026847663794654343,500000,500001,0.0036661417128511786,0.0036661417128511786,0.003393930168891224,0.003393930168891224,-6.656272691282469,-6.656544902826429,-6.65993883299532,249.12343029584736,249.12498011952266,248.0639985636808,0.0321094086714474,0.031878806272463076,True,raw/walker2d-medium-replay-v2/walker2d-medium-replay-v2_tau10_mpi3_seed0.npz,1caa39f13c7dde858ec455ea06251c3f8147b4d8e939b6a6335e8b51676dc86d
p4|walker2d-medium-replay-v2|10|0,p4,walker2d-medium-replay-v2,10.0,0,1000000,86f45fc4d787f55e360caafd270e33fb2fd510b4b2462e17f6faa6f5334ff2ed,df0c161480c48794194b644874a1fded3bc89ba11e065bce9b7264d21043c612,2a0300462ece81f0e78fd59a39eb690df72ddd3f232bf7bca056865e6e2b2843,e75de96a4f77acf7d4e0d6fdf0d7ccb177c26c44bb4388e4fd99f543ccfa18db,986e7d092e77d2e1d40b263c229617bfbdf48cb46a907ac4ba7e8daa231ea1ea,2c9e9ef62cd41426d6940b2a3965fc6daf2c1c16472141ee89ae54d1c617ef1c,9dfa4bc155dcee7c59e6444f09723f9a3bf07555990a568e5e09db0bd7648ce1,93.23483109365071,stable,within_run_online_critic,43226aba60ea4c40375e552e54ab3713eb14fd49f512046e0a190d46bb75267c,posthoc_final_checkpoint_one_adam_step,False,2,4,2.5,235.741456078125,0.021209676410681853,500000,500001,0.0019761621857217193,0.0019761621857217193,0.001670859036339678,0.001670859036339678,-4.992984902168898,-4.99329020531828,-4.994961064354619,237.14561436842996,237.13935053173554,235.5038788728998,0.03679684079784689,0.036358683699087,True,raw/walker2d-medium-replay-v2/walker2d-medium-replay-v2_tau10_mpi4_seed0.npz,207334273f2f3ba028ee2674452b602c123eb8755e2079a3b0ee2bc3d0e2f222
p4|walker2d-medium-replay-v2|10|0,p4,walker2d-medium-replay-v2,10.0,0,1000000,86f45fc4d787f55e360caafd270e33fb2fd510b4b2462e17f6faa6f5334ff2ed,df0c161480c48794194b644874a1fded3bc89ba11e065bce9b7264d21043c612,2a0300462ece81f0e78fd59a39eb690df72ddd3f232bf7bca056865e6e2b2843,e75de96a4f77acf7d4e0d6fdf0d7ccb177c26c44bb4388e4fd99f543ccfa18db,986e7d092e77d2e1d40b263c229617bfbdf48cb46a907ac4ba7e8daa231ea1ea,2c9e9ef62cd41426d6940b2a3965fc6daf2c1c16472141ee89ae54d1c617ef1c,9dfa4bc155dcee7c59e6444f09723f9a3bf07555990a568e5e09db0bd7648ce1,93.23483109365071,stable,within_run_online_critic,43226aba60ea4c40375e552e54ab3713eb14fd49f512046e0a190d46bb75267c,posthoc_final_checkpoint_one_adam_step,False,3,4,2.5,237.32573037011718,0.021068090645722813,500000,500001,0.004290742075698795,0.004290742075698795,0.004148851659607544,0.004148851659607544,-4.99191455767401,-4.992056448090101,-4.996205299749708,238.23301679169526,238.22972946421578,237.14561436842996,0.027200234897430675,0.026989086768020212,True,raw/walker2d-medium-replay-v2/walker2d-medium-replay-v2_tau10_mpi4_seed0.npz,207334273f2f3ba028ee2674452b602c123eb8755e2079a3b0ee2bc3d0e2f222
p4|walker2d-medium-replay-v2|10|0,p4,walker2d-medium-replay-v2,10.0,0,1000000,86f45fc4d787f55e360caafd270e33fb2fd510b4b2462e17f6faa6f5334ff2ed,df0c161480c48794194b644874a1fded3bc89ba11e065bce9b7264d21043c612,2a0300462ece81f0e78fd59a39eb690df72ddd3f232bf7bca056865e6e2b2843,e75de96a4f77acf7d4e0d6fdf0d7ccb177c26c44bb4388e4fd99f543ccfa18db,986e7d092e77d2e1d40b263c229617bfbdf48cb46a907ac4ba7e8daa231ea1ea,2c9e9ef62cd41426d6940b2a3965fc6daf2c1c16472141ee89ae54d1c617ef1c,9dfa4bc155dcee7c59e6444f09723f9a3bf07555990a568e5e09db0bd7648ce1,93.23483109365071,stable,within_run_online_critic,43226aba60ea4c40375e552e54ab3713eb14fd49f512046e0a190d46bb75267c,posthoc_final_checkpoint_one_adam_step,False,4,4,2.5,238.377686546875,0.02097511756418859,500000,500001,0.010269977294084853,0.010269977294084853,0.009958977911442624,0.009958977911442624,-4.986695557583038,-4.98700655696568,-4.9969655348771225,238.89578422798877,238.90168436092426,238.23301679169526,0.024171602188056602,0.023984358787381376,True,raw/walker2d-medium-replay-v2/walker2d-medium-replay-v2_tau10_mpi4_seed0.npz,207334273f2f3ba028ee2674452b602c123eb8755e2079a3b0ee2bc3d0e2f222
p3|walker2d-medium-replay-v2|10|1,p3,walker2d-medium-replay-v2,10.0,1,1000000,f0e722d2c897aedf78ce0428bbb6d645c64ee1466fd4d2f902c3481732c833c3,1a25472596d28b9763ef9eb453bb02756173bdd331f906e2732c5f674377017c,f96e5fea07a4b6a14031113e485f35124429a4f8d5ca08118bb793c8de251123,e75de96a4f77acf7d4e0d6fdf0d7ccb177c26c44bb4388e4fd99f543ccfa18db,986e7d092e77d2e1d40b263c229617bfbdf48cb46a907ac4ba7e8daa231ea1ea,2c9e9ef62cd41426d6940b2a3965fc6daf2c1c16472141ee89ae54d1c617ef1c,9dfa4bc155dcee7c59e6444f09723f9a3bf07555990a568e5e09db0bd7648ce1,88.70492988931343,stable,within_run_online_critic,6c87d751f29f467e2044f0101e193b71fbddf1353e178991d6c202de0ed494b1,posthoc_final_checkpoint_one_adam_step,False,2,3,3.3333333333333335,242.48259072167968,0.027493382707703885,500000,500001,-0.0003319670211832104,0.0,-0.0008624163268295959,0.0,-6.657935709151202,-6.658466158456848,-6.657603742130019,243.8003877343872,243.8064649580774,242.15295050850546,0.04496165511690089,0.04459828924796979,True,raw/walker2d-medium-replay-v2/walker2d-medium-replay-v2_tau10_mpi3_seed1.npz,436bbbba261dc85ce68b52572a03fb9d7c7f451bff18adc4cfee8e9f66700da4
p3|walker2d-medium-replay-v2|10|1,p3,walker2d-medium-replay-v2,10.0,1,1000000,f0e722d2c897aedf78ce0428bbb6d645c64ee1466fd4d2f902c3481732c833c3,1a25472596d28b9763ef9eb453bb02756173bdd331f906e2732c5f674377017c,f96e5fea07a4b6a14031113e485f35124429a4f8d5ca08118bb793c8de251123,e75de96a4f77acf7d4e0d6fdf0d7ccb177c26c44bb4388e4fd99f543ccfa18db,986e7d092e77d2e1d40b263c229617bfbdf48cb46a907ac4ba7e8daa231ea1ea,2c9e9ef62cd41426d6940b2a3965fc6daf2c1c16472141ee89ae54d1c617ef1c,9dfa4bc155dcee7c59e6444f09723f9a3bf07555990a568e5e09db0bd7648ce1,88.70492988931343,stable,within_run_online_critic,6c87d751f29f467e2044f0101e193b71fbddf1353e178991d6c202de0ed494b1,posthoc_final_checkpoint_one_adam_step,False,3,3,3.3333333333333335,244.06633095605468,0.027314978844284066,500000,500001,0.006135907501620075,0.006135907501620075,0.005661382167516216,0.005661382167516216,-6.653266525691419,-6.653741051025523,-6.659402433193039,244.7486091356841,244.75366831530118,243.8003877343872,0.03203655501774236,0.03170022106784798,True,raw/walker2d-medium-replay-v2/walker2d-medium-replay-v2_tau10_mpi3_seed1.npz,436bbbba261dc85ce68b52572a03fb9d7c7f451bff18adc4cfee8e9f66700da4
p4|walker2d-medium-replay-v2|10|1,p4,walker2d-medium-replay-v2,10.0,1,1000000,672f140f16932a4a85339d30e132cced2d7d7125b6ebdb77d7e679fc5ff09bc4,5330d8f35c343c634ccbc71f72fd1c3ff067ac40ab2cef1206219440df7d2f9b,9ab9326184c174253c4d67ed2068cf3a96da5e0d0c9164762f59e4695a45d21d,e75de96a4f77acf7d4e0d6fdf0d7ccb177c26c44bb4388e4fd99f543ccfa18db,986e7d092e77d2e1d40b263c229617bfbdf48cb46a907ac4ba7e8daa231ea1ea,2c9e9ef62cd41426d6940b2a3965fc6daf2c1c16472141ee89ae54d1c617ef1c,9dfa4bc155dcee7c59e6444f09723f9a3bf07555990a568e5e09db0bd7648ce1,90.74947387289359,stable,within_run_online_critic,f66c435f85be407a77930d5f4edbaa055b69ff453bd952cdb74049ac544333e6,posthoc_final_checkpoint_one_adam_step,False,2,4,2.5,237.31019692285156,0.02106946968496881,500000,500001,0.002868483874654437,0.002868483874654437,0.00230920191502193,0.00230920191502193,-4.982176358515568,-4.982735640475201,-4.985044842390223,238.24261727089925,238.24306137300118,236.60039464337387,0.03746924374127083,0.03691931877741209,True,raw/walker2d-medium-replay-v2/walker2d-medium-replay-v2_tau10_mpi4_seed1.npz,3403dd609ea8e3565f765a3ed90ce2069cd5a3c2092bbd736bf7fae6896eb3be
p4|walker2d-medium-replay-v2|10|1,p4,walker2d-medium-replay-v2,10.0,1,1000000,672f140f16932a4a85339d30e132cced2d7d7125b6ebdb77d7e679fc5ff09bc4,5330d8f35c343c634ccbc71f72fd1c3ff067ac40ab2cef1206219440df7d2f9b,9ab9326184c174253c4d67ed2068cf3a96da5e0d0c9164762f59e4695a45d21d,e75de96a4f77acf7d4e0d6fdf0d7ccb177c26c44bb4388e4fd99f543ccfa18db,986e7d092e77d2e1d40b263c229617bfbdf48cb46a907ac4ba7e8daa231ea1ea,2c9e9ef62cd41426d6940b2a3965fc6daf2c1c16472141ee89ae54d1c617ef1c,9dfa4bc155dcee7c59e6444f09723f9a3bf07555990a568e5e09db0bd7648ce1,90.74947387289359,stable,within_run_online_critic,f66c435f85be407a77930d5f4edbaa055b69ff453bd952cdb74049ac544333e6,posthoc_final_checkpoint_one_adam_step,False,3,4,2.5,238.87078957421875,0.020931818448427186,500000,500001,0.004603608204409859,0.004603608204409859,0.004313953588651387,0.004313953588651387,-4.982247603188176,-4.982537257803934,-4.986851211392586,239.29317573690514,239.2961393143014,238.24261727089925,0.02659370728430423,0.02636608573256152,True,raw/walker2d-medium-replay-v2/walker2d-medium-replay-v2_tau10_mpi4_seed1.npz,3403dd609ea8e3565f765a3ed90ce2069cd5a3c2092bbd736bf7fae6896eb3be
p4|walker2d-medium-replay-v2|10|1,p4,walker2d-medium-replay-v2,10.0,1,1000000,672f140f16932a4a85339d30e132cced2d7d7125b6ebdb77d7e679fc5ff09bc4,5330d8f35c343c634ccbc71f72fd1c3ff067ac40ab2cef1206219440df7d2f9b,9ab9326184c174253c4d67ed2068cf3a96da5e0d0c9164762f59e4695a45d21d,e75de96a4f77acf7d4e0d6fdf0d7ccb177c26c44bb4388e4fd99f543ccfa18db,986e7d092e77d2e1d40b263c229617bfbdf48cb46a907ac4ba7e8daa231ea1ea,2c9e9ef62cd41426d6940b2a3965fc6daf2c1c16472141ee89ae54d1c617ef1c,9dfa4bc155dcee7c59e6444f09723f9a3bf07555990a568e5e09db0bd7648ce1,90.74947387289359,stable,within_run_online_critic,f66c435f85be407a77930d5f4edbaa055b69ff453bd952cdb74049ac544333e6,posthoc_final_checkpoint_one_adam_step,False,4,4,2.5,239.89315895898437,0.020842611859785767,500000,500001,0.010195306330269993,0.010195306330269993,0.010159995163611768,0.010159995163611768,-4.977299476249549,-4.977334787416207,-4.987494782579819,240.01112921070307,240.00607280991971,239.29317573690514,0.02515933191802575,0.0250186321524315,True,raw/walker2d-medium-replay-v2/walker2d-medium-replay-v2_tau10_mpi4_seed1.npz,3403dd609ea8e3565f765a3ed90ce2069cd5a3c2092bbd736bf7fae6896eb3be
p3|walker2d-medium-replay-v2|14|0,p3,walker2d-medium-replay-v2,14.0,0,1000000,01e4c115e99969cdac5089e9eaafd7af464fee4ed38b45728c2886e9e366352f,c0fcfa9540ef6db1f49bdd8760e2e03f7da454875a4103650287842e09b2d673,e6704c6aeb1364091ab298f622c1b600ab35c831d7a6b2e52cef90196caea194,e75de96a4f77acf7d4e0d6fdf0d7ccb177c26c44bb4388e4fd99f543ccfa18db,986e7d092e77d2e1d40b263c229617bfbdf48cb46a907ac4ba7e8daa231ea1ea,2c9e9ef62cd41426d6940b2a3965fc6daf2c1c16472141ee89ae54d1c617ef1c,9dfa4bc155dcee7c59e6444f09723f9a3bf07555990a568e5e09db0bd7648ce1,7.648693756269174,collapsed,within_run_online_critic,f041e929870c13b9156cc4285bd6391c3269c16d24471aa1f3013dabee9f21cb,posthoc_final_checkpoint_one_adam_step,False,2,3,4.666666666666667,275.456788109375,0.03388311247435067,500000,500001,-0.011436123255124997,0.0,-0.011758308548433405,0.0,-9.342319874313105,-9.342642059606414,-9.33088375105798,277.3550808633663,277.35694294413406,275.38449303089874,0.055333525912960625,0.0550744337117422,True,raw/walker2d-medium-replay-v2/walker2d-medium-replay-v2_tau14_mpi3_seed0.npz,96f5c73c1d9d5b735bf6958864effd23d5f1acc732b94661a1550399341862d1
p3|walker2d-medium-replay-v2|14|0,p3,walker2d-medium-replay-v2,14.0,0,1000000,01e4c115e99969cdac5089e9eaafd7af464fee4ed38b45728c2886e9e366352f,c0fcfa9540ef6db1f49bdd8760e2e03f7da454875a4103650287842e09b2d673,e6704c6aeb1364091ab298f622c1b600ab35c831d7a6b2e52cef90196caea194,e75de96a4f77acf7d4e0d6fdf0d7ccb177c26c44bb4388e4fd99f543ccfa18db,986e7d092e77d2e1d40b263c229617bfbdf48cb46a907ac4ba7e8daa231ea1ea,2c9e9ef62cd41426d6940b2a3965fc6daf2c1c16472141ee89ae54d1c617ef1c,9dfa4bc155dcee7c59e6444f09723f9a3bf07555990a568e5e09db0bd7648ce1,7.648693756269174,collapsed,within_run_online_critic,f041e929870c13b9156cc4285bd6391c3269c16d24471aa1f3013dabee9f21cb,posthoc_final_checkpoint_one_adam_step,False,3,3,4.666666666666667,277.40338234765625,0.03364534799231943,500000,500001,0.0042766303176478004,0.0042766303176478004,0.0040515843304813615,0.0040515843304813615,-9.327431582768206,-9.327656628755372,-9.331708213085854,278.47204951207823,278.4669071962926,277.3550808633663,0.04185742920007174,0.04145936820881,True,raw/walker2d-medium-replay-v2/walker2d-medium-replay-v2_tau14_mpi3_seed0.npz,96f5c73c1d9d5b735bf6958864effd23d5f1acc732b94661a1550399341862d1
p4|walker2d-medium-replay-v2|14|0,p4,walker2d-medium-replay-v2,14.0,0,1000000,9c56b8e137046da811220b8caa33d43c57787b3a59398552b6b4c0ea1b1a4d6f,e0256b883c1423885b8a7c917cf9fc39a9f17a69c8b23980d86b6474934600f3,b81bc0d5bc2602537bc4d2c3733d192dd6fd3d58cebd78ea6b1e147baedf372e,e75de96a4f77acf7d4e0d6fdf0d7ccb177c26c44bb4388e4fd99f543ccfa18db,986e7d092e77d2e1d40b263c229617bfbdf48cb46a907ac4ba7e8daa231ea1ea,2c9e9ef62cd41426d6940b2a3965fc6daf2c1c16472141ee89ae54d1c617ef1c,9dfa4bc155dcee7c59e6444f09723f9a3bf07555990a568e5e09db0bd7648ce1,7.310622670961825,collapsed,within_run_online_critic,9d7915778dce428bf2a8c0df6ab3ae2f8bd5513aaf59b36bbccf5b8b5c7d0371,posthoc_final_checkpoint_one_adam_step,False,2,4,3.5,253.36279396875,0.027628365989930577,500000,500001,-0.0019470495579971825,0.0,-0.002277760545600138,0.0,-7.00065822458957,-7.000988935577173,-6.9987111750315725,255.0169503277575,255.01429870337597,253.31614535518747,0.045043412701661144,0.0446394416651776,True,raw/walker2d-medium-replay-v2/walker2d-medium-replay-v2_tau14_mpi4_seed0.npz,692b1dd787e7d6e0b3b8ee29aad50c82b23f072a8db5d75fd97b62003f09b546
p4|walker2d-medium-replay-v2|14|0,p4,walker2d-medium-replay-v2,14.0,0,1000000,9c56b8e137046da811220b8caa33d43c57787b3a59398552b6b4c0ea1b1a4d6f,e0256b883c1423885b8a7c917cf9fc39a9f17a69c8b23980d86b6474934600f3,b81bc0d5bc2602537bc4d2c3733d192dd6fd3d58cebd78ea6b1e147baedf372e,e75de96a4f77acf7d4e0d6fdf0d7ccb177c26c44bb4388e4fd99f543ccfa18db,986e7d092e77d2e1d40b263c229617bfbdf48cb46a907ac4ba7e8daa231ea1ea,2c9e9ef62cd41426d6940b2a3965fc6daf2c1c16472141ee89ae54d1c617ef1c,9dfa4bc155dcee7c59e6444f09723f9a3bf07555990a568e5e09db0bd7648ce1,7.310622670961825,collapsed,within_run_online_critic,9d7915778dce428bf2a8c0df6ab3ae2f8bd5513aaf59b36bbccf5b8b5c7d0371,posthoc_final_checkpoint_one_adam_step,False,3,4,3.5,255.0515909658203,0.027445427701480507,500000,500001,0.005068601417817398,0.005068601417817398,0.00490090459801884,0.00490090459801884,-6.993980671454697,-6.994148368274495,-6.999049272872514,256.0456941525481,256.0513174836087,255.0169503277575,0.03330291568445157,0.033289553590720077,True,raw/walker2d-medium-replay-v2/walker2d-medium-replay-v2_tau14_mpi4_seed0.npz,692b1dd787e7d6e0b3b8ee29aad50c82b23f072a8db5d75fd97b62003f09b546
p4|walker2d-medium-replay-v2|14|0,p4,walker2d-medium-replay-v2,14.0,0,1000000,9c56b8e137046da811220b8caa33d43c57787b3a59398552b6b4c0ea1b1a4d6f,e0256b883c1423885b8a7c917cf9fc39a9f17a69c8b23980d86b6474934600f3,b81bc0d5bc2602537bc4d2c3733d192dd6fd3d58cebd78ea6b1e147baedf372e,e75de96a4f77acf7d4e0d6fdf0d7ccb177c26c44bb4388e4fd99f543ccfa18db,986e7d092e77d2e1d40b263c229617bfbdf48cb46a907ac4ba7e8daa231ea1ea,2c9e9ef62cd41426d6940b2a3965fc6daf2c1c16472141ee89ae54d1c617ef1c,9dfa4bc155dcee7c59e6444f09723f9a3bf07555990a568e5e09db0bd7648ce1,7.310622670961825,collapsed,within_run_online_critic,9d7915778dce428bf2a8c0df6ab3ae2f8bd5513aaf59b36bbccf5b8b5c7d0371,posthoc_final_checkpoint_one_adam_step,False,4,4,3.5,256.0716562734375,0.027336098426001845,500000,500001,0.012239998117353323,0.012239998117353323,0.01200538656211414,0.01200538656211414,-6.987050298790666,-6.987284910345905,-6.999290296908019,256.688224244499,256.69097773461544,256.0456941525481,0.029804263952591708,0.029644922074190908,True,raw/walker2d-medium-replay-v2/walker2d-medium-replay-v2_tau14_mpi4_seed0.npz,692b1dd787e7d6e0b3b8ee29aad50c82b23f072a8db5d75fd97b62003f09b546
p3|walker2d-medium-replay-v2|14|1,p3,walker2d-medium-replay-v2,14.0,1,1000000,12ef85bc3dee01c09ab9932e9c4786404152eab387ce8be7fd91ec3bada16ce9,bfb1913c1c722a499eae6f15a61a3914f81aef2668afa39f2317764404983a96,05655dcab32886373c813de89cd6203457cf1e8ac89abd65fc6781fb93f18a55,e75de96a4f77acf7d4e0d6fdf0d7ccb177c26c44bb4388e4fd99f543ccfa18db,986e7d092e77d2e1d40b263c229617bfbdf48cb46a907ac4ba7e8daa231ea1ea,2c9e9ef62cd41426d6940b2a3965fc6daf2c1c16472141ee89ae54d1c617ef1c,9dfa4bc155dcee7c59e6444f09723f9a3bf07555990a568e5e09db0bd7648ce1,95.92399452128568,stable,within_run_online_critic,01f3d1aaf4625dcd8a8e6d412b64d17f2e7abd2181f9cd4ead2e20682ca46ad5,posthoc_final_checkpoint_one_adam_step,False,2,3,4.666666666666667,258.449463890625,0.036112798195948946,500000,500001,-0.004248228717427693,0.0,-0.00461078836664619,0.0,-9.335303669372754,-9.335666229021973,-9.331055440655327,259.92635888332734,259.9258393124619,258.3863867326145,0.05136447478864762,0.050983151981616515,True,raw/walker2d-medium-replay-v2/walker2d-medium-replay-v2_tau14_mpi3_seed1.npz,293eb00e6be1a9ed8613c99a935b0b60b84318e4f9fd3c413ddbb6f35e9631f7
p3|walker2d-medium-replay-v2|14|1,p3,walker2d-medium-replay-v2,14.0,1,1000000,12ef85bc3dee01c09ab9932e9c4786404152eab387ce8be7fd91ec3bada16ce9,bfb1913c1c722a499eae6f15a61a3914f81aef2668afa39f2317764404983a96,05655dcab32886373c813de89cd6203457cf1e8ac89abd65fc6781fb93f18a55,e75de96a4f77acf7d4e0d6fdf0d7ccb177c26c44bb4388e4fd99f543ccfa18db,986e7d092e77d2e1d40b263c229617bfbdf48cb46a907ac4ba7e8daa231ea1ea,2c9e9ef62cd41426d6940b2a3965fc6daf2c1c16472141ee89ae54d1c617ef1c,9dfa4bc155dcee7c59e6444f09723f9a3bf07555990a568e5e09db0bd7648ce1,95.92399452128568,stable,within_run_online_critic,01f3d1aaf4625dcd8a8e6d412b64d17f2e7abd2181f9cd4ead2e20682ca46ad5,posthoc_final_checkpoint_one_adam_step,False,3,3,4.666666666666667,259.9727793203125,0.035901194570196644,500000,500001,0.00786164205292117,0.00786164205292117,0.007435388136826759,0.007435388136826759,-9.323805142140175,-9.32423139605627,-9.331666784193096,260.7672993214983,260.77141486436085,259.92635888332734,0.03805240834564284,0.03777390733461813,True,raw/walker2d-medium-replay-v2/walker2d-medium-replay-v2_tau14_mpi3_seed1.npz,293eb00e6be1a9ed8613c99a935b0b60b84318e4f9fd3c413ddbb6f35e9631f7
p4|walker2d-medium-replay-v2|14|1,p4,walker2d-medium-replay-v2,14.0,1,1000000,3f0d9bd9cee0254c0c4e095c65c97046e8fd607246c15d4ef97fb63dda2ca8a1,d05ce7d4718f90654335cf467744f69c9476af629b655d74ff876bc889daead0,b9ddc7396b07d0912c70fdb0114341bdd47fa0d08ce3ee6cdc60919976f2e512,e75de96a4f77acf7d4e0d6fdf0d7ccb177c26c44bb4388e4fd99f543ccfa18db,986e7d092e77d2e1d40b263c229617bfbdf48cb46a907ac4ba7e8daa231ea1ea,2c9e9ef62cd41426d6940b2a3965fc6daf2c1c16472141ee89ae54d1c617ef1c,9dfa4bc155dcee7c59e6444f09723f9a3bf07555990a568e5e09db0bd7648ce1,86.63461988350238,stable,within_run_online_critic,4862737c2398bfed99b24ad8e6231cf0f38b379e223abca128d1426f2b9e0f0c,posthoc_final_checkpoint_one_adam_step,False,2,4,3.5,251.51553444726562,0.027831282928043814,500000,500001,0.0002493958153850784,0.0002493958153850784,-0.00045991877291040595,0.0,-6.991535632908356,-6.992244947496651,-6.991785028723741,252.808778882958,252.81355653773062,251.22036403426318,0.04445701887651642,0.04388067254992992,True,raw/walker2d-medium-replay-v2/walker2d-medium-replay-v2_tau14_mpi4_seed1.npz,134836c4dcdad4a781d99ec2e8538f8753da933bde28a05ea2265cb480bc56e6
p4|walker2d-medium-replay-v2|14|1,p4,walker2d-medium-replay-v2,14.0,1,1000000,3f0d9bd9cee0254c0c4e095c65c97046e8fd607246c15d4ef97fb63dda2ca8a1,d05ce7d4718f90654335cf467744f69c9476af629b655d74ff876bc889daead0,b9ddc7396b07d0912c70fdb0114341bdd47fa0d08ce3ee6cdc60919976f2e512,e75de96a4f77acf7d4e0d6fdf0d7ccb177c26c44bb4388e4fd99f543ccfa18db,986e7d092e77d2e1d40b263c229617bfbdf48cb46a907ac4ba7e8daa231ea1ea,2c9e9ef62cd41426d6940b2a3965fc6daf2c1c16472141ee89ae54d1c617ef1c,9dfa4bc155dcee7c59e6444f09723f9a3bf07555990a568e5e09db0bd7648ce1,86.63461988350238,stable,within_run_online_critic,4862737c2398bfed99b24ad8e6231cf0f38b379e223abca128d1426f2b9e0f0c,posthoc_final_checkpoint_one_adam_step,False,3,4,3.5,253.07391457421875,0.027659903280735466,500000,500001,0.006400626462764514,0.006400626462764514,0.006194715121448091,0.006194715121448091,-6.986265745960692,-6.986471657302008,-6.992666372423456,253.80768944104784,253.81101101255626,252.808778882958,0.034030395885636076,0.033916358890982386,True,raw/walker2d-medium-replay-v2/walker2d-medium-replay-v2_tau14_mpi4_seed1.npz,134836c4dcdad4a781d99ec2e8538f8753da933bde28a05ea2265cb480bc56e6
p4|walker2d-medium-replay-v2|14|1,p4,walker2d-medium-replay-v2,14.0,1,1000000,3f0d9bd9cee0254c0c4e095c65c97046e8fd607246c15d4ef97fb63dda2ca8a1,d05ce7d4718f90654335cf467744f69c9476af629b655d74ff876bc889daead0,b9ddc7396b07d0912c70fdb0114341bdd47fa0d08ce3ee6cdc60919976f2e512,e75de96a4f77acf7d4e0d6fdf0d7ccb177c26c44bb4388e4fd99f543ccfa18db,986e7d092e77d2e1d40b263c229617bfbdf48cb46a907ac4ba7e8daa231ea1ea,2c9e9ef62cd41426d6940b2a3965fc6daf2c1c16472141ee89ae54d1c617ef1c,9dfa4bc155dcee7c59e6444f09723f9a3bf07555990a568e5e09db0bd7648ce1,86.63461988350238,stable,within_run_online_critic,4862737c2398bfed99b24ad8e6231cf0f38b379e223abca128d1426f2b9e0f0c,posthoc_final_checkpoint_one_adam_step,False,4,4,3.5,254.06112770898437,0.027552424344184548,500000,500001,0.012441018332041587,0.012441018332041587,0.012098506485347826,0.012098506485347826,-6.980576142964717,-6.98091865481141,-6.993017161296758,254.41107805186766,254.41564702772303,253.80768944104784,0.029065837381797025,0.028849211896688553,True,raw/walker2d-medium-replay-v2/walker2d-medium-replay-v2_tau14_mpi4_seed1.npz,134836c4dcdad4a781d99ec2e8538f8753da933bde28a05ea2265cb480bc56e6
p3|walker2d-medium-replay-v2|20|0,p3,walker2d-medium-replay-v2,20.0,0,1000000,bc37afca5ac6805743cd0c6f1992e2648a7c8226537e527aacdb3aa9f2f42d39,7c0ba094c98f508a65adee6b0bbdf1d327a546ef83c48ef8b3ebf3bba5a837cb,f551d3318b59836eebfcf09ddd66e5d020f2daaeb5822fde1a47b33f4131255d,e75de96a4f77acf7d4e0d6fdf0d7ccb177c26c44bb4388e4fd99f543ccfa18db,986e7d092e77d2e1d40b263c229617bfbdf48cb46a907ac4ba7e8daa231ea1ea,2c9e9ef62cd41426d6940b2a3965fc6daf2c1c16472141ee89ae54d1c617ef1c,9dfa4bc155dcee7c59e6444f09723f9a3bf07555990a568e5e09db0bd7648ce1,61.94040575648513,stable,within_run_online_critic,81ab3dee09bbb47a5741ba946e122883f3d88af15adfb1e374c3db7e605d6e2e,posthoc_final_checkpoint_one_adam_step,False,2,3,6.666666666666667,292.9487009511719,0.045514225835586515,500000,500001,-0.013730550534800656,0.0,-0.013998266445694796,0.0,-13.346929152948606,-13.3471968688595,-13.333198602413805,294.68274868567096,294.68248378027056,292.9457407575828,0.06532802058240716,0.06504824770729317,True,raw/walker2d-medium-replay-v2/walker2d-medium-replay-v2_tau20_mpi3_seed0.npz,9e5b533a4e36ec306efe9e8f0ae2708be9b314f40df19076125741610dc9a413
p3|walker2d-medium-replay-v2|20|0,p3,walker2d-medium-replay-v2,20.0,0,1000000,bc37afca5ac6805743cd0c6f1992e2648a7c8226537e527aacdb3aa9f2f42d39,7c0ba094c98f508a65adee6b0bbdf1d327a546ef83c48ef8b3ebf3bba5a837cb,f551d3318b59836eebfcf09ddd66e5d020f2daaeb5822fde1a47b33f4131255d,e75de96a4f77acf7d4e0d6fdf0d7ccb177c26c44bb4388e4fd99f543ccfa18db,986e7d092e77d2e1d40b263c229617bfbdf48cb46a907ac4ba7e8daa231ea1ea,2c9e9ef62cd41426d6940b2a3965fc6daf2c1c16472141ee89ae54d1c617ef1c,9dfa4bc155dcee7c59e6444f09723f9a3bf07555990a568e5e09db0bd7648ce1,61.94040575648513,stable,within_run_online_critic,81ab3dee09bbb47a5741ba946e122883f3d88af15adfb1e374c3db7e605d6e2e,posthoc_final_checkpoint_one_adam_step,False,3,3,6.666666666666667,294.685547875,0.045245969574962255,500000,500001,0.010106109994524104,0.010106109994524104,0.009856525389990267,0.009856525389990267,-13.323100571303593,-13.323350155908127,-13.333206681298117,295.48579002177576,295.4889676105813,294.68274868567096,0.04644049385535944,0.04633468233724259,True,raw/walker2d-medium-replay-v2/walker2d-medium-replay-v2_tau20_mpi3_seed0.npz,9e5b533a4e36ec306efe9e8f0ae2708be9b314f40df19076125741610dc9a413
p4|walker2d-medium-replay-v2|20|0,p4,walker2d-medium-replay-v2,20.0,0,1000000,df4cf95db73ed149cfc4420fe73968e03d0caf7fe86d5d91aef8f0a4c7d7dd65,67b88d2e6873bcae8d9b6d7c946648ea5b81fd0f34680eb593a3a9745b94fefa,4f3e04208d49a8d5b0cd59f0c8b69894040ed5c616cf1121d77ee863641cf826,e75de96a4f77acf7d4e0d6fdf0d7ccb177c26c44bb4388e4fd99f543ccfa18db,986e7d092e77d2e1d40b263c229617bfbdf48cb46a907ac4ba7e8daa231ea1ea,2c9e9ef62cd41426d6940b2a3965fc6daf2c1c16472141ee89ae54d1c617ef1c,9dfa4bc155dcee7c59e6444f09723f9a3bf07555990a568e5e09db0bd7648ce1,94.17676980142646,stable,within_run_online_critic,a8dbd0abea701c8e557fbe65be1fd98f189e8c3bbd1b77b25fe9047f64599512,posthoc_final_checkpoint_one_adam_step,False,2,4,5.0,247.69784645898437,0.04037176803495493,500000,500001,-0.006078538917856591,0.0,-0.006494657935924408,0.0,-10.001452565958635,-10.001868684976703,-9.995374027040778,249.11258871061727,249.1138323377818,247.58326210500672,0.05566308005353726,0.05529716846287752,True,raw/walker2d-medium-replay-v2/walker2d-medium-replay-v2_tau20_mpi4_seed0.npz,8c6b5e5ca5a4d75e64eefc01454683ca70554d0b204ccf1e8f785359126929d9
p4|walker2d-medium-replay-v2|20|0,p4,walker2d-medium-replay-v2,20.0,0,1000000,df4cf95db73ed149cfc4420fe73968e03d0caf7fe86d5d91aef8f0a4c7d7dd65,67b88d2e6873bcae8d9b6d7c946648ea5b81fd0f34680eb593a3a9745b94fefa,4f3e04208d49a8d5b0cd59f0c8b69894040ed5c616cf1121d77ee863641cf826,e75de96a4f77acf7d4e0d6fdf0d7ccb177c26c44bb4388e4fd99f543ccfa18db,986e7d092e77d2e1d40b263c229617bfbdf48cb46a907ac4ba7e8daa231ea1ea,2c9e9ef62cd41426d6940b2a3965fc6daf2c1c16472141ee89ae54d1c617ef1c,9dfa4bc155dcee7c59e6444f09723f9a3bf07555990a568e5e09db0bd7648ce1,94.17676980142646,stable,within_run_online_critic,a8dbd0abea701c8e557fbe65be1fd98f189e8c3bbd1b77b25fe9047f64599512,posthoc_final_checkpoint_one_adam_step,False,3,4,5.0,249.21037392480468,0.04012674048238996,500000,500001,0.006047898329233803,0.006047898329233803,0.005790266550931733,0.005790266550931733,-9.990028299758054,-9.990285931536356,-9.996076198087287,249.94213557615876,249.9471817119047,249.11258871061727,0.03933491012079692,0.03927976332201106,True,raw/walker2d-medium-replay-v2/walker2d-medium-replay-v2_tau20_mpi4_seed0.npz,8c6b5e5ca5a4d75e64eefc01454683ca70554d0b204ccf1e8f785359126929d9
p4|walker2d-medium-replay-v2|20|0,p4,walker2d-medium-replay-v2,20.0,0,1000000,df4cf95db73ed149cfc4420fe73968e03d0caf7fe86d5d91aef8f0a4c7d7dd65,67b88d2e6873bcae8d9b6d7c946648ea5b81fd0f34680eb593a3a9745b94fefa,4f3e04208d49a8d5b0cd59f0c8b69894040ed5c616cf1121d77ee863641cf826,e75de96a4f77acf7d4e0d6fdf0d7ccb177c26c44bb4388e4fd99f543ccfa18db,986e7d092e77d2e1d40b263c229617bfbdf48cb46a907ac4ba7e8daa231ea1ea,2c9e9ef62cd41426d6940b2a3965fc6daf2c1c16472141ee89ae54d1c617ef1c,9dfa4bc155dcee7c59e6444f09723f9a3bf07555990a568e5e09db0bd7648ce1,94.17676980142646,stable,within_run_online_critic,a8dbd0abea701c8e557fbe65be1fd98f189e8c3bbd1b77b25fe9047f64599512,posthoc_final_checkpoint_one_adam_step,False,4,4,5.0,250.03445534570312,0.03999448790437214,500000,500001,0.0174888638952595,0.0174888638952595,0.016671975341667533,0.016671975341667533,-9.978818854198364,-9.979635742751956,-9.996307718093624,250.38297359040007,250.39305970817804,249.94213557615876,0.03511995452362018,0.03470645508550081,True,raw/walker2d-medium-replay-v2/walker2d-medium-replay-v2_tau20_mpi4_seed0.npz,8c6b5e5ca5a4d75e64eefc01454683ca70554d0b204ccf1e8f785359126929d9
p3|walker2d-medium-replay-v2|20|1,p3,walker2d-medium-replay-v2,20.0,1,1000000,2138159a75d2f0e148ec8fb846734729638c69ce2a8e9641dca84a5384cd9c6f,94497e2bd3727163c3a391aa5ec6c4f154cc2e5b915cc339f867171802367acc,da1b3964fe8571bc2187278bbf6781a0eb3854240b5c17135d8db4fd6788c69a,e75de96a4f77acf7d4e0d6fdf0d7ccb177c26c44bb4388e4fd99f543ccfa18db,986e7d092e77d2e1d40b263c229617bfbdf48cb46a907ac4ba7e8daa231ea1ea,2c9e9ef62cd41426d6940b2a3965fc6daf2c1c16472141ee89ae54d1c617ef1c,9dfa4bc155dcee7c59e6444f09723f9a3bf07555990a568e5e09db0bd7648ce1,96.94570758907174,stable,within_run_online_critic,4c276ecd8a73633a031a84a338d2eb32fc31afd0676b1688df45ec00f3d94580,posthoc_final_checkpoint_one_adam_step,False,2,3,6.666666666666667,266.93695168359375,0.04994937287340281,500000,500001,-0.008894342623097629,0.0,-0.0093333668500577,0.0,-13.338143606142363,-13.338582630369324,-13.329249263519266,268.2847910945129,268.2846736104693,266.8551874975965,0.06251346050043848,0.062068568019177484,True,raw/walker2d-medium-replay-v2/walker2d-medium-replay-v2_tau20_mpi3_seed1.npz,9e19a38806be0b85a75dcbff8371d1f4e4257aaa0d4b8722a93b7dd92ff38fbc
p3|walker2d-medium-replay-v2|20|1,p3,walker2d-medium-replay-v2,20.0,1,1000000,2138159a75d2f0e148ec8fb846734729638c69ce2a8e9641dca84a5384cd9c6f,94497e2bd3727163c3a391aa5ec6c4f154cc2e5b915cc339f867171802367acc,da1b3964fe8571bc2187278bbf6781a0eb3854240b5c17135d8db4fd6788c69a,e75de96a4f77acf7d4e0d6fdf0d7ccb177c26c44bb4388e4fd99f543ccfa18db,986e7d092e77d2e1d40b263c229617bfbdf48cb46a907ac4ba7e8daa231ea1ea,2c9e9ef62cd41426d6940b2a3965fc6daf2c1c16472141ee89ae54d1c617ef1c,9dfa4bc155dcee7c59e6444f09723f9a3bf07555990a568e5e09db0bd7648ce1,96.94570758907174,stable,within_run_online_critic,4c276ecd8a73633a031a84a338d2eb32fc31afd0676b1688df45ec00f3d94580,posthoc_final_checkpoint_one_adam_step,False,3,3,6.666666666666667,268.35125832421875,0.04968612190081167,500000,500001,0.012374572208788237,0.012374572208788237,0.011861503264640305,0.011861503264640305,-13.317656262246972,-13.31816933119112,-13.33003083445576,268.97440660475695,268.97660866250226,268.2847910945129,0.04663889251546418,0.04623523528088286,True,raw/walker2d-medium-replay-v2/walker2d-medium-replay-v2_tau20_mpi3_seed1.npz,9e19a38806be0b85a75dcbff8371d1f4e4257aaa0d4b8722a93b7dd92ff38fbc
p4|walker2d-medium-replay-v2|20|1,p4,walker2d-medium-replay-v2,20.0,1,1000000,5ce5311ab3dbba54c22bff6fb8eeab7cb8f3f11a6ddaf8de611efcfe35195a39,cf94e8d48b118318923880ded5363fe805f8128fc9a400307e2353a3cd8d935b,7b2cce1318f96524ce782927c8bcf7e973c1fd46ae603090193bcbf69b01a89d,e75de96a4f77acf7d4e0d6fdf0d7ccb177c26c44bb4388e4fd99f543ccfa18db,986e7d092e77d2e1d40b263c229617bfbdf48cb46a907ac4ba7e8daa231ea1ea,2c9e9ef62cd41426d6940b2a3965fc6daf2c1c16472141ee89ae54d1c617ef1c,9dfa4bc155dcee7c59e6444f09723f9a3bf07555990a568e5e09db0bd7648ce1,5.306486373554383,collapsed,within_run_online_critic,9db8cfa81d3393a08c2bf6655ab2bc570458702a414eca8f5bdafeba9f9e38ce,posthoc_final_checkpoint_one_adam_step,False,2,4,5.0,273.35888771875,0.036581945747045444,500000,500001,-0.007284316237029742,0.0,-0.007643018855468142,0.0,-10.004016178517203,-10.004374881135641,-9.996731862280173,275.0515002846805,275.05059615439677,273.26955026954965,0.057902882540433465,0.05751110507700799,True,raw/walker2d-medium-replay-v2/walker2d-medium-replay-v2_tau20_mpi4_seed1.npz,ba0eb17ff4ceeac6961dc7af81ddc7059d329e27ce6162f4a4aa02846a2ddc9e
p4|walker2d-medium-replay-v2|20|1,p4,walker2d-medium-replay-v2,20.0,1,1000000,5ce5311ab3dbba54c22bff6fb8eeab7cb8f3f11a6ddaf8de611efcfe35195a39,cf94e8d48b118318923880ded5363fe805f8128fc9a400307e2353a3cd8d935b,7b2cce1318f96524ce782927c8bcf7e973c1fd46ae603090193bcbf69b01a89d,e75de96a4f77acf7d4e0d6fdf0d7ccb177c26c44bb4388e4fd99f543ccfa18db,986e7d092e77d2e1d40b263c229617bfbdf48cb46a907ac4ba7e8daa231ea1ea,2c9e9ef62cd41426d6940b2a3965fc6daf2c1c16472141ee89ae54d1c617ef1c,9dfa4bc155dcee7c59e6444f09723f9a3bf07555990a568e5e09db0bd7648ce1,5.306486373554383,collapsed,within_run_online_critic,9db8cfa81d3393a08c2bf6655ab2bc570458702a414eca8f5bdafeba9f9e38ce,posthoc_final_checkpoint_one_adam_step,False,3,4,5.0,275.1401682363281,0.0363451111631604,500000,500001,0.006665570043169922,0.006665570043169922,0.006255119996696479,0.006255119996696479,-9.990111783397587,-9.99052223344406,-9.996777353440757,276.0755114232743,276.06943624872656,275.0515002846805,0.043883368707675986,0.04325211576692959,True,raw/walker2d-medium-replay-v2/walker2d-medium-replay-v2_tau20_mpi4_seed1.npz,ba0eb17ff4ceeac6961dc7af81ddc7059d329e27ce6162f4a4aa02846a2ddc9e
p4|walker2d-medium-replay-v2|20|1,p4,walker2d-medium-replay-v2,20.0,1,1000000,5ce5311ab3dbba54c22bff6fb8eeab7cb8f3f11a6ddaf8de611efcfe35195a39,cf94e8d48b118318923880ded5363fe805f8128fc9a400307e2353a3cd8d935b,7b2cce1318f96524ce782927c8bcf7e973c1fd46ae603090193bcbf69b01a89d,e75de96a4f77acf7d4e0d6fdf0d7ccb177c26c44bb4388e4fd99f543ccfa18db,986e7d092e77d2e1d40b263c229617bfbdf48cb46a907ac4ba7e8daa231ea1ea,2c9e9ef62cd41426d6940b2a3965fc6daf2c1c16472141ee89ae54d1c617ef1c,9dfa4bc155dcee7c59e6444f09723f9a3bf07555990a568e5e09db0bd7648ce1,5.306486373554383,collapsed,within_run_online_critic,9db8cfa81d3393a08c2bf6655ab2bc570458702a414eca8f5bdafeba9f9e38ce,posthoc_final_checkpoint_one_adam_step,False,4,4,5.0,276.158936546875,0.0362110316799493,500000,500001,0.015893256473537676,0.015893256473537676,0.015441897817488837,0.015441897817488837,-9.981085833732854,-9.981537192388902,-9.996979090206391,276.6654932823076,276.6609309141568,276.0755114232743,0.03725710826158705,0.03664054154789435,True,raw/walker2d-medium-replay-v2/walker2d-medium-replay-v2_tau20_mpi4_seed1.npz,ba0eb17ff4ceeac6961dc7af81ddc7059d329e27ce6162f4a4aa02846a2ddc9e
p3|walker2d-expert-v2|4|0,p3,walker2d-expert-v2,4.0,0,1000000,22805166d4bb4503c55e8cc462a06b8143db173405aa6116359a8dd6cfb25e79,2968aa7953b881107c7a01689c362e315e851af9218e04a487f0c3e8bb6f9d18,cafaca55df3d467122aae00f38f3ef68f9d62dfd68092983c9fbad125f485b00,2985dc3d436a8baa10e8f43f946fe1d7c6337a4e4fbc65def70618093b18c59a,0699fe5c545b08ce27c2de98745e70add2e8b387a7011051b2b5b2a7ac984c3a,59f7852fcb79d5388880a17eb8817f4ca205c0d603717863f6027c77c4335998,7c1f612c367a4c80c4b8d0e7bf4fcf44dc198f34b6d326bbf482dfb578edbcaf,112.07395715824704,stable,within_run_online_critic,fcc456be4e988070583716bac063391aa18da01e2940eea10f6703d073b241e3,posthoc_final_checkpoint_one_adam_step,False,2,3,1.3333333333333333,493.8603525625,0.005399637069123076,500000,500001,0.0010572040527772053,0.0010572040527772053,0.0009799499297047376,0.0009799499297047376,-2.6656095232726202,-2.6656867773956927,-2.6666667273253974,493.9350485801697,493.9350751712918,493.86036379635334,0.0014604747799709158,0.001383364239307954,True,raw/walker2d-expert-v2/walker2d-expert-v2_tau4_mpi3_seed0.npz,9ffcddc6d467afac2e4fdf9e1449f609e48a1971bfa1363a0eb98887e87fd0a6
p3|walker2d-expert-v2|4|0,p3,walker2d-expert-v2,4.0,0,1000000,22805166d4bb4503c55e8cc462a06b8143db173405aa6116359a8dd6cfb25e79,2968aa7953b881107c7a01689c362e315e851af9218e04a487f0c3e8bb6f9d18,cafaca55df3d467122aae00f38f3ef68f9d62dfd68092983c9fbad125f485b00,2985dc3d436a8baa10e8f43f946fe1d7c6337a4e4fbc65def70618093b18c59a,0699fe5c545b08ce27c2de98745e70add2e8b387a7011051b2b5b2a7ac984c3a,59f7852fcb79d5388880a17eb8817f4ca205c0d603717863f6027c77c4335998,7c1f612c367a4c80c4b8d0e7bf4fcf44dc198f34b6d326bbf482dfb578edbcaf,112.07395715824704,stable,within_run_online_critic,fcc456be4e988070583716bac063391aa18da01e2940eea10f6703d073b241e3,posthoc_final_checkpoint_one_adam_step,False,3,3,1.3333333333333333,493.93505959375,0.005398820381083977,500000,500001,0.0011368113527852053,0.0011368113527852053,0.0010651984181277996,0.0010651984181277996,-2.6655297958535393,-2.6656014087881967,-2.6666666072063245,494.0156483054161,494.0143992304802,493.9350485801697,0.0015719547921551405,0.0014935983262763727,True,raw/walker2d-expert-v2/walker2d-expert-v2_tau4_mpi3_seed0.npz,9ffcddc6d467afac2e4fdf9e1449f609e48a1971bfa1363a0eb98887e87fd0a6
p4|walker2d-expert-v2|4|0,p4,walker2d-expert-v2,4.0,0,1000000,a3b8713eecfb4504aeb210244de0f97f1118ee83089fb609b9388b6aa813e67c,6130bab0124c42a4bb2b0f8af7921f7f8ce5e536ac1582d3b7b7193241803f2e,d1624b24fab8e46e79612241f59d2641eadab51b51f468eb4100eecaee973c7a,2985dc3d436a8baa10e8f43f946fe1d7c6337a4e4fbc65def70618093b18c59a,0699fe5c545b08ce27c2de98745e70add2e8b387a7011051b2b5b2a7ac984c3a,59f7852fcb79d5388880a17eb8817f4ca205c0d603717863f6027c77c4335998,7c1f612c367a4c80c4b8d0e7bf4fcf44dc198f34b6d326bbf482dfb578edbcaf,112.60382204132623,stable,within_run_online_critic,c268a84be91c890fade51a5d80befa310a0ff6dd4b10acf3371bf14358a33d33,posthoc_final_checkpoint_one_adam_step,False,2,4,1.0,489.1832285390625,0.004088447606785226,500000,500001,0.0011512063779965942,0.0011512063779965942,0.001065710976348555,0.001065710976348555,-1.998848765042664,-1.998934260444312,-1.9999999714206607,489.2532207518816,489.2528463974595,489.1832215487957,0.0014373944523301165,0.0013503685222407368,True,raw/walker2d-expert-v2/walker2d-expert-v2_tau4_mpi4_seed0.npz,7239c15c1210955ed05f30a03a9f9f7ce9da95fb0d9d03d94dff617b96f671ae
p4|walker2d-expert-v2|4|0,p4,walker2d-expert-v2,4.0,0,1000000,a3b8713eecfb4504aeb210244de0f97f1118ee83089fb609b9388b6aa813e67c,6130bab0124c42a4bb2b0f8af7921f7f8ce5e536ac1582d3b7b7193241803f2e,d1624b24fab8e46e79612241f59d2641eadab51b51f468eb4100eecaee973c7a,2985dc3d436a8baa10e8f43f946fe1d7c6337a4e4fbc65def70618093b18c59a,0699fe5c545b08ce27c2de98745e70add2e8b387a7011051b2b5b2a7ac984c3a,59f7852fcb79d5388880a17eb8817f4ca205c0d603717863f6027c77c4335998,7c1f612c367a4c80c4b8d0e7bf4fcf44dc198f34b6d326bbf482dfb578edbcaf,112.60382204132623,stable,within_run_online_critic,c268a84be91c890fade51a5d80befa310a0ff6dd4b10acf3371bf14358a33d33,posthoc_final_checkpoint_one_adam_step,False,3,4,1.0,489.2532053457031,0.004087862845143371,500000,500001,0.001035498542467872,0.001035498542467872,0.0009778526161978718,0.0009778526161978718,-1.998964564435877,-1.999022210362147,-2.0000000629783448,489.32839971780777,489.3267647922039,489.2532207518816,0.0013428198440134694,0.0012784905661131674,True,raw/walker2d-expert-v2/walker2d-expert-v2_tau4_mpi4_seed0.npz,7239c15c1210955ed05f30a03a9f9f7ce9da95fb0d9d03d94dff617b96f671ae
p4|walker2d-expert-v2|4|0,p4,walker2d-expert-v2,4.0,0,1000000,a3b8713eecfb4504aeb210244de0f97f1118ee83089fb609b9388b6aa813e67c,6130bab0124c42a4bb2b0f8af7921f7f8ce5e536ac1582d3b7b7193241803f2e,d1624b24fab8e46e79612241f59d2641eadab51b51f468eb4100eecaee973c7a,2985dc3d436a8baa10e8f43f946fe1d7c6337a4e4fbc65def70618093b18c59a,0699fe5c545b08ce27c2de98745e70add2e8b387a7011051b2b5b2a7ac984c3a,59f7852fcb79d5388880a17eb8817f4ca205c0d603717863f6027c77c4335998,7c1f612c367a4c80c4b8d0e7bf4fcf44dc198f34b6d326bbf482dfb578edbcaf,112.60382204132623,stable,within_run_online_critic,c268a84be91c890fade51a5d80befa310a0ff6dd4b10acf3371bf14358a33d33,posthoc_final_checkpoint_one_adam_step,False,4,4,1.0,489.3284006582031,0.004087234661445707,500000,500001,0.0013203615092602927,0.0013203615092602927,0.0012061442789963461,0.0012061442789963461,-1.9986796346471232,-1.9987938518773871,-1.9999999961563835,489.39638612419367,489.3960264995694,489.32839971780777,0.0015982379059481424,0.0014825508054545574,True,raw/walker2d-expert-v2/walker2d-expert-v2_tau4_mpi4_seed0.npz,7239c15c1210955ed05f30a03a9f9f7ce9da95fb0d9d03d94dff617b96f671ae
p3|walker2d-expert-v2|4|1,p3,walker2d-expert-v2,4.0,1,1000000,4af889c06ce049f7a9b8c33f75032016381f776334184966d8f9b89613a6e114,1646bcbf241ce9fcba7a25db639e7387e481fb3d0198d977c957c8cd3e28614e,bba19eef60f6d0ebc2ffb1668f33d344e73d18f0a2cb89be61e518ab8f1b433f,2985dc3d436a8baa10e8f43f946fe1d7c6337a4e4fbc65def70618093b18c59a,0699fe5c545b08ce27c2de98745e70add2e8b387a7011051b2b5b2a7ac984c3a,59f7852fcb79d5388880a17eb8817f4ca205c0d603717863f6027c77c4335998,7c1f612c367a4c80c4b8d0e7bf4fcf44dc198f34b6d326bbf482dfb578edbcaf,112.01993574860371,stable,within_run_online_critic,26aca051f90e9b6e4c71fd22c32998c1e001b2f650d97aef377c9635c7070c65,posthoc_final_checkpoint_one_adam_step,False,2,3,1.3333333333333333,493.4715280996094,0.005403891642819134,500000,500001,0.0011948957944363237,0.0011948957944363237,0.0011169292114314722,0.0011169292114314722,-2.66547181160874,-2.6655497781917448,-2.6666667074031762,493.56187727302313,493.5632898211479,493.47153563797474,0.0016830922010728612,0.0016127588750743983,True,raw/walker2d-expert-v2/walker2d-expert-v2_tau4_mpi3_seed1.npz,967f418f273b8c1ebfae6512e22f831901a5411dcccdf78836adc76392644a4f
p3|walker2d-expert-v2|4|1,p3,walker2d-expert-v2,4.0,1,1000000,4af889c06ce049f7a9b8c33f75032016381f776334184966d8f9b89613a6e114,1646bcbf241ce9fcba7a25db639e7387e481fb3d0198d977c957c8cd3e28614e,bba19eef60f6d0ebc2ffb1668f33d344e73d18f0a2cb89be61e518ab8f1b433f,2985dc3d436a8baa10e8f43f946fe1d7c6337a4e4fbc65def70618093b18c59a,0699fe5c545b08ce27c2de98745e70add2e8b387a7011051b2b5b2a7ac984c3a,59f7852fcb79d5388880a17eb8817f4ca205c0d603717863f6027c77c4335998,7c1f612c367a4c80c4b8d0e7bf4fcf44dc198f34b6d326bbf482dfb578edbcaf,112.01993574860371,stable,within_run_online_critic,26aca051f90e9b6e4c71fd22c32998c1e001b2f650d97aef377c9635c7070c65,posthoc_final_checkpoint_one_adam_step,False,3,3,1.3333333333333333,493.5618906484375,0.0054029022847838235,500000,500001,0.0015306289704848375,0.0015306289704848375,0.0012989310149995603,0.0012989310149995603,-2.665135965430125,-2.6653676633856103,-2.66666659440061,493.6188299059868,493.61870535463095,493.56187727302313,0.0018383384812487502,0.0016059675869581618,True,raw/walker2d-expert-v2/walker2d-expert-v2_tau4_mpi3_seed1.npz,967f418f273b8c1ebfae6512e22f831901a5411dcccdf78836adc76392644a4f
p4|walker2d-expert-v2|4|1,p4,walker2d-expert-v2,4.0,1,1000000,c1dbbbf89ebf0ad45cecb6498163e051144476a827a59df21ba4893190dcd693,29bc23fb19f137db0a82ab6ffc41617349e4d690fc41914b0a3442e15ded5ec4,8c407fd4fb5f9a83cfdb484149d253a6ad49688fd666bc336c5763c47ae3a3cf,2985dc3d436a8baa10e8f43f946fe1d7c6337a4e4fbc65def70618093b18c59a,0699fe5c545b08ce27c2de98745e70add2e8b387a7011051b2b5b2a7ac984c3a,59f7852fcb79d5388880a17eb8817f4ca205c0d603717863f6027c77c4335998,7c1f612c367a4c80c4b8d0e7bf4fcf44dc198f34b6d326bbf482dfb578edbcaf,112.07508823151767,stable,within_run_online_critic,377abf170512848a8631cf91f7d9683042f43624d1b3cb66877505d6462dcce0,posthoc_final_checkpoint_one_adam_step,False,2,4,1.0,489.346436546875,0.0040870840178447235,500000,500001,0.0013049234794872966,0.0013049234794872966,0.0012189749034470232,0.0012189749034470232,-1.9986951835801219,-1.9987811321561622,-2.000000107059609,489.42478531599045,489.42652520537376,489.3464627414942,0.0016250344219476693,0.0015461969199987082,True,raw/walker2d-expert-v2/walker2d-expert-v2_tau4_mpi4_seed1.npz,7c454bd10e0f3e34a4903769be3af8e4b952897b720482e8585741ff61b6b672
p4|walker2d-expert-v2|4|1,p4,walker2d-expert-v2,4.0,1,1000000,c1dbbbf89ebf0ad45cecb6498163e051144476a827a59df21ba4893190dcd693,29bc23fb19f137db0a82ab6ffc41617349e4d690fc41914b0a3442e15ded5ec4,8c407fd4fb5f9a83cfdb484149d253a6ad49688fd666bc336c5763c47ae3a3cf,2985dc3d436a8baa10e8f43f946fe1d7c6337a4e4fbc65def70618093b18c59a,0699fe5c545b08ce27c2de98745e70add2e8b387a7011051b2b5b2a7ac984c3a,59f7852fcb79d5388880a17eb8817f4ca205c0d603717863f6027c77c4335998,7c1f612c367a4c80c4b8d0e7bf4fcf44dc198f34b6d326bbf482dfb578edbcaf,112.07508823151767,stable,within_run_online_critic,377abf170512848a8631cf91f7d9683042f43624d1b3cb66877505d6462dcce0,posthoc_final_checkpoint_one_adam_step,False,3,4,1.0,489.4248056875,0.004086429573569692,500000,500001,0.0014477310437022162,0.0014477310437022162,0.0012266935038385274,0.0012266935038385274,-1.9985521857095585,-1.9987732232494222,-1.9999999167532607,489.48670065402985,489.48600643873215,489.42478531599045,0.001700743712123973,0.0014768693103374964,True,raw/walker2d-expert-v2/walker2d-expert-v2_tau4_mpi4_seed1.npz,7c454bd10e0f3e34a4903769be3af8e4b952897b720482e8585741ff61b6b672
p4|walker2d-expert-v2|4|1,p4,walker2d-expert-v2,4.0,1,1000000,c1dbbbf89ebf0ad45cecb6498163e051144476a827a59df21ba4893190dcd693,29bc23fb19f137db0a82ab6ffc41617349e4d690fc41914b0a3442e15ded5ec4,8c407fd4fb5f9a83cfdb484149d253a6ad49688fd666bc336c5763c47ae3a3cf,2985dc3d436a8baa10e8f43f946fe1d7c6337a4e4fbc65def70618093b18c59a,0699fe5c545b08ce27c2de98745e70add2e8b387a7011051b2b5b2a7ac984c3a,59f7852fcb79d5388880a17eb8817f4ca205c0d603717863f6027c77c4335998,7c1f612c367a4c80c4b8d0e7bf4fcf44dc198f34b6d326bbf482dfb578edbcaf,112.07508823151767,stable,within_run_online_critic,377abf170512848a8631cf91f7d9683042f43624d1b3cb66877505d6462dcce0,posthoc_final_checkpoint_one_adam_step,False,4,4,1.0,489.4866953359375,0.004085912894174557,500000,500001,0.0019366954715562823,0.0019366954715562823,0.0018521654227026119,0.0018521654227026119,-1.9980633262577057,-1.9981478563065593,-2.000000021729262,489.559745259583,489.55765721201897,489.48670065402985,0.002235149367235871,0.002142087737916611,True,raw/walker2d-expert-v2/walker2d-expert-v2_tau4_mpi4_seed1.npz,7c454bd10e0f3e34a4903769be3af8e4b952897b720482e8585741ff61b6b672
p3|walker2d-expert-v2|7|0,p3,walker2d-expert-v2,7.0,0,1000000,d4eb17bcdfc1f6b460e0b9fdeb085e43f1885fc0fe9540483c378832e36f1217,9d3a359728b1d577c44f7c79cf4215c9661383d2bda34fe3fc5c391239d3219d,315c80d4df1022464b12ee7dcba7441aee4b3f0a7e9ea923498b2521a9391614,2985dc3d436a8baa10e8f43f946fe1d7c6337a4e4fbc65def70618093b18c59a,0699fe5c545b08ce27c2de98745e70add2e8b387a7011051b2b5b2a7ac984c3a,59f7852fcb79d5388880a17eb8817f4ca205c0d603717863f6027c77c4335998,7c1f612c367a4c80c4b8d0e7bf4fcf44dc198f34b6d326bbf482dfb578edbcaf,5.323446971835271,collapsed,within_run_online_critic,ffadbe8ac2c0b23014843e872e855c6ba2bdc415a7a6a7809312be5d1d2d794f,posthoc_final_checkpoint_one_adam_step,False,2,3,2.3333333333333335,5603262976.000001,8.328480541882505e-10,500000,500001,-0.021671004215942702,0.0,-0.021719630374525067,0.0,-4.688337657869358,-4.68838628402794,-4.666666653653415,5654951222.25,5655120181.75,5603262960.375,0.021377464111023734,0.02146955554325318,True,raw/walker2d-expert-v2/walker2d-expert-v2_tau7_mpi3_seed0.npz,0228d9991f23e422a8c4666c243cb529bf8a66abc2284de4076bab063af43f76
p3|walker2d-expert-v2|7|0,p3,walker2d-expert-v2,7.0,0,1000000,d4eb17bcdfc1f6b460e0b9fdeb085e43f1885fc0fe9540483c378832e36f1217,9d3a359728b1d577c44f7c79cf4215c9661383d2bda34fe3fc5c391239d3219d,315c80d4df1022464b12ee7dcba7441aee4b3f0a7e9ea923498b2521a9391614,2985dc3d436a8baa10e8f43f946fe1d7c6337a4e4fbc65def70618093b18c59a,0699fe5c545b08ce27c2de98745e70add2e8b387a7011051b2b5b2a7ac984c3a,59f7852fcb79d5388880a17eb8817f4ca205c0d603717863f6027c77c4335998,7c1f612c367a4c80c4b8d0e7bf4fcf44dc198f34b6d326bbf482dfb578edbcaf,5.323446971835271,collapsed,within_run_online_critic,ffadbe8ac2c0b23014843e872e855c6ba2bdc415a7a6a7809312be5d1d2d794f,posthoc_final_checkpoint_one_adam_step,False,3,3,2.3333333333333335,5654950912.000001,8.252355748595164e-10,500000,500001,-0.012842784212060643,0.0,-0.012907400193665097,0.0,-4.679509706908064,-4.6795743228896685,-4.666666922696003,5687975771.375,5688058489.375,5654951222.25,0.014410248569585104,0.014413894424262117,True,raw/walker2d-expert-v2/walker2d-expert-v2_tau7_mpi3_seed0.npz,0228d9991f23e422a8c4666c243cb529bf8a66abc2284de4076bab063af43f76
p4|walker2d-expert-v2|7|0,p4,walker2d-expert-v2,7.0,0,1000000,f954696c81cf71340de196285271e7c7d4beb03e2f9cc2462eac9ae071e28f58,1705c88d60f45afa4de5a9c13e822ac597d4f941b1472a15213ed778bde2847f,2c30426e48724a5395da513e0c1d3aaadecdbd475baa6810eb010e0aa90c3415,2985dc3d436a8baa10e8f43f946fe1d7c6337a4e4fbc65def70618093b18c59a,0699fe5c545b08ce27c2de98745e70add2e8b387a7011051b2b5b2a7ac984c3a,59f7852fcb79d5388880a17eb8817f4ca205c0d603717863f6027c77c4335998,7c1f612c367a4c80c4b8d0e7bf4fcf44dc198f34b6d326bbf482dfb578edbcaf,113.27529659433768,stable,within_run_online_critic,8dc285fd1e3f72b79e423a30f915841dccd9ce93bf26b94e188ba3a903e0ce5e,posthoc_final_checkpoint_one_adam_step,False,2,4,1.75,496.4523020253906,0.007050022702525399,500000,500001,0.0008380548294262269,0.0008380548294262269,0.0007816404593166126,0.0007816404593166126,-3.499161957397873,-3.4992183717679826,-3.500000012227299,496.5387357324362,496.538711309433,496.4523037597537,0.0014474021990617902,0.0013908156462255593,True,raw/walker2d-expert-v2/walker2d-expert-v2_tau7_mpi4_seed0.npz,9a4b78c47a96755a4fd4887515c6277000f46dd0984690f43090e6f20fd9cf2a
p4|walker2d-expert-v2|7|0,p4,walker2d-expert-v2,7.0,0,1000000,f954696c81cf71340de196285271e7c7d4beb03e2f9cc2462eac9ae071e28f58,1705c88d60f45afa4de5a9c13e822ac597d4f941b1472a15213ed778bde2847f,2c30426e48724a5395da513e0c1d3aaadecdbd475baa6810eb010e0aa90c3415,2985dc3d436a8baa10e8f43f946fe1d7c6337a4e4fbc65def70618093b18c59a,0699fe5c545b08ce27c2de98745e70add2e8b387a7011051b2b5b2a7ac984c3a,59f7852fcb79d5388880a17eb8817f4ca205c0d603717863f6027c77c4335998,7c1f612c367a4c80c4b8d0e7bf4fcf44dc198f34b6d326bbf482dfb578edbcaf,113.27529659433768,stable,within_run_online_critic,8dc285fd1e3f72b79e423a30f915841dccd9ce93bf26b94e188ba3a903e0ce5e,posthoc_final_checkpoint_one_adam_step,False,3,4,1.75,496.5387278066406,0.007048795600416793,500000,500001,0.0009075906061912775,0.0009075906061912775,0.0008530366472530027,0.0008530366472530027,-3.4990924652611213,-3.4991470192200596,-3.5000000558673126,496.6324313208461,496.63030863553286,496.5387357324362,0.0015680316575536124,0.001498515323717937,True,raw/walker2d-expert-v2/walker2d-expert-v2_tau7_mpi4_seed0.npz,9a4b78c47a96755a4fd4887515c6277000f46dd0984690f43090e6f20fd9cf2a
p4|walker2d-expert-v2|7|0,p4,walker2d-expert-v2,7.0,0,1000000,f954696c81cf71340de196285271e7c7d4beb03e2f9cc2462eac9ae071e28f58,1705c88d60f45afa4de5a9c13e822ac597d4f941b1472a15213ed778bde2847f,2c30426e48724a5395da513e0c1d3aaadecdbd475baa6810eb010e0aa90c3415,2985dc3d436a8baa10e8f43f946fe1d7c6337a4e4fbc65def70618093b18c59a,0699fe5c545b08ce27c2de98745e70add2e8b387a7011051b2b5b2a7ac984c3a,59f7852fcb79d5388880a17eb8817f4ca205c0d603717863f6027c77c4335998,7c1f612c367a4c80c4b8d0e7bf4fcf44dc198f34b6d326bbf482dfb578edbcaf,113.27529659433768,stable,within_run_online_critic,8dc285fd1e3f72b79e423a30f915841dccd9ce93bf26b94e188ba3a903e0ce5e,posthoc_final_checkpoint_one_adam_step,False,4,4,1.75,496.6324167714844,0.007047465855637966,500000,500001,0.001133469390635078,0.001133469390635078,0.0010232471613451644,0.0010232471613451644,-3.4988666331454947,-3.4989768553747846,-3.50000010253613,496.71308694034815,496.71373158693314,496.6324313208461,0.0017018871151417416,0.0015962080106478847,True,raw/walker2d-expert-v2/walker2d-expert-v2_tau7_mpi4_seed0.npz,9a4b78c47a96755a4fd4887515c6277000f46dd0984690f43090e6f20fd9cf2a
p3|walker2d-expert-v2|7|1,p3,walker2d-expert-v2,7.0,1,1000000,d4c784b235e4ef0c96023c8df26093fd8f4d07870f99ab3bcd601676008fb59f,6566a2a928329762b1c0e114f18fd367b9920ebc5080c1fd2cafbdf0385aac3a,7ae401e4260a4491e008dbd6cd38f4a287ceeabe6f4ddd5bdf984aea8ae782ef,2985dc3d436a8baa10e8f43f946fe1d7c6337a4e4fbc65def70618093b18c59a,0699fe5c545b08ce27c2de98745e70add2e8b387a7011051b2b5b2a7ac984c3a,59f7852fcb79d5388880a17eb8817f4ca205c0d603717863f6027c77c4335998,7c1f612c367a4c80c4b8d0e7bf4fcf44dc198f34b6d326bbf482dfb578edbcaf,113.71657747520825,stable,within_run_online_critic,63ffeeeb54b8883002b07df0f218f3c586739db987b5ed6eeae9b4ada82b082c,posthoc_final_checkpoint_one_adam_step,False,2,3,2.3333333333333335,498.64209084375,0.009358749997959903,500000,500001,0.0010193297642286936,0.0010193297642286936,0.000950390248096511,0.000950390248096511,-4.6656471374648305,-4.665716076980963,-4.666666467229059,498.73682755976915,498.73722419142723,498.6420695334673,0.0019061464426882802,0.0018409189030844965,True,raw/walker2d-expert-v2/walker2d-expert-v2_tau7_mpi3_seed1.npz,0d034179ab34ae89aaf25a4d91d375509c66117bf7b593db73e59031604ba22e
p3|walker2d-expert-v2|7|1,p3,walker2d-expert-v2,7.0,1,1000000,d4c784b235e4ef0c96023c8df26093fd8f4d07870f99ab3bcd601676008fb59f,6566a2a928329762b1c0e114f18fd367b9920ebc5080c1fd2cafbdf0385aac3a,7ae401e4260a4491e008dbd6cd38f4a287ceeabe6f4ddd5bdf984aea8ae782ef,2985dc3d436a8baa10e8f43f946fe1d7c6337a4e4fbc65def70618093b18c59a,0699fe5c545b08ce27c2de98745e70add2e8b387a7011051b2b5b2a7ac984c3a,59f7852fcb79d5388880a17eb8817f4ca205c0d603717863f6027c77c4335998,7c1f612c367a4c80c4b8d0e7bf4fcf44dc198f34b6d326bbf482dfb578edbcaf,113.71657747520825,stable,within_run_online_critic,63ffeeeb54b8883002b07df0f218f3c586739db987b5ed6eeae9b4ada82b082c,posthoc_final_checkpoint_one_adam_step,False,3,3,2.3333333333333335,498.73681740625,0.009356972462823809,500000,500001,0.0013405109619917255,0.0013405109619917255,0.0011499317619616534,0.0011499317619616534,-4.665326250710875,-4.665516829910905,-4.666666761672866,498.81854628771544,498.8174830302596,498.73682755976915,0.0021051508490815764,0.0019046227783164687,True,raw/walker2d-expert-v2/walker2d-expert-v2_tau7_mpi3_seed1.npz,0d034179ab34ae89aaf25a4d91d375509c66117bf7b593db73e59031604ba22e
p4|walker2d-expert-v2|7|1,p4,walker2d-expert-v2,7.0,1,1000000,2bbc9a9fbe5e145a7ce1cb2a1f2f14edc1ac86760cfad83dfa750adfcf1737f0,9c674fa3add038406c374b73de000ead0f7f881bc9cfa4daa1fad3b3a4972ab5,e14331ae404f7e194879ad292c3d79c7f819b5e9edd612465cea811ebfb36c47,2985dc3d436a8baa10e8f43f946fe1d7c6337a4e4fbc65def70618093b18c59a,0699fe5c545b08ce27c2de98745e70add2e8b387a7011051b2b5b2a7ac984c3a,59f7852fcb79d5388880a17eb8817f4ca205c0d603717863f6027c77c4335998,7c1f612c367a4c80c4b8d0e7bf4fcf44dc198f34b6d326bbf482dfb578edbcaf,113.5749624758137,stable,within_run_online_critic,28b6656a40026f787a895b48da4b9f782804c437e31f262b40fb544b0e613203,posthoc_final_checkpoint_one_adam_step,False,2,4,1.75,495.4903879628906,0.007063709175852125,500000,500001,0.0010741761685988394,0.0010741761685988394,0.001008297053913143,0.001008297053913143,-3.498925835608779,-3.4989917147234646,-3.5000000117773777,495.5853905081749,495.58630169928074,495.4903896301985,0.001745234742074984,0.001685792016364299,True,raw/walker2d-expert-v2/walker2d-expert-v2_tau7_mpi4_seed1.npz,8a3b7ea8c251d4521a1d712527bb5c03951fc7cf0bac6d5ca9f7ae9b0e7760ae
p4|walker2d-expert-v2|7|1,p4,walker2d-expert-v2,7.0,1,1000000,2bbc9a9fbe5e145a7ce1cb2a1f2f14edc1ac86760cfad83dfa750adfcf1737f0,9c674fa3add038406c374b73de000ead0f7f881bc9cfa4daa1fad3b3a4972ab5,e14331ae404f7e194879ad292c3d79c7f819b5e9edd612465cea811ebfb36c47,2985dc3d436a8baa10e8f43f946fe1d7c6337a4e4fbc65def70618093b18c59a,0699fe5c545b08ce27c2de98745e70add2e8b387a7011051b2b5b2a7ac984c3a,59f7852fcb79d5388880a17eb8817f4ca205c0d603717863f6027c77c4335998,7c1f612c367a4c80c4b8d0e7bf4fcf44dc198f34b6d326bbf482dfb578edbcaf,113.5749624758137,stable,within_run_online_critic,28b6656a40026f787a895b48da4b9f782804c437e31f262b40fb544b0e613203,posthoc_final_checkpoint_one_adam_step,False,3,4,1.75,495.58538918359375,0.007062355098413516,500000,500001,0.0013000890477408156,0.0013000890477408156,0.0011321662192336213,0.0011321662192336213,-3.4986999203069216,-3.4988678431354288,-3.5000000093546624,495.6542302817106,495.6536492034793,495.5853905081749,0.0017862599733446712,0.0016142333640274693,True,raw/walker2d-expert-v2/walker2d-expert-v2_tau7_mpi4_seed1.npz,8a3b7ea8c251d4521a1d712527bb5c03951fc7cf0bac6d5ca9f7ae9b0e7760ae
p4|walker2d-expert-v2|7|1,p4,walker2d-expert-v2,7.0,1,1000000,2bbc9a9fbe5e145a7ce1cb2a1f2f14edc1ac86760cfad83dfa750adfcf1737f0,9c674fa3add038406c374b73de000ead0f7f881bc9cfa4daa1fad3b3a4972ab5,e14331ae404f7e194879ad292c3d79c7f819b5e9edd612465cea811ebfb36c47,2985dc3d436a8baa10e8f43f946fe1d7c6337a4e4fbc65def70618093b18c59a,0699fe5c545b08ce27c2de98745e70add2e8b387a7011051b2b5b2a7ac984c3a,59f7852fcb79d5388880a17eb8817f4ca205c0d603717863f6027c77c4335998,7c1f612c367a4c80c4b8d0e7bf4fcf44dc198f34b6d326bbf482dfb578edbcaf,113.5749624758137,stable,within_run_online_critic,28b6656a40026f787a895b48da4b9f782804c437e31f262b40fb544b0e613203,posthoc_final_checkpoint_one_adam_step,False,4,4,1.75,495.65423683984375,0.007061374119012974,500000,500001,0.0012302185536401389,0.0012302185536401389,0.0011553994417821123,0.0011553994417821123,-3.498769735136928,-3.498844554248786,-3.499999953690568,495.73521257936954,495.7330573499203,495.6542302817106,0.001802064854427139,0.0017120268611153383,True,raw/walker2d-expert-v2/walker2d-expert-v2_tau7_mpi4_seed1.npz,8a3b7ea8c251d4521a1d712527bb5c03951fc7cf0bac6d5ca9f7ae9b0e7760ae
p3|walker2d-expert-v2|10|0,p3,walker2d-expert-v2,10.0,0,1000000,bd31be23f18ba7c6a2f5bcaed069d0599dc604119b57b77241cc7911d19de67e,ae2f6dc048fadc75b01088dd039610d3aceb87a134182951fa9f30535b1761da,82ae696b1bbedcf7d7d0d6dc5eb4a5585f2982548ddf361b9d2aa5bbe82c12ff,2985dc3d436a8baa10e8f43f946fe1d7c6337a4e4fbc65def70618093b18c59a,0699fe5c545b08ce27c2de98745e70add2e8b387a7011051b2b5b2a7ac984c3a,59f7852fcb79d5388880a17eb8817f4ca205c0d603717863f6027c77c4335998,7c1f612c367a4c80c4b8d0e7bf4fcf44dc198f34b6d326bbf482dfb578edbcaf,2.3831328988777054,collapsed,within_run_online_critic,4080186c1885104b533d9784977684d7e12c3f258824263db5222265f8360ee5,posthoc_final_checkpoint_one_adam_step,False,2,3,3.3333333333333335,937893036032.0,7.1081311093552105e-12,500000,500001,-0.013591852804459847,0.0,-0.013536095927475067,0.0,-6.68025860686824,-6.680202849991256,-6.6666667540637805,942107278226.4692,942396268988.937,937893048327.3717,0.016363445843290112,0.018473386949288555,True,raw/walker2d-expert-v2/walker2d-expert-v2_tau10_mpi3_seed0.npz,f9ea203c4e99a79e0830ca2e9e2d7b7daf65409e3eecf650fae4d7ea27f14db1
p3|walker2d-expert-v2|10|0,p3,walker2d-expert-v2,10.0,0,1000000,bd31be23f18ba7c6a2f5bcaed069d0599dc604119b57b77241cc7911d19de67e,ae2f6dc048fadc75b01088dd039610d3aceb87a134182951fa9f30535b1761da,82ae696b1bbedcf7d7d0d6dc5eb4a5585f2982548ddf361b9d2aa5bbe82c12ff,2985dc3d436a8baa10e8f43f946fe1d7c6337a4e4fbc65def70618093b18c59a,0699fe5c545b08ce27c2de98745e70add2e8b387a7011051b2b5b2a7ac984c3a,59f7852fcb79d5388880a17eb8817f4ca205c0d603717863f6027c77c4335998,7c1f612c367a4c80c4b8d0e7bf4fcf44dc198f34b6d326bbf482dfb578edbcaf,2.3831328988777054,collapsed,within_run_online_critic,4080186c1885104b533d9784977684d7e12c3f258824263db5222265f8360ee5,posthoc_final_checkpoint_one_adam_step,False,3,3,3.3333333333333335,942107328512.0,7.076334579836305e-12,500000,500001,-0.0035216561326674167,0.0,-0.0035871509741074448,0.0,-6.670187966962094,-6.670253461803534,-6.666666310829426,944741075943.1469,944671644873.8049,942107278226.4692,0.015115977726153383,0.014559165407813546,True,raw/walker2d-expert-v2/walker2d-expert-v2_tau10_mpi3_seed0.npz,f9ea203c4e99a79e0830ca2e9e2d7b7daf65409e3eecf650fae4d7ea27f14db1
p4|walker2d-expert-v2|10|0,p4,walker2d-expert-v2,10.0,0,1000000,d2f22df36463d906e0bcf3a4710ba316c442b774fe91fcf8068f592466f41625,b10892a212df96ce8bd1d9134019c5c705778ec574af50f706a761e13c56cc3d,257f7ec8da6412c421f0f51ae187b18030d3170a71cfe39e217e45c516ba3543,2985dc3d436a8baa10e8f43f946fe1d7c6337a4e4fbc65def70618093b18c59a,0699fe5c545b08ce27c2de98745e70add2e8b387a7011051b2b5b2a7ac984c3a,59f7852fcb79d5388880a17eb8817f4ca205c0d603717863f6027c77c4335998,7c1f612c367a4c80c4b8d0e7bf4fcf44dc198f34b6d326bbf482dfb578edbcaf,114.05795234237613,stable,within_run_online_critic,c3fa94489543eccad07e97e915f1e6828b24f0e0bec735054b7758a954c8f646,posthoc_final_checkpoint_one_adam_step,False,2,4,2.5,499.38641457421875,0.01001228678650188,500000,500001,0.0007274842763740352,0.0007274842763740352,0.0006572567818290409,0.0006572567818290409,-4.999272768666997,-4.999342996161542,-5.000000252943371,499.47416124492884,499.4747739881277,499.38643983751535,0.0016057761647134978,0.0015416836308013455,True,raw/walker2d-expert-v2/walker2d-expert-v2_tau10_mpi4_seed0.npz,b507998f8c1fc71330464df4b97780feb860c3947e73bd202409fd8138dbb35f
p4|walker2d-expert-v2|10|0,p4,walker2d-expert-v2,10.0,0,1000000,d2f22df36463d906e0bcf3a4710ba316c442b774fe91fcf8068f592466f41625,b10892a212df96ce8bd1d9134019c5c705778ec574af50f706a761e13c56cc3d,257f7ec8da6412c421f0f51ae187b18030d3170a71cfe39e217e45c516ba3543,2985dc3d436a8baa10e8f43f946fe1d7c6337a4e4fbc65def70618093b18c59a,0699fe5c545b08ce27c2de98745e70add2e8b387a7011051b2b5b2a7ac984c3a,59f7852fcb79d5388880a17eb8817f4ca205c0d603717863f6027c77c4335998,7c1f612c367a4c80c4b8d0e7bf4fcf44dc198f34b6d326bbf482dfb578edbcaf,114.05795234237613,stable,within_run_online_critic,c3fa94489543eccad07e97e915f1e6828b24f0e0bec735054b7758a954c8f646,posthoc_final_checkpoint_one_adam_step,False,3,4,2.5,499.4741526113281,0.010010528020037126,500000,500001,0.0007870464284494005,0.0007870464284494005,0.000724177092123135,0.000724177092123135,-4.999213039998453,-4.999275909334779,-5.000000086426902,499.57005993276834,499.56844256818295,499.47416124492884,0.0017470429301510743,0.001667982920323785,True,raw/walker2d-expert-v2/walker2d-expert-v2_tau10_mpi4_seed0.npz,b507998f8c1fc71330464df4b97780feb860c3947e73bd202409fd8138dbb35f
p4|walker2d-expert-v2|10|0,p4,walker2d-expert-v2,10.0,0,1000000,d2f22df36463d906e0bcf3a4710ba316c442b774fe91fcf8068f592466f41625,b10892a212df96ce8bd1d9134019c5c705778ec574af50f706a761e13c56cc3d,257f7ec8da6412c421f0f51ae187b18030d3170a71cfe39e217e45c516ba3543,2985dc3d436a8baa10e8f43f946fe1d7c6337a4e4fbc65def70618093b18c59a,0699fe5c545b08ce27c2de98745e70add2e8b387a7011051b2b5b2a7ac984c3a,59f7852fcb79d5388880a17eb8817f4ca205c0d603717863f6027c77c4335998,7c1f612c367a4c80c4b8d0e7bf4fcf44dc198f34b6d326bbf482dfb578edbcaf,114.05795234237613,stable,within_run_online_critic,c3fa94489543eccad07e97e915f1e6828b24f0e0bec735054b7758a954c8f646,posthoc_final_checkpoint_one_adam_step,False,4,4,2.5,499.570069359375,0.010008606012789684,500000,500001,0.0009970068381468522,0.0009970068381468522,0.0009074770776411611,0.0009074770776411611,-4.999002898814661,-4.999092428575167,-4.999999905652808,499.6404413431883,499.6415744498372,499.57005993276834,0.0017014266456651394,0.0016232377031783658,True,raw/walker2d-expert-v2/walker2d-expert-v2_tau10_mpi4_seed0.npz,b507998f8c1fc71330464df4b97780feb860c3947e73bd202409fd8138dbb35f
p3|walker2d-expert-v2|10|1,p3,walker2d-expert-v2,10.0,1,1000000,9b0a41a3c1dbe81e7e769a21fa2259e3f2ef269d8e1b3eac98a2e977bbae43e4,7834aadfb9c713330e9b8a4477ce5ad3d6101b03ccdb1b7ef4239a2073f7eef0,15686a2a8f6a0d90e22667998f27ee521134e9cde6dbc14b58b848e4211b47e4,2985dc3d436a8baa10e8f43f946fe1d7c6337a4e4fbc65def70618093b18c59a,0699fe5c545b08ce27c2de98745e70add2e8b387a7011051b2b5b2a7ac984c3a,59f7852fcb79d5388880a17eb8817f4ca205c0d603717863f6027c77c4335998,7c1f612c367a4c80c4b8d0e7bf4fcf44dc198f34b6d326bbf482dfb578edbcaf,-0.759876405210802,collapsed,within_run_online_critic,ccd2de1b6444f6e398904c0d9535dc41f7895886d15394ff4dfdc40ae478a9ab,posthoc_final_checkpoint_one_adam_step,False,2,3,3.3333333333333335,1716236582912.0,3.884468337899601e-12,500000,500001,-0.00863427427086183,0.0,-0.008639957949882593,0.0,-6.675300662999168,-6.675306346678188,-6.666666388728306,1721065995321.7253,1721083824529.7896,1716236511360.8022,0.010125703263737169,0.010189276578931693,True,raw/walker2d-expert-v2/walker2d-expert-v2_tau10_mpi3_seed1.npz,dcacc52767267842370594bb2627e99d8b59e5f10eab8ebcd374cb399dc00774
p3|walker2d-expert-v2|10|1,p3,walker2d-expert-v2,10.0,1,1000000,9b0a41a3c1dbe81e7e769a21fa2259e3f2ef269d8e1b3eac98a2e977bbae43e4,7834aadfb9c713330e9b8a4477ce5ad3d6101b03ccdb1b7ef4239a2073f7eef0,15686a2a8f6a0d90e22667998f27ee521134e9cde6dbc14b58b848e4211b47e4,2985dc3d436a8baa10e8f43f946fe1d7c6337a4e4fbc65def70618093b18c59a,0699fe5c545b08ce27c2de98745e70add2e8b387a7011051b2b5b2a7ac984c3a,59f7852fcb79d5388880a17eb8817f4ca205c0d603717863f6027c77c4335998,7c1f612c367a4c80c4b8d0e7bf4fcf44dc198f34b6d326bbf482dfb578edbcaf,-0.759876405210802,collapsed,within_run_online_critic,ccd2de1b6444f6e398904c0d9535dc41f7895886d15394ff4dfdc40ae478a9ab,posthoc_final_checkpoint_one_adam_step,False,3,3,3.3333333333333335,1721066192896.0,3.873567846596774e-12,500000,500001,-0.005420442570220452,0.0,-0.0054551160325058135,0.0,-6.6720863439195295,-6.672121017381815,-6.666665901349309,1723876620819.4902,1723859696964.4766,1721065995321.7253,0.0054667059867469685,0.005366476823839763,True,raw/walker2d-expert-v2/walker2d-expert-v2_tau10_mpi3_seed1.npz,dcacc52767267842370594bb2627e99d8b59e5f10eab8ebcd374cb399dc00774
p4|walker2d-expert-v2|10|1,p4,walker2d-expert-v2,10.0,1,1000000,61d44628adea5f94aa14229427d193a43df382f96dcf9824c57394c724c5c13a,914903c9b4877cd285ce68b62f13d965fb6fd8ba58d5ca0b3be6c8370367c051,b578bdebf0c0813680cd3eefa13e0cbdd3153be944adb48212aa1d5856fea425,2985dc3d436a8baa10e8f43f946fe1d7c6337a4e4fbc65def70618093b18c59a,0699fe5c545b08ce27c2de98745e70add2e8b387a7011051b2b5b2a7ac984c3a,59f7852fcb79d5388880a17eb8817f4ca205c0d603717863f6027c77c4335998,7c1f612c367a4c80c4b8d0e7bf4fcf44dc198f34b6d326bbf482dfb578edbcaf,115.20855124269404,stable,within_run_online_critic,23f8a04ab61048a9177f00b2c1c42ded66d08abbabc3f41ef2c605334137e3b0,posthoc_final_checkpoint_one_adam_step,False,2,4,2.5,498.717042015625,0.010025725168307659,500000,500001,0.0008728356433698181,0.0008728356433698181,0.0008092038639642141,0.0008092038639642141,-4.999127078363574,-4.9991907101429796,-4.999999914006944,498.83227679133415,498.8332161307335,498.71703343838453,0.0020282338275174516,0.001974019606769043,True,raw/walker2d-expert-v2/walker2d-expert-v2_tau10_mpi4_seed1.npz,d016918ca8d229cc972743e474e493d29189847f985df26038dcf5b759dde833
p4|walker2d-expert-v2|10|1,p4,walker2d-expert-v2,10.0,1,1000000,61d44628adea5f94aa14229427d193a43df382f96dcf9824c57394c724c5c13a,914903c9b4877cd285ce68b62f13d965fb6fd8ba58d5ca0b3be6c8370367c051,b578bdebf0c0813680cd3eefa13e0cbdd3153be944adb48212aa1d5856fea425,2985dc3d436a8baa10e8f43f946fe1d7c6337a4e4fbc65def70618093b18c59a,0699fe5c545b08ce27c2de98745e70add2e8b387a7011051b2b5b2a7ac984c3a,59f7852fcb79d5388880a17eb8817f4ca205c0d603717863f6027c77c4335998,7c1f612c367a4c80c4b8d0e7bf4fcf44dc198f34b6d326bbf482dfb578edbcaf,115.20855124269404,stable,within_run_online_critic,23f8a04ab61048a9177f00b2c1c42ded66d08abbabc3f41ef2c605334137e3b0,posthoc_final_checkpoint_one_adam_step,False,3,4,2.5,498.832276390625,0.010023409143005426,500000,500001,0.0015496689695524424,0.0015496689695524424,0.0012738912020120452,0.0012738912020120452,-4.998450335046919,-4.9987261128144596,-5.000000004016472,498.91089222580194,498.91101579368114,498.83227679133415,0.0023376636341784565,0.00206312443804811,True,raw/walker2d-expert-v2/walker2d-expert-v2_tau10_mpi4_seed1.npz,d016918ca8d229cc972743e474e493d29189847f985df26038dcf5b759dde833
p4|walker2d-expert-v2|10|1,p4,walker2d-expert-v2,10.0,1,1000000,61d44628adea5f94aa14229427d193a43df382f96dcf9824c57394c724c5c13a,914903c9b4877cd285ce68b62f13d965fb6fd8ba58d5ca0b3be6c8370367c051,b578bdebf0c0813680cd3eefa13e0cbdd3153be944adb48212aa1d5856fea425,2985dc3d436a8baa10e8f43f946fe1d7c6337a4e4fbc65def70618093b18c59a,0699fe5c545b08ce27c2de98745e70add2e8b387a7011051b2b5b2a7ac984c3a,59f7852fcb79d5388880a17eb8817f4ca205c0d603717863f6027c77c4335998,7c1f612c367a4c80c4b8d0e7bf4fcf44dc198f34b6d326bbf482dfb578edbcaf,115.20855124269404,stable,within_run_online_critic,23f8a04ab61048a9177f00b2c1c42ded66d08abbabc3f41ef2c605334137e3b0,posthoc_final_checkpoint_one_adam_step,False,4,4,2.5,498.910889671875,0.010021829756589223,500000,500001,0.002008291675353213,0.002008291675353213,0.0019188069854809697,0.0019188069854809697,-4.997991733919668,-4.99808121860954,-5.000000025595021,499.01512663811445,499.01086712628603,498.91089222580194,0.003052911210326643,0.002920738418064362,True,raw/walker2d-expert-v2/walker2d-expert-v2_tau10_mpi4_seed1.npz,d016918ca8d229cc972743e474e493d29189847f985df26038dcf5b759dde833
p3|walker2d-expert-v2|14|0,p3,walker2d-expert-v2,14.0,0,1000000,ec93d4959ead9ff70e7fb96f7e6f72afdaf24f5efd16cf215c4ef32e114f6c31,dac8610db3cc03b678eafd05afbad56b4e33245fa98e615f6363a9e1e07ca989,f4348b8fe6cc73c44ddc933917a0a9dd2b008e3ce3fd45c31842c528f2af6ede,2985dc3d436a8baa10e8f43f946fe1d7c6337a4e4fbc65def70618093b18c59a,0699fe5c545b08ce27c2de98745e70add2e8b387a7011051b2b5b2a7ac984c3a,59f7852fcb79d5388880a17eb8817f4ca205c0d603717863f6027c77c4335998,7c1f612c367a4c80c4b8d0e7bf4fcf44dc198f34b6d326bbf482dfb578edbcaf,2.3018707417014848,collapsed,within_run_online_critic,44b0d3045dfa9d8ace347d6cd94d7687f59f16ed6487c9d4489240de875d726c,posthoc_final_checkpoint_one_adam_step,False,2,3,4.666666666666667,2406717325312.0,3.8780347135795794e-12,500000,500001,-0.02752651850101273,0.0,-0.027543859173100316,0.0,-9.360752094002978,-9.360769434675065,-9.333225575501965,2423858156404.458,2423863329277.2495,2406689538600.6045,0.039053977326512807,0.03905669723467886,True,raw/walker2d-expert-v2/walker2d-expert-v2_tau14_mpi3_seed0.npz,2cc7dc4fb5fea0053c8da896685edb3e22e59de3bcb92fed16d49a884d0223d0
p3|walker2d-expert-v2|14|0,p3,walker2d-expert-v2,14.0,0,1000000,ec93d4959ead9ff70e7fb96f7e6f72afdaf24f5efd16cf215c4ef32e114f6c31,dac8610db3cc03b678eafd05afbad56b4e33245fa98e615f6363a9e1e07ca989,f4348b8fe6cc73c44ddc933917a0a9dd2b008e3ce3fd45c31842c528f2af6ede,2985dc3d436a8baa10e8f43f946fe1d7c6337a4e4fbc65def70618093b18c59a,0699fe5c545b08ce27c2de98745e70add2e8b387a7011051b2b5b2a7ac984c3a,59f7852fcb79d5388880a17eb8817f4ca205c0d603717863f6027c77c4335998,7c1f612c367a4c80c4b8d0e7bf4fcf44dc198f34b6d326bbf482dfb578edbcaf,2.3018707417014848,collapsed,within_run_online_critic,44b0d3045dfa9d8ace347d6cd94d7687f59f16ed6487c9d4489240de875d726c,posthoc_final_checkpoint_one_adam_step,False,3,3,4.666666666666667,2423904534528.0,3.850536685905737e-12,500000,500001,0.3360505166437875,0.3360505166437875,0.33600805968223035,0.33600805968223035,-8.997104236023423,-8.99714669298498,-9.33315475266721,2405290751582.8164,2405333507021.9883,2423858156404.458,0.2645560432159936,0.2646782176414897,True,raw/walker2d-expert-v2/walker2d-expert-v2_tau14_mpi3_seed0.npz,2cc7dc4fb5fea0053c8da896685edb3e22e59de3bcb92fed16d49a884d0223d0
p4|walker2d-expert-v2|14|0,p4,walker2d-expert-v2,14.0,0,1000000,4e9d1f07c7684387a4ff77fdbd1cd063601e7efb160b658ceae6edb8ee9a8233,b8b3740e404870847701cf80c530e73479be9cf87450986ce23ef10d42cbc4be,d0db1461075c198e65e59f1b511f76f14ca4863614e81800f5818a6f564edbd8,2985dc3d436a8baa10e8f43f946fe1d7c6337a4e4fbc65def70618093b18c59a,0699fe5c545b08ce27c2de98745e70add2e8b387a7011051b2b5b2a7ac984c3a,59f7852fcb79d5388880a17eb8817f4ca205c0d603717863f6027c77c4335998,7c1f612c367a4c80c4b8d0e7bf4fcf44dc198f34b6d326bbf482dfb578edbcaf,8.391060698917197,collapsed,within_run_online_critic,77eabc7d829a2b877ce2bebc111a62f32037d529bae24f9a08595ec398940efc,posthoc_final_checkpoint_one_adam_step,False,2,4,3.5,2199301128192.0,3.1828292680204985e-12,500000,500001,-0.02895752691351916,0.0,-0.028960401426044058,0.0,-7.028905005608009,-7.028907880120534,-6.99994747869449,2216204313223.6133,2216214592493.7485,2199284626739.6484,0.02489494643337525,0.024924789082691495,True,raw/walker2d-expert-v2/walker2d-expert-v2_tau14_mpi4_seed0.npz,0e0222dcc4c3f02e3218412cb47f21f00413015d42bab3c53921822b8f0e053b
p4|walker2d-expert-v2|14|0,p4,walker2d-expert-v2,14.0,0,1000000,4e9d1f07c7684387a4ff77fdbd1cd063601e7efb160b658ceae6edb8ee9a8233,b8b3740e404870847701cf80c530e73479be9cf87450986ce23ef10d42cbc4be,d0db1461075c198e65e59f1b511f76f14ca4863614e81800f5818a6f564edbd8,2985dc3d436a8baa10e8f43f946fe1d7c6337a4e4fbc65def70618093b18c59a,0699fe5c545b08ce27c2de98745e70add2e8b387a7011051b2b5b2a7ac984c3a,59f7852fcb79d5388880a17eb8817f4ca205c0d603717863f6027c77c4335998,7c1f612c367a4c80c4b8d0e7bf4fcf44dc198f34b6d326bbf482dfb578edbcaf,8.391060698917197,collapsed,within_run_online_critic,77eabc7d829a2b877ce2bebc111a62f32037d529bae24f9a08595ec398940efc,posthoc_final_checkpoint_one_adam_step,False,3,4,3.5,2216213348352.0,3.158540672632116e-12,500000,500001,0.018514297993817763,0.018514297993817763,0.018408286569813193,0.018408286569813193,-6.981457164185691,-6.981563175609695,-6.999971462179508,2222870720841.597,2222983066060.6377,2216204313223.6133,0.039570417595563914,0.03981925311527489,True,raw/walker2d-expert-v2/walker2d-expert-v2_tau14_mpi4_seed0.npz,0e0222dcc4c3f02e3218412cb47f21f00413015d42bab3c53921822b8f0e053b
p4|walker2d-expert-v2|14|0,p4,walker2d-expert-v2,14.0,0,1000000,4e9d1f07c7684387a4ff77fdbd1cd063601e7efb160b658ceae6edb8ee9a8233,b8b3740e404870847701cf80c530e73479be9cf87450986ce23ef10d42cbc4be,d0db1461075c198e65e59f1b511f76f14ca4863614e81800f5818a6f564edbd8,2985dc3d436a8baa10e8f43f946fe1d7c6337a4e4fbc65def70618093b18c59a,0699fe5c545b08ce27c2de98745e70add2e8b387a7011051b2b5b2a7ac984c3a,59f7852fcb79d5388880a17eb8817f4ca205c0d603717863f6027c77c4335998,7c1f612c367a4c80c4b8d0e7bf4fcf44dc198f34b6d326bbf482dfb578edbcaf,8.391060698917197,collapsed,within_run_online_critic,77eabc7d829a2b877ce2bebc111a62f32037d529bae24f9a08595ec398940efc,posthoc_final_checkpoint_one_adam_step,False,4,4,3.5,2222879145984.0,3.149069085760538e-12,500000,500001,0.17724807939781595,0.17724807939781595,0.17724850345546717,0.17724850345546717,-6.822725389246701,-6.82272496518905,-6.999973468644517,2219389459744.1367,2219382392174.3086,2222870720841.597,0.16628534769634187,0.16626351548833596,True,raw/walker2d-expert-v2/walker2d-expert-v2_tau14_mpi4_seed0.npz,0e0222dcc4c3f02e3218412cb47f21f00413015d42bab3c53921822b8f0e053b
p3|walker2d-expert-v2|14|1,p3,walker2d-expert-v2,14.0,1,1000000,921a5d6f0ff58682296c78efd6d6fcf39cdcfbc8f1886b8e696b18216cfb7cdb,3f00f52619c6bd818e0208da0b0697f860684e23acebf94cee9c41f81c110343,54d411d7f2a757ca326a99fd0671346ffeb010c9898ff2b219b61fdfeb806830,2985dc3d436a8baa10e8f43f946fe1d7c6337a4e4fbc65def70618093b18c59a,0699fe5c545b08ce27c2de98745e70add2e8b387a7011051b2b5b2a7ac984c3a,59f7852fcb79d5388880a17eb8817f4ca205c0d603717863f6027c77c4335998,7c1f612c367a4c80c4b8d0e7bf4fcf44dc198f34b6d326bbf482dfb578edbcaf,-0.2713346597061892,collapsed,within_run_online_critic,08055387bbb90fd8f94c4491f865980c67b8f7ff758b6a81ea1ba8da74f649f9,posthoc_final_checkpoint_one_adam_step,False,2,3,4.666666666666667,2450651348992.0,3.808511291160333e-12,500000,500001,-0.032024094159810446,0.0,-0.032027870287464566,0.0,-9.365220938081025,-9.36522471420868,-9.333196843921215,2466560936173.452,2466587099643.037,2450615510996.0786,0.028704237670569652,0.028800105412244596,True,raw/walker2d-expert-v2/walker2d-expert-v2_tau14_mpi3_seed1.npz,7c796e3fdf4f2d8f9fab8de42022b98482d37d79023ec42f3913c5492234d09c
p3|walker2d-expert-v2|14|1,p3,walker2d-expert-v2,14.0,1,1000000,921a5d6f0ff58682296c78efd6d6fcf39cdcfbc8f1886b8e696b18216cfb7cdb,3f00f52619c6bd818e0208da0b0697f860684e23acebf94cee9c41f81c110343,54d411d7f2a757ca326a99fd0671346ffeb010c9898ff2b219b61fdfeb806830,2985dc3d436a8baa10e8f43f946fe1d7c6337a4e4fbc65def70618093b18c59a,0699fe5c545b08ce27c2de98745e70add2e8b387a7011051b2b5b2a7ac984c3a,59f7852fcb79d5388880a17eb8817f4ca205c0d603717863f6027c77c4335998,7c1f612c367a4c80c4b8d0e7bf4fcf44dc198f34b6d326bbf482dfb578edbcaf,-0.2713346597061892,collapsed,within_run_online_critic,08055387bbb90fd8f94c4491f865980c67b8f7ff758b6a81ea1ba8da74f649f9,posthoc_final_checkpoint_one_adam_step,False,3,3,4.666666666666667,2466686959616.0,3.783752655337463e-12,500000,500001,0.054343353518731874,0.054343353518731874,0.05432561379691947,0.05432561379691947,-9.278513138279227,-9.278530878001039,-9.332856491797958,2469567165895.8906,2469589492056.49,2466560936173.452,0.06571818321356133,0.06578492016120253,True,raw/walker2d-expert-v2/walker2d-expert-v2_tau14_mpi3_seed1.npz,7c796e3fdf4f2d8f9fab8de42022b98482d37d79023ec42f3913c5492234d09c
p4|walker2d-expert-v2|14|1,p4,walker2d-expert-v2,14.0,1,1000000,e4323ca574917fb19829e9c04009bf471e3298419aa7546acd4a96885da51234,7b0d5835c4c43417214fa75974a587794bc4c7387bc2894a6ca8f1b2b80356a6,90aa28e593b0a0067b7b337c55251b7c65a5ac77b34bf86b6efa7be883b758a5,2985dc3d436a8baa10e8f43f946fe1d7c6337a4e4fbc65def70618093b18c59a,0699fe5c545b08ce27c2de98745e70add2e8b387a7011051b2b5b2a7ac984c3a,59f7852fcb79d5388880a17eb8817f4ca205c0d603717863f6027c77c4335998,7c1f612c367a4c80c4b8d0e7bf4fcf44dc198f34b6d326bbf482dfb578edbcaf,-0.27133465962813996,collapsed,within_run_online_critic,8667cb3159e61e28c6f2a1c2a31f6e8dc8fc26ae0c5601cc13858d2675f969e1,posthoc_final_checkpoint_one_adam_step,False,2,4,3.5,1815326228480.0,3.856056222941926e-12,500000,500001,-0.03527706971605138,0.0,-0.0352896996191161,0.0,-7.035274586310571,-7.035287216213636,-6.99999751659452,1831618625691.4468,1831674935407.108,1815325584452.6992,0.02754981334327027,0.027754316869692663,True,raw/walker2d-expert-v2/walker2d-expert-v2_tau14_mpi4_seed1.npz,75faec7326c32cdb78b74f7cd613abef243dcb7678fbd7ed73841eac50f1adc5
p4|walker2d-expert-v2|14|1,p4,walker2d-expert-v2,14.0,1,1000000,e4323ca574917fb19829e9c04009bf471e3298419aa7546acd4a96885da51234,7b0d5835c4c43417214fa75974a587794bc4c7387bc2894a6ca8f1b2b80356a6,90aa28e593b0a0067b7b337c55251b7c65a5ac77b34bf86b6efa7be883b758a5,2985dc3d436a8baa10e8f43f946fe1d7c6337a4e4fbc65def70618093b18c59a,0699fe5c545b08ce27c2de98745e70add2e8b387a7011051b2b5b2a7ac984c3a,59f7852fcb79d5388880a17eb8817f4ca205c0d603717863f6027c77c4335998,7c1f612c367a4c80c4b8d0e7bf4fcf44dc198f34b6d326bbf482dfb578edbcaf,-0.27133465962813996,collapsed,within_run_online_critic,8667cb3159e61e28c6f2a1c2a31f6e8dc8fc26ae0c5601cc13858d2675f969e1,posthoc_final_checkpoint_one_adam_step,False,3,4,3.5,1831619526656.0,3.821754408122055e-12,500000,500001,-0.010878112377486815,0.0,-0.010895996035846345,0.0,-7.0108746691122334,-7.010892552770593,-6.999996556734747,1836305274083.3987,1836332934530.025,1831618625691.4468,0.00703310677377323,0.007120934549238799,True,raw/walker2d-expert-v2/walker2d-expert-v2_tau14_mpi4_seed1.npz,75faec7326c32cdb78b74f7cd613abef243dcb7678fbd7ed73841eac50f1adc5
p4|walker2d-expert-v2|14|1,p4,walker2d-expert-v2,14.0,1,1000000,e4323ca574917fb19829e9c04009bf471e3298419aa7546acd4a96885da51234,7b0d5835c4c43417214fa75974a587794bc4c7387bc2894a6ca8f1b2b80356a6,90aa28e593b0a0067b7b337c55251b7c65a5ac77b34bf86b6efa7be883b758a5,2985dc3d436a8baa10e8f43f946fe1d7c6337a4e4fbc65def70618093b18c59a,0699fe5c545b08ce27c2de98745e70add2e8b387a7011051b2b5b2a7ac984c3a,59f7852fcb79d5388880a17eb8817f4ca205c0d603717863f6027c77c4335998,7c1f612c367a4c80c4b8d0e7bf4fcf44dc198f34b6d326bbf482dfb578edbcaf,-0.27133465962813996,collapsed,within_run_online_critic,8667cb3159e61e28c6f2a1c2a31f6e8dc8fc26ae0c5601cc13858d2675f969e1,posthoc_final_checkpoint_one_adam_step,False,4,4,3.5,1836305874944.0,3.812001091709992e-12,500000,500001,-0.0013606252464803958,0.0,-0.0014256882609977595,0.0,-7.001358334765213,-7.00142339777973,-6.999997709518732,1837230724743.7075,1837246870499.4673,1836305274083.3987,0.0021671936809409386,0.0021636783050052078,True,raw/walker2d-expert-v2/walker2d-expert-v2_tau14_mpi4_seed1.npz,75faec7326c32cdb78b74f7cd613abef243dcb7678fbd7ed73841eac50f1adc5
p3|walker2d-expert-v2|20|0,p3,walker2d-expert-v2,20.0,0,1000000,880c39e76b8d5eec8fe14c3d5fcc5adbef05e5e72bb6264c37efb393bcbf87ac,fece62ccda5366cfebf16bb2ba9dd5426acf7ce488fcaedfbd503f3664506d0a,b8b0cd92cd09a0a8def8cd8e6c921c6435b95240b4764f400251bffabc1a8a33,2985dc3d436a8baa10e8f43f946fe1d7c6337a4e4fbc65def70618093b18c59a,0699fe5c545b08ce27c2de98745e70add2e8b387a7011051b2b5b2a7ac984c3a,59f7852fcb79d5388880a17eb8817f4ca205c0d603717863f6027c77c4335998,7c1f612c367a4c80c4b8d0e7bf4fcf44dc198f34b6d326bbf482dfb578edbcaf,2.3018707417014848,collapsed,within_run_online_critic,3199c2ac675c1263ee904020357bd3c9230879de2b141629d85b6afc588eb8d1,posthoc_final_checkpoint_one_adam_step,False,2,3,6.666666666666667,2559732350976.0,5.2088779236037974e-12,500000,500001,-0.030587772858526208,0.0,-0.03059773974037938,0.0,-13.363832052922023,-13.363842019803876,-13.333244280063496,2573771659995.334,2573773038233.543,2559715254535.818,0.04263032722477028,0.042627539417498195,True,raw/walker2d-expert-v2/walker2d-expert-v2_tau20_mpi3_seed0.npz,f61ff9faaba5fe0032342e557e67a9b49f8ce7fdd6b939cb6ff0e7610a929cad
p3|walker2d-expert-v2|20|0,p3,walker2d-expert-v2,20.0,0,1000000,880c39e76b8d5eec8fe14c3d5fcc5adbef05e5e72bb6264c37efb393bcbf87ac,fece62ccda5366cfebf16bb2ba9dd5426acf7ce488fcaedfbd503f3664506d0a,b8b0cd92cd09a0a8def8cd8e6c921c6435b95240b4764f400251bffabc1a8a33,2985dc3d436a8baa10e8f43f946fe1d7c6337a4e4fbc65def70618093b18c59a,0699fe5c545b08ce27c2de98745e70add2e8b387a7011051b2b5b2a7ac984c3a,59f7852fcb79d5388880a17eb8817f4ca205c0d603717863f6027c77c4335998,7c1f612c367a4c80c4b8d0e7bf4fcf44dc198f34b6d326bbf482dfb578edbcaf,2.3018707417014848,collapsed,within_run_online_critic,3199c2ac675c1263ee904020357bd3c9230879de2b141629d85b6afc588eb8d1,posthoc_final_checkpoint_one_adam_step,False,3,3,6.666666666666667,2573787463680.0,5.180432930646628e-12,500000,500001,0.4404778869930386,0.4404778869930386,0.44045977498254096,0.44045977498254096,-12.892773576411825,-12.892791688422323,-13.333251463404864,2545820837498.775,2545839000115.803,2573771659995.334,0.2956805256932047,0.29575650390206826,True,raw/walker2d-expert-v2/walker2d-expert-v2_tau20_mpi3_seed0.npz,f61ff9faaba5fe0032342e557e67a9b49f8ce7fdd6b939cb6ff0e7610a929cad
p4|walker2d-expert-v2|20|0,p4,walker2d-expert-v2,20.0,0,1000000,b679014b1fa5ab561f93ef341e959b191cbbf85c11e8eb74e127c4996e5463d8,f85be01b4864e15a2b7f1e6fa0605974971ba045ba4a9b1e392e29ef51cf9893,1f6f5fd940e9a0112b417856bc25d05b4e8a3a7af2349389a60d132cc1ccde0d,2985dc3d436a8baa10e8f43f946fe1d7c6337a4e4fbc65def70618093b18c59a,0699fe5c545b08ce27c2de98745e70add2e8b387a7011051b2b5b2a7ac984c3a,59f7852fcb79d5388880a17eb8817f4ca205c0d603717863f6027c77c4335998,7c1f612c367a4c80c4b8d0e7bf4fcf44dc198f34b6d326bbf482dfb578edbcaf,2.301870741924962,collapsed,within_run_online_critic,f74a104c30a70e84cab0cde6be3acf12dc0d2054d165b78e33f105f9305b795d,posthoc_final_checkpoint_one_adam_step,False,2,4,5.0,2409919152128.0,4.149516796515696e-12,500000,500001,-0.050616394875209636,0.0,-0.050726660387809375,0.0,-10.050611778737323,-10.050722044249923,-9.999995383862114,2430512114830.3853,2430729371723.829,2409918039676.09,0.034839065886245545,0.035630311502149924,True,raw/walker2d-expert-v2/walker2d-expert-v2_tau20_mpi4_seed0.npz,26e299af2f10268ccf07173acae54622893186e56ba92f59634e4da9f872d2cb
p4|walker2d-expert-v2|20|0,p4,walker2d-expert-v2,20.0,0,1000000,b679014b1fa5ab561f93ef341e959b191cbbf85c11e8eb74e127c4996e5463d8,f85be01b4864e15a2b7f1e6fa0605974971ba045ba4a9b1e392e29ef51cf9893,1f6f5fd940e9a0112b417856bc25d05b4e8a3a7af2349389a60d132cc1ccde0d,2985dc3d436a8baa10e8f43f946fe1d7c6337a4e4fbc65def70618093b18c59a,0699fe5c545b08ce27c2de98745e70add2e8b387a7011051b2b5b2a7ac984c3a,59f7852fcb79d5388880a17eb8817f4ca205c0d603717863f6027c77c4335998,7c1f612c367a4c80c4b8d0e7bf4fcf44dc198f34b6d326bbf482dfb578edbcaf,2.301870741924962,collapsed,within_run_online_critic,f74a104c30a70e84cab0cde6be3acf12dc0d2054d165b78e33f105f9305b795d,posthoc_final_checkpoint_one_adam_step,False,3,4,5.0,2430512660480.0,4.114358325549766e-12,500000,500001,-0.01450369331838175,0.0,-0.014761342222078255,0.0,-10.014501448320347,-10.014759097224044,-9.999997755001965,2438066348059.0703,2437862234953.6455,2430512114830.3853,0.01657712905920218,0.01547968570084874,True,raw/walker2d-expert-v2/walker2d-expert-v2_tau20_mpi4_seed0.npz,26e299af2f10268ccf07173acae54622893186e56ba92f59634e4da9f872d2cb
p4|walker2d-expert-v2|20|0,p4,walker2d-expert-v2,20.0,0,1000000,b679014b1fa5ab561f93ef341e959b191cbbf85c11e8eb74e127c4996e5463d8,f85be01b4864e15a2b7f1e6fa0605974971ba045ba4a9b1e392e29ef51cf9893,1f6f5fd940e9a0112b417856bc25d05b4e8a3a7af2349389a60d132cc1ccde0d,2985dc3d436a8baa10e8f43f946fe1d7c6337a4e4fbc65def70618093b18c59a,0699fe5c545b08ce27c2de98745e70add2e8b387a7011051b2b5b2a7ac984c3a,59f7852fcb79d5388880a17eb8817f4ca205c0d603717863f6027c77c4335998,7c1f612c367a4c80c4b8d0e7bf4fcf44dc198f34b6d326bbf482dfb578edbcaf,2.301870741924962,collapsed,within_run_online_critic,f74a104c30a70e84cab0cde6be3acf12dc0d2054d165b78e33f105f9305b795d,posthoc_final_checkpoint_one_adam_step,False,4,4,5.0,2438067126272.0,4.101609792545294e-12,500000,500001,0.11520480016294421,0.11520480016294421,0.1151589378987179,0.1151589378987179,-9.884792007911283,-9.88483787017551,-9.999996808074227,2431009897164.134,2431016902883.0684,2438066348059.0703,0.08626199207165708,0.08624486453281506,True,raw/walker2d-expert-v2/walker2d-expert-v2_tau20_mpi4_seed0.npz,26e299af2f10268ccf07173acae54622893186e56ba92f59634e4da9f872d2cb
p3|walker2d-expert-v2|20|1,p3,walker2d-expert-v2,20.0,1,1000000,c95631941c3f726c8ef461a76bff8807b510389d158e6adfa700d592b1d777bd,309f6e444f11c08fb66d41f930360c0a443f4f31f68dcdca1c7bdb0bbd63baa3,d1ed78637992b0e5248eb25ea43b45424ded36bfbdb51ecd32d66088a41b189f,2985dc3d436a8baa10e8f43f946fe1d7c6337a4e4fbc65def70618093b18c59a,0699fe5c545b08ce27c2de98745e70add2e8b387a7011051b2b5b2a7ac984c3a,59f7852fcb79d5388880a17eb8817f4ca205c0d603717863f6027c77c4335998,7c1f612c367a4c80c4b8d0e7bf4fcf44dc198f34b6d326bbf482dfb578edbcaf,-0.2713346597061892,collapsed,within_run_online_critic,0eabb3e9809e0ee0217b1f7689fd30dffc23cf04dc2312c592887766c28fe987,posthoc_final_checkpoint_one_adam_step,False,2,3,6.666666666666667,2536164294656.0,5.2572829612924735e-12,500000,500001,-0.023558115410525104,0.0,-0.023554581908125982,0.0,-13.356520329935595,-13.356516796433196,-13.33296221452507,2543332542057.2695,2543355231849.6,2536093703285.7056,0.014498508322761712,0.014621328483775916,True,raw/walker2d-expert-v2/walker2d-expert-v2_tau20_mpi3_seed1.npz,b1f141eb2ff0b31003d28f71fea18f3d7de2242a889fb636ba8ac1cae2311b59
p3|walker2d-expert-v2|20|1,p3,walker2d-expert-v2,20.0,1,1000000,c95631941c3f726c8ef461a76bff8807b510389d158e6adfa700d592b1d777bd,309f6e444f11c08fb66d41f930360c0a443f4f31f68dcdca1c7bdb0bbd63baa3,d1ed78637992b0e5248eb25ea43b45424ded36bfbdb51ecd32d66088a41b189f,2985dc3d436a8baa10e8f43f946fe1d7c6337a4e4fbc65def70618093b18c59a,0699fe5c545b08ce27c2de98745e70add2e8b387a7011051b2b5b2a7ac984c3a,59f7852fcb79d5388880a17eb8817f4ca205c0d603717863f6027c77c4335998,7c1f612c367a4c80c4b8d0e7bf4fcf44dc198f34b6d326bbf482dfb578edbcaf,-0.2713346597061892,collapsed,within_run_online_critic,0eabb3e9809e0ee0217b1f7689fd30dffc23cf04dc2312c592887766c28fe987,posthoc_final_checkpoint_one_adam_step,False,3,3,6.666666666666667,2543378497536.0,5.242370864678826e-12,500000,500001,0.023464360970624654,0.023464360970624654,0.023436534654688757,0.023436534654688757,-13.30962805669994,-13.309655883015877,-13.333092417670565,2545332137892.248,2545347588968.2275,2543332542057.2695,0.03394698391704913,0.03400015787165516,True,raw/walker2d-expert-v2/walker2d-expert-v2_tau20_mpi3_seed1.npz,b1f141eb2ff0b31003d28f71fea18f3d7de2242a889fb636ba8ac1cae2311b59
p4|walker2d-expert-v2|20|1,p4,walker2d-expert-v2,20.0,1,1000000,a991e5aea74d337df9e168d034d92c199e90781866568502855db07d0a0f7eb0,e2ab0715962c039897ab2d8fa1ce69d595c9dc0c9fe88b7c56008e95f62bd564,7879456581f3aa441423afa7610d931e437191c4427e6069056e3006235ad6da,2985dc3d436a8baa10e8f43f946fe1d7c6337a4e4fbc65def70618093b18c59a,0699fe5c545b08ce27c2de98745e70add2e8b387a7011051b2b5b2a7ac984c3a,59f7852fcb79d5388880a17eb8817f4ca205c0d603717863f6027c77c4335998,7c1f612c367a4c80c4b8d0e7bf4fcf44dc198f34b6d326bbf482dfb578edbcaf,-0.27133466509562587,collapsed,within_run_online_critic,2564df5553ab39fe980d984518e524d915074efefc22e4b1b9bd67ed7e96beb3,posthoc_final_checkpoint_one_adam_step,False,2,4,5.0,1887827656704.0,5.297093706879589e-12,500000,500001,-0.02929283501282498,0.0,-0.02929454973317469,0.0,-10.02928854283799,-10.02929025755834,-9.999995707825166,1897840972108.4524,1897865622375.9678,1887826846415.3643,0.023752927175934604,0.023881787232513118,True,raw/walker2d-expert-v2/walker2d-expert-v2_tau20_mpi4_seed1.npz,23c687fa3ab4ab0fdbad229f7b8187717e54c32013085099eb6f372af9cb2a62
p4|walker2d-expert-v2|20|1,p4,walker2d-expert-v2,20.0,1,1000000,a991e5aea74d337df9e168d034d92c199e90781866568502855db07d0a0f7eb0,e2ab0715962c039897ab2d8fa1ce69d595c9dc0c9fe88b7c56008e95f62bd564,7879456581f3aa441423afa7610d931e437191c4427e6069056e3006235ad6da,2985dc3d436a8baa10e8f43f946fe1d7c6337a4e4fbc65def70618093b18c59a,0699fe5c545b08ce27c2de98745e70add2e8b387a7011051b2b5b2a7ac984c3a,59f7852fcb79d5388880a17eb8817f4ca205c0d603717863f6027c77c4335998,7c1f612c367a4c80c4b8d0e7bf4fcf44dc198f34b6d326bbf482dfb578edbcaf,-0.27133466509562587,collapsed,within_run_online_critic,2564df5553ab39fe980d984518e524d915074efefc22e4b1b9bd67ed7e96beb3,posthoc_final_checkpoint_one_adam_step,False,3,4,5.0,1897841819648.0,5.2691430320861716e-12,500000,500001,-0.009363480084806142,0.0,-0.009401680359147235,0.0,-10.009359014277704,-10.009397214552045,-9.999995534192898,1901125691818.5725,1901134650310.951,1897840972108.4524,0.007944177888128488,0.007953181191481562,True,raw/walker2d-expert-v2/walker2d-expert-v2_tau20_mpi4_seed1.npz,23c687fa3ab4ab0fdbad229f7b8187717e54c32013085099eb6f372af9cb2a62
p4|walker2d-expert-v2|20|1,p4,walker2d-expert-v2,20.0,1,1000000,a991e5aea74d337df9e168d034d92c199e90781866568502855db07d0a0f7eb0,e2ab0715962c039897ab2d8fa1ce69d595c9dc0c9fe88b7c56008e95f62bd564,7879456581f3aa441423afa7610d931e437191c4427e6069056e3006235ad6da,2985dc3d436a8baa10e8f43f946fe1d7c6337a4e4fbc65def70618093b18c59a,0699fe5c545b08ce27c2de98745e70add2e8b387a7011051b2b5b2a7ac984c3a,59f7852fcb79d5388880a17eb8817f4ca205c0d603717863f6027c77c4335998,7c1f612c367a4c80c4b8d0e7bf4fcf44dc198f34b6d326bbf482dfb578edbcaf,-0.27133466509562587,collapsed,within_run_online_critic,2564df5553ab39fe980d984518e524d915074efefc22e4b1b9bd67ed7e96beb3,posthoc_final_checkpoint_one_adam_step,False,4,4,5.0,1901126483968.0,5.260039289510166e-12,500000,500001,-0.0024574749673060836,0.0,-0.002485167551848022,0.0,-10.002453308230194,-10.002481000814736,-9.999995833262888,1902035279778.8135,1902055959995.2212,1901125691818.5725,0.002326993440826799,0.0024080796071038733,True,raw/walker2d-expert-v2/walker2d-expert-v2_tau20_mpi4_seed1.npz,23c687fa3ab4ab0fdbad229f7b8187717e54c32013085099eb6f372af9cb2a62
