level,method_minus,method_reference,critic_scope,environment,tau,seed,delta_y_rms_difference,delta_y_rms_no_noise_difference,smoothing_delta_y_rms_change_difference,seed_interpretation,generalization_scope
cell,p3,td3,within_run_target_critic,halfcheetah-medium-v2,4.0,0,-0.26708660415874874,-0.18296535165158723,-0.08412125250716151,seeds are marginal run replicates within fixed task-budget cells,"fixed nine-task, five-budget grid only"
cell,p3,td3,within_run_target_critic,halfcheetah-medium-v2,4.0,1,-0.5919205405407162,-0.529461888408576,-0.06245865213214019,seeds are marginal run replicates within fixed task-budget cells,"fixed nine-task, five-budget grid only"
cell,p3,td3,within_run_target_critic,halfcheetah-medium-v2,7.0,0,-0.4549350621895827,-0.7044728750914273,0.24953781290184462,seeds are marginal run replicates within fixed task-budget cells,"fixed nine-task, five-budget grid only"
cell,p3,td3,within_run_target_critic,halfcheetah-medium-v2,7.0,1,-0.3897297448115573,-0.301920425270648,-0.08780931954090931,seeds are marginal run replicates within fixed task-budget cells,"fixed nine-task, five-budget grid only"
cell,p3,td3,within_run_target_critic,halfcheetah-medium-v2,10.0,0,-0.6056100207096837,-0.7182925526744315,0.11268253196474776,seeds are marginal run replicates within fixed task-budget cells,"fixed nine-task, five-budget grid only"
cell,p3,td3,within_run_target_critic,halfcheetah-medium-v2,10.0,1,-0.6982424473947924,-0.8774323425185373,0.17918989512374495,seeds are marginal run replicates within fixed task-budget cells,"fixed nine-task, five-budget grid only"
cell,p3,td3,within_run_target_critic,halfcheetah-medium-v2,14.0,0,-0.5198100771961722,-0.8508308085052336,0.3310207313090614,seeds are marginal run replicates within fixed task-budget cells,"fixed nine-task, five-budget grid only"
cell,p3,td3,within_run_target_critic,halfcheetah-medium-v2,14.0,1,-0.4751597689361966,-0.5168227261296785,0.0416629571934819,seeds are marginal run replicates within fixed task-budget cells,"fixed nine-task, five-budget grid only"
cell,p3,td3,within_run_target_critic,halfcheetah-medium-v2,20.0,0,-0.4555044982030152,-0.4321364440305535,-0.023368054172461683,seeds are marginal run replicates within fixed task-budget cells,"fixed nine-task, five-budget grid only"
cell,p3,td3,within_run_target_critic,halfcheetah-medium-v2,20.0,1,-0.632120586881832,-0.6919199966457108,0.059799409763878764,seeds are marginal run replicates within fixed task-budget cells,"fixed nine-task, five-budget grid only"
cell,p3,td3,within_run_target_critic,halfcheetah-medium-replay-v2,4.0,0,-0.6329322153567247,-0.43414003505306464,-0.19879218030366008,seeds are marginal run replicates within fixed task-budget cells,"fixed nine-task, five-budget grid only"
cell,p3,td3,within_run_target_critic,halfcheetah-medium-replay-v2,4.0,1,0.03532375537198451,0.15360898370014642,-0.1182852283281619,seeds are marginal run replicates within fixed task-budget cells,"fixed nine-task, five-budget grid only"
cell,p3,td3,within_run_target_critic,halfcheetah-medium-replay-v2,7.0,0,-0.7962128150275749,-0.5190860600105145,-0.2771267550170604,seeds are marginal run replicates within fixed task-budget cells,"fixed nine-task, five-budget grid only"
cell,p3,td3,within_run_target_critic,halfcheetah-medium-replay-v2,7.0,1,0.6874328065071946,0.5999195423509018,0.08751326415629279,seeds are marginal run replicates within fixed task-budget cells,"fixed nine-task, five-budget grid only"
cell,p3,td3,within_run_target_critic,halfcheetah-medium-replay-v2,10.0,0,-0.3591084078968567,-0.27090333737598193,-0.08820507052087478,seeds are marginal run replicates within fixed task-budget cells,"fixed nine-task, five-budget grid only"
cell,p3,td3,within_run_target_critic,halfcheetah-medium-replay-v2,10.0,1,-1.1334907274459578,-1.3537447406275742,0.22025401318161641,seeds are marginal run replicates within fixed task-budget cells,"fixed nine-task, five-budget grid only"
cell,p3,td3,within_run_target_critic,halfcheetah-medium-replay-v2,14.0,0,-0.21184514827236534,-0.20174734236668446,-0.010097805905680879,seeds are marginal run replicates within fixed task-budget cells,"fixed nine-task, five-budget grid only"
cell,p3,td3,within_run_target_critic,halfcheetah-medium-replay-v2,14.0,1,-0.4942142165244867,-0.45741564660855705,-0.03679856991592967,seeds are marginal run replicates within fixed task-budget cells,"fixed nine-task, five-budget grid only"
cell,p3,td3,within_run_target_critic,halfcheetah-medium-replay-v2,20.0,0,-0.03178154491305474,-0.10116234834878313,0.06938080343572839,seeds are marginal run replicates within fixed task-budget cells,"fixed nine-task, five-budget grid only"
cell,p3,td3,within_run_target_critic,halfcheetah-medium-replay-v2,20.0,1,-0.2006577135109291,-0.32926567430005793,0.12860796078912884,seeds are marginal run replicates within fixed task-budget cells,"fixed nine-task, five-budget grid only"
cell,p3,td3,within_run_target_critic,halfcheetah-expert-v2,4.0,0,-0.5886768588843596,-0.7804217912053653,0.19174493232100565,seeds are marginal run replicates within fixed task-budget cells,"fixed nine-task, five-budget grid only"
cell,p3,td3,within_run_target_critic,halfcheetah-expert-v2,4.0,1,-0.5433655239288342,-0.7442656793408187,0.20090015541198447,seeds are marginal run replicates within fixed task-budget cells,"fixed nine-task, five-budget grid only"
cell,p3,td3,within_run_target_critic,halfcheetah-expert-v2,7.0,0,-10.542494735131436,-11.999255341203162,1.4567606060717249,seeds are marginal run replicates within fixed task-budget cells,"fixed nine-task, five-budget grid only"
cell,p3,td3,within_run_target_critic,halfcheetah-expert-v2,7.0,1,-1.4177485521352433,-1.7217286107150565,0.30398005857981314,seeds are marginal run replicates within fixed task-budget cells,"fixed nine-task, five-budget grid only"
cell,p3,td3,within_run_target_critic,halfcheetah-expert-v2,10.0,0,-14.40185468334977,-16.120446333896723,1.7185916505469527,seeds are marginal run replicates within fixed task-budget cells,"fixed nine-task, five-budget grid only"
cell,p3,td3,within_run_target_critic,halfcheetah-expert-v2,10.0,1,-1.1703541939246338,-1.277344946955043,0.10699075303040928,seeds are marginal run replicates within fixed task-budget cells,"fixed nine-task, five-budget grid only"
cell,p3,td3,within_run_target_critic,halfcheetah-expert-v2,14.0,0,-8.483635411922815,-9.567000325791938,1.0833649138691204,seeds are marginal run replicates within fixed task-budget cells,"fixed nine-task, five-budget grid only"
cell,p3,td3,within_run_target_critic,halfcheetah-expert-v2,14.0,1,-13.99295523684644,-14.79687195084349,0.8039167139970513,seeds are marginal run replicates within fixed task-budget cells,"fixed nine-task, five-budget grid only"
cell,p3,td3,within_run_target_critic,halfcheetah-expert-v2,20.0,0,-10.361425318674318,-11.43700609449515,1.0755807758208302,seeds are marginal run replicates within fixed task-budget cells,"fixed nine-task, five-budget grid only"
cell,p3,td3,within_run_target_critic,halfcheetah-expert-v2,20.0,1,-33.92831098855531,-36.78475425112264,2.8564432625673364,seeds are marginal run replicates within fixed task-budget cells,"fixed nine-task, five-budget grid only"
cell,p3,td3,within_run_target_critic,hopper-medium-v2,4.0,0,-0.4382406779111918,-0.46286427033461575,0.024623592423423935,seeds are marginal run replicates within fixed task-budget cells,"fixed nine-task, five-budget grid only"
cell,p3,td3,within_run_target_critic,hopper-medium-v2,4.0,1,-0.2399880290161276,-0.3068218572893031,0.06683382827317552,seeds are marginal run replicates within fixed task-budget cells,"fixed nine-task, five-budget grid only"
cell,p3,td3,within_run_target_critic,hopper-medium-v2,7.0,0,-133674106865.5245,-145029182064.8809,11355075199.356373,seeds are marginal run replicates within fixed task-budget cells,"fixed nine-task, five-budget grid only"
cell,p3,td3,within_run_target_critic,hopper-medium-v2,7.0,1,-0.5850334902479788,-0.6215937969194021,0.03656030667142329,seeds are marginal run replicates within fixed task-budget cells,"fixed nine-task, five-budget grid only"
cell,p3,td3,within_run_target_critic,hopper-medium-v2,10.0,0,-375000785112.01373,-408179506432.58936,33178721320.575634,seeds are marginal run replicates within fixed task-budget cells,"fixed nine-task, five-budget grid only"
cell,p3,td3,within_run_target_critic,hopper-medium-v2,10.0,1,-78766710859.82004,-85914651736.25082,7147940876.430781,seeds are marginal run replicates within fixed task-budget cells,"fixed nine-task, five-budget grid only"
cell,p3,td3,within_run_target_critic,hopper-medium-v2,14.0,0,-294487664052.79126,-320940315040.16644,26452650987.375175,seeds are marginal run replicates within fixed task-budget cells,"fixed nine-task, five-budget grid only"
cell,p3,td3,within_run_target_critic,hopper-medium-v2,14.0,1,-232380910519.72525,-253262071146.83768,20881160627.112427,seeds are marginal run replicates within fixed task-budget cells,"fixed nine-task, five-budget grid only"
cell,p3,td3,within_run_target_critic,hopper-medium-v2,20.0,0,-185296995892.23206,-202966147212.70236,17669151320.470306,seeds are marginal run replicates within fixed task-budget cells,"fixed nine-task, five-budget grid only"
cell,p3,td3,within_run_target_critic,hopper-medium-v2,20.0,1,-334312949706.30725,-364604736796.7491,30291787090.441803,seeds are marginal run replicates within fixed task-budget cells,"fixed nine-task, five-budget grid only"
cell,p3,td3,within_run_target_critic,hopper-medium-replay-v2,4.0,0,-0.5005232407977589,-0.73206433223136,0.23154109143360113,seeds are marginal run replicates within fixed task-budget cells,"fixed nine-task, five-budget grid only"
cell,p3,td3,within_run_target_critic,hopper-medium-replay-v2,4.0,1,0.19788237236199713,-0.17248507038539707,0.3703674427473942,seeds are marginal run replicates within fixed task-budget cells,"fixed nine-task, five-budget grid only"
cell,p3,td3,within_run_target_critic,hopper-medium-replay-v2,7.0,0,-0.709023889946379,-0.9312656433233517,0.22224175337697272,seeds are marginal run replicates within fixed task-budget cells,"fixed nine-task, five-budget grid only"
cell,p3,td3,within_run_target_critic,hopper-medium-replay-v2,7.0,1,0.2144110852381056,-0.23256313743562096,0.44697422267372655,seeds are marginal run replicates within fixed task-budget cells,"fixed nine-task, five-budget grid only"
cell,p3,td3,within_run_target_critic,hopper-medium-replay-v2,10.0,0,-0.16315184803017324,-0.07499965736290726,-0.08815219066726598,seeds are marginal run replicates within fixed task-budget cells,"fixed nine-task, five-budget grid only"
cell,p3,td3,within_run_target_critic,hopper-medium-replay-v2,10.0,1,0.22351502937297063,0.0621170862856637,0.16139794308730693,seeds are marginal run replicates within fixed task-budget cells,"fixed nine-task, five-budget grid only"
cell,p3,td3,within_run_target_critic,hopper-medium-replay-v2,14.0,0,-0.6912076545851482,-0.8432494983990884,0.15204184381394015,seeds are marginal run replicates within fixed task-budget cells,"fixed nine-task, five-budget grid only"
cell,p3,td3,within_run_target_critic,hopper-medium-replay-v2,14.0,1,0.2058394389368683,0.15631278748709843,0.049526651449769865,seeds are marginal run replicates within fixed task-budget cells,"fixed nine-task, five-budget grid only"
cell,p3,td3,within_run_target_critic,hopper-medium-replay-v2,20.0,0,0.4270970607389426,0.4996992379154568,-0.07260217717651418,seeds are marginal run replicates within fixed task-budget cells,"fixed nine-task, five-budget grid only"
cell,p3,td3,within_run_target_critic,hopper-medium-replay-v2,20.0,1,0.10681866185638533,-0.05563299236641761,0.16245165422280294,seeds are marginal run replicates within fixed task-budget cells,"fixed nine-task, five-budget grid only"
cell,p3,td3,within_run_target_critic,hopper-expert-v2,4.0,0,-3174281.965984626,-3316707.6660156567,142425.70003103054,seeds are marginal run replicates within fixed task-budget cells,"fixed nine-task, five-budget grid only"
cell,p3,td3,within_run_target_critic,hopper-expert-v2,4.0,1,-4936936.7918009255,-5156082.156896673,219145.3650957479,seeds are marginal run replicates within fixed task-budget cells,"fixed nine-task, five-budget grid only"
cell,p3,td3,within_run_target_critic,hopper-expert-v2,7.0,0,-456065975907.0168,-491678803157.41205,35612827250.395226,seeds are marginal run replicates within fixed task-budget cells,"fixed nine-task, five-budget grid only"
cell,p3,td3,within_run_target_critic,hopper-expert-v2,7.0,1,-564851085638.7181,-617491689982.9642,52640604344.246056,seeds are marginal run replicates within fixed task-budget cells,"fixed nine-task, five-budget grid only"
cell,p3,td3,within_run_target_critic,hopper-expert-v2,10.0,0,-410352267819.8169,-441099464546.15533,30747196726.338432,seeds are marginal run replicates within fixed task-budget cells,"fixed nine-task, five-budget grid only"
cell,p3,td3,within_run_target_critic,hopper-expert-v2,10.0,1,-472345149506.262,-514554395268.35736,42209245762.09531,seeds are marginal run replicates within fixed task-budget cells,"fixed nine-task, five-budget grid only"
cell,p3,td3,within_run_target_critic,hopper-expert-v2,14.0,0,-305657955550.7827,-331785932626.84094,26127977076.058258,seeds are marginal run replicates within fixed task-budget cells,"fixed nine-task, five-budget grid only"
cell,p3,td3,within_run_target_critic,hopper-expert-v2,14.0,1,-573423130819.6547,-625035210741.0829,51612079921.42821,seeds are marginal run replicates within fixed task-budget cells,"fixed nine-task, five-budget grid only"
cell,p3,td3,within_run_target_critic,hopper-expert-v2,20.0,0,-355431437516.14526,-387011432467.3917,31579994951.24646,seeds are marginal run replicates within fixed task-budget cells,"fixed nine-task, five-budget grid only"
cell,p3,td3,within_run_target_critic,hopper-expert-v2,20.0,1,217570310861.80054,239302658995.9787,-21732348134.17816,seeds are marginal run replicates within fixed task-budget cells,"fixed nine-task, five-budget grid only"
cell,p3,td3,within_run_target_critic,walker2d-medium-v2,4.0,0,-38.00373660241755,-40.27785540488333,2.27411880246578,seeds are marginal run replicates within fixed task-budget cells,"fixed nine-task, five-budget grid only"
cell,p3,td3,within_run_target_critic,walker2d-medium-v2,4.0,1,0.17073543762249277,0.08108690982623634,0.08964852779625643,seeds are marginal run replicates within fixed task-budget cells,"fixed nine-task, five-budget grid only"
cell,p3,td3,within_run_target_critic,walker2d-medium-v2,7.0,0,-65342145809.56604,-74732781627.26181,9390635817.69577,seeds are marginal run replicates within fixed task-budget cells,"fixed nine-task, five-budget grid only"
cell,p3,td3,within_run_target_critic,walker2d-medium-v2,7.0,1,-1929.463364186324,-2028.9162303383057,99.45286615198158,seeds are marginal run replicates within fixed task-budget cells,"fixed nine-task, five-budget grid only"
cell,p3,td3,within_run_target_critic,walker2d-medium-v2,10.0,0,-121383030529.10406,-135972113994.57613,14589083465.47207,seeds are marginal run replicates within fixed task-budget cells,"fixed nine-task, five-budget grid only"
cell,p3,td3,within_run_target_critic,walker2d-medium-v2,10.0,1,-151471082713.2834,-170108152035.5712,18637069322.287807,seeds are marginal run replicates within fixed task-budget cells,"fixed nine-task, five-budget grid only"
cell,p3,td3,within_run_target_critic,walker2d-medium-v2,14.0,0,-278594581602.40234,-312885037373.95215,34290455771.549744,seeds are marginal run replicates within fixed task-budget cells,"fixed nine-task, five-budget grid only"
cell,p3,td3,within_run_target_critic,walker2d-medium-v2,14.0,1,120114470324.37491,134295772093.86093,-14181301769.486023,seeds are marginal run replicates within fixed task-budget cells,"fixed nine-task, five-budget grid only"
cell,p3,td3,within_run_target_critic,walker2d-medium-v2,20.0,0,235572429266.83008,263751508332.00726,-28179079065.177185,seeds are marginal run replicates within fixed task-budget cells,"fixed nine-task, five-budget grid only"
cell,p3,td3,within_run_target_critic,walker2d-medium-v2,20.0,1,96216249747.37317,107905366289.0434,-11689116541.670227,seeds are marginal run replicates within fixed task-budget cells,"fixed nine-task, five-budget grid only"
cell,p3,td3,within_run_target_critic,walker2d-medium-replay-v2,4.0,0,-0.664852072753428,-0.7492701715650707,0.08441809881164275,seeds are marginal run replicates within fixed task-budget cells,"fixed nine-task, five-budget grid only"
cell,p3,td3,within_run_target_critic,walker2d-medium-replay-v2,4.0,1,-0.5098594098163689,-0.6003009755353785,0.09044156571900963,seeds are marginal run replicates within fixed task-budget cells,"fixed nine-task, five-budget grid only"
cell,p3,td3,within_run_target_critic,walker2d-medium-replay-v2,7.0,0,-6.13713782788349,-6.733908274669468,0.5967704467859782,seeds are marginal run replicates within fixed task-budget cells,"fixed nine-task, five-budget grid only"
cell,p3,td3,within_run_target_critic,walker2d-medium-replay-v2,7.0,1,0.3677828897819788,0.30492770401165714,0.06285518577032168,seeds are marginal run replicates within fixed task-budget cells,"fixed nine-task, five-budget grid only"
cell,p3,td3,within_run_target_critic,walker2d-medium-replay-v2,10.0,0,0.0011070411135678526,-0.0021258849517362677,0.0032329260653041203,seeds are marginal run replicates within fixed task-budget cells,"fixed nine-task, five-budget grid only"
cell,p3,td3,within_run_target_critic,walker2d-medium-replay-v2,10.0,1,-0.038929838761341706,-0.0735289278377298,0.03459908907638809,seeds are marginal run replicates within fixed task-budget cells,"fixed nine-task, five-budget grid only"
cell,p3,td3,within_run_target_critic,walker2d-medium-replay-v2,14.0,0,-63.39387293468,-66.32243562400531,2.9285626893253083,seeds are marginal run replicates within fixed task-budget cells,"fixed nine-task, five-budget grid only"
cell,p3,td3,within_run_target_critic,walker2d-medium-replay-v2,14.0,1,-21.391961506574077,-22.58789872260811,1.1959372160340331,seeds are marginal run replicates within fixed task-budget cells,"fixed nine-task, five-budget grid only"
cell,p3,td3,within_run_target_critic,walker2d-medium-replay-v2,20.0,0,-1.149148055274729,-1.2436606256285083,0.09451257035377925,seeds are marginal run replicates within fixed task-budget cells,"fixed nine-task, five-budget grid only"
cell,p3,td3,within_run_target_critic,walker2d-medium-replay-v2,20.0,1,-195.66816226898626,-208.79879063310636,13.130628364120106,seeds are marginal run replicates within fixed task-budget cells,"fixed nine-task, five-budget grid only"
cell,p3,td3,within_run_target_critic,walker2d-expert-v2,4.0,0,-764339851828.2874,-838619417543.4331,74279565715.14583,seeds are marginal run replicates within fixed task-budget cells,"fixed nine-task, five-budget grid only"
cell,p3,td3,within_run_target_critic,walker2d-expert-v2,4.0,1,-583524076612.8864,-640009371318.3223,56485294705.43591,seeds are marginal run replicates within fixed task-budget cells,"fixed nine-task, five-budget grid only"
cell,p3,td3,within_run_target_critic,walker2d-expert-v2,7.0,0,-823174882117.2904,-902056544186.8313,78881662069.54088,seeds are marginal run replicates within fixed task-budget cells,"fixed nine-task, five-budget grid only"
cell,p3,td3,within_run_target_critic,walker2d-expert-v2,7.0,1,-615931809768.1648,-679688334045.8534,63756524277.68858,seeds are marginal run replicates within fixed task-budget cells,"fixed nine-task, five-budget grid only"
cell,p3,td3,within_run_target_critic,walker2d-expert-v2,10.0,0,-577095922965.0581,-633501750237.9982,56405827272.940125,seeds are marginal run replicates within fixed task-budget cells,"fixed nine-task, five-budget grid only"
cell,p3,td3,within_run_target_critic,walker2d-expert-v2,10.0,1,-95916976889.07751,-107051498753.74634,11134521864.668823,seeds are marginal run replicates within fixed task-budget cells,"fixed nine-task, five-budget grid only"
cell,p3,td3,within_run_target_critic,walker2d-expert-v2,14.0,0,-124981841181.41895,-136016714311.66174,11034873130.242798,seeds are marginal run replicates within fixed task-budget cells,"fixed nine-task, five-budget grid only"
cell,p3,td3,within_run_target_critic,walker2d-expert-v2,14.0,1,-41434677971.49121,-45922681005.3656,4488003033.87439,seeds are marginal run replicates within fixed task-budget cells,"fixed nine-task, five-budget grid only"
cell,p3,td3,within_run_target_critic,walker2d-expert-v2,20.0,0,41780557461.162964,47080224362.05493,-5299666900.891968,seeds are marginal run replicates within fixed task-budget cells,"fixed nine-task, five-budget grid only"
cell,p3,td3,within_run_target_critic,walker2d-expert-v2,20.0,1,52857843312.58203,57665014417.9314,-4807171105.349365,seeds are marginal run replicates within fixed task-budget cells,"fixed nine-task, five-budget grid only"
task_budget_seed_mean,p3,td3,within_run_target_critic,halfcheetah-medium-v2,4.0,,-0.42950357234973247,-0.3562136200300816,-0.07328995231965085,seeds are marginal run replicates within fixed task-budget cells,"fixed nine-task, five-budget grid only"
task_budget_seed_mean,p3,td3,within_run_target_critic,halfcheetah-medium-v2,7.0,,-0.42233240350057,-0.5031966501810377,0.08086424668046766,seeds are marginal run replicates within fixed task-budget cells,"fixed nine-task, five-budget grid only"
task_budget_seed_mean,p3,td3,within_run_target_critic,halfcheetah-medium-v2,10.0,,-0.651926234052238,-0.7978624475964844,0.14593621354424635,seeds are marginal run replicates within fixed task-budget cells,"fixed nine-task, five-budget grid only"
task_budget_seed_mean,p3,td3,within_run_target_critic,halfcheetah-medium-v2,14.0,,-0.4974849230661844,-0.6838267673174561,0.18634184425127165,seeds are marginal run replicates within fixed task-budget cells,"fixed nine-task, five-budget grid only"
task_budget_seed_mean,p3,td3,within_run_target_critic,halfcheetah-medium-v2,20.0,,-0.5438125425424236,-0.5620282203381322,0.01821567779570854,seeds are marginal run replicates within fixed task-budget cells,"fixed nine-task, five-budget grid only"
task_budget_seed_mean,p3,td3,within_run_target_critic,halfcheetah-medium-replay-v2,4.0,,-0.2988042299923701,-0.1402655256764591,-0.158538704315911,seeds are marginal run replicates within fixed task-budget cells,"fixed nine-task, five-budget grid only"
task_budget_seed_mean,p3,td3,within_run_target_critic,halfcheetah-medium-replay-v2,7.0,,-0.05439000426019014,0.04041674117019367,-0.09480674543038381,seeds are marginal run replicates within fixed task-budget cells,"fixed nine-task, five-budget grid only"
task_budget_seed_mean,p3,td3,within_run_target_critic,halfcheetah-medium-replay-v2,10.0,,-0.7462995676714073,-0.8123240390017781,0.06602447133037082,seeds are marginal run replicates within fixed task-budget cells,"fixed nine-task, five-budget grid only"
task_budget_seed_mean,p3,td3,within_run_target_critic,halfcheetah-medium-replay-v2,14.0,,-0.353029682398426,-0.32958149448762075,-0.023448187910805274,seeds are marginal run replicates within fixed task-budget cells,"fixed nine-task, five-budget grid only"
task_budget_seed_mean,p3,td3,within_run_target_critic,halfcheetah-medium-replay-v2,20.0,,-0.11621962921199191,-0.21521401132442053,0.09899438211242861,seeds are marginal run replicates within fixed task-budget cells,"fixed nine-task, five-budget grid only"
task_budget_seed_mean,p3,td3,within_run_target_critic,halfcheetah-expert-v2,4.0,,-0.5660211914065969,-0.762343735273092,0.19632254386649506,seeds are marginal run replicates within fixed task-budget cells,"fixed nine-task, five-budget grid only"
task_budget_seed_mean,p3,td3,within_run_target_critic,halfcheetah-expert-v2,7.0,,-5.98012164363334,-6.860491975959109,0.880370332325769,seeds are marginal run replicates within fixed task-budget cells,"fixed nine-task, five-budget grid only"
task_budget_seed_mean,p3,td3,within_run_target_critic,halfcheetah-expert-v2,10.0,,-7.786104438637202,-8.698895640425883,0.912791201788681,seeds are marginal run replicates within fixed task-budget cells,"fixed nine-task, five-budget grid only"
task_budget_seed_mean,p3,td3,within_run_target_critic,halfcheetah-expert-v2,14.0,,-11.238295324384627,-12.181936138317713,0.9436408139330859,seeds are marginal run replicates within fixed task-budget cells,"fixed nine-task, five-budget grid only"
task_budget_seed_mean,p3,td3,within_run_target_critic,halfcheetah-expert-v2,20.0,,-22.144868153614816,-24.110880172808898,1.9660120191940833,seeds are marginal run replicates within fixed task-budget cells,"fixed nine-task, five-budget grid only"
task_budget_seed_mean,p3,td3,within_run_target_critic,hopper-medium-v2,4.0,,-0.3391143534636597,-0.38484306381195943,0.04572871034829973,seeds are marginal run replicates within fixed task-budget cells,"fixed nine-task, five-budget grid only"
task_budget_seed_mean,p3,td3,within_run_target_critic,hopper-medium-v2,7.0,,-66837053433.05477,-72514591032.75124,5677537599.696466,seeds are marginal run replicates within fixed task-budget cells,"fixed nine-task, five-budget grid only"
task_budget_seed_mean,p3,td3,within_run_target_critic,hopper-medium-v2,10.0,,-226883747985.91687,-247047079084.4201,20163331098.50321,seeds are marginal run replicates within fixed task-budget cells,"fixed nine-task, five-budget grid only"
task_budget_seed_mean,p3,td3,within_run_target_critic,hopper-medium-v2,14.0,,-263434287286.25824,-287101193093.5021,23666905807.2438,seeds are marginal run replicates within fixed task-budget cells,"fixed nine-task, five-budget grid only"
task_budget_seed_mean,p3,td3,within_run_target_critic,hopper-medium-v2,20.0,,-259804972799.26965,-283785442004.7257,23980469205.456055,seeds are marginal run replicates within fixed task-budget cells,"fixed nine-task, five-budget grid only"
task_budget_seed_mean,p3,td3,within_run_target_critic,hopper-medium-replay-v2,4.0,,-0.15132043421788088,-0.45227470130837855,0.30095426709049766,seeds are marginal run replicates within fixed task-budget cells,"fixed nine-task, five-budget grid only"
task_budget_seed_mean,p3,td3,within_run_target_critic,hopper-medium-replay-v2,7.0,,-0.2473064023541367,-0.5819143903794863,0.33460798802534963,seeds are marginal run replicates within fixed task-budget cells,"fixed nine-task, five-budget grid only"
task_budget_seed_mean,p3,td3,within_run_target_critic,hopper-medium-replay-v2,10.0,,0.030181590671398695,-0.006441285538621777,0.03662287621002047,seeds are marginal run replicates within fixed task-budget cells,"fixed nine-task, five-budget grid only"
task_budget_seed_mean,p3,td3,within_run_target_critic,hopper-medium-replay-v2,14.0,,-0.24268410782413996,-0.34346835545599497,0.100784247631855,seeds are marginal run replicates within fixed task-budget cells,"fixed nine-task, five-budget grid only"
task_budget_seed_mean,p3,td3,within_run_target_critic,hopper-medium-replay-v2,20.0,,0.26695786129766397,0.2220331227745196,0.04492473852314438,seeds are marginal run replicates within fixed task-budget cells,"fixed nine-task, five-budget grid only"
task_budget_seed_mean,p3,td3,within_run_target_critic,hopper-expert-v2,4.0,,-4055609.3788927756,-4236394.911456165,180785.53256338922,seeds are marginal run replicates within fixed task-budget cells,"fixed nine-task, five-budget grid only"
task_budget_seed_mean,p3,td3,within_run_target_critic,hopper-expert-v2,7.0,,-510458530772.86743,-554585246570.1881,44126715797.32064,seeds are marginal run replicates within fixed task-budget cells,"fixed nine-task, five-budget grid only"
task_budget_seed_mean,p3,td3,within_run_target_critic,hopper-expert-v2,10.0,,-441348708663.0394,-477826929907.25635,36478221244.21687,seeds are marginal run replicates within fixed task-budget cells,"fixed nine-task, five-budget grid only"
task_budget_seed_mean,p3,td3,within_run_target_critic,hopper-expert-v2,14.0,,-439540543185.2187,-478410571683.9619,38870028498.74323,seeds are marginal run replicates within fixed task-budget cells,"fixed nine-task, five-budget grid only"
task_budget_seed_mean,p3,td3,within_run_target_critic,hopper-expert-v2,20.0,,-68930563327.17236,-73854386735.70651,4923823408.534149,seeds are marginal run replicates within fixed task-budget cells,"fixed nine-task, five-budget grid only"
task_budget_seed_mean,p3,td3,within_run_target_critic,walker2d-medium-v2,4.0,,-18.91650058239753,-20.09838424752855,1.1818836651310183,seeds are marginal run replicates within fixed task-budget cells,"fixed nine-task, five-budget grid only"
task_budget_seed_mean,p3,td3,within_run_target_critic,walker2d-medium-v2,7.0,,-32671073869.5147,-37366391828.08902,4695317958.574318,seeds are marginal run replicates within fixed task-budget cells,"fixed nine-task, five-budget grid only"
task_budget_seed_mean,p3,td3,within_run_target_critic,walker2d-medium-v2,10.0,,-136427056621.19373,-153040133015.07367,16613076393.87994,seeds are marginal run replicates within fixed task-budget cells,"fixed nine-task, five-budget grid only"
task_budget_seed_mean,p3,td3,within_run_target_critic,walker2d-medium-v2,14.0,,-79240055639.01372,-89294632640.04561,10054577001.03186,seeds are marginal run replicates within fixed task-budget cells,"fixed nine-task, five-budget grid only"
task_budget_seed_mean,p3,td3,within_run_target_critic,walker2d-medium-v2,20.0,,165894339507.10162,185828437310.52533,-19934097803.423706,seeds are marginal run replicates within fixed task-budget cells,"fixed nine-task, five-budget grid only"
task_budget_seed_mean,p3,td3,within_run_target_critic,walker2d-medium-replay-v2,4.0,,-0.5873557412848984,-0.6747855735502246,0.08742983226532619,seeds are marginal run replicates within fixed task-budget cells,"fixed nine-task, five-budget grid only"
task_budget_seed_mean,p3,td3,within_run_target_critic,walker2d-medium-replay-v2,7.0,,-2.8846774690507555,-3.2144902853289055,0.32981281627814996,seeds are marginal run replicates within fixed task-budget cells,"fixed nine-task, five-budget grid only"
task_budget_seed_mean,p3,td3,within_run_target_critic,walker2d-medium-replay-v2,10.0,,-0.018911398823886927,-0.03782740639473303,0.018916007570846105,seeds are marginal run replicates within fixed task-budget cells,"fixed nine-task, five-budget grid only"
task_budget_seed_mean,p3,td3,within_run_target_critic,walker2d-medium-replay-v2,14.0,,-42.39291722062704,-44.455167173306705,2.0622499526796707,seeds are marginal run replicates within fixed task-budget cells,"fixed nine-task, five-budget grid only"
task_budget_seed_mean,p3,td3,within_run_target_critic,walker2d-medium-replay-v2,20.0,,-98.4086551621305,-105.02122562936744,6.612570467236942,seeds are marginal run replicates within fixed task-budget cells,"fixed nine-task, five-budget grid only"
task_budget_seed_mean,p3,td3,within_run_target_critic,walker2d-expert-v2,4.0,,-673931964220.5869,-739314394430.8777,65382430210.29087,seeds are marginal run replicates within fixed task-budget cells,"fixed nine-task, five-budget grid only"
task_budget_seed_mean,p3,td3,within_run_target_critic,walker2d-expert-v2,7.0,,-719553345942.7275,-790872439116.3423,71319093173.61473,seeds are marginal run replicates within fixed task-budget cells,"fixed nine-task, five-budget grid only"
task_budget_seed_mean,p3,td3,within_run_target_critic,walker2d-expert-v2,10.0,,-336506449927.0678,-370276624495.87225,33770174568.804474,seeds are marginal run replicates within fixed task-budget cells,"fixed nine-task, five-budget grid only"
task_budget_seed_mean,p3,td3,within_run_target_critic,walker2d-expert-v2,14.0,,-83208259576.45508,-90969697658.51367,7761438082.058594,seeds are marginal run replicates within fixed task-budget cells,"fixed nine-task, five-budget grid only"
task_budget_seed_mean,p3,td3,within_run_target_critic,walker2d-expert-v2,20.0,,47319200386.8725,52372619389.993164,-5053419003.1206665,seeds are marginal run replicates within fixed task-budget cells,"fixed nine-task, five-budget grid only"
task_marginal_mean,p3,td3,within_run_target_critic,halfcheetah-medium-v2,,,-0.5090119351022298,-0.5806255410926384,0.07161360599040867,seeds are marginal run replicates within fixed task-budget cells,"fixed nine-task, five-budget grid only"
task_marginal_mean,p3,td3,within_run_target_critic,halfcheetah-medium-replay-v2,,,-0.3137486227068771,-0.29139366586401694,-0.02235495684286013,seeds are marginal run replicates within fixed task-budget cells,"fixed nine-task, five-budget grid only"
task_marginal_mean,p3,td3,within_run_target_critic,halfcheetah-expert-v2,,,-9.543082150335316,-10.522909532556938,0.9798273822216228,seeds are marginal run replicates within fixed task-budget cells,"fixed nine-task, five-budget grid only"
task_marginal_mean,p3,td3,within_run_target_critic,hopper-medium-v2,,,-163392012300.9677,-178089661043.1568,14697648742.18905,seeds are marginal run replicates within fixed task-budget cells,"fixed nine-task, five-budget grid only"
task_marginal_mean,p3,td3,within_run_target_critic,hopper-medium-replay-v2,,,-0.06883429848541897,-0.23241312198159242,0.16357882349617342,seeds are marginal run replicates within fixed task-budget cells,"fixed nine-task, five-budget grid only"
task_marginal_mean,p3,td3,within_run_target_critic,hopper-expert-v2,,,-292056480311.53534,-316936274258.4049,24879793946.869495,seeds are marginal run replicates within fixed task-budget cells,"fixed nine-task, five-budget grid only"
task_marginal_mean,p3,td3,within_run_target_critic,walker2d-medium-v2,,,-16488769328.30741,-18774544038.556263,2285774710.2488594,seeds are marginal run replicates within fixed task-budget cells,"fixed nine-task, five-budget grid only"
task_marginal_mean,p3,td3,within_run_target_critic,walker2d-medium-replay-v2,,,-28.858503398383412,-30.680699213589598,1.8221958152061872,seeds are marginal run replicates within fixed task-budget cells,"fixed nine-task, five-budget grid only"
task_marginal_mean,p3,td3,within_run_target_critic,walker2d-expert-v2,,,-353176163855.993,-387812107262.3226,34635943406.329605,seeds are marginal run replicates within fixed task-budget cells,"fixed nine-task, five-budget grid only"
task_equal_overall,p3,td3,within_run_target_critic,,,,-91679269537.34407,-100179176293.86095,8499906756.516874,seeds are marginal run replicates within fixed task-budget cells,"fixed nine-task, five-budget grid only"
cell,p3,td3,common_td3_target_critic,halfcheetah-medium-v2,4.0,0,-0.7333540064187982,-0.7329429327511621,-0.0004110736676361526,seeds are marginal run replicates within fixed task-budget cells,"fixed nine-task, five-budget grid only"
cell,p3,td3,common_td3_target_critic,halfcheetah-medium-v2,4.0,1,-0.831589695299896,-0.9092135173419273,0.07762382204203133,seeds are marginal run replicates within fixed task-budget cells,"fixed nine-task, five-budget grid only"
cell,p3,td3,common_td3_target_critic,halfcheetah-medium-v2,7.0,0,-1.0383283735919773,-1.1630065932140967,0.12467821962211945,seeds are marginal run replicates within fixed task-budget cells,"fixed nine-task, five-budget grid only"
cell,p3,td3,common_td3_target_critic,halfcheetah-medium-v2,7.0,1,-0.8141210416200422,-0.9331658921909911,0.11904485057094893,seeds are marginal run replicates within fixed task-budget cells,"fixed nine-task, five-budget grid only"
cell,p3,td3,common_td3_target_critic,halfcheetah-medium-v2,10.0,0,-1.0301581572029002,-1.1746373337100118,0.14447917650711162,seeds are marginal run replicates within fixed task-budget cells,"fixed nine-task, five-budget grid only"
cell,p3,td3,common_td3_target_critic,halfcheetah-medium-v2,10.0,1,-1.0794041085057504,-1.2072016847328637,0.1277975762271133,seeds are marginal run replicates within fixed task-budget cells,"fixed nine-task, five-budget grid only"
cell,p3,td3,common_td3_target_critic,halfcheetah-medium-v2,14.0,0,-1.0412249563773068,-1.2324793135672558,0.191254357189949,seeds are marginal run replicates within fixed task-budget cells,"fixed nine-task, five-budget grid only"
cell,p3,td3,common_td3_target_critic,halfcheetah-medium-v2,14.0,1,-0.9344300319890477,-1.072475804157401,0.13804577216835323,seeds are marginal run replicates within fixed task-budget cells,"fixed nine-task, five-budget grid only"
cell,p3,td3,common_td3_target_critic,halfcheetah-medium-v2,20.0,0,-0.99113134103811,-1.0594777198220418,0.0683463787839318,seeds are marginal run replicates within fixed task-budget cells,"fixed nine-task, five-budget grid only"
cell,p3,td3,common_td3_target_critic,halfcheetah-medium-v2,20.0,1,-0.9368707517758805,-0.9999416437751245,0.06307089199924398,seeds are marginal run replicates within fixed task-budget cells,"fixed nine-task, five-budget grid only"
cell,p3,td3,common_td3_target_critic,halfcheetah-medium-replay-v2,4.0,0,-1.4251850252930698,-1.5993107993554911,0.17412577406242136,seeds are marginal run replicates within fixed task-budget cells,"fixed nine-task, five-budget grid only"
cell,p3,td3,common_td3_target_critic,halfcheetah-medium-replay-v2,4.0,1,-1.471895075788821,-1.3733503596402912,-0.09854471614852978,seeds are marginal run replicates within fixed task-budget cells,"fixed nine-task, five-budget grid only"
cell,p3,td3,common_td3_target_critic,halfcheetah-medium-replay-v2,7.0,0,-1.2461548802016065,-1.356610746427322,0.11045586622571557,seeds are marginal run replicates within fixed task-budget cells,"fixed nine-task, five-budget grid only"
cell,p3,td3,common_td3_target_critic,halfcheetah-medium-replay-v2,7.0,1,-1.0055724697962285,-1.1493562331523517,0.1437837633561232,seeds are marginal run replicates within fixed task-budget cells,"fixed nine-task, five-budget grid only"
cell,p3,td3,common_td3_target_critic,halfcheetah-medium-replay-v2,10.0,0,-1.293892494314382,-1.3535481977776476,0.05965570346326565,seeds are marginal run replicates within fixed task-budget cells,"fixed nine-task, five-budget grid only"
cell,p3,td3,common_td3_target_critic,halfcheetah-medium-replay-v2,10.0,1,-1.9803142691141158,-2.209311145808936,0.22899687669482027,seeds are marginal run replicates within fixed task-budget cells,"fixed nine-task, five-budget grid only"
cell,p3,td3,common_td3_target_critic,halfcheetah-medium-replay-v2,14.0,0,-1.3523673774981884,-1.422793288917969,0.07042591141978072,seeds are marginal run replicates within fixed task-budget cells,"fixed nine-task, five-budget grid only"
cell,p3,td3,common_td3_target_critic,halfcheetah-medium-replay-v2,14.0,1,-1.4559995792952032,-1.5616229076598134,0.10562332836461019,seeds are marginal run replicates within fixed task-budget cells,"fixed nine-task, five-budget grid only"
cell,p3,td3,common_td3_target_critic,halfcheetah-medium-replay-v2,20.0,0,-1.376680813393849,-1.5147187598521015,0.1380379464582524,seeds are marginal run replicates within fixed task-budget cells,"fixed nine-task, five-budget grid only"
cell,p3,td3,common_td3_target_critic,halfcheetah-medium-replay-v2,20.0,1,-1.3091439683181396,-1.507995520349036,0.19885155203089644,seeds are marginal run replicates within fixed task-budget cells,"fixed nine-task, five-budget grid only"
cell,p3,td3,common_td3_target_critic,halfcheetah-expert-v2,4.0,0,-0.7416773559393006,-0.8834868577324717,0.1418095017931711,seeds are marginal run replicates within fixed task-budget cells,"fixed nine-task, five-budget grid only"
cell,p3,td3,common_td3_target_critic,halfcheetah-expert-v2,4.0,1,-0.6248135656973934,-0.8062977801655746,0.1814842144681812,seeds are marginal run replicates within fixed task-budget cells,"fixed nine-task, five-budget grid only"
cell,p3,td3,common_td3_target_critic,halfcheetah-expert-v2,7.0,0,-8.108002059908468,-9.229353584837973,1.121351524929505,seeds are marginal run replicates within fixed task-budget cells,"fixed nine-task, five-budget grid only"
cell,p3,td3,common_td3_target_critic,halfcheetah-expert-v2,7.0,1,-1.275489227074424,-1.5143904450035257,0.23890121792910168,seeds are marginal run replicates within fixed task-budget cells,"fixed nine-task, five-budget grid only"
cell,p3,td3,common_td3_target_critic,halfcheetah-expert-v2,10.0,0,-12.05448550329854,-13.572586708780172,1.5181012054816314,seeds are marginal run replicates within fixed task-budget cells,"fixed nine-task, five-budget grid only"
cell,p3,td3,common_td3_target_critic,halfcheetah-expert-v2,10.0,1,-1.4975067623936167,-1.7291536136041605,0.23164685121054385,seeds are marginal run replicates within fixed task-budget cells,"fixed nine-task, five-budget grid only"
cell,p3,td3,common_td3_target_critic,halfcheetah-expert-v2,14.0,0,-5.104717217298255,-5.549675677223531,0.4449584599252763,seeds are marginal run replicates within fixed task-budget cells,"fixed nine-task, five-budget grid only"
cell,p3,td3,common_td3_target_critic,halfcheetah-expert-v2,14.0,1,-8.992752918700583,-9.27277767936167,0.28002476066108706,seeds are marginal run replicates within fixed task-budget cells,"fixed nine-task, five-budget grid only"
cell,p3,td3,common_td3_target_critic,halfcheetah-expert-v2,20.0,0,-10.739421243231682,-12.047723868232588,1.3083026250009056,seeds are marginal run replicates within fixed task-budget cells,"fixed nine-task, five-budget grid only"
cell,p3,td3,common_td3_target_critic,halfcheetah-expert-v2,20.0,1,-30.749269870185998,-33.822592811724434,3.073322941538441,seeds are marginal run replicates within fixed task-budget cells,"fixed nine-task, five-budget grid only"
cell,p3,td3,common_td3_target_critic,hopper-medium-v2,4.0,0,-0.5715443471706129,-0.5953878508330239,0.02384350366241106,seeds are marginal run replicates within fixed task-budget cells,"fixed nine-task, five-budget grid only"
cell,p3,td3,common_td3_target_critic,hopper-medium-v2,4.0,1,-0.41111406571957365,-0.4635931295093252,0.052479063789751534,seeds are marginal run replicates within fixed task-budget cells,"fixed nine-task, five-budget grid only"
cell,p3,td3,common_td3_target_critic,hopper-medium-v2,7.0,0,-103687530855.48865,-114332491068.25117,10644960212.762524,seeds are marginal run replicates within fixed task-budget cells,"fixed nine-task, five-budget grid only"
cell,p3,td3,common_td3_target_critic,hopper-medium-v2,7.0,1,-0.8171800655120518,-0.8648850215311217,0.04770495601906988,seeds are marginal run replicates within fixed task-budget cells,"fixed nine-task, five-budget grid only"
cell,p3,td3,common_td3_target_critic,hopper-medium-v2,10.0,0,-292808544379.3335,-324164930962.59454,31356386583.261047,seeds are marginal run replicates within fixed task-budget cells,"fixed nine-task, five-budget grid only"
cell,p3,td3,common_td3_target_critic,hopper-medium-v2,10.0,1,-62888264402.34712,-69616992256.26846,6728727853.921337,seeds are marginal run replicates within fixed task-budget cells,"fixed nine-task, five-budget grid only"
cell,p3,td3,common_td3_target_critic,hopper-medium-v2,14.0,0,-228430937041.45514,-253523698845.16864,25092761803.713524,seeds are marginal run replicates within fixed task-budget cells,"fixed nine-task, five-budget grid only"
cell,p3,td3,common_td3_target_critic,hopper-medium-v2,14.0,1,-179993954759.10504,-199604147221.08173,19610192461.976685,seeds are marginal run replicates within fixed task-budget cells,"fixed nine-task, five-budget grid only"
cell,p3,td3,common_td3_target_critic,hopper-medium-v2,20.0,0,-15468242497.846985,-17844947641.161255,2376705143.31427,seeds are marginal run replicates within fixed task-budget cells,"fixed nine-task, five-budget grid only"
cell,p3,td3,common_td3_target_critic,hopper-medium-v2,20.0,1,-259001458225.6564,-287368106457.7827,28366648232.126297,seeds are marginal run replicates within fixed task-budget cells,"fixed nine-task, five-budget grid only"
cell,p3,td3,common_td3_target_critic,hopper-medium-replay-v2,4.0,0,-0.9653809583285158,-1.006318449927126,0.040937491598610265,seeds are marginal run replicates within fixed task-budget cells,"fixed nine-task, five-budget grid only"
cell,p3,td3,common_td3_target_critic,hopper-medium-replay-v2,4.0,1,-1.0551566001493482,-1.055879303198488,0.0007227030491399056,seeds are marginal run replicates within fixed task-budget cells,"fixed nine-task, five-budget grid only"
cell,p3,td3,common_td3_target_critic,hopper-medium-replay-v2,7.0,0,-1.0812981814430676,-1.166450841305224,0.08515265986215637,seeds are marginal run replicates within fixed task-budget cells,"fixed nine-task, five-budget grid only"
cell,p3,td3,common_td3_target_critic,hopper-medium-replay-v2,7.0,1,-0.9093644338675708,-0.9043443428308287,-0.005020091036742169,seeds are marginal run replicates within fixed task-budget cells,"fixed nine-task, five-budget grid only"
cell,p3,td3,common_td3_target_critic,hopper-medium-replay-v2,10.0,0,-0.7159098863660001,-0.7373001144562856,0.021390228090285568,seeds are marginal run replicates within fixed task-budget cells,"fixed nine-task, five-budget grid only"
cell,p3,td3,common_td3_target_critic,hopper-medium-replay-v2,10.0,1,-0.9680145326692844,-1.0009043136260694,0.032889780956784964,seeds are marginal run replicates within fixed task-budget cells,"fixed nine-task, five-budget grid only"
cell,p3,td3,common_td3_target_critic,hopper-medium-replay-v2,14.0,0,-1.129010244922589,-1.3068152226975434,0.1778049777749544,seeds are marginal run replicates within fixed task-budget cells,"fixed nine-task, five-budget grid only"
cell,p3,td3,common_td3_target_critic,hopper-medium-replay-v2,14.0,1,-0.6638350650338318,-0.7791362325915858,0.11530116755775399,seeds are marginal run replicates within fixed task-budget cells,"fixed nine-task, five-budget grid only"
cell,p3,td3,common_td3_target_critic,hopper-medium-replay-v2,20.0,0,-0.643084242726145,-0.8146203195696082,0.17153607684346328,seeds are marginal run replicates within fixed task-budget cells,"fixed nine-task, five-budget grid only"
cell,p3,td3,common_td3_target_critic,hopper-medium-replay-v2,20.0,1,-0.7503854743188572,-0.8360741776354268,0.08568870331656964,seeds are marginal run replicates within fixed task-budget cells,"fixed nine-task, five-budget grid only"
cell,p3,td3,common_td3_target_critic,hopper-expert-v2,4.0,0,-2479170.3247888945,-2605567.245556196,126396.92076730181,seeds are marginal run replicates within fixed task-budget cells,"fixed nine-task, five-budget grid only"
cell,p3,td3,common_td3_target_critic,hopper-expert-v2,4.0,1,-3763731.516559314,-3962186.940988562,198455.4244292481,seeds are marginal run replicates within fixed task-budget cells,"fixed nine-task, five-budget grid only"
cell,p3,td3,common_td3_target_critic,hopper-expert-v2,7.0,0,-385616419338.6955,-420593922892.84186,34977503554.14636,seeds are marginal run replicates within fixed task-budget cells,"fixed nine-task, five-budget grid only"
cell,p3,td3,common_td3_target_critic,hopper-expert-v2,7.0,1,-474006725636.4044,-525595292478.2648,51588566841.86032,seeds are marginal run replicates within fixed task-budget cells,"fixed nine-task, five-budget grid only"
cell,p3,td3,common_td3_target_critic,hopper-expert-v2,10.0,0,-313425884362.91644,-340774181009.86255,27348296646.946106,seeds are marginal run replicates within fixed task-budget cells,"fixed nine-task, five-budget grid only"
cell,p3,td3,common_td3_target_critic,hopper-expert-v2,10.0,1,-365061932852.0099,-405718785191.4835,40656852339.47362,seeds are marginal run replicates within fixed task-budget cells,"fixed nine-task, five-budget grid only"
cell,p3,td3,common_td3_target_critic,hopper-expert-v2,14.0,0,-241013185828.8233,-265263099031.7173,24249913202.893982,seeds are marginal run replicates within fixed task-budget cells,"fixed nine-task, five-budget grid only"
cell,p3,td3,common_td3_target_critic,hopper-expert-v2,14.0,1,-10361502498.146973,-11914194614.29358,1552692116.1466064,seeds are marginal run replicates within fixed task-budget cells,"fixed nine-task, five-budget grid only"
cell,p3,td3,common_td3_target_critic,hopper-expert-v2,20.0,0,-4848752361.946533,-5306052230.875977,457299868.92944336,seeds are marginal run replicates within fixed task-budget cells,"fixed nine-task, five-budget grid only"
cell,p3,td3,common_td3_target_critic,hopper-expert-v2,20.0,1,-41702158351.27484,-45896382224.57587,4194223873.3010254,seeds are marginal run replicates within fixed task-budget cells,"fixed nine-task, five-budget grid only"
cell,p3,td3,common_td3_target_critic,walker2d-medium-v2,4.0,0,-26.623919581278265,-28.736496688920262,2.112577107641993,seeds are marginal run replicates within fixed task-budget cells,"fixed nine-task, five-budget grid only"
cell,p3,td3,common_td3_target_critic,walker2d-medium-v2,4.0,1,-0.7276635769383983,-0.8153235224741417,0.08765994553574341,seeds are marginal run replicates within fixed task-budget cells,"fixed nine-task, five-budget grid only"
cell,p3,td3,common_td3_target_critic,walker2d-medium-v2,7.0,0,-21452269468.362335,-25521057933.543427,4068788465.1810913,seeds are marginal run replicates within fixed task-budget cells,"fixed nine-task, five-budget grid only"
cell,p3,td3,common_td3_target_critic,walker2d-medium-v2,7.0,1,-1365.9070480722594,-1457.761449985893,91.85440191363352,seeds are marginal run replicates within fixed task-budget cells,"fixed nine-task, five-budget grid only"
cell,p3,td3,common_td3_target_critic,walker2d-medium-v2,10.0,0,-94583142194.25694,-107934936606.61246,13351794412.355518,seeds are marginal run replicates within fixed task-budget cells,"fixed nine-task, five-budget grid only"
cell,p3,td3,common_td3_target_critic,walker2d-medium-v2,10.0,1,-131821758798.51782,-150013975479.61838,18192216681.10057,seeds are marginal run replicates within fixed task-budget cells,"fixed nine-task, five-budget grid only"
cell,p3,td3,common_td3_target_critic,walker2d-medium-v2,14.0,0,-10905868290.89972,-14246228065.810303,3340359774.9105835,seeds are marginal run replicates within fixed task-budget cells,"fixed nine-task, five-budget grid only"
cell,p3,td3,common_td3_target_critic,walker2d-medium-v2,14.0,1,3717.4739153806295,5425.274897655399,-1707.80098227477,seeds are marginal run replicates within fixed task-budget cells,"fixed nine-task, five-budget grid only"
cell,p3,td3,common_td3_target_critic,walker2d-medium-v2,20.0,0,-81752537.44126964,-93558331.91678596,11805794.47551632,seeds are marginal run replicates within fixed task-budget cells,"fixed nine-task, five-budget grid only"
cell,p3,td3,common_td3_target_critic,walker2d-medium-v2,20.0,1,-7404028620.802246,-8811950274.518616,1407921653.7163696,seeds are marginal run replicates within fixed task-budget cells,"fixed nine-task, five-budget grid only"
cell,p3,td3,common_td3_target_critic,walker2d-medium-replay-v2,4.0,0,-1.4793125669405884,-1.5215833762391355,0.042270809298547096,seeds are marginal run replicates within fixed task-budget cells,"fixed nine-task, five-budget grid only"
cell,p3,td3,common_td3_target_critic,walker2d-medium-replay-v2,4.0,1,-1.5607648073153038,-1.7347057048550223,0.17394089753971853,seeds are marginal run replicates within fixed task-budget cells,"fixed nine-task, five-budget grid only"
cell,p3,td3,common_td3_target_critic,walker2d-medium-replay-v2,7.0,0,-3.9632996276502315,-4.074202134099838,0.11090250644960609,seeds are marginal run replicates within fixed task-budget cells,"fixed nine-task, five-budget grid only"
cell,p3,td3,common_td3_target_critic,walker2d-medium-replay-v2,7.0,1,-1.3543304285287787,-1.3463512359043337,-0.00797919262444502,seeds are marginal run replicates within fixed task-budget cells,"fixed nine-task, five-budget grid only"
cell,p3,td3,common_td3_target_critic,walker2d-medium-replay-v2,10.0,0,-1.5316911186183173,-1.5579296798874083,0.026238561269090965,seeds are marginal run replicates within fixed task-budget cells,"fixed nine-task, five-budget grid only"
cell,p3,td3,common_td3_target_critic,walker2d-medium-replay-v2,10.0,1,-1.3475882713484042,-1.3752029534225167,0.02761468207411255,seeds are marginal run replicates within fixed task-budget cells,"fixed nine-task, five-budget grid only"
cell,p3,td3,common_td3_target_critic,walker2d-medium-replay-v2,14.0,0,-29.29781942717831,-30.726536210030247,1.4287167828519358,seeds are marginal run replicates within fixed task-budget cells,"fixed nine-task, five-budget grid only"
cell,p3,td3,common_td3_target_critic,walker2d-medium-replay-v2,14.0,1,-12.587305077494593,-13.265067291569379,0.6777622140747859,seeds are marginal run replicates within fixed task-budget cells,"fixed nine-task, five-budget grid only"
cell,p3,td3,common_td3_target_critic,walker2d-medium-replay-v2,20.0,0,-2.4535170870291862,-2.6343770964933997,0.18086000946421343,seeds are marginal run replicates within fixed task-budget cells,"fixed nine-task, five-budget grid only"
cell,p3,td3,common_td3_target_critic,walker2d-medium-replay-v2,20.0,1,-103.36151679791121,-111.18065844046014,7.819141642548928,seeds are marginal run replicates within fixed task-budget cells,"fixed nine-task, five-budget grid only"
cell,p3,td3,common_td3_target_critic,walker2d-expert-v2,4.0,0,-675215792778.4067,-747348833799.2314,72133041020.82462,seeds are marginal run replicates within fixed task-budget cells,"fixed nine-task, five-budget grid only"
cell,p3,td3,common_td3_target_critic,walker2d-expert-v2,4.0,1,-508874311841.6011,-563637172962.2324,54762861120.63139,seeds are marginal run replicates within fixed task-budget cells,"fixed nine-task, five-budget grid only"
cell,p3,td3,common_td3_target_critic,walker2d-expert-v2,7.0,0,-675680211109.3379,-746938462047.5476,71258250938.20963,seeds are marginal run replicates within fixed task-budget cells,"fixed nine-task, five-budget grid only"
cell,p3,td3,common_td3_target_critic,walker2d-expert-v2,7.0,1,-528217928013.7513,-589709962080.8978,61492034067.14656,seeds are marginal run replicates within fixed task-budget cells,"fixed nine-task, five-budget grid only"
cell,p3,td3,common_td3_target_critic,walker2d-expert-v2,10.0,0,-53867613306.67285,-59420229205.561646,5552615898.888794,seeds are marginal run replicates within fixed task-budget cells,"fixed nine-task, five-budget grid only"
cell,p3,td3,common_td3_target_critic,walker2d-expert-v2,10.0,1,65059220341.441895,69161910764.60962,-4102690423.1677246,seeds are marginal run replicates within fixed task-budget cells,"fixed nine-task, five-budget grid only"
cell,p3,td3,common_td3_target_critic,walker2d-expert-v2,14.0,0,-56578905112.1626,-60939457532.892456,4360552420.729858,seeds are marginal run replicates within fixed task-budget cells,"fixed nine-task, five-budget grid only"
cell,p3,td3,common_td3_target_critic,walker2d-expert-v2,14.0,1,-5221138599.945068,-6359822171.737305,1138683571.7922363,seeds are marginal run replicates within fixed task-budget cells,"fixed nine-task, five-budget grid only"
cell,p3,td3,common_td3_target_critic,walker2d-expert-v2,20.0,0,19382918392.79138,21966231059.371216,-2583312666.579834,seeds are marginal run replicates within fixed task-budget cells,"fixed nine-task, five-budget grid only"
cell,p3,td3,common_td3_target_critic,walker2d-expert-v2,20.0,1,62209156282.54114,66488743444.33948,-4279587161.79834,seeds are marginal run replicates within fixed task-budget cells,"fixed nine-task, five-budget grid only"
task_budget_seed_mean,p3,td3,common_td3_target_critic,halfcheetah-medium-v2,4.0,,-0.7824718508593471,-0.8210782250465447,0.03860637418719759,seeds are marginal run replicates within fixed task-budget cells,"fixed nine-task, five-budget grid only"
task_budget_seed_mean,p3,td3,common_td3_target_critic,halfcheetah-medium-v2,7.0,,-0.9262247076060097,-1.048086242702544,0.12186153509653419,seeds are marginal run replicates within fixed task-budget cells,"fixed nine-task, five-budget grid only"
task_budget_seed_mean,p3,td3,common_td3_target_critic,halfcheetah-medium-v2,10.0,,-1.0547811328543253,-1.1909195092214377,0.13613837636711246,seeds are marginal run replicates within fixed task-budget cells,"fixed nine-task, five-budget grid only"
task_budget_seed_mean,p3,td3,common_td3_target_critic,halfcheetah-medium-v2,14.0,,-0.9878274941831773,-1.1524775588623284,0.1646500646791511,seeds are marginal run replicates within fixed task-budget cells,"fixed nine-task, five-budget grid only"
task_budget_seed_mean,p3,td3,common_td3_target_critic,halfcheetah-medium-v2,20.0,,-0.9640010464069952,-1.0297096817985831,0.06570863539158789,seeds are marginal run replicates within fixed task-budget cells,"fixed nine-task, five-budget grid only"
task_budget_seed_mean,p3,td3,common_td3_target_critic,halfcheetah-medium-replay-v2,4.0,,-1.4485400505409454,-1.4863305794978912,0.03779052895694579,seeds are marginal run replicates within fixed task-budget cells,"fixed nine-task, five-budget grid only"
task_budget_seed_mean,p3,td3,common_td3_target_critic,halfcheetah-medium-replay-v2,7.0,,-1.1258636749989175,-1.2529834897898369,0.12711981479091938,seeds are marginal run replicates within fixed task-budget cells,"fixed nine-task, five-budget grid only"
task_budget_seed_mean,p3,td3,common_td3_target_critic,halfcheetah-medium-replay-v2,10.0,,-1.6371033817142489,-1.7814296717932918,0.14432629007904296,seeds are marginal run replicates within fixed task-budget cells,"fixed nine-task, five-budget grid only"
task_budget_seed_mean,p3,td3,common_td3_target_critic,halfcheetah-medium-replay-v2,14.0,,-1.4041834783966958,-1.4922080982888912,0.08802461989219545,seeds are marginal run replicates within fixed task-budget cells,"fixed nine-task, five-budget grid only"
task_budget_seed_mean,p3,td3,common_td3_target_critic,halfcheetah-medium-replay-v2,20.0,,-1.3429123908559943,-1.5113571401005688,0.16844474924457442,seeds are marginal run replicates within fixed task-budget cells,"fixed nine-task, five-budget grid only"
task_budget_seed_mean,p3,td3,common_td3_target_critic,halfcheetah-expert-v2,4.0,,-0.683245460818347,-0.8448923189490232,0.16164685813067614,seeds are marginal run replicates within fixed task-budget cells,"fixed nine-task, five-budget grid only"
task_budget_seed_mean,p3,td3,common_td3_target_critic,halfcheetah-expert-v2,7.0,,-4.691745643491446,-5.37187201492075,0.6801263714293033,seeds are marginal run replicates within fixed task-budget cells,"fixed nine-task, five-budget grid only"
task_budget_seed_mean,p3,td3,common_td3_target_critic,halfcheetah-expert-v2,10.0,,-6.775996132846078,-7.650870161192167,0.8748740283460876,seeds are marginal run replicates within fixed task-budget cells,"fixed nine-task, five-budget grid only"
task_budget_seed_mean,p3,td3,common_td3_target_critic,halfcheetah-expert-v2,14.0,,-7.048735067999419,-7.411226678292601,0.36249161029318167,seeds are marginal run replicates within fixed task-budget cells,"fixed nine-task, five-budget grid only"
task_budget_seed_mean,p3,td3,common_td3_target_critic,halfcheetah-expert-v2,20.0,,-20.74434555670884,-22.93515833997851,2.1908127832696733,seeds are marginal run replicates within fixed task-budget cells,"fixed nine-task, five-budget grid only"
task_budget_seed_mean,p3,td3,common_td3_target_critic,hopper-medium-v2,4.0,,-0.49132920644509326,-0.5294904901711746,0.038161283726081296,seeds are marginal run replicates within fixed task-budget cells,"fixed nine-task, five-budget grid only"
task_budget_seed_mean,p3,td3,common_td3_target_critic,hopper-medium-v2,7.0,,-51843765428.152916,-57166245534.55803,5322480106.405114,seeds are marginal run replicates within fixed task-budget cells,"fixed nine-task, five-budget grid only"
task_budget_seed_mean,p3,td3,common_td3_target_critic,hopper-medium-v2,10.0,,-177848404390.8403,-196890961609.43152,19042557218.591194,seeds are marginal run replicates within fixed task-budget cells,"fixed nine-task, five-budget grid only"
task_budget_seed_mean,p3,td3,common_td3_target_critic,hopper-medium-v2,14.0,,-204212445900.2801,-226563923033.12518,22351477132.845104,seeds are marginal run replicates within fixed task-budget cells,"fixed nine-task, five-budget grid only"
task_budget_seed_mean,p3,td3,common_td3_target_critic,hopper-medium-v2,20.0,,-137234850361.7517,-152606527049.472,15371676687.720284,seeds are marginal run replicates within fixed task-budget cells,"fixed nine-task, five-budget grid only"
task_budget_seed_mean,p3,td3,common_td3_target_critic,hopper-medium-replay-v2,4.0,,-1.010268779238932,-1.031098876562807,0.020830097323875085,seeds are marginal run replicates within fixed task-budget cells,"fixed nine-task, five-budget grid only"
task_budget_seed_mean,p3,td3,common_td3_target_critic,hopper-medium-replay-v2,7.0,,-0.9953313076553192,-1.0353975920680263,0.0400662844127071,seeds are marginal run replicates within fixed task-budget cells,"fixed nine-task, five-budget grid only"
task_budget_seed_mean,p3,td3,common_td3_target_critic,hopper-medium-replay-v2,10.0,,-0.8419622095176422,-0.8691022140411775,0.027140004523535266,seeds are marginal run replicates within fixed task-budget cells,"fixed nine-task, five-budget grid only"
task_budget_seed_mean,p3,td3,common_td3_target_critic,hopper-medium-replay-v2,14.0,,-0.8964226549782104,-1.0429757276445646,0.1465530726663542,seeds are marginal run replicates within fixed task-budget cells,"fixed nine-task, five-budget grid only"
task_budget_seed_mean,p3,td3,common_td3_target_critic,hopper-medium-replay-v2,20.0,,-0.696734858522501,-0.8253472486025175,0.12861239008001646,seeds are marginal run replicates within fixed task-budget cells,"fixed nine-task, five-budget grid only"
task_budget_seed_mean,p3,td3,common_td3_target_critic,hopper-expert-v2,4.0,,-3121450.9206741042,-3283877.093272379,162426.17259827495,seeds are marginal run replicates within fixed task-budget cells,"fixed nine-task, five-budget grid only"
task_budget_seed_mean,p3,td3,common_td3_target_critic,hopper-expert-v2,7.0,,-429811572487.5499,-473094607685.55334,43283035198.00334,seeds are marginal run replicates within fixed task-budget cells,"fixed nine-task, five-budget grid only"
task_budget_seed_mean,p3,td3,common_td3_target_critic,hopper-expert-v2,10.0,,-339243908607.46313,-373246483100.67303,34002574493.20986,seeds are marginal run replicates within fixed task-budget cells,"fixed nine-task, five-budget grid only"
task_budget_seed_mean,p3,td3,common_td3_target_critic,hopper-expert-v2,14.0,,-125687344163.48514,-138588646823.00543,12901302659.520294,seeds are marginal run replicates within fixed task-budget cells,"fixed nine-task, five-budget grid only"
task_budget_seed_mean,p3,td3,common_td3_target_critic,hopper-expert-v2,20.0,,-23275455356.610687,-25601217227.72592,2325761871.1152344,seeds are marginal run replicates within fixed task-budget cells,"fixed nine-task, five-budget grid only"
task_budget_seed_mean,p3,td3,common_td3_target_critic,walker2d-medium-v2,4.0,,-13.675791579108331,-14.775910105697202,1.1001185265888682,seeds are marginal run replicates within fixed task-budget cells,"fixed nine-task, five-budget grid only"
task_budget_seed_mean,p3,td3,common_td3_target_critic,walker2d-medium-v2,7.0,,-10726135417.134691,-12760529695.65244,2034394278.5177467,seeds are marginal run replicates within fixed task-budget cells,"fixed nine-task, five-budget grid only"
task_budget_seed_mean,p3,td3,common_td3_target_critic,walker2d-medium-v2,10.0,,-113202450496.38739,-128974456043.11542,15772005546.728045,seeds are marginal run replicates within fixed task-budget cells,"fixed nine-task, five-budget grid only"
task_budget_seed_mean,p3,td3,common_td3_target_critic,walker2d-medium-v2,14.0,,-5452932286.712902,-7123111320.267702,1670179033.5548005,seeds are marginal run replicates within fixed task-budget cells,"fixed nine-task, five-budget grid only"
task_budget_seed_mean,p3,td3,common_td3_target_critic,walker2d-medium-v2,20.0,,-3742890579.121758,-4452754303.217701,709863724.095943,seeds are marginal run replicates within fixed task-budget cells,"fixed nine-task, five-budget grid only"
task_budget_seed_mean,p3,td3,common_td3_target_critic,walker2d-medium-replay-v2,4.0,,-1.520038687127946,-1.628144540547079,0.10810585341913281,seeds are marginal run replicates within fixed task-budget cells,"fixed nine-task, five-budget grid only"
task_budget_seed_mean,p3,td3,common_td3_target_critic,walker2d-medium-replay-v2,7.0,,-2.658815028089505,-2.7102766850020856,0.05146165691258053,seeds are marginal run replicates within fixed task-budget cells,"fixed nine-task, five-budget grid only"
task_budget_seed_mean,p3,td3,common_td3_target_critic,walker2d-medium-replay-v2,10.0,,-1.4396396949833608,-1.4665663166549625,0.026926621671601758,seeds are marginal run replicates within fixed task-budget cells,"fixed nine-task, five-budget grid only"
task_budget_seed_mean,p3,td3,common_td3_target_critic,walker2d-medium-replay-v2,14.0,,-20.94256225233645,-21.995801750799814,1.0532394984633608,seeds are marginal run replicates within fixed task-budget cells,"fixed nine-task, five-budget grid only"
task_budget_seed_mean,p3,td3,common_td3_target_critic,walker2d-medium-replay-v2,20.0,,-52.907516942470195,-56.907517768476765,4.000000826006571,seeds are marginal run replicates within fixed task-budget cells,"fixed nine-task, five-budget grid only"
task_budget_seed_mean,p3,td3,common_td3_target_critic,walker2d-expert-v2,4.0,,-592045052310.0039,-655493003380.7319,63447951070.728004,seeds are marginal run replicates within fixed task-budget cells,"fixed nine-task, five-budget grid only"
task_budget_seed_mean,p3,td3,common_td3_target_critic,walker2d-expert-v2,7.0,,-601949069561.5446,-668324212064.2227,66375142502.67809,seeds are marginal run replicates within fixed task-budget cells,"fixed nine-task, five-budget grid only"
task_budget_seed_mean,p3,td3,common_td3_target_critic,walker2d-expert-v2,10.0,,5595803517.3845215,4870840779.523987,724962737.8605347,seeds are marginal run replicates within fixed task-budget cells,"fixed nine-task, five-budget grid only"
task_budget_seed_mean,p3,td3,common_td3_target_critic,walker2d-expert-v2,14.0,,-30900021856.053833,-33649639852.31488,2749617996.2610474,seeds are marginal run replicates within fixed task-budget cells,"fixed nine-task, five-budget grid only"
task_budget_seed_mean,p3,td3,common_td3_target_critic,walker2d-expert-v2,20.0,,40796037337.66626,44227487251.85535,-3431449914.189087,seeds are marginal run replicates within fixed task-budget cells,"fixed nine-task, five-budget grid only"
task_marginal_mean,p3,td3,common_td3_target_critic,halfcheetah-medium-v2,,,-0.943061246381971,-1.0484542435262874,0.10539299714431664,seeds are marginal run replicates within fixed task-budget cells,"fixed nine-task, five-budget grid only"
task_marginal_mean,p3,td3,common_td3_target_critic,halfcheetah-medium-replay-v2,,,-1.3917205953013603,-1.504861795894096,0.11314120059273561,seeds are marginal run replicates within fixed task-budget cells,"fixed nine-task, five-budget grid only"
task_marginal_mean,p3,td3,common_td3_target_critic,halfcheetah-expert-v2,,,-7.988813572372825,-8.84280390266661,0.8539903302937845,seeds are marginal run replicates within fixed task-budget cells,"fixed nine-task, five-budget grid only"
task_marginal_mean,p3,td3,common_td3_target_critic,hopper-medium-v2,,,-114227893216.30327,-126645531445.42325,12417638229.11997,seeds are marginal run replicates within fixed task-budget cells,"fixed nine-task, five-budget grid only"
task_marginal_mean,p3,td3,common_td3_target_critic,hopper-medium-replay-v2,,,-0.888143961982521,-0.9607843317838185,0.07264036980129762,seeds are marginal run replicates within fixed task-budget cells,"fixed nine-task, five-budget grid only"
task_marginal_mean,p3,td3,common_td3_target_critic,hopper-expert-v2,,,-183604280413.2059,-202106847742.8102,18502567329.604267,seeds are marginal run replicates within fixed task-budget cells,"fixed nine-task, five-budget grid only"
task_marginal_mean,p3,td3,common_td3_target_critic,walker2d-medium-v2,,,-26624881758.60651,-30662170275.405834,4037288516.7993307,seeds are marginal run replicates within fixed task-budget cells,"fixed nine-task, five-budget grid only"
task_marginal_mean,p3,td3,common_td3_target_critic,walker2d-medium-replay-v2,,,-15.893714521001494,-16.941661412296142,1.0479468912946495,seeds are marginal run replicates within fixed task-budget cells,"fixed nine-task, five-budget grid only"
task_marginal_mean,p3,td3,common_td3_target_critic,walker2d-expert-v2,,,-235700460574.5103,-261673705453.17807,25973244878.667717,seeds are marginal run replicates within fixed task-budget cells,"fixed nine-task, five-budget grid only"
task_equal_overall,p3,td3,common_td3_target_critic,,,,-62239723998.85905,-69009806105.124,6770082106.264934,seeds are marginal run replicates within fixed task-budget cells,"fixed nine-task, five-budget grid only"
cell,p4,td3,within_run_target_critic,halfcheetah-medium-v2,4.0,0,-0.416313790517167,-0.5055231597122605,0.08920936919509348,seeds are marginal run replicates within fixed task-budget cells,"fixed nine-task, five-budget grid only"
cell,p4,td3,within_run_target_critic,halfcheetah-medium-v2,4.0,1,-0.37090532542879107,-0.5299839845312095,0.15907865910241847,seeds are marginal run replicates within fixed task-budget cells,"fixed nine-task, five-budget grid only"
cell,p4,td3,within_run_target_critic,halfcheetah-medium-v2,7.0,0,-0.5022761548280261,-0.5972994563863088,0.09502330155828265,seeds are marginal run replicates within fixed task-budget cells,"fixed nine-task, five-budget grid only"
cell,p4,td3,within_run_target_critic,halfcheetah-medium-v2,7.0,1,-0.5178266261298416,-0.46165957698560156,-0.05616704914424009,seeds are marginal run replicates within fixed task-budget cells,"fixed nine-task, five-budget grid only"
cell,p4,td3,within_run_target_critic,halfcheetah-medium-v2,10.0,0,-0.6526159203526505,-0.7629301146351666,0.1103141942825161,seeds are marginal run replicates within fixed task-budget cells,"fixed nine-task, five-budget grid only"
cell,p4,td3,within_run_target_critic,halfcheetah-medium-v2,10.0,1,-0.36413020512981253,-0.5382544620647547,0.17412425693494216,seeds are marginal run replicates within fixed task-budget cells,"fixed nine-task, five-budget grid only"
cell,p4,td3,within_run_target_critic,halfcheetah-medium-v2,14.0,0,-0.617187798323164,-0.8355146222193515,0.21832682389618752,seeds are marginal run replicates within fixed task-budget cells,"fixed nine-task, five-budget grid only"
cell,p4,td3,within_run_target_critic,halfcheetah-medium-v2,14.0,1,-0.49028471519819083,-0.5278503075058842,0.03756559230769341,seeds are marginal run replicates within fixed task-budget cells,"fixed nine-task, five-budget grid only"
cell,p4,td3,within_run_target_critic,halfcheetah-medium-v2,20.0,0,-0.76895201870957,-0.810017688925901,0.04106567021633101,seeds are marginal run replicates within fixed task-budget cells,"fixed nine-task, five-budget grid only"
cell,p4,td3,within_run_target_critic,halfcheetah-medium-v2,20.0,1,-0.7796683907668234,-0.8737404619255189,0.09407207115869554,seeds are marginal run replicates within fixed task-budget cells,"fixed nine-task, five-budget grid only"
cell,p4,td3,within_run_target_critic,halfcheetah-medium-replay-v2,4.0,0,0.026280419357616047,-0.006663309809557205,0.03294372916717325,seeds are marginal run replicates within fixed task-budget cells,"fixed nine-task, five-budget grid only"
cell,p4,td3,within_run_target_critic,halfcheetah-medium-replay-v2,4.0,1,0.2980462092822229,0.40277229609052956,-0.10472608680830664,seeds are marginal run replicates within fixed task-budget cells,"fixed nine-task, five-budget grid only"
cell,p4,td3,within_run_target_critic,halfcheetah-medium-replay-v2,7.0,0,-0.23863440075696385,-0.07459826574094386,-0.16403613501602,seeds are marginal run replicates within fixed task-budget cells,"fixed nine-task, five-budget grid only"
cell,p4,td3,within_run_target_critic,halfcheetah-medium-replay-v2,7.0,1,0.45889458790755544,0.25168528247779687,0.20720930542975857,seeds are marginal run replicates within fixed task-budget cells,"fixed nine-task, five-budget grid only"
cell,p4,td3,within_run_target_critic,halfcheetah-medium-replay-v2,10.0,0,-0.6127654519184373,-0.48066859571077725,-0.1320968562076601,seeds are marginal run replicates within fixed task-budget cells,"fixed nine-task, five-budget grid only"
cell,p4,td3,within_run_target_critic,halfcheetah-medium-replay-v2,10.0,1,-0.7029575262512564,-0.889442168060266,0.1864846418090096,seeds are marginal run replicates within fixed task-budget cells,"fixed nine-task, five-budget grid only"
cell,p4,td3,within_run_target_critic,halfcheetah-medium-replay-v2,14.0,0,-0.0936941314605626,-0.19867735090343874,0.10498321944287614,seeds are marginal run replicates within fixed task-budget cells,"fixed nine-task, five-budget grid only"
cell,p4,td3,within_run_target_critic,halfcheetah-medium-replay-v2,14.0,1,-0.8849888439440106,-0.9211003128538913,0.036111468909880706,seeds are marginal run replicates within fixed task-budget cells,"fixed nine-task, five-budget grid only"
cell,p4,td3,within_run_target_critic,halfcheetah-medium-replay-v2,20.0,0,0.046652232797304016,-0.133178685892001,0.179830918689305,seeds are marginal run replicates within fixed task-budget cells,"fixed nine-task, five-budget grid only"
cell,p4,td3,within_run_target_critic,halfcheetah-medium-replay-v2,20.0,1,0.006387669199807711,-0.11692712209459266,0.12331479129440037,seeds are marginal run replicates within fixed task-budget cells,"fixed nine-task, five-budget grid only"
cell,p4,td3,within_run_target_critic,halfcheetah-expert-v2,4.0,0,-0.525404296703528,-0.7228114980648743,0.19740720136134637,seeds are marginal run replicates within fixed task-budget cells,"fixed nine-task, five-budget grid only"
cell,p4,td3,within_run_target_critic,halfcheetah-expert-v2,4.0,1,-0.6715660349431372,-0.8666763558584702,0.1951103209153331,seeds are marginal run replicates within fixed task-budget cells,"fixed nine-task, five-budget grid only"
cell,p4,td3,within_run_target_critic,halfcheetah-expert-v2,7.0,0,-10.70997003853951,-12.228395733336955,1.5184256947974455,seeds are marginal run replicates within fixed task-budget cells,"fixed nine-task, five-budget grid only"
cell,p4,td3,within_run_target_critic,halfcheetah-expert-v2,7.0,1,-1.5400181644459043,-1.8702445325729409,0.33022636812703654,seeds are marginal run replicates within fixed task-budget cells,"fixed nine-task, five-budget grid only"
cell,p4,td3,within_run_target_critic,halfcheetah-expert-v2,10.0,0,-14.685598092410192,-16.339267945738687,1.6536698533284953,seeds are marginal run replicates within fixed task-budget cells,"fixed nine-task, five-budget grid only"
cell,p4,td3,within_run_target_critic,halfcheetah-expert-v2,10.0,1,-1.9193602159014964,-2.197840393532779,0.27848017763128263,seeds are marginal run replicates within fixed task-budget cells,"fixed nine-task, five-budget grid only"
cell,p4,td3,within_run_target_critic,halfcheetah-expert-v2,14.0,0,-10.157857329687083,-11.395527129685364,1.2376697999982804,seeds are marginal run replicates within fixed task-budget cells,"fixed nine-task, five-budget grid only"
cell,p4,td3,within_run_target_critic,halfcheetah-expert-v2,14.0,1,-14.714619964380448,-15.607631817585423,0.8930118532049756,seeds are marginal run replicates within fixed task-budget cells,"fixed nine-task, five-budget grid only"
cell,p4,td3,within_run_target_critic,halfcheetah-expert-v2,20.0,0,-9.003586389828502,-9.813808501161882,0.8102221113333785,seeds are marginal run replicates within fixed task-budget cells,"fixed nine-task, five-budget grid only"
cell,p4,td3,within_run_target_critic,halfcheetah-expert-v2,20.0,1,-37.15948916804528,-40.62994817491274,3.4704590068674595,seeds are marginal run replicates within fixed task-budget cells,"fixed nine-task, five-budget grid only"
cell,p4,td3,within_run_target_critic,hopper-medium-v2,4.0,0,-0.42057472962287523,-0.44288667908286294,0.022311949459987712,seeds are marginal run replicates within fixed task-budget cells,"fixed nine-task, five-budget grid only"
cell,p4,td3,within_run_target_critic,hopper-medium-v2,4.0,1,-0.19304537429903923,-0.2536366762150417,0.06059130191600248,seeds are marginal run replicates within fixed task-budget cells,"fixed nine-task, five-budget grid only"
cell,p4,td3,within_run_target_critic,hopper-medium-v2,7.0,0,-133674106865.70912,-145029182065.0694,11355075199.36029,seeds are marginal run replicates within fixed task-budget cells,"fixed nine-task, five-budget grid only"
cell,p4,td3,within_run_target_critic,hopper-medium-v2,7.0,1,-0.8183005298402299,-0.8760699625201667,0.05776943267993673,seeds are marginal run replicates within fixed task-budget cells,"fixed nine-task, five-budget grid only"
cell,p4,td3,within_run_target_critic,hopper-medium-v2,10.0,0,-375000785112.06464,-408179506432.664,33178721320.599354,seeds are marginal run replicates within fixed task-budget cells,"fixed nine-task, five-budget grid only"
cell,p4,td3,within_run_target_critic,hopper-medium-v2,10.0,1,-78766710860.03328,-85914651736.44987,7147940876.416588,seeds are marginal run replicates within fixed task-budget cells,"fixed nine-task, five-budget grid only"
cell,p4,td3,within_run_target_critic,hopper-medium-v2,14.0,0,-294487664052.8638,-320940315040.26385,26452650987.400078,seeds are marginal run replicates within fixed task-budget cells,"fixed nine-task, five-budget grid only"
cell,p4,td3,within_run_target_critic,hopper-medium-v2,14.0,1,-232380910519.51724,-253262071146.61377,20881160627.0965,seeds are marginal run replicates within fixed task-budget cells,"fixed nine-task, five-budget grid only"
cell,p4,td3,within_run_target_critic,hopper-medium-v2,20.0,0,-334092751093.18176,-364371903192.0596,30279152098.87779,seeds are marginal run replicates within fixed task-budget cells,"fixed nine-task, five-budget grid only"
cell,p4,td3,within_run_target_critic,hopper-medium-v2,20.0,1,-334312949706.2301,-364604736796.71216,30291787090.482018,seeds are marginal run replicates within fixed task-budget cells,"fixed nine-task, five-budget grid only"
cell,p4,td3,within_run_target_critic,hopper-medium-replay-v2,4.0,0,-0.3984697582772849,-0.7822160242350966,0.3837462659578117,seeds are marginal run replicates within fixed task-budget cells,"fixed nine-task, five-budget grid only"
cell,p4,td3,within_run_target_critic,hopper-medium-replay-v2,4.0,1,0.13461824348594398,-0.2589650063273634,0.3935832498133074,seeds are marginal run replicates within fixed task-budget cells,"fixed nine-task, five-budget grid only"
cell,p4,td3,within_run_target_critic,hopper-medium-replay-v2,7.0,0,-0.4685950876954452,-0.7812395308718401,0.31264444317639484,seeds are marginal run replicates within fixed task-budget cells,"fixed nine-task, five-budget grid only"
cell,p4,td3,within_run_target_critic,hopper-medium-replay-v2,7.0,1,0.27960258097913826,-0.20956085694983617,0.48916343792897443,seeds are marginal run replicates within fixed task-budget cells,"fixed nine-task, five-budget grid only"
cell,p4,td3,within_run_target_critic,hopper-medium-replay-v2,10.0,0,-0.027816635511181076,-0.06792751472233416,0.04011087921115308,seeds are marginal run replicates within fixed task-budget cells,"fixed nine-task, five-budget grid only"
cell,p4,td3,within_run_target_critic,hopper-medium-replay-v2,10.0,1,0.03357817979648292,-0.167060709689566,0.2006388894860489,seeds are marginal run replicates within fixed task-budget cells,"fixed nine-task, five-budget grid only"
cell,p4,td3,within_run_target_critic,hopper-medium-replay-v2,14.0,0,-0.9918309306062723,-1.2118421125366732,0.22001118193040092,seeds are marginal run replicates within fixed task-budget cells,"fixed nine-task, five-budget grid only"
cell,p4,td3,within_run_target_critic,hopper-medium-replay-v2,14.0,1,0.18347266534692697,0.06983132395468239,0.11364134139224458,seeds are marginal run replicates within fixed task-budget cells,"fixed nine-task, five-budget grid only"
cell,p4,td3,within_run_target_critic,hopper-medium-replay-v2,20.0,0,0.289240391497362,0.2476934058714706,0.04154698562589143,seeds are marginal run replicates within fixed task-budget cells,"fixed nine-task, five-budget grid only"
cell,p4,td3,within_run_target_critic,hopper-medium-replay-v2,20.0,1,0.7940320984231901,0.8302132131039244,-0.03618111468073426,seeds are marginal run replicates within fixed task-budget cells,"fixed nine-task, five-budget grid only"
cell,p4,td3,within_run_target_critic,hopper-expert-v2,4.0,0,-3174281.9912508596,-3316707.6895658383,142425.69831497862,seeds are marginal run replicates within fixed task-budget cells,"fixed nine-task, five-budget grid only"
cell,p4,td3,within_run_target_critic,hopper-expert-v2,4.0,1,-4936936.7793403,-5156082.142634531,219145.36329423136,seeds are marginal run replicates within fixed task-budget cells,"fixed nine-task, five-budget grid only"
cell,p4,td3,within_run_target_critic,hopper-expert-v2,7.0,0,-456065975907.01715,-491678803157.419,35612827250.40183,seeds are marginal run replicates within fixed task-budget cells,"fixed nine-task, five-budget grid only"
cell,p4,td3,within_run_target_critic,hopper-expert-v2,7.0,1,-564851085638.7429,-617491689982.9899,52640604344.24701,seeds are marginal run replicates within fixed task-budget cells,"fixed nine-task, five-budget grid only"
cell,p4,td3,within_run_target_critic,hopper-expert-v2,10.0,0,-410352268002.7892,-441099464741.139,30747196738.349827,seeds are marginal run replicates within fixed task-budget cells,"fixed nine-task, five-budget grid only"
cell,p4,td3,within_run_target_critic,hopper-expert-v2,10.0,1,-472348940604.6742,-514558342351.8718,42209401747.19764,seeds are marginal run replicates within fixed task-budget cells,"fixed nine-task, five-budget grid only"
cell,p4,td3,within_run_target_critic,hopper-expert-v2,14.0,0,-305666259811.77783,-331794727569.9706,26128467758.19274,seeds are marginal run replicates within fixed task-budget cells,"fixed nine-task, five-budget grid only"
cell,p4,td3,within_run_target_critic,hopper-expert-v2,14.0,1,-628083140298.7965,-684691080502.9141,56607940204.11756,seeds are marginal run replicates within fixed task-budget cells,"fixed nine-task, five-budget grid only"
cell,p4,td3,within_run_target_critic,hopper-expert-v2,20.0,0,-535438126780.66486,-582845168450.8257,47407041670.16079,seeds are marginal run replicates within fixed task-budget cells,"fixed nine-task, five-budget grid only"
cell,p4,td3,within_run_target_critic,hopper-expert-v2,20.0,1,-391187818202.5585,-423036049033.2134,31848230830.65494,seeds are marginal run replicates within fixed task-budget cells,"fixed nine-task, five-budget grid only"
cell,p4,td3,within_run_target_critic,walker2d-medium-v2,4.0,0,-38.12186413582053,-40.40310975425246,2.2812456184319254,seeds are marginal run replicates within fixed task-budget cells,"fixed nine-task, five-budget grid only"
cell,p4,td3,within_run_target_critic,walker2d-medium-v2,4.0,1,0.004826387362540041,-0.10571186829953882,0.11053825566207887,seeds are marginal run replicates within fixed task-budget cells,"fixed nine-task, five-budget grid only"
cell,p4,td3,within_run_target_critic,walker2d-medium-v2,7.0,0,-210839906539.6771,-236067438949.38983,25227532409.712715,seeds are marginal run replicates within fixed task-budget cells,"fixed nine-task, five-budget grid only"
cell,p4,td3,within_run_target_critic,walker2d-medium-v2,7.0,1,-1929.325143142118,-2028.8606236028063,99.53548046068842,seeds are marginal run replicates within fixed task-budget cells,"fixed nine-task, five-budget grid only"
cell,p4,td3,within_run_target_critic,walker2d-medium-v2,10.0,0,163528757802.5971,181142781846.12836,-17614024043.53125,seeds are marginal run replicates within fixed task-budget cells,"fixed nine-task, five-budget grid only"
cell,p4,td3,within_run_target_critic,walker2d-medium-v2,10.0,1,-151471082713.24084,-170108152035.48746,18637069322.246616,seeds are marginal run replicates within fixed task-budget cells,"fixed nine-task, five-budget grid only"
cell,p4,td3,within_run_target_critic,walker2d-medium-v2,14.0,0,-77566033826.54962,-87844677284.24371,10278643457.694092,seeds are marginal run replicates within fixed task-budget cells,"fixed nine-task, five-budget grid only"
cell,p4,td3,within_run_target_critic,walker2d-medium-v2,14.0,1,-63770.052065487595,-66914.45985177287,3144.407786285286,seeds are marginal run replicates within fixed task-budget cells,"fixed nine-task, five-budget grid only"
cell,p4,td3,within_run_target_critic,walker2d-medium-v2,20.0,0,356312212242.91797,398831226267.8392,-42519014024.921234,seeds are marginal run replicates within fixed task-budget cells,"fixed nine-task, five-budget grid only"
cell,p4,td3,within_run_target_critic,walker2d-medium-v2,20.0,1,-244936640047.99838,-273765893449.3408,28829253401.342426,seeds are marginal run replicates within fixed task-budget cells,"fixed nine-task, five-budget grid only"
cell,p4,td3,within_run_target_critic,walker2d-medium-replay-v2,4.0,0,-0.19185262023608995,-0.38363818266798155,0.1917855624318916,seeds are marginal run replicates within fixed task-budget cells,"fixed nine-task, five-budget grid only"
cell,p4,td3,within_run_target_critic,walker2d-medium-replay-v2,4.0,1,-0.07719457884587122,-0.21224382578651113,0.1350492469406399,seeds are marginal run replicates within fixed task-budget cells,"fixed nine-task, five-budget grid only"
cell,p4,td3,within_run_target_critic,walker2d-medium-replay-v2,7.0,0,-5.781375391476427,-6.402972276213275,0.6215968847368476,seeds are marginal run replicates within fixed task-budget cells,"fixed nine-task, five-budget grid only"
cell,p4,td3,within_run_target_critic,walker2d-medium-replay-v2,7.0,1,0.2264092074487536,0.10681460339550064,0.11959460405325295,seeds are marginal run replicates within fixed task-budget cells,"fixed nine-task, five-budget grid only"
cell,p4,td3,within_run_target_critic,walker2d-medium-replay-v2,10.0,0,-0.284668241602799,-0.3005919082162052,0.015923666613406162,seeds are marginal run replicates within fixed task-budget cells,"fixed nine-task, five-budget grid only"
cell,p4,td3,within_run_target_critic,walker2d-medium-replay-v2,10.0,1,-0.3234514596170417,-0.35053778630084853,0.02708632668380684,seeds are marginal run replicates within fixed task-budget cells,"fixed nine-task, five-budget grid only"
cell,p4,td3,within_run_target_critic,walker2d-medium-replay-v2,14.0,0,-64.05266193616987,-67.09423307797651,3.0415711418066396,seeds are marginal run replicates within fixed task-budget cells,"fixed nine-task, five-budget grid only"
cell,p4,td3,within_run_target_critic,walker2d-medium-replay-v2,14.0,1,-21.356741256036642,-22.436289560172447,1.0795483041358045,seeds are marginal run replicates within fixed task-budget cells,"fixed nine-task, five-budget grid only"
cell,p4,td3,within_run_target_critic,walker2d-medium-replay-v2,20.0,0,-1.790541662800468,-1.9285181649770724,0.1379765021766044,seeds are marginal run replicates within fixed task-budget cells,"fixed nine-task, five-budget grid only"
cell,p4,td3,within_run_target_critic,walker2d-medium-replay-v2,20.0,1,-195.47503822591688,-208.62758253254174,13.152544306624879,seeds are marginal run replicates within fixed task-budget cells,"fixed nine-task, five-budget grid only"
cell,p4,td3,within_run_target_critic,walker2d-expert-v2,4.0,0,-764339851828.2394,-838619417543.4042,74279565715.16478,seeds are marginal run replicates within fixed task-budget cells,"fixed nine-task, five-budget grid only"
cell,p4,td3,within_run_target_critic,walker2d-expert-v2,4.0,1,-583524076612.8711,-640009371318.308,56485294705.437,seeds are marginal run replicates within fixed task-budget cells,"fixed nine-task, five-budget grid only"
cell,p4,td3,within_run_target_critic,walker2d-expert-v2,7.0,0,-823304369032.0111,-902199221234.6466,78894852202.63553,seeds are marginal run replicates within fixed task-budget cells,"fixed nine-task, five-budget grid only"
cell,p4,td3,within_run_target_critic,walker2d-expert-v2,7.0,1,-615931809768.1326,-679688334045.82,63756524277.68731,seeds are marginal run replicates within fixed task-budget cells,"fixed nine-task, five-budget grid only"
cell,p4,td3,within_run_target_critic,walker2d-expert-v2,10.0,0,-863734876292.2422,-948553608200.0261,84818731907.78387,seeds are marginal run replicates within fixed task-budget cells,"fixed nine-task, five-budget grid only"
cell,p4,td3,within_run_target_critic,walker2d-expert-v2,10.0,1,-665767112985.2867,-733069349038.4424,67302236053.15562,seeds are marginal run replicates within fixed task-budget cells,"fixed nine-task, five-budget grid only"
cell,p4,td3,within_run_target_critic,walker2d-expert-v2,14.0,0,-183031994290.3894,-201134263700.8075,18102269410.41809,seeds are marginal run replicates within fixed task-budget cells,"fixed nine-task, five-budget grid only"
cell,p4,td3,within_run_target_critic,walker2d-expert-v2,14.0,1,-177254056647.82166,-195373167894.5697,18119111246.748047,seeds are marginal run replicates within fixed task-budget cells,"fixed nine-task, five-budget grid only"
cell,p4,td3,within_run_target_critic,walker2d-expert-v2,20.0,0,8636825161.473267,8386011982.920898,250813178.55236816,seeds are marginal run replicates within fixed task-budget cells,"fixed nine-task, five-budget grid only"
cell,p4,td3,within_run_target_critic,walker2d-expert-v2,20.0,1,-94767552081.5321,-104613441661.125,9845889579.592896,seeds are marginal run replicates within fixed task-budget cells,"fixed nine-task, five-budget grid only"
task_budget_seed_mean,p4,td3,within_run_target_critic,halfcheetah-medium-v2,4.0,,-0.39360955797297903,-0.517753572121735,0.12414401414875598,seeds are marginal run replicates within fixed task-budget cells,"fixed nine-task, five-budget grid only"
task_budget_seed_mean,p4,td3,within_run_target_critic,halfcheetah-medium-v2,7.0,,-0.5100513904789339,-0.5294795166859552,0.01942812620702128,seeds are marginal run replicates within fixed task-budget cells,"fixed nine-task, five-budget grid only"
task_budget_seed_mean,p4,td3,within_run_target_critic,halfcheetah-medium-v2,10.0,,-0.5083730627412315,-0.6505922883499606,0.14221922560872913,seeds are marginal run replicates within fixed task-budget cells,"fixed nine-task, five-budget grid only"
task_budget_seed_mean,p4,td3,within_run_target_critic,halfcheetah-medium-v2,14.0,,-0.5537362567606774,-0.6816824648626179,0.12794620810194046,seeds are marginal run replicates within fixed task-budget cells,"fixed nine-task, five-budget grid only"
task_budget_seed_mean,p4,td3,within_run_target_critic,halfcheetah-medium-v2,20.0,,-0.7743102047381967,-0.8418790754257099,0.06756887068751327,seeds are marginal run replicates within fixed task-budget cells,"fixed nine-task, five-budget grid only"
task_budget_seed_mean,p4,td3,within_run_target_critic,halfcheetah-medium-replay-v2,4.0,,0.16216331431991948,0.19805449314048618,-0.035891178820566694,seeds are marginal run replicates within fixed task-budget cells,"fixed nine-task, five-budget grid only"
task_budget_seed_mean,p4,td3,within_run_target_critic,halfcheetah-medium-replay-v2,7.0,,0.1101300935752958,0.0885435083684265,0.02158658520686929,seeds are marginal run replicates within fixed task-budget cells,"fixed nine-task, five-budget grid only"
task_budget_seed_mean,p4,td3,within_run_target_critic,halfcheetah-medium-replay-v2,10.0,,-0.6578614890848469,-0.6850553818855216,0.027193892800674746,seeds are marginal run replicates within fixed task-budget cells,"fixed nine-task, five-budget grid only"
task_budget_seed_mean,p4,td3,within_run_target_critic,halfcheetah-medium-replay-v2,14.0,,-0.4893414877022866,-0.559888831878665,0.07054734417637842,seeds are marginal run replicates within fixed task-budget cells,"fixed nine-task, five-budget grid only"
task_budget_seed_mean,p4,td3,within_run_target_critic,halfcheetah-medium-replay-v2,20.0,,0.026519950998555863,-0.12505290399329683,0.1515728549918527,seeds are marginal run replicates within fixed task-budget cells,"fixed nine-task, five-budget grid only"
task_budget_seed_mean,p4,td3,within_run_target_critic,halfcheetah-expert-v2,4.0,,-0.5984851658233326,-0.7947439269616723,0.19625876113833973,seeds are marginal run replicates within fixed task-budget cells,"fixed nine-task, five-budget grid only"
task_budget_seed_mean,p4,td3,within_run_target_critic,halfcheetah-expert-v2,7.0,,-6.124994101492707,-7.049320132954948,0.924326031462241,seeds are marginal run replicates within fixed task-budget cells,"fixed nine-task, five-budget grid only"
task_budget_seed_mean,p4,td3,within_run_target_critic,halfcheetah-expert-v2,10.0,,-8.302479154155844,-9.268554169635733,0.9660750154798889,seeds are marginal run replicates within fixed task-budget cells,"fixed nine-task, five-budget grid only"
task_budget_seed_mean,p4,td3,within_run_target_critic,halfcheetah-expert-v2,14.0,,-12.436238647033765,-13.501579473635394,1.065340826601628,seeds are marginal run replicates within fixed task-budget cells,"fixed nine-task, five-budget grid only"
task_budget_seed_mean,p4,td3,within_run_target_critic,halfcheetah-expert-v2,20.0,,-23.08153777893689,-25.22187833803731,2.140340559100419,seeds are marginal run replicates within fixed task-budget cells,"fixed nine-task, five-budget grid only"
task_budget_seed_mean,p4,td3,within_run_target_critic,hopper-medium-v2,4.0,,-0.30681005196095723,-0.34826167764895233,0.0414516256879951,seeds are marginal run replicates within fixed task-budget cells,"fixed nine-task, five-budget grid only"
task_budget_seed_mean,p4,td3,within_run_target_critic,hopper-medium-v2,7.0,,-66837053433.26371,-72514591032.97273,5677537599.70903,seeds are marginal run replicates within fixed task-budget cells,"fixed nine-task, five-budget grid only"
task_budget_seed_mean,p4,td3,within_run_target_critic,hopper-medium-v2,10.0,,-226883747986.04895,-247047079084.55695,20163331098.507973,seeds are marginal run replicates within fixed task-budget cells,"fixed nine-task, five-budget grid only"
task_budget_seed_mean,p4,td3,within_run_target_critic,hopper-medium-v2,14.0,,-263434287286.1905,-287101193093.43884,23666905807.24829,seeds are marginal run replicates within fixed task-budget cells,"fixed nine-task, five-budget grid only"
task_budget_seed_mean,p4,td3,within_run_target_critic,hopper-medium-v2,20.0,,-334202850399.70593,-364488319994.38586,30285469594.6799,seeds are marginal run replicates within fixed task-budget cells,"fixed nine-task, five-budget grid only"
task_budget_seed_mean,p4,td3,within_run_target_critic,hopper-medium-replay-v2,4.0,,-0.13192575739567047,-0.52059051528123,0.38866475788555954,seeds are marginal run replicates within fixed task-budget cells,"fixed nine-task, five-budget grid only"
task_budget_seed_mean,p4,td3,within_run_target_critic,hopper-medium-replay-v2,7.0,,-0.09449625335815348,-0.4954001939108381,0.40090394055268463,seeds are marginal run replicates within fixed task-budget cells,"fixed nine-task, five-budget grid only"
task_budget_seed_mean,p4,td3,within_run_target_critic,hopper-medium-replay-v2,10.0,,0.0028807721426509225,-0.11749411220595007,0.120374884348601,seeds are marginal run replicates within fixed task-budget cells,"fixed nine-task, five-budget grid only"
task_budget_seed_mean,p4,td3,within_run_target_critic,hopper-medium-replay-v2,14.0,,-0.40417913262967264,-0.5710053942909954,0.16682626166132275,seeds are marginal run replicates within fixed task-budget cells,"fixed nine-task, five-budget grid only"
task_budget_seed_mean,p4,td3,within_run_target_critic,hopper-medium-replay-v2,20.0,,0.5416362449602761,0.5389533094876975,0.0026829354725785848,seeds are marginal run replicates within fixed task-budget cells,"fixed nine-task, five-budget grid only"
task_budget_seed_mean,p4,td3,within_run_target_critic,hopper-expert-v2,4.0,,-4055609.3852955797,-4236394.916100184,180785.530804605,seeds are marginal run replicates within fixed task-budget cells,"fixed nine-task, five-budget grid only"
task_budget_seed_mean,p4,td3,within_run_target_critic,hopper-expert-v2,7.0,,-510458530772.88,-554585246570.2045,44126715797.32442,seeds are marginal run replicates within fixed task-budget cells,"fixed nine-task, five-budget grid only"
task_budget_seed_mean,p4,td3,within_run_target_critic,hopper-expert-v2,10.0,,-441350604303.7317,-477828903546.5054,36478299242.773735,seeds are marginal run replicates within fixed task-budget cells,"fixed nine-task, five-budget grid only"
task_budget_seed_mean,p4,td3,within_run_target_critic,hopper-expert-v2,14.0,,-466874700055.2872,-508242904036.4423,41368203981.15515,seeds are marginal run replicates within fixed task-budget cells,"fixed nine-task, five-budget grid only"
task_budget_seed_mean,p4,td3,within_run_target_critic,hopper-expert-v2,20.0,,-463312972491.6117,-502940608742.01953,39627636250.40787,seeds are marginal run replicates within fixed task-budget cells,"fixed nine-task, five-budget grid only"
task_budget_seed_mean,p4,td3,within_run_target_critic,walker2d-medium-v2,4.0,,-19.058518874228994,-20.254410811276,1.1958919370470023,seeds are marginal run replicates within fixed task-budget cells,"fixed nine-task, five-budget grid only"
task_budget_seed_mean,p4,td3,within_run_target_critic,walker2d-medium-v2,7.0,,-105419954234.50111,-118033720489.12523,12613766254.624098,seeds are marginal run replicates within fixed task-budget cells,"fixed nine-task, five-budget grid only"
task_budget_seed_mean,p4,td3,within_run_target_critic,walker2d-medium-v2,10.0,,6028837544.678131,5517314905.32045,511522639.3576832,seeds are marginal run replicates within fixed task-budget cells,"fixed nine-task, five-budget grid only"
task_budget_seed_mean,p4,td3,within_run_target_critic,walker2d-medium-v2,14.0,,-38783048798.30084,-43922372099.35178,5139323301.050939,seeds are marginal run replicates within fixed task-budget cells,"fixed nine-task, five-budget grid only"
task_budget_seed_mean,p4,td3,within_run_target_critic,walker2d-medium-v2,20.0,,55687786097.45979,62532666409.24919,-6844880311.789404,seeds are marginal run replicates within fixed task-budget cells,"fixed nine-task, five-budget grid only"
task_budget_seed_mean,p4,td3,within_run_target_critic,walker2d-medium-replay-v2,4.0,,-0.1345235995409806,-0.29794100422724634,0.16341740468626575,seeds are marginal run replicates within fixed task-budget cells,"fixed nine-task, five-budget grid only"
task_budget_seed_mean,p4,td3,within_run_target_critic,walker2d-medium-replay-v2,7.0,,-2.7774830920138367,-3.148078836408887,0.3705957443950503,seeds are marginal run replicates within fixed task-budget cells,"fixed nine-task, five-budget grid only"
task_budget_seed_mean,p4,td3,within_run_target_critic,walker2d-medium-replay-v2,10.0,,-0.30405985060992036,-0.32556484725852686,0.0215049966486065,seeds are marginal run replicates within fixed task-budget cells,"fixed nine-task, five-budget grid only"
task_budget_seed_mean,p4,td3,within_run_target_critic,walker2d-medium-replay-v2,14.0,,-42.704701596103256,-44.76526131907448,2.060559722971222,seeds are marginal run replicates within fixed task-budget cells,"fixed nine-task, five-budget grid only"
task_budget_seed_mean,p4,td3,within_run_target_critic,walker2d-medium-replay-v2,20.0,,-98.63278994435868,-105.27805034875941,6.645260404400742,seeds are marginal run replicates within fixed task-budget cells,"fixed nine-task, five-budget grid only"
task_budget_seed_mean,p4,td3,within_run_target_critic,walker2d-expert-v2,4.0,,-673931964220.5552,-739314394430.8561,65382430210.30089,seeds are marginal run replicates within fixed task-budget cells,"fixed nine-task, five-budget grid only"
task_budget_seed_mean,p4,td3,within_run_target_critic,walker2d-expert-v2,7.0,,-719618089400.0718,-790943777640.2333,71325688240.16142,seeds are marginal run replicates within fixed task-budget cells,"fixed nine-task, five-budget grid only"
task_budget_seed_mean,p4,td3,within_run_target_critic,walker2d-expert-v2,10.0,,-764750994638.7644,-840811478619.2343,76060483980.46974,seeds are marginal run replicates within fixed task-budget cells,"fixed nine-task, five-budget grid only"
task_budget_seed_mean,p4,td3,within_run_target_critic,walker2d-expert-v2,14.0,,-180143025469.10553,-198253715797.6886,18110690328.58307,seeds are marginal run replicates within fixed task-budget cells,"fixed nine-task, five-budget grid only"
task_budget_seed_mean,p4,td3,within_run_target_critic,walker2d-expert-v2,20.0,,-43065363460.02942,-48113714839.10205,5048351379.072632,seeds are marginal run replicates within fixed task-budget cells,"fixed nine-task, five-budget grid only"
task_marginal_mean,p4,td3,within_run_target_critic,halfcheetah-medium-v2,,,-0.5480160945384036,-0.6442773834891958,0.09626128895079203,seeds are marginal run replicates within fixed task-budget cells,"fixed nine-task, five-budget grid only"
task_marginal_mean,p4,td3,within_run_target_critic,halfcheetah-medium-replay-v2,,,-0.16967792357867245,-0.21667982324971416,0.047001899671041694,seeds are marginal run replicates within fixed task-budget cells,"fixed nine-task, five-budget grid only"
task_marginal_mean,p4,td3,within_run_target_critic,halfcheetah-expert-v2,,,-10.108746969488507,-11.167215208245013,1.0584682387565034,seeds are marginal run replicates within fixed task-budget cells,"fixed nine-task, five-budget grid only"
task_marginal_mean,p4,td3,within_run_target_critic,hopper-medium-v2,,,-178271587821.10318,-194230236641.14053,15958648820.037329,seeds are marginal run replicates within fixed task-budget cells,"fixed nine-task, five-budget grid only"
task_marginal_mean,p4,td3,within_run_target_critic,hopper-medium-replay-v2,,,-0.01721682525611392,-0.23310738124026323,0.2158905559841493,seeds are marginal run replicates within fixed task-budget cells,"fixed nine-task, five-budget grid only"
task_marginal_mean,p4,td3,within_run_target_critic,hopper-expert-v2,,,-376400172646.5792,-408720379858.0176,32320207211.438396,seeds are marginal run replicates within fixed task-budget cells,"fixed nine-task, five-budget grid only"
task_marginal_mean,p4,td3,within_run_target_critic,walker2d-medium-v2,,,-16497275881.94451,-18781222258.83236,2283946376.887841,seeds are marginal run replicates within fixed task-budget cells,"fixed nine-task, five-budget grid only"
task_marginal_mean,p4,td3,within_run_target_critic,walker2d-medium-replay-v2,,,-28.910711616525333,-30.762979271145706,1.8522676546203773,seeds are marginal run replicates within fixed task-budget cells,"fixed nine-task, five-budget grid only"
task_marginal_mean,p4,td3,within_run_target_critic,walker2d-expert-v2,,,-476301887437.70526,-523487416265.42285,47185528827.71755,seeds are marginal run replicates within fixed task-budget cells,"fixed nine-task, five-budget grid only"
task_equal_overall,p4,td3,within_run_target_critic,,,,-116385658203.0096,-127246583896.27083,10860925693.261223,seeds are marginal run replicates within fixed task-budget cells,"fixed nine-task, five-budget grid only"
cell,p4,td3,common_td3_target_critic,halfcheetah-medium-v2,4.0,0,-0.9859889959576362,-1.009919227049541,0.02393023109190473,seeds are marginal run replicates within fixed task-budget cells,"fixed nine-task, five-budget grid only"
cell,p4,td3,common_td3_target_critic,halfcheetah-medium-v2,4.0,1,-0.8888442473774174,-1.0312114099382592,0.1423671625608418,seeds are marginal run replicates within fixed task-budget cells,"fixed nine-task, five-budget grid only"
cell,p4,td3,common_td3_target_critic,halfcheetah-medium-v2,7.0,0,-1.1889657053499905,-1.3318385930641976,0.14287288771420714,seeds are marginal run replicates within fixed task-budget cells,"fixed nine-task, five-budget grid only"
cell,p4,td3,common_td3_target_critic,halfcheetah-medium-v2,7.0,1,-1.0467344709966677,-1.08169921402355,0.03496474302688224,seeds are marginal run replicates within fixed task-budget cells,"fixed nine-task, five-budget grid only"
cell,p4,td3,common_td3_target_critic,halfcheetah-medium-v2,10.0,0,-1.2333734953665454,-1.298425159390983,0.06505166402443763,seeds are marginal run replicates within fixed task-budget cells,"fixed nine-task, five-budget grid only"
cell,p4,td3,common_td3_target_critic,halfcheetah-medium-v2,10.0,1,-1.150614559025514,-1.3149201501941237,0.16430559116860977,seeds are marginal run replicates within fixed task-budget cells,"fixed nine-task, five-budget grid only"
cell,p4,td3,common_td3_target_critic,halfcheetah-medium-v2,14.0,0,-1.3219396854540588,-1.5238834633833314,0.20194377792927254,seeds are marginal run replicates within fixed task-budget cells,"fixed nine-task, five-budget grid only"
cell,p4,td3,common_td3_target_critic,halfcheetah-medium-v2,14.0,1,-1.0869737844655534,-1.236208768112331,0.14923498364677767,seeds are marginal run replicates within fixed task-budget cells,"fixed nine-task, five-budget grid only"
cell,p4,td3,common_td3_target_critic,halfcheetah-medium-v2,20.0,0,-1.2240746483878784,-1.3108361582349741,0.08676150984709574,seeds are marginal run replicates within fixed task-budget cells,"fixed nine-task, five-budget grid only"
cell,p4,td3,common_td3_target_critic,halfcheetah-medium-v2,20.0,1,-1.1786160034327562,-1.3087277213780504,0.1301117179452942,seeds are marginal run replicates within fixed task-budget cells,"fixed nine-task, five-budget grid only"
cell,p4,td3,common_td3_target_critic,halfcheetah-medium-replay-v2,4.0,0,-1.992149525914518,-2.0920075760892227,0.09985805017470462,seeds are marginal run replicates within fixed task-budget cells,"fixed nine-task, five-budget grid only"
cell,p4,td3,common_td3_target_critic,halfcheetah-medium-replay-v2,4.0,1,-1.4898365411749208,-1.406459977106501,-0.08337656406841987,seeds are marginal run replicates within fixed task-budget cells,"fixed nine-task, five-budget grid only"
cell,p4,td3,common_td3_target_critic,halfcheetah-medium-replay-v2,7.0,0,-1.4248302000822188,-1.5428645370270435,0.11803433694482468,seeds are marginal run replicates within fixed task-budget cells,"fixed nine-task, five-budget grid only"
cell,p4,td3,common_td3_target_critic,halfcheetah-medium-replay-v2,7.0,1,-1.2150825052755443,-1.3968240600839614,0.18174155480841714,seeds are marginal run replicates within fixed task-budget cells,"fixed nine-task, five-budget grid only"
cell,p4,td3,common_td3_target_critic,halfcheetah-medium-replay-v2,10.0,0,-1.2778817104710702,-1.2548156799694326,-0.02306603050163769,seeds are marginal run replicates within fixed task-budget cells,"fixed nine-task, five-budget grid only"
cell,p4,td3,common_td3_target_critic,halfcheetah-medium-replay-v2,10.0,1,-1.6209538722943622,-1.8477692218056019,0.22681534951123972,seeds are marginal run replicates within fixed task-budget cells,"fixed nine-task, five-budget grid only"
cell,p4,td3,common_td3_target_critic,halfcheetah-medium-replay-v2,14.0,0,-1.7499489203731748,-1.791313348477444,0.0413644281042691,seeds are marginal run replicates within fixed task-budget cells,"fixed nine-task, five-budget grid only"
cell,p4,td3,common_td3_target_critic,halfcheetah-medium-replay-v2,14.0,1,-1.825063961716805,-1.9023023966996102,0.07723843498280525,seeds are marginal run replicates within fixed task-budget cells,"fixed nine-task, five-budget grid only"
cell,p4,td3,common_td3_target_critic,halfcheetah-medium-replay-v2,20.0,0,-1.6292328169520034,-1.7808247950860165,0.15159197813401315,seeds are marginal run replicates within fixed task-budget cells,"fixed nine-task, five-budget grid only"
cell,p4,td3,common_td3_target_critic,halfcheetah-medium-replay-v2,20.0,1,-1.5799604076791374,-1.7775884866891212,0.1976280790099838,seeds are marginal run replicates within fixed task-budget cells,"fixed nine-task, five-budget grid only"
cell,p4,td3,common_td3_target_critic,halfcheetah-expert-v2,4.0,0,-0.8195828966520213,-0.975034705276371,0.1554518086243497,seeds are marginal run replicates within fixed task-budget cells,"fixed nine-task, five-budget grid only"
cell,p4,td3,common_td3_target_critic,halfcheetah-expert-v2,4.0,1,-0.7350380756731785,-0.9117867780106006,0.17674870233742213,seeds are marginal run replicates within fixed task-budget cells,"fixed nine-task, five-budget grid only"
cell,p4,td3,common_td3_target_critic,halfcheetah-expert-v2,7.0,0,-8.278125874612993,-9.464495864162707,1.186369989549715,seeds are marginal run replicates within fixed task-budget cells,"fixed nine-task, five-budget grid only"
cell,p4,td3,common_td3_target_critic,halfcheetah-expert-v2,7.0,1,-1.418025334599772,-1.7282919196009123,0.31026658500114035,seeds are marginal run replicates within fixed task-budget cells,"fixed nine-task, five-budget grid only"
cell,p4,td3,common_td3_target_critic,halfcheetah-expert-v2,10.0,0,-12.146224324910802,-13.630693838432585,1.4844695135217814,seeds are marginal run replicates within fixed task-budget cells,"fixed nine-task, five-budget grid only"
cell,p4,td3,common_td3_target_critic,halfcheetah-expert-v2,10.0,1,-1.8439044612366717,-2.148894760671782,0.30499029943511013,seeds are marginal run replicates within fixed task-budget cells,"fixed nine-task, five-budget grid only"
cell,p4,td3,common_td3_target_critic,halfcheetah-expert-v2,14.0,0,-6.628340497063343,-7.336240528252285,0.7079000311889416,seeds are marginal run replicates within fixed task-budget cells,"fixed nine-task, five-budget grid only"
cell,p4,td3,common_td3_target_critic,halfcheetah-expert-v2,14.0,1,-10.216594848312283,-10.605567312307624,0.3889724639953398,seeds are marginal run replicates within fixed task-budget cells,"fixed nine-task, five-budget grid only"
cell,p4,td3,common_td3_target_critic,halfcheetah-expert-v2,20.0,0,-10.5801260067303,-11.942078543329327,1.361952536599027,seeds are marginal run replicates within fixed task-budget cells,"fixed nine-task, five-budget grid only"
cell,p4,td3,common_td3_target_critic,halfcheetah-expert-v2,20.0,1,-32.519138852908455,-35.47285859633103,2.9537197434225764,seeds are marginal run replicates within fixed task-budget cells,"fixed nine-task, five-budget grid only"
cell,p4,td3,common_td3_target_critic,hopper-medium-v2,4.0,0,-0.647909096380612,-0.6765025854915803,0.028593489110968262,seeds are marginal run replicates within fixed task-budget cells,"fixed nine-task, five-budget grid only"
cell,p4,td3,common_td3_target_critic,hopper-medium-v2,4.0,1,-0.4713534619120572,-0.5304391121987515,0.059085650286694325,seeds are marginal run replicates within fixed task-budget cells,"fixed nine-task, five-budget grid only"
cell,p4,td3,common_td3_target_critic,hopper-medium-v2,7.0,0,-103774232963.74155,-114420613298.09348,10646380334.351921,seeds are marginal run replicates within fixed task-budget cells,"fixed nine-task, five-budget grid only"
cell,p4,td3,common_td3_target_critic,hopper-medium-v2,7.0,1,-0.9483503480021933,-0.9993122312863837,0.05096188328419038,seeds are marginal run replicates within fixed task-budget cells,"fixed nine-task, five-budget grid only"
cell,p4,td3,common_td3_target_critic,hopper-medium-v2,10.0,0,-292930053039.964,-324250747498.8168,31320694458.85283,seeds are marginal run replicates within fixed task-budget cells,"fixed nine-task, five-budget grid only"
cell,p4,td3,common_td3_target_critic,hopper-medium-v2,10.0,1,-62929804803.72507,-69671366443.265,6741561639.539934,seeds are marginal run replicates within fixed task-budget cells,"fixed nine-task, five-budget grid only"
cell,p4,td3,common_td3_target_critic,hopper-medium-v2,14.0,0,-228553838963.13016,-253624526054.26678,25070687091.136635,seeds are marginal run replicates within fixed task-budget cells,"fixed nine-task, five-budget grid only"
cell,p4,td3,common_td3_target_critic,hopper-medium-v2,14.0,1,-181026167886.77036,-200723066998.31314,19696899111.542793,seeds are marginal run replicates within fixed task-budget cells,"fixed nine-task, five-budget grid only"
cell,p4,td3,common_td3_target_critic,hopper-medium-v2,20.0,0,-259400161641.40393,-287989742977.3668,28589581335.96286,seeds are marginal run replicates within fixed task-budget cells,"fixed nine-task, five-budget grid only"
cell,p4,td3,common_td3_target_critic,hopper-medium-v2,20.0,1,-261504505603.1583,-290092745191.05426,28588239587.89595,seeds are marginal run replicates within fixed task-budget cells,"fixed nine-task, five-budget grid only"
cell,p4,td3,common_td3_target_critic,hopper-medium-replay-v2,4.0,0,-1.1518839718301241,-1.2667432948451127,0.11485932301498858,seeds are marginal run replicates within fixed task-budget cells,"fixed nine-task, five-budget grid only"
cell,p4,td3,common_td3_target_critic,hopper-medium-replay-v2,4.0,1,-1.4710456884479002,-1.5824980163047622,0.11145232785686199,seeds are marginal run replicates within fixed task-budget cells,"fixed nine-task, five-budget grid only"
cell,p4,td3,common_td3_target_critic,hopper-medium-replay-v2,7.0,0,-1.1380413834723972,-1.1800145669617903,0.04197318348939305,seeds are marginal run replicates within fixed task-budget cells,"fixed nine-task, five-budget grid only"
cell,p4,td3,common_td3_target_critic,hopper-medium-replay-v2,7.0,1,-1.041531241721553,-1.0668489134382568,0.02531767171670385,seeds are marginal run replicates within fixed task-budget cells,"fixed nine-task, five-budget grid only"
cell,p4,td3,common_td3_target_critic,hopper-medium-replay-v2,10.0,0,-0.7016927705203431,-0.7248919384793329,0.023199167958989797,seeds are marginal run replicates within fixed task-budget cells,"fixed nine-task, five-budget grid only"
cell,p4,td3,common_td3_target_critic,hopper-medium-replay-v2,10.0,1,-1.2833355092312142,-1.324131198808828,0.040795689577613814,seeds are marginal run replicates within fixed task-budget cells,"fixed nine-task, five-budget grid only"
cell,p4,td3,common_td3_target_critic,hopper-medium-replay-v2,14.0,0,-1.0815074036214263,-1.1970213333403477,0.11551392971892138,seeds are marginal run replicates within fixed task-budget cells,"fixed nine-task, five-budget grid only"
cell,p4,td3,common_td3_target_critic,hopper-medium-replay-v2,14.0,1,-0.9715544554217521,-1.0958598340745862,0.12430537865283409,seeds are marginal run replicates within fixed task-budget cells,"fixed nine-task, five-budget grid only"
cell,p4,td3,common_td3_target_critic,hopper-medium-replay-v2,20.0,0,-1.0103001419964919,-1.1588314967883613,0.1485313547918694,seeds are marginal run replicates within fixed task-budget cells,"fixed nine-task, five-budget grid only"
cell,p4,td3,common_td3_target_critic,hopper-medium-replay-v2,20.0,1,-0.9540528532973398,-1.0237875705208532,0.06973471722351343,seeds are marginal run replicates within fixed task-budget cells,"fixed nine-task, five-budget grid only"
cell,p4,td3,common_td3_target_critic,hopper-expert-v2,4.0,0,-2477610.483426401,-2605666.487967593,128056.00454119232,seeds are marginal run replicates within fixed task-budget cells,"fixed nine-task, five-budget grid only"
cell,p4,td3,common_td3_target_critic,hopper-expert-v2,4.0,1,-3785475.449307426,-3981990.280722037,196514.83141461108,seeds are marginal run replicates within fixed task-budget cells,"fixed nine-task, five-budget grid only"
cell,p4,td3,common_td3_target_critic,hopper-expert-v2,7.0,0,-385647963559.0869,-420615225076.98645,34967261517.89949,seeds are marginal run replicates within fixed task-budget cells,"fixed nine-task, five-budget grid only"
cell,p4,td3,common_td3_target_critic,hopper-expert-v2,7.0,1,-473973602348.1678,-525531941349.947,51558339001.77922,seeds are marginal run replicates within fixed task-budget cells,"fixed nine-task, five-budget grid only"
cell,p4,td3,common_td3_target_critic,hopper-expert-v2,10.0,0,-348043886690.3475,-378224400019.7802,30180513329.43273,seeds are marginal run replicates within fixed task-budget cells,"fixed nine-task, five-budget grid only"
cell,p4,td3,common_td3_target_critic,hopper-expert-v2,10.0,1,-394523604098.23157,-435702902995.89624,41179298897.66463,seeds are marginal run replicates within fixed task-budget cells,"fixed nine-task, five-budget grid only"
cell,p4,td3,common_td3_target_critic,hopper-expert-v2,14.0,0,-225310841040.0447,-247827147276.0841,22516306236.039413,seeds are marginal run replicates within fixed task-budget cells,"fixed nine-task, five-budget grid only"
cell,p4,td3,common_td3_target_critic,hopper-expert-v2,14.0,1,-497910093685.01434,-552734266683.0038,54824172997.989395,seeds are marginal run replicates within fixed task-budget cells,"fixed nine-task, five-budget grid only"
cell,p4,td3,common_td3_target_critic,hopper-expert-v2,20.0,0,-422729634480.5809,-468135363181.42725,45405728700.846375,seeds are marginal run replicates within fixed task-budget cells,"fixed nine-task, five-budget grid only"
cell,p4,td3,common_td3_target_critic,hopper-expert-v2,20.0,1,-304629604086.1754,-333684727169.24207,29055123083.06665,seeds are marginal run replicates within fixed task-budget cells,"fixed nine-task, five-budget grid only"
cell,p4,td3,common_td3_target_critic,walker2d-medium-v2,4.0,0,-27.1898925993178,-29.382202748797646,2.1923101494798445,seeds are marginal run replicates within fixed task-budget cells,"fixed nine-task, five-budget grid only"
cell,p4,td3,common_td3_target_critic,walker2d-medium-v2,4.0,1,-0.7722316915811509,-0.8851796920395019,0.11294800045835096,seeds are marginal run replicates within fixed task-budget cells,"fixed nine-task, five-budget grid only"
cell,p4,td3,common_td3_target_critic,walker2d-medium-v2,7.0,0,-183572459196.7175,-208204905649.52036,24632446452.802853,seeds are marginal run replicates within fixed task-budget cells,"fixed nine-task, five-budget grid only"
cell,p4,td3,common_td3_target_critic,walker2d-medium-v2,7.0,1,-1393.7377967249163,-1484.514991307895,90.77719458297884,seeds are marginal run replicates within fixed task-budget cells,"fixed nine-task, five-budget grid only"
cell,p4,td3,common_td3_target_critic,walker2d-medium-v2,10.0,0,-9507962724.338852,-11364305838.044495,1856343113.7056427,seeds are marginal run replicates within fixed task-budget cells,"fixed nine-task, five-budget grid only"
cell,p4,td3,common_td3_target_critic,walker2d-medium-v2,10.0,1,-132240823788.88928,-150356739420.49734,18115915631.60807,seeds are marginal run replicates within fixed task-budget cells,"fixed nine-task, five-budget grid only"
cell,p4,td3,common_td3_target_critic,walker2d-medium-v2,14.0,0,-20488514420.998108,-24974947615.727295,4486433194.729187,seeds are marginal run replicates within fixed task-budget cells,"fixed nine-task, five-budget grid only"
cell,p4,td3,common_td3_target_critic,walker2d-medium-v2,14.0,1,-47261.27367536938,-50496.49359795867,3235.2199225892873,seeds are marginal run replicates within fixed task-budget cells,"fixed nine-task, five-budget grid only"
cell,p4,td3,common_td3_target_critic,walker2d-medium-v2,20.0,0,-59297985.72241616,-67905736.72974491,8607751.007328749,seeds are marginal run replicates within fixed task-budget cells,"fixed nine-task, five-budget grid only"
cell,p4,td3,common_td3_target_critic,walker2d-medium-v2,20.0,1,-210876729922.45386,-238917974909.8744,28041244987.420555,seeds are marginal run replicates within fixed task-budget cells,"fixed nine-task, five-budget grid only"
cell,p4,td3,common_td3_target_critic,walker2d-medium-replay-v2,4.0,0,-1.6201271722992878,-1.670462950456638,0.05033577815735013,seeds are marginal run replicates within fixed task-budget cells,"fixed nine-task, five-budget grid only"
cell,p4,td3,common_td3_target_critic,walker2d-medium-replay-v2,4.0,1,-1.613389580563691,-1.7427159459479697,0.12932636538427866,seeds are marginal run replicates within fixed task-budget cells,"fixed nine-task, five-budget grid only"
cell,p4,td3,common_td3_target_critic,walker2d-medium-replay-v2,7.0,0,-4.43621404450692,-4.548723152192943,0.11250910768602385,seeds are marginal run replicates within fixed task-budget cells,"fixed nine-task, five-budget grid only"
cell,p4,td3,common_td3_target_critic,walker2d-medium-replay-v2,7.0,1,-1.5285839505841894,-1.5324656693526033,0.003881718768413922,seeds are marginal run replicates within fixed task-budget cells,"fixed nine-task, five-budget grid only"
cell,p4,td3,common_td3_target_critic,walker2d-medium-replay-v2,10.0,0,-1.704100159177365,-1.762526040328619,0.05842588115125391,seeds are marginal run replicates within fixed task-budget cells,"fixed nine-task, five-budget grid only"
cell,p4,td3,common_td3_target_critic,walker2d-medium-replay-v2,10.0,1,-1.6014599608719085,-1.6818565206760994,0.08039655980419091,seeds are marginal run replicates within fixed task-budget cells,"fixed nine-task, five-budget grid only"
cell,p4,td3,common_td3_target_critic,walker2d-medium-replay-v2,14.0,0,-34.06137753798846,-35.7545389871248,1.6931614491363405,seeds are marginal run replicates within fixed task-budget cells,"fixed nine-task, five-budget grid only"
cell,p4,td3,common_td3_target_critic,walker2d-medium-replay-v2,14.0,1,-12.828588105799144,-13.62303226214738,0.7944441563482361,seeds are marginal run replicates within fixed task-budget cells,"fixed nine-task, five-budget grid only"
cell,p4,td3,common_td3_target_critic,walker2d-medium-replay-v2,20.0,0,-2.6596861605576465,-2.8763167146282607,0.21663055407061416,seeds are marginal run replicates within fixed task-budget cells,"fixed nine-task, five-budget grid only"
cell,p4,td3,common_td3_target_critic,walker2d-medium-replay-v2,20.0,1,-111.96182255940309,-121.19043522817257,9.228612668769486,seeds are marginal run replicates within fixed task-budget cells,"fixed nine-task, five-budget grid only"
cell,p4,td3,common_td3_target_critic,walker2d-expert-v2,4.0,0,-675409605631.6694,-747366410875.1152,71956805243.4459,seeds are marginal run replicates within fixed task-budget cells,"fixed nine-task, five-budget grid only"
cell,p4,td3,common_td3_target_critic,walker2d-expert-v2,4.0,1,-508993972790.6795,-563666549723.014,54672576932.33452,seeds are marginal run replicates within fixed task-budget cells,"fixed nine-task, five-budget grid only"
cell,p4,td3,common_td3_target_critic,walker2d-expert-v2,7.0,0,-727326064235.1116,-803770043299.0421,76443979063.93053,seeds are marginal run replicates within fixed task-budget cells,"fixed nine-task, five-budget grid only"
cell,p4,td3,common_td3_target_critic,walker2d-expert-v2,7.0,1,-528708201243.2892,-590268088255.5973,61559887012.30812,seeds are marginal run replicates within fixed task-budget cells,"fixed nine-task, five-budget grid only"
cell,p4,td3,common_td3_target_critic,walker2d-expert-v2,10.0,0,-765713802878.2744,-847945692567.5823,82231889689.30782,seeds are marginal run replicates within fixed task-budget cells,"fixed nine-task, five-budget grid only"
cell,p4,td3,common_td3_target_critic,walker2d-expert-v2,10.0,1,-573528293364.9266,-638458918462.7604,64930625097.833725,seeds are marginal run replicates within fixed task-budget cells,"fixed nine-task, five-budget grid only"
cell,p4,td3,common_td3_target_critic,walker2d-expert-v2,14.0,0,-83874223351.76233,-91609316890.15576,7735093538.393433,seeds are marginal run replicates within fixed task-budget cells,"fixed nine-task, five-budget grid only"
cell,p4,td3,common_td3_target_critic,walker2d-expert-v2,14.0,1,-13799544544.003296,-15783385730.696533,1983841186.6932373,seeds are marginal run replicates within fixed task-budget cells,"fixed nine-task, five-budget grid only"
cell,p4,td3,common_td3_target_critic,walker2d-expert-v2,20.0,0,12792162279.582397,13775314962.59436,-983152683.0119629,seeds are marginal run replicates within fixed task-budget cells,"fixed nine-task, five-budget grid only"
cell,p4,td3,common_td3_target_critic,walker2d-expert-v2,20.0,1,53858992945.18677,57434078250.054565,-3575085304.867798,seeds are marginal run replicates within fixed task-budget cells,"fixed nine-task, five-budget grid only"
task_budget_seed_mean,p4,td3,common_td3_target_critic,halfcheetah-medium-v2,4.0,,-0.9374166216675268,-1.0205653184939,0.08314869682637327,seeds are marginal run replicates within fixed task-budget cells,"fixed nine-task, five-budget grid only"
task_budget_seed_mean,p4,td3,common_td3_target_critic,halfcheetah-medium-v2,7.0,,-1.117850088173329,-1.2067689035438738,0.08891881537054469,seeds are marginal run replicates within fixed task-budget cells,"fixed nine-task, five-budget grid only"
task_budget_seed_mean,p4,td3,common_td3_target_critic,halfcheetah-medium-v2,10.0,,-1.1919940271960296,-1.3066726547925533,0.1146786275965237,seeds are marginal run replicates within fixed task-budget cells,"fixed nine-task, five-budget grid only"
task_budget_seed_mean,p4,td3,common_td3_target_critic,halfcheetah-medium-v2,14.0,,-1.204456734959806,-1.3800461157478312,0.1755893807880251,seeds are marginal run replicates within fixed task-budget cells,"fixed nine-task, five-budget grid only"
task_budget_seed_mean,p4,td3,common_td3_target_critic,halfcheetah-medium-v2,20.0,,-1.2013453259103173,-1.3097819398065123,0.10843661389619497,seeds are marginal run replicates within fixed task-budget cells,"fixed nine-task, five-budget grid only"
task_budget_seed_mean,p4,td3,common_td3_target_critic,halfcheetah-medium-replay-v2,4.0,,-1.7409930335447195,-1.7492337765978618,0.008240743053142374,seeds are marginal run replicates within fixed task-budget cells,"fixed nine-task, five-budget grid only"
task_budget_seed_mean,p4,td3,common_td3_target_critic,halfcheetah-medium-replay-v2,7.0,,-1.3199563526788816,-1.4698442985555025,0.1498879458766209,seeds are marginal run replicates within fixed task-budget cells,"fixed nine-task, five-budget grid only"
task_budget_seed_mean,p4,td3,common_td3_target_critic,halfcheetah-medium-replay-v2,10.0,,-1.4494177913827162,-1.5512924508875172,0.10187465950480101,seeds are marginal run replicates within fixed task-budget cells,"fixed nine-task, five-budget grid only"
task_budget_seed_mean,p4,td3,common_td3_target_critic,halfcheetah-medium-replay-v2,14.0,,-1.78750644104499,-1.846807872588527,0.059301431543537175,seeds are marginal run replicates within fixed task-budget cells,"fixed nine-task, five-budget grid only"
task_budget_seed_mean,p4,td3,common_td3_target_critic,halfcheetah-medium-replay-v2,20.0,,-1.6045966123155704,-1.7792066408875689,0.17461002857199848,seeds are marginal run replicates within fixed task-budget cells,"fixed nine-task, five-budget grid only"
task_budget_seed_mean,p4,td3,common_td3_target_critic,halfcheetah-expert-v2,4.0,,-0.7773104861625999,-0.9434107416434858,0.16610025548088592,seeds are marginal run replicates within fixed task-budget cells,"fixed nine-task, five-budget grid only"
task_budget_seed_mean,p4,td3,common_td3_target_critic,halfcheetah-expert-v2,7.0,,-4.848075604606382,-5.59639389188181,0.7483182872754277,seeds are marginal run replicates within fixed task-budget cells,"fixed nine-task, five-budget grid only"
task_budget_seed_mean,p4,td3,common_td3_target_critic,halfcheetah-expert-v2,10.0,,-6.995064393073737,-7.889794299552183,0.8947299064784457,seeds are marginal run replicates within fixed task-budget cells,"fixed nine-task, five-budget grid only"
task_budget_seed_mean,p4,td3,common_td3_target_critic,halfcheetah-expert-v2,14.0,,-8.422467672687812,-8.970903920279955,0.5484362475921407,seeds are marginal run replicates within fixed task-budget cells,"fixed nine-task, five-budget grid only"
task_budget_seed_mean,p4,td3,common_td3_target_critic,halfcheetah-expert-v2,20.0,,-21.549632429819376,-23.707468569830176,2.1578361400108017,seeds are marginal run replicates within fixed task-budget cells,"fixed nine-task, five-budget grid only"
task_budget_seed_mean,p4,td3,common_td3_target_critic,hopper-medium-v2,4.0,,-0.5596312791463346,-0.6034708488451659,0.04383956969883129,seeds are marginal run replicates within fixed task-budget cells,"fixed nine-task, five-budget grid only"
task_budget_seed_mean,p4,td3,common_td3_target_critic,hopper-medium-v2,7.0,,-51887116482.34495,-57210306649.546394,5323190167.201442,seeds are marginal run replicates within fixed task-budget cells,"fixed nine-task, five-budget grid only"
task_budget_seed_mean,p4,td3,common_td3_target_critic,hopper-medium-v2,10.0,,-177929928921.84454,-196961056971.0409,19031128049.19638,seeds are marginal run replicates within fixed task-budget cells,"fixed nine-task, five-budget grid only"
task_budget_seed_mean,p4,td3,common_td3_target_critic,hopper-medium-v2,14.0,,-204790003424.95026,-227173796526.28998,22383793101.339714,seeds are marginal run replicates within fixed task-budget cells,"fixed nine-task, five-budget grid only"
task_budget_seed_mean,p4,td3,common_td3_target_critic,hopper-medium-v2,20.0,,-260452333622.28113,-289041244084.2106,28588910461.929405,seeds are marginal run replicates within fixed task-budget cells,"fixed nine-task, five-budget grid only"
task_budget_seed_mean,p4,td3,common_td3_target_critic,hopper-medium-replay-v2,4.0,,-1.3114648301390122,-1.4246206555749374,0.11315582543592528,seeds are marginal run replicates within fixed task-budget cells,"fixed nine-task, five-budget grid only"
task_budget_seed_mean,p4,td3,common_td3_target_critic,hopper-medium-replay-v2,7.0,,-1.0897863125969751,-1.1234317402000236,0.03364542760304845,seeds are marginal run replicates within fixed task-budget cells,"fixed nine-task, five-budget grid only"
task_budget_seed_mean,p4,td3,common_td3_target_critic,hopper-medium-replay-v2,10.0,,-0.9925141398757786,-1.0245115686440804,0.031997428768301805,seeds are marginal run replicates within fixed task-budget cells,"fixed nine-task, five-budget grid only"
task_budget_seed_mean,p4,td3,common_td3_target_critic,hopper-medium-replay-v2,14.0,,-1.0265309295215892,-1.146440583707467,0.11990965418587773,seeds are marginal run replicates within fixed task-budget cells,"fixed nine-task, five-budget grid only"
task_budget_seed_mean,p4,td3,common_td3_target_critic,hopper-medium-replay-v2,20.0,,-0.9821764976469158,-1.0913095336546073,0.10913303600769142,seeds are marginal run replicates within fixed task-budget cells,"fixed nine-task, five-budget grid only"
task_budget_seed_mean,p4,td3,common_td3_target_critic,hopper-expert-v2,4.0,,-3131542.966366913,-3293828.3843448153,162285.4179779017,seeds are marginal run replicates within fixed task-budget cells,"fixed nine-task, five-budget grid only"
task_budget_seed_mean,p4,td3,common_td3_target_critic,hopper-expert-v2,7.0,,-429810782953.6273,-473073583213.46674,43262800259.839355,seeds are marginal run replicates within fixed task-budget cells,"fixed nine-task, five-budget grid only"
task_budget_seed_mean,p4,td3,common_td3_target_critic,hopper-expert-v2,10.0,,-371283745394.28955,-406963651507.83826,35679906113.548676,seeds are marginal run replicates within fixed task-budget cells,"fixed nine-task, five-budget grid only"
task_budget_seed_mean,p4,td3,common_td3_target_critic,hopper-expert-v2,14.0,,-361610467362.52954,-400280706979.54395,38670239617.014404,seeds are marginal run replicates within fixed task-budget cells,"fixed nine-task, five-budget grid only"
task_budget_seed_mean,p4,td3,common_td3_target_critic,hopper-expert-v2,20.0,,-363679619283.3782,-400910045175.33466,37230425891.95651,seeds are marginal run replicates within fixed task-budget cells,"fixed nine-task, five-budget grid only"
task_budget_seed_mean,p4,td3,common_td3_target_critic,walker2d-medium-v2,4.0,,-13.981062145449476,-15.133691220418573,1.1526290749690977,seeds are marginal run replicates within fixed task-budget cells,"fixed nine-task, five-budget grid only"
task_budget_seed_mean,p4,td3,common_td3_target_critic,walker2d-medium-v2,7.0,,-91786230295.22765,-104102453567.01767,12316223271.790024,seeds are marginal run replicates within fixed task-budget cells,"fixed nine-task, five-budget grid only"
task_budget_seed_mean,p4,td3,common_td3_target_critic,walker2d-medium-v2,10.0,,-70874393256.61407,-80860522629.27092,9986129372.656857,seeds are marginal run replicates within fixed task-budget cells,"fixed nine-task, five-budget grid only"
task_budget_seed_mean,p4,td3,common_td3_target_critic,walker2d-medium-v2,14.0,,-10244280841.135891,-12487499056.110447,2243218214.974555,seeds are marginal run replicates within fixed task-budget cells,"fixed nine-task, five-budget grid only"
task_budget_seed_mean,p4,td3,common_td3_target_critic,walker2d-medium-v2,20.0,,-105468013954.08813,-119492940323.30206,14024926369.213942,seeds are marginal run replicates within fixed task-budget cells,"fixed nine-task, five-budget grid only"
task_budget_seed_mean,p4,td3,common_td3_target_critic,walker2d-medium-replay-v2,4.0,,-1.6167583764314895,-1.7065894482023038,0.0898310717708144,seeds are marginal run replicates within fixed task-budget cells,"fixed nine-task, five-budget grid only"
task_budget_seed_mean,p4,td3,common_td3_target_critic,walker2d-medium-replay-v2,7.0,,-2.9823989975455545,-3.0405944107727736,0.058195413227218884,seeds are marginal run replicates within fixed task-budget cells,"fixed nine-task, five-budget grid only"
task_budget_seed_mean,p4,td3,common_td3_target_critic,walker2d-medium-replay-v2,10.0,,-1.6527800600246367,-1.7221912805023591,0.06941122047772241,seeds are marginal run replicates within fixed task-budget cells,"fixed nine-task, five-budget grid only"
task_budget_seed_mean,p4,td3,common_td3_target_critic,walker2d-medium-replay-v2,14.0,,-23.444982821893802,-24.68878562463609,1.2438028027422883,seeds are marginal run replicates within fixed task-budget cells,"fixed nine-task, five-budget grid only"
task_budget_seed_mean,p4,td3,common_td3_target_critic,walker2d-medium-replay-v2,20.0,,-57.310754359980365,-62.03337597140042,4.72262161142005,seeds are marginal run replicates within fixed task-budget cells,"fixed nine-task, five-budget grid only"
task_budget_seed_mean,p4,td3,common_td3_target_critic,walker2d-expert-v2,4.0,,-592201789211.1744,-655516480299.0647,63314691087.89021,seeds are marginal run replicates within fixed task-budget cells,"fixed nine-task, five-budget grid only"
task_budget_seed_mean,p4,td3,common_td3_target_critic,walker2d-expert-v2,7.0,,-628017132739.2004,-697019065777.3197,69001933038.11932,seeds are marginal run replicates within fixed task-budget cells,"fixed nine-task, five-budget grid only"
task_budget_seed_mean,p4,td3,common_td3_target_critic,walker2d-expert-v2,10.0,,-669621048121.6006,-743202305515.1714,73581257393.57077,seeds are marginal run replicates within fixed task-budget cells,"fixed nine-task, five-budget grid only"
task_budget_seed_mean,p4,td3,common_td3_target_critic,walker2d-expert-v2,14.0,,-48836883947.88281,-53696351310.42615,4859467362.543335,seeds are marginal run replicates within fixed task-budget cells,"fixed nine-task, five-budget grid only"
task_budget_seed_mean,p4,td3,common_td3_target_critic,walker2d-expert-v2,20.0,,33325577612.384583,35604696606.32446,-2279118993.9398804,seeds are marginal run replicates within fixed task-budget cells,"fixed nine-task, five-budget grid only"
task_marginal_mean,p4,td3,common_td3_target_critic,halfcheetah-medium-v2,,,-1.1306125595814018,-1.244766986476934,0.11415442689553235,seeds are marginal run replicates within fixed task-budget cells,"fixed nine-task, five-budget grid only"
task_marginal_mean,p4,td3,common_td3_target_critic,halfcheetah-medium-replay-v2,,,-1.5804940461933754,-1.6792770079033956,0.09878296171001999,seeds are marginal run replicates within fixed task-budget cells,"fixed nine-task, five-budget grid only"
task_marginal_mean,p4,td3,common_td3_target_critic,halfcheetah-expert-v2,,,-8.518510117269981,-9.421594284637521,0.9030841673675404,seeds are marginal run replicates within fixed task-budget cells,"fixed nine-task, five-budget grid only"
task_marginal_mean,p4,td3,common_td3_target_critic,hopper-medium-v2,,,-139011876490.3961,-154077280846.33823,15065404355.942158,seeds are marginal run replicates within fixed task-budget cells,"fixed nine-task, five-budget grid only"
task_marginal_mean,p4,td3,common_td3_target_critic,hopper-medium-replay-v2,,,-1.080494541956054,-1.162062816356223,0.08156827440016894,seeds are marginal run replicates within fixed task-budget cells,"fixed nine-task, five-budget grid only"
task_marginal_mean,p4,td3,common_td3_target_critic,hopper-expert-v2,,,-305277549307.3582,-336246256140.91364,30968706833.55538,seeds are marginal run replicates within fixed task-budget cells,"fixed nine-task, five-budget grid only"
task_marginal_mean,p4,td3,common_td3_target_critic,walker2d-medium-v2,,,-55674583672.209366,-63388683118.166954,7714099445.957602,seeds are marginal run replicates within fixed task-budget cells,"fixed nine-task, five-budget grid only"
task_marginal_mean,p4,td3,common_td3_target_critic,walker2d-medium-replay-v2,,,-17.40153492317517,-18.63830734710279,1.236772423927619,seeds are marginal run replicates within fixed task-budget cells,"fixed nine-task, five-budget grid only"
task_marginal_mean,p4,td3,common_td3_target_critic,walker2d-expert-v2,,,-381070255281.49475,-422765901259.1315,41695645977.63676,seeds are marginal run replicates within fixed task-budget cells,"fixed nine-task, five-budget grid only"
task_equal_overall,p4,td3,common_td3_target_critic,,,,-97892696086.79669,-108497569044.07736,10604872957.280697,seeds are marginal run replicates within fixed task-budget cells,"fixed nine-task, five-budget grid only"
