key,method,environment,tau,seed,checkpoint_step,checkpoint_file_sha256,weights_sha256,config_sha256,dataset_sha256,normalization_sha256,selected_transition_sha256,common_noise_sha256,external_score,stability,n_rows,action_dim,target_to_next_data_rms,final_to_next_data_rms,final_to_target_rms,smoothed_target_to_next_data_rms,final_target_ratio,target_saturation_fraction,final_saturation_fraction,smoothed_target_saturation_fraction,smoothed_dataset_saturation_fraction,all_finite,raw_npz,raw_sha256
td3|halfcheetah-medium-v2|4|0,td3,halfcheetah-medium-v2,4.0,0,1000000,7ad214a025859acb7470c19e6614652556130d0cc6177ca94b94956828402cc4,ea13f8f19c206104dd3c967a71398ce2b71326b297f29f8f59f6a6c64d4a87cd,4b77f51c6f967d082f97bcd019acbe59745069cec83d57160c3b4ca4d6670fbd,41324e8487a9556d8cfa4538827f8937f4d63dae3030825ebc9f3a726ed08ca0,51caf28579bcf0013343423215dd5726ae413ef0b9b26b62ac1b2c5fc057f353,f20b34392225e6018651d4267640ab507f18639f458d111acf32721f16328ed6,1089581c802a0f5b9679e0f7426544a2e7d61c1b00ecc63f7b60086fbe80f210,52.55501555283176,stable,4096,6,0.19368262370357336,0.1958528906297425,0.028815853957883584,0.18655600611097298,1.0112052743022042,0.005900065104166667,0.005900065104166667,0.24568684895833334,0.24462890625,True,raw/halfcheetah-medium-v2/halfcheetah-medium-v2_tau4_seed0.npz,f404c36f698005e7cfa773b8da70b64f7d133bef47e671e39ab77b999697acf1
p3|halfcheetah-medium-v2|4|0,p3,halfcheetah-medium-v2,4.0,0,1000000,21075ab730ae3e6075d22719218a44a7e1dc7bb00aff426c45fa2829448e1a54,021456f951e305b8c909c6ba828a3f8756237d910d1cb3784f9d59da57808590,8f1b9946d18f48b5fcc743e146ce9c0853c88f76abd7cde5d9c7ffa0d9702962,41324e8487a9556d8cfa4538827f8937f4d63dae3030825ebc9f3a726ed08ca0,51caf28579bcf0013343423215dd5726ae413ef0b9b26b62ac1b2c5fc057f353,f20b34392225e6018651d4267640ab507f18639f458d111acf32721f16328ed6,1089581c802a0f5b9679e0f7426544a2e7d61c1b00ecc63f7b60086fbe80f210,53.89746372095229,stable,4096,6,0.17250165001850615,0.21248339876918648,0.09571064798386512,0.16671869169462158,1.2317760366140906,0.0002848307291666667,0.016845703125,0.2413330078125,0.24462890625,True,raw/halfcheetah-medium-v2/halfcheetah-medium-v2_tau4_mpi3_seed0.npz,497d423331130105ce16a592b7a75cdd772399c75461746649cdd139f57a7bbe
p4|halfcheetah-medium-v2|4|0,p4,halfcheetah-medium-v2,4.0,0,1000000,6d48330a086bb601cf61b06783fcff625b2dd5a22d4c86c44c3d1ca7690d9153,50f5084ac71a2e36f93ffa65674a9cc86e7f454c83beedc9fa76ab5c3ee98c0d,3ca6a600ef986ffe64d61bab91975171f2ceb717f970ea9e40bdca991c3b57e7,41324e8487a9556d8cfa4538827f8937f4d63dae3030825ebc9f3a726ed08ca0,51caf28579bcf0013343423215dd5726ae413ef0b9b26b62ac1b2c5fc057f353,f20b34392225e6018651d4267640ab507f18639f458d111acf32721f16328ed6,1089581c802a0f5b9679e0f7426544a2e7d61c1b00ecc63f7b60086fbe80f210,53.47275204566746,stable,4096,6,0.16833906153908365,0.21228635119497183,0.10576928814135751,0.1628992444565822,1.2610641241200269,0.00020345052083333334,0.029988606770833332,0.23982747395833334,0.24462890625,True,raw/halfcheetah-medium-v2/halfcheetah-medium-v2_tau4_mpi4_seed0.npz,f8a2373b325496920fb3ee5bfb209d82f542b7c076682a26000c6df0a42cb8d1
td3|halfcheetah-medium-v2|4|1,td3,halfcheetah-medium-v2,4.0,1,1000000,f732ae36fb0e397420de204120ea6d3abbde97d1f119866b22904757158fe74f,ac5599bcebc343ab910c921bdf2a65c6eeb47c4ed6b71ed7bdefb931c8c79d1c,82d5729cb2722977b8b7e20024137eaccc265183ad4aa190e722a3e3ce856f0a,41324e8487a9556d8cfa4538827f8937f4d63dae3030825ebc9f3a726ed08ca0,51caf28579bcf0013343423215dd5726ae413ef0b9b26b62ac1b2c5fc057f353,f20b34392225e6018651d4267640ab507f18639f458d111acf32721f16328ed6,1089581c802a0f5b9679e0f7426544a2e7d61c1b00ecc63f7b60086fbe80f210,53.21404461769833,stable,4096,6,0.1951036710922668,0.19685219897970618,0.02830632715732409,0.18779937923904344,1.0089620450381607,0.018310546875,0.020914713541666668,0.247802734375,0.24462890625,True,raw/halfcheetah-medium-v2/halfcheetah-medium-v2_tau4_seed1.npz,5f30ae9c544bac1ccf2e9746f5e27bb3ca6c542dd1a82aaeea0e4945e4171eb3
p3|halfcheetah-medium-v2|4|1,p3,halfcheetah-medium-v2,4.0,1,1000000,3b54238ba9a6f0f9832c07ec844c93d7b84aa908952f6bca3858f368cd062d58,469defb93f268ab9732066e778bc7fa6700b134709331b41115a43e538ddc494,e0f586d74480f6381a04a6a78b2105e228fd70d299443b63a2437f111c4a5c42,41324e8487a9556d8cfa4538827f8937f4d63dae3030825ebc9f3a726ed08ca0,51caf28579bcf0013343423215dd5726ae413ef0b9b26b62ac1b2c5fc057f353,f20b34392225e6018651d4267640ab507f18639f458d111acf32721f16328ed6,1089581c802a0f5b9679e0f7426544a2e7d61c1b00ecc63f7b60086fbe80f210,53.27348125692657,stable,4096,6,0.1730401759593382,0.20818770930939093,0.09238113576662452,0.16730426183759944,1.2031177624224785,0.000244140625,0.031209309895833332,0.23958333333333334,0.24462890625,True,raw/halfcheetah-medium-v2/halfcheetah-medium-v2_tau4_mpi3_seed1.npz,57ecf143e1394b82a7ce854acbb573d7e17dab3f63c83b2eb2a5a34b4dda6be0
p4|halfcheetah-medium-v2|4|1,p4,halfcheetah-medium-v2,4.0,1,1000000,68480988ef99c1c98e7ece5939f28fc611896c2bff1fbfc50bf60800a3c603bf,7bb6fe82bda878477b522427c3bf0ac85f59f043743efe99a37bad8b3d1db5d0,575181e62e7bfd240a06a935d026429622039fe66b125931536a975d531497c5,41324e8487a9556d8cfa4538827f8937f4d63dae3030825ebc9f3a726ed08ca0,51caf28579bcf0013343423215dd5726ae413ef0b9b26b62ac1b2c5fc057f353,f20b34392225e6018651d4267640ab507f18639f458d111acf32721f16328ed6,1089581c802a0f5b9679e0f7426544a2e7d61c1b00ecc63f7b60086fbe80f210,52.81514565627216,stable,4096,6,0.1691652516520156,0.21427223721456343,0.10873893056874878,0.1639129758079979,1.2666445095671064,0.0,0.020467122395833332,0.23779296875,0.24462890625,True,raw/halfcheetah-medium-v2/halfcheetah-medium-v2_tau4_mpi4_seed1.npz,5477426dd800a37147ef7107a7d04eddf45abc7af79fc7d737977920d4500c15
td3|halfcheetah-medium-v2|7|0,td3,halfcheetah-medium-v2,7.0,0,1000000,33354b38dc19476c1ecd01601ffc3746c82dc85ff4fb2ca29098fbf8759e2812,1a88c422f1d6d6282a0abfa2309737c41ce3da8b2b68c6d1d901a1f3bc37974a,41c953b8cdf26df106de176357a84a846d967ead4f85f1ef47852bc4316f516c,41324e8487a9556d8cfa4538827f8937f4d63dae3030825ebc9f3a726ed08ca0,51caf28579bcf0013343423215dd5726ae413ef0b9b26b62ac1b2c5fc057f353,f20b34392225e6018651d4267640ab507f18639f458d111acf32721f16328ed6,1089581c802a0f5b9679e0f7426544a2e7d61c1b00ecc63f7b60086fbe80f210,56.53405207509182,stable,4096,6,0.21722512822567894,0.21907901014452563,0.027847180857144452,0.2085393227280786,1.0085343805939462,0.044718424479166664,0.043375651041666664,0.2542317708333333,0.24462890625,True,raw/halfcheetah-medium-v2/halfcheetah-medium-v2_tau7_seed0.npz,76e2e76fc0ebb2a8dbe1b1faaaad5f693d9544b81d813b43de9420d85da61b72
p3|halfcheetah-medium-v2|7|0,p3,halfcheetah-medium-v2,7.0,0,1000000,b8597e59803bf6789eb89c6a74f2e3cc8dc64908d549ac860220bfd6547f29fd,69684eec2822f7bf9bb8d7440b060d6555199510076047a8304587567f9114a3,270d03b0496836a1a82db827e7aebd80b8e9f13819081bb635496b170b7b24f2,41324e8487a9556d8cfa4538827f8937f4d63dae3030825ebc9f3a726ed08ca0,51caf28579bcf0013343423215dd5726ae413ef0b9b26b62ac1b2c5fc057f353,f20b34392225e6018651d4267640ab507f18639f458d111acf32721f16328ed6,1089581c802a0f5b9679e0f7426544a2e7d61c1b00ecc63f7b60086fbe80f210,56.58806324844725,stable,4096,6,0.17979495146950925,0.23513226755450875,0.11482039530645416,0.1736392876502432,1.3077801441737587,0.000244140625,0.035196940104166664,0.24605305989583334,0.24462890625,True,raw/halfcheetah-medium-v2/halfcheetah-medium-v2_tau7_mpi3_seed0.npz,7264198f406ab743826cc7fc7f6dff2dc1349f74736aeaf25582f517f4c91265
p4|halfcheetah-medium-v2|7|0,p4,halfcheetah-medium-v2,7.0,0,1000000,4404bd9595bbcbacee61e95d73138b62f45039b0817ff9b73496a8978a4b5394,80767477810d45a66e0e55f4bd418936573a5545c4f78635b92515dbda0e4f77,fea53c00fe52db2aa35e16dae18ad29240e79ddd43e50cf7d6ffe0b6e4183112,41324e8487a9556d8cfa4538827f8937f4d63dae3030825ebc9f3a726ed08ca0,51caf28579bcf0013343423215dd5726ae413ef0b9b26b62ac1b2c5fc057f353,f20b34392225e6018651d4267640ab507f18639f458d111acf32721f16328ed6,1089581c802a0f5b9679e0f7426544a2e7d61c1b00ecc63f7b60086fbe80f210,57.724175554446,stable,4096,6,0.17539318862221026,0.24354342814163715,0.13558706853880034,0.16969777643794381,1.3885569334520722,0.0001220703125,0.024983723958333332,0.24173990885416666,0.24462890625,True,raw/halfcheetah-medium-v2/halfcheetah-medium-v2_tau7_mpi4_seed0.npz,3ca1d496b4a9103a52071e465a9b34c8971745d3c453e5bd37715c8648cb0864
td3|halfcheetah-medium-v2|7|1,td3,halfcheetah-medium-v2,7.0,1,1000000,3d4e2a95eba777e84adb1dbf3015087669ebed743bcb14ace0dc10268542986f,f2226ceba71c3a40ee3df1d40181e3a1c89235e017a78d89a99db2a99fa85b69,272c94abe75c4aead4c3943761789cbc01b585b4c2349b2021674fecb06e8ec9,41324e8487a9556d8cfa4538827f8937f4d63dae3030825ebc9f3a726ed08ca0,51caf28579bcf0013343423215dd5726ae413ef0b9b26b62ac1b2c5fc057f353,f20b34392225e6018651d4267640ab507f18639f458d111acf32721f16328ed6,1089581c802a0f5b9679e0f7426544a2e7d61c1b00ecc63f7b60086fbe80f210,57.54999629458176,stable,4096,6,0.215551917208811,0.21764215374091325,0.028327652970533745,0.20699598836030014,1.00969713727982,0.06404622395833333,0.06734212239583333,0.2511393229166667,0.24462890625,True,raw/halfcheetah-medium-v2/halfcheetah-medium-v2_tau7_seed1.npz,20b48bdb5bd345d0431d25df6dcbbc4c5ab7dea2bfa223f8c730a65f5d8e3846
p3|halfcheetah-medium-v2|7|1,p3,halfcheetah-medium-v2,7.0,1,1000000,316c80cb7e8b272863a802acf6e7065ab549d587472703fd2c76ac28cb148e1e,89b9b4bdcb144ccae30bde9aaff5773d2ff3c664d6f20157922e97091a7c20df,36fc11c0bfa3fd9c79b2c13be7c42bec840e146a1524ac61ba74e94a1b161113,41324e8487a9556d8cfa4538827f8937f4d63dae3030825ebc9f3a726ed08ca0,51caf28579bcf0013343423215dd5726ae413ef0b9b26b62ac1b2c5fc057f353,f20b34392225e6018651d4267640ab507f18639f458d111acf32721f16328ed6,1089581c802a0f5b9679e0f7426544a2e7d61c1b00ecc63f7b60086fbe80f210,57.49236408610612,stable,4096,6,0.18112132292566235,0.23770676093760174,0.11546051960582729,0.17481316774999375,1.3124173183914063,0.0004475911458333333,0.033406575520833336,0.24064127604166666,0.24462890625,True,raw/halfcheetah-medium-v2/halfcheetah-medium-v2_tau7_mpi3_seed1.npz,be84316836d8837d4f0f5e8a68945793c2f78f379b3ff4d948fafec3c39eb155
p4|halfcheetah-medium-v2|7|1,p4,halfcheetah-medium-v2,7.0,1,1000000,5bba05c1fc78c49f595c2c2adf8e07059461ea774ef16404205599dab41c6a42,fc3bc00f39a0a93c70e3c0c86f50f8ce25a5313a3a7cf7d06735d56a4bff7610,9959678265e9454a51c9c12c351c1c6bc236429944716c937db2d9586fd34a5a,41324e8487a9556d8cfa4538827f8937f4d63dae3030825ebc9f3a726ed08ca0,51caf28579bcf0013343423215dd5726ae413ef0b9b26b62ac1b2c5fc057f353,f20b34392225e6018651d4267640ab507f18639f458d111acf32721f16328ed6,1089581c802a0f5b9679e0f7426544a2e7d61c1b00ecc63f7b60086fbe80f210,54.90533813855326,stable,4096,6,0.17535988954726384,0.24109721945754192,0.13099597860667164,0.16956241034444555,1.3748709586895596,0.0004475911458333333,0.0224609375,0.24100748697916666,0.24462890625,True,raw/halfcheetah-medium-v2/halfcheetah-medium-v2_tau7_mpi4_seed1.npz,5cb453a69f735ab9631fb37cf91193f9d3ea9d735c7768b82f25a9552c755c3a
td3|halfcheetah-medium-v2|10|0,td3,halfcheetah-medium-v2,10.0,0,1000000,e3bb66d0e33047b49bf94c053151ca47c309db808c67b5a78068497f1c519a9a,68513ff7c1d8ed95ce25c8e7493e94112e91594cc404587a9abf7ba1ba377f2a,d83a527733155095c6e970a4d9ad02564d2fb33a8a7e36a42603c469df4c625d,41324e8487a9556d8cfa4538827f8937f4d63dae3030825ebc9f3a726ed08ca0,51caf28579bcf0013343423215dd5726ae413ef0b9b26b62ac1b2c5fc057f353,f20b34392225e6018651d4267640ab507f18639f458d111acf32721f16328ed6,1089581c802a0f5b9679e0f7426544a2e7d61c1b00ecc63f7b60086fbe80f210,57.86957846261852,stable,4096,6,0.24243982670630115,0.24624697077144006,0.034320304865687316,0.23189752507806374,1.0157034597692194,0.063232421875,0.0572509765625,0.247314453125,0.24462890625,True,raw/halfcheetah-medium-v2/halfcheetah-medium-v2_tau10_seed0.npz,90d5d7b8485e21459c4ca33ae45932e310a9acece9c191c9341753f73d88bfc0
p3|halfcheetah-medium-v2|10|0,p3,halfcheetah-medium-v2,10.0,0,1000000,1955667ff16145bfaa12a0db22bce124fb9f415eb1e17ccb9e93f8676bd6d2f9,1ff343cd1a947eede677a098d158a7221369760232b9ca5d099485adb38d1069,2339228a186916d89710a04c0516e9ee2c1a765a9c42a5edbc9ba145eb59a23e,41324e8487a9556d8cfa4538827f8937f4d63dae3030825ebc9f3a726ed08ca0,51caf28579bcf0013343423215dd5726ae413ef0b9b26b62ac1b2c5fc057f353,f20b34392225e6018651d4267640ab507f18639f458d111acf32721f16328ed6,1089581c802a0f5b9679e0f7426544a2e7d61c1b00ecc63f7b60086fbe80f210,57.55291286234537,stable,4096,6,0.18668678780182538,0.2588354674209464,0.135056524620894,0.17993073682677085,1.3864691254729251,0.0011800130208333333,0.037272135416666664,0.24296061197916666,0.24462890625,True,raw/halfcheetah-medium-v2/halfcheetah-medium-v2_tau10_mpi3_seed0.npz,9c2e8cc2393e2786c59a9888b25261720c0bb77cc1aab4e24daca60c0abf8d3d
p4|halfcheetah-medium-v2|10|0,p4,halfcheetah-medium-v2,10.0,0,1000000,c904efaf06a84380f25d8da89b51be21d587752ab03604f7d21949d727ab44ef,a4bd913046c54141ac2c39df3cbc1066494212d7c3fc3501c17772a2df8bc657,ac510622b65ab5e992e389132a47a888678463eabab95a2877ffbd3fcde2743c,41324e8487a9556d8cfa4538827f8937f4d63dae3030825ebc9f3a726ed08ca0,51caf28579bcf0013343423215dd5726ae413ef0b9b26b62ac1b2c5fc057f353,f20b34392225e6018651d4267640ab507f18639f458d111acf32721f16328ed6,1089581c802a0f5b9679e0f7426544a2e7d61c1b00ecc63f7b60086fbe80f210,57.32914181308967,stable,4096,6,0.18076065137630815,0.26729886644813233,0.15501470259865832,0.17454571285971032,1.4787447622749967,0.0009358723958333334,0.032185872395833336,0.24418131510416666,0.24462890625,True,raw/halfcheetah-medium-v2/halfcheetah-medium-v2_tau10_mpi4_seed0.npz,03609d10127f666903c89b0e06dd616e8e3e3114d09d9862f4b468be18ba5623
td3|halfcheetah-medium-v2|10|1,td3,halfcheetah-medium-v2,10.0,1,1000000,c71cf01579ab9fa6ad4fc852d1aa035a7f4c56722c98400e24dd0b1392485ec1,c9afa352bbc9a6598b5e558f66ee171fd000390bdc0df8dcf324c9c73bba67e5,26db80fdd0af03e73ab7b3db45095f13edd19862031c22ed4ccbce88acfd2028,41324e8487a9556d8cfa4538827f8937f4d63dae3030825ebc9f3a726ed08ca0,51caf28579bcf0013343423215dd5726ae413ef0b9b26b62ac1b2c5fc057f353,f20b34392225e6018651d4267640ab507f18639f458d111acf32721f16328ed6,1089581c802a0f5b9679e0f7426544a2e7d61c1b00ecc63f7b60086fbe80f210,60.13073514671685,stable,4096,6,0.23800724100958484,0.24096064700375433,0.033526756023831275,0.22816970841768772,1.0124088913498668,0.054768880208333336,0.055501302083333336,0.2526448567708333,0.24462890625,True,raw/halfcheetah-medium-v2/halfcheetah-medium-v2_tau10_seed1.npz,01d6028db013a48b7d1a1881dd9e516fd2bd70a3c1e7691cc8459f08a48b7585
p3|halfcheetah-medium-v2|10|1,p3,halfcheetah-medium-v2,10.0,1,1000000,b36ec7baab8312573f922cef4d86c2bc0d26f5509ae0e881a1a334857fbca478,d4c3f0bc730f74c6d14810c0cc49d6dd8cab0a4319ec5e5fc2d98082b1e18f4f,39bb8e22c52a8f2c4fa1d9abdb190f38a9c2cb70bfe6b08a78b88b7033791b5c,41324e8487a9556d8cfa4538827f8937f4d63dae3030825ebc9f3a726ed08ca0,51caf28579bcf0013343423215dd5726ae413ef0b9b26b62ac1b2c5fc057f353,f20b34392225e6018651d4267640ab507f18639f458d111acf32721f16328ed6,1089581c802a0f5b9679e0f7426544a2e7d61c1b00ecc63f7b60086fbe80f210,60.66763713855035,stable,4096,6,0.18893456076954404,0.25844281792577145,0.13010296281741096,0.1821885528792591,1.3678959364190189,0.0045166015625,0.053995768229166664,0.24556477864583334,0.24462890625,True,raw/halfcheetah-medium-v2/halfcheetah-medium-v2_tau10_mpi3_seed1.npz,18b15e28b7120481361d0a292c2f98954599b1aed797f6c1ed10d7507b6c5f6a
p4|halfcheetah-medium-v2|10|1,p4,halfcheetah-medium-v2,10.0,1,1000000,dbff5e8dd6b6d41a2c0bd212d7c3f780502088abf5920458ab0af16995bf9b9b,d7317d70ce867e348d257996607732bd7313c9f22fea4b29dc3e605329629e87,63a6d520307e3c9dcf259ca2deed7906777b75e0a3a0d2c57bc28ed2ec982533,41324e8487a9556d8cfa4538827f8937f4d63dae3030825ebc9f3a726ed08ca0,51caf28579bcf0013343423215dd5726ae413ef0b9b26b62ac1b2c5fc057f353,f20b34392225e6018651d4267640ab507f18639f458d111acf32721f16328ed6,1089581c802a0f5b9679e0f7426544a2e7d61c1b00ecc63f7b60086fbe80f210,56.01474999419458,stable,4096,6,0.18194629815252272,0.2659042264603006,0.15234894621106643,0.17560512291497057,1.4614434542515247,0.0009358723958333334,0.035319010416666664,0.2440185546875,0.24462890625,True,raw/halfcheetah-medium-v2/halfcheetah-medium-v2_tau10_mpi4_seed1.npz,5bef542571cbf7247cadeec4207cf83f7d29e7f8d9395b2ead7ce1d676bee096
td3|halfcheetah-medium-v2|14|0,td3,halfcheetah-medium-v2,14.0,0,1000000,0dba0e3e9f780b2576378a154cdad0efe0070c7ded86f3bb26d9223e7a3cf7c2,f9ee9d316972efdc29d41fc25d93609a6adcebbb0c36a949219a4fcbff2a29ba,90daab2528bfcba49836a763d4980e160228b36e90e874225f6cea7c64465e9a,41324e8487a9556d8cfa4538827f8937f4d63dae3030825ebc9f3a726ed08ca0,51caf28579bcf0013343423215dd5726ae413ef0b9b26b62ac1b2c5fc057f353,f20b34392225e6018651d4267640ab507f18639f458d111acf32721f16328ed6,1089581c802a0f5b9679e0f7426544a2e7d61c1b00ecc63f7b60086fbe80f210,60.11737861542931,stable,4096,6,0.26029496039134253,0.261255186051753,0.03838003590349306,0.2492476672153119,1.003688990593467,0.06315104166666667,0.062093098958333336,0.2559814453125,0.24462890625,True,raw/halfcheetah-medium-v2/halfcheetah-medium-v2_tau14_seed0.npz,b2b2efcf5bedebb597c0630e17d267cdbe9e1239e224c79e9cdff7ee2301ce31
p3|halfcheetah-medium-v2|14|0,p3,halfcheetah-medium-v2,14.0,0,1000000,29a5b841cf57cc7b7bb29890ccd069a201ba4cfaf90b680e2dd00ef01f5ca6d6,afb84b2e8da791b9f730b246b797c9e7e07bedf723a515774924211b4a349909,921cfa13a9fb2b168abe9b8ee69d18532972a90b2a4a5b2bf15bb46047662d23,41324e8487a9556d8cfa4538827f8937f4d63dae3030825ebc9f3a726ed08ca0,51caf28579bcf0013343423215dd5726ae413ef0b9b26b62ac1b2c5fc057f353,f20b34392225e6018651d4267640ab507f18639f458d111acf32721f16328ed6,1089581c802a0f5b9679e0f7426544a2e7d61c1b00ecc63f7b60086fbe80f210,61.38748018124998,stable,4096,6,0.19891652814343624,0.2901405182898444,0.15512192618102466,0.19148923110933333,1.4586043754022675,0.0213623046875,0.051228841145833336,0.24507649739583334,0.24462890625,True,raw/halfcheetah-medium-v2/halfcheetah-medium-v2_tau14_mpi3_seed0.npz,1bcaf45ddd7cde75f261d1001f611d9fe372af6a4702feeed40deb73e44dbcd6
p4|halfcheetah-medium-v2|14|0,p4,halfcheetah-medium-v2,14.0,0,1000000,30e471d35cb53383ae8b24cc4d2509d0f368bdfcdadfd38a088df411d4122b32,6a424bf79e7d028af538f9eb014bad234c6ac8d771188eb1d9d41ba95e5775e0,3c4db996792285c19f8fac71521de8629e7811892aa494926862ffc6c43a944c,41324e8487a9556d8cfa4538827f8937f4d63dae3030825ebc9f3a726ed08ca0,51caf28579bcf0013343423215dd5726ae413ef0b9b26b62ac1b2c5fc057f353,f20b34392225e6018651d4267640ab507f18639f458d111acf32721f16328ed6,1089581c802a0f5b9679e0f7426544a2e7d61c1b00ecc63f7b60086fbe80f210,59.81387205682815,stable,4096,6,0.18798512484597582,0.2952507102210043,0.17805493222892962,0.18135039361583705,1.5706067725460497,0.0008544921875,0.053141276041666664,0.24641927083333334,0.24462890625,True,raw/halfcheetah-medium-v2/halfcheetah-medium-v2_tau14_mpi4_seed0.npz,adb65a046f964cb57ec2ae7461c5d72ac47839eac794938a5d97e9a03df922e4
td3|halfcheetah-medium-v2|14|1,td3,halfcheetah-medium-v2,14.0,1,1000000,06367d751ca1a81129291fc507a09048952967d7018ea8d21153bf7178688e05,0b66a2a8a997bde0ef25a36200b9fe02182650a47fd66ea716235beb0e536256,bdbfbb0fd70f3b1d18fd116fa535c150bfa6b663a63b3441d9e737ac7b968f3b,41324e8487a9556d8cfa4538827f8937f4d63dae3030825ebc9f3a726ed08ca0,51caf28579bcf0013343423215dd5726ae413ef0b9b26b62ac1b2c5fc057f353,f20b34392225e6018651d4267640ab507f18639f458d111acf32721f16328ed6,1089581c802a0f5b9679e0f7426544a2e7d61c1b00ecc63f7b60086fbe80f210,60.51237144622035,stable,4096,6,0.2622442819606387,0.26540596844015324,0.03628951315469613,0.2504003917625307,1.0120562647005171,0.09903971354166667,0.10050455729166667,0.256591796875,0.24462890625,True,raw/halfcheetah-medium-v2/halfcheetah-medium-v2_tau14_seed1.npz,fd067253bbfdb32ba8a52bf6461b8c87f93da31d3bb868a306aeee92e8f75049
p3|halfcheetah-medium-v2|14|1,p3,halfcheetah-medium-v2,14.0,1,1000000,34470e4564bb1b5640eb1935a5065a484a31150d131653af49a26d2754fd7392,3b8d90887d7db3e968dbf68245b4db387182466ce36d68488a5aaddf833d964b,2e45102d254bf257adbd1c0dd9a96f9ed7e84d313f69b681b63b56b9f3cd6129,41324e8487a9556d8cfa4538827f8937f4d63dae3030825ebc9f3a726ed08ca0,51caf28579bcf0013343423215dd5726ae413ef0b9b26b62ac1b2c5fc057f353,f20b34392225e6018651d4267640ab507f18639f458d111acf32721f16328ed6,1089581c802a0f5b9679e0f7426544a2e7d61c1b00ecc63f7b60086fbe80f210,60.859146303990485,stable,4096,6,0.19837134162429712,0.28636650201989317,0.15087406806039255,0.19084580780250093,1.4435880690984757,0.024210611979166668,0.0623779296875,0.246826171875,0.24462890625,True,raw/halfcheetah-medium-v2/halfcheetah-medium-v2_tau14_mpi3_seed1.npz,0ea98af9d28bb749404689f4d1c7dfe9dc7634d8d483624d23d0decaf775e12c
p4|halfcheetah-medium-v2|14|1,p4,halfcheetah-medium-v2,14.0,1,1000000,0b4c518501cb3174d6afcfe8754e0cc609ab46fcf85025bd26dbfcc14fe8efe7,c9a320e3ba0313fcaafe624d7ac0689a750321a7e42e29880330aaf66d677ae6,0663341a242b72ab1348878146e5c6448e10e70cc565292363dc042dc27a2656,41324e8487a9556d8cfa4538827f8937f4d63dae3030825ebc9f3a726ed08ca0,51caf28579bcf0013343423215dd5726ae413ef0b9b26b62ac1b2c5fc057f353,f20b34392225e6018651d4267640ab507f18639f458d111acf32721f16328ed6,1089581c802a0f5b9679e0f7426544a2e7d61c1b00ecc63f7b60086fbe80f210,58.027868465920186,stable,4096,6,0.18850720024675438,0.28878156872725674,0.16983426290825548,0.1816808552134261,1.5319391956871888,0.021647135416666668,0.047281901041666664,0.24690755208333334,0.24462890625,True,raw/halfcheetah-medium-v2/halfcheetah-medium-v2_tau14_mpi4_seed1.npz,6ce441ab5796cf80755e6f287c49fa562287f52580746704e5845a23ed7ead7f
td3|halfcheetah-medium-v2|20|0,td3,halfcheetah-medium-v2,20.0,0,1000000,1623e3094e22d97d2a93db9b9b34d838a6d08500d1b97dfb2df9abcda99468d0,b91422fb902fa774412e9e02e4724ddc42d18f3c56569ea325bd1662ff53e1f4,1b274c881a208a5e4a7ef82a2f9cb70ae9081314adef9c987a88392559be032e,41324e8487a9556d8cfa4538827f8937f4d63dae3030825ebc9f3a726ed08ca0,51caf28579bcf0013343423215dd5726ae413ef0b9b26b62ac1b2c5fc057f353,f20b34392225e6018651d4267640ab507f18639f458d111acf32721f16328ed6,1089581c802a0f5b9679e0f7426544a2e7d61c1b00ecc63f7b60086fbe80f210,62.65032610769574,stable,4096,6,0.29678889095657995,0.29629360950722106,0.043202085192558234,0.28389483013713823,0.9983311995008891,0.09993489583333333,0.0987548828125,0.2643636067708333,0.24462890625,True,raw/halfcheetah-medium-v2/halfcheetah-medium-v2_tau20_seed0.npz,aa032f158cd3eb5a606953850c8b2b7e2f13e048af932171ebf86996aea184e7
p3|halfcheetah-medium-v2|20|0,p3,halfcheetah-medium-v2,20.0,0,1000000,a568dcbe31ceb0de1d8921919359845c64d6fe2befaa08457a0ab3a46bbea9b0,413f78b60d6079bf3e76ad0bacbb3935a763415daa5b7e2adccb8dbfece6bf71,5f39c698988f5364a72551a5a647abe6c02aa0a2877bd0ae58044915ffd4b56c,41324e8487a9556d8cfa4538827f8937f4d63dae3030825ebc9f3a726ed08ca0,51caf28579bcf0013343423215dd5726ae413ef0b9b26b62ac1b2c5fc057f353,f20b34392225e6018651d4267640ab507f18639f458d111acf32721f16328ed6,1089581c802a0f5b9679e0f7426544a2e7d61c1b00ecc63f7b60086fbe80f210,61.38309574057167,stable,4096,6,0.2153136844721094,0.32389517064754436,0.17758550725622058,0.20687791948181455,1.504294403960655,0.0472412109375,0.08430989583333333,0.2522379557291667,0.24462890625,True,raw/halfcheetah-medium-v2/halfcheetah-medium-v2_tau20_mpi3_seed0.npz,429fa0092c52e8f416b71606abb6f16d46f6bc1fbc459e6e9f316ee59249dfa6
p4|halfcheetah-medium-v2|20|0,p4,halfcheetah-medium-v2,20.0,0,1000000,fd99e47179e318b3a6872e126a88cb002d77c4185896fa0f75039c93f236380b,59427d4e36557e787b3eb4b63560ecd9bfc0afd057e796a5c0de35b4bb857dc1,2559b8e4e1fca93b7984c2bfc1040bf5b578c959edb86874833b84a606c4bb60,41324e8487a9556d8cfa4538827f8937f4d63dae3030825ebc9f3a726ed08ca0,51caf28579bcf0013343423215dd5726ae413ef0b9b26b62ac1b2c5fc057f353,f20b34392225e6018651d4267640ab507f18639f458d111acf32721f16328ed6,1089581c802a0f5b9679e0f7426544a2e7d61c1b00ecc63f7b60086fbe80f210,60.65280307245781,stable,4096,6,0.19932794501116724,0.32523608283314304,0.1999753489284051,0.19188135108325832,1.631663251306393,0.027628580729166668,0.0811767578125,0.24951171875,0.24462890625,True,raw/halfcheetah-medium-v2/halfcheetah-medium-v2_tau20_mpi4_seed0.npz,e05f8ca1f7345ee45534541dacf350649c4de8d289565e4dab97f08cc772bcbd
td3|halfcheetah-medium-v2|20|1,td3,halfcheetah-medium-v2,20.0,1,1000000,a487b71e6f0b4e86e06bc8259f93a7890867494b84b0c78c019bd0369ad58283,561e73a95ad9ff62ace59a8de6dfc8a5f08271eedd7e8a673b44664b9d325fe1,80f3204efdb70fcc69e9100bb23e7102a47c541e3c75764a88dd4023b9c9c6a3,41324e8487a9556d8cfa4538827f8937f4d63dae3030825ebc9f3a726ed08ca0,51caf28579bcf0013343423215dd5726ae413ef0b9b26b62ac1b2c5fc057f353,f20b34392225e6018651d4267640ab507f18639f458d111acf32721f16328ed6,1089581c802a0f5b9679e0f7426544a2e7d61c1b00ecc63f7b60086fbe80f210,63.04537054636425,stable,4096,6,0.30153831983403223,0.31039511189873426,0.052372123125378596,0.2881724409528446,1.0293720283033243,0.12398274739583333,0.1251220703125,0.25439453125,0.24462890625,True,raw/halfcheetah-medium-v2/halfcheetah-medium-v2_tau20_seed1.npz,a3ccbdd3a4edda07ac6b1d34811b29d39ca2da1555c738f3f19397ed3ead1087
p3|halfcheetah-medium-v2|20|1,p3,halfcheetah-medium-v2,20.0,1,1000000,f4855dc59b21023380d6a49e7bdd5a65f31dd5a9ecc886c3b5af0ba9a5d22d98,96affef441d0ac39f2d34816367517b55dfc9bdb8d852088d3118fae52e03c1e,779f07769b148f5ed049a074daf17349f0ed63df655f6b12136e7f15affd8138,41324e8487a9556d8cfa4538827f8937f4d63dae3030825ebc9f3a726ed08ca0,51caf28579bcf0013343423215dd5726ae413ef0b9b26b62ac1b2c5fc057f353,f20b34392225e6018651d4267640ab507f18639f458d111acf32721f16328ed6,1089581c802a0f5b9679e0f7426544a2e7d61c1b00ecc63f7b60086fbe80f210,63.03312015817365,stable,4096,6,0.21611836378772728,0.32291524783045444,0.17300612276966754,0.2072866874609176,1.494159229095514,0.06294759114583333,0.08980305989583333,0.2501627604166667,0.24462890625,True,raw/halfcheetah-medium-v2/halfcheetah-medium-v2_tau20_mpi3_seed1.npz,ed6f87342f493d8331c32211fd45665cb7eb2a58082c1a44c7fbfee24b82aedf
p4|halfcheetah-medium-v2|20|1,p4,halfcheetah-medium-v2,20.0,1,1000000,cd8c9fc835b11b3b94c2c0f484be4fd7cdd4c6539f26388c570be5cff33e1045,4f44455f43b22c860fc58d6c8235ebdcfeab446291159f1fce389f0d77e4424b,c65b72b06ba49c5d913ec47e819e995e354a8062909afd4bfec74b888d0b4297,41324e8487a9556d8cfa4538827f8937f4d63dae3030825ebc9f3a726ed08ca0,51caf28579bcf0013343423215dd5726ae413ef0b9b26b62ac1b2c5fc057f353,f20b34392225e6018651d4267640ab507f18639f458d111acf32721f16328ed6,1089581c802a0f5b9679e0f7426544a2e7d61c1b00ecc63f7b60086fbe80f210,61.54686654806749,stable,4096,6,0.19978380067662116,0.32695556364377837,0.20207574631436637,0.19196738335553037,1.6365469199026952,0.031290690104166664,0.07600911458333333,0.24556477864583334,0.24462890625,True,raw/halfcheetah-medium-v2/halfcheetah-medium-v2_tau20_mpi4_seed1.npz,9d3caf8af4620f7ecd1425d6ffa5d358b4625ae2f5972fb10c19c025311f24fd
td3|halfcheetah-medium-replay-v2|4|0,td3,halfcheetah-medium-replay-v2,4.0,0,1000000,e1d2b4195dc6b4c4cd278323701d9467f3b9682d3d67c34f8ed4fe6b86fdeb0b,bbedc14675da01cc9879289b9665271cf0b87515ff6c03315e538e97c622033a,044c8e573eace2d4a1a2c6d7b4001ad31c42e67b52ef13f307814aa93972a92e,48d494a4770c11f48260736dec090b78bdca8375647ed4d24bfa5b6610c7f683,e5aa1396cd1114d28714078253945dcbf3ea6079180c0c91c1c59c25efa22446,8e2d2a1cec9363487800fca287beb5e3652620abf31ddb169207b053b761482f,67fc1d5256fb8eb39a4394338feb043dceb03a5d53ac2c0a6981c8ddf850aa1c,48.78141366428188,stable,4096,6,0.3233336720957291,0.32751359582737477,0.05304862739529556,0.3118955413092706,1.0129275856255642,0.016805013020833332,0.017985026041666668,0.21024576822916666,0.23909505208333334,True,raw/halfcheetah-medium-replay-v2/halfcheetah-medium-replay-v2_tau4_seed0.npz,606bbd51bb2bd9a2718b55ecb066b51be36a440dcba9c9d28477639d7145ce31
p3|halfcheetah-medium-replay-v2|4|0,p3,halfcheetah-medium-replay-v2,4.0,0,1000000,fdbfaa3c0faa77f0345f4bea05525a41d04c935715dc3909f4a6bd55443410fc,c55f6132e389d73bcca8906217eb245098b2a1786888655b34eec50bed6fa0b0,e2739dac38be6019105d601e5e8e0fdbfb466c24a36dfee00cf083353126b516,48d494a4770c11f48260736dec090b78bdca8375647ed4d24bfa5b6610c7f683,e5aa1396cd1114d28714078253945dcbf3ea6079180c0c91c1c59c25efa22446,8e2d2a1cec9363487800fca287beb5e3652620abf31ddb169207b053b761482f,67fc1d5256fb8eb39a4394338feb043dceb03a5d53ac2c0a6981c8ddf850aa1c,50.0417121873146,stable,4096,6,0.30362883265466417,0.37628964300043943,0.18847677855260253,0.29372437921190275,1.2393080054700105,0.012247721354166666,0.0140380859375,0.21036783854166666,0.23909505208333334,True,raw/halfcheetah-medium-replay-v2/halfcheetah-medium-replay-v2_tau4_mpi3_seed0.npz,c3036ee89711e12e4809a10c41f7d9e0db33a2decbba0455f35716b854f5fb7c
p4|halfcheetah-medium-replay-v2|4|0,p4,halfcheetah-medium-replay-v2,4.0,0,1000000,2a061f1aef1a5b4f266e0dd8fe7abb0437cee89a23c3b36ddc86aa3d716372cd,f1a018af66b5b38ecb5c212ad95f669cc014bee962305f37230d649b781f80a8,5a6da6471a16bc04abfa7d2d5daa183c41ac5e59de3a0880f6bda6a37d9ee7b2,48d494a4770c11f48260736dec090b78bdca8375647ed4d24bfa5b6610c7f683,e5aa1396cd1114d28714078253945dcbf3ea6079180c0c91c1c59c25efa22446,8e2d2a1cec9363487800fca287beb5e3652620abf31ddb169207b053b761482f,67fc1d5256fb8eb39a4394338feb043dceb03a5d53ac2c0a6981c8ddf850aa1c,50.15381471827969,stable,4096,6,0.3010634099307744,0.3859078109068302,0.2115686157496491,0.29142602044888727,1.2818157178102934,0.00830078125,0.00732421875,0.20987955729166666,0.23909505208333334,True,raw/halfcheetah-medium-replay-v2/halfcheetah-medium-replay-v2_tau4_mpi4_seed0.npz,2b29c0a4cf39276d302c6e974a118f7534d156a7d0709a6192cf66f281c15b3f
td3|halfcheetah-medium-replay-v2|4|1,td3,halfcheetah-medium-replay-v2,4.0,1,1000000,2170b9ce6b57aee9379b69b2d825d438481260525359064717c6da8206136f21,2c80c73414d710615d50611fc27f9bf079538de560376fa37c3512ff55c498c2,92ccd7ea327f86156007322c745891c46dc04a9e50eb3df312822c2670f6a459,48d494a4770c11f48260736dec090b78bdca8375647ed4d24bfa5b6610c7f683,e5aa1396cd1114d28714078253945dcbf3ea6079180c0c91c1c59c25efa22446,8e2d2a1cec9363487800fca287beb5e3652620abf31ddb169207b053b761482f,67fc1d5256fb8eb39a4394338feb043dceb03a5d53ac2c0a6981c8ddf850aa1c,47.4340602192118,stable,4096,6,0.3259237097029708,0.3296909446329551,0.053268827715284545,0.31500994277271543,1.0115586403131505,0.00244140625,0.002685546875,0.21533203125,0.23909505208333334,True,raw/halfcheetah-medium-replay-v2/halfcheetah-medium-replay-v2_tau4_seed1.npz,74bf7bc8d0573cfc4543226e89a9de0b88bfc7253a6f50167ca151bf175c3236
p3|halfcheetah-medium-replay-v2|4|1,p3,halfcheetah-medium-replay-v2,4.0,1,1000000,e9a3cb5487db7024fdfe9dc8be22f0012383d7b8cc6f9deba7ac5b7cefeae242,2729531d4adc63f967192eebc298358dade82868a8601762ca37aa87f5926680,2c36d621e70be4b2969bd03af07e87656abb324f9f80ad32ec46e374a00815e2,48d494a4770c11f48260736dec090b78bdca8375647ed4d24bfa5b6610c7f683,e5aa1396cd1114d28714078253945dcbf3ea6079180c0c91c1c59c25efa22446,8e2d2a1cec9363487800fca287beb5e3652620abf31ddb169207b053b761482f,67fc1d5256fb8eb39a4394338feb043dceb03a5d53ac2c0a6981c8ddf850aa1c,48.57245464683448,stable,4096,6,0.3039096391842448,0.37473993583075266,0.18804133900824482,0.29388342449366206,1.2330636725989699,0.008260091145833334,0.006673177083333333,0.21122233072916666,0.23909505208333334,True,raw/halfcheetah-medium-replay-v2/halfcheetah-medium-replay-v2_tau4_mpi3_seed1.npz,516c34892c6140f0053e63c9d0f44ad8be81faae0430624f0a93ab8d3cb6425c
p4|halfcheetah-medium-replay-v2|4|1,p4,halfcheetah-medium-replay-v2,4.0,1,1000000,495d89797918ec1c42a401d7ce4fe53588e9d64e55839df8887a8e6b161074e7,2ace2666aefb121a8e65a4645a5c31b77a4d32a4f11bf3087185c07a92b42352,932e1073b042fc18dd26ceb7efe82cf8065d9df52cc2b7b5ec39f940b1dff154,48d494a4770c11f48260736dec090b78bdca8375647ed4d24bfa5b6610c7f683,e5aa1396cd1114d28714078253945dcbf3ea6079180c0c91c1c59c25efa22446,8e2d2a1cec9363487800fca287beb5e3652620abf31ddb169207b053b761482f,67fc1d5256fb8eb39a4394338feb043dceb03a5d53ac2c0a6981c8ddf850aa1c,49.621388526491884,stable,4096,6,0.3026727590135705,0.3871365090524117,0.21252509441343925,0.29317592769360806,1.2790596362689324,0.0244140625,0.0029296875,0.20951334635416666,0.23909505208333334,True,raw/halfcheetah-medium-replay-v2/halfcheetah-medium-replay-v2_tau4_mpi4_seed1.npz,8c744c55066f721be7aba4e9db7ec882269e4a08d6f6fe07539a80e0fb8e6523
td3|halfcheetah-medium-replay-v2|7|0,td3,halfcheetah-medium-replay-v2,7.0,0,1000000,fbfd82ebd04c11156d9d9262434e6ec1f58786d7ed849db980a511272c7afdc6,cf4f490ea1d4c092531f53ea8f673ccf3de3f84e33ed1bd4b704749c7f5b2584,e5f51c26aec18d08413777f254171b87bd6bd56b8402990dbf66b6aea47f05f8,48d494a4770c11f48260736dec090b78bdca8375647ed4d24bfa5b6610c7f683,e5aa1396cd1114d28714078253945dcbf3ea6079180c0c91c1c59c25efa22446,8e2d2a1cec9363487800fca287beb5e3652620abf31ddb169207b053b761482f,67fc1d5256fb8eb39a4394338feb043dceb03a5d53ac2c0a6981c8ddf850aa1c,49.304427469874895,stable,4096,6,0.35198856347952734,0.35649477501888144,0.05032156187917892,0.33988150597582784,1.0128021532711422,0.006795247395833333,0.006388346354166667,0.21223958333333334,0.23909505208333334,True,raw/halfcheetah-medium-replay-v2/halfcheetah-medium-replay-v2_tau7_seed0.npz,3007de95b71c7972f0a1a76759015faac2709c6d72413f3355b0bd7f31f67120
p3|halfcheetah-medium-replay-v2|7|0,p3,halfcheetah-medium-replay-v2,7.0,0,1000000,9d982b6172af3ea2d7d20dad53509f629e2f68edfd80d68451c8265c17107a33,340a904fd154defd1133aeabb6514448999db46ed659a562083b864921ddd63d,33fb370170b59bffdb780358145b871e22cbfec11b4b37eaeb089ff128157f99,48d494a4770c11f48260736dec090b78bdca8375647ed4d24bfa5b6610c7f683,e5aa1396cd1114d28714078253945dcbf3ea6079180c0c91c1c59c25efa22446,8e2d2a1cec9363487800fca287beb5e3652620abf31ddb169207b053b761482f,67fc1d5256fb8eb39a4394338feb043dceb03a5d53ac2c0a6981c8ddf850aa1c,51.447554263909254,stable,4096,6,0.311536993041831,0.40232330698413177,0.208591031872113,0.30140128570641544,1.2914142332050775,0.016398111979166668,0.025675455729166668,0.2113037109375,0.23909505208333334,True,raw/halfcheetah-medium-replay-v2/halfcheetah-medium-replay-v2_tau7_mpi3_seed0.npz,6c06ea41c0282f9a14dd1890f586f91c92246ca339840a90d4d2adf6b7e61dca
p4|halfcheetah-medium-replay-v2|7|0,p4,halfcheetah-medium-replay-v2,7.0,0,1000000,feca4472e782f507b02c88207db43b568d2508376199f72141d9a22db220cd81,faf3312068be164a31b15e0c7b09a8a12fb1fd1a5400ac2f7b2657714dd40d88,c16db3af13dc99dcb84fb58bd652d4115b393d24a2d2e1d387d75807c3ba005f,48d494a4770c11f48260736dec090b78bdca8375647ed4d24bfa5b6610c7f683,e5aa1396cd1114d28714078253945dcbf3ea6079180c0c91c1c59c25efa22446,8e2d2a1cec9363487800fca287beb5e3652620abf31ddb169207b053b761482f,67fc1d5256fb8eb39a4394338feb043dceb03a5d53ac2c0a6981c8ddf850aa1c,51.617116375465145,stable,4096,6,0.3069332176213354,0.413760291182805,0.23741020182307543,0.29677673857099846,1.3480466349955726,0.021240234375,0.022135416666666668,0.21012369791666666,0.23909505208333334,True,raw/halfcheetah-medium-replay-v2/halfcheetah-medium-replay-v2_tau7_mpi4_seed0.npz,368ce979b3ee43d2d6b43e4ae4ef99adc706ad17a27516c7336811e27544869d
td3|halfcheetah-medium-replay-v2|7|1,td3,halfcheetah-medium-replay-v2,7.0,1,1000000,3156f8ee451cd67bb2a5f4731650b635b058f9e13d2d0f137b8668f198b80bf0,8c90841b02de95a060af6d6336170f2980240aab254d8d44a5bc81f167b97638,03389a89b5af4331436007a7dd0795aaea5b1919c6069b7f03c52e16cc312eb3,48d494a4770c11f48260736dec090b78bdca8375647ed4d24bfa5b6610c7f683,e5aa1396cd1114d28714078253945dcbf3ea6079180c0c91c1c59c25efa22446,8e2d2a1cec9363487800fca287beb5e3652620abf31ddb169207b053b761482f,67fc1d5256fb8eb39a4394338feb043dceb03a5d53ac2c0a6981c8ddf850aa1c,51.84143044423981,stable,4096,6,0.3458540590501855,0.3499851948413797,0.05400052790430445,0.33385268452996475,1.011944737044693,0.003987630208333333,0.004150390625,0.21341959635416666,0.23909505208333334,True,raw/halfcheetah-medium-replay-v2/halfcheetah-medium-replay-v2_tau7_seed1.npz,a3713a0a353618d250a3c20262f7a3297d175ee30ee21b4b20dd5901e0e34731
p3|halfcheetah-medium-replay-v2|7|1,p3,halfcheetah-medium-replay-v2,7.0,1,1000000,b726490330c93ea6003364781e234b50c36c2eb7f2f184738013a75fd8101757,e5a27af0af21ba66dd13fbe30f20f57804634e66f65f16067f8cd81b7eebbda1,a6ed1977ea85a875dee038e3d90d505f4158f764bececbe06a4c2de9bfa73b62,48d494a4770c11f48260736dec090b78bdca8375647ed4d24bfa5b6610c7f683,e5aa1396cd1114d28714078253945dcbf3ea6079180c0c91c1c59c25efa22446,8e2d2a1cec9363487800fca287beb5e3652620abf31ddb169207b053b761482f,67fc1d5256fb8eb39a4394338feb043dceb03a5d53ac2c0a6981c8ddf850aa1c,51.90417289475815,stable,4096,6,0.31286624163858684,0.39825993091584017,0.20375496909454288,0.3024636535147708,1.2729399273952267,0.0029296875,0.009195963541666666,0.21248372395833334,0.23909505208333334,True,raw/halfcheetah-medium-replay-v2/halfcheetah-medium-replay-v2_tau7_mpi3_seed1.npz,c1fc5205fe0c5e87eeb8428209058d18dd19b24b2c5d4f7cb711ed8acb5fc599
p4|halfcheetah-medium-replay-v2|7|1,p4,halfcheetah-medium-replay-v2,7.0,1,1000000,871599bd8a799ccb046c3a77fb2aeab3177898301b504f6c45f65006233c610e,05a7e846d816d34702cf5390db5c0899395adcdc52b896b44121a6d1cb06c469,145d7064f480cece5fb4746110719b93c0e8838f825719eba23a2277ed3b0a22,48d494a4770c11f48260736dec090b78bdca8375647ed4d24bfa5b6610c7f683,e5aa1396cd1114d28714078253945dcbf3ea6079180c0c91c1c59c25efa22446,8e2d2a1cec9363487800fca287beb5e3652620abf31ddb169207b053b761482f,67fc1d5256fb8eb39a4394338feb043dceb03a5d53ac2c0a6981c8ddf850aa1c,52.52809975171304,stable,4096,6,0.30637779251079184,0.41507037465562846,0.2368951930839349,0.29637056660791644,1.354766516378657,0.025187174479166668,0.006388346354166667,0.21126302083333334,0.23909505208333334,True,raw/halfcheetah-medium-replay-v2/halfcheetah-medium-replay-v2_tau7_mpi4_seed1.npz,a8f9feae668e5351c70031f7cba349f4e72e645b1cf45b4f203aca921fb6711f
td3|halfcheetah-medium-replay-v2|10|0,td3,halfcheetah-medium-replay-v2,10.0,0,1000000,95b81ccaba28b045fec48f93a3d3a8096cdabc2ab193058608a620349fa7542d,a53dabb50f650c168d9e9713c295c483cdc28ded47296f9c0f9ab84752fde189,a9d7beb2c219a63679a3a18453215cbb598d99aae191bed3dec234e6f970841c,48d494a4770c11f48260736dec090b78bdca8375647ed4d24bfa5b6610c7f683,e5aa1396cd1114d28714078253945dcbf3ea6079180c0c91c1c59c25efa22446,8e2d2a1cec9363487800fca287beb5e3652620abf31ddb169207b053b761482f,67fc1d5256fb8eb39a4394338feb043dceb03a5d53ac2c0a6981c8ddf850aa1c,52.629263568996976,stable,4096,6,0.3739276131092253,0.37792231190894787,0.05286927806434997,0.36013395219975614,1.0106830805206026,0.00927734375,0.0089111328125,0.21036783854166666,0.23909505208333334,True,raw/halfcheetah-medium-replay-v2/halfcheetah-medium-replay-v2_tau10_seed0.npz,572dfadaad70c2a4e56302800b18a327889ad4d46f4665c3e451a97ca3a1403a
p3|halfcheetah-medium-replay-v2|10|0,p3,halfcheetah-medium-replay-v2,10.0,0,1000000,442644d9f0fc779c0011334ce471bc3a4155cc63fd0239a1de733a80911e7a97,663aee50239f212b9e595678ba2dd41035e61c01342f8a509be72c97b864ddf8,20ecf702d6a7fc64bb7d14d606bba46c343e25b46e5b8891823d15d77ef23a8a,48d494a4770c11f48260736dec090b78bdca8375647ed4d24bfa5b6610c7f683,e5aa1396cd1114d28714078253945dcbf3ea6079180c0c91c1c59c25efa22446,8e2d2a1cec9363487800fca287beb5e3652620abf31ddb169207b053b761482f,67fc1d5256fb8eb39a4394338feb043dceb03a5d53ac2c0a6981c8ddf850aa1c,53.63928165861541,stable,4096,6,0.3205116577511522,0.4247250482852317,0.22347165859980841,0.30975892039676284,1.3251469580397965,0.0016276041666666667,0.013590494791666666,0.21390787760416666,0.23909505208333334,True,raw/halfcheetah-medium-replay-v2/halfcheetah-medium-replay-v2_tau10_mpi3_seed0.npz,271b042d33423030d8ee567320588b847c985aaf112027b177ce4c97e80ece6d
p4|halfcheetah-medium-replay-v2|10|0,p4,halfcheetah-medium-replay-v2,10.0,0,1000000,f000b6dc08cc5f00c387f154ef08c02585a9b7830fe53c650ed95102d18da432,1534d9526ddb8137b0389c63137859549f51d1166045956e2ff0725c3d5e5afd,0c1403e59cc424dc5e3a45b802ce2f6a99c976ac38a8f997d87ca6c08d55b7f5,48d494a4770c11f48260736dec090b78bdca8375647ed4d24bfa5b6610c7f683,e5aa1396cd1114d28714078253945dcbf3ea6079180c0c91c1c59c25efa22446,8e2d2a1cec9363487800fca287beb5e3652620abf31ddb169207b053b761482f,67fc1d5256fb8eb39a4394338feb043dceb03a5d53ac2c0a6981c8ddf850aa1c,51.136792937615326,stable,4096,6,0.31291140997824674,0.4324915945622991,0.2518221530827658,0.30269813067510326,1.3821534810519227,0.0078125,0.0128173828125,0.2099609375,0.23909505208333334,True,raw/halfcheetah-medium-replay-v2/halfcheetah-medium-replay-v2_tau10_mpi4_seed0.npz,9131b50ead45845e81d0a8e530f8c0516f55759b977cf0221d6e24f7c96fc82f
td3|halfcheetah-medium-replay-v2|10|1,td3,halfcheetah-medium-replay-v2,10.0,1,1000000,bbe82f919ebbe6f0d6b61c20c3935c99ef29541bbf49c687ab5479443a62ea6f,aa71e35cbaf380f33f1e71d6cc5d1c249eb359ccc275fca543b9e991667196f8,cb22a713a6e364715c6f9d138fce8e074842cf8090ed16458e256a155a92d7c3,48d494a4770c11f48260736dec090b78bdca8375647ed4d24bfa5b6610c7f683,e5aa1396cd1114d28714078253945dcbf3ea6079180c0c91c1c59c25efa22446,8e2d2a1cec9363487800fca287beb5e3652620abf31ddb169207b053b761482f,67fc1d5256fb8eb39a4394338feb043dceb03a5d53ac2c0a6981c8ddf850aa1c,53.0299116676629,stable,4096,6,0.373355389099581,0.3770727935309829,0.051049148644032837,0.35963612521840504,1.009956745074357,0.0361328125,0.036214192708333336,0.21944173177083334,0.23909505208333334,True,raw/halfcheetah-medium-replay-v2/halfcheetah-medium-replay-v2_tau10_seed1.npz,7ac623ebac0413fa3805ebe667b14a2b3c95fb6fbb42b6e03bffcb32c868054e
p3|halfcheetah-medium-replay-v2|10|1,p3,halfcheetah-medium-replay-v2,10.0,1,1000000,5024bd04e61bf664101d4e469e24a2acbe7110e17ad93e012ab227a57fd98495,b985a4bd514f7302342a5ec9e7fbdc1081276e4d505128a763f4b95a7cb046b6,5e392e9c3c49fa259f19c4d9863a42cf6a1975e3daf95254e42af5740aedec91,48d494a4770c11f48260736dec090b78bdca8375647ed4d24bfa5b6610c7f683,e5aa1396cd1114d28714078253945dcbf3ea6079180c0c91c1c59c25efa22446,8e2d2a1cec9363487800fca287beb5e3652620abf31ddb169207b053b761482f,67fc1d5256fb8eb39a4394338feb043dceb03a5d53ac2c0a6981c8ddf850aa1c,52.015857936155186,stable,4096,6,0.3229438837576789,0.42365044501806204,0.2248891831912832,0.3123040090539178,1.311839196607756,0.0181884765625,0.0206298828125,0.21431477864583334,0.23909505208333334,True,raw/halfcheetah-medium-replay-v2/halfcheetah-medium-replay-v2_tau10_mpi3_seed1.npz,319f1ffd9c6c7bfc432b6be9d493cc2610d8759db42f287d6c3cf465d4dcdb0d
p4|halfcheetah-medium-replay-v2|10|1,p4,halfcheetah-medium-replay-v2,10.0,1,1000000,a4d6dd6338c27ca79584837e8d98f59a4200c547f9ef8ac0d05684087465033a,a81b33cb4a0759e50190afbfbbfcd02a628c7b50fab336f6f8bd5bf85ccb388d,bcb2576f5c445fc2b3320cd9a8f3ee8a1707b01dcbe2ef5d6bae2105ae36c2c0,48d494a4770c11f48260736dec090b78bdca8375647ed4d24bfa5b6610c7f683,e5aa1396cd1114d28714078253945dcbf3ea6079180c0c91c1c59c25efa22446,8e2d2a1cec9363487800fca287beb5e3652620abf31ddb169207b053b761482f,67fc1d5256fb8eb39a4394338feb043dceb03a5d53ac2c0a6981c8ddf850aa1c,53.983252562418016,stable,4096,6,0.31371952933279224,0.43207295340165686,0.2523945674193911,0.30352380974207394,1.3772587072299087,0.013224283854166666,0.0045166015625,0.21293131510416666,0.23909505208333334,True,raw/halfcheetah-medium-replay-v2/halfcheetah-medium-replay-v2_tau10_mpi4_seed1.npz,7d1d9fae4387ade9fcf4642ef9771cc31b370e3b277e90f610d91362e08c8e49
td3|halfcheetah-medium-replay-v2|14|0,td3,halfcheetah-medium-replay-v2,14.0,0,1000000,3632a339a6b6ff6dc0f22b25ce8a1032d7af63a2977eaa9cd860f13e2efa6230,6b55ad0988d31643ec9272aa09d82f262733e79c7360f1930e0cd73f4ac06a64,c474cbdc4ae31babbb35713d452d2bf0c17c21ff637384767ee3c98fa2be333f,48d494a4770c11f48260736dec090b78bdca8375647ed4d24bfa5b6610c7f683,e5aa1396cd1114d28714078253945dcbf3ea6079180c0c91c1c59c25efa22446,8e2d2a1cec9363487800fca287beb5e3652620abf31ddb169207b053b761482f,67fc1d5256fb8eb39a4394338feb043dceb03a5d53ac2c0a6981c8ddf850aa1c,52.464537395421864,stable,4096,6,0.39906004273685064,0.4010578882637485,0.053926330090537544,0.3838023637909164,1.0050063782712901,0.023030598958333332,0.023518880208333332,0.22318522135416666,0.23909505208333334,True,raw/halfcheetah-medium-replay-v2/halfcheetah-medium-replay-v2_tau14_seed0.npz,479f1404021b0a0cda624fdb2353737dd7fded6775062ff9c25c530eef94be26
p3|halfcheetah-medium-replay-v2|14|0,p3,halfcheetah-medium-replay-v2,14.0,0,1000000,08e62ecc45564c409d5ae72cb8a2c8891f971d5d88233f99296c340c17f37619,0b50d07f49f24f4fea1b42bd24664e72fff4f77897e801b33bf92d621cab3521,f82a30743abbe407f6275774094f642765ed1e7b6b1b1a4d80238ed1724818f8,48d494a4770c11f48260736dec090b78bdca8375647ed4d24bfa5b6610c7f683,e5aa1396cd1114d28714078253945dcbf3ea6079180c0c91c1c59c25efa22446,8e2d2a1cec9363487800fca287beb5e3652620abf31ddb169207b053b761482f,67fc1d5256fb8eb39a4394338feb043dceb03a5d53ac2c0a6981c8ddf850aa1c,55.495672628593425,stable,4096,6,0.3293717852598931,0.4454228979428554,0.23872933583955785,0.3180721799050235,1.3523407828979381,0.008626302083333334,0.032145182291666664,0.2103271484375,0.23909505208333334,True,raw/halfcheetah-medium-replay-v2/halfcheetah-medium-replay-v2_tau14_mpi3_seed0.npz,1f7c91810baa1ead3fea3e6f58540a79a6369bdfb404c2c9cce248799d252607
p4|halfcheetah-medium-replay-v2|14|0,p4,halfcheetah-medium-replay-v2,14.0,0,1000000,6450cf9f29f755530e6fd947b5373d8af70e7443236c3664799205cc99606573,fb073c8054a23d8b400b47a282e6982a4b0771c056ede1b936986ad2769c19c1,327c1f771d1337f28a531063120a4356f16c7505b8662873bbfed213f24df38d,48d494a4770c11f48260736dec090b78bdca8375647ed4d24bfa5b6610c7f683,e5aa1396cd1114d28714078253945dcbf3ea6079180c0c91c1c59c25efa22446,8e2d2a1cec9363487800fca287beb5e3652620abf31ddb169207b053b761482f,67fc1d5256fb8eb39a4394338feb043dceb03a5d53ac2c0a6981c8ddf850aa1c,54.423505759260806,stable,4096,6,0.32211017465736064,0.46256081665743076,0.27365706466972534,0.3111709247695462,1.436032926154761,0.0016682942708333333,0.035725911458333336,0.20845540364583334,0.23909505208333334,True,raw/halfcheetah-medium-replay-v2/halfcheetah-medium-replay-v2_tau14_mpi4_seed0.npz,1ad98854080e4c2bb9d48e22eed1e45e1fcb6a07a07283ef28e8e8ef6bb842c7
td3|halfcheetah-medium-replay-v2|14|1,td3,halfcheetah-medium-replay-v2,14.0,1,1000000,31b3dd0b414bbb4724dc9737c172d0a192791f8a24105ef22f73749c5edb27f0,12c371cce4267f251d878e1ac1d2289adeb10d1f0c59ca04916729e32342118c,5ff4ecfcbdadbd2fcee5391e326279afdad638449b1f8991cce1f3fdc8b6520d,48d494a4770c11f48260736dec090b78bdca8375647ed4d24bfa5b6610c7f683,e5aa1396cd1114d28714078253945dcbf3ea6079180c0c91c1c59c25efa22446,8e2d2a1cec9363487800fca287beb5e3652620abf31ddb169207b053b761482f,67fc1d5256fb8eb39a4394338feb043dceb03a5d53ac2c0a6981c8ddf850aa1c,51.6043147906103,stable,4096,6,0.39834624865923807,0.40052878775110795,0.05474341309097529,0.38294832269291135,1.0054789999886178,0.028279622395833332,0.029256184895833332,0.22310384114583334,0.23909505208333334,True,raw/halfcheetah-medium-replay-v2/halfcheetah-medium-replay-v2_tau14_seed1.npz,701799ad695ff716732f9fc5b261c869c64dac74de59300ae11f00d3a756138b
p3|halfcheetah-medium-replay-v2|14|1,p3,halfcheetah-medium-replay-v2,14.0,1,1000000,70c0ecd777746beef2a99f54e2d2cc0e7af9891879ac4393acd3faf5b1fefad2,3174c41285ded574a9d26400671a9e3ea8c8a5be2a08738bbe0aadae8b1962f8,d9df0d6fd475358200956c3c015bc3cb383f610c7c1798f0b0c125ac28aeacc3,48d494a4770c11f48260736dec090b78bdca8375647ed4d24bfa5b6610c7f683,e5aa1396cd1114d28714078253945dcbf3ea6079180c0c91c1c59c25efa22446,8e2d2a1cec9363487800fca287beb5e3652620abf31ddb169207b053b761482f,67fc1d5256fb8eb39a4394338feb043dceb03a5d53ac2c0a6981c8ddf850aa1c,52.02862865997939,stable,4096,6,0.3341334513530315,0.44723190494846643,0.23400765840466822,0.3230817666545598,1.3384828820264985,0.0034993489583333335,0.015828450520833332,0.2132568359375,0.23909505208333334,True,raw/halfcheetah-medium-replay-v2/halfcheetah-medium-replay-v2_tau14_mpi3_seed1.npz,7417a1d217a946a418bfdd0684c82fc5481bc0bd29a0df3b81c709903b7f7627
p4|halfcheetah-medium-replay-v2|14|1,p4,halfcheetah-medium-replay-v2,14.0,1,1000000,4b45beb5e1cb64d2dbc6699c89bc4c85c42488ec093dc4afa622ddf990311f71,0b08503d46bc247a69a9f1415e358872d1742bd7b9d27d6d6b312159955f508b,f5ff183fb10a9635c370aa2d37fd4d71eb3d06261263a71a93e313f4484cb2de,48d494a4770c11f48260736dec090b78bdca8375647ed4d24bfa5b6610c7f683,e5aa1396cd1114d28714078253945dcbf3ea6079180c0c91c1c59c25efa22446,8e2d2a1cec9363487800fca287beb5e3652620abf31ddb169207b053b761482f,67fc1d5256fb8eb39a4394338feb043dceb03a5d53ac2c0a6981c8ddf850aa1c,53.013754757074985,stable,4096,6,0.3183176020952982,0.4587561617640344,0.2712483663956794,0.30766686280559985,1.441190052778456,0.0035400390625,0.01953125,0.213134765625,0.23909505208333334,True,raw/halfcheetah-medium-replay-v2/halfcheetah-medium-replay-v2_tau14_mpi4_seed1.npz,c824796608226e2f816e5bd9eb8bb4b40968492fdcb07f50233ad11f805d20bf
td3|halfcheetah-medium-replay-v2|20|0,td3,halfcheetah-medium-replay-v2,20.0,0,1000000,05d76e8b97ecd2e45401525987b3ccd20515311b2b40edd3f66fd31a3e0bc088,dea7e17124646b0a58c6bfa8fb8de280222b50fcc91ef7f3760c1c511242a35a,bbdd7ed61cb564efd8f0306e4bdd8aee3429c6cfeaf99b4d63123bcb099de78b,48d494a4770c11f48260736dec090b78bdca8375647ed4d24bfa5b6610c7f683,e5aa1396cd1114d28714078253945dcbf3ea6079180c0c91c1c59c25efa22446,8e2d2a1cec9363487800fca287beb5e3652620abf31ddb169207b053b761482f,67fc1d5256fb8eb39a4394338feb043dceb03a5d53ac2c0a6981c8ddf850aa1c,55.031135473377766,stable,4096,6,0.43182945266847245,0.4331029065402798,0.06264520501010234,0.4152703123189687,1.0029489741006272,0.010782877604166666,0.01123046875,0.22489420572916666,0.23909505208333334,True,raw/halfcheetah-medium-replay-v2/halfcheetah-medium-replay-v2_tau20_seed0.npz,41ad0b3c3ec79c5d8206357e130f690a4e6932c39cc774aedd8c6fc2b34d4f1f
p3|halfcheetah-medium-replay-v2|20|0,p3,halfcheetah-medium-replay-v2,20.0,0,1000000,e0a2cbe1cbf8faabfbf59d54bcf335ca56c852f34c58f2b3a55f5058edf6962d,fc11042af13bb0ace1ba141f6664c0cb7fa5ea70e955992815e0ef11813f4260,cf207c7a1d92364c9702543550610eb7ac3d1afd25907ea699171b6fe3ae79b3,48d494a4770c11f48260736dec090b78bdca8375647ed4d24bfa5b6610c7f683,e5aa1396cd1114d28714078253945dcbf3ea6079180c0c91c1c59c25efa22446,8e2d2a1cec9363487800fca287beb5e3652620abf31ddb169207b053b761482f,67fc1d5256fb8eb39a4394338feb043dceb03a5d53ac2c0a6981c8ddf850aa1c,56.09084903124717,stable,4096,6,0.3479635892961356,0.4807456448984907,0.2572717812629729,0.3356549253949912,1.3815975570057433,0.004801432291666667,0.036539713541666664,0.20878092447916666,0.23909505208333334,True,raw/halfcheetah-medium-replay-v2/halfcheetah-medium-replay-v2_tau20_mpi3_seed0.npz,739c14fe6ee67b933ae1fdab24be9749e272b381bd207484d81f1c62a85b67c7
p4|halfcheetah-medium-replay-v2|20|0,p4,halfcheetah-medium-replay-v2,20.0,0,1000000,1b402a1af19636512fdf1b00279a2ca7ef39da4ef829026f39e062a5fa6c6278,a21c1e560f79467bbf3b1a34831b7b271a4eb7a38ae059a52a5db08d92a5ce98,2d12d4ed4b3a6e8997f57b1da7cce0df9406988d41150f7e2e0dc63d78756d09,48d494a4770c11f48260736dec090b78bdca8375647ed4d24bfa5b6610c7f683,e5aa1396cd1114d28714078253945dcbf3ea6079180c0c91c1c59c25efa22446,8e2d2a1cec9363487800fca287beb5e3652620abf31ddb169207b053b761482f,67fc1d5256fb8eb39a4394338feb043dceb03a5d53ac2c0a6981c8ddf850aa1c,55.28461387638405,stable,4096,6,0.3347809251849381,0.4888780029563213,0.29056508049890406,0.3235713408100046,1.460292287221136,0.005167643229166667,0.026082356770833332,0.21516927083333334,0.23909505208333334,True,raw/halfcheetah-medium-replay-v2/halfcheetah-medium-replay-v2_tau20_mpi4_seed0.npz,125dbda99cad28202bb64a5821ce22852c0fd25aaedc840dcb63e759d0ba9dde
td3|halfcheetah-medium-replay-v2|20|1,td3,halfcheetah-medium-replay-v2,20.0,1,1000000,1a1fecd329ae5df7ec7b7a76e93ec747b101b88a1bfb15c206970a12a3780926,780e1feabac33a38fd16abc84e16eaffc63dccbbe2988065737f363ad7cd4f44,9fefcbfea895c6066e8beb199552737bd98387528bccd3f45de86d2683d8d028,48d494a4770c11f48260736dec090b78bdca8375647ed4d24bfa5b6610c7f683,e5aa1396cd1114d28714078253945dcbf3ea6079180c0c91c1c59c25efa22446,8e2d2a1cec9363487800fca287beb5e3652620abf31ddb169207b053b761482f,67fc1d5256fb8eb39a4394338feb043dceb03a5d53ac2c0a6981c8ddf850aa1c,54.26562354357185,stable,4096,6,0.4370261521134384,0.43931281273696604,0.05859053903271565,0.41988490294563424,1.0052323198794155,0.028279622395833332,0.027587890625,0.22782389322916666,0.23909505208333334,True,raw/halfcheetah-medium-replay-v2/halfcheetah-medium-replay-v2_tau20_seed1.npz,fb0c4c1384105af595c22ace6ac2d98f6595ef4729f02b1ca6cffc49da59fa90
p3|halfcheetah-medium-replay-v2|20|1,p3,halfcheetah-medium-replay-v2,20.0,1,1000000,7730d0cf5bedc0b7e45be59faafb8b703dd005393a3f493ee1f776771c66c783,1f9d1e3013287cce1e5a7ae3f6efd4926b3444aac334d1a5fa2ee9e2075825da,c7d2a4dd9639d6da61225ec5508e382e02478bf22532eb4fe9613523b145259e,48d494a4770c11f48260736dec090b78bdca8375647ed4d24bfa5b6610c7f683,e5aa1396cd1114d28714078253945dcbf3ea6079180c0c91c1c59c25efa22446,8e2d2a1cec9363487800fca287beb5e3652620abf31ddb169207b053b761482f,67fc1d5256fb8eb39a4394338feb043dceb03a5d53ac2c0a6981c8ddf850aa1c,55.67135233763397,stable,4096,6,0.34495027676447226,0.47864117212422663,0.25964970466420906,0.3328779206066552,1.3875656996531034,0.0038655598958333335,0.0262451171875,0.20947265625,0.23909505208333334,True,raw/halfcheetah-medium-replay-v2/halfcheetah-medium-replay-v2_tau20_mpi3_seed1.npz,a63d665f65331119c55f9d65d013edf4800c201bb8d457b9ce6ea34f3e3ea38b
p4|halfcheetah-medium-replay-v2|20|1,p4,halfcheetah-medium-replay-v2,20.0,1,1000000,4ef4a0f1f8e4100d479013a678175349516eaec55e6507cc9850e6bc3ee58fd7,01369fcf6a76d84101db6532599dcb2f14275a8e65032cd644ac6fc024a67028,63f27745fdb58828eb4d954aeb9d635e8fccb16f2272834e452b410f6436da71,48d494a4770c11f48260736dec090b78bdca8375647ed4d24bfa5b6610c7f683,e5aa1396cd1114d28714078253945dcbf3ea6079180c0c91c1c59c25efa22446,8e2d2a1cec9363487800fca287beb5e3652620abf31ddb169207b053b761482f,67fc1d5256fb8eb39a4394338feb043dceb03a5d53ac2c0a6981c8ddf850aa1c,50.343755992621176,stable,4096,6,0.3366769555435632,0.48716798604317113,0.2898327104135767,0.3252402102585293,1.4469894004377013,0.009033203125,0.035603841145833336,0.21390787760416666,0.23909505208333334,True,raw/halfcheetah-medium-replay-v2/halfcheetah-medium-replay-v2_tau20_mpi4_seed1.npz,5d2526dbde0e332ad15aa54d68e89996148907fa613f4b702e78fde4fbe036b4
td3|halfcheetah-expert-v2|4|0,td3,halfcheetah-expert-v2,4.0,0,1000000,75abb95b6bde3a1f38631c17d48de702fc1c79dea1229de85b924afb81a62f8a,2d8c1dee1e99d46840881a431b5092647db434ab11b68aca08c7b5dffb6f77db,cb966bab828c0fdeea79306a2012519d06af48cb9483031b530cba81a88724e2,d9fe53bb994eb1e20a99b4fa3412cd76a1bb7966a7ff55e0fcbdd6081bd2965f,0e1ecb5e12eee00e5a1e576f3af6bf0775a34484c34e02f4c54d8a70f9a971b5,b7709452345310de1f065cbf6d2a2f29cce370025698b93ec507fce6ccff9166,ba88c976ce9fc90e2cece391a51487504b6f7093e517e748ca447532a4282eb4,85.44870116371672,stable,4096,6,0.1733917213124684,0.17492660052988873,0.022290507126011383,0.1663871013736144,1.0088520905485119,0.006022135416666667,0.005452473958333333,0.21044921875,0.19771321614583334,True,raw/halfcheetah-expert-v2/halfcheetah-expert-v2_tau4_seed0.npz,896aa46652d66471636232c190760af890283111a9ceb54d90253531a15ea375
p3|halfcheetah-expert-v2|4|0,p3,halfcheetah-expert-v2,4.0,0,1000000,b936a8b2f3b850bbacfd6e0c731909e09c9e32405b39b6e61e6fe4d46dc1bb84,0752c3122f180b3262560ef7f37c0d8e486b67bec36e33b7d7a09cb5ec09949e,693b43dcb7fa99a6140661a290dec1f70fd56fa79c472ac495c87b44f5e5305c,d9fe53bb994eb1e20a99b4fa3412cd76a1bb7966a7ff55e0fcbdd6081bd2965f,0e1ecb5e12eee00e5a1e576f3af6bf0775a34484c34e02f4c54d8a70f9a971b5,b7709452345310de1f065cbf6d2a2f29cce370025698b93ec507fce6ccff9166,ba88c976ce9fc90e2cece391a51487504b6f7093e517e748ca447532a4282eb4,76.21252927284526,stable,4096,6,0.1622224896578832,0.17698639451447667,0.059377150776861676,0.1564246611218684,1.091010222366391,0.0,0.017293294270833332,0.1943359375,0.19771321614583334,True,raw/halfcheetah-expert-v2/halfcheetah-expert-v2_tau4_mpi3_seed0.npz,88dc820bd274646771fd7c63b5138a2bdf963626cf254f49a35bad7995fb3330
p4|halfcheetah-expert-v2|4|0,p4,halfcheetah-expert-v2,4.0,0,1000000,e37374602b5cdbfffd911127c109b2115badea4c5d3af3e8e1736919ba6814ea,eb7f779ddaa7474eeadb08ba60d049c5630a33ac0b9029b137daf156807ac58a,5c61e9fbdfc53461df8aaaae6481477698689b2a57e1fe5f489a51d412d9cd39,d9fe53bb994eb1e20a99b4fa3412cd76a1bb7966a7ff55e0fcbdd6081bd2965f,0e1ecb5e12eee00e5a1e576f3af6bf0775a34484c34e02f4c54d8a70f9a971b5,b7709452345310de1f065cbf6d2a2f29cce370025698b93ec507fce6ccff9166,ba88c976ce9fc90e2cece391a51487504b6f7093e517e748ca447532a4282eb4,80.35633816146685,stable,4096,6,0.1611364946295589,0.17862079809482015,0.06730115009737918,0.15553443761640984,1.1085061674293983,0.0001220703125,0.030069986979166668,0.19340006510416666,0.19771321614583334,True,raw/halfcheetah-expert-v2/halfcheetah-expert-v2_tau4_mpi4_seed0.npz,fa76d4912ad25f5346c3b5de402012321b1b7c4f001f6511b85b185b4545d8ff
td3|halfcheetah-expert-v2|4|1,td3,halfcheetah-expert-v2,4.0,1,1000000,c264f05e7e46c7d0336df16f7dc9ed4fc34f698f5169f503431bab4fa393f5ff,f26ea5aef1ec5731b348a7ecbcbbd5b1e04c9d0219a69d3f01f26b5684c631bb,4c7079993468851a5daa62446293d971bdd965ee482fd189ee32fc5b355494b9,d9fe53bb994eb1e20a99b4fa3412cd76a1bb7966a7ff55e0fcbdd6081bd2965f,0e1ecb5e12eee00e5a1e576f3af6bf0775a34484c34e02f4c54d8a70f9a971b5,b7709452345310de1f065cbf6d2a2f29cce370025698b93ec507fce6ccff9166,ba88c976ce9fc90e2cece391a51487504b6f7093e517e748ca447532a4282eb4,76.64147535689759,stable,4096,6,0.1726632562687423,0.17316118841152708,0.02294892175690571,0.16525538040566415,1.002883833848296,0.010335286458333334,0.0096435546875,0.21573893229166666,0.19771321614583334,True,raw/halfcheetah-expert-v2/halfcheetah-expert-v2_tau4_seed1.npz,5a9dba9419d65cb65a9d7e25b289cbc2ed2aad9f55668e2b8c1a92139545dda0
p3|halfcheetah-expert-v2|4|1,p3,halfcheetah-expert-v2,4.0,1,1000000,237ade5e75ddab2e8453891cb2114e848d5ed0a4f4d7665f31c9397ff3af3077,ab8f0c9ae85c82ab7c4848c1fe9b4bcdfab3c79d45753105ecc14900510d3a21,1091582cd6b85c9816ac41e5ad3126a255efe3489fa6f9243fac0477be3c9089,d9fe53bb994eb1e20a99b4fa3412cd76a1bb7966a7ff55e0fcbdd6081bd2965f,0e1ecb5e12eee00e5a1e576f3af6bf0775a34484c34e02f4c54d8a70f9a971b5,b7709452345310de1f065cbf6d2a2f29cce370025698b93ec507fce6ccff9166,ba88c976ce9fc90e2cece391a51487504b6f7093e517e748ca447532a4282eb4,79.29617372110029,stable,4096,6,0.1618631215599063,0.177541576439305,0.05847243986263514,0.15619962540108828,1.096862427514695,0.0,0.023478190104166668,0.1968994140625,0.19771321614583334,True,raw/halfcheetah-expert-v2/halfcheetah-expert-v2_tau4_mpi3_seed1.npz,189b5bbf63b3e9b7b40a345b5ae30a6e507f0dc83476c09d53106e1a97bd25d5
p4|halfcheetah-expert-v2|4|1,p4,halfcheetah-expert-v2,4.0,1,1000000,be503f09b04723ad0db1085ad9bf566ccd71858e6580d4ceec44c93b6f96a65d,c5c6b94675e96abc4fc6be3a81d31ad121a2f48838e2603c3fd306cb68324c93,2939b170af5836386027360843ea4a78921c74eb055924d0c5329cfeb41888d8,d9fe53bb994eb1e20a99b4fa3412cd76a1bb7966a7ff55e0fcbdd6081bd2965f,0e1ecb5e12eee00e5a1e576f3af6bf0775a34484c34e02f4c54d8a70f9a971b5,b7709452345310de1f065cbf6d2a2f29cce370025698b93ec507fce6ccff9166,ba88c976ce9fc90e2cece391a51487504b6f7093e517e748ca447532a4282eb4,91.09673455507121,stable,4096,6,0.16117845646135529,0.17910188636951374,0.06657422652409473,0.1556026608966131,1.1112023920669314,0.0,0.040730794270833336,0.19392903645833334,0.19771321614583334,True,raw/halfcheetah-expert-v2/halfcheetah-expert-v2_tau4_mpi4_seed1.npz,1fc8c86541ab51730e8323ccf939eebef8aee30590f758e3dd7f9b74148f6ce7
td3|halfcheetah-expert-v2|7|0,td3,halfcheetah-expert-v2,7.0,0,1000000,e1296d0c43d78838eab2fa990f31cf538709153d1079284d6b32149aa485bc60,1abb10316ace21fe285d5b81ac68173546dce50a97e8349e02cdd394940c984c,defc1de199300056a2c579131409a506f34bbece417464c16d1bb2d9a860e834,d9fe53bb994eb1e20a99b4fa3412cd76a1bb7966a7ff55e0fcbdd6081bd2965f,0e1ecb5e12eee00e5a1e576f3af6bf0775a34484c34e02f4c54d8a70f9a971b5,b7709452345310de1f065cbf6d2a2f29cce370025698b93ec507fce6ccff9166,ba88c976ce9fc90e2cece391a51487504b6f7093e517e748ca447532a4282eb4,5.788996393931056,collapsed,4096,6,0.23700189813077457,0.23756869467880587,0.025490044100508983,0.2254831898693628,1.0023915274624449,0.0850830078125,0.084716796875,0.24853515625,0.19771321614583334,True,raw/halfcheetah-expert-v2/halfcheetah-expert-v2_tau7_seed0.npz,8138abc01235d5c24ac099783a0a72d2ecfa1e939c7714b1d8ea31ae973c26e3
p3|halfcheetah-expert-v2|7|0,p3,halfcheetah-expert-v2,7.0,0,1000000,00964f8c7b8c7fe559e8ebd66a56fb9e1bfb6eed67ede8053ba3c37822004c04,2d93fde7a2132708fc705e023d44f391b829a2929602e98eb3593671e363efcf,9beda97f6ffffebc78fb947a3dfbab8a2f05fcdef997b00f66738bcc7a74f4ba,d9fe53bb994eb1e20a99b4fa3412cd76a1bb7966a7ff55e0fcbdd6081bd2965f,0e1ecb5e12eee00e5a1e576f3af6bf0775a34484c34e02f4c54d8a70f9a971b5,b7709452345310de1f065cbf6d2a2f29cce370025698b93ec507fce6ccff9166,ba88c976ce9fc90e2cece391a51487504b6f7093e517e748ca447532a4282eb4,39.440023164729986,stable,4096,6,0.16615532479001657,0.1903634876427281,0.07055491371890356,0.16001969908496838,1.1456959798508128,0.0003662109375,0.049275716145833336,0.20279947916666666,0.19771321614583334,True,raw/halfcheetah-expert-v2/halfcheetah-expert-v2_tau7_mpi3_seed0.npz,8e5435add05e4c5212f5090b9c85bc4f4a6fcb5b91d942638bb904ba1f968419
p4|halfcheetah-expert-v2|7|0,p4,halfcheetah-expert-v2,7.0,0,1000000,0b3a0c6eb069b987b821191001b1124b8552f06e27371b90881bfc2796ea0749,f7481e2ceaea53388c0b115f7b8792d4175a51f66f944cb2cdd434e0702fc5db,2aa3fc629a8214b885bd8876386ba3dde0ff419f05041503799de377a031f631,d9fe53bb994eb1e20a99b4fa3412cd76a1bb7966a7ff55e0fcbdd6081bd2965f,0e1ecb5e12eee00e5a1e576f3af6bf0775a34484c34e02f4c54d8a70f9a971b5,b7709452345310de1f065cbf6d2a2f29cce370025698b93ec507fce6ccff9166,ba88c976ce9fc90e2cece391a51487504b6f7093e517e748ca447532a4282eb4,52.737054651755734,stable,4096,6,0.16363078650764448,0.19313844379243728,0.0850143809213415,0.15772543360618063,1.1803307184092418,4.0690104166666664e-05,0.0430908203125,0.19877115885416666,0.19771321614583334,True,raw/halfcheetah-expert-v2/halfcheetah-expert-v2_tau7_mpi4_seed0.npz,fa556424c0cac068b52dfbf174bde82a7714257ddf047ce2d122a453a9be6a21
td3|halfcheetah-expert-v2|7|1,td3,halfcheetah-expert-v2,7.0,1,1000000,c1593e43a2d678d763519ff71e14d9cdb84774b2c2d7561e20d92cb24d18e5ec,f16f784bf237cdc462b46da4fef7a8ff6df248b247def6c1764077e815af8bfe,14abaffb2f2a6911470602e162af8f908cf6c7301c4f0bdea2e7c080cf2046d0,d9fe53bb994eb1e20a99b4fa3412cd76a1bb7966a7ff55e0fcbdd6081bd2965f,0e1ecb5e12eee00e5a1e576f3af6bf0775a34484c34e02f4c54d8a70f9a971b5,b7709452345310de1f065cbf6d2a2f29cce370025698b93ec507fce6ccff9166,ba88c976ce9fc90e2cece391a51487504b6f7093e517e748ca447532a4282eb4,49.776230811002584,stable,4096,6,0.19243735478506171,0.19282047937739527,0.02870580711614667,0.1839707021080919,1.0019909055222749,0.030354817708333332,0.029866536458333332,0.22794596354166666,0.19771321614583334,True,raw/halfcheetah-expert-v2/halfcheetah-expert-v2_tau7_seed1.npz,d349d49eae9e5c714ab5a256b311a33ef7244ed2dbc796ee51186c85069f0d67
p3|halfcheetah-expert-v2|7|1,p3,halfcheetah-expert-v2,7.0,1,1000000,dc9607e2d68040d3803da08be492d071aed0a2b869d1c14d806c297ac6c8e923,6d66a314148699268bf7e42ca7b62c866c5391f8411327f38c626b70bf6190d3,123ff7348e74c656a5fe4fc6ce29df752003151dabdf3141b3c58d7221d0b443,d9fe53bb994eb1e20a99b4fa3412cd76a1bb7966a7ff55e0fcbdd6081bd2965f,0e1ecb5e12eee00e5a1e576f3af6bf0775a34484c34e02f4c54d8a70f9a971b5,b7709452345310de1f065cbf6d2a2f29cce370025698b93ec507fce6ccff9166,ba88c976ce9fc90e2cece391a51487504b6f7093e517e748ca447532a4282eb4,39.43114229733208,stable,4096,6,0.16523216343417862,0.19182038346325964,0.07480840242250755,0.1590513644621177,1.1609143127855528,0.0006510416666666666,0.058878580729166664,0.205322265625,0.19771321614583334,True,raw/halfcheetah-expert-v2/halfcheetah-expert-v2_tau7_mpi3_seed1.npz,423fe8b7db5f5f238e7e86f415cd4a1a380731631a06c420ce091d8e7390bbc4
p4|halfcheetah-expert-v2|7|1,p4,halfcheetah-expert-v2,7.0,1,1000000,1ec073a8660aec940f9bc14391a3184a1fd8cf9ad57bc9aae9316d71041b195a,fafd6e38304d68ce27988aa4464926451d28d7b324b449522e18a4892cbabd1b,eeb76126e640f3dee40d34723224d3b8d9aa2b77af04ba8605b7e9f1ee382927,d9fe53bb994eb1e20a99b4fa3412cd76a1bb7966a7ff55e0fcbdd6081bd2965f,0e1ecb5e12eee00e5a1e576f3af6bf0775a34484c34e02f4c54d8a70f9a971b5,b7709452345310de1f065cbf6d2a2f29cce370025698b93ec507fce6ccff9166,ba88c976ce9fc90e2cece391a51487504b6f7093e517e748ca447532a4282eb4,74.92302220501153,stable,4096,6,0.16312174057685253,0.19009199556228895,0.07821025806907672,0.1571883851223727,1.1653382001078498,0.0,0.043701171875,0.20100911458333334,0.19771321614583334,True,raw/halfcheetah-expert-v2/halfcheetah-expert-v2_tau7_mpi4_seed1.npz,cec5ef6002b58d9a5d8ce02faf3b5a22ccce2b05307e84ab3a95126c2d2e1da1
td3|halfcheetah-expert-v2|10|0,td3,halfcheetah-expert-v2,10.0,0,1000000,fbcc6fd474d9ee9ca1b2b88e032dac4401280fe9f9203b613fd2de04a0dc9038,9ca7a244567a812484e69dc8ba6453eee67a33846d73e02574ee37e280c29920,9dba005df0c8797ec2b8ed0d972b8b958454ba91fbb682126270dda420e75417,d9fe53bb994eb1e20a99b4fa3412cd76a1bb7966a7ff55e0fcbdd6081bd2965f,0e1ecb5e12eee00e5a1e576f3af6bf0775a34484c34e02f4c54d8a70f9a971b5,b7709452345310de1f065cbf6d2a2f29cce370025698b93ec507fce6ccff9166,ba88c976ce9fc90e2cece391a51487504b6f7093e517e748ca447532a4282eb4,1.2699050623327197,collapsed,4096,6,0.29818116391957233,0.30054596787527216,0.04470655136595775,0.28374622863467763,1.0079307623748417,0.12288411458333333,0.125244140625,0.2344970703125,0.19771321614583334,True,raw/halfcheetah-expert-v2/halfcheetah-expert-v2_tau10_seed0.npz,42cbab4d8ebd6bb419a1df192c62ddd2ecdbcac32b2aa79bc354a96af87d3a74
p3|halfcheetah-expert-v2|10|0,p3,halfcheetah-expert-v2,10.0,0,1000000,1db35485ab958944cdade1c81cf0300d73079b5f375e58693d48d0470cf1dab9,8744896f662698d1dd38b88f8300d3eed23590de4af974a9b545aac2ea87cf1f,238822252a32620d4cd333acb729baf0acbaa47b8c77aa8e2cd040bb77d041bc,d9fe53bb994eb1e20a99b4fa3412cd76a1bb7966a7ff55e0fcbdd6081bd2965f,0e1ecb5e12eee00e5a1e576f3af6bf0775a34484c34e02f4c54d8a70f9a971b5,b7709452345310de1f065cbf6d2a2f29cce370025698b93ec507fce6ccff9166,ba88c976ce9fc90e2cece391a51487504b6f7093e517e748ca447532a4282eb4,20.74356091445695,stable,4096,6,0.16953970759508227,0.20237150214058366,0.08047967142507358,0.16269332005952147,1.1936525372800262,0.0118408203125,0.07010904947916667,0.21036783854166666,0.19771321614583334,True,raw/halfcheetah-expert-v2/halfcheetah-expert-v2_tau10_mpi3_seed0.npz,11fd36931c25079c66f85fbd7c818392f9c30b01a47ae8deabc4fecdc9ecac16
p4|halfcheetah-expert-v2|10|0,p4,halfcheetah-expert-v2,10.0,0,1000000,1e57460ae551280c34725db2f8228c1bcb962258198b1c81d5141fb8570e1459,56754e4c3abdf596d258b0d9bcbcc8b20104ada4cc86b723cbc44987ccbfd875,24e9c45835c7210b3249d1865c44fbb75b9a8fcfc0363b9b09d30688015f0f2e,d9fe53bb994eb1e20a99b4fa3412cd76a1bb7966a7ff55e0fcbdd6081bd2965f,0e1ecb5e12eee00e5a1e576f3af6bf0775a34484c34e02f4c54d8a70f9a971b5,b7709452345310de1f065cbf6d2a2f29cce370025698b93ec507fce6ccff9166,ba88c976ce9fc90e2cece391a51487504b6f7093e517e748ca447532a4282eb4,6.724652422703517,collapsed,4096,6,0.16624792626350612,0.2055043372135061,0.09571532867501721,0.1599853575037361,1.23613173308266,0.0011800130208333333,0.07010904947916667,0.20377604166666666,0.19771321614583334,True,raw/halfcheetah-expert-v2/halfcheetah-expert-v2_tau10_mpi4_seed0.npz,db8f7b1732e5046bf5128317da9986e87ffc8a31e7208fdbd1e01cf0867c67fa
td3|halfcheetah-expert-v2|10|1,td3,halfcheetah-expert-v2,10.0,1,1000000,4d5b966e7bdf09a86b541875b4ca2e6cae053874555ff9f75d1d278eb2da5a37,84a07794f492cd349df551d831bc17a6f35997790466f704c4b01ed84fe54007,3b6a820445a6648694e410666ffca189da2257062454835bb482e6926a221065,d9fe53bb994eb1e20a99b4fa3412cd76a1bb7966a7ff55e0fcbdd6081bd2965f,0e1ecb5e12eee00e5a1e576f3af6bf0775a34484c34e02f4c54d8a70f9a971b5,b7709452345310de1f065cbf6d2a2f29cce370025698b93ec507fce6ccff9166,ba88c976ce9fc90e2cece391a51487504b6f7093e517e748ca447532a4282eb4,14.959409101106091,collapsed,4096,6,0.21315202778385833,0.21463662285072452,0.03250948506600918,0.20336278112303624,1.0069649586837222,0.08304850260416667,0.08614095052083333,0.24019368489583334,0.19771321614583334,True,raw/halfcheetah-expert-v2/halfcheetah-expert-v2_tau10_seed1.npz,5f3d2a8e0a6c6165bb28d88d043b708f348e4daa97f18ffce0c95fce6a7fd66c
p3|halfcheetah-expert-v2|10|1,p3,halfcheetah-expert-v2,10.0,1,1000000,1e5fc3cbc0713f99c9900e13130e378e8177f7d2f0650a3770e264f51e9feb65,d9d834bd0361968dfc3721c157ed4381c36186cb27179d42e076a203da8d5139,eb95cf2f096bf3536fd391d9bc033b8896573539100fc5db4a6a9a6c183c3add,d9fe53bb994eb1e20a99b4fa3412cd76a1bb7966a7ff55e0fcbdd6081bd2965f,0e1ecb5e12eee00e5a1e576f3af6bf0775a34484c34e02f4c54d8a70f9a971b5,b7709452345310de1f065cbf6d2a2f29cce370025698b93ec507fce6ccff9166,ba88c976ce9fc90e2cece391a51487504b6f7093e517e748ca447532a4282eb4,38.50823608022746,stable,4096,6,0.17300193835752029,0.21713845402416435,0.09354571542810017,0.16617294321757037,1.2551215095372685,0.013224283854166666,0.08317057291666667,0.21085611979166666,0.19771321614583334,True,raw/halfcheetah-expert-v2/halfcheetah-expert-v2_tau10_mpi3_seed1.npz,3df1c65e36861959a955bd4375b8e353399f93eba2059f9476ebdf4843237f7a
p4|halfcheetah-expert-v2|10|1,p4,halfcheetah-expert-v2,10.0,1,1000000,a01e6ee17c04164e81701bbae8f01ebcff29861aea5b2040f05d8a78bce18fc0,6262b9373dd1efc65c2091bb983f1ede81d3868a2f2042ac76a794c4436613b0,d88ab177c1fee1e4a896559c720c8ebe5d632713dcff7cc3c1160f3d2babf044,d9fe53bb994eb1e20a99b4fa3412cd76a1bb7966a7ff55e0fcbdd6081bd2965f,0e1ecb5e12eee00e5a1e576f3af6bf0775a34484c34e02f4c54d8a70f9a971b5,b7709452345310de1f065cbf6d2a2f29cce370025698b93ec507fce6ccff9166,ba88c976ce9fc90e2cece391a51487504b6f7093e517e748ca447532a4282eb4,44.35391019936886,stable,4096,6,0.1664392223285727,0.20616132261733291,0.09379725351583496,0.16015808951667604,1.2386582905941703,0.0006103515625,0.09220377604166667,0.207763671875,0.19771321614583334,True,raw/halfcheetah-expert-v2/halfcheetah-expert-v2_tau10_mpi4_seed1.npz,172efaef996dd4373174db04f416a82518bce3017242076a3a0fb99262566df2
td3|halfcheetah-expert-v2|14|0,td3,halfcheetah-expert-v2,14.0,0,1000000,8c8d784982cf1d1d19f473ed942df55cbabd64fa9d5f59aa3635a7804c641949,bcd9c2239e2670c9b821783b646bf281893d31e62b38ea921db6a650e3b41113,a2d4fca650d7831b1770ed61e70441bad93ae9c4b7a4f35546a434990d0a6cfb,d9fe53bb994eb1e20a99b4fa3412cd76a1bb7966a7ff55e0fcbdd6081bd2965f,0e1ecb5e12eee00e5a1e576f3af6bf0775a34484c34e02f4c54d8a70f9a971b5,b7709452345310de1f065cbf6d2a2f29cce370025698b93ec507fce6ccff9166,ba88c976ce9fc90e2cece391a51487504b6f7093e517e748ca447532a4282eb4,2.1022109021440114,collapsed,4096,6,0.2770621075384736,0.2766970980715906,0.03069082453252931,0.26543779857469024,0.9986825716799533,0.10941569010416667,0.11181640625,0.24544270833333334,0.19771321614583334,True,raw/halfcheetah-expert-v2/halfcheetah-expert-v2_tau14_seed0.npz,10a3962c17bc72279b680d61d2168a6b4f16579cf70c746679a40e3e5ef311ae
p3|halfcheetah-expert-v2|14|0,p3,halfcheetah-expert-v2,14.0,0,1000000,625628a10d9626f685ff86495a70c7a8b7bba3a27c2c604773d8e01dd6b4e69d,576a2f658423855282124219adc2148a45ccd4fb79175cff593df703f645f04f,6a3038432e8d3bd7fccd20101efb3690d945f3ae08e66a836eaeeed03e1774d6,d9fe53bb994eb1e20a99b4fa3412cd76a1bb7966a7ff55e0fcbdd6081bd2965f,0e1ecb5e12eee00e5a1e576f3af6bf0775a34484c34e02f4c54d8a70f9a971b5,b7709452345310de1f065cbf6d2a2f29cce370025698b93ec507fce6ccff9166,ba88c976ce9fc90e2cece391a51487504b6f7093e517e748ca447532a4282eb4,6.599847012469332,collapsed,4096,6,0.1877146266529917,0.2526016973257307,0.1173132083964089,0.1798810598645314,1.3456686984370636,0.020792643229166668,0.1414794921875,0.21533203125,0.19771321614583334,True,raw/halfcheetah-expert-v2/halfcheetah-expert-v2_tau14_mpi3_seed0.npz,138971b42a93f6637b3c0260e11cca880e6d31a4967e89811fbe306af4070a8d
p4|halfcheetah-expert-v2|14|0,p4,halfcheetah-expert-v2,14.0,0,1000000,010e377afc6ade0cc37b26652e4026e99dc74f79f62d3f14f5a6136add4fb00d,eae3049bb3520748681d95fc3352afd83369b3e268b5d63f35a0e61bd7df65bc,6e1382a285431c6daa9792bb2d3b56f46a6aede2386ec132569748e4ac3349cf,d9fe53bb994eb1e20a99b4fa3412cd76a1bb7966a7ff55e0fcbdd6081bd2965f,0e1ecb5e12eee00e5a1e576f3af6bf0775a34484c34e02f4c54d8a70f9a971b5,b7709452345310de1f065cbf6d2a2f29cce370025698b93ec507fce6ccff9166,ba88c976ce9fc90e2cece391a51487504b6f7093e517e748ca447532a4282eb4,18.95746189754793,collapsed,4096,6,0.1731431999022861,0.23245834669405566,0.11739657199776737,0.166380925537483,1.342578552465498,0.008260091145833334,0.08256022135416667,0.20845540364583334,0.19771321614583334,True,raw/halfcheetah-expert-v2/halfcheetah-expert-v2_tau14_mpi4_seed0.npz,a175d5d4dd759917f6504cb75ba9bb30381b83a4fdad6715386d9f18076476b2
td3|halfcheetah-expert-v2|14|1,td3,halfcheetah-expert-v2,14.0,1,1000000,aca7029cc59cd0c3d2d23ccf3146ef3eaa906372bc45e0ca7ed93b99b506e8f3,38e701172656f40c9454a5f33cb7359b1b1b1c8a504bff1e4afd7572c1121c62,2a67e1779771125cf4006dd82995fe8f0210a007fcbd0591f57ad1b65e830eb5,d9fe53bb994eb1e20a99b4fa3412cd76a1bb7966a7ff55e0fcbdd6081bd2965f,0e1ecb5e12eee00e5a1e576f3af6bf0775a34484c34e02f4c54d8a70f9a971b5,b7709452345310de1f065cbf6d2a2f29cce370025698b93ec507fce6ccff9166,ba88c976ce9fc90e2cece391a51487504b6f7093e517e748ca447532a4282eb4,0.7421228031051205,collapsed,4096,6,0.31664029628678847,0.31862130188837817,0.029913826488195978,0.30428936735754136,1.0062563281579153,0.14558919270833334,0.14408365885416666,0.2593587239583333,0.19771321614583334,True,raw/halfcheetah-expert-v2/halfcheetah-expert-v2_tau14_seed1.npz,f2a4bcb5b407d157f453d9ee294fe9d1f4ae8b8a62cfa7509143a600d5752cbc
p3|halfcheetah-expert-v2|14|1,p3,halfcheetah-expert-v2,14.0,1,1000000,67c31819b6292f2af4f5af429612d1c47454cf36a73c1ebafa001b469691de43,3acccc54d97590c7a38455c0204b62fe80a8cce47c689eee4d654a897dfbcb47,e65d25cc78fab82253de2a52e3c1862e5915be91d672fd2a3e31c790c6dbe4de,d9fe53bb994eb1e20a99b4fa3412cd76a1bb7966a7ff55e0fcbdd6081bd2965f,0e1ecb5e12eee00e5a1e576f3af6bf0775a34484c34e02f4c54d8a70f9a971b5,b7709452345310de1f065cbf6d2a2f29cce370025698b93ec507fce6ccff9166,ba88c976ce9fc90e2cece391a51487504b6f7093e517e748ca447532a4282eb4,18.874060401155194,collapsed,4096,6,0.17900196467196652,0.22722140448464856,0.09914466457221534,0.17134204424475968,1.2693793886622837,0.020914713541666668,0.0965576171875,0.21879069010416666,0.19771321614583334,True,raw/halfcheetah-expert-v2/halfcheetah-expert-v2_tau14_mpi3_seed1.npz,678f47e1825645c9292379da0117167c49331810918afba426439b6116df44f2
p4|halfcheetah-expert-v2|14|1,p4,halfcheetah-expert-v2,14.0,1,1000000,7871d920bbd0e00160bc31a93771fb82f9398d98ecdae32c5047ec9a760b50ab,c88de074749552d77680455e4b8ef7634eabd4716a6a6fe733746d284646b693,42316660d92cc08a7341abb129da577cd050ed9fa44c910974752eda122b6ed9,d9fe53bb994eb1e20a99b4fa3412cd76a1bb7966a7ff55e0fcbdd6081bd2965f,0e1ecb5e12eee00e5a1e576f3af6bf0775a34484c34e02f4c54d8a70f9a971b5,b7709452345310de1f065cbf6d2a2f29cce370025698b93ec507fce6ccff9166,ba88c976ce9fc90e2cece391a51487504b6f7093e517e748ca447532a4282eb4,31.406413671122124,stable,4096,6,0.1705655784276049,0.22217342912804275,0.10762581335704226,0.16374668120569952,1.3025689660023776,0.005086263020833333,0.09444173177083333,0.21280924479166666,0.19771321614583334,True,raw/halfcheetah-expert-v2/halfcheetah-expert-v2_tau14_mpi4_seed1.npz,82a71e6f6b2919a03bc883a484eb92f8654b6ba61d870b5adcb39609cf0e27c2
td3|halfcheetah-expert-v2|20|0,td3,halfcheetah-expert-v2,20.0,0,1000000,1429f57505e79e17bf6b84647719971e2a154f48643fc0ff04e5f1b52d729ea4,0205c0198c56f60a8e4e90ed24f9bde5938a2b73d116bd979a79ea0906a61392,2e3b9fd03fc2f3d9c68e6ce7a9933eda7053e9d20f8bafc11107421b67cd7ce2,d9fe53bb994eb1e20a99b4fa3412cd76a1bb7966a7ff55e0fcbdd6081bd2965f,0e1ecb5e12eee00e5a1e576f3af6bf0775a34484c34e02f4c54d8a70f9a971b5,b7709452345310de1f065cbf6d2a2f29cce370025698b93ec507fce6ccff9166,ba88c976ce9fc90e2cece391a51487504b6f7093e517e748ca447532a4282eb4,-1.204281873433457,collapsed,4096,6,0.34412870737844325,0.344807300664438,0.04653817363445297,0.3263719436617697,1.0019719171096308,0.18208821614583334,0.18509928385416666,0.2514241536458333,0.19771321614583334,True,raw/halfcheetah-expert-v2/halfcheetah-expert-v2_tau20_seed0.npz,49b52e9544900f90d979f30fc524e5d86c25e93db2e0b82dc222715ca973c95c
p3|halfcheetah-expert-v2|20|0,p3,halfcheetah-expert-v2,20.0,0,1000000,33145e951dd76e8bbd30c48c5f8e419846ca12db9043cfe24aba27e0298f20d0,0c8b5c3956adbdf7eb3f2e058cd57689f690f077b0288a686474f1da271f46ca,9c56d2cd75f97e3f5f3373b9c02ac9d431a5040faf2b0bdb22beb4419cc8c541,d9fe53bb994eb1e20a99b4fa3412cd76a1bb7966a7ff55e0fcbdd6081bd2965f,0e1ecb5e12eee00e5a1e576f3af6bf0775a34484c34e02f4c54d8a70f9a971b5,b7709452345310de1f065cbf6d2a2f29cce370025698b93ec507fce6ccff9166,ba88c976ce9fc90e2cece391a51487504b6f7093e517e748ca447532a4282eb4,2.230735063635166,collapsed,4096,6,0.19818640131665208,0.27437376425764937,0.1279324382402705,0.18916727571907999,1.3844227577414305,0.035400390625,0.1226806640625,0.22306315104166666,0.19771321614583334,True,raw/halfcheetah-expert-v2/halfcheetah-expert-v2_tau20_mpi3_seed0.npz,85bd27a0a448397b6d0347c4d9fb2d2ecc6bdfffd47c736474ff552f035ef8c3
p4|halfcheetah-expert-v2|20|0,p4,halfcheetah-expert-v2,20.0,0,1000000,4f86d04189c0fa5f7cbe73fa975773c62a5086900b244eaafc9bf13a172ed5d2,f02fb422237572e398cf338642d6740508b393b8e91c08711e7fd499115e4c03,f9b5b81b4530d33bda3f95e43c98790270559c6680dee2dd885e4716fc7903a1,d9fe53bb994eb1e20a99b4fa3412cd76a1bb7966a7ff55e0fcbdd6081bd2965f,0e1ecb5e12eee00e5a1e576f3af6bf0775a34484c34e02f4c54d8a70f9a971b5,b7709452345310de1f065cbf6d2a2f29cce370025698b93ec507fce6ccff9166,ba88c976ce9fc90e2cece391a51487504b6f7093e517e748ca447532a4282eb4,3.3688966294770286,collapsed,4096,6,0.1983242713315573,0.3167341302670564,0.17973788550814665,0.18963578344778248,1.597051778587111,0.0164794921875,0.14119466145833334,0.21944173177083334,0.19771321614583334,True,raw/halfcheetah-expert-v2/halfcheetah-expert-v2_tau20_mpi4_seed0.npz,e2c64f8dbae2ecf00451a3eda7c50d994688f2855860d0fb4a0daa82aa144500
td3|halfcheetah-expert-v2|20|1,td3,halfcheetah-expert-v2,20.0,1,1000000,e2a02aa5670c1fd4effed4819c531a70a4aa450a098ee444d878d1c92940a2d2,c31a137b2e9c561b1bf8a8290a9b26f367b8f10a224dc9a29643f2ca8d7b0f75,be7cc0d804c00586b1fb93f92bc6e322c50f23abff61acb92cdeb6b6454f4ed7,d9fe53bb994eb1e20a99b4fa3412cd76a1bb7966a7ff55e0fcbdd6081bd2965f,0e1ecb5e12eee00e5a1e576f3af6bf0775a34484c34e02f4c54d8a70f9a971b5,b7709452345310de1f065cbf6d2a2f29cce370025698b93ec507fce6ccff9166,ba88c976ce9fc90e2cece391a51487504b6f7093e517e748ca447532a4282eb4,-1.022377859826169,collapsed,4096,6,0.4387486800352984,0.4404785723504598,0.0717604507126473,0.4179455084377726,1.0039427863692314,0.3001302083333333,0.3011067708333333,0.3104654947916667,0.19771321614583334,True,raw/halfcheetah-expert-v2/halfcheetah-expert-v2_tau20_seed1.npz,feb881e0e26f32d19f35899c38d3ca08d39acd5cbb82efaa507ae987ff3953f7
p3|halfcheetah-expert-v2|20|1,p3,halfcheetah-expert-v2,20.0,1,1000000,3ad1a02cc59ab01f130ba3642a1adb9a07ba53a3b3f86c8c81d490347868db8a,5264af1b584599b635408b87eca7633b72ee3bd4c8955731b974e2f95cd7cee2,1c3a823aa726710ac4acfcb815b7b4b597cf06064d0017ae8f7d1c4403eaeeb2,d9fe53bb994eb1e20a99b4fa3412cd76a1bb7966a7ff55e0fcbdd6081bd2965f,0e1ecb5e12eee00e5a1e576f3af6bf0775a34484c34e02f4c54d8a70f9a971b5,b7709452345310de1f065cbf6d2a2f29cce370025698b93ec507fce6ccff9166,ba88c976ce9fc90e2cece391a51487504b6f7093e517e748ca447532a4282eb4,18.750899616682243,collapsed,4096,6,0.21276783344247557,0.30743681329295713,0.14876371756221324,0.2031524963836314,1.4449402821788684,0.052083333333333336,0.11881510416666667,0.21976725260416666,0.19771321614583334,True,raw/halfcheetah-expert-v2/halfcheetah-expert-v2_tau20_mpi3_seed1.npz,5838f0945a1e9e665ee6f7afda65f007072122e64d03e1fe73bfd01c3586ebb2
p4|halfcheetah-expert-v2|20|1,p4,halfcheetah-expert-v2,20.0,1,1000000,fdd0f7b56e390ecc2c934b3e138de332916411837b1752b7625fdc97164604e0,10fcd745254d1039a77196aa222bcda104400f8c147c129db5bb992d6ed83a4f,5302c06004e1e6fd4449b6337c7e99170174fb706915ca518b07a298c0734d01,d9fe53bb994eb1e20a99b4fa3412cd76a1bb7966a7ff55e0fcbdd6081bd2965f,0e1ecb5e12eee00e5a1e576f3af6bf0775a34484c34e02f4c54d8a70f9a971b5,b7709452345310de1f065cbf6d2a2f29cce370025698b93ec507fce6ccff9166,ba88c976ce9fc90e2cece391a51487504b6f7093e517e748ca447532a4282eb4,9.17261274137199,collapsed,4096,6,0.1857010406569332,0.2719216280544207,0.14490981194647304,0.17748567160501297,1.4642978148774766,0.040690104166666664,0.12601725260416666,0.222412109375,0.19771321614583334,True,raw/halfcheetah-expert-v2/halfcheetah-expert-v2_tau20_mpi4_seed1.npz,03823b92062b72626340e8332ce07a476e6f221bd78c15723adae3480f36fdb7
td3|hopper-medium-v2|4|0,td3,hopper-medium-v2,4.0,0,1000000,661af70d50218c9f4f12c9bb233941d7454f37132adb375dff6b2aeb443edc78,e63f35ef8d900e95636f6fbbd0cc756f0826798f954a1f2c3562d44e83ea71a3,ccc2debf3533ea60df5dd73e0e7b1ee11e6df8fd7471ebe93f56363ccf7f4b47,5bdf1bc4a713c82941de44633df669b36c89850b652a25985166796d25cf71a0,c32b1f46aba3efdc8534443987638ea6872bbaabbf49a4b22b4dd522a54a4fb1,b4329a9364407b8bbff94e259f897fac8406d95e42d31023040f34ebb8c03d11,29d28a83cd422bd6e33486ea936ace1d93dbd286b8defe2a3b8e7bfe3b5fdeda,63.86375894151014,stable,4096,3,0.23107964163015465,0.23420542705858918,0.03640577739916574,0.2264625282675862,1.0135268750045812,0.015787760416666668,0.015950520833333332,0.11564127604166667,0.14029947916666666,True,raw/hopper-medium-v2/hopper-medium-v2_tau4_seed0.npz,da770c2d0f4192b09e2f2d6b0237ef85fc029d5a49b45db825d0b38897a8e509
p3|hopper-medium-v2|4|0,p3,hopper-medium-v2,4.0,0,1000000,9d2dd47698918162943730217bbb46ba6cb5f14401f58264331fda7e2562e8f9,0bd5c6f392de49823b4e8898a27d696867337872818fca133484a2c68bfbe819,0e0ca0b04645456ed423c2bd2f755ebad6bdebd167f8071cd1bbf6f8867b19f6,5bdf1bc4a713c82941de44633df669b36c89850b652a25985166796d25cf71a0,c32b1f46aba3efdc8534443987638ea6872bbaabbf49a4b22b4dd522a54a4fb1,b4329a9364407b8bbff94e259f897fac8406d95e42d31023040f34ebb8c03d11,29d28a83cd422bd6e33486ea936ace1d93dbd286b8defe2a3b8e7bfe3b5fdeda,55.82887349601117,stable,4096,3,0.22259034319752471,0.24059680774094638,0.07258256466080043,0.21844979685091978,1.0808950841476663,0.016357421875,0.007731119791666667,0.11881510416666667,0.14029947916666666,True,raw/hopper-medium-v2/hopper-medium-v2_tau4_mpi3_seed0.npz,cd619d3e347daeebabbeb70a22e3d287334a4ccc9c8296b9b33ff5a8bedfd060
p4|hopper-medium-v2|4|0,p4,hopper-medium-v2,4.0,0,1000000,83a735be5243ace9067983555a892a1217e66502431b4638d09d9136fa82bc78,eb4428ba3d8bcc05da52573a8e7077569edf777163985d114ba7d2fdce14a33c,17c89a630ce10c810406eeffb5ded92163b280b87553781693f0987239800fca,5bdf1bc4a713c82941de44633df669b36c89850b652a25985166796d25cf71a0,c32b1f46aba3efdc8534443987638ea6872bbaabbf49a4b22b4dd522a54a4fb1,b4329a9364407b8bbff94e259f897fac8406d95e42d31023040f34ebb8c03d11,29d28a83cd422bd6e33486ea936ace1d93dbd286b8defe2a3b8e7bfe3b5fdeda,51.73192109247461,stable,4096,3,0.222414906739491,0.24299435123151852,0.07983487252155638,0.2182434684532345,1.0925272716371108,0.009358723958333334,0.008870442708333334,0.11848958333333333,0.14029947916666666,True,raw/hopper-medium-v2/hopper-medium-v2_tau4_mpi4_seed0.npz,7453428c64b6921cfb4a9a4b8d6ce5f348a73c2625b1897cfc7c215bc919e7b6
td3|hopper-medium-v2|4|1,td3,hopper-medium-v2,4.0,1,1000000,555ba426fafde31dac940c1e23428f7ad380e7f3a897efe23cae9bfe9739fd0b,3a02f84dd1ddb9eb9c52eaad5e6bc329ccff803aa84339c8325992f3b4fb00b7,c69cd200346740238b74efe921d947dd5c8f3a7117a787024d8ca3551fd5e981,5bdf1bc4a713c82941de44633df669b36c89850b652a25985166796d25cf71a0,c32b1f46aba3efdc8534443987638ea6872bbaabbf49a4b22b4dd522a54a4fb1,b4329a9364407b8bbff94e259f897fac8406d95e42d31023040f34ebb8c03d11,29d28a83cd422bd6e33486ea936ace1d93dbd286b8defe2a3b8e7bfe3b5fdeda,56.805425412443846,stable,4096,3,0.23032960365913566,0.23298234085488095,0.037303887274269844,0.2257359812928386,1.0115171352427241,0.024007161458333332,0.024739583333333332,0.11783854166666667,0.14029947916666666,True,raw/hopper-medium-v2/hopper-medium-v2_tau4_seed1.npz,4e025afb6f816e5ae8493faa04a072857f8a7a2e8790faef489dec0351d9eefa
p3|hopper-medium-v2|4|1,p3,hopper-medium-v2,4.0,1,1000000,b9d7524d2bb057fa1fc4f50dee187229488511d9274fc640d33f359d99d09394,ee2d5f52fd781e1639fcf23b55e251f2bc7f182e290ba565df2ecb8d4e317076,af36c817de8619571f68821112525eb2fbfb17544b19bb450f1d2ea451b15b6e,5bdf1bc4a713c82941de44633df669b36c89850b652a25985166796d25cf71a0,c32b1f46aba3efdc8534443987638ea6872bbaabbf49a4b22b4dd522a54a4fb1,b4329a9364407b8bbff94e259f897fac8406d95e42d31023040f34ebb8c03d11,29d28a83cd422bd6e33486ea936ace1d93dbd286b8defe2a3b8e7bfe3b5fdeda,60.40822056172398,stable,4096,3,0.2232314039112232,0.2404525318652603,0.07112674644777509,0.2190652274928003,1.077144737041056,0.021077473958333332,0.011962890625,0.11775716145833333,0.14029947916666666,True,raw/hopper-medium-v2/hopper-medium-v2_tau4_mpi3_seed1.npz,8771fd8f3577ae394200dc4ad4d6b63c5f0e3f4d29af47f69a3b7b317495a58b
p4|hopper-medium-v2|4|1,p4,hopper-medium-v2,4.0,1,1000000,67960202262e9ca1bc6e1067dd43decf6f293a528fb028bd5404f6edf07b4d50,22b4e5997ae949500d42b0b76c60d8c9439ad8ed9fdf6750abe238bf4aff944c,e20960a15e8ee6453de7aa970a8b1d5a93c562921e7403637c2dbcf2aed2061f,5bdf1bc4a713c82941de44633df669b36c89850b652a25985166796d25cf71a0,c32b1f46aba3efdc8534443987638ea6872bbaabbf49a4b22b4dd522a54a4fb1,b4329a9364407b8bbff94e259f897fac8406d95e42d31023040f34ebb8c03d11,29d28a83cd422bd6e33486ea936ace1d93dbd286b8defe2a3b8e7bfe3b5fdeda,70.612343063339,stable,4096,3,0.22255289877264636,0.24419992069273688,0.08458068631614034,0.21837324354616805,1.0972668612247756,0.014404296875,0.024332682291666668,0.11775716145833333,0.14029947916666666,True,raw/hopper-medium-v2/hopper-medium-v2_tau4_mpi4_seed1.npz,390850e1023645568ece5a27ce56db4535740a2c325548c72b576850015b66fa
td3|hopper-medium-v2|7|0,td3,hopper-medium-v2,7.0,0,1000000,c7be17241d14b575fee2bf0cce7a8bd4ca65c378e5b34188f3ab3c98bc30a71a,0be619778eff4f24c736e76cb5e018a64448a65a419b15253d5e39a1ad34ef05,c3f379e0ca00a239b907e11410e666cc6cfd4533fc806846098c5e886def1104,5bdf1bc4a713c82941de44633df669b36c89850b652a25985166796d25cf71a0,c32b1f46aba3efdc8534443987638ea6872bbaabbf49a4b22b4dd522a54a4fb1,b4329a9364407b8bbff94e259f897fac8406d95e42d31023040f34ebb8c03d11,29d28a83cd422bd6e33486ea936ace1d93dbd286b8defe2a3b8e7bfe3b5fdeda,0.645082689311175,collapsed,4096,3,0.8595069798203151,0.8629234360789859,0.02673923267713267,0.812022664762949,1.0039749022857092,0.49755859375,0.4956868489583333,0.3292643229166667,0.14029947916666666,True,raw/hopper-medium-v2/hopper-medium-v2_tau7_seed0.npz,6e955c2cd5e8591639ed0937f5ccbf9e93dd66e56390ea9b6ea3d5289141a8c9
p3|hopper-medium-v2|7|0,p3,hopper-medium-v2,7.0,0,1000000,db0b99753014c7939a7afbed316f6f190c0b8f9d374cd2518724c4c81790779d,e3545c8ea3bbaa56502d710af5144d64e0660ee085b92b64819c65db2191b175,9615ef6b534402c4820a3561287c54f2e7a9ff55393b68b3a2a6ef0b01642549,5bdf1bc4a713c82941de44633df669b36c89850b652a25985166796d25cf71a0,c32b1f46aba3efdc8534443987638ea6872bbaabbf49a4b22b4dd522a54a4fb1,b4329a9364407b8bbff94e259f897fac8406d95e42d31023040f34ebb8c03d11,29d28a83cd422bd6e33486ea936ace1d93dbd286b8defe2a3b8e7bfe3b5fdeda,97.78300505490807,stable,4096,3,0.22574105944359424,0.261392356555482,0.10022243340464607,0.22143186385530675,1.1579300513595574,0.019124348958333332,0.024088541666666668,0.11751302083333333,0.14029947916666666,True,raw/hopper-medium-v2/hopper-medium-v2_tau7_mpi3_seed0.npz,b16ffa6e7afc036e39e73fe154f1057e27e4c51f02828c82dd47bd73bd3781f5
p4|hopper-medium-v2|7|0,p4,hopper-medium-v2,7.0,0,1000000,d7fc2be45693dc63c94c309789a18c04a7456a1678a52bf9dd4527c022750c5c,74f6f41e70ed771888455ba1162aa83842431f6cf0436d562780a2672b9ec1ee,3401a61f41b2170b775a22d97c9ed22921e98738e285c09656f2a91e4e6e846f,5bdf1bc4a713c82941de44633df669b36c89850b652a25985166796d25cf71a0,c32b1f46aba3efdc8534443987638ea6872bbaabbf49a4b22b4dd522a54a4fb1,b4329a9364407b8bbff94e259f897fac8406d95e42d31023040f34ebb8c03d11,29d28a83cd422bd6e33486ea936ace1d93dbd286b8defe2a3b8e7bfe3b5fdeda,83.86846770798115,stable,4096,3,0.22382094286780563,0.2590353387969111,0.10522499307725824,0.21963539887101272,1.1573328906486824,0.014404296875,0.024739583333333332,0.11848958333333333,0.14029947916666666,True,raw/hopper-medium-v2/hopper-medium-v2_tau7_mpi4_seed0.npz,17c383249cefa207f7fda8ef08f8d8dc24fafa9043a3451a8a3a9c4f1581f591
td3|hopper-medium-v2|7|1,td3,hopper-medium-v2,7.0,1,1000000,3aab8c26161055ea828a58ff3ed8d3b3d74bfbcfd727c611f14adc9f2d47b423,df80a904bbeb3ba9f3efa4fe5b9af616123a95a8cd8cc9df8bcba463b9adce3f,1d7ddcc4942a2c5ff217e1a8bcbd250c0f85306df3df11a240f505da44393c52,5bdf1bc4a713c82941de44633df669b36c89850b652a25985166796d25cf71a0,c32b1f46aba3efdc8534443987638ea6872bbaabbf49a4b22b4dd522a54a4fb1,b4329a9364407b8bbff94e259f897fac8406d95e42d31023040f34ebb8c03d11,29d28a83cd422bd6e33486ea936ace1d93dbd286b8defe2a3b8e7bfe3b5fdeda,95.5916054262881,stable,4096,3,0.2451489628275859,0.2475175317398784,0.035872990884438315,0.2401653975301993,1.0096617537556474,0.026041666666666668,0.025716145833333332,0.11531575520833333,0.14029947916666666,True,raw/hopper-medium-v2/hopper-medium-v2_tau7_seed1.npz,a31e305c05fe86ea90c5062695bab7f5c453bf6d9c6703bf72909caf99d0fbce
p3|hopper-medium-v2|7|1,p3,hopper-medium-v2,7.0,1,1000000,244370b47daea9402eeef019e0f9fc0b3961283fcb54a9883c801d9962d32410,ee3b389cea8263454565ade54f713de45a6d2d822fef9a8d28b0558ea67c2f53,3df4c5133eded829d290726e40c5a2b782f768aace8ca4c27fb129020d49a33c,5bdf1bc4a713c82941de44633df669b36c89850b652a25985166796d25cf71a0,c32b1f46aba3efdc8534443987638ea6872bbaabbf49a4b22b4dd522a54a4fb1,b4329a9364407b8bbff94e259f897fac8406d95e42d31023040f34ebb8c03d11,29d28a83cd422bd6e33486ea936ace1d93dbd286b8defe2a3b8e7bfe3b5fdeda,91.05273365328065,stable,4096,3,0.22551425929495986,0.25648965257650025,0.0931688383124,0.22125826673797025,1.1373544776209754,0.020100911458333332,0.023681640625,0.119140625,0.14029947916666666,True,raw/hopper-medium-v2/hopper-medium-v2_tau7_mpi3_seed1.npz,12c6e8d23a64fa185c5e1fc7ea3b329866fa2f5a41ceda3b7062668f49ff7467
p4|hopper-medium-v2|7|1,p4,hopper-medium-v2,7.0,1,1000000,003916d3883551651fece3a23e7c60a6d3e45e3e427c2516e70aa30fb29ed823,6c28bcbc4f7cc14239f09231222777295718fc107622ec0ffacae668647eec1e,aacc093cfc6328d703b57beff432f69b2e15c35dc3161f6557f33ea65eb03a10,5bdf1bc4a713c82941de44633df669b36c89850b652a25985166796d25cf71a0,c32b1f46aba3efdc8534443987638ea6872bbaabbf49a4b22b4dd522a54a4fb1,b4329a9364407b8bbff94e259f897fac8406d95e42d31023040f34ebb8c03d11,29d28a83cd422bd6e33486ea936ace1d93dbd286b8defe2a3b8e7bfe3b5fdeda,76.08704185232398,stable,4096,3,0.223565297936473,0.2600525333412022,0.10691464110479224,0.21934533394186326,1.163206167242902,0.01806640625,0.030843098958333332,0.11808268229166667,0.14029947916666666,True,raw/hopper-medium-v2/hopper-medium-v2_tau7_mpi4_seed1.npz,e4ceb08453719e150cc8245f6b70e59d46ce3c73e847a00cf8575f91e70e2ce0
td3|hopper-medium-v2|10|0,td3,hopper-medium-v2,10.0,0,1000000,b6dbb1478cf6865afc2d373f3e4ec5579dd30614693f13f893186fa968c4f461,7a5691c4a0ad0aa7406e217701205f078ab9c6daa7c0c5b234f0019ccf13b9a5,5d539aa92817b43243064f962201d7ac4e0e36810797000881cd2bd216b0eb4e,5bdf1bc4a713c82941de44633df669b36c89850b652a25985166796d25cf71a0,c32b1f46aba3efdc8534443987638ea6872bbaabbf49a4b22b4dd522a54a4fb1,b4329a9364407b8bbff94e259f897fac8406d95e42d31023040f34ebb8c03d11,29d28a83cd422bd6e33486ea936ace1d93dbd286b8defe2a3b8e7bfe3b5fdeda,0.8974431956529043,collapsed,4096,3,0.9218877851712528,0.9215296055934699,0.032713016642854066,0.8679120728159011,0.9996114716090783,0.62255859375,0.622314453125,0.3733723958333333,0.14029947916666666,True,raw/hopper-medium-v2/hopper-medium-v2_tau10_seed0.npz,3bb461547ec8151295f94026f2bc7670c5ee457f303a97462357b08eac129bf4
p3|hopper-medium-v2|10|0,p3,hopper-medium-v2,10.0,0,1000000,0bf9de2508aeb932b90effc318894702a2496ee81e74d63c795bd50f56b1b409,1b1178c9bc1da632833e6088aace260cc7d1a6e85c6f5aa29ac0dd18db710553,cbad190d3dca2cb5c8bfad88cf2e1c6a50aa9353f4c76979869412a9fc9d90c5,5bdf1bc4a713c82941de44633df669b36c89850b652a25985166796d25cf71a0,c32b1f46aba3efdc8534443987638ea6872bbaabbf49a4b22b4dd522a54a4fb1,b4329a9364407b8bbff94e259f897fac8406d95e42d31023040f34ebb8c03d11,29d28a83cd422bd6e33486ea936ace1d93dbd286b8defe2a3b8e7bfe3b5fdeda,101.68562558904912,stable,4096,3,0.2288348343613281,0.27236337056752563,0.11099808187449274,0.2244431675263364,1.190218138456431,0.02197265625,0.026041666666666668,0.116943359375,0.14029947916666666,True,raw/hopper-medium-v2/hopper-medium-v2_tau10_mpi3_seed0.npz,ebb79001ce0a59a9cfa0000a2d90581d284ec8f409cb96ef499c29a8a75fe176
p4|hopper-medium-v2|10|0,p4,hopper-medium-v2,10.0,0,1000000,fa6fdcb190be9ace5d1cd713e158aac0a3e3d9a04d54a3f81608d62dbf029686,30ad4678b21657dcc4ef3b7d960b59d84bafdd0d51a484b34f6777f13b23558b,32557fcdf78af75efaf9de56ed2bc307b6449cd9f3536ac097efb2892bf2f9e6,5bdf1bc4a713c82941de44633df669b36c89850b652a25985166796d25cf71a0,c32b1f46aba3efdc8534443987638ea6872bbaabbf49a4b22b4dd522a54a4fb1,b4329a9364407b8bbff94e259f897fac8406d95e42d31023040f34ebb8c03d11,29d28a83cd422bd6e33486ea936ace1d93dbd286b8defe2a3b8e7bfe3b5fdeda,98.90420918117341,stable,4096,3,0.2261317620778901,0.279146132279366,0.13145765555003466,0.22190611878801259,1.2344401764455157,0.015787760416666668,0.03564453125,0.11751302083333333,0.14029947916666666,True,raw/hopper-medium-v2/hopper-medium-v2_tau10_mpi4_seed0.npz,b3e3433ae0154e02606d897e4bd0429fff3084f870fe0c10f3cd62d0808230d4
td3|hopper-medium-v2|10|1,td3,hopper-medium-v2,10.0,1,1000000,575c43bde7108fff235260c4b0566a28e814186468168127994728504cf0297c,9be2d8f99f4ff9b74a7c005dbfd1d6e040a364f79a431810c03b7eb513f079da,e1a8e2ca4bb49463d00abef0be96918cfe293702f9ec0056e697a22129e34b85,5bdf1bc4a713c82941de44633df669b36c89850b652a25985166796d25cf71a0,c32b1f46aba3efdc8534443987638ea6872bbaabbf49a4b22b4dd522a54a4fb1,b4329a9364407b8bbff94e259f897fac8406d95e42d31023040f34ebb8c03d11,29d28a83cd422bd6e33486ea936ace1d93dbd286b8defe2a3b8e7bfe3b5fdeda,0.5914053822071555,collapsed,4096,3,0.9493658101653438,0.949784481211239,0.025201916652115502,0.8920915288693289,1.000441000762206,0.7152506510416666,0.7167154947916666,0.415283203125,0.14029947916666666,True,raw/hopper-medium-v2/hopper-medium-v2_tau10_seed1.npz,cbb5cce0d8a8945456f1b206e791fda7755d9636d5323a50e6d1d77e8deeedb2
p3|hopper-medium-v2|10|1,p3,hopper-medium-v2,10.0,1,1000000,9b2559866c906571ce7687b9f35eb6fb28418562af247583e7da82da86767fa5,f26ada3735dfc0d30887e51e4856f2a960a61b85da0caafd87595b9f24e8563f,1f326551b3291e76dcda88fa6af14466e99880239ad88e3c20b55ed5c4b344f9,5bdf1bc4a713c82941de44633df669b36c89850b652a25985166796d25cf71a0,c32b1f46aba3efdc8534443987638ea6872bbaabbf49a4b22b4dd522a54a4fb1,b4329a9364407b8bbff94e259f897fac8406d95e42d31023040f34ebb8c03d11,29d28a83cd422bd6e33486ea936ace1d93dbd286b8defe2a3b8e7bfe3b5fdeda,97.38393610753971,stable,4096,3,0.22848204743811476,0.2664319494246058,0.09988139447246117,0.22413941096192594,1.1660957716897644,0.009440104166666666,0.026692708333333332,0.118408203125,0.14029947916666666,True,raw/hopper-medium-v2/hopper-medium-v2_tau10_mpi3_seed1.npz,7245085ba76f910bbf4419837ebe250cecebc1bcfaeec73df34e13169fe34ace
p4|hopper-medium-v2|10|1,p4,hopper-medium-v2,10.0,1,1000000,92123ebfbd9cbda7ccfc09e014de176b5717e0474db0d9d95f0281ed708d1624,2571bf0994c276edf543088f2276cb17b4a72169cd693941b57a6b6baf401060,7dbeeb3454f93ed9bcad2ee7bc9697f798ba8d57a3f3880361dba1c97776197a,5bdf1bc4a713c82941de44633df669b36c89850b652a25985166796d25cf71a0,c32b1f46aba3efdc8534443987638ea6872bbaabbf49a4b22b4dd522a54a4fb1,b4329a9364407b8bbff94e259f897fac8406d95e42d31023040f34ebb8c03d11,29d28a83cd422bd6e33486ea936ace1d93dbd286b8defe2a3b8e7bfe3b5fdeda,100.77754799476534,stable,4096,3,0.2267979204488564,0.27717391274538217,0.1265290334032555,0.22261754718348503,1.2221184047756104,0.026529947916666668,0.033365885416666664,0.117919921875,0.14029947916666666,True,raw/hopper-medium-v2/hopper-medium-v2_tau10_mpi4_seed1.npz,f4a64eba88980080bd3bd764d2460aac1fcdecf95b5b3e5d56ac6189fa981d88
td3|hopper-medium-v2|14|0,td3,hopper-medium-v2,14.0,0,1000000,8e1f43b5c7812d34b3a1978560c6425c685cbe780b7ac8edbb87e701a3be796c,79feafdcf53493bdbdca66aeece8299e2a45e0dae7cfafb1c20efeaacf6f0d40,18ba05ef9823bd5ad84ff8d07155c085ce90a0fb0ffb082f53770a757da7472c,5bdf1bc4a713c82941de44633df669b36c89850b652a25985166796d25cf71a0,c32b1f46aba3efdc8534443987638ea6872bbaabbf49a4b22b4dd522a54a4fb1,b4329a9364407b8bbff94e259f897fac8406d95e42d31023040f34ebb8c03d11,29d28a83cd422bd6e33486ea936ace1d93dbd286b8defe2a3b8e7bfe3b5fdeda,0.7400714974097887,collapsed,4096,3,1.039872453994672,1.0401450675568467,0.028120294887714732,0.9757913672215297,1.0002621605766433,0.8329264322916666,0.8349609375,0.452880859375,0.14029947916666666,True,raw/hopper-medium-v2/hopper-medium-v2_tau14_seed0.npz,5cde4097f563373149957c713cd29a1264adaaa39bd052821373e43ce3e307bd
p3|hopper-medium-v2|14|0,p3,hopper-medium-v2,14.0,0,1000000,3f751228eba16601ce1a3a6583ee429da0a61e559412d2c469d54df30aa91ebd,e7a5c443fc1e1e5edfa1323556d547a9e63ad74384ec8f4ad3e3faf1700da4e1,2a9a7574e8332b8c991969f99b3ba91f145ff3ea8e27d92b41d2b6c0d7b8d7d3,5bdf1bc4a713c82941de44633df669b36c89850b652a25985166796d25cf71a0,c32b1f46aba3efdc8534443987638ea6872bbaabbf49a4b22b4dd522a54a4fb1,b4329a9364407b8bbff94e259f897fac8406d95e42d31023040f34ebb8c03d11,29d28a83cd422bd6e33486ea936ace1d93dbd286b8defe2a3b8e7bfe3b5fdeda,89.85745474521019,stable,4096,3,0.23294970265861378,0.2985057317238186,0.1434179435818727,0.22841340026589504,1.2814170969828484,0.025472005208333332,0.035237630208333336,0.11710611979166667,0.14029947916666666,True,raw/hopper-medium-v2/hopper-medium-v2_tau14_mpi3_seed0.npz,0209597a9eb5bd00e0990bf82e446ffb8e2c83cb84bfbd595d27713f2d5256c2
p4|hopper-medium-v2|14|0,p4,hopper-medium-v2,14.0,0,1000000,21ec9273fd61a904bcfaf4e2f274a2e2119b0e63169fc9cacbd6edd7a4f2d8f4,2c8fe6a08f6debf9971bb94c451d0838ddcfe5f0879f13b664e79e9bf5effbc4,6c6f79e71f05518d4caa93e5045183e385eebc953dc532e4cad93b5efc88b34b,5bdf1bc4a713c82941de44633df669b36c89850b652a25985166796d25cf71a0,c32b1f46aba3efdc8534443987638ea6872bbaabbf49a4b22b4dd522a54a4fb1,b4329a9364407b8bbff94e259f897fac8406d95e42d31023040f34ebb8c03d11,29d28a83cd422bd6e33486ea936ace1d93dbd286b8defe2a3b8e7bfe3b5fdeda,100.83257397558097,stable,4096,3,0.22964119869106467,0.2964791449717471,0.1469040454351748,0.2252122917254107,1.2910538120409276,0.019612630208333332,0.034749348958333336,0.117919921875,0.14029947916666666,True,raw/hopper-medium-v2/hopper-medium-v2_tau14_mpi4_seed0.npz,ddd9acbdc8a004b6c8a1fe2acda85bfa2c7e8ad4e0243c2ab9dfc8229211625e
td3|hopper-medium-v2|14|1,td3,hopper-medium-v2,14.0,1,1000000,7f0209ab273df705028a2a19d60fb776a73bcdbc62e274961c12f5c9350fc6f4,58c86ee0e814b882e7a69f40e6cadbe9ab36f963096b490260b2407a8e48d293,9fa384316d8f63b1f2ed7089770988e9e3fa08d02a29cdb210d1f2c1d005236c,5bdf1bc4a713c82941de44633df669b36c89850b652a25985166796d25cf71a0,c32b1f46aba3efdc8534443987638ea6872bbaabbf49a4b22b4dd522a54a4fb1,b4329a9364407b8bbff94e259f897fac8406d95e42d31023040f34ebb8c03d11,29d28a83cd422bd6e33486ea936ace1d93dbd286b8defe2a3b8e7bfe3b5fdeda,0.5688034993846096,collapsed,4096,3,0.9896154975860424,0.9895298402201834,0.0358650131891503,0.9290873529522892,0.9999134437909795,0.7804361979166666,0.7792154947916666,0.4292805989583333,0.14029947916666666,True,raw/hopper-medium-v2/hopper-medium-v2_tau14_seed1.npz,51a3e123134b840017395e84a76a6a99d44839e827ab82aaeb60ae369af49edf
p3|hopper-medium-v2|14|1,p3,hopper-medium-v2,14.0,1,1000000,617abc32fa8ea33145eeb257ed5ccf50b6a39a13321f213cce224642a073aaa6,7ef61e0d7dfbb3303a5bf1fd6728aa2f0698a5cc92e9d66cc3a9a4afd6d71577,34325f679571684985400bd1d368d41b04a679b7f59abc9903ece2c86bd4d0f2,5bdf1bc4a713c82941de44633df669b36c89850b652a25985166796d25cf71a0,c32b1f46aba3efdc8534443987638ea6872bbaabbf49a4b22b4dd522a54a4fb1,b4329a9364407b8bbff94e259f897fac8406d95e42d31023040f34ebb8c03d11,29d28a83cd422bd6e33486ea936ace1d93dbd286b8defe2a3b8e7bfe3b5fdeda,86.41817407564847,stable,4096,3,0.23553973289365077,0.31224603394882877,0.15407262921017476,0.23107587607229668,1.3256618325614384,0.037434895833333336,0.037516276041666664,0.118896484375,0.14029947916666666,True,raw/hopper-medium-v2/hopper-medium-v2_tau14_mpi3_seed1.npz,34c4522672b6565cb5122f5986943c83d679cfa91c3eade40d55911894aa3799
p4|hopper-medium-v2|14|1,p4,hopper-medium-v2,14.0,1,1000000,49a6ae1e4e413a97bd58bb360425b76790f68195236fba9449118cdb93b9acbb,e7292cf9e1a2ec732c3d6cd3585b30ee574db34450b085c904ceec08516ba44d,0e231228ae6b34aeab5d13ac3678ca60f8b186a21414663082109620bfd37c26,5bdf1bc4a713c82941de44633df669b36c89850b652a25985166796d25cf71a0,c32b1f46aba3efdc8534443987638ea6872bbaabbf49a4b22b4dd522a54a4fb1,b4329a9364407b8bbff94e259f897fac8406d95e42d31023040f34ebb8c03d11,29d28a83cd422bd6e33486ea936ace1d93dbd286b8defe2a3b8e7bfe3b5fdeda,100.48106815641754,stable,4096,3,0.22954002005326282,0.2961724421891392,0.14698761878725072,0.22514505200899942,1.2902867313526194,0.025065104166666668,0.032145182291666664,0.11759440104166667,0.14029947916666666,True,raw/hopper-medium-v2/hopper-medium-v2_tau14_mpi4_seed1.npz,d9acc5f4f4a583aed1920f57a25b13ba21c19989f4934947c3d8c0ab6643fdad
td3|hopper-medium-v2|20|0,td3,hopper-medium-v2,20.0,0,1000000,d269e120d3684dc7da51964c7bb8330bb8847ac7e4b217458693f571956afa9f,adfc22df917b93b653d2ffff0e5ab30b2d50d1d76c6d0e2cc69540354789dfa2,b66b2fe746ba455cebaa0ec8eebade97cddf6c1fe94e996746495a99076417e8,5bdf1bc4a713c82941de44633df669b36c89850b652a25985166796d25cf71a0,c32b1f46aba3efdc8534443987638ea6872bbaabbf49a4b22b4dd522a54a4fb1,b4329a9364407b8bbff94e259f897fac8406d95e42d31023040f34ebb8c03d11,29d28a83cd422bd6e33486ea936ace1d93dbd286b8defe2a3b8e7bfe3b5fdeda,0.7326837906838056,collapsed,4096,3,1.0654313755580285,1.0662534510911188,0.06690053405277901,0.998352597802985,1.0007715893786775,0.8946940104166666,0.8958333333333334,0.4762369791666667,0.14029947916666666,True,raw/hopper-medium-v2/hopper-medium-v2_tau20_seed0.npz,92841634fca932ebcf5f4aa7078b06322a890c8b621bb007eeb3eb9cc156477c
p3|hopper-medium-v2|20|0,p3,hopper-medium-v2,20.0,0,1000000,1c5430972a3a599fe8dae7b7b87eb50fa8db763513872db952383d6fb64d21da,7be14477c6e126878595faababb7037e5ae8eeca5387a12956870fca9df6e4b1,b7c2d4491f14970c80555d8e45b7fe3c7b708bbfb7ba9b3f4a5e982097c00dd4,5bdf1bc4a713c82941de44633df669b36c89850b652a25985166796d25cf71a0,c32b1f46aba3efdc8534443987638ea6872bbaabbf49a4b22b4dd522a54a4fb1,b4329a9364407b8bbff94e259f897fac8406d95e42d31023040f34ebb8c03d11,29d28a83cd422bd6e33486ea936ace1d93dbd286b8defe2a3b8e7bfe3b5fdeda,0.7326837906838056,collapsed,4096,3,0.9167683905813,1.05618891525666,0.2860100501839826,0.867792464651329,1.1520782414705166,0.5205078125,0.8883463541666666,0.3684895833333333,0.14029947916666666,True,raw/hopper-medium-v2/hopper-medium-v2_tau20_mpi3_seed0.npz,786c94b9247ec980081863c8c219d1d7edbdefb272611fdc4773ce565af0e39d
p4|hopper-medium-v2|20|0,p4,hopper-medium-v2,20.0,0,1000000,b0b1baefa8d42fbf87fa81e389735f2d099cc9836cda385a4fd4853e9465431e,955768b946524f49fa409c9464ebff0f13a57022d9cc07ad7065dd766821024b,aeb2d1c435032009450912928ebc3b8d38e0ab2cf85f0a3b961d995055f9bd62,5bdf1bc4a713c82941de44633df669b36c89850b652a25985166796d25cf71a0,c32b1f46aba3efdc8534443987638ea6872bbaabbf49a4b22b4dd522a54a4fb1,b4329a9364407b8bbff94e259f897fac8406d95e42d31023040f34ebb8c03d11,29d28a83cd422bd6e33486ea936ace1d93dbd286b8defe2a3b8e7bfe3b5fdeda,99.72365274673382,stable,4096,3,0.2351875686377252,0.3315892385406459,0.1836019747245361,0.23045913949553204,1.409892710151762,0.020345052083333332,0.029703776041666668,0.11759440104166667,0.14029947916666666,True,raw/hopper-medium-v2/hopper-medium-v2_tau20_mpi4_seed0.npz,260da4f8088d24c11024dfb332b808c1a13f39ac696b319c1a17445cc81d283a
td3|hopper-medium-v2|20|1,td3,hopper-medium-v2,20.0,1,1000000,46fd431768043835567cb204d3d3093444a44209f15dee60a632f492823e2adf,663f478aab2e8baef1d95caaa088cad5372caa2f5679969511ab7cbc005261dc,112cdba04b14b141052b5657a005ff7ee4048cb93d01f735c2d6bc1344b95a18,5bdf1bc4a713c82941de44633df669b36c89850b652a25985166796d25cf71a0,c32b1f46aba3efdc8534443987638ea6872bbaabbf49a4b22b4dd522a54a4fb1,b4329a9364407b8bbff94e259f897fac8406d95e42d31023040f34ebb8c03d11,29d28a83cd422bd6e33486ea936ace1d93dbd286b8defe2a3b8e7bfe3b5fdeda,0.7418281788720863,collapsed,4096,3,1.0294644426116202,1.0305110599518288,0.04024740101587106,0.9643861992523216,1.0010166619621688,0.836669921875,0.8351236979166666,0.4510091145833333,0.14029947916666666,True,raw/hopper-medium-v2/hopper-medium-v2_tau20_seed1.npz,5f95e79e8a4cb37fb2e79863ef92c9471140fa97d60679b4c538dc14e8623136
p3|hopper-medium-v2|20|1,p3,hopper-medium-v2,20.0,1,1000000,287f46524313344022dcae16dd720f9b25fe3adc8827495e04244d5487e3b735,4d6670c9dc2b759e625dfc2d04c4c387da08a06e9f6ea48f62ee5dfca0ec7305,663d7fa674721c3e27acedb44f4d0bb207c9c7457ee9e7f044a2af6b39473876,5bdf1bc4a713c82941de44633df669b36c89850b652a25985166796d25cf71a0,c32b1f46aba3efdc8534443987638ea6872bbaabbf49a4b22b4dd522a54a4fb1,b4329a9364407b8bbff94e259f897fac8406d95e42d31023040f34ebb8c03d11,29d28a83cd422bd6e33486ea936ace1d93dbd286b8defe2a3b8e7bfe3b5fdeda,102.31045708983757,stable,4096,3,0.2425431809201733,0.3378018636190354,0.1703694074190575,0.2375215445098822,1.392749374925589,0.028157552083333332,0.03857421875,0.117919921875,0.14029947916666666,True,raw/hopper-medium-v2/hopper-medium-v2_tau20_mpi3_seed1.npz,f17f1bae559e601b652c9136e65b1b3bb2faf70ef74ec55115c9c1060ee94eff
p4|hopper-medium-v2|20|1,p4,hopper-medium-v2,20.0,1,1000000,632317092aa2b91ad4888428f5e2780e409c6beeb4fe913f027f758636b3207f,aeae026a246a89eb348a6d222c945a98a357f6d584f562099efa91f335374bbc,7e6e52cbfaf5d11d32962af55f852bf11cd9d13b8b7d6fb19b6b6b520a5defc2,5bdf1bc4a713c82941de44633df669b36c89850b652a25985166796d25cf71a0,c32b1f46aba3efdc8534443987638ea6872bbaabbf49a4b22b4dd522a54a4fb1,b4329a9364407b8bbff94e259f897fac8406d95e42d31023040f34ebb8c03d11,29d28a83cd422bd6e33486ea936ace1d93dbd286b8defe2a3b8e7bfe3b5fdeda,50.97616173503427,stable,4096,3,0.235195101704409,0.33999975168949326,0.19299283704051895,0.23059370683215838,1.4456072818931482,0.037353515625,0.043294270833333336,0.119384765625,0.14029947916666666,True,raw/hopper-medium-v2/hopper-medium-v2_tau20_mpi4_seed1.npz,f603c5ec7609f0f947698dd41ebf1bd6f2e6f5247f814b2608ffac8217579bd2
td3|hopper-medium-replay-v2|4|0,td3,hopper-medium-replay-v2,4.0,0,1000000,9a1208304b258c58daaec085f298b66abe676e90658fe8b70aaa5a75d53a0845,b10ae9eabc4b8509cf2fe5d9bdb6a0e791ecd4ab7d3a2a345ccb0f5a90647302,e3f5e826ed3ac938377b45b21bce36d5a2feea32af339523b5a882618331abbc,e121c5f7c9857a307baa9edc6a2c3b48e85fedb9ac316ecddd0f48ca7ef4e39b,db016c04b35377c51070ccf26dac616822660c41587c845c1a244d9652d1c247,727dbf65be4a75ce7b6267cab479044fd49c3346739e002fa0caca337a899a89,6053aa0c3d8947128610c1ece7b84f18d5e640d16ce7bc66593e62e6127f7976,79.909649521696,stable,4096,3,0.3698301561995601,0.38051916463882257,0.07074945174560708,0.3609371234977818,1.0289024793140304,0.0013834635416666667,0.00146484375,0.09090169270833333,0.1484375,True,raw/hopper-medium-replay-v2/hopper-medium-replay-v2_tau4_seed0.npz,acabb6280529e7205d30bd8593e17d915f0e005254da1330b2903a90c8590caa
p3|hopper-medium-replay-v2|4|0,p3,hopper-medium-replay-v2,4.0,0,1000000,1c7f0c6f4492ad6b47b6ab5cc66632b424a2d31a20bb3eec0c9a5c9e16743980,e0fbf015e1b4a01691545f4aa424e41541d51c4e2cdba8a98fb1df8eff408c36,2e5bcf0e682a725164dca57a12373abbef136bdb0286240b356e1cab4aad8898,e121c5f7c9857a307baa9edc6a2c3b48e85fedb9ac316ecddd0f48ca7ef4e39b,db016c04b35377c51070ccf26dac616822660c41587c845c1a244d9652d1c247,727dbf65be4a75ce7b6267cab479044fd49c3346739e002fa0caca337a899a89,6053aa0c3d8947128610c1ece7b84f18d5e640d16ce7bc66593e62e6127f7976,99.54513946449767,stable,4096,3,0.34568490901466453,0.4455179393180077,0.2189625840089646,0.33737506946316237,1.2887977684299434,0.0,0.006184895833333333,0.09261067708333333,0.1484375,True,raw/hopper-medium-replay-v2/hopper-medium-replay-v2_tau4_mpi3_seed0.npz,17e5714faf6156e20ad99db417030b24e67cd35b84a178bad99f3236339f3ed9
p4|hopper-medium-replay-v2|4|0,p4,hopper-medium-replay-v2,4.0,0,1000000,4cd9ca62ed7ae39eac89a9af7fbab92d9c4d9420c9039abd3421d6d40fe77b7c,15a6bbcf78501b69e0963885fd2636efab64b5d108eb87dca222775b38429a0b,d68780a8f10d5eb38bd470bf818fcaefb195beda1ccb7d6ca7a9c75b31881d7b,e121c5f7c9857a307baa9edc6a2c3b48e85fedb9ac316ecddd0f48ca7ef4e39b,db016c04b35377c51070ccf26dac616822660c41587c845c1a244d9652d1c247,727dbf65be4a75ce7b6267cab479044fd49c3346739e002fa0caca337a899a89,6053aa0c3d8947128610c1ece7b84f18d5e640d16ce7bc66593e62e6127f7976,98.72305424494554,stable,4096,3,0.34258683032419557,0.4620524556612186,0.2531397654090666,0.3345303644556803,1.3487163392240464,0.0,0.010660807291666666,0.09440104166666667,0.1484375,True,raw/hopper-medium-replay-v2/hopper-medium-replay-v2_tau4_mpi4_seed0.npz,f51f04c11eca45f22d6d031d280a07c36ac235b85db619005af3b39e3da4da31
td3|hopper-medium-replay-v2|4|1,td3,hopper-medium-replay-v2,4.0,1,1000000,f794cb08593a7a1f32e4dd35e9739ca15f127a8bd2a5c2f62fc0ef0902f06aa8,bcc0359e902f6f3017373c1587258eb26d1b902d83e8324766bc015121b4e90d,8567bc66f08fc949ccd50782df81cdb9e3dfacbf1b7b6a38ca7a748fa2004e97,e121c5f7c9857a307baa9edc6a2c3b48e85fedb9ac316ecddd0f48ca7ef4e39b,db016c04b35377c51070ccf26dac616822660c41587c845c1a244d9652d1c247,727dbf65be4a75ce7b6267cab479044fd49c3346739e002fa0caca337a899a89,6053aa0c3d8947128610c1ece7b84f18d5e640d16ce7bc66593e62e6127f7976,62.82020959030285,stable,4096,3,0.36809894422858636,0.3764935149952856,0.07345339156807766,0.3589088813982361,1.022805201966258,0.00016276041666666666,0.000244140625,0.09016927083333333,0.1484375,True,raw/hopper-medium-replay-v2/hopper-medium-replay-v2_tau4_seed1.npz,19a9475f730b132bc84e0c9393395d17200b690de9eef0c4a9d1e1fbcbc51c24
p3|hopper-medium-replay-v2|4|1,p3,hopper-medium-replay-v2,4.0,1,1000000,7dde806dec3a4f68623692b3b1835ae6bc77ec64eee1247cfc1feef5e81c2a24,a26f1cd54db33235970ec0abccbdfb4bec4bee899eb9344f78e3fcdfec5be871,c7771bf3894de1fe4144d3fabd88dd1faa37d6ff3f5216668231eb3f49b50ae2,e121c5f7c9857a307baa9edc6a2c3b48e85fedb9ac316ecddd0f48ca7ef4e39b,db016c04b35377c51070ccf26dac616822660c41587c845c1a244d9652d1c247,727dbf65be4a75ce7b6267cab479044fd49c3346739e002fa0caca337a899a89,6053aa0c3d8947128610c1ece7b84f18d5e640d16ce7bc66593e62e6127f7976,98.35778305910094,stable,4096,3,0.3456648327600099,0.44452001559955046,0.2162241159027834,0.33726064132473066,1.2859856527787836,0.000244140625,0.004557291666666667,0.093505859375,0.1484375,True,raw/hopper-medium-replay-v2/hopper-medium-replay-v2_tau4_mpi3_seed1.npz,8dbc1b71bb1e11bcbd8a1ea9bf45d480e3cb26d021bb76276ac794f0b0293e2f
p4|hopper-medium-replay-v2|4|1,p4,hopper-medium-replay-v2,4.0,1,1000000,8ddc850d5db0dddd05dd590b436069112fb429b103a0f3e8acf7ada160e63ea6,8dec45d463d28f4ddcdf20647308b90d52aca2f028de00e138a14809918c966c,e873079f92106135cadc225891c6a62656bd46fa3a8a9a6fe4120309e92de7b3,e121c5f7c9857a307baa9edc6a2c3b48e85fedb9ac316ecddd0f48ca7ef4e39b,db016c04b35377c51070ccf26dac616822660c41587c845c1a244d9652d1c247,727dbf65be4a75ce7b6267cab479044fd49c3346739e002fa0caca337a899a89,6053aa0c3d8947128610c1ece7b84f18d5e640d16ce7bc66593e62e6127f7976,98.54267334588171,stable,4096,3,0.3408776171467547,0.4599063771065216,0.25007393888401097,0.3327161183041573,1.3491832668746997,0.0010579427083333333,0.005696614583333333,0.094970703125,0.1484375,True,raw/hopper-medium-replay-v2/hopper-medium-replay-v2_tau4_mpi4_seed1.npz,1c5dae60fd9a765c7cf5b56732842341f9e4450197b44b5cb96f94b09a46dd44
td3|hopper-medium-replay-v2|7|0,td3,hopper-medium-replay-v2,7.0,0,1000000,a2a6b64ae2d3806553887bb654449906351f11d4fcfbdf7d3e3c9442397c1f64,1b55b0af69a4b3554e980fba2c4b436fe816e7fd971c006bee1265b76c63f670,046b8ebde5f572658d639e288fcca9d4f0b1a6b13045d280154f6c360b6ebab0,e121c5f7c9857a307baa9edc6a2c3b48e85fedb9ac316ecddd0f48ca7ef4e39b,db016c04b35377c51070ccf26dac616822660c41587c845c1a244d9652d1c247,727dbf65be4a75ce7b6267cab479044fd49c3346739e002fa0caca337a899a89,6053aa0c3d8947128610c1ece7b84f18d5e640d16ce7bc66593e62e6127f7976,37.566011410999394,stable,4096,3,0.39363702357387387,0.3983698583950022,0.05956086916332008,0.3825917316609298,1.0120233477485385,0.011149088541666666,0.010335286458333334,0.09488932291666667,0.1484375,True,raw/hopper-medium-replay-v2/hopper-medium-replay-v2_tau7_seed0.npz,969418af1f331b4f571d779374ffa1ff0750a99f17884f9ff9756da0ba2fd37d
p3|hopper-medium-replay-v2|7|0,p3,hopper-medium-replay-v2,7.0,0,1000000,500f7f1fcb90410f8a09cd6c4fee280ce975e92fb56a250e387d79abec5b77cd,96221ae3a753cf6929dbc31ed254f22aebcf0bbb49e9357d9a2338d7313be6ef,44d333a228f337593128ff17eb6693612adeeab4af8a422b86163cc1357d978a,e121c5f7c9857a307baa9edc6a2c3b48e85fedb9ac316ecddd0f48ca7ef4e39b,db016c04b35377c51070ccf26dac616822660c41587c845c1a244d9652d1c247,727dbf65be4a75ce7b6267cab479044fd49c3346739e002fa0caca337a899a89,6053aa0c3d8947128610c1ece7b84f18d5e640d16ce7bc66593e62e6127f7976,99.1261234791178,stable,4096,3,0.3528688682377173,0.4803849376043806,0.24955829319555808,0.3441652955729078,1.3613695648570492,0.0,0.013753255208333334,0.09293619791666667,0.1484375,True,raw/hopper-medium-replay-v2/hopper-medium-replay-v2_tau7_mpi3_seed0.npz,196f61e6d13bf89686ea60e6a4a041323efc5bd55aa676d8feee83ef3cce3749
p4|hopper-medium-replay-v2|7|0,p4,hopper-medium-replay-v2,7.0,0,1000000,ae97874a360f42ebf801737770703837f40992ff8e33e354b4a2c5e1b34ee045,f33ea0c14eac1ad07cce0ef17fac8bcd488d61cb923cd4f6e7754b6282b04cc5,6deb7d39481d4d0ca07ad0b974ff9a10f95c2a22f269ec4a1854e561ab96d95f,e121c5f7c9857a307baa9edc6a2c3b48e85fedb9ac316ecddd0f48ca7ef4e39b,db016c04b35377c51070ccf26dac616822660c41587c845c1a244d9652d1c247,727dbf65be4a75ce7b6267cab479044fd49c3346739e002fa0caca337a899a89,6053aa0c3d8947128610c1ece7b84f18d5e640d16ce7bc66593e62e6127f7976,99.75351680753077,stable,4096,3,0.3489152386082104,0.5039252505818943,0.29445920453048985,0.3405332884211475,1.4442626598712172,0.0005696614583333334,0.008544921875,0.09187825520833333,0.1484375,True,raw/hopper-medium-replay-v2/hopper-medium-replay-v2_tau7_mpi4_seed0.npz,fb3965491ce482d8fbefe6956167e0237a14de902c1be0a5c0df5e9d2f36b5ee
td3|hopper-medium-replay-v2|7|1,td3,hopper-medium-replay-v2,7.0,1,1000000,d530651eaf44952a803cadee95d8a588f6bfa55d73b81562d22ee354b6f5d7fa,b49f63f7874987e7a75009450fe4c08884014f67f2d5c91dbb3cf1547d091069,ae320140cc256bf60c4433db591e79892601978c45d5658e5770db411d4cd89a,e121c5f7c9857a307baa9edc6a2c3b48e85fedb9ac316ecddd0f48ca7ef4e39b,db016c04b35377c51070ccf26dac616822660c41587c845c1a244d9652d1c247,727dbf65be4a75ce7b6267cab479044fd49c3346739e002fa0caca337a899a89,6053aa0c3d8947128610c1ece7b84f18d5e640d16ce7bc66593e62e6127f7976,38.51850616632162,stable,4096,3,0.39458215327666457,0.40911523609464445,0.0893863815791833,0.38408947775960456,1.036831576636944,0.006184895833333333,0.005045572916666667,0.09187825520833333,0.1484375,True,raw/hopper-medium-replay-v2/hopper-medium-replay-v2_tau7_seed1.npz,13a6dc87428ec67dfe8638a3a9ba0ec36414685d4f0454f79ea4ca50491e6d07
p3|hopper-medium-replay-v2|7|1,p3,hopper-medium-replay-v2,7.0,1,1000000,c614664224346e8e8f71449b4a0f34c9b7b723a44b7fbe591192497d0a393f01,c94cae611de9ed2b893a9a0cef1275f9e13fcefc38e023617f57e720a5a3122d,bf070e2dcc5c883cee4d0d58a04e405ec6578c30344efd2de082f7969cc6e945,e121c5f7c9857a307baa9edc6a2c3b48e85fedb9ac316ecddd0f48ca7ef4e39b,db016c04b35377c51070ccf26dac616822660c41587c845c1a244d9652d1c247,727dbf65be4a75ce7b6267cab479044fd49c3346739e002fa0caca337a899a89,6053aa0c3d8947128610c1ece7b84f18d5e640d16ce7bc66593e62e6127f7976,96.83849982599703,stable,4096,3,0.35224998955547004,0.4834593223389126,0.2534553048542357,0.34374797803006335,1.3724892453482402,0.000244140625,0.013509114583333334,0.09431966145833333,0.1484375,True,raw/hopper-medium-replay-v2/hopper-medium-replay-v2_tau7_mpi3_seed1.npz,1d721b3be702768f0227bb30722648b2c4c4000b1f38a1fa813b94fad9082ef8
p4|hopper-medium-replay-v2|7|1,p4,hopper-medium-replay-v2,7.0,1,1000000,f3cdc05d8d208c9ffb64acfbeb8cc8f5961898f251263eb089443798432cf0f4,64813c41742c009dc275abee81c80c7c8446065698229563dce16000082434af,f8d5429abc52be030d1edbe089cd6bf895401e43e7ee6c65380a7f4eaf7b6176,e121c5f7c9857a307baa9edc6a2c3b48e85fedb9ac316ecddd0f48ca7ef4e39b,db016c04b35377c51070ccf26dac616822660c41587c845c1a244d9652d1c247,727dbf65be4a75ce7b6267cab479044fd49c3346739e002fa0caca337a899a89,6053aa0c3d8947128610c1ece7b84f18d5e640d16ce7bc66593e62e6127f7976,99.64650942979311,stable,4096,3,0.3477232805703041,0.5120837625325124,0.3030622855622844,0.3393643533950646,1.4726760937393641,0.0006510416666666666,0.017171223958333332,0.09415690104166667,0.1484375,True,raw/hopper-medium-replay-v2/hopper-medium-replay-v2_tau7_mpi4_seed1.npz,7e82ed8e90768754b7384a2815d63003d50a9b0e8d3ac18df947307110236b7a
td3|hopper-medium-replay-v2|10|0,td3,hopper-medium-replay-v2,10.0,0,1000000,36297fcda87e50db223975fbc84d0651a367d2a194b4bd7817ee2e739fb3c228,f700ecf2dce09bc0804ab56a5fe7e83245ccb35330308661d623db3013a54c40,ef52caf578633abcc3ce4f712709bf58deaab73f09b2b0d5b79756ed708b216a,e121c5f7c9857a307baa9edc6a2c3b48e85fedb9ac316ecddd0f48ca7ef4e39b,db016c04b35377c51070ccf26dac616822660c41587c845c1a244d9652d1c247,727dbf65be4a75ce7b6267cab479044fd49c3346739e002fa0caca337a899a89,6053aa0c3d8947128610c1ece7b84f18d5e640d16ce7bc66593e62e6127f7976,37.300012803660074,stable,4096,3,0.42198711332862576,0.4295188933235499,0.06381823236598391,0.4106742897346308,1.0178483649311318,0.015787760416666668,0.016764322916666668,0.10074869791666667,0.1484375,True,raw/hopper-medium-replay-v2/hopper-medium-replay-v2_tau10_seed0.npz,6e07909195f18c794f816a6aecd9f0676fd8dcde7bcc21b925f54b97ed790321
p3|hopper-medium-replay-v2|10|0,p3,hopper-medium-replay-v2,10.0,0,1000000,7a31fdb685b37fab1816433ebe3950dfb150240965f50ee79ef76c7f3ccfde95,314abf5b9c951048e971ded3f3b4721857877c40c5c324c3879ace4fdf90fe28,f24ca52110fd0db2be8d3fe03e9ddd6ea46c134023f52e3c88f4f65205b294bc,e121c5f7c9857a307baa9edc6a2c3b48e85fedb9ac316ecddd0f48ca7ef4e39b,db016c04b35377c51070ccf26dac616822660c41587c845c1a244d9652d1c247,727dbf65be4a75ce7b6267cab479044fd49c3346739e002fa0caca337a899a89,6053aa0c3d8947128610c1ece7b84f18d5e640d16ce7bc66593e62e6127f7976,99.281114953505,stable,4096,3,0.3640670489444716,0.5181049034779754,0.275483622192905,0.3553042680897165,1.4231029833106321,0.0004069010416666667,0.01123046875,0.09195963541666667,0.1484375,True,raw/hopper-medium-replay-v2/hopper-medium-replay-v2_tau10_mpi3_seed0.npz,4314f7d7082ee93d34eea64a51007bb3af90bd2be47d3d7134ab5aa7f631d486
p4|hopper-medium-replay-v2|10|0,p4,hopper-medium-replay-v2,10.0,0,1000000,0beb94e7cabc763f57f8c30acb5769122bb10d4233f66715450c000d16615de6,881b256b87cf12cb5fae0bfee01c1609802c5ee8d0a7a27f2894d2fa390280fb,12760448813da7b9e1f6450263576b7aaa8e625edc39396bc87bcd5e600ac2d6,e121c5f7c9857a307baa9edc6a2c3b48e85fedb9ac316ecddd0f48ca7ef4e39b,db016c04b35377c51070ccf26dac616822660c41587c845c1a244d9652d1c247,727dbf65be4a75ce7b6267cab479044fd49c3346739e002fa0caca337a899a89,6053aa0c3d8947128610c1ece7b84f18d5e640d16ce7bc66593e62e6127f7976,100.34815828470234,stable,4096,3,0.35444615056374806,0.5373305805238136,0.3212041685461545,0.34589659934342576,1.515972397130529,0.00016276041666666666,0.019205729166666668,0.09171549479166667,0.1484375,True,raw/hopper-medium-replay-v2/hopper-medium-replay-v2_tau10_mpi4_seed0.npz,9351a387eb6533db0cb0663e9579c36d8c5d33d735d6c47aec57fb87271f339a
td3|hopper-medium-replay-v2|10|1,td3,hopper-medium-replay-v2,10.0,1,1000000,cc84ec92847d4b7a7fc7a412aa33872f6df5adb784a4909a19dd8c112e64e61c,e4a0d698e5f630522eac7a2c30fbdeb59747c432b68d4fc07cb0f526b8b72b36,00a22ece1d639bfd6bfcf54c4bff4cf910c18c225ec123585b0275a9d2b2093f,e121c5f7c9857a307baa9edc6a2c3b48e85fedb9ac316ecddd0f48ca7ef4e39b,db016c04b35377c51070ccf26dac616822660c41587c845c1a244d9652d1c247,727dbf65be4a75ce7b6267cab479044fd49c3346739e002fa0caca337a899a89,6053aa0c3d8947128610c1ece7b84f18d5e640d16ce7bc66593e62e6127f7976,51.197164378925905,stable,4096,3,0.4194506819579474,0.43076499981337407,0.08453570885382597,0.4079597495175463,1.0269741315060277,0.01318359375,0.012776692708333334,0.09716796875,0.1484375,True,raw/hopper-medium-replay-v2/hopper-medium-replay-v2_tau10_seed1.npz,b24204c8075a63d8b0eb26e732809bb2d2d43eafaa3f3321e70f6eb41cc43932
p3|hopper-medium-replay-v2|10|1,p3,hopper-medium-replay-v2,10.0,1,1000000,55640b6dcf951a32414dc44d8e23419dea57bbc6a00ec880dadcfdcd265444a6,da0db37185fb1e8e73b8d0d6af16d506df24bb7b35c5e738f5fdc4619fefaea9,6016945d1b32fe818fd6c6519e03d4168d33eab57152fa229e8013c1d820b057,e121c5f7c9857a307baa9edc6a2c3b48e85fedb9ac316ecddd0f48ca7ef4e39b,db016c04b35377c51070ccf26dac616822660c41587c845c1a244d9652d1c247,727dbf65be4a75ce7b6267cab479044fd49c3346739e002fa0caca337a899a89,6053aa0c3d8947128610c1ece7b84f18d5e640d16ce7bc66593e62e6127f7976,100.05549483118752,stable,4096,3,0.360005602681538,0.5158774023214018,0.2767988374684893,0.3510442718144685,1.4329704829003689,8.138020833333333e-05,0.01513671875,0.08943684895833333,0.1484375,True,raw/hopper-medium-replay-v2/hopper-medium-replay-v2_tau10_mpi3_seed1.npz,be47200ec40c6605b67e627af1f0ad4114104838d0af29c70994e240433791f6
p4|hopper-medium-replay-v2|10|1,p4,hopper-medium-replay-v2,10.0,1,1000000,f5e0d997ac44cbf9b36b3c09f9f56d3253b13869d4d34c2bb1c0b41d00a13801,e521cf7e2c6b3af0da2e90b3b1e25e456b88d03c03284cfa55bf73901c9db50c,e750df91e901f76e79a99c4332f569511c1692d521435a07e5aef9287aa3fd2d,e121c5f7c9857a307baa9edc6a2c3b48e85fedb9ac316ecddd0f48ca7ef4e39b,db016c04b35377c51070ccf26dac616822660c41587c845c1a244d9652d1c247,727dbf65be4a75ce7b6267cab479044fd49c3346739e002fa0caca337a899a89,6053aa0c3d8947128610c1ece7b84f18d5e640d16ce7bc66593e62e6127f7976,100.57373205726077,stable,4096,3,0.3530519112075907,0.5444911262203045,0.3311960159515135,0.34431259837857026,1.5422409819505256,0.00048828125,0.012532552083333334,0.092529296875,0.1484375,True,raw/hopper-medium-replay-v2/hopper-medium-replay-v2_tau10_mpi4_seed1.npz,444e42e8eaef072f8ff3c64d38388f7dddaa3377ddd270608e66cef9974cb7c7
td3|hopper-medium-replay-v2|14|0,td3,hopper-medium-replay-v2,14.0,0,1000000,f2e1994715b9c2d483c0fe335342fff485152622aa4635010ba599400efd9a6e,f7926b6a1d0c360022681e11f826d664b6914f54dff708edcdc270fc2cd5b591,7b700288c35bfe172485c1b7c6a4cc7f33fd792ed420506f63d6243956c67d0d,e121c5f7c9857a307baa9edc6a2c3b48e85fedb9ac316ecddd0f48ca7ef4e39b,db016c04b35377c51070ccf26dac616822660c41587c845c1a244d9652d1c247,727dbf65be4a75ce7b6267cab479044fd49c3346739e002fa0caca337a899a89,6053aa0c3d8947128610c1ece7b84f18d5e640d16ce7bc66593e62e6127f7976,30.743447948594604,stable,4096,3,0.47110433489546566,0.4736119498584417,0.08378637539851234,0.4571436263960852,1.0053228441710953,0.009358723958333334,0.009033203125,0.098876953125,0.1484375,True,raw/hopper-medium-replay-v2/hopper-medium-replay-v2_tau14_seed0.npz,bdeea22201d3cbc173a500f5f8093fcd93ff791c6421face697836d6c7de05bb
p3|hopper-medium-replay-v2|14|0,p3,hopper-medium-replay-v2,14.0,0,1000000,51b95a71257786b1f412721cdb0a4bc4161852c322dde50f028ed02209412ddb,372d44e9891de4d9cd8b4fbe42e3a6b51fc0cbea39a1679661f84d0634c80fc7,5b51f3e84ae414da1003ec80a873dabe6f96de969270dff1f9535985df33a014,e121c5f7c9857a307baa9edc6a2c3b48e85fedb9ac316ecddd0f48ca7ef4e39b,db016c04b35377c51070ccf26dac616822660c41587c845c1a244d9652d1c247,727dbf65be4a75ce7b6267cab479044fd49c3346739e002fa0caca337a899a89,6053aa0c3d8947128610c1ece7b84f18d5e640d16ce7bc66593e62e6127f7976,100.76144225906218,stable,4096,3,0.37301944797938247,0.5467122391482848,0.2958778001132947,0.36373947476669316,1.465640041316298,0.003173828125,0.021240234375,0.09407552083333333,0.1484375,True,raw/hopper-medium-replay-v2/hopper-medium-replay-v2_tau14_mpi3_seed0.npz,1606dc4029b13e2ae910daff99f136591d381d28277deae2da6fbc3e83e9d6d2
p4|hopper-medium-replay-v2|14|0,p4,hopper-medium-replay-v2,14.0,0,1000000,db0e4dbd7ce70c773677c207d32468a072faf2d776805921964f4dc4013e42a5,e4ce64aa0b6ee3ca2963ea831582475ae1eff28fcb785ce27b16e2a8d818dca5,9c23a8e1e21e4bae81351273cf78145c667a9e084864aee66c3fc24a058a8c20,e121c5f7c9857a307baa9edc6a2c3b48e85fedb9ac316ecddd0f48ca7ef4e39b,db016c04b35377c51070ccf26dac616822660c41587c845c1a244d9652d1c247,727dbf65be4a75ce7b6267cab479044fd49c3346739e002fa0caca337a899a89,6053aa0c3d8947128610c1ece7b84f18d5e640d16ce7bc66593e62e6127f7976,99.17297844727486,stable,4096,3,0.3664596730778669,0.5827493436389375,0.354167390452172,0.3575499998199433,1.5902141120862496,0.0004069010416666667,0.029378255208333332,0.09212239583333333,0.1484375,True,raw/hopper-medium-replay-v2/hopper-medium-replay-v2_tau14_mpi4_seed0.npz,82a271d8656a7be10a81c11c03c543b2119891e111b8525b9dbd7820bfefc5d5
td3|hopper-medium-replay-v2|14|1,td3,hopper-medium-replay-v2,14.0,1,1000000,4f18af1b163be614308da31904bfb176b8107d93cbcba7975a87c9bfb751ef92,f23a8cace532f2540dca22b8242be3ef3325d5d3f971a6d2bffa708075e2abd6,7f0f2fd6231cc4040e8d3c205880d9d980d461a316dd3445ab772425ed6ecb6d,e121c5f7c9857a307baa9edc6a2c3b48e85fedb9ac316ecddd0f48ca7ef4e39b,db016c04b35377c51070ccf26dac616822660c41587c845c1a244d9652d1c247,727dbf65be4a75ce7b6267cab479044fd49c3346739e002fa0caca337a899a89,6053aa0c3d8947128610c1ece7b84f18d5e640d16ce7bc66593e62e6127f7976,37.57634407045641,stable,4096,3,0.44947557897390095,0.4540352080758365,0.06795806908130202,0.43636411022960964,1.0101443311165974,0.008382161458333334,0.008382161458333334,0.10009765625,0.1484375,True,raw/hopper-medium-replay-v2/hopper-medium-replay-v2_tau14_seed1.npz,afbd907563c8f411f2972f6857fde77c92e4d74fb6acf34339113c28f7cd6a39
p3|hopper-medium-replay-v2|14|1,p3,hopper-medium-replay-v2,14.0,1,1000000,4bbd12ef21f1585bd02a2286520aabfc3d1fcebdb24cd9d235f1303924cd3067,9b15c505ced513e3db210f6f17a77f719d9176b030cb9d8cd566b5a6a611001e,b93572d48b7f7fc6f5f760f656f447acf5dfd244a0325352c87bfdc855583154,e121c5f7c9857a307baa9edc6a2c3b48e85fedb9ac316ecddd0f48ca7ef4e39b,db016c04b35377c51070ccf26dac616822660c41587c845c1a244d9652d1c247,727dbf65be4a75ce7b6267cab479044fd49c3346739e002fa0caca337a899a89,6053aa0c3d8947128610c1ece7b84f18d5e640d16ce7bc66593e62e6127f7976,100.23296510840105,stable,4096,3,0.37605794525918373,0.553060931979485,0.3002399413746981,0.36675018445221896,1.470680087873981,0.0017903645833333333,0.019287109375,0.08968098958333333,0.1484375,True,raw/hopper-medium-replay-v2/hopper-medium-replay-v2_tau14_mpi3_seed1.npz,8184a07acd8e222f354b8eb565bc65d13342c3c0eac51da7d8bff94a8949a12b
p4|hopper-medium-replay-v2|14|1,p4,hopper-medium-replay-v2,14.0,1,1000000,49e5152b46fd10bd1da349c472eb12e0e97ffe2285a8692bfc567ea05b46d8db,007cb65b586a9f08dacc7d9e3e262b6744f81258b204ab5cbde86eee45c0bef4,c4acad2ac1cf904f16ebfe3d2e9eb288caa68ce3319b746385dcf5ec16677618,e121c5f7c9857a307baa9edc6a2c3b48e85fedb9ac316ecddd0f48ca7ef4e39b,db016c04b35377c51070ccf26dac616822660c41587c845c1a244d9652d1c247,727dbf65be4a75ce7b6267cab479044fd49c3346739e002fa0caca337a899a89,6053aa0c3d8947128610c1ece7b84f18d5e640d16ce7bc66593e62e6127f7976,100.89983846304733,stable,4096,3,0.3632054542468511,0.5761635683354168,0.3536829845596872,0.3541313915517449,1.586329614818586,0.0009765625,0.026529947916666668,0.09309895833333333,0.1484375,True,raw/hopper-medium-replay-v2/hopper-medium-replay-v2_tau14_mpi4_seed1.npz,984acaa0c34fe8406d492d97ef53dfe4b38a9a56a759d6af364bde7fda183d6a
td3|hopper-medium-replay-v2|20|0,td3,hopper-medium-replay-v2,20.0,0,1000000,34d7c6b91ba1767559adfd9e89d2e1d25d6c0acd696950acd74a127745dd3517,4737e1de11f380df7206ff4bc3568d9a551762035cc13b5c332a3fefc43080a5,7eb4e435a0d2e7b174000e29d1bf89a86675afec5d9be992f4d79369b7d41881,e121c5f7c9857a307baa9edc6a2c3b48e85fedb9ac316ecddd0f48ca7ef4e39b,db016c04b35377c51070ccf26dac616822660c41587c845c1a244d9652d1c247,727dbf65be4a75ce7b6267cab479044fd49c3346739e002fa0caca337a899a89,6053aa0c3d8947128610c1ece7b84f18d5e640d16ce7bc66593e62e6127f7976,32.43415835898813,stable,4096,3,0.4823969305916022,0.4801148011443593,0.07910731418046461,0.4675258553182326,0.9952691874626064,0.027262369791666668,0.026204427083333332,0.10335286458333333,0.1484375,True,raw/hopper-medium-replay-v2/hopper-medium-replay-v2_tau20_seed0.npz,81b4e482f1339eaed9a05082c65710f026d93f219559229bb1de3263ebbde027
p3|hopper-medium-replay-v2|20|0,p3,hopper-medium-replay-v2,20.0,0,1000000,c531b4396881af68a9af7c3e3bd642d154acd47aa8fee4cc776de95e00de7373,1fa82837c4456c77a80390f9dde40f8ef4b0352ad20e4a5b8edb3376aed511f8,371a1e2fab7bbab8e3afe93497264bbf7943b8dd2214fe89fd53f93ff6d780c9,e121c5f7c9857a307baa9edc6a2c3b48e85fedb9ac316ecddd0f48ca7ef4e39b,db016c04b35377c51070ccf26dac616822660c41587c845c1a244d9652d1c247,727dbf65be4a75ce7b6267cab479044fd49c3346739e002fa0caca337a899a89,6053aa0c3d8947128610c1ece7b84f18d5e640d16ce7bc66593e62e6127f7976,100.11333711195589,stable,4096,3,0.38936263992113446,0.5879499539885231,0.320136565309005,0.37920131300860227,1.5100317639812915,0.003662109375,0.022623697916666668,0.09676106770833333,0.1484375,True,raw/hopper-medium-replay-v2/hopper-medium-replay-v2_tau20_mpi3_seed0.npz,8e5654aed82415d627a5d80b4edcbbd2f432d96b79819fd83a8250010d8ec462
p4|hopper-medium-replay-v2|20|0,p4,hopper-medium-replay-v2,20.0,0,1000000,bb4b69c03c334fae4b1156aba852341f1afbe6512843bac3d86490f7e620b1a5,df946c3140c4a59c73a25be1a5eadda5b9c015b3a396207ac3dd54cddcfc3242,ae75c3de3a5ff62a622856284e369a42a5386a5ca3b48f51ac5e30349ba32f3e,e121c5f7c9857a307baa9edc6a2c3b48e85fedb9ac316ecddd0f48ca7ef4e39b,db016c04b35377c51070ccf26dac616822660c41587c845c1a244d9652d1c247,727dbf65be4a75ce7b6267cab479044fd49c3346739e002fa0caca337a899a89,6053aa0c3d8947128610c1ece7b84f18d5e640d16ce7bc66593e62e6127f7976,100.66232850532435,stable,4096,3,0.3760525602853325,0.6187946020408243,0.3816756080672664,0.36655836222193067,1.6455003033919235,0.00146484375,0.025065104166666668,0.093505859375,0.1484375,True,raw/hopper-medium-replay-v2/hopper-medium-replay-v2_tau20_mpi4_seed0.npz,f238aee561642bd160e5430a919f983cd0afa4a076a4639b3cac86757a62eb44
td3|hopper-medium-replay-v2|20|1,td3,hopper-medium-replay-v2,20.0,1,1000000,3563162ea2f6d1e397ab8f6772764d12ed9309e49d327e63a8711aaf3981ae46,c9b37ceaa6a9ee0c7ce7fc49bfbd234b8ba52cb1041639fc03fc05e9fe3ec7f9,e9a88c544d3c188cc2dbadb8556937e9c673d7994029fc664ba2f34a3b9e3999,e121c5f7c9857a307baa9edc6a2c3b48e85fedb9ac316ecddd0f48ca7ef4e39b,db016c04b35377c51070ccf26dac616822660c41587c845c1a244d9652d1c247,727dbf65be4a75ce7b6267cab479044fd49c3346739e002fa0caca337a899a89,6053aa0c3d8947128610c1ece7b84f18d5e640d16ce7bc66593e62e6127f7976,36.6648293889528,stable,4096,3,0.5015115227802406,0.5064114755220409,0.07267473463659098,0.4868749536332875,1.009770369212329,0.014485677083333334,0.013834635416666666,0.10888671875,0.1484375,True,raw/hopper-medium-replay-v2/hopper-medium-replay-v2_tau20_seed1.npz,16a7d9e5d5e3866d149ecde267c382906df061b9a2f4d8de0cded63725e9c462
p3|hopper-medium-replay-v2|20|1,p3,hopper-medium-replay-v2,20.0,1,1000000,4ddae3c1384ea3579af215e217b3c4beb1691622681ec92519cd15986f6b43f5,5a2010c39a001358be295b5b28796c88ead6ddbf4623a3c0a07600e51427ff8d,828f3d8ddda591a755dd86cde58489f42d5420bcdc045553fbd72cfec1f2ea26,e121c5f7c9857a307baa9edc6a2c3b48e85fedb9ac316ecddd0f48ca7ef4e39b,db016c04b35377c51070ccf26dac616822660c41587c845c1a244d9652d1c247,727dbf65be4a75ce7b6267cab479044fd49c3346739e002fa0caca337a899a89,6053aa0c3d8947128610c1ece7b84f18d5e640d16ce7bc66593e62e6127f7976,99.6500877972906,stable,4096,3,0.3896702274841432,0.5894232858600644,0.32125909034097294,0.37895874007058417,1.51262078621095,0.005940755208333333,0.023518880208333332,0.093994140625,0.1484375,True,raw/hopper-medium-replay-v2/hopper-medium-replay-v2_tau20_mpi3_seed1.npz,e594e96302d0d4f48cfb2ceeb2fc848c8f4e844a2d55c2011b414019d3e0aea2
p4|hopper-medium-replay-v2|20|1,p4,hopper-medium-replay-v2,20.0,1,1000000,6dbd40cbe24c858f92bbcfc66a949279d250fa8648d9836ee9679cd0b6c8f9e1,53dc02cb533c990f2655478622a88a08b384c6f8051e41f7f40d09f07323dff7,ea26e3d9509cccd9bb616fb6329031cc5e8328f5d8ddd5c5e741cb3f5c67baac,e121c5f7c9857a307baa9edc6a2c3b48e85fedb9ac316ecddd0f48ca7ef4e39b,db016c04b35377c51070ccf26dac616822660c41587c845c1a244d9652d1c247,727dbf65be4a75ce7b6267cab479044fd49c3346739e002fa0caca337a899a89,6053aa0c3d8947128610c1ece7b84f18d5e640d16ce7bc66593e62e6127f7976,98.39045318868453,stable,4096,3,0.379664437681308,0.6515943207045669,0.41585854165872493,0.3702167222016959,1.7162374350465714,0.0013020833333333333,0.025797526041666668,0.09220377604166667,0.1484375,True,raw/hopper-medium-replay-v2/hopper-medium-replay-v2_tau20_mpi4_seed1.npz,e381a9ae3c08f6e0c3a4a4ec26055d835916c5810b7169ac051dceb9b4cef984
td3|hopper-expert-v2|4|0,td3,hopper-expert-v2,4.0,0,1000000,5494ec2565315af9f20035eecd481569cc91f765b6b22f0f1988185637d10cd0,48021a67c602e3ff33514761c5fd0de1daf4080357125c20d97d6a463b1ad7a9,797300dc5a537a249ab174b6b3564c7e3e5954221bfaf107df875f523026bc3e,01aa219a5f8eea5e639eccdc636ec2bf40e317159a95cf4bf6e985f16909941b,ecf8f2f7d4058e9aaace2dd899fc538f21a730aec9d86b61e11df650d7839596,0660dc3dea44deec1245ce21a644b593d9dfdffe0a4468a4d5691fb6a63e4e5a,4a10c2ee1230846ca50db3f817bf3c6b85b2aac67e43821fb100047af87d5f03,2.359748281560829,collapsed,4096,3,0.3182178035886551,0.31323518531355865,0.044481301849723584,0.31145165272720493,0.9843421134238698,0.034586588541666664,0.032958984375,0.10758463541666667,0.10970052083333333,True,raw/hopper-expert-v2/hopper-expert-v2_tau4_seed0.npz,e4223ef3f99183a23ce9b5a1f66e06e5a3fc8cd3293de98d0c527c54c9b2a3c8
p3|hopper-expert-v2|4|0,p3,hopper-expert-v2,4.0,0,1000000,2cf99ab6ac9b961f62b3d08f5212592aa371742c6e144c75ab3118154747f914,e168556a558783ab1bae3289e489ce192ecd7a167397ce4611c688713a3fcd67,f6345f499f5dd5fece1078f2d6044de06c89d587f6bdf52d41368675a425a722,01aa219a5f8eea5e639eccdc636ec2bf40e317159a95cf4bf6e985f16909941b,ecf8f2f7d4058e9aaace2dd899fc538f21a730aec9d86b61e11df650d7839596,0660dc3dea44deec1245ce21a644b593d9dfdffe0a4468a4d5691fb6a63e4e5a,4a10c2ee1230846ca50db3f817bf3c6b85b2aac67e43821fb100047af87d5f03,97.37673977120386,stable,4096,3,0.2130162657465383,0.22470257106015484,0.06448062733277107,0.21039515093749278,1.0548610936947027,0.0126953125,0.045817057291666664,0.09236653645833333,0.10970052083333333,True,raw/hopper-expert-v2/hopper-expert-v2_tau4_mpi3_seed0.npz,731dc80fa2504dfbb9a0a59e686f010ce47817ca78cb8190841b494866346c72
p4|hopper-expert-v2|4|0,p4,hopper-expert-v2,4.0,0,1000000,968a94269e8073d2deb43ae564832d76eea0541401c8786a3cbe560ab4fe15e3,171da9fef3ed5697c2ece3f5f2127a1abdd8747882d9436321f0e2c7d292a38e,4b9156ba505d3782eb9cde1a5791acdd8e5e5e7e07a6b682558ae3869dd0c156,01aa219a5f8eea5e639eccdc636ec2bf40e317159a95cf4bf6e985f16909941b,ecf8f2f7d4058e9aaace2dd899fc538f21a730aec9d86b61e11df650d7839596,0660dc3dea44deec1245ce21a644b593d9dfdffe0a4468a4d5691fb6a63e4e5a,4a10c2ee1230846ca50db3f817bf3c6b85b2aac67e43821fb100047af87d5f03,99.24461123259283,stable,4096,3,0.2129330121626363,0.22626407462190984,0.06799161888861961,0.2103453552578674,1.062606837351699,0.017578125,0.035237630208333336,0.09244791666666667,0.10970052083333333,True,raw/hopper-expert-v2/hopper-expert-v2_tau4_mpi4_seed0.npz,da1ec4965db4fc5801f35a380e38163816a7e687a98e92f5a3919f8f8f672804
td3|hopper-expert-v2|4|1,td3,hopper-expert-v2,4.0,1,1000000,cef072ba4c02523ad77d63db7312fe96cbec99d951cb06ada3aa43eb650d6bdc,80fdfc1c71940029e1a84fe6662568ab907b8cfb80c6679f50547d9d6be3a9f0,ae057af1eb8416d0d40839515dc2e242c9b09a5e7440887182e9eed8aed98776,01aa219a5f8eea5e639eccdc636ec2bf40e317159a95cf4bf6e985f16909941b,ecf8f2f7d4058e9aaace2dd899fc538f21a730aec9d86b61e11df650d7839596,0660dc3dea44deec1245ce21a644b593d9dfdffe0a4468a4d5691fb6a63e4e5a,4a10c2ee1230846ca50db3f817bf3c6b85b2aac67e43821fb100047af87d5f03,24.075240867262274,stable,4096,3,0.318188939459848,0.3172006356082622,0.03661180355987295,0.31104484572093244,0.9968939716972454,0.0439453125,0.043701171875,0.1083984375,0.10970052083333333,True,raw/hopper-expert-v2/hopper-expert-v2_tau4_seed1.npz,99c10bd16db57e42b1e3a713b49acc988fd7d202361bd9027a6334949a0d4d4b
p3|hopper-expert-v2|4|1,p3,hopper-expert-v2,4.0,1,1000000,15a839fe977745e00f6dbe7456b53cc26c0cce6cfcda6fa9f924c09a60a07363,09dc97597abed494f25db4561387367a20b21fb0edc11af0539e9fdcf5ba2813,cafc0eac4d2d844015fec6da7c3b7ab3b80c767c199b099e1223fdef86f46c11,01aa219a5f8eea5e639eccdc636ec2bf40e317159a95cf4bf6e985f16909941b,ecf8f2f7d4058e9aaace2dd899fc538f21a730aec9d86b61e11df650d7839596,0660dc3dea44deec1245ce21a644b593d9dfdffe0a4468a4d5691fb6a63e4e5a,4a10c2ee1230846ca50db3f817bf3c6b85b2aac67e43821fb100047af87d5f03,105.72983194916871,stable,4096,3,0.21398274510957177,0.22410877399855325,0.06099452761860011,0.21134183023312111,1.0473217075694414,0.03515625,0.013346354166666666,0.09195963541666667,0.10970052083333333,True,raw/hopper-expert-v2/hopper-expert-v2_tau4_mpi3_seed1.npz,6142c3a1e3fdc96b73c30f881a1c842ba4bb75b21376dc334023dea0666b3c3b
p4|hopper-expert-v2|4|1,p4,hopper-expert-v2,4.0,1,1000000,a79c31a99b1d1092428c811eca4b3da57690f7e60a9162c6beeee9d3c62f3436,2b118beef03161fcd08f41c64b1fc5429bb0bfd7bc48948137dcff6af3c7c5ca,f5fc3969899fa59292a78a0b99eef6eb8101746280561c4e8e30dd01ea4f6eed,01aa219a5f8eea5e639eccdc636ec2bf40e317159a95cf4bf6e985f16909941b,ecf8f2f7d4058e9aaace2dd899fc538f21a730aec9d86b61e11df650d7839596,0660dc3dea44deec1245ce21a644b593d9dfdffe0a4468a4d5691fb6a63e4e5a,4a10c2ee1230846ca50db3f817bf3c6b85b2aac67e43821fb100047af87d5f03,110.83960466275038,stable,4096,3,0.21410168853706119,0.22711340439926148,0.0710900197407787,0.21144225730937935,1.0607735321991538,0.024088541666666668,0.034342447916666664,0.09269205729166667,0.10970052083333333,True,raw/hopper-expert-v2/hopper-expert-v2_tau4_mpi4_seed1.npz,5b77aca6cf2d77cf924d78a5f48487be5aa5207d0bf5a99d58747e075d6fa810
td3|hopper-expert-v2|7|0,td3,hopper-expert-v2,7.0,0,1000000,fe05e30a592f2a7c7e404e41fa6ec3eba9fd5639ad50e52a7e46e2615fae30c9,964f25495aca1f4d4e51f3f1856f72aa9c81db681f6afcf2e7de36e25b8ba845,56fa824b2d6cfb4300f3aeb6bc6a05839d89d62db1cfc443123e9b88f091195f,01aa219a5f8eea5e639eccdc636ec2bf40e317159a95cf4bf6e985f16909941b,ecf8f2f7d4058e9aaace2dd899fc538f21a730aec9d86b61e11df650d7839596,0660dc3dea44deec1245ce21a644b593d9dfdffe0a4468a4d5691fb6a63e4e5a,4a10c2ee1230846ca50db3f817bf3c6b85b2aac67e43821fb100047af87d5f03,1.8253704047109651,collapsed,4096,3,0.8042273010991838,0.8076462675994267,0.031593848035233185,0.7581064275863675,1.0042512440146834,0.555419921875,0.5552571614583334,0.3612467447916667,0.10970052083333333,True,raw/hopper-expert-v2/hopper-expert-v2_tau7_seed0.npz,fb8a6360042956e2dcd6a64e1da888d7d726072bde260b0a1181ee3f3b8bf90b
p3|hopper-expert-v2|7|0,p3,hopper-expert-v2,7.0,0,1000000,efbccd7a68e0766283e38831ff046b6be945c829bfcb72a99c16a9b0b503ff33,c02666da37ac1da4d2dd4b89c104adec226776a6c6a4ecba30a18744235b3d5d,1f38deb84e2dc2cf3ea0ccd7f0c9d47fb5da7cbad2c7cc85fa512076407fb109,01aa219a5f8eea5e639eccdc636ec2bf40e317159a95cf4bf6e985f16909941b,ecf8f2f7d4058e9aaace2dd899fc538f21a730aec9d86b61e11df650d7839596,0660dc3dea44deec1245ce21a644b593d9dfdffe0a4468a4d5691fb6a63e4e5a,4a10c2ee1230846ca50db3f817bf3c6b85b2aac67e43821fb100047af87d5f03,107.26914927482983,stable,4096,3,0.2143619319165875,0.2267329339971575,0.06663548705317633,0.21175286705797647,1.0577108163280773,0.039143880208333336,0.055501302083333336,0.09220377604166667,0.10970052083333333,True,raw/hopper-expert-v2/hopper-expert-v2_tau7_mpi3_seed0.npz,2dbd01bf7e2eb03e524fef53712398ab845bbbbbb600e2fe4490026b9fbde6d8
p4|hopper-expert-v2|7|0,p4,hopper-expert-v2,7.0,0,1000000,43fa9f2edc9cb538c7a3fbad095d0c70477a96b29c8e616f282cd4f1fccf1e3c,68e223bd227521dd922f4964e9e0b3411fed907d4df97e3e84f5843f0ada2c4e,4130cdaa71629c5c4627c4902bdcb30dd28396107f06873a644b833882a9223d,01aa219a5f8eea5e639eccdc636ec2bf40e317159a95cf4bf6e985f16909941b,ecf8f2f7d4058e9aaace2dd899fc538f21a730aec9d86b61e11df650d7839596,0660dc3dea44deec1245ce21a644b593d9dfdffe0a4468a4d5691fb6a63e4e5a,4a10c2ee1230846ca50db3f817bf3c6b85b2aac67e43821fb100047af87d5f03,79.72472287639891,stable,4096,3,0.21318046652151915,0.22693218901532558,0.07086251743364773,0.21054743302596107,1.0645074228337814,0.01806640625,0.047200520833333336,0.09228515625,0.10970052083333333,True,raw/hopper-expert-v2/hopper-expert-v2_tau7_mpi4_seed0.npz,05ba78c8f3008a9f74789ed8b01e4a22441df3b5108e201c468ad56b4df0e783
td3|hopper-expert-v2|7|1,td3,hopper-expert-v2,7.0,1,1000000,29bec58916204e8d60e8b1768197ba4d3185af9837fac55c5ec563b7e649a2b7,e865f172122d0162e404f3d6e31aa7d5dfe3f920522401100c361ef515c88dfc,5af24d94bfea7d9f7e2842aa80bc99b8c8bd1a7380609e93aaee75eec9aafef5,01aa219a5f8eea5e639eccdc636ec2bf40e317159a95cf4bf6e985f16909941b,ecf8f2f7d4058e9aaace2dd899fc538f21a730aec9d86b61e11df650d7839596,0660dc3dea44deec1245ce21a644b593d9dfdffe0a4468a4d5691fb6a63e4e5a,4a10c2ee1230846ca50db3f817bf3c6b85b2aac67e43821fb100047af87d5f03,1.819903610444258,collapsed,4096,3,1.019380225414441,1.0202496778640207,0.03977620559252349,0.9535669255423203,1.000852922617001,0.8611653645833334,0.8623860677083334,0.4672037760416667,0.10970052083333333,True,raw/hopper-expert-v2/hopper-expert-v2_tau7_seed1.npz,5fb8896d4e130191e3b82542b8b47b4b99855b3ede3fefd9429b56e644682de7
p3|hopper-expert-v2|7|1,p3,hopper-expert-v2,7.0,1,1000000,9cb46a5d2bbe7b9861517b8010c7dc204ccfb033aa48ed42b990e56129743aba,1936d59a29bee1e08b4bba02a54cad9746079350e8ffbdba798b2dbc5ea782a7,f808bec34fe467e2b0fb865d083ab4507fb99c41ba29405348b246608e95193e,01aa219a5f8eea5e639eccdc636ec2bf40e317159a95cf4bf6e985f16909941b,ecf8f2f7d4058e9aaace2dd899fc538f21a730aec9d86b61e11df650d7839596,0660dc3dea44deec1245ce21a644b593d9dfdffe0a4468a4d5691fb6a63e4e5a,4a10c2ee1230846ca50db3f817bf3c6b85b2aac67e43821fb100047af87d5f03,95.259948727158,stable,4096,3,0.21386738690063317,0.22526093833151353,0.06465951088143114,0.21126584018421454,1.0532739077051239,0.038492838541666664,0.03759765625,0.09220377604166667,0.10970052083333333,True,raw/hopper-expert-v2/hopper-expert-v2_tau7_mpi3_seed1.npz,805ce751e198f8a4dc0f616a3e40862dcd4c6967fd42e4d1269f97594c4a97dd
p4|hopper-expert-v2|7|1,p4,hopper-expert-v2,7.0,1,1000000,fc4d43e07f3800d94e591d083f031eaf031683328465b8720c807e34b3bd5965,3a8c27e3f0c71273d893e43643ef288003531dd33d753d2a548a45fb9dd4b796,9f536846715d7322cd71bb183f2488bc2e6252bbab198131a1a5500b465bcccd,01aa219a5f8eea5e639eccdc636ec2bf40e317159a95cf4bf6e985f16909941b,ecf8f2f7d4058e9aaace2dd899fc538f21a730aec9d86b61e11df650d7839596,0660dc3dea44deec1245ce21a644b593d9dfdffe0a4468a4d5691fb6a63e4e5a,4a10c2ee1230846ca50db3f817bf3c6b85b2aac67e43821fb100047af87d5f03,90.85774402585665,stable,4096,3,0.21332439027616543,0.2283995450716714,0.07407139723107434,0.21064572437291607,1.0706677505370576,0.0205078125,0.044921875,0.092041015625,0.10970052083333333,True,raw/hopper-expert-v2/hopper-expert-v2_tau7_mpi4_seed1.npz,eadb66909fef338daa4857191fed3ec3acc9373a558ccc6bd78bd502a1dec7a8
td3|hopper-expert-v2|10|0,td3,hopper-expert-v2,10.0,0,1000000,f4a1a18a9d7e23c04d51edb3ba3b77bc230311adae8e8e5905a1be34d9147e4a,12fe6e173aa4923a8ff17be131dad365b898f5642f11f36f3e59d8e9b3f0231e,1be0e70556481c254fa3d5aed429a61b9e5bbb513e24775a7e3a9921d61c2e59,01aa219a5f8eea5e639eccdc636ec2bf40e317159a95cf4bf6e985f16909941b,ecf8f2f7d4058e9aaace2dd899fc538f21a730aec9d86b61e11df650d7839596,0660dc3dea44deec1245ce21a644b593d9dfdffe0a4468a4d5691fb6a63e4e5a,4a10c2ee1230846ca50db3f817bf3c6b85b2aac67e43821fb100047af87d5f03,1.8196079194790054,collapsed,4096,3,0.8349033850796159,0.8432090243909781,0.04408314631012492,0.7889618122758721,1.0099480244777905,0.5234375,0.5276692708333334,0.378173828125,0.10970052083333333,True,raw/hopper-expert-v2/hopper-expert-v2_tau10_seed0.npz,d0ca8cdc2cefed3b8ad0e9e19ccb647c5f005c1c941c83d6adab61beaa635f53
p3|hopper-expert-v2|10|0,p3,hopper-expert-v2,10.0,0,1000000,7a44d0d5d6270e2ace9da3f93e96a686855234e4e028fc6fc38ce6357a6268d3,a2bb53076aa8f057e8eb76b69b27922451043583226620c7a8d967c6e8235417,235fb2288798debe2b7df35cce2d1eab943326f4e08e7f7b7e352149645946f6,01aa219a5f8eea5e639eccdc636ec2bf40e317159a95cf4bf6e985f16909941b,ecf8f2f7d4058e9aaace2dd899fc538f21a730aec9d86b61e11df650d7839596,0660dc3dea44deec1245ce21a644b593d9dfdffe0a4468a4d5691fb6a63e4e5a,4a10c2ee1230846ca50db3f817bf3c6b85b2aac67e43821fb100047af87d5f03,5.844835676647179,collapsed,4096,3,0.30385019727021084,0.5389587649907532,0.3080553973365194,0.29433097809029296,1.7737647361520807,0.0,0.0029296875,0.07242838541666667,0.10970052083333333,True,raw/hopper-expert-v2/hopper-expert-v2_tau10_mpi3_seed0.npz,05eef7c7bf1bcb6e9144864c2e1bc0a3129edf05702d0b13156cd5a6357b85a7
p4|hopper-expert-v2|10|0,p4,hopper-expert-v2,10.0,0,1000000,d148dd742583575d280de6dabde6548ea9dfb7a21c13c9170e3468cc924ae4c9,d2f05c794f649da10f1dd3e770ca5b198d9389c9bd14c52676deb6b8b1d5f8df,120ba337c40de4d480e77fbe43977680677c27aef1b2b780c48493bbbc18f43f,01aa219a5f8eea5e639eccdc636ec2bf40e317159a95cf4bf6e985f16909941b,ecf8f2f7d4058e9aaace2dd899fc538f21a730aec9d86b61e11df650d7839596,0660dc3dea44deec1245ce21a644b593d9dfdffe0a4468a4d5691fb6a63e4e5a,4a10c2ee1230846ca50db3f817bf3c6b85b2aac67e43821fb100047af87d5f03,15.664172453705415,collapsed,4096,3,0.2142425926450666,0.23197525113793419,0.07926796829729484,0.21155944133850044,1.0827690622762631,0.050862630208333336,0.055908203125,0.09285481770833333,0.10970052083333333,True,raw/hopper-expert-v2/hopper-expert-v2_tau10_mpi4_seed0.npz,60ad5edba1194e2b5e734e6b90a40b4114a209450734101c38ea848551873f7e
td3|hopper-expert-v2|10|1,td3,hopper-expert-v2,10.0,1,1000000,441ce067dd09a24c74569554179be23d0b99663b16c3513c0e600210b0040755,9d7b78e75a6e0b389bdee908d23d12bfb64318e37bbc72bcf33874b671a27de9,2694b8e40992cdc0cbcf8506af4fa77bd2da6437ce3b2d502625f7270f9ac923,01aa219a5f8eea5e639eccdc636ec2bf40e317159a95cf4bf6e985f16909941b,ecf8f2f7d4058e9aaace2dd899fc538f21a730aec9d86b61e11df650d7839596,0660dc3dea44deec1245ce21a644b593d9dfdffe0a4468a4d5691fb6a63e4e5a,4a10c2ee1230846ca50db3f817bf3c6b85b2aac67e43821fb100047af87d5f03,1.819903610444258,collapsed,4096,3,0.9717002586199959,0.9722961820640356,0.03752210024774235,0.909388988915,1.0006132790834965,0.8619791666666666,0.86181640625,0.4710286458333333,0.10970052083333333,True,raw/hopper-expert-v2/hopper-expert-v2_tau10_seed1.npz,190dd7bb68702b391c6bb37d097ce9683aa4285b8671875c5c1718eea68bb433
p3|hopper-expert-v2|10|1,p3,hopper-expert-v2,10.0,1,1000000,4bbec6bae7a04cc499d4faa022c7cd68314dc41c1fa10a09419323529c87ed73,2efda1508f99a22f02384bd2b02295540c4398d0533d85e46820520b8eb683a2,de7f148b5b7f6303daf6537a8098abb47a235ef12ddbd21803025bbbd2a44b50,01aa219a5f8eea5e639eccdc636ec2bf40e317159a95cf4bf6e985f16909941b,ecf8f2f7d4058e9aaace2dd899fc538f21a730aec9d86b61e11df650d7839596,0660dc3dea44deec1245ce21a644b593d9dfdffe0a4468a4d5691fb6a63e4e5a,4a10c2ee1230846ca50db3f817bf3c6b85b2aac67e43821fb100047af87d5f03,5.283852162276792,collapsed,4096,3,0.30261699778524404,0.5875946362553359,0.3548866827735144,0.29671181514503453,1.941710612938966,0.039225260416666664,0.10579427083333333,0.10823567708333333,0.10970052083333333,True,raw/hopper-expert-v2/hopper-expert-v2_tau10_mpi3_seed1.npz,29b30ea210133ecdec7db79356d69e0e06cd051a8855a9b65038dc1b57a28b11
p4|hopper-expert-v2|10|1,p4,hopper-expert-v2,10.0,1,1000000,843690ab9010aa21d49468a38b227320469e04117c93140352e64ed307e36f0d,9d4b70b16b758241c3d2eb2fec8b14c54013fb3c1a127cbb64c574fddaadfd29,7ec0cd2fd5d2d96d369f3210cc892d371335568d6aa5f7a09fcd303f72e5dd61,01aa219a5f8eea5e639eccdc636ec2bf40e317159a95cf4bf6e985f16909941b,ecf8f2f7d4058e9aaace2dd899fc538f21a730aec9d86b61e11df650d7839596,0660dc3dea44deec1245ce21a644b593d9dfdffe0a4468a4d5691fb6a63e4e5a,4a10c2ee1230846ca50db3f817bf3c6b85b2aac67e43821fb100047af87d5f03,105.0081430926931,stable,4096,3,0.21380109429228009,0.23140847183691032,0.07885080234175389,0.21123230159737774,1.0823540104081966,0.016276041666666668,0.051595052083333336,0.09326171875,0.10970052083333333,True,raw/hopper-expert-v2/hopper-expert-v2_tau10_mpi4_seed1.npz,5f236a1a1e408db415b9bde1dc27c55d33191454636484c4b13a2b151c5fd6e6
td3|hopper-expert-v2|14|0,td3,hopper-expert-v2,14.0,0,1000000,4b7b84a3b51fea73dfd1067c00f4df26aca3ce4a9c123e0eb4cff19c32dc02f7,0258589bff3181a60417524e28b24b32dfd3518494e77f23f1163a7df41cf402,1bc4f8c30800a14cd25c4d141b782db05ecfce524b1f41a3927f77bd9e4a8de7,01aa219a5f8eea5e639eccdc636ec2bf40e317159a95cf4bf6e985f16909941b,ecf8f2f7d4058e9aaace2dd899fc538f21a730aec9d86b61e11df650d7839596,0660dc3dea44deec1245ce21a644b593d9dfdffe0a4468a4d5691fb6a63e4e5a,4a10c2ee1230846ca50db3f817bf3c6b85b2aac67e43821fb100047af87d5f03,1.9788744617254377,collapsed,4096,3,1.0173354436721322,1.0214578943330765,0.12927948679200713,0.9565727824466373,1.0040522039083433,0.8033854166666666,0.8046875,0.444580078125,0.10970052083333333,True,raw/hopper-expert-v2/hopper-expert-v2_tau14_seed0.npz,a6f2b33f594b24f04860c26d31d5ef65793b7f95e63632a7c822e873984a3b19
p3|hopper-expert-v2|14|0,p3,hopper-expert-v2,14.0,0,1000000,bf7c150f69f0b87fea75c370fe8748d8a4b13d8811c4ea910772dae5018b6009,995cf49bb7a550d97cac62f50881651261a75cae3e27f8cdf63e059a1eb3fb21,bfeb4702a44feba59c6a6510fb0bca970f7bc971e89757f5669a76aaf9989c1c,01aa219a5f8eea5e639eccdc636ec2bf40e317159a95cf4bf6e985f16909941b,ecf8f2f7d4058e9aaace2dd899fc538f21a730aec9d86b61e11df650d7839596,0660dc3dea44deec1245ce21a644b593d9dfdffe0a4468a4d5691fb6a63e4e5a,4a10c2ee1230846ca50db3f817bf3c6b85b2aac67e43821fb100047af87d5f03,1.8918099001232405,collapsed,4096,3,0.32682078255533764,0.6110406959742954,0.3617951745536429,0.31771922985042905,1.8696506727531423,0.048502604166666664,0.08984375,0.09903971354166667,0.10970052083333333,True,raw/hopper-expert-v2/hopper-expert-v2_tau14_mpi3_seed0.npz,8849bcbd2f2010e1722551876d744f81baf7f42e862ccf8cc7931a71cc0bee66
p4|hopper-expert-v2|14|0,p4,hopper-expert-v2,14.0,0,1000000,8b23c030b210a5e2a2a4f985c0d4554a8142833804d8305742c0ebb9d1eca39d,9571cae5da46866b9a6e4ac23a97c7c7556744de62fea06e84813e096f163145,50c3a981fff26d43511543f2f092ddd383a90ae46e708d738dc282ef069227b2,01aa219a5f8eea5e639eccdc636ec2bf40e317159a95cf4bf6e985f16909941b,ecf8f2f7d4058e9aaace2dd899fc538f21a730aec9d86b61e11df650d7839596,0660dc3dea44deec1245ce21a644b593d9dfdffe0a4468a4d5691fb6a63e4e5a,4a10c2ee1230846ca50db3f817bf3c6b85b2aac67e43821fb100047af87d5f03,0.7156004821817028,collapsed,4096,3,0.3266629475769117,0.7203478361703441,0.4690787870640807,0.3160073104543349,2.205171543065014,0.0,0.053873697916666664,0.06901041666666667,0.10970052083333333,True,raw/hopper-expert-v2/hopper-expert-v2_tau14_mpi4_seed0.npz,4ecdc17cac45ada8da01ed669b2a08a113da6f17d002796f5ed063408088b335
td3|hopper-expert-v2|14|1,td3,hopper-expert-v2,14.0,1,1000000,65e59704f68ecd2db1f4043fb3e1efc13fdf3687c51c06adcdd3edd7f13afe5e,14035479bab75ed4d20d49e8d49d09b75d0f5a402bfe8e9ac88a0ca39a6849a1,81c0e510f069340fa7ffa696a75697d36e0a8a7534d2320d1232bca78551576e,01aa219a5f8eea5e639eccdc636ec2bf40e317159a95cf4bf6e985f16909941b,ecf8f2f7d4058e9aaace2dd899fc538f21a730aec9d86b61e11df650d7839596,0660dc3dea44deec1245ce21a644b593d9dfdffe0a4468a4d5691fb6a63e4e5a,4a10c2ee1230846ca50db3f817bf3c6b85b2aac67e43821fb100047af87d5f03,1.819903610444258,collapsed,4096,3,1.0315297093249511,1.0322041811153104,0.04478583946555261,0.9645916378162808,1.000653855903773,0.9091796875,0.9088541666666666,0.4830729166666667,0.10970052083333333,True,raw/hopper-expert-v2/hopper-expert-v2_tau14_seed1.npz,5329011489ee2974218c1c9c4e3e82a1cf3a0d93e7253a0c44b29e90ff86b60d
p3|hopper-expert-v2|14|1,p3,hopper-expert-v2,14.0,1,1000000,7188b849c9305b97405e24f8a5e7fd9826de10c9136d59ae4aa2f38c6b7c164e,f47ee69cb3bb39cbd5644d9289a2cdb9b8b5f26f6b5c381657414938aaf2d83d,f1ba4a9ecef6785252e2c4186fae9f3a59aa845d4968964f06f1ef875380b4cb,01aa219a5f8eea5e639eccdc636ec2bf40e317159a95cf4bf6e985f16909941b,ecf8f2f7d4058e9aaace2dd899fc538f21a730aec9d86b61e11df650d7839596,0660dc3dea44deec1245ce21a644b593d9dfdffe0a4468a4d5691fb6a63e4e5a,4a10c2ee1230846ca50db3f817bf3c6b85b2aac67e43821fb100047af87d5f03,1.819903610444258,collapsed,4096,3,0.9344037558056261,1.045491286296359,0.3293138639748273,0.8748439739648887,1.1188860059696093,0.7262369791666666,0.8680826822916666,0.44384765625,0.10970052083333333,True,raw/hopper-expert-v2/hopper-expert-v2_tau14_mpi3_seed1.npz,fb085799f29e728d77fbdf0e0f822939cba590dd7c3aa5dbd8e684d1494dd626
p4|hopper-expert-v2|14|1,p4,hopper-expert-v2,14.0,1,1000000,4c7e80ee7d1f17786ad234a912be1265c45e2555fbbc5e07f27af4b9514c4cd9,cbdabb48e9e2a79134ca03e8f5f2cac61fc102a34d7427689e7ce2d1917d1624,9c2b7dab97a8eb84ae53917ef2ef43a555284a0da470ff7722f511461c866d60,01aa219a5f8eea5e639eccdc636ec2bf40e317159a95cf4bf6e985f16909941b,ecf8f2f7d4058e9aaace2dd899fc538f21a730aec9d86b61e11df650d7839596,0660dc3dea44deec1245ce21a644b593d9dfdffe0a4468a4d5691fb6a63e4e5a,4a10c2ee1230846ca50db3f817bf3c6b85b2aac67e43821fb100047af87d5f03,2.0032105937904303,collapsed,4096,3,0.3049089748397937,0.6632545455261591,0.443254350151495,0.29802154834519967,2.175254257027523,0.036865234375,0.13631184895833334,0.10636393229166667,0.10970052083333333,True,raw/hopper-expert-v2/hopper-expert-v2_tau14_mpi4_seed1.npz,884a3b06728f9ec62e74c59b2d5653b68495a854b074657eb920c3435f3a4e8e
td3|hopper-expert-v2|20|0,td3,hopper-expert-v2,20.0,0,1000000,51b22c18ea8e33de5a7d6911aa42ab3eb1d4d46371577251e2dc931ba324ac91,136c8e7d179f804cc6863a45ab47144e8072b8b2863e713c2ac65139c18202e5,148e60239ad33ae5ca3f57098cbecff91f735e5a57bba9db91285a323d7864b8,01aa219a5f8eea5e639eccdc636ec2bf40e317159a95cf4bf6e985f16909941b,ecf8f2f7d4058e9aaace2dd899fc538f21a730aec9d86b61e11df650d7839596,0660dc3dea44deec1245ce21a644b593d9dfdffe0a4468a4d5691fb6a63e4e5a,4a10c2ee1230846ca50db3f817bf3c6b85b2aac67e43821fb100047af87d5f03,1.8196078126231339,collapsed,4096,3,0.9907576891728638,0.9920740782522992,0.032107461808302026,0.9276389015076738,1.0013286690517986,0.9088541666666666,0.9090983072916666,0.478515625,0.10970052083333333,True,raw/hopper-expert-v2/hopper-expert-v2_tau20_seed0.npz,6d88d10446a6e27af0514d4f8fbea5e7f0235c02c50edd7668998650989b8cb0
p3|hopper-expert-v2|20|0,p3,hopper-expert-v2,20.0,0,1000000,1caf30588acbff4503856285473c381e86d4c9e6b6ae7fa85c00b87e947806d9,851104dfa250ef41183e377ad88147eaecbce0c5a3130c1b97b6a619443e7dd2,25f9df7566c0a4d2194a5619c0df20ff7ad3c96ed9b850c647c9738618b8037c,01aa219a5f8eea5e639eccdc636ec2bf40e317159a95cf4bf6e985f16909941b,ecf8f2f7d4058e9aaace2dd899fc538f21a730aec9d86b61e11df650d7839596,0660dc3dea44deec1245ce21a644b593d9dfdffe0a4468a4d5691fb6a63e4e5a,4a10c2ee1230846ca50db3f817bf3c6b85b2aac67e43821fb100047af87d5f03,1.8196078126231339,collapsed,4096,3,0.904097868561923,1.0030793999813687,0.30113379285453323,0.8472438932140255,1.109480991894039,0.7578125,0.8916015625,0.444091796875,0.10970052083333333,True,raw/hopper-expert-v2/hopper-expert-v2_tau20_mpi3_seed0.npz,763155d367004c96ddec68cc15785f823d533ebea1f22ff0529ec071edcd8851
p4|hopper-expert-v2|20|0,p4,hopper-expert-v2,20.0,0,1000000,e97787bee699c4e1a0fc62bcfb138625af55c2347e927868ad4a8425654ad157,0e2846829ddc5c1b3b688ef72b7633a83b6a397722e9d74c945856ec98759ca8,0c60e560dbf0edc4ab6c409f7bbf340843fe96d0bd908ed7480fd13207dbdc89,01aa219a5f8eea5e639eccdc636ec2bf40e317159a95cf4bf6e985f16909941b,ecf8f2f7d4058e9aaace2dd899fc538f21a730aec9d86b61e11df650d7839596,0660dc3dea44deec1245ce21a644b593d9dfdffe0a4468a4d5691fb6a63e4e5a,4a10c2ee1230846ca50db3f817bf3c6b85b2aac67e43821fb100047af87d5f03,0.6418571648301371,collapsed,4096,3,0.3557987183302696,0.7590118379718596,0.4875796797140912,0.34497262985579463,2.1332618665233865,0.02587890625,0.10994466145833333,0.094970703125,0.10970052083333333,True,raw/hopper-expert-v2/hopper-expert-v2_tau20_mpi4_seed0.npz,b5a13c8c7408dc82f379c3e591e1eb703ac5320d8bc6c97b9e1e790880631c08
td3|hopper-expert-v2|20|1,td3,hopper-expert-v2,20.0,1,1000000,b9f15f16503c913a84ccc5a0d9a15da68de308e41ac581191cc80f15d7cb6f97,f13d921fba56a4e36d8d1f2418e64b2bc4427a7f96463e784c5817abbf9e1d8c,7ba6e8db2cb79af4cfb0c2ccfe6573e92f122f788f2d1bea90752a47a8ea17ea,01aa219a5f8eea5e639eccdc636ec2bf40e317159a95cf4bf6e985f16909941b,ecf8f2f7d4058e9aaace2dd899fc538f21a730aec9d86b61e11df650d7839596,0660dc3dea44deec1245ce21a644b593d9dfdffe0a4468a4d5691fb6a63e4e5a,4a10c2ee1230846ca50db3f817bf3c6b85b2aac67e43821fb100047af87d5f03,1.819903610444258,collapsed,4096,3,0.9617234706515188,0.9631279484315245,0.04891171697914582,0.9024049835168395,1.0014603759010419,0.8248697916666666,0.8245442708333334,0.4493001302083333,0.10970052083333333,True,raw/hopper-expert-v2/hopper-expert-v2_tau20_seed1.npz,bbe1b1f557934c462eb646d1d210ccd1f21cb31fdd198eabae625b878b47977a
p3|hopper-expert-v2|20|1,p3,hopper-expert-v2,20.0,1,1000000,b1e6f4700abbf6d9761b3c5854812743437fffe0a10229c7a60dbcaead5e33ca,8dc0b811794e52060fba3dd9fb649e04b37a879951bef4c193cfcc4246c20d07,70911a5760160296f65ae5d98408d8ca5727e25b48aafd0aa5c2e711206b9f3c,01aa219a5f8eea5e639eccdc636ec2bf40e317159a95cf4bf6e985f16909941b,ecf8f2f7d4058e9aaace2dd899fc538f21a730aec9d86b61e11df650d7839596,0660dc3dea44deec1245ce21a644b593d9dfdffe0a4468a4d5691fb6a63e4e5a,4a10c2ee1230846ca50db3f817bf3c6b85b2aac67e43821fb100047af87d5f03,1.819903610444258,collapsed,4096,3,0.9300478887241694,1.0086950471907847,0.26345202968017656,0.8712115660409271,1.0845624826636644,0.7621256510416666,0.851318359375,0.4349772135416667,0.10970052083333333,True,raw/hopper-expert-v2/hopper-expert-v2_tau20_mpi3_seed1.npz,c1253627e6dd9ebe1f01bc5607a5ab2fccfc1fb1500a15e17a5ebacb7cc2b81d
p4|hopper-expert-v2|20|1,p4,hopper-expert-v2,20.0,1,1000000,f59312ca76c4bd09ec62e84b6ab27198ff187115dcd92c21a94d83aa6df0bba0,9e0c35a4d25ad656c8d2af6478eaf70dddce12907b7597d2f635b0e95f4ab99f,988fb29409d9900553757146c3f1a5568fe650f64c0b40305e99d967dc8f6890,01aa219a5f8eea5e639eccdc636ec2bf40e317159a95cf4bf6e985f16909941b,ecf8f2f7d4058e9aaace2dd899fc538f21a730aec9d86b61e11df650d7839596,0660dc3dea44deec1245ce21a644b593d9dfdffe0a4468a4d5691fb6a63e4e5a,4a10c2ee1230846ca50db3f817bf3c6b85b2aac67e43821fb100047af87d5f03,5.181512345393329,collapsed,4096,3,0.29214256750598294,0.6218489310946478,0.4198669274875614,0.28633491942746314,2.128580358567269,0.0,0.0004069010416666667,0.07576497395833333,0.10970052083333333,True,raw/hopper-expert-v2/hopper-expert-v2_tau20_mpi4_seed1.npz,4f53b842fc882afa4c15c3d3f2db5843edccb87630ee9770812372734906f5dd
td3|walker2d-medium-v2|4|0,td3,walker2d-medium-v2,4.0,0,1000000,df4f121e4597fc3033d0ed54aeb731eb0f3dd60c501dbfdbdbd2eab84a1c4dbf,f3e05fb4856e499a71bc91de25a7b44a4e50615497485b8dd8ea553df3893240,a80736c579bdf64d91908e118c05a4344424ca74d2a82aabc68a6523389b33d2,cf00f43add04c17fdfc2958dd581dea0851b2e5bedbe6fda073758a8f841aeda,c19bca3b126ca1d11cac37f34394895aac57ccb18940e212d1df76ecdc035c00,a5e8ec78c782631fa1dd834df4627187c98b009822c39e8d0a59baaf7f35755a,babb1b8a8d7ec533403dabb79573aa1683a30b072eb0c5ccb371cc8f5da0eece,25.654125561499203,stable,4096,6,0.30118704775541194,0.30391810487484155,0.039007795029302086,0.28984630095911307,1.0090676446407065,0.025472005208333332,0.026041666666666668,0.17325846354166666,0.177490234375,True,raw/walker2d-medium-v2/walker2d-medium-v2_tau4_seed0.npz,e298d3feaee676598b3201db3712d6abb5b9350b1a05fd90095f2c3b8eb30a61
p3|walker2d-medium-v2|4|0,p3,walker2d-medium-v2,4.0,0,1000000,306d0095e5017f362bf490f93866e87d011f7dd50d56fac3af19d750629e60ce,cd4ea73df0502e352249d7ebc9cca68ffff4addd54f3e30ca440dbb30db634f6,e809ffccb9d90538a46019c0cd695dc0cee2697f7cb4a0540ad4de73e81e20a9,cf00f43add04c17fdfc2958dd581dea0851b2e5bedbe6fda073758a8f841aeda,c19bca3b126ca1d11cac37f34394895aac57ccb18940e212d1df76ecdc035c00,a5e8ec78c782631fa1dd834df4627187c98b009822c39e8d0a59baaf7f35755a,babb1b8a8d7ec533403dabb79573aa1683a30b072eb0c5ccb371cc8f5da0eece,88.58572785825453,stable,4096,6,0.17875860401323754,0.21658947455478303,0.09838328955330915,0.17501620094467638,1.2116310470781257,0.0008544921875,0.0064697265625,0.16414388020833334,0.177490234375,True,raw/walker2d-medium-v2/walker2d-medium-v2_tau4_mpi3_seed0.npz,b50d62810ceac573ebb3625c3be2eddf989c828f6d31b29c3b7263f61289239d
p4|walker2d-medium-v2|4|0,p4,walker2d-medium-v2,4.0,0,1000000,938a797d5e0523ae05336232f5cadfe381716319520a1e5f87907fcd208f46a6,44b171c2b20d3716e17a0bde2279b3e31dc6083a6771d345fc6bb0124783708f,6319242609d24c43a324d430abc70fcf635fb9d8c9ae779741f8393cbc05eb89,cf00f43add04c17fdfc2958dd581dea0851b2e5bedbe6fda073758a8f841aeda,c19bca3b126ca1d11cac37f34394895aac57ccb18940e212d1df76ecdc035c00,a5e8ec78c782631fa1dd834df4627187c98b009822c39e8d0a59baaf7f35755a,babb1b8a8d7ec533403dabb79573aa1683a30b072eb0c5ccb371cc8f5da0eece,87.0739148260157,stable,4096,6,0.1766226568027031,0.22314611382858118,0.11378617426668568,0.17294039785402804,1.2634059404838829,0.0004475911458333333,0.0067138671875,0.16292317708333334,0.177490234375,True,raw/walker2d-medium-v2/walker2d-medium-v2_tau4_mpi4_seed0.npz,9a3fdb42393e3bb6f805463b115e63516ce4a927a4700e45680b622c40d5e737
td3|walker2d-medium-v2|4|1,td3,walker2d-medium-v2,4.0,1,1000000,b2d4a7ca8d395ed30b434332dc9f774db940026c0c9db5f7c444502f0d7966f0,be74a50f8b84ddd608cf92e651a6eed0a1ff4246533f36f93d61acd70011a523,521765ecac0c689f2d1419f79dcbdca903eee8717a3c027d6fd64a7d6a0921b4,cf00f43add04c17fdfc2958dd581dea0851b2e5bedbe6fda073758a8f841aeda,c19bca3b126ca1d11cac37f34394895aac57ccb18940e212d1df76ecdc035c00,a5e8ec78c782631fa1dd834df4627187c98b009822c39e8d0a59baaf7f35755a,babb1b8a8d7ec533403dabb79573aa1683a30b072eb0c5ccb371cc8f5da0eece,77.77659581499124,stable,4096,6,0.19560048843404707,0.1977188712521626,0.03601183782244542,0.19055437351538337,1.0108301509626842,0.0022786458333333335,0.0027262369791666665,0.1595458984375,0.177490234375,True,raw/walker2d-medium-v2/walker2d-medium-v2_tau4_seed1.npz,cde0d771381e938e4b7e8da0e7d8c9d5dfee7019c6031b6effdd8d3f80fedb65
p3|walker2d-medium-v2|4|1,p3,walker2d-medium-v2,4.0,1,1000000,663004d3ff99721ad7c2026f7b91f567fca0816a2a5e89c2ad905f4fcac18bde,e391705840e5b60ec754d92837d953e79f593bbe3dc15baf992841189170b148,f8cdbc6cc67cea0021cf5b018e5bfa36ec3da2902fb34f1c987ef9424068523d,cf00f43add04c17fdfc2958dd581dea0851b2e5bedbe6fda073758a8f841aeda,c19bca3b126ca1d11cac37f34394895aac57ccb18940e212d1df76ecdc035c00,a5e8ec78c782631fa1dd834df4627187c98b009822c39e8d0a59baaf7f35755a,babb1b8a8d7ec533403dabb79573aa1683a30b072eb0c5ccb371cc8f5da0eece,88.61981437131817,stable,4096,6,0.1779613013837354,0.218452364368176,0.1002374869429822,0.1742841350344005,1.2275273481908873,0.0009765625,0.002685546875,0.16072591145833334,0.177490234375,True,raw/walker2d-medium-v2/walker2d-medium-v2_tau4_mpi3_seed1.npz,52eb3c786cce25e5cd778918116232f5adbbe992c00269d665f3fec1aaf3d4eb
p4|walker2d-medium-v2|4|1,p4,walker2d-medium-v2,4.0,1,1000000,1f309828cdc2a947f2a686175b5f8dddf488d3d5b6cff90a9b0bba5af6d8c334,fc60b91dcca5cc352c107e43ac936ab6a57dc362b0cf464e4a80763c0e2e9b52,0ea865c8267d736aaed5488b5e20d3d9857cc5fda6173c94341cd16ab359ad3e,cf00f43add04c17fdfc2958dd581dea0851b2e5bedbe6fda073758a8f841aeda,c19bca3b126ca1d11cac37f34394895aac57ccb18940e212d1df76ecdc035c00,a5e8ec78c782631fa1dd834df4627187c98b009822c39e8d0a59baaf7f35755a,babb1b8a8d7ec533403dabb79573aa1683a30b072eb0c5ccb371cc8f5da0eece,88.84058097048883,stable,4096,6,0.17677604976313455,0.22574853546701276,0.11748964763805522,0.17320000036632668,1.2770312254940495,0.0006917317708333334,0.0038248697916666665,0.16288248697916666,0.177490234375,True,raw/walker2d-medium-v2/walker2d-medium-v2_tau4_mpi4_seed1.npz,e67bc288ae381f48dba09ecd067ff40b45300a89686f41e1fc605c9a7ca13428
td3|walker2d-medium-v2|7|0,td3,walker2d-medium-v2,7.0,0,1000000,80257596fe677416b8eb5aa54853e93d3633fa6265e755f21d82c1eb25fba876,0c2ada15b2c18a326b8c611fdbf59ac063c20d998081d834c76998cafb3a2fa9,09adb9fcd986d6e80e46923842a19f434b304d15740c84bf4fc3907582edc832,cf00f43add04c17fdfc2958dd581dea0851b2e5bedbe6fda073758a8f841aeda,c19bca3b126ca1d11cac37f34394895aac57ccb18940e212d1df76ecdc035c00,a5e8ec78c782631fa1dd834df4627187c98b009822c39e8d0a59baaf7f35755a,babb1b8a8d7ec533403dabb79573aa1683a30b072eb0c5ccb371cc8f5da0eece,2.3018707417014848,collapsed,4096,6,0.8578395667039049,0.85811390334316,0.02953870728853937,0.8010946828616916,1.0003197994705573,0.9637858072916666,0.9638264973958334,0.4944661458333333,0.177490234375,True,raw/walker2d-medium-v2/walker2d-medium-v2_tau7_seed0.npz,6362660ba98ee69f547fcbb5023bf6b78a14487b3aec05785846db1905071fce
p3|walker2d-medium-v2|7|0,p3,walker2d-medium-v2,7.0,0,1000000,58fc87a3648fe855f9caf451747982c31ac7953e531d01d608b043299b4f87ef,8eb0e3cb4977777a7d47e5ad121d59d44a07aa816a75161fbff2b68c86018caf,6575709cea3aa0f23ae6dd3f2dcb022195a7439131c1c1f84aa181609758192e,cf00f43add04c17fdfc2958dd581dea0851b2e5bedbe6fda073758a8f841aeda,c19bca3b126ca1d11cac37f34394895aac57ccb18940e212d1df76ecdc035c00,a5e8ec78c782631fa1dd834df4627187c98b009822c39e8d0a59baaf7f35755a,babb1b8a8d7ec533403dabb79573aa1683a30b072eb0c5ccb371cc8f5da0eece,2.6645061421315965,collapsed,4096,6,0.6820336671816359,0.7915566877160561,0.214910911161503,0.6414179289006384,1.1605830119603942,0.6243489583333334,0.8805745442708334,0.42138671875,0.177490234375,True,raw/walker2d-medium-v2/walker2d-medium-v2_tau7_mpi3_seed0.npz,4d7006bba9e544f7aa7c9720dcf914fa80a5a050f721ad64c2b173ca44068f1a
p4|walker2d-medium-v2|7|0,p4,walker2d-medium-v2,7.0,0,1000000,02926c6889fbed499b0a28cc3e53aa46dc242f342b7af0eab8e3d7480831e93c,969c795140962ee949cf2021203f845274a48f6ec23e23d9452a90291101538f,9149c809b9eec13aa9c9fd028ab3bb770b724be52ff8e7fe1a2088e34305ffdb,cf00f43add04c17fdfc2958dd581dea0851b2e5bedbe6fda073758a8f841aeda,c19bca3b126ca1d11cac37f34394895aac57ccb18940e212d1df76ecdc035c00,a5e8ec78c782631fa1dd834df4627187c98b009822c39e8d0a59baaf7f35755a,babb1b8a8d7ec533403dabb79573aa1683a30b072eb0c5ccb371cc8f5da0eece,91.85350259071976,stable,4096,6,0.18084497985960188,0.25493941739070236,0.14739609420209973,0.17693409880352787,1.4097124376282015,0.0009765625,0.004313151041666667,0.16162109375,0.177490234375,True,raw/walker2d-medium-v2/walker2d-medium-v2_tau7_mpi4_seed0.npz,6971a087379e74ab8993be8861d1ace6dbfc1c902df46776f62e1a01e45330db
td3|walker2d-medium-v2|7|1,td3,walker2d-medium-v2,7.0,1,1000000,39287e93d3ef6e41165e5d7bf0c03afd50bce3ccecfa4ce702b3e129e84c3e42,cfd8c80b7693cf3ced25bfdf85357f60569260f18e4cf9f2fabab2f90d27698c,65cc101827cef517ea4e5000b72f5a3fad7385d3ed5bca4cc5ab8d36dba381bc,cf00f43add04c17fdfc2958dd581dea0851b2e5bedbe6fda073758a8f841aeda,c19bca3b126ca1d11cac37f34394895aac57ccb18940e212d1df76ecdc035c00,a5e8ec78c782631fa1dd834df4627187c98b009822c39e8d0a59baaf7f35755a,babb1b8a8d7ec533403dabb79573aa1683a30b072eb0c5ccb371cc8f5da0eece,-0.1827868917965383,collapsed,4096,6,0.39154279169361933,0.3943353230983554,0.045915250933342054,0.37767535698079874,1.0071321231394836,0.028483072916666668,0.029296875,0.17496744791666666,0.177490234375,True,raw/walker2d-medium-v2/walker2d-medium-v2_tau7_seed1.npz,2984e0d88ffa441576552e80e351c5bc056dd814b996239cdca8e82f701952ee
p3|walker2d-medium-v2|7|1,p3,walker2d-medium-v2,7.0,1,1000000,c5c297ba81b9841384e0a4f03549a0b03537c6437c796fac2e23151eeb89c2e1,46a5b55ee74ee79b40aa1501dcb1b77743e19de4f6fcf9603c29d49fe37249be,6a562e9e52059fa0c1d742f5368cebcd885b44bcf5a6f08a8d5fcd803b593c6e,cf00f43add04c17fdfc2958dd581dea0851b2e5bedbe6fda073758a8f841aeda,c19bca3b126ca1d11cac37f34394895aac57ccb18940e212d1df76ecdc035c00,a5e8ec78c782631fa1dd834df4627187c98b009822c39e8d0a59baaf7f35755a,babb1b8a8d7ec533403dabb79573aa1683a30b072eb0c5ccb371cc8f5da0eece,89.09892545660095,stable,4096,6,0.18361410583384488,0.24704995284249195,0.1293085420229671,0.17937540872019778,1.345484605992369,0.0022786458333333335,0.004801432291666667,0.1566162109375,0.177490234375,True,raw/walker2d-medium-v2/walker2d-medium-v2_tau7_mpi3_seed1.npz,09eb4505af0cd7991cc55f91362d8664883500e00a19ceb7424b7409029769ce
p4|walker2d-medium-v2|7|1,p4,walker2d-medium-v2,7.0,1,1000000,56e9b25fe203c609e8cad5013a8304d2519ef1b2464a0a889a91749579f6df2e,9b1bd9cc948ed7a6751a9b1d120a7ef6ee1686dc565001961b19ed33203f5c17,b885dec56ef0ef49c81814db5f6ca24644d757ae07f59fc7306830a3657c6f7b,cf00f43add04c17fdfc2958dd581dea0851b2e5bedbe6fda073758a8f841aeda,c19bca3b126ca1d11cac37f34394895aac57ccb18940e212d1df76ecdc035c00,a5e8ec78c782631fa1dd834df4627187c98b009822c39e8d0a59baaf7f35755a,babb1b8a8d7ec533403dabb79573aa1683a30b072eb0c5ccb371cc8f5da0eece,91.43537707667502,stable,4096,6,0.18064331787472196,0.2549980952838351,0.14746451390363471,0.17674028931953534,1.4116110038494696,0.0006510416666666666,0.005574544270833333,0.16166178385416666,0.177490234375,True,raw/walker2d-medium-v2/walker2d-medium-v2_tau7_mpi4_seed1.npz,3546b807210833d11c2f54898a7327fb24fc2cb215da9daa9a064fbed8783a65
td3|walker2d-medium-v2|10|0,td3,walker2d-medium-v2,10.0,0,1000000,77a0839988194b67f6fc77fc8fa2ca1c34d3987bb93328072215037774b5ee1d,041eed690328bd30f6a12ee7d12ef73cf3510d4eed9435419ddcc06a581326a8,3cb99226fb5121abfbd4ae31e0eda88d9344b0668e65324d14f64143dae8f247,cf00f43add04c17fdfc2958dd581dea0851b2e5bedbe6fda073758a8f841aeda,c19bca3b126ca1d11cac37f34394895aac57ccb18940e212d1df76ecdc035c00,a5e8ec78c782631fa1dd834df4627187c98b009822c39e8d0a59baaf7f35755a,babb1b8a8d7ec533403dabb79573aa1683a30b072eb0c5ccb371cc8f5da0eece,2.3018707417014848,collapsed,4096,6,0.8959843502526006,0.8949430431653143,0.055954413353559405,0.8368753468170591,0.9988378066123669,0.9831949869791666,0.9833984375,0.50048828125,0.177490234375,True,raw/walker2d-medium-v2/walker2d-medium-v2_tau10_seed0.npz,8e9ce72aaacc2041133009f221789572a8e6955a412aec353fa0cb29ce52b7c1
p3|walker2d-medium-v2|10|0,p3,walker2d-medium-v2,10.0,0,1000000,8fe1a2806571e1996e6506aff75109f9a90078c0b7740a58fde40f36cb8ba8cb,753448f297b1d03b58622c6f3f8027d0f24d5e1a1f36046e1b62d352190e3596,9cfecc9182697ea82a1124d43664b99e3d23a74073ceaa8658ef1170b124db73,cf00f43add04c17fdfc2958dd581dea0851b2e5bedbe6fda073758a8f841aeda,c19bca3b126ca1d11cac37f34394895aac57ccb18940e212d1df76ecdc035c00,a5e8ec78c782631fa1dd834df4627187c98b009822c39e8d0a59baaf7f35755a,babb1b8a8d7ec533403dabb79573aa1683a30b072eb0c5ccb371cc8f5da0eece,0.034225871467166394,collapsed,4096,6,0.3091246881820336,0.6342850421663191,0.4043386834587934,0.29806184608611674,2.0518744261306265,0.014851888020833334,0.0235595703125,0.15535481770833334,0.177490234375,True,raw/walker2d-medium-v2/walker2d-medium-v2_tau10_mpi3_seed0.npz,837cf9189fd62261cc455b9c7a3edcd458d31c6c10f579dcd2d1a2ece3b9ecaa
p4|walker2d-medium-v2|10|0,p4,walker2d-medium-v2,10.0,0,1000000,f4b0ef889350d3416de6caab4fc59c1e1ed3bb8b78dd16a9441fcd6f9dc164f1,b8090e45160ea1405a8c84d775967cd8ab9b05183d7f24ae7cf2414814c54823,6951964a7a45d2a3769d716c3758ce569a04c0a198d9837dfae88e43473545ac,cf00f43add04c17fdfc2958dd581dea0851b2e5bedbe6fda073758a8f841aeda,c19bca3b126ca1d11cac37f34394895aac57ccb18940e212d1df76ecdc035c00,a5e8ec78c782631fa1dd834df4627187c98b009822c39e8d0a59baaf7f35755a,babb1b8a8d7ec533403dabb79573aa1683a30b072eb0c5ccb371cc8f5da0eece,2.301870741924962,collapsed,4096,6,0.7079722047766059,0.898447585703576,0.3637506636775612,0.6648597532820801,1.2690435862338307,0.717041015625,0.9610188802083334,0.4273681640625,0.177490234375,True,raw/walker2d-medium-v2/walker2d-medium-v2_tau10_mpi4_seed0.npz,13fd44fbcb7757ebbd18e0150949be388102faffd06714708a03e22e998a1668
td3|walker2d-medium-v2|10|1,td3,walker2d-medium-v2,10.0,1,1000000,7c01f9270e0c163c8e8661ecad59c23b10cb9788a203ac238d2e96de685d0fcf,e0e7669d9123908d2ea5f7032edf83708eaeac4a070f0a668f4e592e09e0170f,c72b131100ff96e010864bf1f567e51cb170970cd11820b9fe10143acd8c5668,cf00f43add04c17fdfc2958dd581dea0851b2e5bedbe6fda073758a8f841aeda,c19bca3b126ca1d11cac37f34394895aac57ccb18940e212d1df76ecdc035c00,a5e8ec78c782631fa1dd834df4627187c98b009822c39e8d0a59baaf7f35755a,babb1b8a8d7ec533403dabb79573aa1683a30b072eb0c5ccb371cc8f5da0eece,2.368422904146782,collapsed,4096,6,0.8957256151618646,0.8933468962816175,0.062101870918198805,0.8361166483187769,0.9973443665783553,0.9980875651041666,0.9978434244791666,0.503173828125,0.177490234375,True,raw/walker2d-medium-v2/walker2d-medium-v2_tau10_seed1.npz,46e65dfbce16891fe3ba42552919294f19e61b10478dce10ff190bca76ffdcb1
p3|walker2d-medium-v2|10|1,p3,walker2d-medium-v2,10.0,1,1000000,c8ed19a4d3bbc010bead44e374aa255dd32ca9a04968b66a4a2485b876a637b7,9340fafd5430ad8b0197d5e98bab787b08efe3024306c551073760e6402d37b3,a5573c5eabf125d66ac9641698334da9872fad0a02184ae94d38eefd7f7a465f,cf00f43add04c17fdfc2958dd581dea0851b2e5bedbe6fda073758a8f841aeda,c19bca3b126ca1d11cac37f34394895aac57ccb18940e212d1df76ecdc035c00,a5e8ec78c782631fa1dd834df4627187c98b009822c39e8d0a59baaf7f35755a,babb1b8a8d7ec533403dabb79573aa1683a30b072eb0c5ccb371cc8f5da0eece,98.86776586822145,stable,4096,6,0.188998992131087,0.276318182720011,0.1526559966190162,0.18436646257320283,1.462008763138592,0.007283528645833333,0.005045572916666667,0.15824381510416666,0.177490234375,True,raw/walker2d-medium-v2/walker2d-medium-v2_tau10_mpi3_seed1.npz,e1a7d17f9b0b6b639f4f09d5441e678bbcb5611a746b59c5fc8acd9bac678adf
p4|walker2d-medium-v2|10|1,p4,walker2d-medium-v2,10.0,1,1000000,de14e2606d1ea60db779cd753ba2ca045f184de751ed99cc9488f10681899c4d,101c35e534b964842031fe3ac1af56ce3647f6114e201b94aca07211a80309c1,2c3eb1510dbf9e3904662f3092c563318f67c5d2f023b9cd5e9e5fb800aaf31d,cf00f43add04c17fdfc2958dd581dea0851b2e5bedbe6fda073758a8f841aeda,c19bca3b126ca1d11cac37f34394895aac57ccb18940e212d1df76ecdc035c00,a5e8ec78c782631fa1dd834df4627187c98b009822c39e8d0a59baaf7f35755a,babb1b8a8d7ec533403dabb79573aa1683a30b072eb0c5ccb371cc8f5da0eece,91.79196302554115,stable,4096,6,0.18398075311807444,0.2803020612214966,0.1703195777502993,0.17968599946708771,1.523540133796525,0.004720052083333333,0.0038655598958333335,0.16215006510416666,0.177490234375,True,raw/walker2d-medium-v2/walker2d-medium-v2_tau10_mpi4_seed1.npz,595a04a8358c52546fee07aa543189be7296493688460d5fee461a81db3877fa
td3|walker2d-medium-v2|14|0,td3,walker2d-medium-v2,14.0,0,1000000,7e85805827eafea532d13f1f30a1e604fae1fa043f28cda76b7652553cfd3f37,3810a682b6f6f52e18a08db35c18a8ba912d1eb59a0748ff04c3e92d5b0c1aa7,084b3c4c6364a3f0fff0cbec5fcfe23e71f9349a913f480d559207f6819592b8,cf00f43add04c17fdfc2958dd581dea0851b2e5bedbe6fda073758a8f841aeda,c19bca3b126ca1d11cac37f34394895aac57ccb18940e212d1df76ecdc035c00,a5e8ec78c782631fa1dd834df4627187c98b009822c39e8d0a59baaf7f35755a,babb1b8a8d7ec533403dabb79573aa1683a30b072eb0c5ccb371cc8f5da0eece,2.3018707417014848,collapsed,4096,6,0.902008928842977,0.9027246426339556,0.05726919086041266,0.8422220736248823,1.0007934664149019,0.9882405598958334,0.9881998697916666,0.5011800130208334,0.177490234375,True,raw/walker2d-medium-v2/walker2d-medium-v2_tau14_seed0.npz,63b353bc5a87d9953613f1f8da04f04e845cf1bc1b2a32cd5027d34765477de8
p3|walker2d-medium-v2|14|0,p3,walker2d-medium-v2,14.0,0,1000000,5d94c5c8b8d5148c2ab68bf0d52aaefedae7ca82d3d0bb9b81e7f1ec539d18f9,d95e704ae3d29129c103cd66cae9f9d241c0ec685ac5cad1fdb28a5cc87a712f,674408afbf185f94e8b40935f1e85529635a33533385dec1026a308775a9b658,cf00f43add04c17fdfc2958dd581dea0851b2e5bedbe6fda073758a8f841aeda,c19bca3b126ca1d11cac37f34394895aac57ccb18940e212d1df76ecdc035c00,a5e8ec78c782631fa1dd834df4627187c98b009822c39e8d0a59baaf7f35755a,babb1b8a8d7ec533403dabb79573aa1683a30b072eb0c5ccb371cc8f5da0eece,2.3018707417014848,collapsed,4096,6,0.7992665656891429,0.8928091744157436,0.22556417836188272,0.7494656174563409,1.117035558275788,0.8719482421875,0.9888916015625,0.4640299479166667,0.177490234375,True,raw/walker2d-medium-v2/walker2d-medium-v2_tau14_mpi3_seed0.npz,39bea52f51204c0180c86d7b6d2169cd27c3f736a672965bacf1bbf2a0985ce8
p4|walker2d-medium-v2|14|0,p4,walker2d-medium-v2,14.0,0,1000000,97af4a316fb1cfe2a9f19134b8002a94238ab94361e18055e8ac6655072e0230,69ba70ce4549df9f6940eb08997c455070475ff2ca53b677e0f7b3146d3a4937,7b5475d039ace7b3ea0a8acff8c0bbfbb003095f7c320762e0f13b3f91862606,cf00f43add04c17fdfc2958dd581dea0851b2e5bedbe6fda073758a8f841aeda,c19bca3b126ca1d11cac37f34394895aac57ccb18940e212d1df76ecdc035c00,a5e8ec78c782631fa1dd834df4627187c98b009822c39e8d0a59baaf7f35755a,babb1b8a8d7ec533403dabb79573aa1683a30b072eb0c5ccb371cc8f5da0eece,2.301870741924962,collapsed,4096,6,0.7509149074389742,0.8882027263546207,0.30517771163724683,0.7036768096083358,1.1828273983584534,0.8428955078125,0.9912516276041666,0.4510091145833333,0.177490234375,True,raw/walker2d-medium-v2/walker2d-medium-v2_tau14_mpi4_seed0.npz,d505f7a512b788e376c0cbefd01ea0290d884eaa2377231a2ebe443e71e74c08
td3|walker2d-medium-v2|14|1,td3,walker2d-medium-v2,14.0,1,1000000,cf1ae556fb3a9f3da6f4fd8fe469971fb7222b7f0f5d14c706ff40994a1214d6,b616b40d0a67851f12c58ef295b527694c9321036a5e53b2ab6614638b9f9563,0ed53da1be603979d4e94c54e59f836a756fcaa1bfabe161531ffd34e4769d05,cf00f43add04c17fdfc2958dd581dea0851b2e5bedbe6fda073758a8f841aeda,c19bca3b126ca1d11cac37f34394895aac57ccb18940e212d1df76ecdc035c00,a5e8ec78c782631fa1dd834df4627187c98b009822c39e8d0a59baaf7f35755a,babb1b8a8d7ec533403dabb79573aa1683a30b072eb0c5ccb371cc8f5da0eece,20.154695449832882,stable,4096,6,0.48113211640784315,0.4792172399645286,0.03403343449592379,0.4614335485477553,0.996020061064285,0.09126790364583333,0.090576171875,0.18001302083333334,0.177490234375,True,raw/walker2d-medium-v2/walker2d-medium-v2_tau14_seed1.npz,1cc7de0b0189d862369108d83e746e4ca1b5a62b60023e8e7fe1c296038c2ad2
p3|walker2d-medium-v2|14|1,p3,walker2d-medium-v2,14.0,1,1000000,796b43221ec61c694206690b8ccbb4083e9690d7aaad9edf1cbecc12ef020eb3,cb33bdd355b702ce550badea957b9970a648c1d5b32aa25fc5524b6ca3fe3f0e,79326d963bea8324d9250f48e0fed47bf83a5c25235ff6992107dc763808bde0,cf00f43add04c17fdfc2958dd581dea0851b2e5bedbe6fda073758a8f841aeda,c19bca3b126ca1d11cac37f34394895aac57ccb18940e212d1df76ecdc035c00,a5e8ec78c782631fa1dd834df4627187c98b009822c39e8d0a59baaf7f35755a,babb1b8a8d7ec533403dabb79573aa1683a30b072eb0c5ccb371cc8f5da0eece,2.368422904146782,collapsed,4096,6,0.8351179656045566,0.8920386146762772,0.17569141457113907,0.7823814203172813,1.0681588127858257,0.9149169921875,0.9903564453125,0.4785970052083333,0.177490234375,True,raw/walker2d-medium-v2/walker2d-medium-v2_tau14_mpi3_seed1.npz,e48d00d9f789366e8f6d70453c7ffcc9c23408869476c3bc487a36d68d85260e
p4|walker2d-medium-v2|14|1,p4,walker2d-medium-v2,14.0,1,1000000,a2ae4c067762b301be5f36797db4071f2f4415ace741d8f9e7dbf76ad71f115a,e1ab8ec8348641437e42464303567020f5ea1d8555ed98c9eaab468c5b6e5021,6b5dbe3d6bc3d0f618ce695d6fb04fd30f2d3b0ae8150daed17aeafa238d997e,cf00f43add04c17fdfc2958dd581dea0851b2e5bedbe6fda073758a8f841aeda,c19bca3b126ca1d11cac37f34394895aac57ccb18940e212d1df76ecdc035c00,a5e8ec78c782631fa1dd834df4627187c98b009822c39e8d0a59baaf7f35755a,babb1b8a8d7ec533403dabb79573aa1683a30b072eb0c5ccb371cc8f5da0eece,97.63705693391333,stable,4096,6,0.19088911738539346,0.3114872663169213,0.19659190267096688,0.18613392829728143,1.6317706875245672,0.003987630208333333,0.0029703776041666665,0.1572265625,0.177490234375,True,raw/walker2d-medium-v2/walker2d-medium-v2_tau14_mpi4_seed1.npz,76dcd230135251dd051b7a72204b0e65578930ef600ac081b89c6ece3ca2d8e6
td3|walker2d-medium-v2|20|0,td3,walker2d-medium-v2,20.0,0,1000000,9ac75e4175097de619391060eb5082d798fd65ef25fed00ccb3f6bada8e5988f,b4a4f9eb85d1831b5500718c086b0734f01f63474d5d172c8326256652a896da,486130a58f4af83210a298d373f5ca3dde1f3f18019c35725a14f0a60db0d427,cf00f43add04c17fdfc2958dd581dea0851b2e5bedbe6fda073758a8f841aeda,c19bca3b126ca1d11cac37f34394895aac57ccb18940e212d1df76ecdc035c00,a5e8ec78c782631fa1dd834df4627187c98b009822c39e8d0a59baaf7f35755a,babb1b8a8d7ec533403dabb79573aa1683a30b072eb0c5ccb371cc8f5da0eece,-0.25841997559662105,collapsed,4096,6,0.7917999525738629,0.7916318340382995,0.014111928329398215,0.7395857818646459,0.999787675491749,0.871826171875,0.87548828125,0.4765625,0.177490234375,True,raw/walker2d-medium-v2/walker2d-medium-v2_tau20_seed0.npz,763c6171fe8640bd718735e9577ee64e70cb14c3b4c46215bc46c3cce2511e34
p3|walker2d-medium-v2|20|0,p3,walker2d-medium-v2,20.0,0,1000000,4cf1b5dfa39499ebc64bb74fec2e538bd051affcbbe8b14a561a0ac76d8cf782,e7619103cd1f4c7c167e1bbf26b45d78963833792a689b7ee4acdda7bcc5ee66,f2985fec00a5409994e103089a1eeb6139566c3ac2b964694f4767643a015ea4,cf00f43add04c17fdfc2958dd581dea0851b2e5bedbe6fda073758a8f841aeda,c19bca3b126ca1d11cac37f34394895aac57ccb18940e212d1df76ecdc035c00,a5e8ec78c782631fa1dd834df4627187c98b009822c39e8d0a59baaf7f35755a,babb1b8a8d7ec533403dabb79573aa1683a30b072eb0c5ccb371cc8f5da0eece,2.3018707417014848,collapsed,4096,6,0.8422597428599555,0.8827771624640596,0.16978914321934732,0.7880654554777619,1.048105611063072,0.9168294270833334,0.9934488932291666,0.4835205078125,0.177490234375,True,raw/walker2d-medium-v2/walker2d-medium-v2_tau20_mpi3_seed0.npz,71a54407b9b890a707c5b193b60ebc2fc701fac5de06082d5c89a354c89e0b9c
p4|walker2d-medium-v2|20|0,p4,walker2d-medium-v2,20.0,0,1000000,6afcce90cb8bbcf963876013da788714096f4e5c896d36e68fee793e3c19ff48,20dcded77d5e01fe0fcf11b56a6a61b0e8aff2377dc48ea77989a417f354ddc0,7f0fb3d43d684e1e37471a12e4fdaa492a4fb151605882ccfa05e86a75e1189f,cf00f43add04c17fdfc2958dd581dea0851b2e5bedbe6fda073758a8f841aeda,c19bca3b126ca1d11cac37f34394895aac57ccb18940e212d1df76ecdc035c00,a5e8ec78c782631fa1dd834df4627187c98b009822c39e8d0a59baaf7f35755a,babb1b8a8d7ec533403dabb79573aa1683a30b072eb0c5ccb371cc8f5da0eece,2.301870741924962,collapsed,4096,6,0.8507012097498557,0.8984560899019384,0.18424759099604535,0.7955764438902632,1.0561359024822883,0.9387613932291666,0.9947509765625,0.4849446614583333,0.177490234375,True,raw/walker2d-medium-v2/walker2d-medium-v2_tau20_mpi4_seed0.npz,5c658ce1bcaa8fd925c100bfd76157dcb5f35203f2abec204f41ad48d01e3163
td3|walker2d-medium-v2|20|1,td3,walker2d-medium-v2,20.0,1,1000000,d23ab478313fa57238fad69d31f6186b2e9d6c5b5c90d7cb20fee02dabacd0a3,63da96fd23b5f51e48eb5f6d3094c402a04db34f880c15e5ed54912ac15da98b,4c8c21ca6d89a4c455ab4d3f54d5e07c25ec142380043fb6c563b0d82355e871,cf00f43add04c17fdfc2958dd581dea0851b2e5bedbe6fda073758a8f841aeda,c19bca3b126ca1d11cac37f34394895aac57ccb18940e212d1df76ecdc035c00,a5e8ec78c782631fa1dd834df4627187c98b009822c39e8d0a59baaf7f35755a,babb1b8a8d7ec533403dabb79573aa1683a30b072eb0c5ccb371cc8f5da0eece,2.368422904146782,collapsed,4096,6,0.9106917168214861,0.9094009625909377,0.05142633721783063,0.8501559885017178,0.9985826661133437,0.999267578125,0.9991455078125,0.5024820963541666,0.177490234375,True,raw/walker2d-medium-v2/walker2d-medium-v2_tau20_seed1.npz,3872e0f5d73208dd10457215daccd0b522f2f75d9fe4c298b303460e68094fa0
p3|walker2d-medium-v2|20|1,p3,walker2d-medium-v2,20.0,1,1000000,0c61ae54052c66b7b2a92f232c02d93abe7633eb53eabcd84674618c01225622,6883b8c7660178900e0468d37d0d8c509e62ea8713613e1da1c33a53aacb9cb5,780a86e97ccacd903bf863852193dc081ba5a6d659fcb8b5dec6e8f2df19f52c,cf00f43add04c17fdfc2958dd581dea0851b2e5bedbe6fda073758a8f841aeda,c19bca3b126ca1d11cac37f34394895aac57ccb18940e212d1df76ecdc035c00,a5e8ec78c782631fa1dd834df4627187c98b009822c39e8d0a59baaf7f35755a,babb1b8a8d7ec533403dabb79573aa1683a30b072eb0c5ccb371cc8f5da0eece,2.368422904146782,collapsed,4096,6,0.8228525982188958,0.8800215568070249,0.201425446250861,0.7695849708678882,1.0694765486696816,0.919677734375,0.9923095703125,0.4790852864583333,0.177490234375,True,raw/walker2d-medium-v2/walker2d-medium-v2_tau20_mpi3_seed1.npz,fb518d709569486589cce65ab015907dac0279f8ea2db8b71bf9a5b664b14b7d
p4|walker2d-medium-v2|20|1,p4,walker2d-medium-v2,20.0,1,1000000,b71f0c609bc20212ba9cf3bb88b432fbb004b235afeedfa55107e71cb37309f4,5a246f09f2383cf62b209cd984b035429764bebb03550d9f5df5993c24270880,6b0d8290a216d497591c710ed1228834af5e4eb3375b61ab198017a5a9516b72,cf00f43add04c17fdfc2958dd581dea0851b2e5bedbe6fda073758a8f841aeda,c19bca3b126ca1d11cac37f34394895aac57ccb18940e212d1df76ecdc035c00,a5e8ec78c782631fa1dd834df4627187c98b009822c39e8d0a59baaf7f35755a,babb1b8a8d7ec533403dabb79573aa1683a30b072eb0c5ccb371cc8f5da0eece,8.965961703141268,collapsed,4096,6,0.20700589137461292,0.4211665572387959,0.2991764774184095,0.20173657393952402,2.0345631442760355,0.009928385416666666,0.014444986979166666,0.1590576171875,0.177490234375,True,raw/walker2d-medium-v2/walker2d-medium-v2_tau20_mpi4_seed1.npz,2c4282dde4dc22ab632d8194f59e7218d6237d85ef51a324a38f27b415401020
td3|walker2d-medium-replay-v2|4|0,td3,walker2d-medium-replay-v2,4.0,0,1000000,60f1a96530790c0d855d39978f970c1af3d2d7f1462bfc1147ecb2e9cc530394,eefd6b75a8d402914d56fda2d094e15dce60b3b95aad2793419a665e232985c4,25dae4e89d64248e5f1e131b22129e11c879642e19dd79eb1b039ac6a8d1b456,e75de96a4f77acf7d4e0d6fdf0d7ccb177c26c44bb4388e4fd99f543ccfa18db,986e7d092e77d2e1d40b263c229617bfbdf48cb46a907ac4ba7e8daa231ea1ea,2c9e9ef62cd41426d6940b2a3965fc6daf2c1c16472141ee89ae54d1c617ef1c,9dfa4bc155dcee7c59e6444f09723f9a3bf07555990a568e5e09db0bd7648ce1,39.94507449920707,stable,4096,6,0.36983500406601794,0.3732252165820125,0.06465707956904328,0.35930133511114043,1.009166824337129,4.0690104166666664e-05,4.0690104166666664e-05,0.11771647135416667,0.16743977864583334,True,raw/walker2d-medium-replay-v2/walker2d-medium-replay-v2_tau4_seed0.npz,f33ccd3671e8fd57122a1ebc19fb16d7bec93c9b0959018d75e0b68e436e86a1
p3|walker2d-medium-replay-v2|4|0,p3,walker2d-medium-replay-v2,4.0,0,1000000,86b5f86f28a5a8244abf01e919a6762b97d573625d746270c2eae5c7bc2bb0c5,21965dddf0e4cc01b1948d40c1cd6d6477a193217b2c078d789d5c5e7c3ae896,31d1367f3a7dfd682f77f0a24f1f382c4c899cbfcb53e62a41e62ba7d7e2f9d2,e75de96a4f77acf7d4e0d6fdf0d7ccb177c26c44bb4388e4fd99f543ccfa18db,986e7d092e77d2e1d40b263c229617bfbdf48cb46a907ac4ba7e8daa231ea1ea,2c9e9ef62cd41426d6940b2a3965fc6daf2c1c16472141ee89ae54d1c617ef1c,9dfa4bc155dcee7c59e6444f09723f9a3bf07555990a568e5e09db0bd7648ce1,91.16519418821781,stable,4096,6,0.3252996001789998,0.4287440981841159,0.22695170841662887,0.31588994421386385,1.3179976180364028,0.00020345052083333334,0.005533854166666667,0.12056477864583333,0.16743977864583334,True,raw/walker2d-medium-replay-v2/walker2d-medium-replay-v2_tau4_mpi3_seed0.npz,a5541b0c92e5ba673ff27df5917d6fef70a3c4a9328184d8dcf8b406dce80989
p4|walker2d-medium-replay-v2|4|0,p4,walker2d-medium-replay-v2,4.0,0,1000000,2f07259e3d23c464a00236838f90b9678ebbcd1b8eaaef4f4731070750dcf81c,d1281b19ea6574e83ec8c95acf7e7762850368292956614209a189516094d27c,47615fc39714d5e191ac517022e064b0dcff0e12e0df54fe740413a5dea6ac1b,e75de96a4f77acf7d4e0d6fdf0d7ccb177c26c44bb4388e4fd99f543ccfa18db,986e7d092e77d2e1d40b263c229617bfbdf48cb46a907ac4ba7e8daa231ea1ea,2c9e9ef62cd41426d6940b2a3965fc6daf2c1c16472141ee89ae54d1c617ef1c,9dfa4bc155dcee7c59e6444f09723f9a3bf07555990a568e5e09db0bd7648ce1,86.86385265459447,stable,4096,6,0.3219398337621791,0.448463639638415,0.25758366079536993,0.31282869388494566,1.3930045076984807,0.0,0.0019938151041666665,0.12150065104166667,0.16743977864583334,True,raw/walker2d-medium-replay-v2/walker2d-medium-replay-v2_tau4_mpi4_seed0.npz,54cb0ef0aa4c3e153f1f042d96cec4b4d21a8524640dc1f324481a8bffc15fb1
td3|walker2d-medium-replay-v2|4|1,td3,walker2d-medium-replay-v2,4.0,1,1000000,56f79e8ff194d7835db7143ffa8f5443cc8061fa1385a2e4727a3f54bcf0ad0a,2cfdab8ba9b3fffa7bdda1d9d8225dd0ce2daea57c2d2398fffad1487eb4f8da,387b7d3d1ca5556112c3892eb0f96ac16bbafd11f600d6978761da0f48808c3a,e75de96a4f77acf7d4e0d6fdf0d7ccb177c26c44bb4388e4fd99f543ccfa18db,986e7d092e77d2e1d40b263c229617bfbdf48cb46a907ac4ba7e8daa231ea1ea,2c9e9ef62cd41426d6940b2a3965fc6daf2c1c16472141ee89ae54d1c617ef1c,9dfa4bc155dcee7c59e6444f09723f9a3bf07555990a568e5e09db0bd7648ce1,83.94208471227394,stable,4096,6,0.3641676990955477,0.36888072996628735,0.05759964686297155,0.3535472164389266,1.0129419245101776,0.0001220703125,0.0001220703125,0.12288411458333333,0.16743977864583334,True,raw/walker2d-medium-replay-v2/walker2d-medium-replay-v2_tau4_seed1.npz,7014bd01b60a7e710db59fe987ece43be937f176603cbfea202a87f7aee43eb5
p3|walker2d-medium-replay-v2|4|1,p3,walker2d-medium-replay-v2,4.0,1,1000000,dd6ee304ef47a3a2f5e023df9f7f2b0e8e6680ec16dccdf644289a2cc3248a2e,9392f80eb81c3cc6fc31a3e42b88c728639bbfd1b662896eaab2bff0aa68f6ca,c9c97463642bd4ea76684997519acf95cf7ef7abe0c62ddcbb6eb48e5b7173c2,e75de96a4f77acf7d4e0d6fdf0d7ccb177c26c44bb4388e4fd99f543ccfa18db,986e7d092e77d2e1d40b263c229617bfbdf48cb46a907ac4ba7e8daa231ea1ea,2c9e9ef62cd41426d6940b2a3965fc6daf2c1c16472141ee89ae54d1c617ef1c,9dfa4bc155dcee7c59e6444f09723f9a3bf07555990a568e5e09db0bd7648ce1,85.44604874044506,stable,4096,6,0.3265433544374768,0.42697625478210305,0.22491070146851558,0.3175414909022392,1.3075637552558312,0.0,0.004069010416666667,0.12276204427083333,0.16743977864583334,True,raw/walker2d-medium-replay-v2/walker2d-medium-replay-v2_tau4_mpi3_seed1.npz,999a0608b1760e00be5560fd90c364ced82dbc58a9966f092cf099161d3a10f7
p4|walker2d-medium-replay-v2|4|1,p4,walker2d-medium-replay-v2,4.0,1,1000000,7c3a8ad1b8a279f16853999490f95ae7b411dd93a62cdc5536af8c35079ab6cb,cd47f40df798c3f087f0a7ba405ee30f75c76442757f6925ba833018a7023e4a,e81396aa8f9a389768ed134939fa01c36bbcbabfed428bc39642178af636eac1,e75de96a4f77acf7d4e0d6fdf0d7ccb177c26c44bb4388e4fd99f543ccfa18db,986e7d092e77d2e1d40b263c229617bfbdf48cb46a907ac4ba7e8daa231ea1ea,2c9e9ef62cd41426d6940b2a3965fc6daf2c1c16472141ee89ae54d1c617ef1c,9dfa4bc155dcee7c59e6444f09723f9a3bf07555990a568e5e09db0bd7648ce1,87.11038833890515,stable,4096,6,0.3227203064948541,0.4500852471670233,0.2613800403857307,0.31355404122705677,1.3946604477899505,0.0,0.004109700520833333,0.11848958333333333,0.16743977864583334,True,raw/walker2d-medium-replay-v2/walker2d-medium-replay-v2_tau4_mpi4_seed1.npz,0fd6eec8ab3a28c69f644015db45cbb186ecdc7bdc67e86ec78b112c83f83b8e
td3|walker2d-medium-replay-v2|7|0,td3,walker2d-medium-replay-v2,7.0,0,1000000,6539db844561bc90298dd22ddb84a8d1840811759af8ec7a0bbeea118cb6ebd5,3b8959618d11a6847c9dacb647b1391fe8d75afccd18784bdbad2050a61da113,5955c73bd73e63e1651a965a7328de216fcae0ee7945b111f3d1190d65585929,e75de96a4f77acf7d4e0d6fdf0d7ccb177c26c44bb4388e4fd99f543ccfa18db,986e7d092e77d2e1d40b263c229617bfbdf48cb46a907ac4ba7e8daa231ea1ea,2c9e9ef62cd41426d6940b2a3965fc6daf2c1c16472141ee89ae54d1c617ef1c,9dfa4bc155dcee7c59e6444f09723f9a3bf07555990a568e5e09db0bd7648ce1,6.593152482656933,collapsed,4096,6,0.4527980211807017,0.45517007836222956,0.05849797776868396,0.43925428072461775,1.005238665079283,0.0016276041666666667,0.0016682942708333333,0.14261881510416666,0.16743977864583334,True,raw/walker2d-medium-replay-v2/walker2d-medium-replay-v2_tau7_seed0.npz,814e41040833d49e16f95886b381e044f8eb652a49ae6940bff9b34469ea8219
p3|walker2d-medium-replay-v2|7|0,p3,walker2d-medium-replay-v2,7.0,0,1000000,d91f630a5d707519b933be455db3259ea05ef7a9b1f96e17dafee60b7f9fb117,bc587e1ee8d789eacb8ddfff4600734578d14383feec09ee5a3c55c2b883e867,744cd4cfab547bd13fc4351003d6e0e449efa90e80a5c48a4741ccf179f78a98,e75de96a4f77acf7d4e0d6fdf0d7ccb177c26c44bb4388e4fd99f543ccfa18db,986e7d092e77d2e1d40b263c229617bfbdf48cb46a907ac4ba7e8daa231ea1ea,2c9e9ef62cd41426d6940b2a3965fc6daf2c1c16472141ee89ae54d1c617ef1c,9dfa4bc155dcee7c59e6444f09723f9a3bf07555990a568e5e09db0bd7648ce1,90.2200569444083,stable,4096,6,0.3389419791979587,0.4723238855628029,0.2570914024654729,0.32881450662720074,1.3935243037184917,0.0004069010416666667,0.005167643229166667,0.12259928385416667,0.16743977864583334,True,raw/walker2d-medium-replay-v2/walker2d-medium-replay-v2_tau7_mpi3_seed0.npz,43105bdddae55a948e1e985fb7f5957a3aa289c85f2cf1e1025f10332a3b90d7
p4|walker2d-medium-replay-v2|7|0,p4,walker2d-medium-replay-v2,7.0,0,1000000,fd986e5b59096626ad3fb68a1ea3717111b0cdb2f8bab56009ce96191b28529f,a35afd9007dd2c15afab87f3f104e7a18157cdcee9f9c9f3f96c72f25d9e6ba8,b00ea793570515b3959da3968f37c524303702d7d13dba821581343a1f60e064,e75de96a4f77acf7d4e0d6fdf0d7ccb177c26c44bb4388e4fd99f543ccfa18db,986e7d092e77d2e1d40b263c229617bfbdf48cb46a907ac4ba7e8daa231ea1ea,2c9e9ef62cd41426d6940b2a3965fc6daf2c1c16472141ee89ae54d1c617ef1c,9dfa4bc155dcee7c59e6444f09723f9a3bf07555990a568e5e09db0bd7648ce1,94.46446137233349,stable,4096,6,0.3317637901427526,0.5003940546458155,0.30621525771121677,0.3223075718222989,1.508284115124511,0.0001220703125,0.0017903645833333333,0.1185302734375,0.16743977864583334,True,raw/walker2d-medium-replay-v2/walker2d-medium-replay-v2_tau7_mpi4_seed0.npz,8738d477586ac46167bf1dea4019b700ab09938ffdd4a72aeec48b9690bb2adc
td3|walker2d-medium-replay-v2|7|1,td3,walker2d-medium-replay-v2,7.0,1,1000000,b09b66ce5f40d4a92cbc6302dea154b43058e367fdce4d4c4cdc522e829daf96,361907bec13b06f41c77d271976bed2e62673bad992a4bdc00df64f649b5b881,75681a9f3091404260337e0f8edb79c4e0431f86c2653fc3d83a9f0ef99d11f6,e75de96a4f77acf7d4e0d6fdf0d7ccb177c26c44bb4388e4fd99f543ccfa18db,986e7d092e77d2e1d40b263c229617bfbdf48cb46a907ac4ba7e8daa231ea1ea,2c9e9ef62cd41426d6940b2a3965fc6daf2c1c16472141ee89ae54d1c617ef1c,9dfa4bc155dcee7c59e6444f09723f9a3bf07555990a568e5e09db0bd7648ce1,87.32212403117889,stable,4096,6,0.39553587030082393,0.3990180751356734,0.05083158546341926,0.3837658292144513,1.008803764958665,0.0016276041666666667,0.0015462239583333333,0.124755859375,0.16743977864583334,True,raw/walker2d-medium-replay-v2/walker2d-medium-replay-v2_tau7_seed1.npz,5a287ea30f3b8148dd05ab169c476f0961a8c6e999ee079408f6f7a05fab9a92
p3|walker2d-medium-replay-v2|7|1,p3,walker2d-medium-replay-v2,7.0,1,1000000,abe8b84f561095b88cd725ee2b29746534a6f3b30fddcb319d726ef577c30c1e,caa0151790d126be2c63bbf5fd538ed62c14d7332b30d5e92fc806acf73f4206,3d8faa6e8946295c9c48a5fe4b66f4cb25b57305451cbf7413591fb1ff3ea54b,e75de96a4f77acf7d4e0d6fdf0d7ccb177c26c44bb4388e4fd99f543ccfa18db,986e7d092e77d2e1d40b263c229617bfbdf48cb46a907ac4ba7e8daa231ea1ea,2c9e9ef62cd41426d6940b2a3965fc6daf2c1c16472141ee89ae54d1c617ef1c,9dfa4bc155dcee7c59e6444f09723f9a3bf07555990a568e5e09db0bd7648ce1,90.49134447084025,stable,4096,6,0.34045265171477385,0.4778842098584463,0.26425505709645675,0.3310673200908655,1.4036730436713138,0.0,0.0015055338541666667,0.12007649739583333,0.16743977864583334,True,raw/walker2d-medium-replay-v2/walker2d-medium-replay-v2_tau7_mpi3_seed1.npz,e4f0c7c5049f2089c288d804d2fd8268045e6cb2195423db4c3271811c9e4c57
p4|walker2d-medium-replay-v2|7|1,p4,walker2d-medium-replay-v2,7.0,1,1000000,a37d5df08551d3f71a4f91a6d673b9ed50b689257d9dd2d882960b8899586fbd,86094f66901435ac18425fa55ce6ffff4ab117663614f5841227d6dcde7fe6b9,a81ce06baec906cd79a56bef423ce92c70f3e648869b89d0a80926038ceab3a9,e75de96a4f77acf7d4e0d6fdf0d7ccb177c26c44bb4388e4fd99f543ccfa18db,986e7d092e77d2e1d40b263c229617bfbdf48cb46a907ac4ba7e8daa231ea1ea,2c9e9ef62cd41426d6940b2a3965fc6daf2c1c16472141ee89ae54d1c617ef1c,9dfa4bc155dcee7c59e6444f09723f9a3bf07555990a568e5e09db0bd7648ce1,90.45106624742516,stable,4096,6,0.32965117280317624,0.49354004989799843,0.3003962730589743,0.3203694856247496,1.4971584833179854,8.138020833333333e-05,0.0030110677083333335,0.12105305989583333,0.16743977864583334,True,raw/walker2d-medium-replay-v2/walker2d-medium-replay-v2_tau7_mpi4_seed1.npz,b2b4b4d11f0010fb0a2e48c63d9754099c1bcb5a1c20abb23486f335715f685b
td3|walker2d-medium-replay-v2|10|0,td3,walker2d-medium-replay-v2,10.0,0,1000000,b3de805b6b05dd182aa51f28026d45ca9889b456b5d4864dad79a68e0f21a577,1d3e2794ed403c13238ac1415bbc94083122ad78c37edf69ae6afb371091034f,7e059748d0041b49d1f33f25a66be71c2b73fff964ec73ab1f1b7d650aa4619c,e75de96a4f77acf7d4e0d6fdf0d7ccb177c26c44bb4388e4fd99f543ccfa18db,986e7d092e77d2e1d40b263c229617bfbdf48cb46a907ac4ba7e8daa231ea1ea,2c9e9ef62cd41426d6940b2a3965fc6daf2c1c16472141ee89ae54d1c617ef1c,9dfa4bc155dcee7c59e6444f09723f9a3bf07555990a568e5e09db0bd7648ce1,65.29921957358569,stable,4096,6,0.4345411990262237,0.43977627527516355,0.07059495013286557,0.42190085178937636,1.0120473645782524,0.0015462239583333333,0.001953125,0.13090006510416666,0.16743977864583334,True,raw/walker2d-medium-replay-v2/walker2d-medium-replay-v2_tau10_seed0.npz,2d851a3a80f4f5be924396ff35eb3bc4c9d9230df7962eb0be3f9e33b305ab42
p3|walker2d-medium-replay-v2|10|0,p3,walker2d-medium-replay-v2,10.0,0,1000000,d6f626a24e9d83edea91764d1767ec4c3d1e58ee933b2259625d2d1c1a5d6f9f,0fb062254bd24089e181a892f4a72d4794ca94186a3ab4a1f722765e82310310,51049c5eeb397052e9da64d699b5ebf397a239cd26bc75006524fb0319db5523,e75de96a4f77acf7d4e0d6fdf0d7ccb177c26c44bb4388e4fd99f543ccfa18db,986e7d092e77d2e1d40b263c229617bfbdf48cb46a907ac4ba7e8daa231ea1ea,2c9e9ef62cd41426d6940b2a3965fc6daf2c1c16472141ee89ae54d1c617ef1c,9dfa4bc155dcee7c59e6444f09723f9a3bf07555990a568e5e09db0bd7648ce1,88.52004597215407,stable,4096,6,0.3564791178703736,0.5240599437253473,0.29174170715376824,0.34632130986222515,1.4700999790846403,0.0005289713541666666,0.0017903645833333333,0.11942545572916667,0.16743977864583334,True,raw/walker2d-medium-replay-v2/walker2d-medium-replay-v2_tau10_mpi3_seed0.npz,1caa39f13c7dde858ec455ea06251c3f8147b4d8e939b6a6335e8b51676dc86d
p4|walker2d-medium-replay-v2|10|0,p4,walker2d-medium-replay-v2,10.0,0,1000000,86f45fc4d787f55e360caafd270e33fb2fd510b4b2462e17f6faa6f5334ff2ed,df0c161480c48794194b644874a1fded3bc89ba11e065bce9b7264d21043c612,2a0300462ece81f0e78fd59a39eb690df72ddd3f232bf7bca056865e6e2b2843,e75de96a4f77acf7d4e0d6fdf0d7ccb177c26c44bb4388e4fd99f543ccfa18db,986e7d092e77d2e1d40b263c229617bfbdf48cb46a907ac4ba7e8daa231ea1ea,2c9e9ef62cd41426d6940b2a3965fc6daf2c1c16472141ee89ae54d1c617ef1c,9dfa4bc155dcee7c59e6444f09723f9a3bf07555990a568e5e09db0bd7648ce1,93.23483109365071,stable,4096,6,0.3420102511762572,0.5356276697742807,0.3313738683282395,0.3324168394523132,1.5661158340492005,4.0690104166666664e-05,0.0038655598958333335,0.1204833984375,0.16743977864583334,True,raw/walker2d-medium-replay-v2/walker2d-medium-replay-v2_tau10_mpi4_seed0.npz,207334273f2f3ba028ee2674452b602c123eb8755e2079a3b0ee2bc3d0e2f222
td3|walker2d-medium-replay-v2|10|1,td3,walker2d-medium-replay-v2,10.0,1,1000000,07e35b533508cd527fd5046eda717ce5de9a30216744ccf1ac93fb7a6422580a,d16e046d481ae6b8d1162cd40e082834354f4f152bb6d9877138eea1e56be3c7,71287c333440d25629e9e3621606193f83cb31e880f6eee44c5d646b5167d27c,e75de96a4f77acf7d4e0d6fdf0d7ccb177c26c44bb4388e4fd99f543ccfa18db,986e7d092e77d2e1d40b263c229617bfbdf48cb46a907ac4ba7e8daa231ea1ea,2c9e9ef62cd41426d6940b2a3965fc6daf2c1c16472141ee89ae54d1c617ef1c,9dfa4bc155dcee7c59e6444f09723f9a3bf07555990a568e5e09db0bd7648ce1,81.7967699723636,stable,4096,6,0.4423893219053554,0.44179738294034965,0.06223571676175834,0.4283039857915552,0.9986619501518339,0.0008951822916666666,0.0010579427083333333,0.13395182291666666,0.16743977864583334,True,raw/walker2d-medium-replay-v2/walker2d-medium-replay-v2_tau10_seed1.npz,f8da2f3ea45d3d2a7f27ba6a9c89a8da088c2cb7ae4a599d094d597da7456875
p3|walker2d-medium-replay-v2|10|1,p3,walker2d-medium-replay-v2,10.0,1,1000000,f0e722d2c897aedf78ce0428bbb6d645c64ee1466fd4d2f902c3481732c833c3,1a25472596d28b9763ef9eb453bb02756173bdd331f906e2732c5f674377017c,f96e5fea07a4b6a14031113e485f35124429a4f8d5ca08118bb793c8de251123,e75de96a4f77acf7d4e0d6fdf0d7ccb177c26c44bb4388e4fd99f543ccfa18db,986e7d092e77d2e1d40b263c229617bfbdf48cb46a907ac4ba7e8daa231ea1ea,2c9e9ef62cd41426d6940b2a3965fc6daf2c1c16472141ee89ae54d1c617ef1c,9dfa4bc155dcee7c59e6444f09723f9a3bf07555990a568e5e09db0bd7648ce1,88.70492988931343,stable,4096,6,0.34935408381455,0.5104333463010714,0.2892729367843583,0.3397072973233499,1.4610773709232727,0.0001220703125,0.0013834635416666667,0.12569173177083334,0.16743977864583334,True,raw/walker2d-medium-replay-v2/walker2d-medium-replay-v2_tau10_mpi3_seed1.npz,436bbbba261dc85ce68b52572a03fb9d7c7f451bff18adc4cfee8e9f66700da4
p4|walker2d-medium-replay-v2|10|1,p4,walker2d-medium-replay-v2,10.0,1,1000000,672f140f16932a4a85339d30e132cced2d7d7125b6ebdb77d7e679fc5ff09bc4,5330d8f35c343c634ccbc71f72fd1c3ff067ac40ab2cef1206219440df7d2f9b,9ab9326184c174253c4d67ed2068cf3a96da5e0d0c9164762f59e4695a45d21d,e75de96a4f77acf7d4e0d6fdf0d7ccb177c26c44bb4388e4fd99f543ccfa18db,986e7d092e77d2e1d40b263c229617bfbdf48cb46a907ac4ba7e8daa231ea1ea,2c9e9ef62cd41426d6940b2a3965fc6daf2c1c16472141ee89ae54d1c617ef1c,9dfa4bc155dcee7c59e6444f09723f9a3bf07555990a568e5e09db0bd7648ce1,90.74947387289359,stable,4096,6,0.3416358956288526,0.5343650462305692,0.3311576896148376,0.3319198578928455,1.5641361258217852,4.0690104166666664e-05,0.0021158854166666665,0.11796061197916667,0.16743977864583334,True,raw/walker2d-medium-replay-v2/walker2d-medium-replay-v2_tau10_mpi4_seed1.npz,3403dd609ea8e3565f765a3ed90ce2069cd5a3c2092bbd736bf7fae6896eb3be
td3|walker2d-medium-replay-v2|14|0,td3,walker2d-medium-replay-v2,14.0,0,1000000,89bccd94c9a3ef258c81f2ba549889586c8e5946b9e33ec8ef9d6c25493be04a,f8b92212c60cb510a1bacdae45ec38d8f122ab148a552f379c5682daff0f2d16,ef38314495423a36c8a4b3dea5eb441509306a062d679a808f53c5c0ec19a93f,e75de96a4f77acf7d4e0d6fdf0d7ccb177c26c44bb4388e4fd99f543ccfa18db,986e7d092e77d2e1d40b263c229617bfbdf48cb46a907ac4ba7e8daa231ea1ea,2c9e9ef62cd41426d6940b2a3965fc6daf2c1c16472141ee89ae54d1c617ef1c,9dfa4bc155dcee7c59e6444f09723f9a3bf07555990a568e5e09db0bd7648ce1,6.520375058968543,collapsed,4096,6,0.5961178266509285,0.5968742712897003,0.05651930931490719,0.574536245403849,1.0012689515477529,0.0045166015625,0.004557291666666667,0.1595458984375,0.16743977864583334,True,raw/walker2d-medium-replay-v2/walker2d-medium-replay-v2_tau14_seed0.npz,010b10974a4076edd87bf17b34823f6e060eb416e82ac96aefffa64d57a7e059
p3|walker2d-medium-replay-v2|14|0,p3,walker2d-medium-replay-v2,14.0,0,1000000,01e4c115e99969cdac5089e9eaafd7af464fee4ed38b45728c2886e9e366352f,c0fcfa9540ef6db1f49bdd8760e2e03f7da454875a4103650287842e09b2d673,e6704c6aeb1364091ab298f622c1b600ab35c831d7a6b2e52cef90196caea194,e75de96a4f77acf7d4e0d6fdf0d7ccb177c26c44bb4388e4fd99f543ccfa18db,986e7d092e77d2e1d40b263c229617bfbdf48cb46a907ac4ba7e8daa231ea1ea,2c9e9ef62cd41426d6940b2a3965fc6daf2c1c16472141ee89ae54d1c617ef1c,9dfa4bc155dcee7c59e6444f09723f9a3bf07555990a568e5e09db0bd7648ce1,7.648693756269174,collapsed,4096,6,0.38089670082004884,0.5825891963173708,0.3364958913044214,0.36982790553207207,1.5295201955361901,0.0006103515625,0.0034993489583333335,0.118408203125,0.16743977864583334,True,raw/walker2d-medium-replay-v2/walker2d-medium-replay-v2_tau14_mpi3_seed0.npz,96f5c73c1d9d5b735bf6958864effd23d5f1acc732b94661a1550399341862d1
p4|walker2d-medium-replay-v2|14|0,p4,walker2d-medium-replay-v2,14.0,0,1000000,9c56b8e137046da811220b8caa33d43c57787b3a59398552b6b4c0ea1b1a4d6f,e0256b883c1423885b8a7c917cf9fc39a9f17a69c8b23980d86b6474934600f3,b81bc0d5bc2602537bc4d2c3733d192dd6fd3d58cebd78ea6b1e147baedf372e,e75de96a4f77acf7d4e0d6fdf0d7ccb177c26c44bb4388e4fd99f543ccfa18db,986e7d092e77d2e1d40b263c229617bfbdf48cb46a907ac4ba7e8daa231ea1ea,2c9e9ef62cd41426d6940b2a3965fc6daf2c1c16472141ee89ae54d1c617ef1c,9dfa4bc155dcee7c59e6444f09723f9a3bf07555990a568e5e09db0bd7648ce1,7.310622670961825,collapsed,4096,6,0.3562938267966658,0.5798700320695098,0.3647019989521233,0.345928097540423,1.6275051332855037,8.138020833333333e-05,0.0037434895833333335,0.1175537109375,0.16743977864583334,True,raw/walker2d-medium-replay-v2/walker2d-medium-replay-v2_tau14_mpi4_seed0.npz,692b1dd787e7d6e0b3b8ee29aad50c82b23f072a8db5d75fd97b62003f09b546
td3|walker2d-medium-replay-v2|14|1,td3,walker2d-medium-replay-v2,14.0,1,1000000,63041a94eb1f9259e8b92f6769bfd0807b85f33ee4dcdaa5d32bab853307a095,ae5537cf266123260a8866e6d59449eb5b4b777cc5ff0f8c754e4110873c5bb6,2f921ed90e59898a3199a8a44a01fa5fb20db16ee343bd0740c7bb9584c721a1,e75de96a4f77acf7d4e0d6fdf0d7ccb177c26c44bb4388e4fd99f543ccfa18db,986e7d092e77d2e1d40b263c229617bfbdf48cb46a907ac4ba7e8daa231ea1ea,2c9e9ef62cd41426d6940b2a3965fc6daf2c1c16472141ee89ae54d1c617ef1c,9dfa4bc155dcee7c59e6444f09723f9a3bf07555990a568e5e09db0bd7648ce1,2.5840281615275003,collapsed,4096,6,0.6172961362335556,0.6206851681912121,0.058388830719438865,0.5953941556349664,1.0054901233925337,0.0028076171875,0.0028889973958333335,0.1427001953125,0.16743977864583334,True,raw/walker2d-medium-replay-v2/walker2d-medium-replay-v2_tau14_seed1.npz,83d765a0c92ea39319d917e278ace233f9fe3e463c9637c03e81b8dbcf6e6274
p3|walker2d-medium-replay-v2|14|1,p3,walker2d-medium-replay-v2,14.0,1,1000000,12ef85bc3dee01c09ab9932e9c4786404152eab387ce8be7fd91ec3bada16ce9,bfb1913c1c722a499eae6f15a61a3914f81aef2668afa39f2317764404983a96,05655dcab32886373c813de89cd6203457cf1e8ac89abd65fc6781fb93f18a55,e75de96a4f77acf7d4e0d6fdf0d7ccb177c26c44bb4388e4fd99f543ccfa18db,986e7d092e77d2e1d40b263c229617bfbdf48cb46a907ac4ba7e8daa231ea1ea,2c9e9ef62cd41426d6940b2a3965fc6daf2c1c16472141ee89ae54d1c617ef1c,9dfa4bc155dcee7c59e6444f09723f9a3bf07555990a568e5e09db0bd7648ce1,95.92399452128568,stable,4096,6,0.3691991895657597,0.5505962401945695,0.31747036459170713,0.3589401376831641,1.491325701018367,0.00048828125,0.0017496744791666667,0.12581380208333334,0.16743977864583334,True,raw/walker2d-medium-replay-v2/walker2d-medium-replay-v2_tau14_mpi3_seed1.npz,293eb00e6be1a9ed8613c99a935b0b60b84318e4f9fd3c413ddbb6f35e9631f7
p4|walker2d-medium-replay-v2|14|1,p4,walker2d-medium-replay-v2,14.0,1,1000000,3f0d9bd9cee0254c0c4e095c65c97046e8fd607246c15d4ef97fb63dda2ca8a1,d05ce7d4718f90654335cf467744f69c9476af629b655d74ff876bc889daead0,b9ddc7396b07d0912c70fdb0114341bdd47fa0d08ce3ee6cdc60919976f2e512,e75de96a4f77acf7d4e0d6fdf0d7ccb177c26c44bb4388e4fd99f543ccfa18db,986e7d092e77d2e1d40b263c229617bfbdf48cb46a907ac4ba7e8daa231ea1ea,2c9e9ef62cd41426d6940b2a3965fc6daf2c1c16472141ee89ae54d1c617ef1c,9dfa4bc155dcee7c59e6444f09723f9a3bf07555990a568e5e09db0bd7648ce1,86.63461988350238,stable,4096,6,0.35475663005866953,0.5711977897337052,0.3586706313950914,0.344888065137596,1.6101116690595485,4.0690104166666664e-05,0.0033772786458333335,0.1240234375,0.16743977864583334,True,raw/walker2d-medium-replay-v2/walker2d-medium-replay-v2_tau14_mpi4_seed1.npz,134836c4dcdad4a781d99ec2e8538f8753da933bde28a05ea2265cb480bc56e6
td3|walker2d-medium-replay-v2|20|0,td3,walker2d-medium-replay-v2,20.0,0,1000000,6695e141afb5b4ac8503d0ecb2564e5880824d01f94f2f9a16f4eec019d1a416,f690af126c6b8391fcb5eae41406a41325bf8895fe1331abefeb722c8df809b7,b8056bd4528e6d2decdf46e666c3df576d9c783f01230076763207113ac8f398,e75de96a4f77acf7d4e0d6fdf0d7ccb177c26c44bb4388e4fd99f543ccfa18db,986e7d092e77d2e1d40b263c229617bfbdf48cb46a907ac4ba7e8daa231ea1ea,2c9e9ef62cd41426d6940b2a3965fc6daf2c1c16472141ee89ae54d1c617ef1c,9dfa4bc155dcee7c59e6444f09723f9a3bf07555990a568e5e09db0bd7648ce1,26.98502663308171,stable,4096,6,0.5753674932703857,0.5784419609978947,0.06732762830042995,0.5533108339228262,1.0053434852741396,0.0072021484375,0.007568359375,0.16084798177083334,0.16743977864583334,True,raw/walker2d-medium-replay-v2/walker2d-medium-replay-v2_tau20_seed0.npz,722f7d764d9b14e43b02e6da2ff4948f5a6ed46371d1afb59cedd467ec0e0aef
p3|walker2d-medium-replay-v2|20|0,p3,walker2d-medium-replay-v2,20.0,0,1000000,bc37afca5ac6805743cd0c6f1992e2648a7c8226537e527aacdb3aa9f2f42d39,7c0ba094c98f508a65adee6b0bbdf1d327a546ef83c48ef8b3ebf3bba5a837cb,f551d3318b59836eebfcf09ddd66e5d020f2daaeb5822fde1a47b33f4131255d,e75de96a4f77acf7d4e0d6fdf0d7ccb177c26c44bb4388e4fd99f543ccfa18db,986e7d092e77d2e1d40b263c229617bfbdf48cb46a907ac4ba7e8daa231ea1ea,2c9e9ef62cd41426d6940b2a3965fc6daf2c1c16472141ee89ae54d1c617ef1c,9dfa4bc155dcee7c59e6444f09723f9a3bf07555990a568e5e09db0bd7648ce1,61.94040575648513,stable,4096,6,0.40221877667316885,0.616081479701493,0.35141529699319457,0.3904804229113881,1.5317074075885388,0.0015055338541666667,0.008463541666666666,0.13850911458333334,0.16743977864583334,True,raw/walker2d-medium-replay-v2/walker2d-medium-replay-v2_tau20_mpi3_seed0.npz,9e5b533a4e36ec306efe9e8f0ae2708be9b314f40df19076125741610dc9a413
p4|walker2d-medium-replay-v2|20|0,p4,walker2d-medium-replay-v2,20.0,0,1000000,df4cf95db73ed149cfc4420fe73968e03d0caf7fe86d5d91aef8f0a4c7d7dd65,67b88d2e6873bcae8d9b6d7c946648ea5b81fd0f34680eb593a3a9745b94fefa,4f3e04208d49a8d5b0cd59f0c8b69894040ed5c616cf1121d77ee863641cf826,e75de96a4f77acf7d4e0d6fdf0d7ccb177c26c44bb4388e4fd99f543ccfa18db,986e7d092e77d2e1d40b263c229617bfbdf48cb46a907ac4ba7e8daa231ea1ea,2c9e9ef62cd41426d6940b2a3965fc6daf2c1c16472141ee89ae54d1c617ef1c,9dfa4bc155dcee7c59e6444f09723f9a3bf07555990a568e5e09db0bd7648ce1,94.17676980142646,stable,4096,6,0.3736281439162858,0.6239033416494807,0.39707644262241437,0.36257711813558813,1.6698510318571476,0.0002848307291666667,0.0034586588541666665,0.12516276041666666,0.16743977864583334,True,raw/walker2d-medium-replay-v2/walker2d-medium-replay-v2_tau20_mpi4_seed0.npz,8c6b5e5ca5a4d75e64eefc01454683ca70554d0b204ccf1e8f785359126929d9
td3|walker2d-medium-replay-v2|20|1,td3,walker2d-medium-replay-v2,20.0,1,1000000,06d522b75e45e8749ed3a69dca34d375afb25cb8193c8b2c2309aa0838a62955,7452cfd087d66ed4b98a35ba8cbbe752f850ef221c9c3f18e419771bc88a791f,91a0db51ada3ec1c78de0a3342e7e5fca5edb101a579aecbfc91ca00f0bdf626,e75de96a4f77acf7d4e0d6fdf0d7ccb177c26c44bb4388e4fd99f543ccfa18db,986e7d092e77d2e1d40b263c229617bfbdf48cb46a907ac4ba7e8daa231ea1ea,2c9e9ef62cd41426d6940b2a3965fc6daf2c1c16472141ee89ae54d1c617ef1c,9dfa4bc155dcee7c59e6444f09723f9a3bf07555990a568e5e09db0bd7648ce1,5.107745145198323,collapsed,4096,6,0.6706218143862329,0.6679532639881544,0.06487527736277734,0.643910671487666,0.9960207819954069,0.0091552734375,0.009480794270833334,0.157958984375,0.16743977864583334,True,raw/walker2d-medium-replay-v2/walker2d-medium-replay-v2_tau20_seed1.npz,f49ed563735148f6857492c9c7afd9acb09eede6084afd9ed2285d75d8d1e6fe
p3|walker2d-medium-replay-v2|20|1,p3,walker2d-medium-replay-v2,20.0,1,1000000,2138159a75d2f0e148ec8fb846734729638c69ce2a8e9641dca84a5384cd9c6f,94497e2bd3727163c3a391aa5ec6c4f154cc2e5b915cc339f867171802367acc,da1b3964fe8571bc2187278bbf6781a0eb3854240b5c17135d8db4fd6788c69a,e75de96a4f77acf7d4e0d6fdf0d7ccb177c26c44bb4388e4fd99f543ccfa18db,986e7d092e77d2e1d40b263c229617bfbdf48cb46a907ac4ba7e8daa231ea1ea,2c9e9ef62cd41426d6940b2a3965fc6daf2c1c16472141ee89ae54d1c617ef1c,9dfa4bc155dcee7c59e6444f09723f9a3bf07555990a568e5e09db0bd7648ce1,96.94570758907174,stable,4096,6,0.39829146999833576,0.601260253960107,0.34193688661900523,0.386491664149561,1.509598621237405,0.00048828125,0.0032958984375,0.12890625,0.16743977864583334,True,raw/walker2d-medium-replay-v2/walker2d-medium-replay-v2_tau20_mpi3_seed1.npz,9e19a38806be0b85a75dcbff8371d1f4e4257aaa0d4b8722a93b7dd92ff38fbc
p4|walker2d-medium-replay-v2|20|1,p4,walker2d-medium-replay-v2,20.0,1,1000000,5ce5311ab3dbba54c22bff6fb8eeab7cb8f3f11a6ddaf8de611efcfe35195a39,cf94e8d48b118318923880ded5363fe805f8128fc9a400307e2353a3cd8d935b,7b2cce1318f96524ce782927c8bcf7e973c1fd46ae603090193bcbf69b01a89d,e75de96a4f77acf7d4e0d6fdf0d7ccb177c26c44bb4388e4fd99f543ccfa18db,986e7d092e77d2e1d40b263c229617bfbdf48cb46a907ac4ba7e8daa231ea1ea,2c9e9ef62cd41426d6940b2a3965fc6daf2c1c16472141ee89ae54d1c617ef1c,9dfa4bc155dcee7c59e6444f09723f9a3bf07555990a568e5e09db0bd7648ce1,5.306486373554383,collapsed,4096,6,0.37644689970011813,0.6458902668957995,0.4157374811960304,0.3655804962996514,1.7157539812662106,0.0003255208333333333,0.00390625,0.12398274739583333,0.16743977864583334,True,raw/walker2d-medium-replay-v2/walker2d-medium-replay-v2_tau20_mpi4_seed1.npz,ba0eb17ff4ceeac6961dc7af81ddc7059d329e27ce6162f4a4aa02846a2ddc9e
td3|walker2d-expert-v2|4|0,td3,walker2d-expert-v2,4.0,0,1000000,107b9aef8e7fa7a8cc6cc12251aef76189f44bb54af93131d0cc3c3116bc56ce,274c6535f066870b576e85ba81a8decd1aaa9151eeef130601e47a38385e36a0,0cf02f2500a3cb98b3a6971ee978dc4119cfdbf1bb26360f2d80e058fbecb358,2985dc3d436a8baa10e8f43f946fe1d7c6337a4e4fbc65def70618093b18c59a,0699fe5c545b08ce27c2de98745e70add2e8b387a7011051b2b5b2a7ac984c3a,59f7852fcb79d5388880a17eb8817f4ca205c0d603717863f6027c77c4335998,7c1f612c367a4c80c4b8d0e7bf4fcf44dc198f34b6d326bbf482dfb578edbcaf,-0.08403109411410081,collapsed,4096,6,0.72308038208265,0.7231610188329809,0.027763716326452526,0.6775238247988781,1.000111518376558,0.6779378255208334,0.6768798828125,0.3804117838541667,0.16971842447916666,True,raw/walker2d-expert-v2/walker2d-expert-v2_tau4_seed0.npz,5e5394fd1b01a8dc3ec8d33c77a02158f61e2dee0ce2e9a8e92f7a6e1088cd47
p3|walker2d-expert-v2|4|0,p3,walker2d-expert-v2,4.0,0,1000000,22805166d4bb4503c55e8cc462a06b8143db173405aa6116359a8dd6cfb25e79,2968aa7953b881107c7a01689c362e315e851af9218e04a487f0c3e8bb6f9d18,cafaca55df3d467122aae00f38f3ef68f9d62dfd68092983c9fbad125f485b00,2985dc3d436a8baa10e8f43f946fe1d7c6337a4e4fbc65def70618093b18c59a,0699fe5c545b08ce27c2de98745e70add2e8b387a7011051b2b5b2a7ac984c3a,59f7852fcb79d5388880a17eb8817f4ca205c0d603717863f6027c77c4335998,7c1f612c367a4c80c4b8d0e7bf4fcf44dc198f34b6d326bbf482dfb578edbcaf,112.07395715824704,stable,4096,6,0.15726098062694885,0.16644726326658102,0.0468634373216318,0.15377164606829286,1.0584142525565428,0.0,0.00048828125,0.15889485677083334,0.16971842447916666,True,raw/walker2d-expert-v2/walker2d-expert-v2_tau4_mpi3_seed0.npz,9ffcddc6d467afac2e4fdf9e1449f609e48a1971bfa1363a0eb98887e87fd0a6
p4|walker2d-expert-v2|4|0,p4,walker2d-expert-v2,4.0,0,1000000,a3b8713eecfb4504aeb210244de0f97f1118ee83089fb609b9388b6aa813e67c,6130bab0124c42a4bb2b0f8af7921f7f8ce5e536ac1582d3b7b7193241803f2e,d1624b24fab8e46e79612241f59d2641eadab51b51f468eb4100eecaee973c7a,2985dc3d436a8baa10e8f43f946fe1d7c6337a4e4fbc65def70618093b18c59a,0699fe5c545b08ce27c2de98745e70add2e8b387a7011051b2b5b2a7ac984c3a,59f7852fcb79d5388880a17eb8817f4ca205c0d603717863f6027c77c4335998,7c1f612c367a4c80c4b8d0e7bf4fcf44dc198f34b6d326bbf482dfb578edbcaf,112.60382204132623,stable,4096,6,0.15735134947287796,0.16890278065089065,0.05441372974079358,0.15385947180878662,1.0734117070918656,0.0,0.005818684895833333,0.15706380208333334,0.16971842447916666,True,raw/walker2d-expert-v2/walker2d-expert-v2_tau4_mpi4_seed0.npz,7239c15c1210955ed05f30a03a9f9f7ce9da95fb0d9d03d94dff617b96f671ae
td3|walker2d-expert-v2|4|1,td3,walker2d-expert-v2,4.0,1,1000000,ea78392606877dcac6f19404a70f88cb77c96405294b4c600511fdc3d3da79c8,1f36c292ecf4ad5b1294659c28a1b76e111f83d74e6f1888e7539eca7769e22a,37344dc29a9acc9fb131786413f0ac94a82d2088b37cfee83a5410d6862ddc67,2985dc3d436a8baa10e8f43f946fe1d7c6337a4e4fbc65def70618093b18c59a,0699fe5c545b08ce27c2de98745e70add2e8b387a7011051b2b5b2a7ac984c3a,59f7852fcb79d5388880a17eb8817f4ca205c0d603717863f6027c77c4335998,7c1f612c367a4c80c4b8d0e7bf4fcf44dc198f34b6d326bbf482dfb578edbcaf,3.7225039337282486,collapsed,4096,6,0.6629434771877116,0.6661755003685635,0.01604010361043364,0.6208568317825915,1.0048752620578794,0.6188557942708334,0.619384765625,0.3642171223958333,0.16971842447916666,True,raw/walker2d-expert-v2/walker2d-expert-v2_tau4_seed1.npz,bc9042cb5c3c61224cbaf2363ec46efc02d1b6ac5d95bcdaadc559442f60830e
p3|walker2d-expert-v2|4|1,p3,walker2d-expert-v2,4.0,1,1000000,4af889c06ce049f7a9b8c33f75032016381f776334184966d8f9b89613a6e114,1646bcbf241ce9fcba7a25db639e7387e481fb3d0198d977c957c8cd3e28614e,bba19eef60f6d0ebc2ffb1668f33d344e73d18f0a2cb89be61e518ab8f1b433f,2985dc3d436a8baa10e8f43f946fe1d7c6337a4e4fbc65def70618093b18c59a,0699fe5c545b08ce27c2de98745e70add2e8b387a7011051b2b5b2a7ac984c3a,59f7852fcb79d5388880a17eb8817f4ca205c0d603717863f6027c77c4335998,7c1f612c367a4c80c4b8d0e7bf4fcf44dc198f34b6d326bbf482dfb578edbcaf,112.01993574860371,stable,4096,6,0.15737667434242186,0.1668215302155991,0.04634430982236152,0.15391186436275173,1.0600143313018993,0.0,0.0006103515625,0.15861002604166666,0.16971842447916666,True,raw/walker2d-expert-v2/walker2d-expert-v2_tau4_mpi3_seed1.npz,967f418f273b8c1ebfae6512e22f831901a5411dcccdf78836adc76392644a4f
p4|walker2d-expert-v2|4|1,p4,walker2d-expert-v2,4.0,1,1000000,c1dbbbf89ebf0ad45cecb6498163e051144476a827a59df21ba4893190dcd693,29bc23fb19f137db0a82ab6ffc41617349e4d690fc41914b0a3442e15ded5ec4,8c407fd4fb5f9a83cfdb484149d253a6ad49688fd666bc336c5763c47ae3a3cf,2985dc3d436a8baa10e8f43f946fe1d7c6337a4e4fbc65def70618093b18c59a,0699fe5c545b08ce27c2de98745e70add2e8b387a7011051b2b5b2a7ac984c3a,59f7852fcb79d5388880a17eb8817f4ca205c0d603717863f6027c77c4335998,7c1f612c367a4c80c4b8d0e7bf4fcf44dc198f34b6d326bbf482dfb578edbcaf,112.07508823151767,stable,4096,6,0.1575146849195958,0.17260243504551925,0.06408041386126022,0.15401911225730622,1.0957863080107424,0.0,0.00020345052083333334,0.15718587239583334,0.16971842447916666,True,raw/walker2d-expert-v2/walker2d-expert-v2_tau4_mpi4_seed1.npz,7c454bd10e0f3e34a4903769be3af8e4b952897b720482e8585741ff61b6b672
td3|walker2d-expert-v2|7|0,td3,walker2d-expert-v2,7.0,0,1000000,3b6297cfef8615e0ea1a51340b12cf2e070e2c54f7fcfeb75880c8f52efef73d,41c83c5dbf7657f1d59378027ff7d51f8406317a5fb5b4f55f0267182d865f48,54a2189d2d5961bc7b9a5851e3282ae00d649486dda72e19f5a6500ae5c45a1a,2985dc3d436a8baa10e8f43f946fe1d7c6337a4e4fbc65def70618093b18c59a,0699fe5c545b08ce27c2de98745e70add2e8b387a7011051b2b5b2a7ac984c3a,59f7852fcb79d5388880a17eb8817f4ca205c0d603717863f6027c77c4335998,7c1f612c367a4c80c4b8d0e7bf4fcf44dc198f34b6d326bbf482dfb578edbcaf,-0.26734762153793246,collapsed,4096,6,0.7877541205046578,0.7876075267464632,0.02567875339080366,0.7394829255105683,0.999813909246072,0.7692057291666666,0.7688802083333334,0.4134928385416667,0.16971842447916666,True,raw/walker2d-expert-v2/walker2d-expert-v2_tau7_seed0.npz,4bac8996841ec24fb6253fe06147ddc5b66e34300d3653635738356feff21b01
p3|walker2d-expert-v2|7|0,p3,walker2d-expert-v2,7.0,0,1000000,d4eb17bcdfc1f6b460e0b9fdeb085e43f1885fc0fe9540483c378832e36f1217,9d3a359728b1d577c44f7c79cf4215c9661383d2bda34fe3fc5c391239d3219d,315c80d4df1022464b12ee7dcba7441aee4b3f0a7e9ea923498b2521a9391614,2985dc3d436a8baa10e8f43f946fe1d7c6337a4e4fbc65def70618093b18c59a,0699fe5c545b08ce27c2de98745e70add2e8b387a7011051b2b5b2a7ac984c3a,59f7852fcb79d5388880a17eb8817f4ca205c0d603717863f6027c77c4335998,7c1f612c367a4c80c4b8d0e7bf4fcf44dc198f34b6d326bbf482dfb578edbcaf,5.323446971835271,collapsed,4096,6,0.24482762720983572,0.43927331514230716,0.2535046257427788,0.23390009768542921,1.7942146486834871,0.08553059895833333,0.2452392578125,0.19014485677083334,0.16971842447916666,True,raw/walker2d-expert-v2/walker2d-expert-v2_tau7_mpi3_seed0.npz,0228d9991f23e422a8c4666c243cb529bf8a66abc2284de4076bab063af43f76
p4|walker2d-expert-v2|7|0,p4,walker2d-expert-v2,7.0,0,1000000,f954696c81cf71340de196285271e7c7d4beb03e2f9cc2462eac9ae071e28f58,1705c88d60f45afa4de5a9c13e822ac597d4f941b1472a15213ed778bde2847f,2c30426e48724a5395da513e0c1d3aaadecdbd475baa6810eb010e0aa90c3415,2985dc3d436a8baa10e8f43f946fe1d7c6337a4e4fbc65def70618093b18c59a,0699fe5c545b08ce27c2de98745e70add2e8b387a7011051b2b5b2a7ac984c3a,59f7852fcb79d5388880a17eb8817f4ca205c0d603717863f6027c77c4335998,7c1f612c367a4c80c4b8d0e7bf4fcf44dc198f34b6d326bbf482dfb578edbcaf,113.27529659433768,stable,4096,6,0.1575001630619087,0.1765803526357258,0.06683620682850085,0.15394686972666374,1.1211439353641637,0.0,0.004679361979166667,0.15974934895833334,0.16971842447916666,True,raw/walker2d-expert-v2/walker2d-expert-v2_tau7_mpi4_seed0.npz,9a4b78c47a96755a4fd4887515c6277000f46dd0984690f43090e6f20fd9cf2a
td3|walker2d-expert-v2|7|1,td3,walker2d-expert-v2,7.0,1,1000000,171dd76dbe4f6a9b95101a68fa089c59747f35c5c9c3d932f2df308e6b0fd0e6,44d0f5090710427643a8320a7fe429abd0b015fb7a1ff3411bcba9673f81ab42,2fe2d1a545c6dcfd487589761baf05b18293e0bed1c8361b29e72e019e312aca,2985dc3d436a8baa10e8f43f946fe1d7c6337a4e4fbc65def70618093b18c59a,0699fe5c545b08ce27c2de98745e70add2e8b387a7011051b2b5b2a7ac984c3a,59f7852fcb79d5388880a17eb8817f4ca205c0d603717863f6027c77c4335998,7c1f612c367a4c80c4b8d0e7bf4fcf44dc198f34b6d326bbf482dfb578edbcaf,3.7761807351320495,collapsed,4096,6,0.6871484062267791,0.6916641572600973,0.018967601481395032,0.6440243684135287,1.006571725980003,0.6918131510416666,0.6951090494791666,0.3868815104166667,0.16971842447916666,True,raw/walker2d-expert-v2/walker2d-expert-v2_tau7_seed1.npz,c202a7d58aa08c172e34a56dd2d92ce5b609f538ae72c9823929428640205f77
p3|walker2d-expert-v2|7|1,p3,walker2d-expert-v2,7.0,1,1000000,d4c784b235e4ef0c96023c8df26093fd8f4d07870f99ab3bcd601676008fb59f,6566a2a928329762b1c0e114f18fd367b9920ebc5080c1fd2cafbdf0385aac3a,7ae401e4260a4491e008dbd6cd38f4a287ceeabe6f4ddd5bdf984aea8ae782ef,2985dc3d436a8baa10e8f43f946fe1d7c6337a4e4fbc65def70618093b18c59a,0699fe5c545b08ce27c2de98745e70add2e8b387a7011051b2b5b2a7ac984c3a,59f7852fcb79d5388880a17eb8817f4ca205c0d603717863f6027c77c4335998,7c1f612c367a4c80c4b8d0e7bf4fcf44dc198f34b6d326bbf482dfb578edbcaf,113.71657747520825,stable,4096,6,0.15819391011255984,0.17209223887958008,0.054137703324124445,0.15459314755303533,1.0878562819335533,0.0,0.0015055338541666667,0.16035970052083334,0.16971842447916666,True,raw/walker2d-expert-v2/walker2d-expert-v2_tau7_mpi3_seed1.npz,0d034179ab34ae89aaf25a4d91d375509c66117bf7b593db73e59031604ba22e
p4|walker2d-expert-v2|7|1,p4,walker2d-expert-v2,7.0,1,1000000,2bbc9a9fbe5e145a7ce1cb2a1f2f14edc1ac86760cfad83dfa750adfcf1737f0,9c674fa3add038406c374b73de000ead0f7f881bc9cfa4daa1fad3b3a4972ab5,e14331ae404f7e194879ad292c3d79c7f819b5e9edd612465cea811ebfb36c47,2985dc3d436a8baa10e8f43f946fe1d7c6337a4e4fbc65def70618093b18c59a,0699fe5c545b08ce27c2de98745e70add2e8b387a7011051b2b5b2a7ac984c3a,59f7852fcb79d5388880a17eb8817f4ca205c0d603717863f6027c77c4335998,7c1f612c367a4c80c4b8d0e7bf4fcf44dc198f34b6d326bbf482dfb578edbcaf,113.5749624758137,stable,4096,6,0.1582368583549544,0.17718215950164748,0.06802461794231508,0.15467542646442442,1.1197274853889938,0.0,0.005777994791666667,0.15966796875,0.16971842447916666,True,raw/walker2d-expert-v2/walker2d-expert-v2_tau7_mpi4_seed1.npz,8a3b7ea8c251d4521a1d712527bb5c03951fc7cf0bac6d5ca9f7ae9b0e7760ae
td3|walker2d-expert-v2|10|0,td3,walker2d-expert-v2,10.0,0,1000000,f51745027a66c4b7abd142c7008a219bb49ee747b00a0ab884cadc18a3ec19c5,36fc140f9a979d42c50f7b278903decbae7fc664d74222a64c08fa70156b237f,efacf146c30a5764431cc10e5b1f442624e690b78fb2dbe4ad5c5819850e5f4c,2985dc3d436a8baa10e8f43f946fe1d7c6337a4e4fbc65def70618093b18c59a,0699fe5c545b08ce27c2de98745e70add2e8b387a7011051b2b5b2a7ac984c3a,59f7852fcb79d5388880a17eb8817f4ca205c0d603717863f6027c77c4335998,7c1f612c367a4c80c4b8d0e7bf4fcf44dc198f34b6d326bbf482dfb578edbcaf,-0.2698862634918921,collapsed,4096,6,0.8295106132955598,0.8295577977397544,0.030132975026701755,0.7769088609829697,1.0000568822670117,0.812744140625,0.8135172526041666,0.4302571614583333,0.16971842447916666,True,raw/walker2d-expert-v2/walker2d-expert-v2_tau10_seed0.npz,cbb8ca968dcfad5c31a8e0fc552cd81c7f64256d2e885e2136454a9da62d953c
p3|walker2d-expert-v2|10|0,p3,walker2d-expert-v2,10.0,0,1000000,bd31be23f18ba7c6a2f5bcaed069d0599dc604119b57b77241cc7911d19de67e,ae2f6dc048fadc75b01088dd039610d3aceb87a134182951fa9f30535b1761da,82ae696b1bbedcf7d7d0d6dc5eb4a5585f2982548ddf361b9d2aa5bbe82c12ff,2985dc3d436a8baa10e8f43f946fe1d7c6337a4e4fbc65def70618093b18c59a,0699fe5c545b08ce27c2de98745e70add2e8b387a7011051b2b5b2a7ac984c3a,59f7852fcb79d5388880a17eb8817f4ca205c0d603717863f6027c77c4335998,7c1f612c367a4c80c4b8d0e7bf4fcf44dc198f34b6d326bbf482dfb578edbcaf,2.3831328988777054,collapsed,4096,6,0.7115854381359453,0.7712293041315607,0.21529839878595508,0.6655827524503687,1.08381827788924,0.6741536458333334,0.7840169270833334,0.3842366536458333,0.16971842447916666,True,raw/walker2d-expert-v2/walker2d-expert-v2_tau10_mpi3_seed0.npz,f9ea203c4e99a79e0830ca2e9e2d7b7daf65409e3eecf650fae4d7ea27f14db1
p4|walker2d-expert-v2|10|0,p4,walker2d-expert-v2,10.0,0,1000000,d2f22df36463d906e0bcf3a4710ba316c442b774fe91fcf8068f592466f41625,b10892a212df96ce8bd1d9134019c5c705778ec574af50f706a761e13c56cc3d,257f7ec8da6412c421f0f51ae187b18030d3170a71cfe39e217e45c516ba3543,2985dc3d436a8baa10e8f43f946fe1d7c6337a4e4fbc65def70618093b18c59a,0699fe5c545b08ce27c2de98745e70add2e8b387a7011051b2b5b2a7ac984c3a,59f7852fcb79d5388880a17eb8817f4ca205c0d603717863f6027c77c4335998,7c1f612c367a4c80c4b8d0e7bf4fcf44dc198f34b6d326bbf482dfb578edbcaf,114.05795234237613,stable,4096,6,0.15885776380495173,0.18212037310690826,0.07372696131550342,0.15520783151635115,1.1464367163730114,0.0015055338541666667,0.004069010416666667,0.1602783203125,0.16971842447916666,True,raw/walker2d-expert-v2/walker2d-expert-v2_tau10_mpi4_seed0.npz,b507998f8c1fc71330464df4b97780feb860c3947e73bd202409fd8138dbb35f
td3|walker2d-expert-v2|10|1,td3,walker2d-expert-v2,10.0,1,1000000,fd20bbb3d96e61520b8290fce19985c0b83de4e5dd1b6225324ec50ede8a1b57,94e37c6291169773459b07e0ffcb9da11c92662a58d3cc066dd55c2400291417,e58205edce30c8a82fd476e5762428327d0d3b43c253b48324a06221264159cb,2985dc3d436a8baa10e8f43f946fe1d7c6337a4e4fbc65def70618093b18c59a,0699fe5c545b08ce27c2de98745e70add2e8b387a7011051b2b5b2a7ac984c3a,59f7852fcb79d5388880a17eb8817f4ca205c0d603717863f6027c77c4335998,7c1f612c367a4c80c4b8d0e7bf4fcf44dc198f34b6d326bbf482dfb578edbcaf,3.548221063975084,collapsed,4096,6,0.720312225976601,0.7243841335357455,0.01820100255197043,0.6768383023029523,1.005652975768423,0.6465250651041666,0.6465657552083334,0.3775227864583333,0.16971842447916666,True,raw/walker2d-expert-v2/walker2d-expert-v2_tau10_seed1.npz,06cfbb72c2b9a6efed44ac62442f40114fadd5e9e23b541b9a34edd84d062714
p3|walker2d-expert-v2|10|1,p3,walker2d-expert-v2,10.0,1,1000000,9b0a41a3c1dbe81e7e769a21fa2259e3f2ef269d8e1b3eac98a2e977bbae43e4,7834aadfb9c713330e9b8a4477ce5ad3d6101b03ccdb1b7ef4239a2073f7eef0,15686a2a8f6a0d90e22667998f27ee521134e9cde6dbc14b58b848e4211b47e4,2985dc3d436a8baa10e8f43f946fe1d7c6337a4e4fbc65def70618093b18c59a,0699fe5c545b08ce27c2de98745e70add2e8b387a7011051b2b5b2a7ac984c3a,59f7852fcb79d5388880a17eb8817f4ca205c0d603717863f6027c77c4335998,7c1f612c367a4c80c4b8d0e7bf4fcf44dc198f34b6d326bbf482dfb578edbcaf,-0.759876405210802,collapsed,4096,6,0.7140467145812586,0.752451966291291,0.1690894065370712,0.667381861956032,1.0537853489495494,0.7360432942708334,0.7731119791666666,0.3983561197916667,0.16971842447916666,True,raw/walker2d-expert-v2/walker2d-expert-v2_tau10_mpi3_seed1.npz,dcacc52767267842370594bb2627e99d8b59e5f10eab8ebcd374cb399dc00774
p4|walker2d-expert-v2|10|1,p4,walker2d-expert-v2,10.0,1,1000000,61d44628adea5f94aa14229427d193a43df382f96dcf9824c57394c724c5c13a,914903c9b4877cd285ce68b62f13d965fb6fd8ba58d5ca0b3be6c8370367c051,b578bdebf0c0813680cd3eefa13e0cbdd3153be944adb48212aa1d5856fea425,2985dc3d436a8baa10e8f43f946fe1d7c6337a4e4fbc65def70618093b18c59a,0699fe5c545b08ce27c2de98745e70add2e8b387a7011051b2b5b2a7ac984c3a,59f7852fcb79d5388880a17eb8817f4ca205c0d603717863f6027c77c4335998,7c1f612c367a4c80c4b8d0e7bf4fcf44dc198f34b6d326bbf482dfb578edbcaf,115.20855124269404,stable,4096,6,0.1589877695906511,0.1896603403843104,0.08724048604161258,0.15531860662823238,1.192924090152548,0.0,0.013631184895833334,0.16109212239583334,0.16971842447916666,True,raw/walker2d-expert-v2/walker2d-expert-v2_tau10_mpi4_seed1.npz,d016918ca8d229cc972743e474e493d29189847f985df26038dcf5b759dde833
td3|walker2d-expert-v2|14|0,td3,walker2d-expert-v2,14.0,0,1000000,7eee81e16118e63421c9900c249eb9432d43ecda8a76d6a647d27272be21b0d1,aec7a10b63a9b5a5828b0c046dc53ace915b1a7440a5608d5c315f6ae41e69c2,4d3bb55fed3003df0e4d3924afedd3f194f273c5359d57336b33aeddb55e3e4a,2985dc3d436a8baa10e8f43f946fe1d7c6337a4e4fbc65def70618093b18c59a,0699fe5c545b08ce27c2de98745e70add2e8b387a7011051b2b5b2a7ac984c3a,59f7852fcb79d5388880a17eb8817f4ca205c0d603717863f6027c77c4335998,7c1f612c367a4c80c4b8d0e7bf4fcf44dc198f34b6d326bbf482dfb578edbcaf,0.8345191745902986,collapsed,4096,6,0.7276816047849767,0.7285111156649888,0.02511285008443473,0.6822151087422872,1.0011399365801712,0.7017008463541666,0.701416015625,0.4028727213541667,0.16971842447916666,True,raw/walker2d-expert-v2/walker2d-expert-v2_tau14_seed0.npz,795eae03d63b9b2425a98018e9f23513844ba1ae6696fb215843ad30e55e7e91
p3|walker2d-expert-v2|14|0,p3,walker2d-expert-v2,14.0,0,1000000,ec93d4959ead9ff70e7fb96f7e6f72afdaf24f5efd16cf215c4ef32e114f6c31,dac8610db3cc03b678eafd05afbad56b4e33245fa98e615f6363a9e1e07ca989,f4348b8fe6cc73c44ddc933917a0a9dd2b008e3ce3fd45c31842c528f2af6ede,2985dc3d436a8baa10e8f43f946fe1d7c6337a4e4fbc65def70618093b18c59a,0699fe5c545b08ce27c2de98745e70add2e8b387a7011051b2b5b2a7ac984c3a,59f7852fcb79d5388880a17eb8817f4ca205c0d603717863f6027c77c4335998,7c1f612c367a4c80c4b8d0e7bf4fcf44dc198f34b6d326bbf482dfb578edbcaf,2.3018707417014848,collapsed,4096,6,0.6365422597822893,0.8294953564837259,0.536478234394618,0.5971816195896117,1.303126923210771,0.6089680989583334,0.8688557942708334,0.365478515625,0.16971842447916666,True,raw/walker2d-expert-v2/walker2d-expert-v2_tau14_mpi3_seed0.npz,2cc7dc4fb5fea0053c8da896685edb3e22e59de3bcb92fed16d49a884d0223d0
p4|walker2d-expert-v2|14|0,p4,walker2d-expert-v2,14.0,0,1000000,4e9d1f07c7684387a4ff77fdbd1cd063601e7efb160b658ceae6edb8ee9a8233,b8b3740e404870847701cf80c530e73479be9cf87450986ce23ef10d42cbc4be,d0db1461075c198e65e59f1b511f76f14ca4863614e81800f5818a6f564edbd8,2985dc3d436a8baa10e8f43f946fe1d7c6337a4e4fbc65def70618093b18c59a,0699fe5c545b08ce27c2de98745e70add2e8b387a7011051b2b5b2a7ac984c3a,59f7852fcb79d5388880a17eb8817f4ca205c0d603717863f6027c77c4335998,7c1f612c367a4c80c4b8d0e7bf4fcf44dc198f34b6d326bbf482dfb578edbcaf,8.391060698917197,collapsed,4096,6,0.6100461417773396,0.7985779545656244,0.4665444047206796,0.5721506667533447,1.3090451686802027,0.5513509114583334,0.8842366536458334,0.3439534505208333,0.16971842447916666,True,raw/walker2d-expert-v2/walker2d-expert-v2_tau14_mpi4_seed0.npz,0e0222dcc4c3f02e3218412cb47f21f00413015d42bab3c53921822b8f0e053b
td3|walker2d-expert-v2|14|1,td3,walker2d-expert-v2,14.0,1,1000000,7d04fea265cbb03d2742670524c5e80621156583e6fd372d983800bb7ca64058,0ed0ba41a584477444f2763fce04ac3c755b3ef406f8a911cc8677dddcbc6d92,34c2d85fc2a68fe89237e4ac94f88d734836a6e237096b76db9598520e1d5658,2985dc3d436a8baa10e8f43f946fe1d7c6337a4e4fbc65def70618093b18c59a,0699fe5c545b08ce27c2de98745e70add2e8b387a7011051b2b5b2a7ac984c3a,59f7852fcb79d5388880a17eb8817f4ca205c0d603717863f6027c77c4335998,7c1f612c367a4c80c4b8d0e7bf4fcf44dc198f34b6d326bbf482dfb578edbcaf,-0.2713346597061892,collapsed,4096,6,0.8423273827263476,0.8440127445574452,0.044631891521936994,0.7882765804249627,1.0020008394190425,0.8424886067708334,0.8440348307291666,0.43896484375,0.16971842447916666,True,raw/walker2d-expert-v2/walker2d-expert-v2_tau14_seed1.npz,8189d28c9b8159207a1e40c1d3db6fc772ae5fc71bfaf1b2104c4e2cab7a3bb5
p3|walker2d-expert-v2|14|1,p3,walker2d-expert-v2,14.0,1,1000000,921a5d6f0ff58682296c78efd6d6fcf39cdcfbc8f1886b8e696b18216cfb7cdb,3f00f52619c6bd818e0208da0b0697f860684e23acebf94cee9c41f81c110343,54d411d7f2a757ca326a99fd0671346ffeb010c9898ff2b219b61fdfeb806830,2985dc3d436a8baa10e8f43f946fe1d7c6337a4e4fbc65def70618093b18c59a,0699fe5c545b08ce27c2de98745e70add2e8b387a7011051b2b5b2a7ac984c3a,59f7852fcb79d5388880a17eb8817f4ca205c0d603717863f6027c77c4335998,7c1f612c367a4c80c4b8d0e7bf4fcf44dc198f34b6d326bbf482dfb578edbcaf,-0.2713346597061892,collapsed,4096,6,0.7593976636134335,0.8653297994216909,0.32094850599013636,0.7128477039280202,1.1394949456444226,0.7027994791666666,0.9213460286458334,0.3986409505208333,0.16971842447916666,True,raw/walker2d-expert-v2/walker2d-expert-v2_tau14_mpi3_seed1.npz,7c796e3fdf4f2d8f9fab8de42022b98482d37d79023ec42f3913c5492234d09c
p4|walker2d-expert-v2|14|1,p4,walker2d-expert-v2,14.0,1,1000000,e4323ca574917fb19829e9c04009bf471e3298419aa7546acd4a96885da51234,7b0d5835c4c43417214fa75974a587794bc4c7387bc2894a6ca8f1b2b80356a6,90aa28e593b0a0067b7b337c55251b7c65a5ac77b34bf86b6efa7be883b758a5,2985dc3d436a8baa10e8f43f946fe1d7c6337a4e4fbc65def70618093b18c59a,0699fe5c545b08ce27c2de98745e70add2e8b387a7011051b2b5b2a7ac984c3a,59f7852fcb79d5388880a17eb8817f4ca205c0d603717863f6027c77c4335998,7c1f612c367a4c80c4b8d0e7bf4fcf44dc198f34b6d326bbf482dfb578edbcaf,-0.27133465962813996,collapsed,4096,6,0.7229628710252113,0.8181176151995528,0.2521094273153379,0.678385057250281,1.1316177468967465,0.656494140625,0.809814453125,0.3760579427083333,0.16971842447916666,True,raw/walker2d-expert-v2/walker2d-expert-v2_tau14_mpi4_seed1.npz,75faec7326c32cdb78b74f7cd613abef243dcb7678fbd7ed73841eac50f1adc5
td3|walker2d-expert-v2|20|0,td3,walker2d-expert-v2,20.0,0,1000000,f4264328acab52616c45f79c71b2d4d204392518358659ea1284be2083235d12,111428b5134b566d4e95c032d9bcca7797f03866f7a24bd7af308672b9430b1b,2765601b2cc63ab248df15a8d2011faa51ca9a4bb56a8d68901d85a10c0f1234,2985dc3d436a8baa10e8f43f946fe1d7c6337a4e4fbc65def70618093b18c59a,0699fe5c545b08ce27c2de98745e70add2e8b387a7011051b2b5b2a7ac984c3a,59f7852fcb79d5388880a17eb8817f4ca205c0d603717863f6027c77c4335998,7c1f612c367a4c80c4b8d0e7bf4fcf44dc198f34b6d326bbf482dfb578edbcaf,2.3018707417014848,collapsed,4096,6,0.840979602186192,0.8418231738481409,0.026155110679763557,0.7865222552709514,1.0010030821910019,0.8322347005208334,0.8322347005208334,0.4420166015625,0.16971842447916666,True,raw/walker2d-expert-v2/walker2d-expert-v2_tau20_seed0.npz,a01dfb22b3653a17fc20560977a8b768a2fc1451213db74491121ea412a281aa
p3|walker2d-expert-v2|20|0,p3,walker2d-expert-v2,20.0,0,1000000,880c39e76b8d5eec8fe14c3d5fcc5adbef05e5e72bb6264c37efb393bcbf87ac,fece62ccda5366cfebf16bb2ba9dd5426acf7ce488fcaedfbd503f3664506d0a,b8b0cd92cd09a0a8def8cd8e6c921c6435b95240b4764f400251bffabc1a8a33,2985dc3d436a8baa10e8f43f946fe1d7c6337a4e4fbc65def70618093b18c59a,0699fe5c545b08ce27c2de98745e70add2e8b387a7011051b2b5b2a7ac984c3a,59f7852fcb79d5388880a17eb8817f4ca205c0d603717863f6027c77c4335998,7c1f612c367a4c80c4b8d0e7bf4fcf44dc198f34b6d326bbf482dfb578edbcaf,2.3018707417014848,collapsed,4096,6,0.6659195607512175,0.8424549332229333,0.5596735428008802,0.6251731649102907,1.2651001455379505,0.6466471354166666,0.9052327473958334,0.3793538411458333,0.16971842447916666,True,raw/walker2d-expert-v2/walker2d-expert-v2_tau20_mpi3_seed0.npz,f61ff9faaba5fe0032342e557e67a9b49f8ce7fdd6b939cb6ff0e7610a929cad
p4|walker2d-expert-v2|20|0,p4,walker2d-expert-v2,20.0,0,1000000,b679014b1fa5ab561f93ef341e959b191cbbf85c11e8eb74e127c4996e5463d8,f85be01b4864e15a2b7f1e6fa0605974971ba045ba4a9b1e392e29ef51cf9893,1f6f5fd940e9a0112b417856bc25d05b4e8a3a7af2349389a60d132cc1ccde0d,2985dc3d436a8baa10e8f43f946fe1d7c6337a4e4fbc65def70618093b18c59a,0699fe5c545b08ce27c2de98745e70add2e8b387a7011051b2b5b2a7ac984c3a,59f7852fcb79d5388880a17eb8817f4ca205c0d603717863f6027c77c4335998,7c1f612c367a4c80c4b8d0e7bf4fcf44dc198f34b6d326bbf482dfb578edbcaf,2.301870741924962,collapsed,4096,6,0.656118925552047,0.8400844071427135,0.4392326863640057,0.6156400209583246,1.2803843547659919,0.5661214192708334,0.8492024739583334,0.3538004557291667,0.16971842447916666,True,raw/walker2d-expert-v2/walker2d-expert-v2_tau20_mpi4_seed0.npz,26e299af2f10268ccf07173acae54622893186e56ba92f59634e4da9f872d2cb
td3|walker2d-expert-v2|20|1,td3,walker2d-expert-v2,20.0,1,1000000,a6aa687a4a132bfdf7170b7e8a100315e800b119e5de1b922902dfbf8983d5c7,567267a87e4fbc17de9bbb31b77f3a8bbb30f9ba672dbc2811379306e61d1bc7,6459b78f86a30683cda695de3377d34df958e8ea0ef5e7346341096088a253bb,2985dc3d436a8baa10e8f43f946fe1d7c6337a4e4fbc65def70618093b18c59a,0699fe5c545b08ce27c2de98745e70add2e8b387a7011051b2b5b2a7ac984c3a,59f7852fcb79d5388880a17eb8817f4ca205c0d603717863f6027c77c4335998,7c1f612c367a4c80c4b8d0e7bf4fcf44dc198f34b6d326bbf482dfb578edbcaf,2.368422904146782,collapsed,4096,6,0.8843539693354012,0.8843539693354012,0.0,0.8239952952932609,1.0,1.0,1.0,0.5005696614583334,0.16971842447916666,True,raw/walker2d-expert-v2/walker2d-expert-v2_tau20_seed1.npz,33a104e7d49f0f1034244d070d6c7d68da3ea6e861df8e43c4b49656f2241472
p3|walker2d-expert-v2|20|1,p3,walker2d-expert-v2,20.0,1,1000000,c95631941c3f726c8ef461a76bff8807b510389d158e6adfa700d592b1d777bd,309f6e444f11c08fb66d41f930360c0a443f4f31f68dcdca1c7bdb0bbd63baa3,d1ed78637992b0e5248eb25ea43b45424ded36bfbdb51ecd32d66088a41b189f,2985dc3d436a8baa10e8f43f946fe1d7c6337a4e4fbc65def70618093b18c59a,0699fe5c545b08ce27c2de98745e70add2e8b387a7011051b2b5b2a7ac984c3a,59f7852fcb79d5388880a17eb8817f4ca205c0d603717863f6027c77c4335998,7c1f612c367a4c80c4b8d0e7bf4fcf44dc198f34b6d326bbf482dfb578edbcaf,-0.2713346597061892,collapsed,4096,6,0.802082542551243,0.8656187440993229,0.24267629272146782,0.7519976855772197,1.079214043664366,0.7718098958333334,0.9115397135416666,0.4186197916666667,0.16971842447916666,True,raw/walker2d-expert-v2/walker2d-expert-v2_tau20_mpi3_seed1.npz,b1f141eb2ff0b31003d28f71fea18f3d7de2242a889fb636ba8ac1cae2311b59
p4|walker2d-expert-v2|20|1,p4,walker2d-expert-v2,20.0,1,1000000,a991e5aea74d337df9e168d034d92c199e90781866568502855db07d0a0f7eb0,e2ab0715962c039897ab2d8fa1ce69d595c9dc0c9fe88b7c56008e95f62bd564,7879456581f3aa441423afa7610d931e437191c4427e6069056e3006235ad6da,2985dc3d436a8baa10e8f43f946fe1d7c6337a4e4fbc65def70618093b18c59a,0699fe5c545b08ce27c2de98745e70add2e8b387a7011051b2b5b2a7ac984c3a,59f7852fcb79d5388880a17eb8817f4ca205c0d603717863f6027c77c4335998,7c1f612c367a4c80c4b8d0e7bf4fcf44dc198f34b6d326bbf482dfb578edbcaf,-0.27133466509562587,collapsed,4096,6,0.7321156015466556,0.8160191647110921,0.2436054814665605,0.6865476291523273,1.1146042551028599,0.68505859375,0.7892252604166666,0.3844401041666667,0.16971842447916666,True,raw/walker2d-expert-v2/walker2d-expert-v2_tau20_mpi4_seed1.npz,23c687fa3ab4ab0fdbad229f7b8187717e54c32013085099eb6f372af9cb2a62
