key,method,environment,tau,seed,checkpoint_step,checkpoint_file_sha256,weights_sha256,config_sha256,dataset_sha256,normalization_sha256,selected_transition_sha256,common_noise_sha256,external_score,stability,critic_scope,critic_params_sha256,gamma,action_clip_target_fraction,action_clip_dataset_fraction,n_rows,delta_y_rms,delta_y_abs_mean,target_actor_rms,target_dataset_rms,target_actor_abs_mean,target_dataset_abs_mean,q_actor_abs_mean,q_dataset_abs_mean,all_finite,action_clip_target_fraction_no_noise,action_clip_dataset_fraction_no_noise,delta_y_rms_no_noise,delta_y_abs_mean_no_noise,smoothing_delta_y_rms_change,smoothing_delta_y_rms_ratio,no_noise_all_finite,raw_npz,raw_sha256
td3|halfcheetah-medium-v2|4|0,td3,halfcheetah-medium-v2,4.0,0,1000000,7ad214a025859acb7470c19e6614652556130d0cc6177ca94b94956828402cc4,ea13f8f19c206104dd3c967a71398ce2b71326b297f29f8f59f6a6c64d4a87cd,4b77f51c6f967d082f97bcd019acbe59745069cec83d57160c3b4ca4d6670fbd,41324e8487a9556d8cfa4538827f8937f4d63dae3030825ebc9f3a726ed08ca0,51caf28579bcf0013343423215dd5726ae413ef0b9b26b62ac1b2c5fc057f353,f20b34392225e6018651d4267640ab507f18639f458d111acf32721f16328ed6,1089581c802a0f5b9679e0f7426544a2e7d61c1b00ecc63f7b60086fbe80f210,52.55501555283176,stable,within_run_target_critic,3a78d06eb3521779ee713850dfbe91a8c61e885041b81c31c24b4d4ec3f45318,0.99,0.24568684895833334,0.24462890625,4096,3.2832701619878213,1.6644066978804768,504.2007845798827,502.8566397780556,502.0841093957024,500.7184323954741,502.3190446686931,500.93957295129076,True,0.0,0.0,3.2510002281862977,1.7773379259277133,0.03226993380152354,1.0099261555018488,True,raw/halfcheetah-medium-v2/halfcheetah-medium-v2_tau4_seed0.npz,f404c36f698005e7cfa773b8da70b64f7d133bef47e671e39ab77b999697acf1
td3|halfcheetah-medium-v2|4|0,td3,halfcheetah-medium-v2,4.0,0,1000000,7ad214a025859acb7470c19e6614652556130d0cc6177ca94b94956828402cc4,ea13f8f19c206104dd3c967a71398ce2b71326b297f29f8f59f6a6c64d4a87cd,4b77f51c6f967d082f97bcd019acbe59745069cec83d57160c3b4ca4d6670fbd,41324e8487a9556d8cfa4538827f8937f4d63dae3030825ebc9f3a726ed08ca0,51caf28579bcf0013343423215dd5726ae413ef0b9b26b62ac1b2c5fc057f353,f20b34392225e6018651d4267640ab507f18639f458d111acf32721f16328ed6,1089581c802a0f5b9679e0f7426544a2e7d61c1b00ecc63f7b60086fbe80f210,52.55501555283176,stable,common_td3_target_critic,3a78d06eb3521779ee713850dfbe91a8c61e885041b81c31c24b4d4ec3f45318,0.99,0.24568684895833334,0.24462890625,4096,3.2832701619878213,1.6644066978804768,504.2007845798827,502.8566397780556,502.0841093957024,500.7184323954741,502.3190446686931,500.93957295129076,True,0.0,0.0,3.2510002281862977,1.7773379259277133,0.03226993380152354,1.0099261555018488,True,raw/halfcheetah-medium-v2/halfcheetah-medium-v2_tau4_seed0.npz,f404c36f698005e7cfa773b8da70b64f7d133bef47e671e39ab77b999697acf1
p3|halfcheetah-medium-v2|4|0,p3,halfcheetah-medium-v2,4.0,0,1000000,21075ab730ae3e6075d22719218a44a7e1dc7bb00aff426c45fa2829448e1a54,021456f951e305b8c909c6ba828a3f8756237d910d1cb3784f9d59da57808590,8f1b9946d18f48b5fcc743e146ce9c0853c88f76abd7cde5d9c7ffa0d9702962,41324e8487a9556d8cfa4538827f8937f4d63dae3030825ebc9f3a726ed08ca0,51caf28579bcf0013343423215dd5726ae413ef0b9b26b62ac1b2c5fc057f353,f20b34392225e6018651d4267640ab507f18639f458d111acf32721f16328ed6,1089581c802a0f5b9679e0f7426544a2e7d61c1b00ecc63f7b60086fbe80f210,53.89746372095229,stable,within_run_target_critic,bc0b31c0e8af567a5a1f39c5f58315f60067aac48ee1dd60580c3525d694c513,0.99,0.2413330078125,0.24462890625,4096,3.0161835578290725,1.4510457149147986,449.4057943578121,448.44019459484343,447.45946403536436,446.4662233163366,447.14350471273065,446.1402312591672,True,0.0,0.0,3.0680348765347105,1.5362889994494617,-0.05185131870563797,0.983099501540151,True,raw/halfcheetah-medium-v2/halfcheetah-medium-v2_tau4_mpi3_seed0.npz,497d423331130105ce16a592b7a75cdd772399c75461746649cdd139f57a7bbe
p3|halfcheetah-medium-v2|4|0,p3,halfcheetah-medium-v2,4.0,0,1000000,21075ab730ae3e6075d22719218a44a7e1dc7bb00aff426c45fa2829448e1a54,021456f951e305b8c909c6ba828a3f8756237d910d1cb3784f9d59da57808590,8f1b9946d18f48b5fcc743e146ce9c0853c88f76abd7cde5d9c7ffa0d9702962,41324e8487a9556d8cfa4538827f8937f4d63dae3030825ebc9f3a726ed08ca0,51caf28579bcf0013343423215dd5726ae413ef0b9b26b62ac1b2c5fc057f353,f20b34392225e6018651d4267640ab507f18639f458d111acf32721f16328ed6,1089581c802a0f5b9679e0f7426544a2e7d61c1b00ecc63f7b60086fbe80f210,53.89746372095229,stable,common_td3_target_critic,3a78d06eb3521779ee713850dfbe91a8c61e885041b81c31c24b4d4ec3f45318,0.99,0.2413330078125,0.24462890625,4096,2.549916155569023,1.2265227595344186,503.65245200067056,502.8566397780556,501.5222192272703,500.7184323954741,501.75147884199396,500.93957295129076,True,0.0,0.0,2.5180572954351357,1.2745153966918588,0.03185886013388739,1.0126521585476402,True,raw/halfcheetah-medium-v2/halfcheetah-medium-v2_tau4_mpi3_seed0.npz,497d423331130105ce16a592b7a75cdd772399c75461746649cdd139f57a7bbe
p4|halfcheetah-medium-v2|4|0,p4,halfcheetah-medium-v2,4.0,0,1000000,6d48330a086bb601cf61b06783fcff625b2dd5a22d4c86c44c3d1ca7690d9153,50f5084ac71a2e36f93ffa65674a9cc86e7f454c83beedc9fa76ab5c3ee98c0d,3ca6a600ef986ffe64d61bab91975171f2ceb717f970ea9e40bdca991c3b57e7,41324e8487a9556d8cfa4538827f8937f4d63dae3030825ebc9f3a726ed08ca0,51caf28579bcf0013343423215dd5726ae413ef0b9b26b62ac1b2c5fc057f353,f20b34392225e6018651d4267640ab507f18639f458d111acf32721f16328ed6,1089581c802a0f5b9679e0f7426544a2e7d61c1b00ecc63f7b60086fbe80f210,53.47275204566746,stable,within_run_target_critic,afa55718178727a4a425a9b74774993ff52d8ae36faa12e338894d04785019ae,0.99,0.23982747395833334,0.24462890625,4096,2.8669563714706543,1.3857671091053634,437.69423039474873,436.8305084850273,435.60684788912954,434.72866466419265,435.17116517107934,434.28411140851676,True,0.0,0.0,2.7454770684740373,1.433138978574425,0.12147930299661702,1.0442470652519915,True,raw/halfcheetah-medium-v2/halfcheetah-medium-v2_tau4_mpi4_seed0.npz,f8a2373b325496920fb3ee5bfb209d82f542b7c076682a26000c6df0a42cb8d1
p4|halfcheetah-medium-v2|4|0,p4,halfcheetah-medium-v2,4.0,0,1000000,6d48330a086bb601cf61b06783fcff625b2dd5a22d4c86c44c3d1ca7690d9153,50f5084ac71a2e36f93ffa65674a9cc86e7f454c83beedc9fa76ab5c3ee98c0d,3ca6a600ef986ffe64d61bab91975171f2ceb717f970ea9e40bdca991c3b57e7,41324e8487a9556d8cfa4538827f8937f4d63dae3030825ebc9f3a726ed08ca0,51caf28579bcf0013343423215dd5726ae413ef0b9b26b62ac1b2c5fc057f353,f20b34392225e6018651d4267640ab507f18639f458d111acf32721f16328ed6,1089581c802a0f5b9679e0f7426544a2e7d61c1b00ecc63f7b60086fbe80f210,53.47275204566746,stable,common_td3_target_critic,3a78d06eb3521779ee713850dfbe91a8c61e885041b81c31c24b4d4ec3f45318,0.99,0.23982747395833334,0.24462890625,4096,2.297281166030185,1.150349166635424,503.5172504517768,502.8566397780556,501.38452162304617,500.7184323954741,501.6123903528787,500.93957295129076,True,0.0,0.0,2.241081001136757,1.1827815591171382,0.05620016489342827,1.0250772572990094,True,raw/halfcheetah-medium-v2/halfcheetah-medium-v2_tau4_mpi4_seed0.npz,f8a2373b325496920fb3ee5bfb209d82f542b7c076682a26000c6df0a42cb8d1
td3|halfcheetah-medium-v2|4|1,td3,halfcheetah-medium-v2,4.0,1,1000000,f732ae36fb0e397420de204120ea6d3abbde97d1f119866b22904757158fe74f,ac5599bcebc343ab910c921bdf2a65c6eeb47c4ed6b71ed7bdefb931c8c79d1c,82d5729cb2722977b8b7e20024137eaccc265183ad4aa190e722a3e3ce856f0a,41324e8487a9556d8cfa4538827f8937f4d63dae3030825ebc9f3a726ed08ca0,51caf28579bcf0013343423215dd5726ae413ef0b9b26b62ac1b2c5fc057f353,f20b34392225e6018651d4267640ab507f18639f458d111acf32721f16328ed6,1089581c802a0f5b9679e0f7426544a2e7d61c1b00ecc63f7b60086fbe80f210,53.21404461769833,stable,within_run_target_critic,cbe221f40bffabb017df9f8b4a2b2c35b5fea28ca2a47742d83439d4633375f3,0.99,0.247802734375,0.24462890625,4096,3.27050522997249,1.7254867700021714,507.3872679235074,505.9495986601946,505.23723085370335,503.7831640838781,505.5048853373155,504.03613102436066,True,0.0,0.0,3.4149903685734593,1.8946767892409118,-0.14448513860096934,0.9576909089025264,True,raw/halfcheetah-medium-v2/halfcheetah-medium-v2_tau4_seed1.npz,5f30ae9c544bac1ccf2e9746f5e27bb3ca6c542dd1a82aaeea0e4945e4171eb3
td3|halfcheetah-medium-v2|4|1,td3,halfcheetah-medium-v2,4.0,1,1000000,f732ae36fb0e397420de204120ea6d3abbde97d1f119866b22904757158fe74f,ac5599bcebc343ab910c921bdf2a65c6eeb47c4ed6b71ed7bdefb931c8c79d1c,82d5729cb2722977b8b7e20024137eaccc265183ad4aa190e722a3e3ce856f0a,41324e8487a9556d8cfa4538827f8937f4d63dae3030825ebc9f3a726ed08ca0,51caf28579bcf0013343423215dd5726ae413ef0b9b26b62ac1b2c5fc057f353,f20b34392225e6018651d4267640ab507f18639f458d111acf32721f16328ed6,1089581c802a0f5b9679e0f7426544a2e7d61c1b00ecc63f7b60086fbe80f210,53.21404461769833,stable,common_td3_target_critic,cbe221f40bffabb017df9f8b4a2b2c35b5fea28ca2a47742d83439d4633375f3,0.99,0.247802734375,0.24462890625,4096,3.27050522997249,1.7254867700021714,507.3872679235074,505.9495986601946,505.23723085370335,503.7831640838781,505.5048853373155,504.03613102436066,True,0.0,0.0,3.4149903685734593,1.8946767892409118,-0.14448513860096934,0.9576909089025264,True,raw/halfcheetah-medium-v2/halfcheetah-medium-v2_tau4_seed1.npz,5f30ae9c544bac1ccf2e9746f5e27bb3ca6c542dd1a82aaeea0e4945e4171eb3
p3|halfcheetah-medium-v2|4|1,p3,halfcheetah-medium-v2,4.0,1,1000000,3b54238ba9a6f0f9832c07ec844c93d7b84aa908952f6bca3858f368cd062d58,469defb93f268ab9732066e778bc7fa6700b134709331b41115a43e538ddc494,e0f586d74480f6381a04a6a78b2105e228fd70d299443b63a2437f111c4a5c42,41324e8487a9556d8cfa4538827f8937f4d63dae3030825ebc9f3a726ed08ca0,51caf28579bcf0013343423215dd5726ae413ef0b9b26b62ac1b2c5fc057f353,f20b34392225e6018651d4267640ab507f18639f458d111acf32721f16328ed6,1089581c802a0f5b9679e0f7426544a2e7d61c1b00ecc63f7b60086fbe80f210,53.27348125692657,stable,within_run_target_critic,a010055f85d5ac77df7ae572d8b4a53b1bed60c0ee37de6000c111e42fb1718c,0.99,0.23958333333333334,0.24462890625,4096,2.6785846894317737,1.346393978688866,451.1206205504615,450.23290072855707,449.18661602708937,448.29140967254955,448.88810268417,447.98385384120047,True,0.0,0.0,2.8855284801648833,1.4644554336369038,-0.20694379073310953,0.9282821874205572,True,raw/halfcheetah-medium-v2/halfcheetah-medium-v2_tau4_mpi3_seed1.npz,57ecf143e1394b82a7ce854acbb573d7e17dab3f63c83b2eb2a5a34b4dda6be0
p3|halfcheetah-medium-v2|4|1,p3,halfcheetah-medium-v2,4.0,1,1000000,3b54238ba9a6f0f9832c07ec844c93d7b84aa908952f6bca3858f368cd062d58,469defb93f268ab9732066e778bc7fa6700b134709331b41115a43e538ddc494,e0f586d74480f6381a04a6a78b2105e228fd70d299443b63a2437f111c4a5c42,41324e8487a9556d8cfa4538827f8937f4d63dae3030825ebc9f3a726ed08ca0,51caf28579bcf0013343423215dd5726ae413ef0b9b26b62ac1b2c5fc057f353,f20b34392225e6018651d4267640ab507f18639f458d111acf32721f16328ed6,1089581c802a0f5b9679e0f7426544a2e7d61c1b00ecc63f7b60086fbe80f210,53.27348125692657,stable,common_td3_target_critic,cbe221f40bffabb017df9f8b4a2b2c35b5fea28ca2a47742d83439d4633375f3,0.99,0.23958333333333334,0.24462890625,4096,2.438915534672594,1.2508564800582826,506.7626677170263,505.9495986601946,504.6048676189357,503.7831640838781,504.8661345951259,504.03613102436066,True,0.0,0.0,2.505776851231532,1.3266566720791162,-0.06686131655893801,0.9733171305632913,True,raw/halfcheetah-medium-v2/halfcheetah-medium-v2_tau4_mpi3_seed1.npz,57ecf143e1394b82a7ce854acbb573d7e17dab3f63c83b2eb2a5a34b4dda6be0
p4|halfcheetah-medium-v2|4|1,p4,halfcheetah-medium-v2,4.0,1,1000000,68480988ef99c1c98e7ece5939f28fc611896c2bff1fbfc50bf60800a3c603bf,7bb6fe82bda878477b522427c3bf0ac85f59f043743efe99a37bad8b3d1db5d0,575181e62e7bfd240a06a935d026429622039fe66b125931536a975d531497c5,41324e8487a9556d8cfa4538827f8937f4d63dae3030825ebc9f3a726ed08ca0,51caf28579bcf0013343423215dd5726ae413ef0b9b26b62ac1b2c5fc057f353,f20b34392225e6018651d4267640ab507f18639f458d111acf32721f16328ed6,1089581c802a0f5b9679e0f7426544a2e7d61c1b00ecc63f7b60086fbe80f210,52.81514565627216,stable,within_run_target_critic,f0d29bb5a182558d44db6672124895be3017320196277278ce46360f79d50c9e,0.99,0.23779296875,0.24462890625,4096,2.899599904543699,1.4176402713381684,438.2544343093337,437.3637876066534,434.89100667843087,434.0061550579891,434.44809324108064,433.5543037254829,True,0.0,0.0,2.8850063840422497,1.4830819342704489,0.014593520501449131,1.0050584014587176,True,raw/halfcheetah-medium-v2/halfcheetah-medium-v2_tau4_mpi4_seed1.npz,5477426dd800a37147ef7107a7d04eddf45abc7af79fc7d737977920d4500c15
p4|halfcheetah-medium-v2|4|1,p4,halfcheetah-medium-v2,4.0,1,1000000,68480988ef99c1c98e7ece5939f28fc611896c2bff1fbfc50bf60800a3c603bf,7bb6fe82bda878477b522427c3bf0ac85f59f043743efe99a37bad8b3d1db5d0,575181e62e7bfd240a06a935d026429622039fe66b125931536a975d531497c5,41324e8487a9556d8cfa4538827f8937f4d63dae3030825ebc9f3a726ed08ca0,51caf28579bcf0013343423215dd5726ae413ef0b9b26b62ac1b2c5fc057f353,f20b34392225e6018651d4267640ab507f18639f458d111acf32721f16328ed6,1089581c802a0f5b9679e0f7426544a2e7d61c1b00ecc63f7b60086fbe80f210,52.81514565627216,stable,common_td3_target_critic,cbe221f40bffabb017df9f8b4a2b2c35b5fea28ca2a47742d83439d4633375f3,0.99,0.23779296875,0.24462890625,4096,2.3816609825950725,1.1931624098215252,506.6807821676948,505.9495986601946,504.52552349497057,503.7831640838781,504.78598901536316,504.03613102436066,True,0.0,0.0,2.3837789586352,1.2518547312822192,-0.002117976040127534,0.999111504851381,True,raw/halfcheetah-medium-v2/halfcheetah-medium-v2_tau4_mpi4_seed1.npz,5477426dd800a37147ef7107a7d04eddf45abc7af79fc7d737977920d4500c15
td3|halfcheetah-medium-v2|7|0,td3,halfcheetah-medium-v2,7.0,0,1000000,33354b38dc19476c1ecd01601ffc3746c82dc85ff4fb2ca29098fbf8759e2812,1a88c422f1d6d6282a0abfa2309737c41ce3da8b2b68c6d1d901a1f3bc37974a,41c953b8cdf26df106de176357a84a846d967ead4f85f1ef47852bc4316f516c,41324e8487a9556d8cfa4538827f8937f4d63dae3030825ebc9f3a726ed08ca0,51caf28579bcf0013343423215dd5726ae413ef0b9b26b62ac1b2c5fc057f353,f20b34392225e6018651d4267640ab507f18639f458d111acf32721f16328ed6,1089581c802a0f5b9679e0f7426544a2e7d61c1b00ecc63f7b60086fbe80f210,56.53405207509182,stable,within_run_target_critic,c1e8f9171df6d4104f5ae7d5c2a3a6af01576a4fded08bb7265133ddd4351190,0.99,0.2542317708333333,0.24462890625,4096,3.5780641085247935,1.9171814511297272,534.3196103162,532.6849442770489,532.1961951843598,530.5403793044384,532.7361624389887,531.0636211461388,True,0.0,0.0,3.7028562223322474,2.0860845576552673,-0.12479211380745392,0.9662984176769215,True,raw/halfcheetah-medium-v2/halfcheetah-medium-v2_tau7_seed0.npz,76e2e76fc0ebb2a8dbe1b1faaaad5f693d9544b81d813b43de9420d85da61b72
td3|halfcheetah-medium-v2|7|0,td3,halfcheetah-medium-v2,7.0,0,1000000,33354b38dc19476c1ecd01601ffc3746c82dc85ff4fb2ca29098fbf8759e2812,1a88c422f1d6d6282a0abfa2309737c41ce3da8b2b68c6d1d901a1f3bc37974a,41c953b8cdf26df106de176357a84a846d967ead4f85f1ef47852bc4316f516c,41324e8487a9556d8cfa4538827f8937f4d63dae3030825ebc9f3a726ed08ca0,51caf28579bcf0013343423215dd5726ae413ef0b9b26b62ac1b2c5fc057f353,f20b34392225e6018651d4267640ab507f18639f458d111acf32721f16328ed6,1089581c802a0f5b9679e0f7426544a2e7d61c1b00ecc63f7b60086fbe80f210,56.53405207509182,stable,common_td3_target_critic,c1e8f9171df6d4104f5ae7d5c2a3a6af01576a4fded08bb7265133ddd4351190,0.99,0.2542317708333333,0.24462890625,4096,3.5780641085247935,1.9171814511297272,534.3196103162,532.6849442770489,532.1961951843598,530.5403793044384,532.7361624389887,531.0636211461388,True,0.0,0.0,3.7028562223322474,2.0860845576552673,-0.12479211380745392,0.9662984176769215,True,raw/halfcheetah-medium-v2/halfcheetah-medium-v2_tau7_seed0.npz,76e2e76fc0ebb2a8dbe1b1faaaad5f693d9544b81d813b43de9420d85da61b72
p3|halfcheetah-medium-v2|7|0,p3,halfcheetah-medium-v2,7.0,0,1000000,b8597e59803bf6789eb89c6a74f2e3cc8dc64908d549ac860220bfd6547f29fd,69684eec2822f7bf9bb8d7440b060d6555199510076047a8304587567f9114a3,270d03b0496836a1a82db827e7aebd80b8e9f13819081bb635496b170b7b24f2,41324e8487a9556d8cfa4538827f8937f4d63dae3030825ebc9f3a726ed08ca0,51caf28579bcf0013343423215dd5726ae413ef0b9b26b62ac1b2c5fc057f353,f20b34392225e6018651d4267640ab507f18639f458d111acf32721f16328ed6,1089581c802a0f5b9679e0f7426544a2e7d61c1b00ecc63f7b60086fbe80f210,56.58806324844725,stable,within_run_target_critic,3a43bf76d26cfdea8968212be9aedb3db2ca2f341bc7d38bf6266e0a130c6821,0.99,0.24605305989583334,0.24462890625,4096,3.123129046335211,1.5378747467324136,477.48942243724684,476.35147835578897,475.5096883173886,474.34792955613165,475.47706172056496,474.30356802232563,True,0.0,0.0,2.99838334724082,1.629495343118906,0.1247456990943907,1.0416043196108278,True,raw/halfcheetah-medium-v2/halfcheetah-medium-v2_tau7_mpi3_seed0.npz,7264198f406ab743826cc7fc7f6dff2dc1349f74736aeaf25582f517f4c91265
p3|halfcheetah-medium-v2|7|0,p3,halfcheetah-medium-v2,7.0,0,1000000,b8597e59803bf6789eb89c6a74f2e3cc8dc64908d549ac860220bfd6547f29fd,69684eec2822f7bf9bb8d7440b060d6555199510076047a8304587567f9114a3,270d03b0496836a1a82db827e7aebd80b8e9f13819081bb635496b170b7b24f2,41324e8487a9556d8cfa4538827f8937f4d63dae3030825ebc9f3a726ed08ca0,51caf28579bcf0013343423215dd5726ae413ef0b9b26b62ac1b2c5fc057f353,f20b34392225e6018651d4267640ab507f18639f458d111acf32721f16328ed6,1089581c802a0f5b9679e0f7426544a2e7d61c1b00ecc63f7b60086fbe80f210,56.58806324844725,stable,common_td3_target_critic,c1e8f9171df6d4104f5ae7d5c2a3a6af01576a4fded08bb7265133ddd4351190,0.99,0.24605305989583334,0.24462890625,4096,2.5397357349328162,1.3047375857038424,533.6447946020375,532.6849442770489,531.507379704243,530.5403793044384,532.0403892267495,531.0636211461388,True,0.0,0.0,2.5398496291181507,1.382892599743791,-0.00011389418533447326,0.9999551571148036,True,raw/halfcheetah-medium-v2/halfcheetah-medium-v2_tau7_mpi3_seed0.npz,7264198f406ab743826cc7fc7f6dff2dc1349f74736aeaf25582f517f4c91265
p4|halfcheetah-medium-v2|7|0,p4,halfcheetah-medium-v2,7.0,0,1000000,4404bd9595bbcbacee61e95d73138b62f45039b0817ff9b73496a8978a4b5394,80767477810d45a66e0e55f4bd418936573a5545c4f78635b92515dbda0e4f77,fea53c00fe52db2aa35e16dae18ad29240e79ddd43e50cf7d6ffe0b6e4183112,41324e8487a9556d8cfa4538827f8937f4d63dae3030825ebc9f3a726ed08ca0,51caf28579bcf0013343423215dd5726ae413ef0b9b26b62ac1b2c5fc057f353,f20b34392225e6018651d4267640ab507f18639f458d111acf32721f16328ed6,1089581c802a0f5b9679e0f7426544a2e7d61c1b00ecc63f7b60086fbe80f210,57.724175554446,stable,within_run_target_critic,c9e778c5ab223885a21108e24e6340cc5f9d071b5ba224289051db850f8b3e66,0.99,0.24173990885416666,0.24462890625,4096,3.0757879536967674,1.4768060065666213,466.9286871401003,465.9047333473593,464.6927624826385,463.6431836791542,464.5508768816944,463.4906962721143,True,0.0,0.0,3.1055567659459387,1.5494248873880134,-0.029768812249171273,0.9904143396844,True,raw/halfcheetah-medium-v2/halfcheetah-medium-v2_tau7_mpi4_seed0.npz,3ca1d496b4a9103a52071e465a9b34c8971745d3c453e5bd37715c8648cb0864
p4|halfcheetah-medium-v2|7|0,p4,halfcheetah-medium-v2,7.0,0,1000000,4404bd9595bbcbacee61e95d73138b62f45039b0817ff9b73496a8978a4b5394,80767477810d45a66e0e55f4bd418936573a5545c4f78635b92515dbda0e4f77,fea53c00fe52db2aa35e16dae18ad29240e79ddd43e50cf7d6ffe0b6e4183112,41324e8487a9556d8cfa4538827f8937f4d63dae3030825ebc9f3a726ed08ca0,51caf28579bcf0013343423215dd5726ae413ef0b9b26b62ac1b2c5fc057f353,f20b34392225e6018651d4267640ab507f18639f458d111acf32721f16328ed6,1089581c802a0f5b9679e0f7426544a2e7d61c1b00ecc63f7b60086fbe80f210,57.724175554446,stable,common_td3_target_critic,c1e8f9171df6d4104f5ae7d5c2a3a6af01576a4fded08bb7265133ddd4351190,0.99,0.24173990885416666,0.24462890625,4096,2.389098403174803,1.2220262900507077,533.5229765570364,532.6849442770489,531.3805945361355,530.5403793044384,531.9123234003782,531.0636211461388,True,0.0,0.0,2.37101762926805,1.2821634545596314,0.018080773906753222,1.0076257441883023,True,raw/halfcheetah-medium-v2/halfcheetah-medium-v2_tau7_mpi4_seed0.npz,3ca1d496b4a9103a52071e465a9b34c8971745d3c453e5bd37715c8648cb0864
td3|halfcheetah-medium-v2|7|1,td3,halfcheetah-medium-v2,7.0,1,1000000,3d4e2a95eba777e84adb1dbf3015087669ebed743bcb14ace0dc10268542986f,f2226ceba71c3a40ee3df1d40181e3a1c89235e017a78d89a99db2a99fa85b69,272c94abe75c4aead4c3943761789cbc01b585b4c2349b2021674fecb06e8ec9,41324e8487a9556d8cfa4538827f8937f4d63dae3030825ebc9f3a726ed08ca0,51caf28579bcf0013343423215dd5726ae413ef0b9b26b62ac1b2c5fc057f353,f20b34392225e6018651d4267640ab507f18639f458d111acf32721f16328ed6,1089581c802a0f5b9679e0f7426544a2e7d61c1b00ecc63f7b60086fbe80f210,57.54999629458176,stable,within_run_target_critic,5bbe52b334803ac399db9cbf9dca85dd3cdfd91e8680ffbef4e362a28333fada,0.99,0.2511393229166667,0.24462890625,4096,3.4035732260915323,1.8475342548452316,535.3182042829039,533.7233314920788,533.0554020931172,531.448921379407,533.6031787064858,531.9804709148593,True,0.0,0.0,3.4958645736681704,2.041848657731898,-0.09229134757663804,0.9735998504427767,True,raw/halfcheetah-medium-v2/halfcheetah-medium-v2_tau7_seed1.npz,20b48bdb5bd345d0431d25df6dcbbc4c5ab7dea2bfa223f8c730a65f5d8e3846
td3|halfcheetah-medium-v2|7|1,td3,halfcheetah-medium-v2,7.0,1,1000000,3d4e2a95eba777e84adb1dbf3015087669ebed743bcb14ace0dc10268542986f,f2226ceba71c3a40ee3df1d40181e3a1c89235e017a78d89a99db2a99fa85b69,272c94abe75c4aead4c3943761789cbc01b585b4c2349b2021674fecb06e8ec9,41324e8487a9556d8cfa4538827f8937f4d63dae3030825ebc9f3a726ed08ca0,51caf28579bcf0013343423215dd5726ae413ef0b9b26b62ac1b2c5fc057f353,f20b34392225e6018651d4267640ab507f18639f458d111acf32721f16328ed6,1089581c802a0f5b9679e0f7426544a2e7d61c1b00ecc63f7b60086fbe80f210,57.54999629458176,stable,common_td3_target_critic,5bbe52b334803ac399db9cbf9dca85dd3cdfd91e8680ffbef4e362a28333fada,0.99,0.2511393229166667,0.24462890625,4096,3.4035732260915323,1.8475342548452316,535.3182042829039,533.7233314920788,533.0554020931172,531.448921379407,533.6031787064858,531.9804709148593,True,0.0,0.0,3.4958645736681704,2.041848657731898,-0.09229134757663804,0.9735998504427767,True,raw/halfcheetah-medium-v2/halfcheetah-medium-v2_tau7_seed1.npz,20b48bdb5bd345d0431d25df6dcbbc4c5ab7dea2bfa223f8c730a65f5d8e3846
p3|halfcheetah-medium-v2|7|1,p3,halfcheetah-medium-v2,7.0,1,1000000,316c80cb7e8b272863a802acf6e7065ab549d587472703fd2c76ac28cb148e1e,89b9b4bdcb144ccae30bde9aaff5773d2ff3c664d6f20157922e97091a7c20df,36fc11c0bfa3fd9c79b2c13be7c42bec840e146a1524ac61ba74e94a1b161113,41324e8487a9556d8cfa4538827f8937f4d63dae3030825ebc9f3a726ed08ca0,51caf28579bcf0013343423215dd5726ae413ef0b9b26b62ac1b2c5fc057f353,f20b34392225e6018651d4267640ab507f18639f458d111acf32721f16328ed6,1089581c802a0f5b9679e0f7426544a2e7d61c1b00ecc63f7b60086fbe80f210,57.49236408610612,stable,within_run_target_critic,375dfc50fd3ae0003f2361ae2418ea661d83bda2a5ca0fd1552fd4e6fa2f109c,0.99,0.24064127604166666,0.24462890625,4096,3.013843481279975,1.53855460784398,477.37571441040586,476.2075982080628,475.3002370893812,474.1166821626523,475.26549769658595,474.06998766958714,True,0.0,0.0,3.1939441483975224,1.6722939955070615,-0.18010066711754735,0.9436118295281062,True,raw/halfcheetah-medium-v2/halfcheetah-medium-v2_tau7_mpi3_seed1.npz,be84316836d8837d4f0f5e8a68945793c2f78f379b3ff4d948fafec3c39eb155
p3|halfcheetah-medium-v2|7|1,p3,halfcheetah-medium-v2,7.0,1,1000000,316c80cb7e8b272863a802acf6e7065ab549d587472703fd2c76ac28cb148e1e,89b9b4bdcb144ccae30bde9aaff5773d2ff3c664d6f20157922e97091a7c20df,36fc11c0bfa3fd9c79b2c13be7c42bec840e146a1524ac61ba74e94a1b161113,41324e8487a9556d8cfa4538827f8937f4d63dae3030825ebc9f3a726ed08ca0,51caf28579bcf0013343423215dd5726ae413ef0b9b26b62ac1b2c5fc057f353,f20b34392225e6018651d4267640ab507f18639f458d111acf32721f16328ed6,1089581c802a0f5b9679e0f7426544a2e7d61c1b00ecc63f7b60086fbe80f210,57.49236408610612,stable,common_td3_target_critic,5bbe52b334803ac399db9cbf9dca85dd3cdfd91e8680ffbef4e362a28333fada,0.99,0.24064127604166666,0.24462890625,4096,2.58945218447149,1.3173681221622973,534.661598826313,533.7233314920788,532.3892528123101,531.448921379407,532.9303006450646,531.9804709148593,True,0.0,0.0,2.5626986814771793,1.3930859916564078,0.026753502994310896,1.010439581987411,True,raw/halfcheetah-medium-v2/halfcheetah-medium-v2_tau7_mpi3_seed1.npz,be84316836d8837d4f0f5e8a68945793c2f78f379b3ff4d948fafec3c39eb155
p4|halfcheetah-medium-v2|7|1,p4,halfcheetah-medium-v2,7.0,1,1000000,5bba05c1fc78c49f595c2c2adf8e07059461ea774ef16404205599dab41c6a42,fc3bc00f39a0a93c70e3c0c86f50f8ce25a5313a3a7cf7d06735d56a4bff7610,9959678265e9454a51c9c12c351c1c6bc236429944716c937db2d9586fd34a5a,41324e8487a9556d8cfa4538827f8937f4d63dae3030825ebc9f3a726ed08ca0,51caf28579bcf0013343423215dd5726ae413ef0b9b26b62ac1b2c5fc057f353,f20b34392225e6018651d4267640ab507f18639f458d111acf32721f16328ed6,1089581c802a0f5b9679e0f7426544a2e7d61c1b00ecc63f7b60086fbe80f210,54.90533813855326,stable,within_run_target_critic,a94b58115df87d3e64560203e5d8d1900232ccf657f836bd6929e883576b2d65,0.99,0.24100748697916666,0.24462890625,4096,2.8857465999616907,1.4468667785357683,461.4754368325158,460.4359424269672,459.3129154095841,458.25784385388215,459.1166879190132,458.05095907486975,True,0.0,0.0,3.034204996682569,1.546348193362355,-0.14845839672087813,0.9510717315134626,True,raw/halfcheetah-medium-v2/halfcheetah-medium-v2_tau7_mpi4_seed1.npz,5cb453a69f735ab9631fb37cf91193f9d3ea9d735c7768b82f25a9552c755c3a
p4|halfcheetah-medium-v2|7|1,p4,halfcheetah-medium-v2,7.0,1,1000000,5bba05c1fc78c49f595c2c2adf8e07059461ea774ef16404205599dab41c6a42,fc3bc00f39a0a93c70e3c0c86f50f8ce25a5313a3a7cf7d06735d56a4bff7610,9959678265e9454a51c9c12c351c1c6bc236429944716c937db2d9586fd34a5a,41324e8487a9556d8cfa4538827f8937f4d63dae3030825ebc9f3a726ed08ca0,51caf28579bcf0013343423215dd5726ae413ef0b9b26b62ac1b2c5fc057f353,f20b34392225e6018651d4267640ab507f18639f458d111acf32721f16328ed6,1089581c802a0f5b9679e0f7426544a2e7d61c1b00ecc63f7b60086fbe80f210,54.90533813855326,stable,common_td3_target_critic,5bbe52b334803ac399db9cbf9dca85dd3cdfd91e8680ffbef4e362a28333fada,0.99,0.24100748697916666,0.24462890625,4096,2.3568387550948646,1.2096856969501824,534.538769493602,533.7233314920788,532.2689698938532,531.448921379407,532.8088027476333,531.9804709148593,True,0.0,0.0,2.4141653596446204,1.2919496226031333,-0.0573266045497558,0.9762540687941134,True,raw/halfcheetah-medium-v2/halfcheetah-medium-v2_tau7_mpi4_seed1.npz,5cb453a69f735ab9631fb37cf91193f9d3ea9d735c7768b82f25a9552c755c3a
td3|halfcheetah-medium-v2|10|0,td3,halfcheetah-medium-v2,10.0,0,1000000,e3bb66d0e33047b49bf94c053151ca47c309db808c67b5a78068497f1c519a9a,68513ff7c1d8ed95ce25c8e7493e94112e91594cc404587a9abf7ba1ba377f2a,d83a527733155095c6e970a4d9ad02564d2fb33a8a7e36a42603c469df4c625d,41324e8487a9556d8cfa4538827f8937f4d63dae3030825ebc9f3a726ed08ca0,51caf28579bcf0013343423215dd5726ae413ef0b9b26b62ac1b2c5fc057f353,f20b34392225e6018651d4267640ab507f18639f458d111acf32721f16328ed6,1089581c802a0f5b9679e0f7426544a2e7d61c1b00ecc63f7b60086fbe80f210,57.86957846261852,stable,within_run_target_critic,4863d32479db181c5db21bfe922fa415c876eb66a35174868ddd1c4e3f09170e,0.99,0.247314453125,0.24462890625,4096,3.779866232301239,2.0876784527348358,549.0770946333121,547.313878550348,546.8049421600481,545.0376488589026,547.4924725154415,545.7073277668096,True,0.0,0.0,3.84183889700709,2.2674172666808587,-0.061972664705851166,0.9838690100321151,True,raw/halfcheetah-medium-v2/halfcheetah-medium-v2_tau10_seed0.npz,90d5d7b8485e21459c4ca33ae45932e310a9acece9c191c9341753f73d88bfc0
td3|halfcheetah-medium-v2|10|0,td3,halfcheetah-medium-v2,10.0,0,1000000,e3bb66d0e33047b49bf94c053151ca47c309db808c67b5a78068497f1c519a9a,68513ff7c1d8ed95ce25c8e7493e94112e91594cc404587a9abf7ba1ba377f2a,d83a527733155095c6e970a4d9ad02564d2fb33a8a7e36a42603c469df4c625d,41324e8487a9556d8cfa4538827f8937f4d63dae3030825ebc9f3a726ed08ca0,51caf28579bcf0013343423215dd5726ae413ef0b9b26b62ac1b2c5fc057f353,f20b34392225e6018651d4267640ab507f18639f458d111acf32721f16328ed6,1089581c802a0f5b9679e0f7426544a2e7d61c1b00ecc63f7b60086fbe80f210,57.86957846261852,stable,common_td3_target_critic,4863d32479db181c5db21bfe922fa415c876eb66a35174868ddd1c4e3f09170e,0.99,0.247314453125,0.24462890625,4096,3.779866232301239,2.0876784527348358,549.0770946333121,547.313878550348,546.8049421600481,545.0376488589026,547.4924725154415,545.7073277668096,True,0.0,0.0,3.84183889700709,2.2674172666808587,-0.061972664705851166,0.9838690100321151,True,raw/halfcheetah-medium-v2/halfcheetah-medium-v2_tau10_seed0.npz,90d5d7b8485e21459c4ca33ae45932e310a9acece9c191c9341753f73d88bfc0
p3|halfcheetah-medium-v2|10|0,p3,halfcheetah-medium-v2,10.0,0,1000000,1955667ff16145bfaa12a0db22bce124fb9f415eb1e17ccb9e93f8676bd6d2f9,1ff343cd1a947eede677a098d158a7221369760232b9ca5d099485adb38d1069,2339228a186916d89710a04c0516e9ee2c1a765a9c42a5edbc9ba145eb59a23e,41324e8487a9556d8cfa4538827f8937f4d63dae3030825ebc9f3a726ed08ca0,51caf28579bcf0013343423215dd5726ae413ef0b9b26b62ac1b2c5fc057f353,f20b34392225e6018651d4267640ab507f18639f458d111acf32721f16328ed6,1089581c802a0f5b9679e0f7426544a2e7d61c1b00ecc63f7b60086fbe80f210,57.55291286234537,stable,within_run_target_critic,6599530d26abe7b091645002cb4979140a4d5fe8ae111d2ca64949280f704ff6,0.99,0.24296061197916666,0.24462890625,4096,3.174256211591555,1.536142015485093,490.30392280022846,489.11456477650574,488.38912743156266,487.16862566322516,488.4865990523249,487.25376898329705,True,0.0,0.0,3.1235463443326585,1.6494932390749455,0.05070986725889659,1.0162347094196007,True,raw/halfcheetah-medium-v2/halfcheetah-medium-v2_tau10_mpi3_seed0.npz,9c2e8cc2393e2786c59a9888b25261720c0bb77cc1aab4e24daca60c0abf8d3d
p3|halfcheetah-medium-v2|10|0,p3,halfcheetah-medium-v2,10.0,0,1000000,1955667ff16145bfaa12a0db22bce124fb9f415eb1e17ccb9e93f8676bd6d2f9,1ff343cd1a947eede677a098d158a7221369760232b9ca5d099485adb38d1069,2339228a186916d89710a04c0516e9ee2c1a765a9c42a5edbc9ba145eb59a23e,41324e8487a9556d8cfa4538827f8937f4d63dae3030825ebc9f3a726ed08ca0,51caf28579bcf0013343423215dd5726ae413ef0b9b26b62ac1b2c5fc057f353,f20b34392225e6018651d4267640ab507f18639f458d111acf32721f16328ed6,1089581c802a0f5b9679e0f7426544a2e7d61c1b00ecc63f7b60086fbe80f210,57.55291286234537,stable,common_td3_target_critic,4863d32479db181c5db21bfe922fa415c876eb66a35174868ddd1c4e3f09170e,0.99,0.24296061197916666,0.24462890625,4096,2.7497080750983387,1.3968308626301587,548.352904899856,547.313878550348,546.0798298433883,545.0376488589026,546.7600358319469,545.7073277668096,True,0.0,0.0,2.6672015632970782,1.469098577981349,0.08250651180126045,1.0309337370435812,True,raw/halfcheetah-medium-v2/halfcheetah-medium-v2_tau10_mpi3_seed0.npz,9c2e8cc2393e2786c59a9888b25261720c0bb77cc1aab4e24daca60c0abf8d3d
p4|halfcheetah-medium-v2|10|0,p4,halfcheetah-medium-v2,10.0,0,1000000,c904efaf06a84380f25d8da89b51be21d587752ab03604f7d21949d727ab44ef,a4bd913046c54141ac2c39df3cbc1066494212d7c3fc3501c17772a2df8bc657,ac510622b65ab5e992e389132a47a888678463eabab95a2877ffbd3fcde2743c,41324e8487a9556d8cfa4538827f8937f4d63dae3030825ebc9f3a726ed08ca0,51caf28579bcf0013343423215dd5726ae413ef0b9b26b62ac1b2c5fc057f353,f20b34392225e6018651d4267640ab507f18639f458d111acf32721f16328ed6,1089581c802a0f5b9679e0f7426544a2e7d61c1b00ecc63f7b60086fbe80f210,57.32914181308967,stable,within_run_target_critic,18bc8315803af23c48a350d8de3051af8ee7b5f1f7d6c3476fcfd78f9f23cc68,0.99,0.24418131510416666,0.24462890625,4096,3.1272503119485884,1.5087182387150824,482.9672005185354,481.80831394863395,480.79155961447816,479.6136392187276,480.8122881259769,479.6224695444107,True,0.0,0.0,3.0789087823719234,1.622780748261139,0.04834152957666493,1.0157008644924594,True,raw/halfcheetah-medium-v2/halfcheetah-medium-v2_tau10_mpi4_seed0.npz,03609d10127f666903c89b0e06dd616e8e3e3114d09d9862f4b468be18ba5623
p4|halfcheetah-medium-v2|10|0,p4,halfcheetah-medium-v2,10.0,0,1000000,c904efaf06a84380f25d8da89b51be21d587752ab03604f7d21949d727ab44ef,a4bd913046c54141ac2c39df3cbc1066494212d7c3fc3501c17772a2df8bc657,ac510622b65ab5e992e389132a47a888678463eabab95a2877ffbd3fcde2743c,41324e8487a9556d8cfa4538827f8937f4d63dae3030825ebc9f3a726ed08ca0,51caf28579bcf0013343423215dd5726ae413ef0b9b26b62ac1b2c5fc057f353,f20b34392225e6018651d4267640ab507f18639f458d111acf32721f16328ed6,1089581c802a0f5b9679e0f7426544a2e7d61c1b00ecc63f7b60086fbe80f210,57.32914181308967,stable,common_td3_target_critic,4863d32479db181c5db21bfe922fa415c876eb66a35174868ddd1c4e3f09170e,0.99,0.24418131510416666,0.24462890625,4096,2.5464927369346935,1.310821537922602,548.2653812893475,547.313878550348,545.991571838839,545.0376488589026,546.670886332402,545.7073277668096,True,0.0,0.0,2.543413737616107,1.379317355209496,0.0030789993185864617,1.001210577450711,True,raw/halfcheetah-medium-v2/halfcheetah-medium-v2_tau10_mpi4_seed0.npz,03609d10127f666903c89b0e06dd616e8e3e3114d09d9862f4b468be18ba5623
td3|halfcheetah-medium-v2|10|1,td3,halfcheetah-medium-v2,10.0,1,1000000,c71cf01579ab9fa6ad4fc852d1aa035a7f4c56722c98400e24dd0b1392485ec1,c9afa352bbc9a6598b5e558f66ee171fd000390bdc0df8dcf324c9c73bba67e5,26db80fdd0af03e73ab7b3db45095f13edd19862031c22ed4ccbce88acfd2028,41324e8487a9556d8cfa4538827f8937f4d63dae3030825ebc9f3a726ed08ca0,51caf28579bcf0013343423215dd5726ae413ef0b9b26b62ac1b2c5fc057f353,f20b34392225e6018651d4267640ab507f18639f458d111acf32721f16328ed6,1089581c802a0f5b9679e0f7426544a2e7d61c1b00ecc63f7b60086fbe80f210,60.13073514671685,stable,within_run_target_critic,e091a2d1cf07b6ecae07a266c1d22654732346d5e27d99d9e2c8fc9ebaf9dfb8,0.99,0.2526448567708333,0.24462890625,4096,3.7136514209212583,2.065002465834841,556.7985397701722,554.9869551827638,554.4358112716857,552.6047588716351,555.2004211130552,553.3508732342161,True,0.0,0.0,3.9754755014687895,2.296368333727587,-0.26182408054753115,0.9341401851298551,True,raw/halfcheetah-medium-v2/halfcheetah-medium-v2_tau10_seed1.npz,01d6028db013a48b7d1a1881dd9e516fd2bd70a3c1e7691cc8459f08a48b7585
td3|halfcheetah-medium-v2|10|1,td3,halfcheetah-medium-v2,10.0,1,1000000,c71cf01579ab9fa6ad4fc852d1aa035a7f4c56722c98400e24dd0b1392485ec1,c9afa352bbc9a6598b5e558f66ee171fd000390bdc0df8dcf324c9c73bba67e5,26db80fdd0af03e73ab7b3db45095f13edd19862031c22ed4ccbce88acfd2028,41324e8487a9556d8cfa4538827f8937f4d63dae3030825ebc9f3a726ed08ca0,51caf28579bcf0013343423215dd5726ae413ef0b9b26b62ac1b2c5fc057f353,f20b34392225e6018651d4267640ab507f18639f458d111acf32721f16328ed6,1089581c802a0f5b9679e0f7426544a2e7d61c1b00ecc63f7b60086fbe80f210,60.13073514671685,stable,common_td3_target_critic,e091a2d1cf07b6ecae07a266c1d22654732346d5e27d99d9e2c8fc9ebaf9dfb8,0.99,0.2526448567708333,0.24462890625,4096,3.7136514209212583,2.065002465834841,556.7985397701722,554.9869551827638,554.4358112716857,552.6047588716351,555.2004211130552,553.3508732342161,True,0.0,0.0,3.9754755014687895,2.296368333727587,-0.26182408054753115,0.9341401851298551,True,raw/halfcheetah-medium-v2/halfcheetah-medium-v2_tau10_seed1.npz,01d6028db013a48b7d1a1881dd9e516fd2bd70a3c1e7691cc8459f08a48b7585
p3|halfcheetah-medium-v2|10|1,p3,halfcheetah-medium-v2,10.0,1,1000000,b36ec7baab8312573f922cef4d86c2bc0d26f5509ae0e881a1a334857fbca478,d4c3f0bc730f74c6d14810c0cc49d6dd8cab0a4319ec5e5fc2d98082b1e18f4f,39bb8e22c52a8f2c4fa1d9abdb190f38a9c2cb70bfe6b08a78b88b7033791b5c,41324e8487a9556d8cfa4538827f8937f4d63dae3030825ebc9f3a726ed08ca0,51caf28579bcf0013343423215dd5726ae413ef0b9b26b62ac1b2c5fc057f353,f20b34392225e6018651d4267640ab507f18639f458d111acf32721f16328ed6,1089581c802a0f5b9679e0f7426544a2e7d61c1b00ecc63f7b60086fbe80f210,60.66763713855035,stable,within_run_target_critic,c95ab13bc71b2074c401a4e5312d2c02614003dd49fec512bb4ee8bf7a8d9755,0.99,0.24556477864583334,0.24462890625,4096,3.015408973526466,1.6247498670313507,495.9477953587483,494.6443496997925,493.94410280735656,492.6174672059571,494.0976852905005,492.75764932949096,True,0.0,0.0,3.098043158950252,1.745647637564689,-0.0826341854237862,0.9733269740981316,True,raw/halfcheetah-medium-v2/halfcheetah-medium-v2_tau10_mpi3_seed1.npz,18b15e28b7120481361d0a292c2f98954599b1aed797f6c1ed10d7507b6c5f6a
p3|halfcheetah-medium-v2|10|1,p3,halfcheetah-medium-v2,10.0,1,1000000,b36ec7baab8312573f922cef4d86c2bc0d26f5509ae0e881a1a334857fbca478,d4c3f0bc730f74c6d14810c0cc49d6dd8cab0a4319ec5e5fc2d98082b1e18f4f,39bb8e22c52a8f2c4fa1d9abdb190f38a9c2cb70bfe6b08a78b88b7033791b5c,41324e8487a9556d8cfa4538827f8937f4d63dae3030825ebc9f3a726ed08ca0,51caf28579bcf0013343423215dd5726ae413ef0b9b26b62ac1b2c5fc057f353,f20b34392225e6018651d4267640ab507f18639f458d111acf32721f16328ed6,1089581c802a0f5b9679e0f7426544a2e7d61c1b00ecc63f7b60086fbe80f210,60.66763713855035,stable,common_td3_target_critic,e091a2d1cf07b6ecae07a266c1d22654732346d5e27d99d9e2c8fc9ebaf9dfb8,0.99,0.24556477864583334,0.24462890625,4096,2.634247312415508,1.3855814680550247,556.0619683601158,554.9869551827638,553.695086104646,552.6047588716351,554.4522138736211,553.3508732342161,True,0.0,0.0,2.7682738167359258,1.5034233941906132,-0.13402650432041785,0.9515848094541282,True,raw/halfcheetah-medium-v2/halfcheetah-medium-v2_tau10_mpi3_seed1.npz,18b15e28b7120481361d0a292c2f98954599b1aed797f6c1ed10d7507b6c5f6a
p4|halfcheetah-medium-v2|10|1,p4,halfcheetah-medium-v2,10.0,1,1000000,dbff5e8dd6b6d41a2c0bd212d7c3f780502088abf5920458ab0af16995bf9b9b,d7317d70ce867e348d257996607732bd7313c9f22fea4b29dc3e605329629e87,63a6d520307e3c9dcf259ca2deed7906777b75e0a3a0d2c57bc28ed2ec982533,41324e8487a9556d8cfa4538827f8937f4d63dae3030825ebc9f3a726ed08ca0,51caf28579bcf0013343423215dd5726ae413ef0b9b26b62ac1b2c5fc057f353,f20b34392225e6018651d4267640ab507f18639f458d111acf32721f16328ed6,1089581c802a0f5b9679e0f7426544a2e7d61c1b00ecc63f7b60086fbe80f210,56.01474999419458,stable,within_run_target_critic,594211c79bbf5b6458ebf8db6e1bf16edbe5577af18eeb1727969fdada4a1e70,0.99,0.2440185546875,0.24462890625,4096,3.349521215791446,1.5297773545235396,478.8903208201607,477.72351449753626,476.7835005617603,475.60208813858173,476.7637436282821,475.57039774628356,True,0.0,0.0,3.437221039404035,1.6451230217143893,-0.08769982361258899,0.9744852534628395,True,raw/halfcheetah-medium-v2/halfcheetah-medium-v2_tau10_mpi4_seed1.npz,5bef542571cbf7247cadeec4207cf83f7d29e7f8d9395b2ead7ce1d676bee096
p4|halfcheetah-medium-v2|10|1,p4,halfcheetah-medium-v2,10.0,1,1000000,dbff5e8dd6b6d41a2c0bd212d7c3f780502088abf5920458ab0af16995bf9b9b,d7317d70ce867e348d257996607732bd7313c9f22fea4b29dc3e605329629e87,63a6d520307e3c9dcf259ca2deed7906777b75e0a3a0d2c57bc28ed2ec982533,41324e8487a9556d8cfa4538827f8937f4d63dae3030825ebc9f3a726ed08ca0,51caf28579bcf0013343423215dd5726ae413ef0b9b26b62ac1b2c5fc057f353,f20b34392225e6018651d4267640ab507f18639f458d111acf32721f16328ed6,1089581c802a0f5b9679e0f7426544a2e7d61c1b00ecc63f7b60086fbe80f210,56.01474999419458,stable,common_td3_target_critic,e091a2d1cf07b6ecae07a266c1d22654732346d5e27d99d9e2c8fc9ebaf9dfb8,0.99,0.2440185546875,0.24462890625,4096,2.5630368618957444,1.3076139132678508,555.9652822870333,554.9869551827638,553.595696170665,552.6047588716351,554.351820000913,553.3508732342161,True,0.0,0.0,2.660555351274666,1.402718034312129,-0.09751848937892138,0.9633465662226496,True,raw/halfcheetah-medium-v2/halfcheetah-medium-v2_tau10_mpi4_seed1.npz,5bef542571cbf7247cadeec4207cf83f7d29e7f8d9395b2ead7ce1d676bee096
td3|halfcheetah-medium-v2|14|0,td3,halfcheetah-medium-v2,14.0,0,1000000,0dba0e3e9f780b2576378a154cdad0efe0070c7ded86f3bb26d9223e7a3cf7c2,f9ee9d316972efdc29d41fc25d93609a6adcebbb0c36a949219a4fcbff2a29ba,90daab2528bfcba49836a763d4980e160228b36e90e874225f6cea7c64465e9a,41324e8487a9556d8cfa4538827f8937f4d63dae3030825ebc9f3a726ed08ca0,51caf28579bcf0013343423215dd5726ae413ef0b9b26b62ac1b2c5fc057f353,f20b34392225e6018651d4267640ab507f18639f458d111acf32721f16328ed6,1089581c802a0f5b9679e0f7426544a2e7d61c1b00ecc63f7b60086fbe80f210,60.11737861542931,stable,within_run_target_critic,fb5b14ad94b314e45d0937d84bf4ab43cec16e0609abd27e691cf99c7c372714,0.99,0.2559814453125,0.24462890625,4096,3.7147864142891995,2.158687681797892,575.1757061553683,573.2623963548609,573.0528941094791,571.1027087072013,574.0086432565004,572.0387590117753,True,0.0,0.0,4.061690560219365,2.412919974625111,-0.34690414593016516,0.9145911928082898,True,raw/halfcheetah-medium-v2/halfcheetah-medium-v2_tau14_seed0.npz,b2b2efcf5bedebb597c0630e17d267cdbe9e1239e224c79e9cdff7ee2301ce31
td3|halfcheetah-medium-v2|14|0,td3,halfcheetah-medium-v2,14.0,0,1000000,0dba0e3e9f780b2576378a154cdad0efe0070c7ded86f3bb26d9223e7a3cf7c2,f9ee9d316972efdc29d41fc25d93609a6adcebbb0c36a949219a4fcbff2a29ba,90daab2528bfcba49836a763d4980e160228b36e90e874225f6cea7c64465e9a,41324e8487a9556d8cfa4538827f8937f4d63dae3030825ebc9f3a726ed08ca0,51caf28579bcf0013343423215dd5726ae413ef0b9b26b62ac1b2c5fc057f353,f20b34392225e6018651d4267640ab507f18639f458d111acf32721f16328ed6,1089581c802a0f5b9679e0f7426544a2e7d61c1b00ecc63f7b60086fbe80f210,60.11737861542931,stable,common_td3_target_critic,fb5b14ad94b314e45d0937d84bf4ab43cec16e0609abd27e691cf99c7c372714,0.99,0.2559814453125,0.24462890625,4096,3.7147864142891995,2.158687681797892,575.1757061553683,573.2623963548609,573.0528941094791,571.1027087072013,574.0086432565004,572.0387590117753,True,0.0,0.0,4.061690560219365,2.412919974625111,-0.34690414593016516,0.9145911928082898,True,raw/halfcheetah-medium-v2/halfcheetah-medium-v2_tau14_seed0.npz,b2b2efcf5bedebb597c0630e17d267cdbe9e1239e224c79e9cdff7ee2301ce31
p3|halfcheetah-medium-v2|14|0,p3,halfcheetah-medium-v2,14.0,0,1000000,29a5b841cf57cc7b7bb29890ccd069a201ba4cfaf90b680e2dd00ef01f5ca6d6,afb84b2e8da791b9f730b246b797c9e7e07bedf723a515774924211b4a349909,921cfa13a9fb2b168abe9b8ee69d18532972a90b2a4a5b2bf15bb46047662d23,41324e8487a9556d8cfa4538827f8937f4d63dae3030825ebc9f3a726ed08ca0,51caf28579bcf0013343423215dd5726ae413ef0b9b26b62ac1b2c5fc057f353,f20b34392225e6018651d4267640ab507f18639f458d111acf32721f16328ed6,1089581c802a0f5b9679e0f7426544a2e7d61c1b00ecc63f7b60086fbe80f210,61.38748018124998,stable,within_run_target_critic,45a4c9e04ad449100cfecf13daf8bad01ad0aa9c0ab5b0b070c6929761e0429e,0.99,0.24507649739583334,0.24462890625,4096,3.1949763370930273,1.712493801349774,516.3531050051765,514.9212417340639,514.2097160325754,512.7588941732324,514.5680016796105,513.1025250540115,True,0.0,0.0,3.210859751714131,1.8683442594017834,-0.015883414621103764,0.995053220679407,True,raw/halfcheetah-medium-v2/halfcheetah-medium-v2_tau14_mpi3_seed0.npz,1bcaf45ddd7cde75f261d1001f611d9fe372af6a4702feeed40deb73e44dbcd6
p3|halfcheetah-medium-v2|14|0,p3,halfcheetah-medium-v2,14.0,0,1000000,29a5b841cf57cc7b7bb29890ccd069a201ba4cfaf90b680e2dd00ef01f5ca6d6,afb84b2e8da791b9f730b246b797c9e7e07bedf723a515774924211b4a349909,921cfa13a9fb2b168abe9b8ee69d18532972a90b2a4a5b2bf15bb46047662d23,41324e8487a9556d8cfa4538827f8937f4d63dae3030825ebc9f3a726ed08ca0,51caf28579bcf0013343423215dd5726ae413ef0b9b26b62ac1b2c5fc057f353,f20b34392225e6018651d4267640ab507f18639f458d111acf32721f16328ed6,1089581c802a0f5b9679e0f7426544a2e7d61c1b00ecc63f7b60086fbe80f210,61.38748018124998,stable,common_td3_target_critic,fb5b14ad94b314e45d0937d84bf4ab43cec16e0609abd27e691cf99c7c372714,0.99,0.24507649739583334,0.24462890625,4096,2.6735614579118927,1.4582486547902227,574.4455225247508,573.2623963548609,572.292780015218,571.1027087072013,573.2408512420952,572.0387590117753,True,0.0,0.0,2.829211246652109,1.5796589804627001,-0.15564978874021618,0.9449847412686482,True,raw/halfcheetah-medium-v2/halfcheetah-medium-v2_tau14_mpi3_seed0.npz,1bcaf45ddd7cde75f261d1001f611d9fe372af6a4702feeed40deb73e44dbcd6
p4|halfcheetah-medium-v2|14|0,p4,halfcheetah-medium-v2,14.0,0,1000000,30e471d35cb53383ae8b24cc4d2509d0f368bdfcdadfd38a088df411d4122b32,6a424bf79e7d028af538f9eb014bad234c6ac8d771188eb1d9d41ba95e5775e0,3c4db996792285c19f8fac71521de8629e7811892aa494926862ffc6c43a944c,41324e8487a9556d8cfa4538827f8937f4d63dae3030825ebc9f3a726ed08ca0,51caf28579bcf0013343423215dd5726ae413ef0b9b26b62ac1b2c5fc057f353,f20b34392225e6018651d4267640ab507f18639f458d111acf32721f16328ed6,1089581c802a0f5b9679e0f7426544a2e7d61c1b00ecc63f7b60086fbe80f210,59.81387205682815,stable,within_run_target_critic,4a0c588de25bb66d69f91f631dd27cc068837c94d62641259b9e258f0bd22be7,0.99,0.24641927083333334,0.24462890625,4096,3.0975986159660356,1.6302324802867951,499.75410626112904,498.4451699637625,497.61282420495456,496.2799944025134,497.802594981069,496.45717175025493,True,0.0,0.0,3.2261759380000132,1.7812301284921706,-0.12857732203397765,0.960145595124088,True,raw/halfcheetah-medium-v2/halfcheetah-medium-v2_tau14_mpi4_seed0.npz,adb65a046f964cb57ec2ae7461c5d72ac47839eac794938a5d97e9a03df922e4
p4|halfcheetah-medium-v2|14|0,p4,halfcheetah-medium-v2,14.0,0,1000000,30e471d35cb53383ae8b24cc4d2509d0f368bdfcdadfd38a088df411d4122b32,6a424bf79e7d028af538f9eb014bad234c6ac8d771188eb1d9d41ba95e5775e0,3c4db996792285c19f8fac71521de8629e7811892aa494926862ffc6c43a944c,41324e8487a9556d8cfa4538827f8937f4d63dae3030825ebc9f3a726ed08ca0,51caf28579bcf0013343423215dd5726ae413ef0b9b26b62ac1b2c5fc057f353,f20b34392225e6018651d4267640ab507f18639f458d111acf32721f16328ed6,1089581c802a0f5b9679e0f7426544a2e7d61c1b00ecc63f7b60086fbe80f210,59.81387205682815,stable,common_td3_target_critic,fb5b14ad94b314e45d0937d84bf4ab43cec16e0609abd27e691cf99c7c372714,0.99,0.24641927083333334,0.24462890625,4096,2.3928467288351407,1.3224362609535456,574.2992129099688,573.2623963548609,572.145668193969,571.1027087072013,573.0922534428537,572.0387590117753,True,0.0,0.0,2.5378070968360333,1.4296628816239536,-0.14496036800089263,0.9428796742740536,True,raw/halfcheetah-medium-v2/halfcheetah-medium-v2_tau14_mpi4_seed0.npz,adb65a046f964cb57ec2ae7461c5d72ac47839eac794938a5d97e9a03df922e4
td3|halfcheetah-medium-v2|14|1,td3,halfcheetah-medium-v2,14.0,1,1000000,06367d751ca1a81129291fc507a09048952967d7018ea8d21153bf7178688e05,0b66a2a8a997bde0ef25a36200b9fe02182650a47fd66ea716235beb0e536256,bdbfbb0fd70f3b1d18fd116fa535c150bfa6b663a63b3441d9e737ac7b968f3b,41324e8487a9556d8cfa4538827f8937f4d63dae3030825ebc9f3a726ed08ca0,51caf28579bcf0013343423215dd5726ae413ef0b9b26b62ac1b2c5fc057f353,f20b34392225e6018651d4267640ab507f18639f458d111acf32721f16328ed6,1089581c802a0f5b9679e0f7426544a2e7d61c1b00ecc63f7b60086fbe80f210,60.51237144622035,stable,within_run_target_critic,265eb86da86b9d2af64bad31342050969f6bc3844467dcd98d288e622c343c7b,0.99,0.256591796875,0.24462890625,4096,3.756513220049426,2.1256355938382328,571.2161167567647,569.3571885924379,568.9862828892367,567.0991828152293,569.9009580282436,567.994796337327,True,0.0,0.0,3.832748323887786,2.312807776812406,-0.07623510383836019,0.9801095461021478,True,raw/halfcheetah-medium-v2/halfcheetah-medium-v2_tau14_seed1.npz,fd067253bbfdb32ba8a52bf6461b8c87f93da31d3bb868a306aeee92e8f75049
td3|halfcheetah-medium-v2|14|1,td3,halfcheetah-medium-v2,14.0,1,1000000,06367d751ca1a81129291fc507a09048952967d7018ea8d21153bf7178688e05,0b66a2a8a997bde0ef25a36200b9fe02182650a47fd66ea716235beb0e536256,bdbfbb0fd70f3b1d18fd116fa535c150bfa6b663a63b3441d9e737ac7b968f3b,41324e8487a9556d8cfa4538827f8937f4d63dae3030825ebc9f3a726ed08ca0,51caf28579bcf0013343423215dd5726ae413ef0b9b26b62ac1b2c5fc057f353,f20b34392225e6018651d4267640ab507f18639f458d111acf32721f16328ed6,1089581c802a0f5b9679e0f7426544a2e7d61c1b00ecc63f7b60086fbe80f210,60.51237144622035,stable,common_td3_target_critic,265eb86da86b9d2af64bad31342050969f6bc3844467dcd98d288e622c343c7b,0.99,0.256591796875,0.24462890625,4096,3.756513220049426,2.1256355938382328,571.2161167567647,569.3571885924379,568.9862828892367,567.0991828152293,569.9009580282436,567.994796337327,True,0.0,0.0,3.832748323887786,2.312807776812406,-0.07623510383836019,0.9801095461021478,True,raw/halfcheetah-medium-v2/halfcheetah-medium-v2_tau14_seed1.npz,fd067253bbfdb32ba8a52bf6461b8c87f93da31d3bb868a306aeee92e8f75049
p3|halfcheetah-medium-v2|14|1,p3,halfcheetah-medium-v2,14.0,1,1000000,34470e4564bb1b5640eb1935a5065a484a31150d131653af49a26d2754fd7392,3b8d90887d7db3e968dbf68245b4db387182466ce36d68488a5aaddf833d964b,2e45102d254bf257adbd1c0dd9a96f9ed7e84d313f69b681b63b56b9f3cd6129,41324e8487a9556d8cfa4538827f8937f4d63dae3030825ebc9f3a726ed08ca0,51caf28579bcf0013343423215dd5726ae413ef0b9b26b62ac1b2c5fc057f353,f20b34392225e6018651d4267640ab507f18639f458d111acf32721f16328ed6,1089581c802a0f5b9679e0f7426544a2e7d61c1b00ecc63f7b60086fbe80f210,60.859146303990485,stable,within_run_target_critic,f408a366d4fb996aedfe27a9fc3bb125ad413b982945213d3e5253a793311678,0.99,0.246826171875,0.24462890625,4096,3.281353451113229,1.7371736736875028,512.615893303157,511.16462558498284,510.5852965172353,509.1099215452438,510.90610236721113,509.41582461772487,True,0.0,0.0,3.3159255977581075,1.8604795703664423,-0.03457214664487829,0.9895739076087073,True,raw/halfcheetah-medium-v2/halfcheetah-medium-v2_tau14_mpi3_seed1.npz,0ea98af9d28bb749404689f4d1c7dfe9dc7634d8d483624d23d0decaf775e12c
p3|halfcheetah-medium-v2|14|1,p3,halfcheetah-medium-v2,14.0,1,1000000,34470e4564bb1b5640eb1935a5065a484a31150d131653af49a26d2754fd7392,3b8d90887d7db3e968dbf68245b4db387182466ce36d68488a5aaddf833d964b,2e45102d254bf257adbd1c0dd9a96f9ed7e84d313f69b681b63b56b9f3cd6129,41324e8487a9556d8cfa4538827f8937f4d63dae3030825ebc9f3a726ed08ca0,51caf28579bcf0013343423215dd5726ae413ef0b9b26b62ac1b2c5fc057f353,f20b34392225e6018651d4267640ab507f18639f458d111acf32721f16328ed6,1089581c802a0f5b9679e0f7426544a2e7d61c1b00ecc63f7b60086fbe80f210,60.859146303990485,stable,common_td3_target_critic,265eb86da86b9d2af64bad31342050969f6bc3844467dcd98d288e622c343c7b,0.99,0.246826171875,0.24462890625,4096,2.822083188060378,1.4618195858478429,570.5151173780896,569.3571885924379,568.2624008005837,567.0991828152293,569.1698524813692,567.994796337327,True,0.0,0.0,2.760272519730385,1.5342357634901418,0.061810668329993046,1.022392958625705,True,raw/halfcheetah-medium-v2/halfcheetah-medium-v2_tau14_mpi3_seed1.npz,0ea98af9d28bb749404689f4d1c7dfe9dc7634d8d483624d23d0decaf775e12c
p4|halfcheetah-medium-v2|14|1,p4,halfcheetah-medium-v2,14.0,1,1000000,0b4c518501cb3174d6afcfe8754e0cc609ab46fcf85025bd26dbfcc14fe8efe7,c9a320e3ba0313fcaafe624d7ac0689a750321a7e42e29880330aaf66d677ae6,0663341a242b72ab1348878146e5c6448e10e70cc565292363dc042dc27a2656,41324e8487a9556d8cfa4538827f8937f4d63dae3030825ebc9f3a726ed08ca0,51caf28579bcf0013343423215dd5726ae413ef0b9b26b62ac1b2c5fc057f353,f20b34392225e6018651d4267640ab507f18639f458d111acf32721f16328ed6,1089581c802a0f5b9679e0f7426544a2e7d61c1b00ecc63f7b60086fbe80f210,58.027868465920186,stable,within_run_target_critic,28d0a54de91d68cb5a75d64bca22c07c77f0d0d4ecf6b547b69eca4796a91c6d,0.99,0.24690755208333334,0.24462890625,4096,3.266228504851235,1.6108428109344095,494.6960115487522,493.40444836130484,492.6797271402502,491.3621654588213,492.82053815200925,491.4896677667275,True,0.0,0.0,3.3048980163819017,1.730520064216107,-0.03866951153066678,0.9882993328874332,True,raw/halfcheetah-medium-v2/halfcheetah-medium-v2_tau14_mpi4_seed1.npz,6ce441ab5796cf80755e6f287c49fa562287f52580746704e5845a23ed7ead7f
p4|halfcheetah-medium-v2|14|1,p4,halfcheetah-medium-v2,14.0,1,1000000,0b4c518501cb3174d6afcfe8754e0cc609ab46fcf85025bd26dbfcc14fe8efe7,c9a320e3ba0313fcaafe624d7ac0689a750321a7e42e29880330aaf66d677ae6,0663341a242b72ab1348878146e5c6448e10e70cc565292363dc042dc27a2656,41324e8487a9556d8cfa4538827f8937f4d63dae3030825ebc9f3a726ed08ca0,51caf28579bcf0013343423215dd5726ae413ef0b9b26b62ac1b2c5fc057f353,f20b34392225e6018651d4267640ab507f18639f458d111acf32721f16328ed6,1089581c802a0f5b9679e0f7426544a2e7d61c1b00ecc63f7b60086fbe80f210,58.027868465920186,stable,common_td3_target_critic,265eb86da86b9d2af64bad31342050969f6bc3844467dcd98d288e622c343c7b,0.99,0.24690755208333334,0.24462890625,4096,2.6695394355838724,1.3452675301325507,570.3718259048824,569.3571885924379,568.1145506328564,567.0991828152293,569.0204203955363,567.994796337327,True,0.0,0.0,2.596539555775455,1.402666502748616,0.07299987980841749,1.0281142952919953,True,raw/halfcheetah-medium-v2/halfcheetah-medium-v2_tau14_mpi4_seed1.npz,6ce441ab5796cf80755e6f287c49fa562287f52580746704e5845a23ed7ead7f
td3|halfcheetah-medium-v2|20|0,td3,halfcheetah-medium-v2,20.0,0,1000000,1623e3094e22d97d2a93db9b9b34d838a6d08500d1b97dfb2df9abcda99468d0,b91422fb902fa774412e9e02e4724ddc42d18f3c56569ea325bd1662ff53e1f4,1b274c881a208a5e4a7ef82a2f9cb70ae9081314adef9c987a88392559be032e,41324e8487a9556d8cfa4538827f8937f4d63dae3030825ebc9f3a726ed08ca0,51caf28579bcf0013343423215dd5726ae413ef0b9b26b62ac1b2c5fc057f353,f20b34392225e6018651d4267640ab507f18639f458d111acf32721f16328ed6,1089581c802a0f5b9679e0f7426544a2e7d61c1b00ecc63f7b60086fbe80f210,62.65032610769574,stable,within_run_target_critic,7a9cc56381d55190ba4cdf0c29fa7854f0b49a5c5f0026ada9bed14ca3b3a52f,0.99,0.2643636067708333,0.24462890625,4096,3.8809129173518113,2.293564347708598,591.657531284578,589.62224331626,589.1875524699348,587.1209702461897,590.3062779640313,588.2188211723696,True,0.0,0.0,4.016701090246921,2.5185361075052057,-0.13578817289511003,0.9661941055995374,True,raw/halfcheetah-medium-v2/halfcheetah-medium-v2_tau20_seed0.npz,aa032f158cd3eb5a606953850c8b2b7e2f13e048af932171ebf86996aea184e7
td3|halfcheetah-medium-v2|20|0,td3,halfcheetah-medium-v2,20.0,0,1000000,1623e3094e22d97d2a93db9b9b34d838a6d08500d1b97dfb2df9abcda99468d0,b91422fb902fa774412e9e02e4724ddc42d18f3c56569ea325bd1662ff53e1f4,1b274c881a208a5e4a7ef82a2f9cb70ae9081314adef9c987a88392559be032e,41324e8487a9556d8cfa4538827f8937f4d63dae3030825ebc9f3a726ed08ca0,51caf28579bcf0013343423215dd5726ae413ef0b9b26b62ac1b2c5fc057f353,f20b34392225e6018651d4267640ab507f18639f458d111acf32721f16328ed6,1089581c802a0f5b9679e0f7426544a2e7d61c1b00ecc63f7b60086fbe80f210,62.65032610769574,stable,common_td3_target_critic,7a9cc56381d55190ba4cdf0c29fa7854f0b49a5c5f0026ada9bed14ca3b3a52f,0.99,0.2643636067708333,0.24462890625,4096,3.8809129173518113,2.293564347708598,591.657531284578,589.62224331626,589.1875524699348,587.1209702461897,590.3062779640313,588.2188211723696,True,0.0,0.0,4.016701090246921,2.5185361075052057,-0.13578817289511003,0.9661941055995374,True,raw/halfcheetah-medium-v2/halfcheetah-medium-v2_tau20_seed0.npz,aa032f158cd3eb5a606953850c8b2b7e2f13e048af932171ebf86996aea184e7
p3|halfcheetah-medium-v2|20|0,p3,halfcheetah-medium-v2,20.0,0,1000000,a568dcbe31ceb0de1d8921919359845c64d6fe2befaa08457a0ab3a46bbea9b0,413f78b60d6079bf3e76ad0bacbb3935a763415daa5b7e2adccb8dbfece6bf71,5f39c698988f5364a72551a5a647abe6c02aa0a2877bd0ae58044915ffd4b56c,41324e8487a9556d8cfa4538827f8937f4d63dae3030825ebc9f3a726ed08ca0,51caf28579bcf0013343423215dd5726ae413ef0b9b26b62ac1b2c5fc057f353,f20b34392225e6018651d4267640ab507f18639f458d111acf32721f16328ed6,1089581c802a0f5b9679e0f7426544a2e7d61c1b00ecc63f7b60086fbe80f210,61.38309574057167,stable,within_run_target_critic,033f3b8021aa3283faa7946ed4de02e37b211b3defc52dcb6797ad3e9146dbe6,0.99,0.2522379557291667,0.24462890625,4096,3.425408419148796,1.8621315935254097,533.6171869221151,532.0079071674559,531.4414784556088,529.8134820046481,531.9738223089371,530.3293814493809,True,0.0,0.0,3.584564646216368,2.057198855164752,-0.1591562270675717,0.9555995657002402,True,raw/halfcheetah-medium-v2/halfcheetah-medium-v2_tau20_mpi3_seed0.npz,429fa0092c52e8f416b71606abb6f16d46f6bc1fbc459e6e9f316ee59249dfa6
p3|halfcheetah-medium-v2|20|0,p3,halfcheetah-medium-v2,20.0,0,1000000,a568dcbe31ceb0de1d8921919359845c64d6fe2befaa08457a0ab3a46bbea9b0,413f78b60d6079bf3e76ad0bacbb3935a763415daa5b7e2adccb8dbfece6bf71,5f39c698988f5364a72551a5a647abe6c02aa0a2877bd0ae58044915ffd4b56c,41324e8487a9556d8cfa4538827f8937f4d63dae3030825ebc9f3a726ed08ca0,51caf28579bcf0013343423215dd5726ae413ef0b9b26b62ac1b2c5fc057f353,f20b34392225e6018651d4267640ab507f18639f458d111acf32721f16328ed6,1089581c802a0f5b9679e0f7426544a2e7d61c1b00ecc63f7b60086fbe80f210,61.38309574057167,stable,common_td3_target_critic,7a9cc56381d55190ba4cdf0c29fa7854f0b49a5c5f0026ada9bed14ca3b3a52f,0.99,0.2522379557291667,0.24462890625,4096,2.8897815763137014,1.5358723295945673,590.8788753866803,589.62224331626,588.3918172470512,587.1209702461897,589.5025050116237,588.2188211723696,True,0.0,0.0,2.9572233704248796,1.660859306557104,-0.06744179411117823,0.9771942171208093,True,raw/halfcheetah-medium-v2/halfcheetah-medium-v2_tau20_mpi3_seed0.npz,429fa0092c52e8f416b71606abb6f16d46f6bc1fbc459e6e9f316ee59249dfa6
p4|halfcheetah-medium-v2|20|0,p4,halfcheetah-medium-v2,20.0,0,1000000,fd99e47179e318b3a6872e126a88cb002d77c4185896fa0f75039c93f236380b,59427d4e36557e787b3eb4b63560ecd9bfc0afd057e796a5c0de35b4bb857dc1,2559b8e4e1fca93b7984c2bfc1040bf5b578c959edb86874833b84a606c4bb60,41324e8487a9556d8cfa4538827f8937f4d63dae3030825ebc9f3a726ed08ca0,51caf28579bcf0013343423215dd5726ae413ef0b9b26b62ac1b2c5fc057f353,f20b34392225e6018651d4267640ab507f18639f458d111acf32721f16328ed6,1089581c802a0f5b9679e0f7426544a2e7d61c1b00ecc63f7b60086fbe80f210,60.65280307245781,stable,within_run_target_critic,0098b7c265e7b3745526e13743afa034ac6e05838c7a3cf2f18f39a8621123e0,0.99,0.24951171875,0.24462890625,4096,3.1119608986422413,1.6784328508470208,515.1747524430865,513.7668117064899,512.9524242111103,511.52050879149635,513.2980070677586,511.85162785602733,True,0.0,0.0,3.2066834013210204,1.8400270613352767,-0.09472250267877902,0.9704609121562305,True,raw/halfcheetah-medium-v2/halfcheetah-medium-v2_tau20_mpi4_seed0.npz,e05f8ca1f7345ee45534541dacf350649c4de8d289565e4dab97f08cc772bcbd
p4|halfcheetah-medium-v2|20|0,p4,halfcheetah-medium-v2,20.0,0,1000000,fd99e47179e318b3a6872e126a88cb002d77c4185896fa0f75039c93f236380b,59427d4e36557e787b3eb4b63560ecd9bfc0afd057e796a5c0de35b4bb857dc1,2559b8e4e1fca93b7984c2bfc1040bf5b578c959edb86874833b84a606c4bb60,41324e8487a9556d8cfa4538827f8937f4d63dae3030825ebc9f3a726ed08ca0,51caf28579bcf0013343423215dd5726ae413ef0b9b26b62ac1b2c5fc057f353,f20b34392225e6018651d4267640ab507f18639f458d111acf32721f16328ed6,1089581c802a0f5b9679e0f7426544a2e7d61c1b00ecc63f7b60086fbe80f210,60.65280307245781,stable,common_td3_target_critic,7a9cc56381d55190ba4cdf0c29fa7854f0b49a5c5f0026ada9bed14ca3b3a52f,0.99,0.24951171875,0.24462890625,4096,2.656838268963933,1.3902966791857034,590.7362266459071,589.62224331626,588.2451729066702,587.1209702461897,589.3543794152793,588.2188211723696,True,0.0,0.0,2.705864932011947,1.5058114191493952,-0.049026663048014285,0.9818813339616473,True,raw/halfcheetah-medium-v2/halfcheetah-medium-v2_tau20_mpi4_seed0.npz,e05f8ca1f7345ee45534541dacf350649c4de8d289565e4dab97f08cc772bcbd
td3|halfcheetah-medium-v2|20|1,td3,halfcheetah-medium-v2,20.0,1,1000000,a487b71e6f0b4e86e06bc8259f93a7890867494b84b0c78c019bd0369ad58283,561e73a95ad9ff62ace59a8de6dfc8a5f08271eedd7e8a673b44664b9d325fe1,80f3204efdb70fcc69e9100bb23e7102a47c541e3c75764a88dd4023b9c9c6a3,41324e8487a9556d8cfa4538827f8937f4d63dae3030825ebc9f3a726ed08ca0,51caf28579bcf0013343423215dd5726ae413ef0b9b26b62ac1b2c5fc057f353,f20b34392225e6018651d4267640ab507f18639f458d111acf32721f16328ed6,1089581c802a0f5b9679e0f7426544a2e7d61c1b00ecc63f7b60086fbe80f210,63.04537054636425,stable,within_run_target_critic,e788f1e11257064c5baf288efd6e205b1bd1e1fc2ae0592d81b6cce502efb0c6,0.99,0.25439453125,0.24462890625,4096,3.9346455071964965,2.3856054015643897,600.4794353208214,598.3227870322806,598.2166958127273,596.023069881155,599.4266247749329,597.210841005668,True,0.0,0.0,4.145969754875175,2.6578413205454128,-0.2113242476786783,0.9490289943793764,True,raw/halfcheetah-medium-v2/halfcheetah-medium-v2_tau20_seed1.npz,a3ccbdd3a4edda07ac6b1d34811b29d39ca2da1555c738f3f19397ed3ead1087
td3|halfcheetah-medium-v2|20|1,td3,halfcheetah-medium-v2,20.0,1,1000000,a487b71e6f0b4e86e06bc8259f93a7890867494b84b0c78c019bd0369ad58283,561e73a95ad9ff62ace59a8de6dfc8a5f08271eedd7e8a673b44664b9d325fe1,80f3204efdb70fcc69e9100bb23e7102a47c541e3c75764a88dd4023b9c9c6a3,41324e8487a9556d8cfa4538827f8937f4d63dae3030825ebc9f3a726ed08ca0,51caf28579bcf0013343423215dd5726ae413ef0b9b26b62ac1b2c5fc057f353,f20b34392225e6018651d4267640ab507f18639f458d111acf32721f16328ed6,1089581c802a0f5b9679e0f7426544a2e7d61c1b00ecc63f7b60086fbe80f210,63.04537054636425,stable,common_td3_target_critic,e788f1e11257064c5baf288efd6e205b1bd1e1fc2ae0592d81b6cce502efb0c6,0.99,0.25439453125,0.24462890625,4096,3.9346455071964965,2.3856054015643897,600.4794353208214,598.3227870322806,598.2166958127273,596.023069881155,599.4266247749329,597.210841005668,True,0.0,0.0,4.145969754875175,2.6578413205454128,-0.2113242476786783,0.9490289943793764,True,raw/halfcheetah-medium-v2/halfcheetah-medium-v2_tau20_seed1.npz,a3ccbdd3a4edda07ac6b1d34811b29d39ca2da1555c738f3f19397ed3ead1087
p3|halfcheetah-medium-v2|20|1,p3,halfcheetah-medium-v2,20.0,1,1000000,f4855dc59b21023380d6a49e7bdd5a65f31dd5a9ecc886c3b5af0ba9a5d22d98,96affef441d0ac39f2d34816367517b55dfc9bdb8d852088d3118fae52e03c1e,779f07769b148f5ed049a074daf17349f0ed63df655f6b12136e7f15affd8138,41324e8487a9556d8cfa4538827f8937f4d63dae3030825ebc9f3a726ed08ca0,51caf28579bcf0013343423215dd5726ae413ef0b9b26b62ac1b2c5fc057f353,f20b34392225e6018651d4267640ab507f18639f458d111acf32721f16328ed6,1089581c802a0f5b9679e0f7426544a2e7d61c1b00ecc63f7b60086fbe80f210,63.03312015817365,stable,within_run_target_critic,84262acb852d4adc03bcc600f8ae2a9d5c377e02cc0d06de9c7d8dfd1817d4d3,0.99,0.2501627604166667,0.24462890625,4096,3.3025249203146645,1.7984850945509971,530.7756905182208,529.2197591463081,528.811077298347,527.2351182565765,529.3159819440916,527.7241041241214,True,0.0,0.0,3.454049758229464,1.9960828580148517,-0.15152483791479954,0.9561312521471982,True,raw/halfcheetah-medium-v2/halfcheetah-medium-v2_tau20_mpi3_seed1.npz,ed6f87342f493d8331c32211fd45665cb7eb2a58082c1a44c7fbfee24b82aedf
p3|halfcheetah-medium-v2|20|1,p3,halfcheetah-medium-v2,20.0,1,1000000,f4855dc59b21023380d6a49e7bdd5a65f31dd5a9ecc886c3b5af0ba9a5d22d98,96affef441d0ac39f2d34816367517b55dfc9bdb8d852088d3118fae52e03c1e,779f07769b148f5ed049a074daf17349f0ed63df655f6b12136e7f15affd8138,41324e8487a9556d8cfa4538827f8937f4d63dae3030825ebc9f3a726ed08ca0,51caf28579bcf0013343423215dd5726ae413ef0b9b26b62ac1b2c5fc057f353,f20b34392225e6018651d4267640ab507f18639f458d111acf32721f16328ed6,1089581c802a0f5b9679e0f7426544a2e7d61c1b00ecc63f7b60086fbe80f210,63.03312015817365,stable,common_td3_target_critic,e788f1e11257064c5baf288efd6e205b1bd1e1fc2ae0592d81b6cce502efb0c6,0.99,0.2501627604166667,0.24462890625,4096,2.997774755420616,1.6241192817874253,599.6862212382343,598.3227870322806,597.393672439727,596.023069881155,598.5952880345285,597.210841005668,True,0.0,0.0,3.1460281111000503,1.7760021814797073,-0.14825335567943432,0.9528760232127755,True,raw/halfcheetah-medium-v2/halfcheetah-medium-v2_tau20_mpi3_seed1.npz,ed6f87342f493d8331c32211fd45665cb7eb2a58082c1a44c7fbfee24b82aedf
p4|halfcheetah-medium-v2|20|1,p4,halfcheetah-medium-v2,20.0,1,1000000,cd8c9fc835b11b3b94c2c0f484be4fd7cdd4c6539f26388c570be5cff33e1045,4f44455f43b22c860fc58d6c8235ebdcfeab446291159f1fce389f0d77e4424b,c65b72b06ba49c5d913ec47e819e995e354a8062909afd4bfec74b888d0b4297,41324e8487a9556d8cfa4538827f8937f4d63dae3030825ebc9f3a726ed08ca0,51caf28579bcf0013343423215dd5726ae413ef0b9b26b62ac1b2c5fc057f353,f20b34392225e6018651d4267640ab507f18639f458d111acf32721f16328ed6,1089581c802a0f5b9679e0f7426544a2e7d61c1b00ecc63f7b60086fbe80f210,61.54686654806749,stable,within_run_target_critic,0cd8c2d4ee3f65788a4a781604c0e67760e996653324b46ee8a1f6f431dcd003,0.99,0.24556477864583334,0.24462890625,4096,3.154977116429673,1.6961987179890274,515.4944570207524,514.0729806162699,513.2456986270072,511.81224020907376,513.5933772255667,512.1454394296743,True,0.0,0.0,3.272229292949656,1.8453208543080835,-0.11725217651998276,0.9641674937717188,True,raw/halfcheetah-medium-v2/halfcheetah-medium-v2_tau20_mpi4_seed1.npz,9d3caf8af4620f7ecd1425d6ffa5d358b4625ae2f5972fb10c19c025311f24fd
p4|halfcheetah-medium-v2|20|1,p4,halfcheetah-medium-v2,20.0,1,1000000,cd8c9fc835b11b3b94c2c0f484be4fd7cdd4c6539f26388c570be5cff33e1045,4f44455f43b22c860fc58d6c8235ebdcfeab446291159f1fce389f0d77e4424b,c65b72b06ba49c5d913ec47e819e995e354a8062909afd4bfec74b888d0b4297,41324e8487a9556d8cfa4538827f8937f4d63dae3030825ebc9f3a726ed08ca0,51caf28579bcf0013343423215dd5726ae413ef0b9b26b62ac1b2c5fc057f353,f20b34392225e6018651d4267640ab507f18639f458d111acf32721f16328ed6,1089581c802a0f5b9679e0f7426544a2e7d61c1b00ecc63f7b60086fbe80f210,61.54686654806749,stable,common_td3_target_critic,e788f1e11257064c5baf288efd6e205b1bd1e1fc2ae0592d81b6cce502efb0c6,0.99,0.24556477864583334,0.24462890625,4096,2.7560295037637403,1.4719218021864071,599.5136862014754,598.3227870322806,597.2119134198557,596.023069881155,598.4116930649616,597.210841005668,True,0.0,0.0,2.8372420334971244,1.5995777103910225,-0.08121252973338411,0.9713762418663722,True,raw/halfcheetah-medium-v2/halfcheetah-medium-v2_tau20_mpi4_seed1.npz,9d3caf8af4620f7ecd1425d6ffa5d358b4625ae2f5972fb10c19c025311f24fd
td3|halfcheetah-medium-replay-v2|4|0,td3,halfcheetah-medium-replay-v2,4.0,0,1000000,e1d2b4195dc6b4c4cd278323701d9467f3b9682d3d67c34f8ed4fe6b86fdeb0b,bbedc14675da01cc9879289b9665271cf0b87515ff6c03315e538e97c622033a,044c8e573eace2d4a1a2c6d7b4001ad31c42e67b52ef13f307814aa93972a92e,48d494a4770c11f48260736dec090b78bdca8375647ed4d24bfa5b6610c7f683,e5aa1396cd1114d28714078253945dcbf3ea6079180c0c91c1c59c25efa22446,8e2d2a1cec9363487800fca287beb5e3652620abf31ddb169207b053b761482f,67fc1d5256fb8eb39a4394338feb043dceb03a5d53ac2c0a6981c8ddf850aa1c,48.78141366428188,stable,within_run_target_critic,f7fef89d94b3b518880e502b20d7b823ebd2689e3bea4ced86fc5074dcb5e20b,0.99,0.21024576822916666,0.23909505208333334,4096,5.535351986872535,2.4147438991375383,391.7597640240431,390.00067431685267,365.380348746204,363.5760196517215,365.90174978649884,364.0782653592614,True,0.0,0.0,5.619294363041226,2.5309546331145976,-0.08394237616869127,0.9850617585153058,True,raw/halfcheetah-medium-replay-v2/halfcheetah-medium-replay-v2_tau4_seed0.npz,606bbd51bb2bd9a2718b55ecb066b51be36a440dcba9c9d28477639d7145ce31
td3|halfcheetah-medium-replay-v2|4|0,td3,halfcheetah-medium-replay-v2,4.0,0,1000000,e1d2b4195dc6b4c4cd278323701d9467f3b9682d3d67c34f8ed4fe6b86fdeb0b,bbedc14675da01cc9879289b9665271cf0b87515ff6c03315e538e97c622033a,044c8e573eace2d4a1a2c6d7b4001ad31c42e67b52ef13f307814aa93972a92e,48d494a4770c11f48260736dec090b78bdca8375647ed4d24bfa5b6610c7f683,e5aa1396cd1114d28714078253945dcbf3ea6079180c0c91c1c59c25efa22446,8e2d2a1cec9363487800fca287beb5e3652620abf31ddb169207b053b761482f,67fc1d5256fb8eb39a4394338feb043dceb03a5d53ac2c0a6981c8ddf850aa1c,48.78141366428188,stable,common_td3_target_critic,f7fef89d94b3b518880e502b20d7b823ebd2689e3bea4ced86fc5074dcb5e20b,0.99,0.21024576822916666,0.23909505208333334,4096,5.535351986872535,2.4147438991375383,391.7597640240431,390.00067431685267,365.380348746204,363.5760196517215,365.90174978649884,364.0782653592614,True,0.0,0.0,5.619294363041226,2.5309546331145976,-0.08394237616869127,0.9850617585153058,True,raw/halfcheetah-medium-replay-v2/halfcheetah-medium-replay-v2_tau4_seed0.npz,606bbd51bb2bd9a2718b55ecb066b51be36a440dcba9c9d28477639d7145ce31
p3|halfcheetah-medium-replay-v2|4|0,p3,halfcheetah-medium-replay-v2,4.0,0,1000000,fdbfaa3c0faa77f0345f4bea05525a41d04c935715dc3909f4a6bd55443410fc,c55f6132e389d73bcca8906217eb245098b2a1786888655b34eec50bed6fa0b0,e2739dac38be6019105d601e5e8e0fdbfb466c24a36dfee00cf083353126b516,48d494a4770c11f48260736dec090b78bdca8375647ed4d24bfa5b6610c7f683,e5aa1396cd1114d28714078253945dcbf3ea6079180c0c91c1c59c25efa22446,8e2d2a1cec9363487800fca287beb5e3652620abf31ddb169207b053b761482f,67fc1d5256fb8eb39a4394338feb043dceb03a5d53ac2c0a6981c8ddf850aa1c,50.0417121873146,stable,within_run_target_critic,9c6bdce6c6b1ea239d1eab3ab7e2aceda166ed8b1628c25e88799ea2066d058b,0.99,0.21036783854166666,0.23909505208333334,4096,4.90241977151581,2.4619042674990483,330.7559173860369,329.42278314451164,308.0616855365659,306.71408615463076,307.9850991719286,306.62461337362765,True,0.0,0.0,5.185154327988162,2.536236294792616,-0.28273455647235135,0.9454722967557164,True,raw/halfcheetah-medium-replay-v2/halfcheetah-medium-replay-v2_tau4_mpi3_seed0.npz,c3036ee89711e12e4809a10c41f7d9e0db33a2decbba0455f35716b854f5fb7c
p3|halfcheetah-medium-replay-v2|4|0,p3,halfcheetah-medium-replay-v2,4.0,0,1000000,fdbfaa3c0faa77f0345f4bea05525a41d04c935715dc3909f4a6bd55443410fc,c55f6132e389d73bcca8906217eb245098b2a1786888655b34eec50bed6fa0b0,e2739dac38be6019105d601e5e8e0fdbfb466c24a36dfee00cf083353126b516,48d494a4770c11f48260736dec090b78bdca8375647ed4d24bfa5b6610c7f683,e5aa1396cd1114d28714078253945dcbf3ea6079180c0c91c1c59c25efa22446,8e2d2a1cec9363487800fca287beb5e3652620abf31ddb169207b053b761482f,67fc1d5256fb8eb39a4394338feb043dceb03a5d53ac2c0a6981c8ddf850aa1c,50.0417121873146,stable,common_td3_target_critic,f7fef89d94b3b518880e502b20d7b823ebd2689e3bea4ced86fc5074dcb5e20b,0.99,0.21036783854166666,0.23909505208333334,4096,4.110166961579465,1.9210010369149677,391.0290439283773,390.00067431685267,364.5844820877843,363.5760196517215,365.09731860645115,364.0782653592614,True,0.0,0.0,4.019983563685735,1.9552076399573708,0.09018339789373009,1.0224337727916095,True,raw/halfcheetah-medium-replay-v2/halfcheetah-medium-replay-v2_tau4_mpi3_seed0.npz,c3036ee89711e12e4809a10c41f7d9e0db33a2decbba0455f35716b854f5fb7c
p4|halfcheetah-medium-replay-v2|4|0,p4,halfcheetah-medium-replay-v2,4.0,0,1000000,2a061f1aef1a5b4f266e0dd8fe7abb0437cee89a23c3b36ddc86aa3d716372cd,f1a018af66b5b38ecb5c212ad95f669cc014bee962305f37230d649b781f80a8,5a6da6471a16bc04abfa7d2d5daa183c41ac5e59de3a0880f6bda6a37d9ee7b2,48d494a4770c11f48260736dec090b78bdca8375647ed4d24bfa5b6610c7f683,e5aa1396cd1114d28714078253945dcbf3ea6079180c0c91c1c59c25efa22446,8e2d2a1cec9363487800fca287beb5e3652620abf31ddb169207b053b761482f,67fc1d5256fb8eb39a4394338feb043dceb03a5d53ac2c0a6981c8ddf850aa1c,50.15381471827969,stable,within_run_target_critic,eabbf84c6ebe2d649eb4e1a4eeab8e106ea3f387a82a0bd7df76241bb1e9bdc8,0.99,0.20987955729166666,0.23909505208333334,4096,5.561632406230151,2.610129385244509,318.73052710040093,317.37812924982296,296.43271122549413,295.0346339020483,296.2395479452098,294.8275764133723,True,0.0,0.0,5.612631053231669,2.6722920179893843,-0.050998647001518016,0.9909135935503628,True,raw/halfcheetah-medium-replay-v2/halfcheetah-medium-replay-v2_tau4_mpi4_seed0.npz,2b29c0a4cf39276d302c6e974a118f7534d156a7d0709a6192cf66f281c15b3f
p4|halfcheetah-medium-replay-v2|4|0,p4,halfcheetah-medium-replay-v2,4.0,0,1000000,2a061f1aef1a5b4f266e0dd8fe7abb0437cee89a23c3b36ddc86aa3d716372cd,f1a018af66b5b38ecb5c212ad95f669cc014bee962305f37230d649b781f80a8,5a6da6471a16bc04abfa7d2d5daa183c41ac5e59de3a0880f6bda6a37d9ee7b2,48d494a4770c11f48260736dec090b78bdca8375647ed4d24bfa5b6610c7f683,e5aa1396cd1114d28714078253945dcbf3ea6079180c0c91c1c59c25efa22446,8e2d2a1cec9363487800fca287beb5e3652620abf31ddb169207b053b761482f,67fc1d5256fb8eb39a4394338feb043dceb03a5d53ac2c0a6981c8ddf850aa1c,50.15381471827969,stable,common_td3_target_critic,f7fef89d94b3b518880e502b20d7b823ebd2689e3bea4ced86fc5074dcb5e20b,0.99,0.20987955729166666,0.23909505208333334,4096,3.543202460958017,1.8430575498996769,390.9649169898651,390.00067431685267,364.51414963858133,363.5760196517215,365.0263289016584,364.0782653592614,True,0.0,0.0,3.5272867869520037,1.9142203257320216,0.015915674006013347,1.0045121576348393,True,raw/halfcheetah-medium-replay-v2/halfcheetah-medium-replay-v2_tau4_mpi4_seed0.npz,2b29c0a4cf39276d302c6e974a118f7534d156a7d0709a6192cf66f281c15b3f
td3|halfcheetah-medium-replay-v2|4|1,td3,halfcheetah-medium-replay-v2,4.0,1,1000000,2170b9ce6b57aee9379b69b2d825d438481260525359064717c6da8206136f21,2c80c73414d710615d50611fc27f9bf079538de560376fa37c3512ff55c498c2,92ccd7ea327f86156007322c745891c46dc04a9e50eb3df312822c2670f6a459,48d494a4770c11f48260736dec090b78bdca8375647ed4d24bfa5b6610c7f683,e5aa1396cd1114d28714078253945dcbf3ea6079180c0c91c1c59c25efa22446,8e2d2a1cec9363487800fca287beb5e3652620abf31ddb169207b053b761482f,67fc1d5256fb8eb39a4394338feb043dceb03a5d53ac2c0a6981c8ddf850aa1c,47.4340602192118,stable,within_run_target_critic,7e6d5137d2ee2d1713eac7fd2dbd61347d6bffcb6c17183e9bc85f5820cddcf1,0.99,0.21533203125,0.23909505208333334,4096,5.166975262194819,2.2937875963389525,385.8244784198378,384.2044688980449,359.65176345048803,358.0591956538941,360.09353047961486,358.4867149615311,True,0.0,0.0,5.199754085138758,2.3870928356531658,-0.03277882294393919,0.9936960820824925,True,raw/halfcheetah-medium-replay-v2/halfcheetah-medium-replay-v2_tau4_seed1.npz,74bf7bc8d0573cfc4543226e89a9de0b88bfc7253a6f50167ca151bf175c3236
td3|halfcheetah-medium-replay-v2|4|1,td3,halfcheetah-medium-replay-v2,4.0,1,1000000,2170b9ce6b57aee9379b69b2d825d438481260525359064717c6da8206136f21,2c80c73414d710615d50611fc27f9bf079538de560376fa37c3512ff55c498c2,92ccd7ea327f86156007322c745891c46dc04a9e50eb3df312822c2670f6a459,48d494a4770c11f48260736dec090b78bdca8375647ed4d24bfa5b6610c7f683,e5aa1396cd1114d28714078253945dcbf3ea6079180c0c91c1c59c25efa22446,8e2d2a1cec9363487800fca287beb5e3652620abf31ddb169207b053b761482f,67fc1d5256fb8eb39a4394338feb043dceb03a5d53ac2c0a6981c8ddf850aa1c,47.4340602192118,stable,common_td3_target_critic,7e6d5137d2ee2d1713eac7fd2dbd61347d6bffcb6c17183e9bc85f5820cddcf1,0.99,0.21533203125,0.23909505208333334,4096,5.166975262194819,2.2937875963389525,385.8244784198378,384.2044688980449,359.65176345048803,358.0591956538941,360.09353047961486,358.4867149615311,True,0.0,0.0,5.199754085138758,2.3870928356531658,-0.03277882294393919,0.9936960820824925,True,raw/halfcheetah-medium-replay-v2/halfcheetah-medium-replay-v2_tau4_seed1.npz,74bf7bc8d0573cfc4543226e89a9de0b88bfc7253a6f50167ca151bf175c3236
p3|halfcheetah-medium-replay-v2|4|1,p3,halfcheetah-medium-replay-v2,4.0,1,1000000,e9a3cb5487db7024fdfe9dc8be22f0012383d7b8cc6f9deba7ac5b7cefeae242,2729531d4adc63f967192eebc298358dade82868a8601762ca37aa87f5926680,2c36d621e70be4b2969bd03af07e87656abb324f9f80ad32ec46e374a00815e2,48d494a4770c11f48260736dec090b78bdca8375647ed4d24bfa5b6610c7f683,e5aa1396cd1114d28714078253945dcbf3ea6079180c0c91c1c59c25efa22446,8e2d2a1cec9363487800fca287beb5e3652620abf31ddb169207b053b761482f,67fc1d5256fb8eb39a4394338feb043dceb03a5d53ac2c0a6981c8ddf850aa1c,48.57245464683448,stable,within_run_target_critic,1018d1ba168e77e0a63cfae9c2d7bface55e39cafcbd355d6ba01ea86a7c84c4,0.99,0.21122233072916666,0.23909505208333334,4096,5.202299017566803,2.456711327395169,329.9539322098387,328.6059024992197,306.80544892673913,305.4362025987958,306.7152529375744,305.33242659753887,True,0.0,0.0,5.353363068838904,2.5156653865647964,-0.1510640512721011,0.9717814672142412,True,raw/halfcheetah-medium-replay-v2/halfcheetah-medium-replay-v2_tau4_mpi3_seed1.npz,516c34892c6140f0053e63c9d0f44ad8be81faae0430624f0a93ab8d3cb6425c
p3|halfcheetah-medium-replay-v2|4|1,p3,halfcheetah-medium-replay-v2,4.0,1,1000000,e9a3cb5487db7024fdfe9dc8be22f0012383d7b8cc6f9deba7ac5b7cefeae242,2729531d4adc63f967192eebc298358dade82868a8601762ca37aa87f5926680,2c36d621e70be4b2969bd03af07e87656abb324f9f80ad32ec46e374a00815e2,48d494a4770c11f48260736dec090b78bdca8375647ed4d24bfa5b6610c7f683,e5aa1396cd1114d28714078253945dcbf3ea6079180c0c91c1c59c25efa22446,8e2d2a1cec9363487800fca287beb5e3652620abf31ddb169207b053b761482f,67fc1d5256fb8eb39a4394338feb043dceb03a5d53ac2c0a6981c8ddf850aa1c,48.57245464683448,stable,common_td3_target_critic,7e6d5137d2ee2d1713eac7fd2dbd61347d6bffcb6c17183e9bc85f5820cddcf1,0.99,0.21122233072916666,0.23909505208333334,4096,3.6950801864059977,1.8913589964550919,385.1818689982815,384.2044688980449,358.99405717922326,358.0591956538941,359.4306684571784,358.4867149615311,True,0.0,0.0,3.8264037254984666,1.914055927748268,-0.13132353909246897,0.9656796437298677,True,raw/halfcheetah-medium-replay-v2/halfcheetah-medium-replay-v2_tau4_mpi3_seed1.npz,516c34892c6140f0053e63c9d0f44ad8be81faae0430624f0a93ab8d3cb6425c
p4|halfcheetah-medium-replay-v2|4|1,p4,halfcheetah-medium-replay-v2,4.0,1,1000000,495d89797918ec1c42a401d7ce4fe53588e9d64e55839df8887a8e6b161074e7,2ace2666aefb121a8e65a4645a5c31b77a4d32a4f11bf3087185c07a92b42352,932e1073b042fc18dd26ceb7efe82cf8065d9df52cc2b7b5ec39f940b1dff154,48d494a4770c11f48260736dec090b78bdca8375647ed4d24bfa5b6610c7f683,e5aa1396cd1114d28714078253945dcbf3ea6079180c0c91c1c59c25efa22446,8e2d2a1cec9363487800fca287beb5e3652620abf31ddb169207b053b761482f,67fc1d5256fb8eb39a4394338feb043dceb03a5d53ac2c0a6981c8ddf850aa1c,49.621388526491884,stable,within_run_target_critic,d5213e75a525cc39d01817149921444dfb6edda83871191c0c5e1e3fff338732,0.99,0.20951334635416666,0.23909505208333334,4096,5.4650214714770415,2.5261550193608855,315.7794230537217,314.492733635962,292.09693864336396,290.84141440970336,291.8594991378195,290.59161161107477,True,0.0,0.0,5.602526381229287,2.591278800063883,-0.13750490975224583,0.9754566243163187,True,raw/halfcheetah-medium-replay-v2/halfcheetah-medium-replay-v2_tau4_mpi4_seed1.npz,8c744c55066f721be7aba4e9db7ec882269e4a08d6f6fe07539a80e0fb8e6523
p4|halfcheetah-medium-replay-v2|4|1,p4,halfcheetah-medium-replay-v2,4.0,1,1000000,495d89797918ec1c42a401d7ce4fe53588e9d64e55839df8887a8e6b161074e7,2ace2666aefb121a8e65a4645a5c31b77a4d32a4f11bf3087185c07a92b42352,932e1073b042fc18dd26ceb7efe82cf8065d9df52cc2b7b5ec39f940b1dff154,48d494a4770c11f48260736dec090b78bdca8375647ed4d24bfa5b6610c7f683,e5aa1396cd1114d28714078253945dcbf3ea6079180c0c91c1c59c25efa22446,8e2d2a1cec9363487800fca287beb5e3652620abf31ddb169207b053b761482f,67fc1d5256fb8eb39a4394338feb043dceb03a5d53ac2c0a6981c8ddf850aa1c,49.621388526491884,stable,common_td3_target_critic,7e6d5137d2ee2d1713eac7fd2dbd61347d6bffcb6c17183e9bc85f5820cddcf1,0.99,0.20951334635416666,0.23909505208333334,4096,3.677138721019898,1.8319251581380378,385.0938674812912,384.2044688980449,358.9079205575045,358.0591956538941,359.3425457740086,358.4867149615311,True,0.0,0.0,3.793294108032257,1.9010804944747361,-0.11615538701235906,0.9693787553234005,True,raw/halfcheetah-medium-replay-v2/halfcheetah-medium-replay-v2_tau4_mpi4_seed1.npz,8c744c55066f721be7aba4e9db7ec882269e4a08d6f6fe07539a80e0fb8e6523
td3|halfcheetah-medium-replay-v2|7|0,td3,halfcheetah-medium-replay-v2,7.0,0,1000000,fbfd82ebd04c11156d9d9262434e6ec1f58786d7ed849db980a511272c7afdc6,cf4f490ea1d4c092531f53ea8f673ccf3de3f84e33ed1bd4b704749c7f5b2584,e5f51c26aec18d08413777f254171b87bd6bd56b8402990dbf66b6aea47f05f8,48d494a4770c11f48260736dec090b78bdca8375647ed4d24bfa5b6610c7f683,e5aa1396cd1114d28714078253945dcbf3ea6079180c0c91c1c59c25efa22446,8e2d2a1cec9363487800fca287beb5e3652620abf31ddb169207b053b761482f,67fc1d5256fb8eb39a4394338feb043dceb03a5d53ac2c0a6981c8ddf850aa1c,49.304427469874895,stable,within_run_target_critic,b4a9785a7a3175419756ae035e49fac664e154ae0fa64287eacb27de6ad969ac,0.99,0.21223958333333334,0.23909505208333334,4096,5.2682207319779675,2.4508129912172443,416.565359704192,414.6686229785986,389.02152077175714,387.09255011285927,389.78075724304654,387.83230203203857,True,0.0,0.0,5.274144274751269,2.542731932310853,-0.005923542773301094,0.9988768713056148,True,raw/halfcheetah-medium-replay-v2/halfcheetah-medium-replay-v2_tau7_seed0.npz,3007de95b71c7972f0a1a76759015faac2709c6d72413f3355b0bd7f31f67120
td3|halfcheetah-medium-replay-v2|7|0,td3,halfcheetah-medium-replay-v2,7.0,0,1000000,fbfd82ebd04c11156d9d9262434e6ec1f58786d7ed849db980a511272c7afdc6,cf4f490ea1d4c092531f53ea8f673ccf3de3f84e33ed1bd4b704749c7f5b2584,e5f51c26aec18d08413777f254171b87bd6bd56b8402990dbf66b6aea47f05f8,48d494a4770c11f48260736dec090b78bdca8375647ed4d24bfa5b6610c7f683,e5aa1396cd1114d28714078253945dcbf3ea6079180c0c91c1c59c25efa22446,8e2d2a1cec9363487800fca287beb5e3652620abf31ddb169207b053b761482f,67fc1d5256fb8eb39a4394338feb043dceb03a5d53ac2c0a6981c8ddf850aa1c,49.304427469874895,stable,common_td3_target_critic,b4a9785a7a3175419756ae035e49fac664e154ae0fa64287eacb27de6ad969ac,0.99,0.21223958333333334,0.23909505208333334,4096,5.2682207319779675,2.4508129912172443,416.565359704192,414.6686229785986,389.02152077175714,387.09255011285927,389.78075724304654,387.83230203203857,True,0.0,0.0,5.274144274751269,2.542731932310853,-0.005923542773301094,0.9988768713056148,True,raw/halfcheetah-medium-replay-v2/halfcheetah-medium-replay-v2_tau7_seed0.npz,3007de95b71c7972f0a1a76759015faac2709c6d72413f3355b0bd7f31f67120
p3|halfcheetah-medium-replay-v2|7|0,p3,halfcheetah-medium-replay-v2,7.0,0,1000000,9d982b6172af3ea2d7d20dad53509f629e2f68edfd80d68451c8265c17107a33,340a904fd154defd1133aeabb6514448999db46ed659a562083b864921ddd63d,33fb370170b59bffdb780358145b871e22cbfec11b4b37eaeb089ff128157f99,48d494a4770c11f48260736dec090b78bdca8375647ed4d24bfa5b6610c7f683,e5aa1396cd1114d28714078253945dcbf3ea6079180c0c91c1c59c25efa22446,8e2d2a1cec9363487800fca287beb5e3652620abf31ddb169207b053b761482f,67fc1d5256fb8eb39a4394338feb043dceb03a5d53ac2c0a6981c8ddf850aa1c,51.447554263909254,stable,within_run_target_critic,d790c30aff3342c21e8f5a7c4e244cb0168b1e7beb8d426b3e56cbb7f0812ff6,0.99,0.2113037109375,0.23909505208333334,4096,4.472007916950393,2.2775387745955955,359.88001263918926,358.39484641733344,335.6259241011717,334.16573811803255,335.8248127454426,334.3498774089385,True,0.0,0.0,4.755058214740754,2.4081375423283315,-0.2830502977903615,0.9404738522626492,True,raw/halfcheetah-medium-replay-v2/halfcheetah-medium-replay-v2_tau7_mpi3_seed0.npz,6c06ea41c0282f9a14dd1890f586f91c92246ca339840a90d4d2adf6b7e61dca
p3|halfcheetah-medium-replay-v2|7|0,p3,halfcheetah-medium-replay-v2,7.0,0,1000000,9d982b6172af3ea2d7d20dad53509f629e2f68edfd80d68451c8265c17107a33,340a904fd154defd1133aeabb6514448999db46ed659a562083b864921ddd63d,33fb370170b59bffdb780358145b871e22cbfec11b4b37eaeb089ff128157f99,48d494a4770c11f48260736dec090b78bdca8375647ed4d24bfa5b6610c7f683,e5aa1396cd1114d28714078253945dcbf3ea6079180c0c91c1c59c25efa22446,8e2d2a1cec9363487800fca287beb5e3652620abf31ddb169207b053b761482f,67fc1d5256fb8eb39a4394338feb043dceb03a5d53ac2c0a6981c8ddf850aa1c,51.447554263909254,stable,common_td3_target_critic,b4a9785a7a3175419756ae035e49fac664e154ae0fa64287eacb27de6ad969ac,0.99,0.2113037109375,0.23909505208333334,4096,4.022065851776361,1.874547342143487,415.8505706701014,414.6686229785986,388.25677994745354,387.09255011285927,389.008291763952,387.83230203203857,True,0.0,0.0,3.9175335283239465,1.8902104159863664,0.10453232345241448,1.0266831981645188,True,raw/halfcheetah-medium-replay-v2/halfcheetah-medium-replay-v2_tau7_mpi3_seed0.npz,6c06ea41c0282f9a14dd1890f586f91c92246ca339840a90d4d2adf6b7e61dca
p4|halfcheetah-medium-replay-v2|7|0,p4,halfcheetah-medium-replay-v2,7.0,0,1000000,feca4472e782f507b02c88207db43b568d2508376199f72141d9a22db220cd81,faf3312068be164a31b15e0c7b09a8a12fb1fd1a5400ac2f7b2657714dd40d88,c16db3af13dc99dcb84fb58bd652d4115b393d24a2d2e1d387d75807c3ba005f,48d494a4770c11f48260736dec090b78bdca8375647ed4d24bfa5b6610c7f683,e5aa1396cd1114d28714078253945dcbf3ea6079180c0c91c1c59c25efa22446,8e2d2a1cec9363487800fca287beb5e3652620abf31ddb169207b053b761482f,67fc1d5256fb8eb39a4394338feb043dceb03a5d53ac2c0a6981c8ddf850aa1c,51.617116375465145,stable,within_run_target_critic,27bd7263cabb46fab668357761beb11028e8de308dfc7453e7c5941097113a76,0.99,0.21012369791666666,0.23909505208333334,4096,5.029586331221004,2.328620375490136,345.8031192616669,344.4305063464949,322.19230940912627,320.83014241428083,322.2590526518179,320.8837309998489,True,0.0,0.0,5.199546009010325,2.442757601547637,-0.16995967778932108,0.9673125927735235,True,raw/halfcheetah-medium-replay-v2/halfcheetah-medium-replay-v2_tau7_mpi4_seed0.npz,368ce979b3ee43d2d6b43e4ae4ef99adc706ad17a27516c7336811e27544869d
p4|halfcheetah-medium-replay-v2|7|0,p4,halfcheetah-medium-replay-v2,7.0,0,1000000,feca4472e782f507b02c88207db43b568d2508376199f72141d9a22db220cd81,faf3312068be164a31b15e0c7b09a8a12fb1fd1a5400ac2f7b2657714dd40d88,c16db3af13dc99dcb84fb58bd652d4115b393d24a2d2e1d387d75807c3ba005f,48d494a4770c11f48260736dec090b78bdca8375647ed4d24bfa5b6610c7f683,e5aa1396cd1114d28714078253945dcbf3ea6079180c0c91c1c59c25efa22446,8e2d2a1cec9363487800fca287beb5e3652620abf31ddb169207b053b761482f,67fc1d5256fb8eb39a4394338feb043dceb03a5d53ac2c0a6981c8ddf850aa1c,51.617116375465145,stable,common_td3_target_critic,b4a9785a7a3175419756ae035e49fac664e154ae0fa64287eacb27de6ad969ac,0.99,0.21012369791666666,0.23909505208333334,4096,3.8433905318957486,1.7972134364373051,415.6865770922295,414.6686229785986,388.0795500140688,387.09255011285927,388.8292716292199,387.83230203203857,True,0.0,0.0,3.731279737724225,1.8039709886326454,0.11211079417152359,1.0300462045335421,True,raw/halfcheetah-medium-replay-v2/halfcheetah-medium-replay-v2_tau7_mpi4_seed0.npz,368ce979b3ee43d2d6b43e4ae4ef99adc706ad17a27516c7336811e27544869d
td3|halfcheetah-medium-replay-v2|7|1,td3,halfcheetah-medium-replay-v2,7.0,1,1000000,3156f8ee451cd67bb2a5f4731650b635b058f9e13d2d0f137b8668f198b80bf0,8c90841b02de95a060af6d6336170f2980240aab254d8d44a5bc81f167b97638,03389a89b5af4331436007a7dd0795aaea5b1919c6069b7f03c52e16cc312eb3,48d494a4770c11f48260736dec090b78bdca8375647ed4d24bfa5b6610c7f683,e5aa1396cd1114d28714078253945dcbf3ea6079180c0c91c1c59c25efa22446,8e2d2a1cec9363487800fca287beb5e3652620abf31ddb169207b053b761482f,67fc1d5256fb8eb39a4394338feb043dceb03a5d53ac2c0a6981c8ddf850aa1c,51.84143044423981,stable,within_run_target_critic,68e702155945ba8f5eaf89ea1a95f19f8022d3a0d7d5aafcf780345312898321,0.99,0.21341959635416666,0.23909505208333334,4096,4.673834562848519,2.27674193735118,417.1311892041379,415.350995873752,390.08113297035726,388.2911425602731,390.84994576720055,389.0425374638289,True,0.0,0.0,4.869987094479427,2.4241812633513478,-0.19615253163090784,0.9597221660292972,True,raw/halfcheetah-medium-replay-v2/halfcheetah-medium-replay-v2_tau7_seed1.npz,a3713a0a353618d250a3c20262f7a3297d175ee30ee21b4b20dd5901e0e34731
td3|halfcheetah-medium-replay-v2|7|1,td3,halfcheetah-medium-replay-v2,7.0,1,1000000,3156f8ee451cd67bb2a5f4731650b635b058f9e13d2d0f137b8668f198b80bf0,8c90841b02de95a060af6d6336170f2980240aab254d8d44a5bc81f167b97638,03389a89b5af4331436007a7dd0795aaea5b1919c6069b7f03c52e16cc312eb3,48d494a4770c11f48260736dec090b78bdca8375647ed4d24bfa5b6610c7f683,e5aa1396cd1114d28714078253945dcbf3ea6079180c0c91c1c59c25efa22446,8e2d2a1cec9363487800fca287beb5e3652620abf31ddb169207b053b761482f,67fc1d5256fb8eb39a4394338feb043dceb03a5d53ac2c0a6981c8ddf850aa1c,51.84143044423981,stable,common_td3_target_critic,68e702155945ba8f5eaf89ea1a95f19f8022d3a0d7d5aafcf780345312898321,0.99,0.21341959635416666,0.23909505208333334,4096,4.673834562848519,2.27674193735118,417.1311892041379,415.350995873752,390.08113297035726,388.2911425602731,390.84994576720055,389.0425374638289,True,0.0,0.0,4.869987094479427,2.4241812633513478,-0.19615253163090784,0.9597221660292972,True,raw/halfcheetah-medium-replay-v2/halfcheetah-medium-replay-v2_tau7_seed1.npz,a3713a0a353618d250a3c20262f7a3297d175ee30ee21b4b20dd5901e0e34731
p3|halfcheetah-medium-replay-v2|7|1,p3,halfcheetah-medium-replay-v2,7.0,1,1000000,b726490330c93ea6003364781e234b50c36c2eb7f2f184738013a75fd8101757,e5a27af0af21ba66dd13fbe30f20f57804634e66f65f16067f8cd81b7eebbda1,a6ed1977ea85a875dee038e3d90d505f4158f764bececbe06a4c2de9bfa73b62,48d494a4770c11f48260736dec090b78bdca8375647ed4d24bfa5b6610c7f683,e5aa1396cd1114d28714078253945dcbf3ea6079180c0c91c1c59c25efa22446,8e2d2a1cec9363487800fca287beb5e3652620abf31ddb169207b053b761482f,67fc1d5256fb8eb39a4394338feb043dceb03a5d53ac2c0a6981c8ddf850aa1c,51.90417289475815,stable,within_run_target_critic,421aa12e29966028e110bd0656f48625b9f8896d1ce5c638a99541f432b6c1fd,0.99,0.21248372395833334,0.23909505208333334,4096,5.361267369355714,2.407955719549209,362.522241325673,360.94600201620045,338.68130360094375,337.082779911958,338.91425413032994,337.29993194760755,True,0.0,0.0,5.469906636830329,2.5053087712218987,-0.10863926747461505,0.9801387345913515,True,raw/halfcheetah-medium-replay-v2/halfcheetah-medium-replay-v2_tau7_mpi3_seed1.npz,c1fc5205fe0c5e87eeb8428209058d18dd19b24b2c5d4f7cb711ed8acb5fc599
p3|halfcheetah-medium-replay-v2|7|1,p3,halfcheetah-medium-replay-v2,7.0,1,1000000,b726490330c93ea6003364781e234b50c36c2eb7f2f184738013a75fd8101757,e5a27af0af21ba66dd13fbe30f20f57804634e66f65f16067f8cd81b7eebbda1,a6ed1977ea85a875dee038e3d90d505f4158f764bececbe06a4c2de9bfa73b62,48d494a4770c11f48260736dec090b78bdca8375647ed4d24bfa5b6610c7f683,e5aa1396cd1114d28714078253945dcbf3ea6079180c0c91c1c59c25efa22446,8e2d2a1cec9363487800fca287beb5e3652620abf31ddb169207b053b761482f,67fc1d5256fb8eb39a4394338feb043dceb03a5d53ac2c0a6981c8ddf850aa1c,51.90417289475815,stable,common_td3_target_critic,68e702155945ba8f5eaf89ea1a95f19f8022d3a0d7d5aafcf780345312898321,0.99,0.21248372395833334,0.23909505208333334,4096,3.6682620930522907,1.7443316322995814,416.38782312542315,415.350995873752,389.2731687750578,388.2911425602731,390.0344831353286,389.0425374638289,True,0.0,0.0,3.7206308613270753,1.7935482251120265,-0.05236876827478465,0.9859247610884715,True,raw/halfcheetah-medium-replay-v2/halfcheetah-medium-replay-v2_tau7_mpi3_seed1.npz,c1fc5205fe0c5e87eeb8428209058d18dd19b24b2c5d4f7cb711ed8acb5fc599
p4|halfcheetah-medium-replay-v2|7|1,p4,halfcheetah-medium-replay-v2,7.0,1,1000000,871599bd8a799ccb046c3a77fb2aeab3177898301b504f6c45f65006233c610e,05a7e846d816d34702cf5390db5c0899395adcdc52b896b44121a6d1cb06c469,145d7064f480cece5fb4746110719b93c0e8838f825719eba23a2277ed3b0a22,48d494a4770c11f48260736dec090b78bdca8375647ed4d24bfa5b6610c7f683,e5aa1396cd1114d28714078253945dcbf3ea6079180c0c91c1c59c25efa22446,8e2d2a1cec9363487800fca287beb5e3652620abf31ddb169207b053b761482f,67fc1d5256fb8eb39a4394338feb043dceb03a5d53ac2c0a6981c8ddf850aa1c,52.52809975171304,stable,within_run_target_critic,7e03085a3c8193f9d72f329e5f9e8919bcd9ad39e60a1910de135685863ce814,0.99,0.21126302083333334,0.23909505208333334,4096,5.132729150756075,2.4794214129669125,346.839381039521,345.34948818782726,322.47625678138945,320.9627677507384,322.54387503392354,321.0161340120976,True,0.0,0.0,5.121672376957224,2.5520389151538256,0.011056773798850728,1.0021588209836685,True,raw/halfcheetah-medium-replay-v2/halfcheetah-medium-replay-v2_tau7_mpi4_seed1.npz,a8f9feae668e5351c70031f7cba349f4e72e645b1cf45b4f203aca921fb6711f
p4|halfcheetah-medium-replay-v2|7|1,p4,halfcheetah-medium-replay-v2,7.0,1,1000000,871599bd8a799ccb046c3a77fb2aeab3177898301b504f6c45f65006233c610e,05a7e846d816d34702cf5390db5c0899395adcdc52b896b44121a6d1cb06c469,145d7064f480cece5fb4746110719b93c0e8838f825719eba23a2277ed3b0a22,48d494a4770c11f48260736dec090b78bdca8375647ed4d24bfa5b6610c7f683,e5aa1396cd1114d28714078253945dcbf3ea6079180c0c91c1c59c25efa22446,8e2d2a1cec9363487800fca287beb5e3652620abf31ddb169207b053b761482f,67fc1d5256fb8eb39a4394338feb043dceb03a5d53ac2c0a6981c8ddf850aa1c,52.52809975171304,stable,common_td3_target_critic,68e702155945ba8f5eaf89ea1a95f19f8022d3a0d7d5aafcf780345312898321,0.99,0.21126302083333334,0.23909505208333334,4096,3.458752057572975,1.67639920444577,416.2807497709698,415.350995873752,389.1652390210684,388.2911425602731,389.92546318180393,389.0425374638289,True,0.0,0.0,3.4731630343954656,1.7233797033625888,-0.014410976822490706,0.995850762927114,True,raw/halfcheetah-medium-replay-v2/halfcheetah-medium-replay-v2_tau7_mpi4_seed1.npz,a8f9feae668e5351c70031f7cba349f4e72e645b1cf45b4f203aca921fb6711f
td3|halfcheetah-medium-replay-v2|10|0,td3,halfcheetah-medium-replay-v2,10.0,0,1000000,95b81ccaba28b045fec48f93a3d3a8096cdabc2ab193058608a620349fa7542d,a53dabb50f650c168d9e9713c295c483cdc28ded47296f9c0f9ab84752fde189,a9d7beb2c219a63679a3a18453215cbb598d99aae191bed3dec234e6f970841c,48d494a4770c11f48260736dec090b78bdca8375647ed4d24bfa5b6610c7f683,e5aa1396cd1114d28714078253945dcbf3ea6079180c0c91c1c59c25efa22446,8e2d2a1cec9363487800fca287beb5e3652620abf31ddb169207b053b761482f,67fc1d5256fb8eb39a4394338feb043dceb03a5d53ac2c0a6981c8ddf850aa1c,52.629263568996976,stable,within_run_target_critic,0f17228fce33cbc4e25807853c76dcdd67e789b3cecdad62d292e3f6c23da30f,0.99,0.21036783854166666,0.23909505208333334,4096,5.489095863763312,2.5631369541725144,439.13970896921563,437.0376120948015,410.12825994939,408.0261018100664,411.10023179627024,408.9773037463892,True,0.0,0.0,5.528127695168034,2.692783915288746,-0.03903183140472155,0.9929394121197963,True,raw/halfcheetah-medium-replay-v2/halfcheetah-medium-replay-v2_tau10_seed0.npz,572dfadaad70c2a4e56302800b18a327889ad4d46f4665c3e451a97ca3a1403a
td3|halfcheetah-medium-replay-v2|10|0,td3,halfcheetah-medium-replay-v2,10.0,0,1000000,95b81ccaba28b045fec48f93a3d3a8096cdabc2ab193058608a620349fa7542d,a53dabb50f650c168d9e9713c295c483cdc28ded47296f9c0f9ab84752fde189,a9d7beb2c219a63679a3a18453215cbb598d99aae191bed3dec234e6f970841c,48d494a4770c11f48260736dec090b78bdca8375647ed4d24bfa5b6610c7f683,e5aa1396cd1114d28714078253945dcbf3ea6079180c0c91c1c59c25efa22446,8e2d2a1cec9363487800fca287beb5e3652620abf31ddb169207b053b761482f,67fc1d5256fb8eb39a4394338feb043dceb03a5d53ac2c0a6981c8ddf850aa1c,52.629263568996976,stable,common_td3_target_critic,0f17228fce33cbc4e25807853c76dcdd67e789b3cecdad62d292e3f6c23da30f,0.99,0.21036783854166666,0.23909505208333334,4096,5.489095863763312,2.5631369541725144,439.13970896921563,437.0376120948015,410.12825994939,408.0261018100664,411.10023179627024,408.9773037463892,True,0.0,0.0,5.528127695168034,2.692783915288746,-0.03903183140472155,0.9929394121197963,True,raw/halfcheetah-medium-replay-v2/halfcheetah-medium-replay-v2_tau10_seed0.npz,572dfadaad70c2a4e56302800b18a327889ad4d46f4665c3e451a97ca3a1403a
p3|halfcheetah-medium-replay-v2|10|0,p3,halfcheetah-medium-replay-v2,10.0,0,1000000,442644d9f0fc779c0011334ce471bc3a4155cc63fd0239a1de733a80911e7a97,663aee50239f212b9e595678ba2dd41035e61c01342f8a509be72c97b864ddf8,20ecf702d6a7fc64bb7d14d606bba46c343e25b46e5b8891823d15d77ef23a8a,48d494a4770c11f48260736dec090b78bdca8375647ed4d24bfa5b6610c7f683,e5aa1396cd1114d28714078253945dcbf3ea6079180c0c91c1c59c25efa22446,8e2d2a1cec9363487800fca287beb5e3652620abf31ddb169207b053b761482f,67fc1d5256fb8eb39a4394338feb043dceb03a5d53ac2c0a6981c8ddf850aa1c,53.63928165861541,stable,within_run_target_critic,4d8d6ed3017c757efc8ef2b8e05f5a1539bf93c239490ed58c91837b2d591f4f,0.99,0.21390787760416666,0.23909505208333334,4096,5.1299874558664555,2.3490271728968946,383.43767685731774,381.7892710724006,357.5084289778537,355.876440800216,357.9298694236204,356.28174472710816,True,0.0,0.0,5.257224357792052,2.4342215052036047,-0.12723690192559634,0.9757977036424152,True,raw/halfcheetah-medium-replay-v2/halfcheetah-medium-replay-v2_tau10_mpi3_seed0.npz,271b042d33423030d8ee567320588b847c985aaf112027b177ce4c97e80ece6d
p3|halfcheetah-medium-replay-v2|10|0,p3,halfcheetah-medium-replay-v2,10.0,0,1000000,442644d9f0fc779c0011334ce471bc3a4155cc63fd0239a1de733a80911e7a97,663aee50239f212b9e595678ba2dd41035e61c01342f8a509be72c97b864ddf8,20ecf702d6a7fc64bb7d14d606bba46c343e25b46e5b8891823d15d77ef23a8a,48d494a4770c11f48260736dec090b78bdca8375647ed4d24bfa5b6610c7f683,e5aa1396cd1114d28714078253945dcbf3ea6079180c0c91c1c59c25efa22446,8e2d2a1cec9363487800fca287beb5e3652620abf31ddb169207b053b761482f,67fc1d5256fb8eb39a4394338feb043dceb03a5d53ac2c0a6981c8ddf850aa1c,53.63928165861541,stable,common_td3_target_critic,0f17228fce33cbc4e25807853c76dcdd67e789b3cecdad62d292e3f6c23da30f,0.99,0.21390787760416666,0.23909505208333334,4096,4.19520336944893,1.9059362002951095,438.31515100840227,437.0376120948015,409.251937036219,408.0261018100664,410.2155211465433,408.9773037463892,True,0.0,0.0,4.174579497390386,1.9523674054001456,0.0206238720585441,1.0049403471826173,True,raw/halfcheetah-medium-replay-v2/halfcheetah-medium-replay-v2_tau10_mpi3_seed0.npz,271b042d33423030d8ee567320588b847c985aaf112027b177ce4c97e80ece6d
p4|halfcheetah-medium-replay-v2|10|0,p4,halfcheetah-medium-replay-v2,10.0,0,1000000,f000b6dc08cc5f00c387f154ef08c02585a9b7830fe53c650ed95102d18da432,1534d9526ddb8137b0389c63137859549f51d1166045956e2ff0725c3d5e5afd,0c1403e59cc424dc5e3a45b802ce2f6a99c976ac38a8f997d87ca6c08d55b7f5,48d494a4770c11f48260736dec090b78bdca8375647ed4d24bfa5b6610c7f683,e5aa1396cd1114d28714078253945dcbf3ea6079180c0c91c1c59c25efa22446,8e2d2a1cec9363487800fca287beb5e3652620abf31ddb169207b053b761482f,67fc1d5256fb8eb39a4394338feb043dceb03a5d53ac2c0a6981c8ddf850aa1c,51.136792937615326,stable,within_run_target_critic,672c64a315fd5bf42cec8fd647e374cafc240d4e38ce4e62b8db28305507c99c,0.99,0.2099609375,0.23909505208333334,4096,4.876330411844875,2.274762955040205,363.81650201006045,362.32749953718206,339.2595225770141,337.75280944476117,339.49667113411124,337.9747306278732,True,0.0,0.0,5.047459099457257,2.3697167722237644,-0.17112868761238165,0.9660960724514276,True,raw/halfcheetah-medium-replay-v2/halfcheetah-medium-replay-v2_tau10_mpi4_seed0.npz,9131b50ead45845e81d0a8e530f8c0516f55759b977cf0221d6e24f7c96fc82f
p4|halfcheetah-medium-replay-v2|10|0,p4,halfcheetah-medium-replay-v2,10.0,0,1000000,f000b6dc08cc5f00c387f154ef08c02585a9b7830fe53c650ed95102d18da432,1534d9526ddb8137b0389c63137859549f51d1166045956e2ff0725c3d5e5afd,0c1403e59cc424dc5e3a45b802ce2f6a99c976ac38a8f997d87ca6c08d55b7f5,48d494a4770c11f48260736dec090b78bdca8375647ed4d24bfa5b6610c7f683,e5aa1396cd1114d28714078253945dcbf3ea6079180c0c91c1c59c25efa22446,8e2d2a1cec9363487800fca287beb5e3652620abf31ddb169207b053b761482f,67fc1d5256fb8eb39a4394338feb043dceb03a5d53ac2c0a6981c8ddf850aa1c,51.136792937615326,stable,common_td3_target_critic,0f17228fce33cbc4e25807853c76dcdd67e789b3cecdad62d292e3f6c23da30f,0.99,0.2099609375,0.23909505208333334,4096,4.211214153292242,1.8190008103195576,438.16862193558546,437.0376120948015,409.11356890599745,408.0261018100664,410.0757553584408,408.9773037463892,True,0.0,0.0,4.273312015198601,1.8793096172413788,-0.06209786190635924,0.9854684465619408,True,raw/halfcheetah-medium-replay-v2/halfcheetah-medium-replay-v2_tau10_mpi4_seed0.npz,9131b50ead45845e81d0a8e530f8c0516f55759b977cf0221d6e24f7c96fc82f
td3|halfcheetah-medium-replay-v2|10|1,td3,halfcheetah-medium-replay-v2,10.0,1,1000000,bbe82f919ebbe6f0d6b61c20c3935c99ef29541bbf49c687ab5479443a62ea6f,aa71e35cbaf380f33f1e71d6cc5d1c249eb359ccc275fca543b9e991667196f8,cb22a713a6e364715c6f9d138fce8e074842cf8090ed16458e256a155a92d7c3,48d494a4770c11f48260736dec090b78bdca8375647ed4d24bfa5b6610c7f683,e5aa1396cd1114d28714078253945dcbf3ea6079180c0c91c1c59c25efa22446,8e2d2a1cec9363487800fca287beb5e3652620abf31ddb169207b053b761482f,67fc1d5256fb8eb39a4394338feb043dceb03a5d53ac2c0a6981c8ddf850aa1c,53.0299116676629,stable,within_run_target_critic,48e956753dcc3cce3f042a7f25a269a11293f759ea97c327aa96d1cb096c570c,0.99,0.21944173177083334,0.23909505208333334,4096,5.744952657606857,2.5329353442939464,438.8117341428083,436.73241153788916,410.344865323862,408.2397806156477,411.3190251038177,409.19314092374407,True,0.0,0.0,6.067362418995308,2.6908630068891215,-0.32240976138845134,0.9468616279820253,True,raw/halfcheetah-medium-replay-v2/halfcheetah-medium-replay-v2_tau10_seed1.npz,7ac623ebac0413fa3805ebe667b14a2b3c95fb6fbb42b6e03bffcb32c868054e
td3|halfcheetah-medium-replay-v2|10|1,td3,halfcheetah-medium-replay-v2,10.0,1,1000000,bbe82f919ebbe6f0d6b61c20c3935c99ef29541bbf49c687ab5479443a62ea6f,aa71e35cbaf380f33f1e71d6cc5d1c249eb359ccc275fca543b9e991667196f8,cb22a713a6e364715c6f9d138fce8e074842cf8090ed16458e256a155a92d7c3,48d494a4770c11f48260736dec090b78bdca8375647ed4d24bfa5b6610c7f683,e5aa1396cd1114d28714078253945dcbf3ea6079180c0c91c1c59c25efa22446,8e2d2a1cec9363487800fca287beb5e3652620abf31ddb169207b053b761482f,67fc1d5256fb8eb39a4394338feb043dceb03a5d53ac2c0a6981c8ddf850aa1c,53.0299116676629,stable,common_td3_target_critic,48e956753dcc3cce3f042a7f25a269a11293f759ea97c327aa96d1cb096c570c,0.99,0.21944173177083334,0.23909505208333334,4096,5.744952657606857,2.5329353442939464,438.8117341428083,436.73241153788916,410.344865323862,408.2397806156477,411.3190251038177,409.19314092374407,True,0.0,0.0,6.067362418995308,2.6908630068891215,-0.32240976138845134,0.9468616279820253,True,raw/halfcheetah-medium-replay-v2/halfcheetah-medium-replay-v2_tau10_seed1.npz,7ac623ebac0413fa3805ebe667b14a2b3c95fb6fbb42b6e03bffcb32c868054e
p3|halfcheetah-medium-replay-v2|10|1,p3,halfcheetah-medium-replay-v2,10.0,1,1000000,5024bd04e61bf664101d4e469e24a2acbe7110e17ad93e012ab227a57fd98495,b985a4bd514f7302342a5ec9e7fbdc1081276e4d505128a763f4b95a7cb046b6,5e392e9c3c49fa259f19c4d9863a42cf6a1975e3daf95254e42af5740aedec91,48d494a4770c11f48260736dec090b78bdca8375647ed4d24bfa5b6610c7f683,e5aa1396cd1114d28714078253945dcbf3ea6079180c0c91c1c59c25efa22446,8e2d2a1cec9363487800fca287beb5e3652620abf31ddb169207b053b761482f,67fc1d5256fb8eb39a4394338feb043dceb03a5d53ac2c0a6981c8ddf850aa1c,52.015857936155186,stable,within_run_target_critic,38d71365f07f95ef81e4aa7f13cc37d8092f04694b65825dda25ac4717e4d360,0.99,0.21431477864583334,0.23909505208333334,4096,4.611461930160899,2.3183952886849872,379.1469745822744,377.5137735859213,353.0571761513334,351.4590885469854,353.43213804863626,351.8179081452545,True,0.0,0.0,4.713617678367734,2.374683233120595,-0.10215574820683493,0.978327527776455,True,raw/halfcheetah-medium-replay-v2/halfcheetah-medium-replay-v2_tau10_mpi3_seed1.npz,319f1ffd9c6c7bfc432b6be9d493cc2610d8759db42f287d6c3cf465d4dcdb0d
p3|halfcheetah-medium-replay-v2|10|1,p3,halfcheetah-medium-replay-v2,10.0,1,1000000,5024bd04e61bf664101d4e469e24a2acbe7110e17ad93e012ab227a57fd98495,b985a4bd514f7302342a5ec9e7fbdc1081276e4d505128a763f4b95a7cb046b6,5e392e9c3c49fa259f19c4d9863a42cf6a1975e3daf95254e42af5740aedec91,48d494a4770c11f48260736dec090b78bdca8375647ed4d24bfa5b6610c7f683,e5aa1396cd1114d28714078253945dcbf3ea6079180c0c91c1c59c25efa22446,8e2d2a1cec9363487800fca287beb5e3652620abf31ddb169207b053b761482f,67fc1d5256fb8eb39a4394338feb043dceb03a5d53ac2c0a6981c8ddf850aa1c,52.015857936155186,stable,common_td3_target_critic,48e956753dcc3cce3f042a7f25a269a11293f759ea97c327aa96d1cb096c570c,0.99,0.21431477864583334,0.23909505208333334,4096,3.764638388492741,1.834073596720118,437.96071713901057,436.73241153788916,409.41801166977075,408.2397806156477,410.3832733016461,409.19314092374407,True,0.0,0.0,3.858051273186372,1.8982526718056758,-0.09341288469363107,0.9757875471114511,True,raw/halfcheetah-medium-replay-v2/halfcheetah-medium-replay-v2_tau10_mpi3_seed1.npz,319f1ffd9c6c7bfc432b6be9d493cc2610d8759db42f287d6c3cf465d4dcdb0d
p4|halfcheetah-medium-replay-v2|10|1,p4,halfcheetah-medium-replay-v2,10.0,1,1000000,a4d6dd6338c27ca79584837e8d98f59a4200c547f9ef8ac0d05684087465033a,a81b33cb4a0759e50190afbfbbfcd02a628c7b50fab336f6f8bd5bf85ccb388d,bcb2576f5c445fc2b3320cd9a8f3ee8a1707b01dcbe2ef5d6bae2105ae36c2c0,48d494a4770c11f48260736dec090b78bdca8375647ed4d24bfa5b6610c7f683,e5aa1396cd1114d28714078253945dcbf3ea6079180c0c91c1c59c25efa22446,8e2d2a1cec9363487800fca287beb5e3652620abf31ddb169207b053b761482f,67fc1d5256fb8eb39a4394338feb043dceb03a5d53ac2c0a6981c8ddf850aa1c,53.983252562418016,stable,within_run_target_critic,eab96535e3438cff482500c83b7d3c3c145c248f93b0a91d4fb4b345c2c20e58,0.99,0.21293131510416666,0.23909505208333334,4096,5.0419951313556,2.3606205058872005,363.9954674106734,362.49318607468575,339.0343122396066,337.5270555617557,339.26797725708457,337.7454957643058,True,0.0,0.0,5.177920250935042,2.402493644138449,-0.13592511957944176,0.9737490897904625,True,raw/halfcheetah-medium-replay-v2/halfcheetah-medium-replay-v2_tau10_mpi4_seed1.npz,7d1d9fae4387ade9fcf4642ef9771cc31b370e3b277e90f610d91362e08c8e49
p4|halfcheetah-medium-replay-v2|10|1,p4,halfcheetah-medium-replay-v2,10.0,1,1000000,a4d6dd6338c27ca79584837e8d98f59a4200c547f9ef8ac0d05684087465033a,a81b33cb4a0759e50190afbfbbfcd02a628c7b50fab336f6f8bd5bf85ccb388d,bcb2576f5c445fc2b3320cd9a8f3ee8a1707b01dcbe2ef5d6bae2105ae36c2c0,48d494a4770c11f48260736dec090b78bdca8375647ed4d24bfa5b6610c7f683,e5aa1396cd1114d28714078253945dcbf3ea6079180c0c91c1c59c25efa22446,8e2d2a1cec9363487800fca287beb5e3652620abf31ddb169207b053b761482f,67fc1d5256fb8eb39a4394338feb043dceb03a5d53ac2c0a6981c8ddf850aa1c,53.983252562418016,stable,common_td3_target_critic,48e956753dcc3cce3f042a7f25a269a11293f759ea97c327aa96d1cb096c570c,0.99,0.21293131510416666,0.23909505208333334,4096,4.123998785312494,1.7698803908040281,437.85201895674874,436.73241153788916,409.34222782877896,408.2397806156477,410.306723967311,409.19314092374407,True,0.0,0.0,4.219593197189706,1.8248003627615983,-0.09559441187721163,0.977345111860338,True,raw/halfcheetah-medium-replay-v2/halfcheetah-medium-replay-v2_tau10_mpi4_seed1.npz,7d1d9fae4387ade9fcf4642ef9771cc31b370e3b277e90f610d91362e08c8e49
td3|halfcheetah-medium-replay-v2|14|0,td3,halfcheetah-medium-replay-v2,14.0,0,1000000,3632a339a6b6ff6dc0f22b25ce8a1032d7af63a2977eaa9cd860f13e2efa6230,6b55ad0988d31643ec9272aa09d82f262733e79c7360f1930e0cd73f4ac06a64,c474cbdc4ae31babbb35713d452d2bf0c17c21ff637384767ee3c98fa2be333f,48d494a4770c11f48260736dec090b78bdca8375647ed4d24bfa5b6610c7f683,e5aa1396cd1114d28714078253945dcbf3ea6079180c0c91c1c59c25efa22446,8e2d2a1cec9363487800fca287beb5e3652620abf31ddb169207b053b761482f,67fc1d5256fb8eb39a4394338feb043dceb03a5d53ac2c0a6981c8ddf850aa1c,52.464537395421864,stable,within_run_target_critic,2f9f04c4bc58261559bfdfba9b5fef25ff2c9623755f95f637708ff051727339,0.99,0.22318522135416666,0.23909505208333334,4096,5.270336009348108,2.5757245653332212,457.707904198654,455.55060216295476,428.20287982072836,426.0513726053938,429.3578875955427,427.18418397405185,True,0.0,0.0,5.483945670989983,2.7736319144116717,-0.21360966164187456,0.9610481805514837,True,raw/halfcheetah-medium-replay-v2/halfcheetah-medium-replay-v2_tau14_seed0.npz,479f1404021b0a0cda624fdb2353737dd7fded6775062ff9c25c530eef94be26
td3|halfcheetah-medium-replay-v2|14|0,td3,halfcheetah-medium-replay-v2,14.0,0,1000000,3632a339a6b6ff6dc0f22b25ce8a1032d7af63a2977eaa9cd860f13e2efa6230,6b55ad0988d31643ec9272aa09d82f262733e79c7360f1930e0cd73f4ac06a64,c474cbdc4ae31babbb35713d452d2bf0c17c21ff637384767ee3c98fa2be333f,48d494a4770c11f48260736dec090b78bdca8375647ed4d24bfa5b6610c7f683,e5aa1396cd1114d28714078253945dcbf3ea6079180c0c91c1c59c25efa22446,8e2d2a1cec9363487800fca287beb5e3652620abf31ddb169207b053b761482f,67fc1d5256fb8eb39a4394338feb043dceb03a5d53ac2c0a6981c8ddf850aa1c,52.464537395421864,stable,common_td3_target_critic,2f9f04c4bc58261559bfdfba9b5fef25ff2c9623755f95f637708ff051727339,0.99,0.22318522135416666,0.23909505208333334,4096,5.270336009348108,2.5757245653332212,457.707904198654,455.55060216295476,428.20287982072836,426.0513726053938,429.3578875955427,427.18418397405185,True,0.0,0.0,5.483945670989983,2.7736319144116717,-0.21360966164187456,0.9610481805514837,True,raw/halfcheetah-medium-replay-v2/halfcheetah-medium-replay-v2_tau14_seed0.npz,479f1404021b0a0cda624fdb2353737dd7fded6775062ff9c25c530eef94be26
p3|halfcheetah-medium-replay-v2|14|0,p3,halfcheetah-medium-replay-v2,14.0,0,1000000,08e62ecc45564c409d5ae72cb8a2c8891f971d5d88233f99296c340c17f37619,0b50d07f49f24f4fea1b42bd24664e72fff4f77897e801b33bf92d621cab3521,f82a30743abbe407f6275774094f642765ed1e7b6b1b1a4d80238ed1724818f8,48d494a4770c11f48260736dec090b78bdca8375647ed4d24bfa5b6610c7f683,e5aa1396cd1114d28714078253945dcbf3ea6079180c0c91c1c59c25efa22446,8e2d2a1cec9363487800fca287beb5e3652620abf31ddb169207b053b761482f,67fc1d5256fb8eb39a4394338feb043dceb03a5d53ac2c0a6981c8ddf850aa1c,55.495672628593425,stable,within_run_target_critic,92695d557ac51ab6932f8696b2649068eec59a942a7454370a3ba4df1415701f,0.99,0.2103271484375,0.23909505208333334,4096,5.058490861075743,2.323655595257878,398.2529016508572,396.5055447050492,371.3511692924217,369.62876708348995,371.9109189992305,370.1711187881883,True,0.0,0.0,5.2821983286232985,2.4452613857598045,-0.22370746754755544,0.9576487943787866,True,raw/halfcheetah-medium-replay-v2/halfcheetah-medium-replay-v2_tau14_mpi3_seed0.npz,1f7c91810baa1ead3fea3e6f58540a79a6369bdfb404c2c9cce248799d252607
p3|halfcheetah-medium-replay-v2|14|0,p3,halfcheetah-medium-replay-v2,14.0,0,1000000,08e62ecc45564c409d5ae72cb8a2c8891f971d5d88233f99296c340c17f37619,0b50d07f49f24f4fea1b42bd24664e72fff4f77897e801b33bf92d621cab3521,f82a30743abbe407f6275774094f642765ed1e7b6b1b1a4d80238ed1724818f8,48d494a4770c11f48260736dec090b78bdca8375647ed4d24bfa5b6610c7f683,e5aa1396cd1114d28714078253945dcbf3ea6079180c0c91c1c59c25efa22446,8e2d2a1cec9363487800fca287beb5e3652620abf31ddb169207b053b761482f,67fc1d5256fb8eb39a4394338feb043dceb03a5d53ac2c0a6981c8ddf850aa1c,55.495672628593425,stable,common_td3_target_critic,2f9f04c4bc58261559bfdfba9b5fef25ff2c9623755f95f637708ff051727339,0.99,0.2103271484375,0.23909505208333334,4096,3.91796863184992,1.8176238893950358,456.83279908263086,455.55060216295476,427.3063070673395,426.0513726053938,428.45179454167373,427.18418397405185,True,0.0,0.0,4.061152382072014,1.907230946214404,-0.14318375022209384,0.9647430737014008,True,raw/halfcheetah-medium-replay-v2/halfcheetah-medium-replay-v2_tau14_mpi3_seed0.npz,1f7c91810baa1ead3fea3e6f58540a79a6369bdfb404c2c9cce248799d252607
p4|halfcheetah-medium-replay-v2|14|0,p4,halfcheetah-medium-replay-v2,14.0,0,1000000,6450cf9f29f755530e6fd947b5373d8af70e7443236c3664799205cc99606573,fb073c8054a23d8b400b47a282e6982a4b0771c056ede1b936986ad2769c19c1,327c1f771d1337f28a531063120a4356f16c7505b8662873bbfed213f24df38d,48d494a4770c11f48260736dec090b78bdca8375647ed4d24bfa5b6610c7f683,e5aa1396cd1114d28714078253945dcbf3ea6079180c0c91c1c59c25efa22446,8e2d2a1cec9363487800fca287beb5e3652620abf31ddb169207b053b761482f,67fc1d5256fb8eb39a4394338feb043dceb03a5d53ac2c0a6981c8ddf850aa1c,54.423505759260806,stable,within_run_target_critic,ccd14f8e84f61b5807b0360dddcc4ce4dde009f5f9fe32ca2e7c85a1a62db0fa,0.99,0.20845540364583334,0.23909505208333334,4096,5.176641877887546,2.3780458046734565,384.95214804074595,383.2620383302867,359.155628135751,357.46353529351194,359.592190558149,357.88335407921113,True,0.0,0.0,5.285268320086544,2.468442364037619,-0.10862644219899842,0.9794473174074879,True,raw/halfcheetah-medium-replay-v2/halfcheetah-medium-replay-v2_tau14_mpi4_seed0.npz,1ad98854080e4c2bb9d48e22eed1e45e1fcb6a07a07283ef28e8e8ef6bb842c7
p4|halfcheetah-medium-replay-v2|14|0,p4,halfcheetah-medium-replay-v2,14.0,0,1000000,6450cf9f29f755530e6fd947b5373d8af70e7443236c3664799205cc99606573,fb073c8054a23d8b400b47a282e6982a4b0771c056ede1b936986ad2769c19c1,327c1f771d1337f28a531063120a4356f16c7505b8662873bbfed213f24df38d,48d494a4770c11f48260736dec090b78bdca8375647ed4d24bfa5b6610c7f683,e5aa1396cd1114d28714078253945dcbf3ea6079180c0c91c1c59c25efa22446,8e2d2a1cec9363487800fca287beb5e3652620abf31ddb169207b053b761482f,67fc1d5256fb8eb39a4394338feb043dceb03a5d53ac2c0a6981c8ddf850aa1c,54.423505759260806,stable,common_td3_target_critic,2f9f04c4bc58261559bfdfba9b5fef25ff2c9623755f95f637708ff051727339,0.99,0.20845540364583334,0.23909505208333334,4096,3.5203870889749336,1.7373494702135213,456.7164556253954,455.55060216295476,427.1602200942874,426.0513726053938,428.3042319426313,427.18418397405185,True,0.0,0.0,3.692632322512539,1.8302310665161348,-0.17224523353760546,0.953354350367489,True,raw/halfcheetah-medium-replay-v2/halfcheetah-medium-replay-v2_tau14_mpi4_seed0.npz,1ad98854080e4c2bb9d48e22eed1e45e1fcb6a07a07283ef28e8e8ef6bb842c7
td3|halfcheetah-medium-replay-v2|14|1,td3,halfcheetah-medium-replay-v2,14.0,1,1000000,31b3dd0b414bbb4724dc9737c172d0a192791f8a24105ef22f73749c5edb27f0,12c371cce4267f251d878e1ac1d2289adeb10d1f0c59ca04916729e32342118c,5ff4ecfcbdadbd2fcee5391e326279afdad638449b1f8991cce1f3fdc8b6520d,48d494a4770c11f48260736dec090b78bdca8375647ed4d24bfa5b6610c7f683,e5aa1396cd1114d28714078253945dcbf3ea6079180c0c91c1c59c25efa22446,8e2d2a1cec9363487800fca287beb5e3652620abf31ddb169207b053b761482f,67fc1d5256fb8eb39a4394338feb043dceb03a5d53ac2c0a6981c8ddf850aa1c,51.6043147906103,stable,within_run_target_critic,00ebd22445f992bae4535adc05a6ff3dc348cf39e46f1ff865f5a81a7076ce66,0.99,0.22310384114583334,0.23909505208333334,4096,5.330625192624167,2.539813433580712,442.9151932544481,440.863609048808,414.35097919710154,412.28564078897745,415.3654059658729,413.27986837155186,True,0.0,0.0,5.4477380371837345,2.6689595523755996,-0.11711284455956772,0.9785024823586946,True,raw/halfcheetah-medium-replay-v2/halfcheetah-medium-replay-v2_tau14_seed1.npz,701799ad695ff716732f9fc5b261c869c64dac74de59300ae11f00d3a756138b
td3|halfcheetah-medium-replay-v2|14|1,td3,halfcheetah-medium-replay-v2,14.0,1,1000000,31b3dd0b414bbb4724dc9737c172d0a192791f8a24105ef22f73749c5edb27f0,12c371cce4267f251d878e1ac1d2289adeb10d1f0c59ca04916729e32342118c,5ff4ecfcbdadbd2fcee5391e326279afdad638449b1f8991cce1f3fdc8b6520d,48d494a4770c11f48260736dec090b78bdca8375647ed4d24bfa5b6610c7f683,e5aa1396cd1114d28714078253945dcbf3ea6079180c0c91c1c59c25efa22446,8e2d2a1cec9363487800fca287beb5e3652620abf31ddb169207b053b761482f,67fc1d5256fb8eb39a4394338feb043dceb03a5d53ac2c0a6981c8ddf850aa1c,51.6043147906103,stable,common_td3_target_critic,00ebd22445f992bae4535adc05a6ff3dc348cf39e46f1ff865f5a81a7076ce66,0.99,0.22310384114583334,0.23909505208333334,4096,5.330625192624167,2.539813433580712,442.9151932544481,440.863609048808,414.35097919710154,412.28564078897745,415.3654059658729,413.27986837155186,True,0.0,0.0,5.4477380371837345,2.6689595523755996,-0.11711284455956772,0.9785024823586946,True,raw/halfcheetah-medium-replay-v2/halfcheetah-medium-replay-v2_tau14_seed1.npz,701799ad695ff716732f9fc5b261c869c64dac74de59300ae11f00d3a756138b
p3|halfcheetah-medium-replay-v2|14|1,p3,halfcheetah-medium-replay-v2,14.0,1,1000000,70c0ecd777746beef2a99f54e2d2cc0e7af9891879ac4393acd3faf5b1fefad2,3174c41285ded574a9d26400671a9e3ea8c8a5be2a08738bbe0aadae8b1962f8,d9df0d6fd475358200956c3c015bc3cb383f610c7c1798f0b0c125ac28aeacc3,48d494a4770c11f48260736dec090b78bdca8375647ed4d24bfa5b6610c7f683,e5aa1396cd1114d28714078253945dcbf3ea6079180c0c91c1c59c25efa22446,8e2d2a1cec9363487800fca287beb5e3652620abf31ddb169207b053b761482f,67fc1d5256fb8eb39a4394338feb043dceb03a5d53ac2c0a6981c8ddf850aa1c,52.02862865997939,stable,within_run_target_critic,2b2ef7ed957f27552e472df6754f308fa7c664a7683e176036d2d7f95d0b7bef,0.99,0.2132568359375,0.23909505208333334,4096,4.83641097609968,2.313348385670688,400.83879686127625,399.14737163593736,374.43173348436284,372.70039896896145,375.0431343568489,373.294775624061,True,0.0,0.0,4.9903223905751775,2.4458906331681645,-0.1539114144754974,0.9691580217810822,True,raw/halfcheetah-medium-replay-v2/halfcheetah-medium-replay-v2_tau14_mpi3_seed1.npz,7417a1d217a946a418bfdd0684c82fc5481bc0bd29a0df3b81c709903b7f7627
p3|halfcheetah-medium-replay-v2|14|1,p3,halfcheetah-medium-replay-v2,14.0,1,1000000,70c0ecd777746beef2a99f54e2d2cc0e7af9891879ac4393acd3faf5b1fefad2,3174c41285ded574a9d26400671a9e3ea8c8a5be2a08738bbe0aadae8b1962f8,d9df0d6fd475358200956c3c015bc3cb383f610c7c1798f0b0c125ac28aeacc3,48d494a4770c11f48260736dec090b78bdca8375647ed4d24bfa5b6610c7f683,e5aa1396cd1114d28714078253945dcbf3ea6079180c0c91c1c59c25efa22446,8e2d2a1cec9363487800fca287beb5e3652620abf31ddb169207b053b761482f,67fc1d5256fb8eb39a4394338feb043dceb03a5d53ac2c0a6981c8ddf850aa1c,52.02862865997939,stable,common_td3_target_critic,00ebd22445f992bae4535adc05a6ff3dc348cf39e46f1ff865f5a81a7076ce66,0.99,0.2132568359375,0.23909505208333334,4096,3.8746256133289636,1.8344839653326197,442.0714849905714,440.863609048808,413.44801925669,412.28564078897745,414.45398803590797,413.27986837155186,True,0.0,0.0,3.886115129523921,1.8896963182103355,-0.011489516194957528,0.997043444207901,True,raw/halfcheetah-medium-replay-v2/halfcheetah-medium-replay-v2_tau14_mpi3_seed1.npz,7417a1d217a946a418bfdd0684c82fc5481bc0bd29a0df3b81c709903b7f7627
p4|halfcheetah-medium-replay-v2|14|1,p4,halfcheetah-medium-replay-v2,14.0,1,1000000,4b45beb5e1cb64d2dbc6699c89bc4c85c42488ec093dc4afa622ddf990311f71,0b08503d46bc247a69a9f1415e358872d1742bd7b9d27d6d6b312159955f508b,f5ff183fb10a9635c370aa2d37fd4d71eb3d06261263a71a93e313f4484cb2de,48d494a4770c11f48260736dec090b78bdca8375647ed4d24bfa5b6610c7f683,e5aa1396cd1114d28714078253945dcbf3ea6079180c0c91c1c59c25efa22446,8e2d2a1cec9363487800fca287beb5e3652620abf31ddb169207b053b761482f,67fc1d5256fb8eb39a4394338feb043dceb03a5d53ac2c0a6981c8ddf850aa1c,53.013754757074985,stable,within_run_target_critic,5ff9ba44cbdf267891de525b8c633acd1d4d3de084c308591639d748f632007d,0.99,0.213134765625,0.23909505208333334,4096,4.445636348680156,2.2191818362829507,380.42289989956197,378.8469680552839,353.7297163200236,352.17531630716724,354.12407989434723,352.55296265620564,True,0.0,0.0,4.526637724329843,2.3099187741409697,-0.08100137564968701,0.9821056199805167,True,raw/halfcheetah-medium-replay-v2/halfcheetah-medium-replay-v2_tau14_mpi4_seed1.npz,c824796608226e2f816e5bd9eb8bb4b40968492fdcb07f50233ad11f805d20bf
p4|halfcheetah-medium-replay-v2|14|1,p4,halfcheetah-medium-replay-v2,14.0,1,1000000,4b45beb5e1cb64d2dbc6699c89bc4c85c42488ec093dc4afa622ddf990311f71,0b08503d46bc247a69a9f1415e358872d1742bd7b9d27d6d6b312159955f508b,f5ff183fb10a9635c370aa2d37fd4d71eb3d06261263a71a93e313f4484cb2de,48d494a4770c11f48260736dec090b78bdca8375647ed4d24bfa5b6610c7f683,e5aa1396cd1114d28714078253945dcbf3ea6079180c0c91c1c59c25efa22446,8e2d2a1cec9363487800fca287beb5e3652620abf31ddb169207b053b761482f,67fc1d5256fb8eb39a4394338feb043dceb03a5d53ac2c0a6981c8ddf850aa1c,53.013754757074985,stable,common_td3_target_critic,00ebd22445f992bae4535adc05a6ff3dc348cf39e46f1ff865f5a81a7076ce66,0.99,0.213134765625,0.23909505208333334,4096,3.505561230907362,1.7005965711823956,441.9939719725183,440.863609048808,413.37958517481917,412.28564078897745,414.38439869064314,413.27986837155186,True,0.0,0.0,3.5454356404841243,1.74661869504489,-0.03987440957676247,0.9887533116885694,True,raw/halfcheetah-medium-replay-v2/halfcheetah-medium-replay-v2_tau14_mpi4_seed1.npz,c824796608226e2f816e5bd9eb8bb4b40968492fdcb07f50233ad11f805d20bf
td3|halfcheetah-medium-replay-v2|20|0,td3,halfcheetah-medium-replay-v2,20.0,0,1000000,05d76e8b97ecd2e45401525987b3ccd20515311b2b40edd3f66fd31a3e0bc088,dea7e17124646b0a58c6bfa8fb8de280222b50fcc91ef7f3760c1c511242a35a,bbdd7ed61cb564efd8f0306e4bdd8aee3429c6cfeaf99b4d63123bcb099de78b,48d494a4770c11f48260736dec090b78bdca8375647ed4d24bfa5b6610c7f683,e5aa1396cd1114d28714078253945dcbf3ea6079180c0c91c1c59c25efa22446,8e2d2a1cec9363487800fca287beb5e3652620abf31ddb169207b053b761482f,67fc1d5256fb8eb39a4394338feb043dceb03a5d53ac2c0a6981c8ddf850aa1c,55.031135473377766,stable,within_run_target_critic,3290e34d92aac8c9f1f5467e73d781815d8065cbc82b1a7058b066ab3c79433b,0.99,0.22489420572916666,0.23909505208333334,4096,5.0879732508537,2.6301566593284953,467.0681868253339,464.80102106998436,437.5699421297122,435.3104871676336,438.8174469983205,436.5372889560531,True,0.0,0.0,5.351348771208213,2.8120228138624226,-0.2633755203545123,0.9507833386282822,True,raw/halfcheetah-medium-replay-v2/halfcheetah-medium-replay-v2_tau20_seed0.npz,41ad0b3c3ec79c5d8206357e130f690a4e6932c39cc774aedd8c6fc2b34d4f1f
td3|halfcheetah-medium-replay-v2|20|0,td3,halfcheetah-medium-replay-v2,20.0,0,1000000,05d76e8b97ecd2e45401525987b3ccd20515311b2b40edd3f66fd31a3e0bc088,dea7e17124646b0a58c6bfa8fb8de280222b50fcc91ef7f3760c1c511242a35a,bbdd7ed61cb564efd8f0306e4bdd8aee3429c6cfeaf99b4d63123bcb099de78b,48d494a4770c11f48260736dec090b78bdca8375647ed4d24bfa5b6610c7f683,e5aa1396cd1114d28714078253945dcbf3ea6079180c0c91c1c59c25efa22446,8e2d2a1cec9363487800fca287beb5e3652620abf31ddb169207b053b761482f,67fc1d5256fb8eb39a4394338feb043dceb03a5d53ac2c0a6981c8ddf850aa1c,55.031135473377766,stable,common_td3_target_critic,3290e34d92aac8c9f1f5467e73d781815d8065cbc82b1a7058b066ab3c79433b,0.99,0.22489420572916666,0.23909505208333334,4096,5.0879732508537,2.6301566593284953,467.0681868253339,464.80102106998436,437.5699421297122,435.3104871676336,438.8174469983205,436.5372889560531,True,0.0,0.0,5.351348771208213,2.8120228138624226,-0.2633755203545123,0.9507833386282822,True,raw/halfcheetah-medium-replay-v2/halfcheetah-medium-replay-v2_tau20_seed0.npz,41ad0b3c3ec79c5d8206357e130f690a4e6932c39cc774aedd8c6fc2b34d4f1f
p3|halfcheetah-medium-replay-v2|20|0,p3,halfcheetah-medium-replay-v2,20.0,0,1000000,e0a2cbe1cbf8faabfbf59d54bcf335ca56c852f34c58f2b3a55f5058edf6962d,fc11042af13bb0ace1ba141f6664c0cb7fa5ea70e955992815e0ef11813f4260,cf207c7a1d92364c9702543550610eb7ac3d1afd25907ea699171b6fe3ae79b3,48d494a4770c11f48260736dec090b78bdca8375647ed4d24bfa5b6610c7f683,e5aa1396cd1114d28714078253945dcbf3ea6079180c0c91c1c59c25efa22446,8e2d2a1cec9363487800fca287beb5e3652620abf31ddb169207b053b761482f,67fc1d5256fb8eb39a4394338feb043dceb03a5d53ac2c0a6981c8ddf850aa1c,56.09084903124717,stable,within_run_target_critic,dd049365ba500c77ac18bb14cc16e9a98a898f19f6cea10c0a2318802354bf0e,0.99,0.20878092447916666,0.23909505208333334,4096,5.056191705940646,2.4724419980077075,425.2275127137346,423.26919405225635,397.5646554759591,395.58565718241306,398.4101862371899,396.4111980618909,True,0.0,0.0,5.2501864228594295,2.6145618199976157,-0.1939947169187839,0.9630499374128647,True,raw/halfcheetah-medium-replay-v2/halfcheetah-medium-replay-v2_tau20_mpi3_seed0.npz,739c14fe6ee67b933ae1fdab24be9749e272b381bd207484d81f1c62a85b67c7
p3|halfcheetah-medium-replay-v2|20|0,p3,halfcheetah-medium-replay-v2,20.0,0,1000000,e0a2cbe1cbf8faabfbf59d54bcf335ca56c852f34c58f2b3a55f5058edf6962d,fc11042af13bb0ace1ba141f6664c0cb7fa5ea70e955992815e0ef11813f4260,cf207c7a1d92364c9702543550610eb7ac3d1afd25907ea699171b6fe3ae79b3,48d494a4770c11f48260736dec090b78bdca8375647ed4d24bfa5b6610c7f683,e5aa1396cd1114d28714078253945dcbf3ea6079180c0c91c1c59c25efa22446,8e2d2a1cec9363487800fca287beb5e3652620abf31ddb169207b053b761482f,67fc1d5256fb8eb39a4394338feb043dceb03a5d53ac2c0a6981c8ddf850aa1c,56.09084903124717,stable,common_td3_target_critic,3290e34d92aac8c9f1f5467e73d781815d8065cbc82b1a7058b066ab3c79433b,0.99,0.20878092447916666,0.23909505208333334,4096,3.7112924374598513,1.8920386674598557,466.2000420348319,464.80102106998436,436.65803643939125,435.3104871676336,437.8969929573359,436.5372889560531,True,0.0,0.0,3.836630011356111,1.9755893173778896,-0.12533757389625988,0.9673313367394638,True,raw/halfcheetah-medium-replay-v2/halfcheetah-medium-replay-v2_tau20_mpi3_seed0.npz,739c14fe6ee67b933ae1fdab24be9749e272b381bd207484d81f1c62a85b67c7
p4|halfcheetah-medium-replay-v2|20|0,p4,halfcheetah-medium-replay-v2,20.0,0,1000000,1b402a1af19636512fdf1b00279a2ca7ef39da4ef829026f39e062a5fa6c6278,a21c1e560f79467bbf3b1a34831b7b271a4eb7a38ae059a52a5db08d92a5ce98,2d12d4ed4b3a6e8997f57b1da7cce0df9406988d41150f7e2e0dc63d78756d09,48d494a4770c11f48260736dec090b78bdca8375647ed4d24bfa5b6610c7f683,e5aa1396cd1114d28714078253945dcbf3ea6079180c0c91c1c59c25efa22446,8e2d2a1cec9363487800fca287beb5e3652620abf31ddb169207b053b761482f,67fc1d5256fb8eb39a4394338feb043dceb03a5d53ac2c0a6981c8ddf850aa1c,55.28461387638405,stable,within_run_target_critic,62609a83f850230e71b624a167968235c9e9998f39c51518ad392c1664e6afe2,0.99,0.21516927083333334,0.23909505208333334,4096,5.134625483651004,2.3975087578500096,405.4405712354186,403.62174869658986,377.6484580193976,375.8466175605487,378.27397445979295,376.452759903259,True,0.0,0.0,5.218170085316212,2.485868217873503,-0.08354460166520727,0.9839896744837238,True,raw/halfcheetah-medium-replay-v2/halfcheetah-medium-replay-v2_tau20_mpi4_seed0.npz,125dbda99cad28202bb64a5821ce22852c0fd25aaedc840dcb63e759d0ba9dde
p4|halfcheetah-medium-replay-v2|20|0,p4,halfcheetah-medium-replay-v2,20.0,0,1000000,1b402a1af19636512fdf1b00279a2ca7ef39da4ef829026f39e062a5fa6c6278,a21c1e560f79467bbf3b1a34831b7b271a4eb7a38ae059a52a5db08d92a5ce98,2d12d4ed4b3a6e8997f57b1da7cce0df9406988d41150f7e2e0dc63d78756d09,48d494a4770c11f48260736dec090b78bdca8375647ed4d24bfa5b6610c7f683,e5aa1396cd1114d28714078253945dcbf3ea6079180c0c91c1c59c25efa22446,8e2d2a1cec9363487800fca287beb5e3652620abf31ddb169207b053b761482f,67fc1d5256fb8eb39a4394338feb043dceb03a5d53ac2c0a6981c8ddf850aa1c,55.28461387638405,stable,common_td3_target_critic,3290e34d92aac8c9f1f5467e73d781815d8065cbc82b1a7058b066ab3c79433b,0.99,0.21516927083333334,0.23909505208333334,4096,3.458740433901697,1.7991635956843675,466.09270383027547,464.80102106998436,436.53412198106577,435.3104871676336,437.77226421302476,436.5372889560531,True,0.0,0.0,3.570523976122196,1.8711012943997047,-0.11178354222049913,0.9686926784505442,True,raw/halfcheetah-medium-replay-v2/halfcheetah-medium-replay-v2_tau20_mpi4_seed0.npz,125dbda99cad28202bb64a5821ce22852c0fd25aaedc840dcb63e759d0ba9dde
td3|halfcheetah-medium-replay-v2|20|1,td3,halfcheetah-medium-replay-v2,20.0,1,1000000,1a1fecd329ae5df7ec7b7a76e93ec747b101b88a1bfb15c206970a12a3780926,780e1feabac33a38fd16abc84e16eaffc63dccbbe2988065737f363ad7cd4f44,9fefcbfea895c6066e8beb199552737bd98387528bccd3f45de86d2683d8d028,48d494a4770c11f48260736dec090b78bdca8375647ed4d24bfa5b6610c7f683,e5aa1396cd1114d28714078253945dcbf3ea6079180c0c91c1c59c25efa22446,8e2d2a1cec9363487800fca287beb5e3652620abf31ddb169207b053b761482f,67fc1d5256fb8eb39a4394338feb043dceb03a5d53ac2c0a6981c8ddf850aa1c,54.26562354357185,stable,within_run_target_critic,4ded8fdc3961b78e9fde134fc8d95f79713c57509ca5da0932e72b94e3e718a8,0.99,0.22782389322916666,0.23909505208333334,4096,5.22480375902055,2.677781044165604,467.9794590669312,465.73074628397467,438.1414600439921,435.9216519212762,439.3949427132029,437.1539083530661,True,0.0,0.0,5.410796768792569,2.8650904184428505,-0.1859930097720186,0.9656255783169022,True,raw/halfcheetah-medium-replay-v2/halfcheetah-medium-replay-v2_tau20_seed1.npz,fb0c4c1384105af595c22ace6ac2d98f6595ef4729f02b1ca6cffc49da59fa90
td3|halfcheetah-medium-replay-v2|20|1,td3,halfcheetah-medium-replay-v2,20.0,1,1000000,1a1fecd329ae5df7ec7b7a76e93ec747b101b88a1bfb15c206970a12a3780926,780e1feabac33a38fd16abc84e16eaffc63dccbbe2988065737f363ad7cd4f44,9fefcbfea895c6066e8beb199552737bd98387528bccd3f45de86d2683d8d028,48d494a4770c11f48260736dec090b78bdca8375647ed4d24bfa5b6610c7f683,e5aa1396cd1114d28714078253945dcbf3ea6079180c0c91c1c59c25efa22446,8e2d2a1cec9363487800fca287beb5e3652620abf31ddb169207b053b761482f,67fc1d5256fb8eb39a4394338feb043dceb03a5d53ac2c0a6981c8ddf850aa1c,54.26562354357185,stable,common_td3_target_critic,4ded8fdc3961b78e9fde134fc8d95f79713c57509ca5da0932e72b94e3e718a8,0.99,0.22782389322916666,0.23909505208333334,4096,5.22480375902055,2.677781044165604,467.9794590669312,465.73074628397467,438.1414600439921,435.9216519212762,439.3949427132029,437.1539083530661,True,0.0,0.0,5.410796768792569,2.8650904184428505,-0.1859930097720186,0.9656255783169022,True,raw/halfcheetah-medium-replay-v2/halfcheetah-medium-replay-v2_tau20_seed1.npz,fb0c4c1384105af595c22ace6ac2d98f6595ef4729f02b1ca6cffc49da59fa90
p3|halfcheetah-medium-replay-v2|20|1,p3,halfcheetah-medium-replay-v2,20.0,1,1000000,7730d0cf5bedc0b7e45be59faafb8b703dd005393a3f493ee1f776771c66c783,1f9d1e3013287cce1e5a7ae3f6efd4926b3444aac334d1a5fa2ee9e2075825da,c7d2a4dd9639d6da61225ec5508e382e02478bf22532eb4fe9613523b145259e,48d494a4770c11f48260736dec090b78bdca8375647ed4d24bfa5b6610c7f683,e5aa1396cd1114d28714078253945dcbf3ea6079180c0c91c1c59c25efa22446,8e2d2a1cec9363487800fca287beb5e3652620abf31ddb169207b053b761482f,67fc1d5256fb8eb39a4394338feb043dceb03a5d53ac2c0a6981c8ddf850aa1c,55.67135233763397,stable,within_run_target_critic,317b836432b0997503fd99ba72032640a8c7d2061028f55607ab915fa76016df,0.99,0.20947265625,0.23909505208333334,4096,5.024146045509621,2.3216552066558505,418.9896463760605,417.1618913324103,390.14040807803497,388.32589295569574,390.9014962459041,389.06659953464987,True,0.0,0.0,5.081531094492511,2.450492759679328,-0.057385048982889764,0.9887071341460283,True,raw/halfcheetah-medium-replay-v2/halfcheetah-medium-replay-v2_tau20_mpi3_seed1.npz,a63d665f65331119c55f9d65d013edf4800c201bb8d457b9ce6ea34f3e3ea38b
p3|halfcheetah-medium-replay-v2|20|1,p3,halfcheetah-medium-replay-v2,20.0,1,1000000,7730d0cf5bedc0b7e45be59faafb8b703dd005393a3f493ee1f776771c66c783,1f9d1e3013287cce1e5a7ae3f6efd4926b3444aac334d1a5fa2ee9e2075825da,c7d2a4dd9639d6da61225ec5508e382e02478bf22532eb4fe9613523b145259e,48d494a4770c11f48260736dec090b78bdca8375647ed4d24bfa5b6610c7f683,e5aa1396cd1114d28714078253945dcbf3ea6079180c0c91c1c59c25efa22446,8e2d2a1cec9363487800fca287beb5e3652620abf31ddb169207b053b761482f,67fc1d5256fb8eb39a4394338feb043dceb03a5d53ac2c0a6981c8ddf850aa1c,55.67135233763397,stable,common_td3_target_critic,4ded8fdc3961b78e9fde134fc8d95f79713c57509ca5da0932e72b94e3e718a8,0.99,0.20947265625,0.23909505208333334,4096,3.9156597907024104,1.8974978499510327,467.05437558724446,465.73074628397467,437.1999763955983,435.9216519212762,438.4439491289668,437.1539083530661,True,0.0,0.0,3.9028012484435326,1.9902065572841092,0.012858542258877836,1.0032946956404725,True,raw/halfcheetah-medium-replay-v2/halfcheetah-medium-replay-v2_tau20_mpi3_seed1.npz,a63d665f65331119c55f9d65d013edf4800c201bb8d457b9ce6ea34f3e3ea38b
p4|halfcheetah-medium-replay-v2|20|1,p4,halfcheetah-medium-replay-v2,20.0,1,1000000,4ef4a0f1f8e4100d479013a678175349516eaec55e6507cc9850e6bc3ee58fd7,01369fcf6a76d84101db6532599dcb2f14275a8e65032cd644ac6fc024a67028,63f27745fdb58828eb4d954aeb9d635e8fccb16f2272834e452b410f6436da71,48d494a4770c11f48260736dec090b78bdca8375647ed4d24bfa5b6610c7f683,e5aa1396cd1114d28714078253945dcbf3ea6079180c0c91c1c59c25efa22446,8e2d2a1cec9363487800fca287beb5e3652620abf31ddb169207b053b761482f,67fc1d5256fb8eb39a4394338feb043dceb03a5d53ac2c0a6981c8ddf850aa1c,50.343755992621176,stable,within_run_target_critic,7770ee0440f1d16282f2906184203d7b740ae3a14f4f66bf2c517b29d8955f80,0.99,0.21390787760416666,0.23909505208333334,4096,5.231191428220358,2.3585094809462315,406.14667721209923,404.3400310062508,378.693937842002,376.9031326153328,379.32739291805774,377.51849874970503,True,0.0,0.0,5.293869646697976,2.467928579456639,-0.06267821847761823,0.9881602263258006,True,raw/halfcheetah-medium-replay-v2/halfcheetah-medium-replay-v2_tau20_mpi4_seed1.npz,5d2526dbde0e332ad15aa54d68e89996148907fa613f4b702e78fde4fbe036b4
p4|halfcheetah-medium-replay-v2|20|1,p4,halfcheetah-medium-replay-v2,20.0,1,1000000,4ef4a0f1f8e4100d479013a678175349516eaec55e6507cc9850e6bc3ee58fd7,01369fcf6a76d84101db6532599dcb2f14275a8e65032cd644ac6fc024a67028,63f27745fdb58828eb4d954aeb9d635e8fccb16f2272834e452b410f6436da71,48d494a4770c11f48260736dec090b78bdca8375647ed4d24bfa5b6610c7f683,e5aa1396cd1114d28714078253945dcbf3ea6079180c0c91c1c59c25efa22446,8e2d2a1cec9363487800fca287beb5e3652620abf31ddb169207b053b761482f,67fc1d5256fb8eb39a4394338feb043dceb03a5d53ac2c0a6981c8ddf850aa1c,50.343755992621176,stable,common_td3_target_critic,4ded8fdc3961b78e9fde134fc8d95f79713c57509ca5da0932e72b94e3e718a8,0.99,0.21390787760416666,0.23909505208333334,4096,3.6448433513414127,1.8043427105317824,466.9492881335517,465.73074628397467,437.1078501457364,435.9216519212762,438.35234310571104,437.1539083530661,True,0.0,0.0,3.6332082821034475,1.8890603845054283,0.011635069237965201,1.0032024228545546,True,raw/halfcheetah-medium-replay-v2/halfcheetah-medium-replay-v2_tau20_mpi4_seed1.npz,5d2526dbde0e332ad15aa54d68e89996148907fa613f4b702e78fde4fbe036b4
td3|halfcheetah-expert-v2|4|0,td3,halfcheetah-expert-v2,4.0,0,1000000,75abb95b6bde3a1f38631c17d48de702fc1c79dea1229de85b924afb81a62f8a,2d8c1dee1e99d46840881a431b5092647db434ab11b68aca08c7b5dffb6f77db,cb966bab828c0fdeea79306a2012519d06af48cb9483031b530cba81a88724e2,d9fe53bb994eb1e20a99b4fa3412cd76a1bb7966a7ff55e0fcbdd6081bd2965f,0e1ecb5e12eee00e5a1e576f3af6bf0775a34484c34e02f4c54d8a70f9a971b5,b7709452345310de1f065cbf6d2a2f29cce370025698b93ec507fce6ccff9166,ba88c976ce9fc90e2cece391a51487504b6f7093e517e748ca447532a4282eb4,85.44870116371672,stable,within_run_target_critic,70231630f4117beba07b26eaed461d55e6609be40f3629ea2c1b5b48b867d619,0.99,0.21044921875,0.19771321614583334,4096,2.65806469030137,1.779376721866429,1082.845935609003,1081.2748275924178,1078.856397231679,1077.2766178165111,1078.980146098882,1077.384409315884,True,0.0,0.0,2.838354473178662,1.9543407896161078,-0.18028978287729203,0.9364808784170688,True,raw/halfcheetah-expert-v2/halfcheetah-expert-v2_tau4_seed0.npz,896aa46652d66471636232c190760af890283111a9ceb54d90253531a15ea375
td3|halfcheetah-expert-v2|4|0,td3,halfcheetah-expert-v2,4.0,0,1000000,75abb95b6bde3a1f38631c17d48de702fc1c79dea1229de85b924afb81a62f8a,2d8c1dee1e99d46840881a431b5092647db434ab11b68aca08c7b5dffb6f77db,cb966bab828c0fdeea79306a2012519d06af48cb9483031b530cba81a88724e2,d9fe53bb994eb1e20a99b4fa3412cd76a1bb7966a7ff55e0fcbdd6081bd2965f,0e1ecb5e12eee00e5a1e576f3af6bf0775a34484c34e02f4c54d8a70f9a971b5,b7709452345310de1f065cbf6d2a2f29cce370025698b93ec507fce6ccff9166,ba88c976ce9fc90e2cece391a51487504b6f7093e517e748ca447532a4282eb4,85.44870116371672,stable,common_td3_target_critic,70231630f4117beba07b26eaed461d55e6609be40f3629ea2c1b5b48b867d619,0.99,0.21044921875,0.19771321614583334,4096,2.65806469030137,1.779376721866429,1082.845935609003,1081.2748275924178,1078.856397231679,1077.2766178165111,1078.980146098882,1077.384409315884,True,0.0,0.0,2.838354473178662,1.9543407896161078,-0.18028978287729203,0.9364808784170688,True,raw/halfcheetah-expert-v2/halfcheetah-expert-v2_tau4_seed0.npz,896aa46652d66471636232c190760af890283111a9ceb54d90253531a15ea375
p3|halfcheetah-expert-v2|4|0,p3,halfcheetah-expert-v2,4.0,0,1000000,b936a8b2f3b850bbacfd6e0c731909e09c9e32405b39b6e61e6fe4d46dc1bb84,0752c3122f180b3262560ef7f37c0d8e486b67bec36e33b7d7a09cb5ec09949e,693b43dcb7fa99a6140661a290dec1f70fd56fa79c472ac495c87b44f5e5305c,d9fe53bb994eb1e20a99b4fa3412cd76a1bb7966a7ff55e0fcbdd6081bd2965f,0e1ecb5e12eee00e5a1e576f3af6bf0775a34484c34e02f4c54d8a70f9a971b5,b7709452345310de1f065cbf6d2a2f29cce370025698b93ec507fce6ccff9166,ba88c976ce9fc90e2cece391a51487504b6f7093e517e748ca447532a4282eb4,76.21252927284526,stable,within_run_target_critic,aee7d7768faf134ba602c245c62cc4e230b7c1bc535df12c04fb8e5c397b0aa3,0.99,0.1943359375,0.19771321614583334,4096,2.06938783141701,1.3286176439747215,997.477725901771,996.5452298316142,993.5550459644307,992.6095405165586,992.8171650208533,991.8621090129018,True,0.0,0.0,2.0579326819732966,1.3600682716816663,0.01145514944371362,1.0055663382694955,True,raw/halfcheetah-expert-v2/halfcheetah-expert-v2_tau4_mpi3_seed0.npz,88dc820bd274646771fd7c63b5138a2bdf963626cf254f49a35bad7995fb3330
p3|halfcheetah-expert-v2|4|0,p3,halfcheetah-expert-v2,4.0,0,1000000,b936a8b2f3b850bbacfd6e0c731909e09c9e32405b39b6e61e6fe4d46dc1bb84,0752c3122f180b3262560ef7f37c0d8e486b67bec36e33b7d7a09cb5ec09949e,693b43dcb7fa99a6140661a290dec1f70fd56fa79c472ac495c87b44f5e5305c,d9fe53bb994eb1e20a99b4fa3412cd76a1bb7966a7ff55e0fcbdd6081bd2965f,0e1ecb5e12eee00e5a1e576f3af6bf0775a34484c34e02f4c54d8a70f9a971b5,b7709452345310de1f065cbf6d2a2f29cce370025698b93ec507fce6ccff9166,ba88c976ce9fc90e2cece391a51487504b6f7093e517e748ca447532a4282eb4,76.21252927284526,stable,common_td3_target_critic,70231630f4117beba07b26eaed461d55e6609be40f3629ea2c1b5b48b867d619,0.99,0.1943359375,0.19771321614583334,4096,1.9163873343620692,1.2611146030202507,1082.1781567308478,1081.2748275924178,1078.186666672017,1077.2766178165111,1078.3036505840719,1077.384409315884,True,0.0,0.0,1.9548676154461901,1.3078123001754283,-0.03848028108412094,0.980315658830259,True,raw/halfcheetah-expert-v2/halfcheetah-expert-v2_tau4_mpi3_seed0.npz,88dc820bd274646771fd7c63b5138a2bdf963626cf254f49a35bad7995fb3330
p4|halfcheetah-expert-v2|4|0,p4,halfcheetah-expert-v2,4.0,0,1000000,e37374602b5cdbfffd911127c109b2115badea4c5d3af3e8e1736919ba6814ea,eb7f779ddaa7474eeadb08ba60d049c5630a33ac0b9029b137daf156807ac58a,5c61e9fbdfc53461df8aaaae6481477698689b2a57e1fe5f489a51d412d9cd39,d9fe53bb994eb1e20a99b4fa3412cd76a1bb7966a7ff55e0fcbdd6081bd2965f,0e1ecb5e12eee00e5a1e576f3af6bf0775a34484c34e02f4c54d8a70f9a971b5,b7709452345310de1f065cbf6d2a2f29cce370025698b93ec507fce6ccff9166,ba88c976ce9fc90e2cece391a51487504b6f7093e517e748ca447532a4282eb4,80.35633816146685,stable,within_run_target_critic,a6730009f6a98f0e8bd5d4bff9282739c38774c044b5b31b10e5bb3687bd2d1d,0.99,0.19340006510416666,0.19771321614583334,4096,2.132660393597842,1.3661011153087022,982.8848568261981,981.9391481571722,978.6752316451553,977.7198939485957,977.7870495468378,976.8220619745553,True,0.0,0.0,2.1155429751137875,1.391682559736073,0.017117418484054348,1.008091264836222,True,raw/halfcheetah-expert-v2/halfcheetah-expert-v2_tau4_mpi4_seed0.npz,fa76d4912ad25f5346c3b5de402012321b1b7c4f001f6511b85b185b4545d8ff
p4|halfcheetah-expert-v2|4|0,p4,halfcheetah-expert-v2,4.0,0,1000000,e37374602b5cdbfffd911127c109b2115badea4c5d3af3e8e1736919ba6814ea,eb7f779ddaa7474eeadb08ba60d049c5630a33ac0b9029b137daf156807ac58a,5c61e9fbdfc53461df8aaaae6481477698689b2a57e1fe5f489a51d412d9cd39,d9fe53bb994eb1e20a99b4fa3412cd76a1bb7966a7ff55e0fcbdd6081bd2965f,0e1ecb5e12eee00e5a1e576f3af6bf0775a34484c34e02f4c54d8a70f9a971b5,b7709452345310de1f065cbf6d2a2f29cce370025698b93ec507fce6ccff9166,ba88c976ce9fc90e2cece391a51487504b6f7093e517e748ca447532a4282eb4,80.35633816146685,stable,common_td3_target_critic,70231630f4117beba07b26eaed461d55e6609be40f3629ea2c1b5b48b867d619,0.99,0.19340006510416666,0.19771321614583334,4096,1.8384817936493485,1.2213140742480755,1082.1110218601166,1081.2748275924178,1078.116120767865,1077.2766178165111,1078.2323920950294,1077.384409315884,True,0.0,0.0,1.8633197679022908,1.2519738576561212,-0.02483797425294232,0.9866700419966538,True,raw/halfcheetah-expert-v2/halfcheetah-expert-v2_tau4_mpi4_seed0.npz,fa76d4912ad25f5346c3b5de402012321b1b7c4f001f6511b85b185b4545d8ff
td3|halfcheetah-expert-v2|4|1,td3,halfcheetah-expert-v2,4.0,1,1000000,c264f05e7e46c7d0336df16f7dc9ed4fc34f698f5169f503431bab4fa393f5ff,f26ea5aef1ec5731b348a7ecbcbbd5b1e04c9d0219a69d3f01f26b5684c631bb,4c7079993468851a5daa62446293d971bdd965ee482fd189ee32fc5b355494b9,d9fe53bb994eb1e20a99b4fa3412cd76a1bb7966a7ff55e0fcbdd6081bd2965f,0e1ecb5e12eee00e5a1e576f3af6bf0775a34484c34e02f4c54d8a70f9a971b5,b7709452345310de1f065cbf6d2a2f29cce370025698b93ec507fce6ccff9166,ba88c976ce9fc90e2cece391a51487504b6f7093e517e748ca447532a4282eb4,76.64147535689759,stable,within_run_target_critic,d962810fbccdb76fe597513e2861d1629a3634eee36460b3936a173c3ef08a38,0.99,0.21573893229166666,0.19771321614583334,4096,2.688413483302888,1.774247746132314,1075.0226571436096,1073.458649638458,1071.0907986469301,1069.5199726285146,1071.1361071243882,1069.5494141764939,True,0.0,0.0,2.9108053579688917,1.9873378519713878,-0.22239187466600363,0.9235978200819361,True,raw/halfcheetah-expert-v2/halfcheetah-expert-v2_tau4_seed1.npz,5a9dba9419d65cb65a9d7e25b289cbc2ed2aad9f55668e2b8c1a92139545dda0
td3|halfcheetah-expert-v2|4|1,td3,halfcheetah-expert-v2,4.0,1,1000000,c264f05e7e46c7d0336df16f7dc9ed4fc34f698f5169f503431bab4fa393f5ff,f26ea5aef1ec5731b348a7ecbcbbd5b1e04c9d0219a69d3f01f26b5684c631bb,4c7079993468851a5daa62446293d971bdd965ee482fd189ee32fc5b355494b9,d9fe53bb994eb1e20a99b4fa3412cd76a1bb7966a7ff55e0fcbdd6081bd2965f,0e1ecb5e12eee00e5a1e576f3af6bf0775a34484c34e02f4c54d8a70f9a971b5,b7709452345310de1f065cbf6d2a2f29cce370025698b93ec507fce6ccff9166,ba88c976ce9fc90e2cece391a51487504b6f7093e517e748ca447532a4282eb4,76.64147535689759,stable,common_td3_target_critic,d962810fbccdb76fe597513e2861d1629a3634eee36460b3936a173c3ef08a38,0.99,0.21573893229166666,0.19771321614583334,4096,2.688413483302888,1.774247746132314,1075.0226571436096,1073.458649638458,1071.0907986469301,1069.5199726285146,1071.1361071243882,1069.5494141764939,True,0.0,0.0,2.9108053579688917,1.9873378519713878,-0.22239187466600363,0.9235978200819361,True,raw/halfcheetah-expert-v2/halfcheetah-expert-v2_tau4_seed1.npz,5a9dba9419d65cb65a9d7e25b289cbc2ed2aad9f55668e2b8c1a92139545dda0
p3|halfcheetah-expert-v2|4|1,p3,halfcheetah-expert-v2,4.0,1,1000000,237ade5e75ddab2e8453891cb2114e848d5ed0a4f4d7665f31c9397ff3af3077,ab8f0c9ae85c82ab7c4848c1fe9b4bcdfab3c79d45753105ecc14900510d3a21,1091582cd6b85c9816ac41e5ad3126a255efe3489fa6f9243fac0477be3c9089,d9fe53bb994eb1e20a99b4fa3412cd76a1bb7966a7ff55e0fcbdd6081bd2965f,0e1ecb5e12eee00e5a1e576f3af6bf0775a34484c34e02f4c54d8a70f9a971b5,b7709452345310de1f065cbf6d2a2f29cce370025698b93ec507fce6ccff9166,ba88c976ce9fc90e2cece391a51487504b6f7093e517e748ca447532a4282eb4,79.29617372110029,stable,within_run_target_critic,142460a1d574d10d3eeeb88be3776da550f64afc3d3629306e73e5d3537e5cde,0.99,0.1968994140625,0.19771321614583334,4096,2.145047959374054,1.378062250390649,1005.9753851706943,1004.9835343089624,1001.8463745860118,1000.8401635594774,1001.1922444365919,1000.1758696623147,True,0.0,0.0,2.166539678628073,1.4104703294858336,-0.02149171925401916,0.9900801635594191,True,raw/halfcheetah-expert-v2/halfcheetah-expert-v2_tau4_mpi3_seed1.npz,189b5bbf63b3e9b7b40a345b5ae30a6e507f0dc83476c09d53106e1a97bd25d5
p3|halfcheetah-expert-v2|4|1,p3,halfcheetah-expert-v2,4.0,1,1000000,237ade5e75ddab2e8453891cb2114e848d5ed0a4f4d7665f31c9397ff3af3077,ab8f0c9ae85c82ab7c4848c1fe9b4bcdfab3c79d45753105ecc14900510d3a21,1091582cd6b85c9816ac41e5ad3126a255efe3489fa6f9243fac0477be3c9089,d9fe53bb994eb1e20a99b4fa3412cd76a1bb7966a7ff55e0fcbdd6081bd2965f,0e1ecb5e12eee00e5a1e576f3af6bf0775a34484c34e02f4c54d8a70f9a971b5,b7709452345310de1f065cbf6d2a2f29cce370025698b93ec507fce6ccff9166,ba88c976ce9fc90e2cece391a51487504b6f7093e517e748ca447532a4282eb4,79.29617372110029,stable,common_td3_target_critic,d962810fbccdb76fe597513e2861d1629a3634eee36460b3936a173c3ef08a38,0.99,0.1968994140625,0.19771321614583334,4096,2.0635999176054947,1.3111223358660937,1074.3961688218792,1073.458649638458,1070.4624819701276,1069.5199726285146,1070.5014438144863,1069.5494141764939,True,0.0,0.0,2.104507577803317,1.3819212467595934,-0.04090766019782244,0.9805618850560178,True,raw/halfcheetah-expert-v2/halfcheetah-expert-v2_tau4_mpi3_seed1.npz,189b5bbf63b3e9b7b40a345b5ae30a6e507f0dc83476c09d53106e1a97bd25d5
p4|halfcheetah-expert-v2|4|1,p4,halfcheetah-expert-v2,4.0,1,1000000,be503f09b04723ad0db1085ad9bf566ccd71858e6580d4ceec44c93b6f96a65d,c5c6b94675e96abc4fc6be3a81d31ad121a2f48838e2603c3fd306cb68324c93,2939b170af5836386027360843ea4a78921c74eb055924d0c5329cfeb41888d8,d9fe53bb994eb1e20a99b4fa3412cd76a1bb7966a7ff55e0fcbdd6081bd2965f,0e1ecb5e12eee00e5a1e576f3af6bf0775a34484c34e02f4c54d8a70f9a971b5,b7709452345310de1f065cbf6d2a2f29cce370025698b93ec507fce6ccff9166,ba88c976ce9fc90e2cece391a51487504b6f7093e517e748ca447532a4282eb4,91.09673455507121,stable,within_run_target_critic,c07a8612fa9ab2831b3b420e09832e7b41dd42c3669d826f4187b59025da1696,0.99,0.19392903645833334,0.19771321614583334,4096,2.016847448359751,1.2874641254916788,993.7524073632137,992.8969188854229,989.5219869135801,988.6559470911432,988.7433679997921,987.8685803003609,True,0.0,0.0,2.0441290021104215,1.3345351516082884,-0.02728155375067054,0.9866537025195062,True,raw/halfcheetah-expert-v2/halfcheetah-expert-v2_tau4_mpi4_seed1.npz,1fc8c86541ab51730e8323ccf939eebef8aee30590f758e3dd7f9b74148f6ce7
p4|halfcheetah-expert-v2|4|1,p4,halfcheetah-expert-v2,4.0,1,1000000,be503f09b04723ad0db1085ad9bf566ccd71858e6580d4ceec44c93b6f96a65d,c5c6b94675e96abc4fc6be3a81d31ad121a2f48838e2603c3fd306cb68324c93,2939b170af5836386027360843ea4a78921c74eb055924d0c5329cfeb41888d8,d9fe53bb994eb1e20a99b4fa3412cd76a1bb7966a7ff55e0fcbdd6081bd2965f,0e1ecb5e12eee00e5a1e576f3af6bf0775a34484c34e02f4c54d8a70f9a971b5,b7709452345310de1f065cbf6d2a2f29cce370025698b93ec507fce6ccff9166,ba88c976ce9fc90e2cece391a51487504b6f7093e517e748ca447532a4282eb4,91.09673455507121,stable,common_td3_target_critic,d962810fbccdb76fe597513e2861d1629a3634eee36460b3936a173c3ef08a38,0.99,0.19392903645833334,0.19771321614583334,4096,1.9533754076297096,1.2631932067126035,1074.2904735968093,1073.458649638458,1070.3546327294516,1069.5199726285146,1070.3925051875412,1069.5494141764939,True,0.0,0.0,1.9990185799582911,1.3202358745783567,-0.045643172328581505,0.9771672095566346,True,raw/halfcheetah-expert-v2/halfcheetah-expert-v2_tau4_mpi4_seed1.npz,1fc8c86541ab51730e8323ccf939eebef8aee30590f758e3dd7f9b74148f6ce7
td3|halfcheetah-expert-v2|7|0,td3,halfcheetah-expert-v2,7.0,0,1000000,e1296d0c43d78838eab2fa990f31cf538709153d1079284d6b32149aa485bc60,1abb10316ace21fe285d5b81ac68173546dce50a97e8349e02cdd394940c984c,defc1de199300056a2c579131409a506f34bbece417464c16d1bb2d9a860e834,d9fe53bb994eb1e20a99b4fa3412cd76a1bb7966a7ff55e0fcbdd6081bd2965f,0e1ecb5e12eee00e5a1e576f3af6bf0775a34484c34e02f4c54d8a70f9a971b5,b7709452345310de1f065cbf6d2a2f29cce370025698b93ec507fce6ccff9166,ba88c976ce9fc90e2cece391a51487504b6f7093e517e748ca447532a4282eb4,5.788996393931056,collapsed,within_run_target_critic,56122ff5f9f07c64e784094264142f9cd45e5716958e1c4b9adc01cbf4273844,0.99,0.24853515625,0.19771321614583334,4096,12.86095095888249,8.73625904403627,2062.434047846729,2053.9311145155493,2053.380330316696,2044.9383522567634,2063.3477552756667,2054.8205047100782,True,0.0,0.0,14.373500814793523,10.153517497703433,-1.5125498559110326,0.8947681657098956,True,raw/halfcheetah-expert-v2/halfcheetah-expert-v2_tau7_seed0.npz,8138abc01235d5c24ac099783a0a72d2ecfa1e939c7714b1d8ea31ae973c26e3
td3|halfcheetah-expert-v2|7|0,td3,halfcheetah-expert-v2,7.0,0,1000000,e1296d0c43d78838eab2fa990f31cf538709153d1079284d6b32149aa485bc60,1abb10316ace21fe285d5b81ac68173546dce50a97e8349e02cdd394940c984c,defc1de199300056a2c579131409a506f34bbece417464c16d1bb2d9a860e834,d9fe53bb994eb1e20a99b4fa3412cd76a1bb7966a7ff55e0fcbdd6081bd2965f,0e1ecb5e12eee00e5a1e576f3af6bf0775a34484c34e02f4c54d8a70f9a971b5,b7709452345310de1f065cbf6d2a2f29cce370025698b93ec507fce6ccff9166,ba88c976ce9fc90e2cece391a51487504b6f7093e517e748ca447532a4282eb4,5.788996393931056,collapsed,common_td3_target_critic,56122ff5f9f07c64e784094264142f9cd45e5716958e1c4b9adc01cbf4273844,0.99,0.24853515625,0.19771321614583334,4096,12.86095095888249,8.73625904403627,2062.434047846729,2053.9311145155493,2053.380330316696,2044.9383522567634,2063.3477552756667,2054.8205047100782,True,0.0,0.0,14.373500814793523,10.153517497703433,-1.5125498559110326,0.8947681657098956,True,raw/halfcheetah-expert-v2/halfcheetah-expert-v2_tau7_seed0.npz,8138abc01235d5c24ac099783a0a72d2ecfa1e939c7714b1d8ea31ae973c26e3
p3|halfcheetah-expert-v2|7|0,p3,halfcheetah-expert-v2,7.0,0,1000000,00964f8c7b8c7fe559e8ebd66a56fb9e1bfb6eed67ede8053ba3c37822004c04,2d93fde7a2132708fc705e023d44f391b829a2929602e98eb3593671e363efcf,9beda97f6ffffebc78fb947a3dfbab8a2f05fcdef997b00f66738bcc7a74f4ba,d9fe53bb994eb1e20a99b4fa3412cd76a1bb7966a7ff55e0fcbdd6081bd2965f,0e1ecb5e12eee00e5a1e576f3af6bf0775a34484c34e02f4c54d8a70f9a971b5,b7709452345310de1f065cbf6d2a2f29cce370025698b93ec507fce6ccff9166,ba88c976ce9fc90e2cece391a51487504b6f7093e517e748ca447532a4282eb4,39.440023164729986,stable,within_run_target_critic,e16bd180b8bb454382857d7595893cd7bad3de64d953d04a69a0d271d432fb84,0.99,0.20279947916666666,0.19771321614583334,4096,2.3184562237510544,1.5046572522260249,1027.6479173718178,1026.409545103736,1023.6524909526031,1022.4052516000454,1023.2186246048659,1021.9587868750095,True,0.0,0.0,2.374245473590362,1.575987115111202,-0.055789249839307775,0.9765023244395439,True,raw/halfcheetah-expert-v2/halfcheetah-expert-v2_tau7_mpi3_seed0.npz,8e5435add05e4c5212f5090b9c85bc4f4a6fcb5b91d942638bb904ba1f968419
p3|halfcheetah-expert-v2|7|0,p3,halfcheetah-expert-v2,7.0,0,1000000,00964f8c7b8c7fe559e8ebd66a56fb9e1bfb6eed67ede8053ba3c37822004c04,2d93fde7a2132708fc705e023d44f391b829a2929602e98eb3593671e363efcf,9beda97f6ffffebc78fb947a3dfbab8a2f05fcdef997b00f66738bcc7a74f4ba,d9fe53bb994eb1e20a99b4fa3412cd76a1bb7966a7ff55e0fcbdd6081bd2965f,0e1ecb5e12eee00e5a1e576f3af6bf0775a34484c34e02f4c54d8a70f9a971b5,b7709452345310de1f065cbf6d2a2f29cce370025698b93ec507fce6ccff9166,ba88c976ce9fc90e2cece391a51487504b6f7093e517e748ca447532a4282eb4,39.440023164729986,stable,common_td3_target_critic,56122ff5f9f07c64e784094264142f9cd45e5716958e1c4b9adc01cbf4273844,0.99,0.20279947916666666,0.19771321614583334,4096,4.752948898974023,3.3384049889445304,2055.3017843555212,2053.9311145155493,2046.3299579614882,2044.9383522567634,2056.226167038083,2054.8205047100782,True,0.0,0.0,5.144147229955551,3.638733690530062,-0.3911983309815277,0.9239527343417603,True,raw/halfcheetah-expert-v2/halfcheetah-expert-v2_tau7_mpi3_seed0.npz,8e5435add05e4c5212f5090b9c85bc4f4a6fcb5b91d942638bb904ba1f968419
p4|halfcheetah-expert-v2|7|0,p4,halfcheetah-expert-v2,7.0,0,1000000,0b3a0c6eb069b987b821191001b1124b8552f06e27371b90881bfc2796ea0749,f7481e2ceaea53388c0b115f7b8792d4175a51f66f944cb2cdd434e0702fc5db,2aa3fc629a8214b885bd8876386ba3dde0ff419f05041503799de377a031f631,d9fe53bb994eb1e20a99b4fa3412cd76a1bb7966a7ff55e0fcbdd6081bd2965f,0e1ecb5e12eee00e5a1e576f3af6bf0775a34484c34e02f4c54d8a70f9a971b5,b7709452345310de1f065cbf6d2a2f29cce370025698b93ec507fce6ccff9166,ba88c976ce9fc90e2cece391a51487504b6f7093e517e748ca447532a4282eb4,52.737054651755734,stable,within_run_target_critic,2ab6d1fc357f298e3518a18f09c0917dfdce71e5b6f73639c85852dc3b962cfa,0.99,0.19877115885416666,0.19771321614583334,4096,2.150980920342982,1.3724751890636981,1020.1539484021232,1019.1029107471053,1016.195188200168,1015.1387594826627,1015.6859955620021,1014.6188958473504,True,0.0,0.0,2.145105081456569,1.4376905938982965,0.005875838886412854,1.0027391846381823,True,raw/halfcheetah-expert-v2/halfcheetah-expert-v2_tau7_mpi4_seed0.npz,fa556424c0cac068b52dfbf174bde82a7714257ddf047ce2d122a453a9be6a21
p4|halfcheetah-expert-v2|7|0,p4,halfcheetah-expert-v2,7.0,0,1000000,0b3a0c6eb069b987b821191001b1124b8552f06e27371b90881bfc2796ea0749,f7481e2ceaea53388c0b115f7b8792d4175a51f66f944cb2cdd434e0702fc5db,2aa3fc629a8214b885bd8876386ba3dde0ff419f05041503799de377a031f631,d9fe53bb994eb1e20a99b4fa3412cd76a1bb7966a7ff55e0fcbdd6081bd2965f,0e1ecb5e12eee00e5a1e576f3af6bf0775a34484c34e02f4c54d8a70f9a971b5,b7709452345310de1f065cbf6d2a2f29cce370025698b93ec507fce6ccff9166,ba88c976ce9fc90e2cece391a51487504b6f7093e517e748ca447532a4282eb4,52.737054651755734,stable,common_td3_target_critic,56122ff5f9f07c64e784094264142f9cd45e5716958e1c4b9adc01cbf4273844,0.99,0.19877115885416666,0.19771321614583334,4096,4.582825084269498,3.2296407240629197,2055.231312372402,2053.9311145155493,2046.2583957411828,2044.9383522567634,2056.1538819670677,2054.8205047100782,True,0.0,0.0,4.909004950630815,3.4857459627091885,-0.32617986636131757,0.9335547896892215,True,raw/halfcheetah-expert-v2/halfcheetah-expert-v2_tau7_mpi4_seed0.npz,fa556424c0cac068b52dfbf174bde82a7714257ddf047ce2d122a453a9be6a21
td3|halfcheetah-expert-v2|7|1,td3,halfcheetah-expert-v2,7.0,1,1000000,c1593e43a2d678d763519ff71e14d9cdb84774b2c2d7561e20d92cb24d18e5ec,f16f784bf237cdc462b46da4fef7a8ff6df248b247def6c1764077e815af8bfe,14abaffb2f2a6911470602e162af8f908cf6c7301c4f0bdea2e7c080cf2046d0,d9fe53bb994eb1e20a99b4fa3412cd76a1bb7966a7ff55e0fcbdd6081bd2965f,0e1ecb5e12eee00e5a1e576f3af6bf0775a34484c34e02f4c54d8a70f9a971b5,b7709452345310de1f065cbf6d2a2f29cce370025698b93ec507fce6ccff9166,ba88c976ce9fc90e2cece391a51487504b6f7093e517e748ca447532a4282eb4,49.776230811002584,stable,within_run_target_critic,af59ff7aa20079e99098b55c2d1e183841cac0012f9d11bf0f0387205e46d1c6,0.99,0.22794596354166666,0.19771321614583334,4096,3.578854010210975,2.500677517801523,1145.971782138485,1143.693602890151,1142.1464531857255,1139.8671057086174,1142.9094955474138,1140.6071243584156,True,0.0,0.0,3.943976722762202,2.8517220775410532,-0.36512271255122686,0.9074227009393936,True,raw/halfcheetah-expert-v2/halfcheetah-expert-v2_tau7_seed1.npz,d349d49eae9e5c714ab5a256b311a33ef7244ed2dbc796ee51186c85069f0d67
td3|halfcheetah-expert-v2|7|1,td3,halfcheetah-expert-v2,7.0,1,1000000,c1593e43a2d678d763519ff71e14d9cdb84774b2c2d7561e20d92cb24d18e5ec,f16f784bf237cdc462b46da4fef7a8ff6df248b247def6c1764077e815af8bfe,14abaffb2f2a6911470602e162af8f908cf6c7301c4f0bdea2e7c080cf2046d0,d9fe53bb994eb1e20a99b4fa3412cd76a1bb7966a7ff55e0fcbdd6081bd2965f,0e1ecb5e12eee00e5a1e576f3af6bf0775a34484c34e02f4c54d8a70f9a971b5,b7709452345310de1f065cbf6d2a2f29cce370025698b93ec507fce6ccff9166,ba88c976ce9fc90e2cece391a51487504b6f7093e517e748ca447532a4282eb4,49.776230811002584,stable,common_td3_target_critic,af59ff7aa20079e99098b55c2d1e183841cac0012f9d11bf0f0387205e46d1c6,0.99,0.22794596354166666,0.19771321614583334,4096,3.578854010210975,2.500677517801523,1145.971782138485,1143.693602890151,1142.1464531857255,1139.8671057086174,1142.9094955474138,1140.6071243584156,True,0.0,0.0,3.943976722762202,2.8517220775410532,-0.36512271255122686,0.9074227009393936,True,raw/halfcheetah-expert-v2/halfcheetah-expert-v2_tau7_seed1.npz,d349d49eae9e5c714ab5a256b311a33ef7244ed2dbc796ee51186c85069f0d67
p3|halfcheetah-expert-v2|7|1,p3,halfcheetah-expert-v2,7.0,1,1000000,dc9607e2d68040d3803da08be492d071aed0a2b869d1c14d806c297ac6c8e923,6d66a314148699268bf7e42ca7b62c866c5391f8411327f38c626b70bf6190d3,123ff7348e74c656a5fe4fc6ce29df752003151dabdf3141b3c58d7221d0b443,d9fe53bb994eb1e20a99b4fa3412cd76a1bb7966a7ff55e0fcbdd6081bd2965f,0e1ecb5e12eee00e5a1e576f3af6bf0775a34484c34e02f4c54d8a70f9a971b5,b7709452345310de1f065cbf6d2a2f29cce370025698b93ec507fce6ccff9166,ba88c976ce9fc90e2cece391a51487504b6f7093e517e748ca447532a4282eb4,39.43114229733208,stable,within_run_target_critic,898c6a9c13601316cb4be0ce2087403c09f03fdbe2b72400d591788930831bfb,0.99,0.205322265625,0.19771321614583334,4096,2.1611054580757316,1.44791540466249,1035.0586497887018,1033.913480234491,1031.0519477365274,1029.9019886443873,1030.6928233765066,1029.531248535961,True,0.0,0.0,2.2222481120471453,1.539388180822134,-0.06114265397141372,0.9724861262610821,True,raw/halfcheetah-expert-v2/halfcheetah-expert-v2_tau7_mpi3_seed1.npz,423fe8b7db5f5f238e7e86f415cd4a1a380731631a06c420ce091d8e7390bbc4
p3|halfcheetah-expert-v2|7|1,p3,halfcheetah-expert-v2,7.0,1,1000000,dc9607e2d68040d3803da08be492d071aed0a2b869d1c14d806c297ac6c8e923,6d66a314148699268bf7e42ca7b62c866c5391f8411327f38c626b70bf6190d3,123ff7348e74c656a5fe4fc6ce29df752003151dabdf3141b3c58d7221d0b443,d9fe53bb994eb1e20a99b4fa3412cd76a1bb7966a7ff55e0fcbdd6081bd2965f,0e1ecb5e12eee00e5a1e576f3af6bf0775a34484c34e02f4c54d8a70f9a971b5,b7709452345310de1f065cbf6d2a2f29cce370025698b93ec507fce6ccff9166,ba88c976ce9fc90e2cece391a51487504b6f7093e517e748ca447532a4282eb4,39.43114229733208,stable,common_td3_target_critic,af59ff7aa20079e99098b55c2d1e183841cac0012f9d11bf0f0387205e46d1c6,0.99,0.205322265625,0.19771321614583334,4096,2.303364783136551,1.5658988225832582,1144.9151608506982,1143.693602890151,1141.0917672336955,1139.8671057086174,1141.8441562019289,1140.6071243584156,True,0.0,0.0,2.429586277758676,1.7003350400179627,-0.12622149462212517,0.9480481529807757,True,raw/halfcheetah-expert-v2/halfcheetah-expert-v2_tau7_mpi3_seed1.npz,423fe8b7db5f5f238e7e86f415cd4a1a380731631a06c420ce091d8e7390bbc4
p4|halfcheetah-expert-v2|7|1,p4,halfcheetah-expert-v2,7.0,1,1000000,1ec073a8660aec940f9bc14391a3184a1fd8cf9ad57bc9aae9316d71041b195a,fafd6e38304d68ce27988aa4464926451d28d7b324b449522e18a4892cbabd1b,eeb76126e640f3dee40d34723224d3b8d9aa2b77af04ba8605b7e9f1ee382927,d9fe53bb994eb1e20a99b4fa3412cd76a1bb7966a7ff55e0fcbdd6081bd2965f,0e1ecb5e12eee00e5a1e576f3af6bf0775a34484c34e02f4c54d8a70f9a971b5,b7709452345310de1f065cbf6d2a2f29cce370025698b93ec507fce6ccff9166,ba88c976ce9fc90e2cece391a51487504b6f7093e517e748ca447532a4282eb4,74.92302220501153,stable,within_run_target_critic,5ebbe5ca503755415374767d39929458ee7916b31a9c38748054304fb26aa8c4,0.99,0.20100911458333334,0.19771321614583334,4096,2.0388358457650706,1.3315644457843154,1017.9474912398496,1016.9441752019189,1013.8571944181635,1012.8462401597124,1013.3243856811896,1012.3032197635621,True,0.0,0.0,2.073732190189261,1.4265738146938385,-0.03489634442419032,0.9831722029540345,True,raw/halfcheetah-expert-v2/halfcheetah-expert-v2_tau7_mpi4_seed1.npz,cec5ef6002b58d9a5d8ce02faf3b5a22ccce2b05307e84ab3a95126c2d2e1da1
p4|halfcheetah-expert-v2|7|1,p4,halfcheetah-expert-v2,7.0,1,1000000,1ec073a8660aec940f9bc14391a3184a1fd8cf9ad57bc9aae9316d71041b195a,fafd6e38304d68ce27988aa4464926451d28d7b324b449522e18a4892cbabd1b,eeb76126e640f3dee40d34723224d3b8d9aa2b77af04ba8605b7e9f1ee382927,d9fe53bb994eb1e20a99b4fa3412cd76a1bb7966a7ff55e0fcbdd6081bd2965f,0e1ecb5e12eee00e5a1e576f3af6bf0775a34484c34e02f4c54d8a70f9a971b5,b7709452345310de1f065cbf6d2a2f29cce370025698b93ec507fce6ccff9166,ba88c976ce9fc90e2cece391a51487504b6f7093e517e748ca447532a4282eb4,74.92302220501153,stable,common_td3_target_critic,af59ff7aa20079e99098b55c2d1e183841cac0012f9d11bf0f0387205e46d1c6,0.99,0.20100911458333334,0.19771321614583334,4096,2.160828675611203,1.4439909825101496,1144.7576557165196,1143.693602890151,1140.9343796551336,1139.8671057086174,1141.6851788498461,1140.6071243584156,True,0.0,0.0,2.2156848031612895,1.5285605750977993,-0.05485612755008651,0.9752419082931746,True,raw/halfcheetah-expert-v2/halfcheetah-expert-v2_tau7_mpi4_seed1.npz,cec5ef6002b58d9a5d8ce02faf3b5a22ccce2b05307e84ab3a95126c2d2e1da1
td3|halfcheetah-expert-v2|10|0,td3,halfcheetah-expert-v2,10.0,0,1000000,fbcc6fd474d9ee9ca1b2b88e032dac4401280fe9f9203b613fd2de04a0dc9038,9ca7a244567a812484e69dc8ba6453eee67a33846d73e02574ee37e280c29920,9dba005df0c8797ec2b8ed0d972b8b958454ba91fbb682126270dda420e75417,d9fe53bb994eb1e20a99b4fa3412cd76a1bb7966a7ff55e0fcbdd6081bd2965f,0e1ecb5e12eee00e5a1e576f3af6bf0775a34484c34e02f4c54d8a70f9a971b5,b7709452345310de1f065cbf6d2a2f29cce370025698b93ec507fce6ccff9166,ba88c976ce9fc90e2cece391a51487504b6f7093e517e748ca447532a4282eb4,1.2699050623327197,collapsed,within_run_target_critic,44c86cc52012162fd1e456a9fd88a6173523747b99eb8e88e78da58c2bd163db,0.99,0.2344970703125,0.19771321614583334,4096,16.856687850441034,11.507495292797685,2185.734209064468,2174.7314699112844,2178.930256799207,2167.984163800971,2190.166534513235,2179.109874919057,True,0.0,0.0,18.64947991771545,13.322731657885015,-1.7927920672744158,0.9038690582694795,True,raw/halfcheetah-expert-v2/halfcheetah-expert-v2_tau10_seed0.npz,42cbab4d8ebd6bb419a1df192c62ddd2ecdbcac32b2aa79bc354a96af87d3a74
td3|halfcheetah-expert-v2|10|0,td3,halfcheetah-expert-v2,10.0,0,1000000,fbcc6fd474d9ee9ca1b2b88e032dac4401280fe9f9203b613fd2de04a0dc9038,9ca7a244567a812484e69dc8ba6453eee67a33846d73e02574ee37e280c29920,9dba005df0c8797ec2b8ed0d972b8b958454ba91fbb682126270dda420e75417,d9fe53bb994eb1e20a99b4fa3412cd76a1bb7966a7ff55e0fcbdd6081bd2965f,0e1ecb5e12eee00e5a1e576f3af6bf0775a34484c34e02f4c54d8a70f9a971b5,b7709452345310de1f065cbf6d2a2f29cce370025698b93ec507fce6ccff9166,ba88c976ce9fc90e2cece391a51487504b6f7093e517e748ca447532a4282eb4,1.2699050623327197,collapsed,common_td3_target_critic,44c86cc52012162fd1e456a9fd88a6173523747b99eb8e88e78da58c2bd163db,0.99,0.2344970703125,0.19771321614583334,4096,16.856687850441034,11.507495292797685,2185.734209064468,2174.7314699112844,2178.930256799207,2167.984163800971,2190.166534513235,2179.109874919057,True,0.0,0.0,18.64947991771545,13.322731657885015,-1.7927920672744158,0.9038690582694795,True,raw/halfcheetah-expert-v2/halfcheetah-expert-v2_tau10_seed0.npz,42cbab4d8ebd6bb419a1df192c62ddd2ecdbcac32b2aa79bc354a96af87d3a74
p3|halfcheetah-expert-v2|10|0,p3,halfcheetah-expert-v2,10.0,0,1000000,1db35485ab958944cdade1c81cf0300d73079b5f375e58693d48d0470cf1dab9,8744896f662698d1dd38b88f8300d3eed23590de4af974a9b545aac2ea87cf1f,238822252a32620d4cd333acb729baf0acbaa47b8c77aa8e2cd040bb77d041bc,d9fe53bb994eb1e20a99b4fa3412cd76a1bb7966a7ff55e0fcbdd6081bd2965f,0e1ecb5e12eee00e5a1e576f3af6bf0775a34484c34e02f4c54d8a70f9a971b5,b7709452345310de1f065cbf6d2a2f29cce370025698b93ec507fce6ccff9166,ba88c976ce9fc90e2cece391a51487504b6f7093e517e748ca447532a4282eb4,20.74356091445695,stable,within_run_target_critic,7f6086641f14f776b288e105050dcc24ed32411fcf04a8d4f2e4d2e86ddf79f8,0.99,0.21036783854166666,0.19771321614583334,4096,2.4548331670912638,1.6545693320408463,1064.1045877628203,1062.659493286753,1060.161068614993,1058.709728981938,1060.095975778997,1058.6299761496484,True,0.0,0.0,2.529033583818727,1.776067195124924,-0.07420041672746303,0.9706605648884172,True,raw/halfcheetah-expert-v2/halfcheetah-expert-v2_tau10_mpi3_seed0.npz,11fd36931c25079c66f85fbd7c818392f9c30b01a47ae8deabc4fecdc9ecac16
p3|halfcheetah-expert-v2|10|0,p3,halfcheetah-expert-v2,10.0,0,1000000,1db35485ab958944cdade1c81cf0300d73079b5f375e58693d48d0470cf1dab9,8744896f662698d1dd38b88f8300d3eed23590de4af974a9b545aac2ea87cf1f,238822252a32620d4cd333acb729baf0acbaa47b8c77aa8e2cd040bb77d041bc,d9fe53bb994eb1e20a99b4fa3412cd76a1bb7966a7ff55e0fcbdd6081bd2965f,0e1ecb5e12eee00e5a1e576f3af6bf0775a34484c34e02f4c54d8a70f9a971b5,b7709452345310de1f065cbf6d2a2f29cce370025698b93ec507fce6ccff9166,ba88c976ce9fc90e2cece391a51487504b6f7093e517e748ca447532a4282eb4,20.74356091445695,stable,common_td3_target_critic,44c86cc52012162fd1e456a9fd88a6173523747b99eb8e88e78da58c2bd163db,0.99,0.21036783854166666,0.19771321614583334,4096,4.802202347142493,3.4349749020114544,2175.2390769535255,2174.7314699112844,2168.5376228411587,2167.984163800971,2179.6689244545996,2179.109874919057,True,0.0,0.0,5.076893208935277,3.713623623289168,-0.27469086179278435,0.94589390588139,True,raw/halfcheetah-expert-v2/halfcheetah-expert-v2_tau10_mpi3_seed0.npz,11fd36931c25079c66f85fbd7c818392f9c30b01a47ae8deabc4fecdc9ecac16
p4|halfcheetah-expert-v2|10|0,p4,halfcheetah-expert-v2,10.0,0,1000000,1e57460ae551280c34725db2f8228c1bcb962258198b1c81d5141fb8570e1459,56754e4c3abdf596d258b0d9bcbcc8b20104ada4cc86b723cbc44987ccbfd875,24e9c45835c7210b3249d1865c44fbb75b9a8fcfc0363b9b09d30688015f0f2e,d9fe53bb994eb1e20a99b4fa3412cd76a1bb7966a7ff55e0fcbdd6081bd2965f,0e1ecb5e12eee00e5a1e576f3af6bf0775a34484c34e02f4c54d8a70f9a971b5,b7709452345310de1f065cbf6d2a2f29cce370025698b93ec507fce6ccff9166,ba88c976ce9fc90e2cece391a51487504b6f7093e517e748ca447532a4282eb4,6.724652422703517,collapsed,within_run_target_critic,dd55d448397499a0d28d45c65840cad0247ba7de678b83e3e01ab0c64c80afeb,0.99,0.20377604166666666,0.19771321614583334,4096,2.171089758030842,1.481686307620257,1048.6669116119954,1047.4489956601028,1044.7386807763498,1043.5142401407393,1044.517806245014,1043.2809975221753,True,0.0,0.0,2.3102119719767624,1.6132164401002227,-0.1391222139459205,0.9397794593597925,True,raw/halfcheetah-expert-v2/halfcheetah-expert-v2_tau10_mpi4_seed0.npz,db8f7b1732e5046bf5128317da9986e87ffc8a31e7208fdbd1e01cf0867c67fa
p4|halfcheetah-expert-v2|10|0,p4,halfcheetah-expert-v2,10.0,0,1000000,1e57460ae551280c34725db2f8228c1bcb962258198b1c81d5141fb8570e1459,56754e4c3abdf596d258b0d9bcbcc8b20104ada4cc86b723cbc44987ccbfd875,24e9c45835c7210b3249d1865c44fbb75b9a8fcfc0363b9b09d30688015f0f2e,d9fe53bb994eb1e20a99b4fa3412cd76a1bb7966a7ff55e0fcbdd6081bd2965f,0e1ecb5e12eee00e5a1e576f3af6bf0775a34484c34e02f4c54d8a70f9a971b5,b7709452345310de1f065cbf6d2a2f29cce370025698b93ec507fce6ccff9166,ba88c976ce9fc90e2cece391a51487504b6f7093e517e748ca447532a4282eb4,6.724652422703517,collapsed,common_td3_target_critic,44c86cc52012162fd1e456a9fd88a6173523747b99eb8e88e78da58c2bd163db,0.99,0.20377604166666666,0.19771321614583334,4096,4.710463525530232,3.370948511213064,2175.3945813445994,2174.7314699112844,2168.684952378319,2167.984163800971,2179.8177421689034,2179.109874919057,True,0.0,0.0,5.018786079282866,3.6607685411721467,-0.3083225537526344,0.9385663088878475,True,raw/halfcheetah-expert-v2/halfcheetah-expert-v2_tau10_mpi4_seed0.npz,db8f7b1732e5046bf5128317da9986e87ffc8a31e7208fdbd1e01cf0867c67fa
td3|halfcheetah-expert-v2|10|1,td3,halfcheetah-expert-v2,10.0,1,1000000,4d5b966e7bdf09a86b541875b4ca2e6cae053874555ff9f75d1d278eb2da5a37,84a07794f492cd349df551d831bc17a6f35997790466f704c4b01ed84fe54007,3b6a820445a6648694e410666ffca189da2257062454835bb482e6926a221065,d9fe53bb994eb1e20a99b4fa3412cd76a1bb7966a7ff55e0fcbdd6081bd2965f,0e1ecb5e12eee00e5a1e576f3af6bf0775a34484c34e02f4c54d8a70f9a971b5,b7709452345310de1f065cbf6d2a2f29cce370025698b93ec507fce6ccff9166,ba88c976ce9fc90e2cece391a51487504b6f7093e517e748ca447532a4282eb4,14.959409101106091,collapsed,within_run_target_critic,10dc644668750a576b9433984c2e8aae2382f56b91003624f8e6bdf28a6a5d95,0.99,0.24019368489583334,0.19771321614583334,4096,4.152212786835306,2.906934154853225,1203.6856089914054,1200.9270316206264,1200.0499940165055,1197.2855177337597,1201.3979206290096,1198.605520343408,True,0.0,0.0,4.5647230357868915,3.3391656097769737,-0.4125102489515857,0.9096308262916383,True,raw/halfcheetah-expert-v2/halfcheetah-expert-v2_tau10_seed1.npz,5f3d2a8e0a6c6165bb28d88d043b708f348e4daa97f18ffce0c95fce6a7fd66c
td3|halfcheetah-expert-v2|10|1,td3,halfcheetah-expert-v2,10.0,1,1000000,4d5b966e7bdf09a86b541875b4ca2e6cae053874555ff9f75d1d278eb2da5a37,84a07794f492cd349df551d831bc17a6f35997790466f704c4b01ed84fe54007,3b6a820445a6648694e410666ffca189da2257062454835bb482e6926a221065,d9fe53bb994eb1e20a99b4fa3412cd76a1bb7966a7ff55e0fcbdd6081bd2965f,0e1ecb5e12eee00e5a1e576f3af6bf0775a34484c34e02f4c54d8a70f9a971b5,b7709452345310de1f065cbf6d2a2f29cce370025698b93ec507fce6ccff9166,ba88c976ce9fc90e2cece391a51487504b6f7093e517e748ca447532a4282eb4,14.959409101106091,collapsed,common_td3_target_critic,10dc644668750a576b9433984c2e8aae2382f56b91003624f8e6bdf28a6a5d95,0.99,0.24019368489583334,0.19771321614583334,4096,4.152212786835306,2.906934154853225,1203.6856089914054,1200.9270316206264,1200.0499940165055,1197.2855177337597,1201.3979206290096,1198.605520343408,True,0.0,0.0,4.5647230357868915,3.3391656097769737,-0.4125102489515857,0.9096308262916383,True,raw/halfcheetah-expert-v2/halfcheetah-expert-v2_tau10_seed1.npz,5f3d2a8e0a6c6165bb28d88d043b708f348e4daa97f18ffce0c95fce6a7fd66c
p3|halfcheetah-expert-v2|10|1,p3,halfcheetah-expert-v2,10.0,1,1000000,1e5fc3cbc0713f99c9900e13130e378e8177f7d2f0650a3770e264f51e9feb65,d9d834bd0361968dfc3721c157ed4381c36186cb27179d42e076a203da8d5139,eb95cf2f096bf3536fd391d9bc033b8896573539100fc5db4a6a9a6c183c3add,d9fe53bb994eb1e20a99b4fa3412cd76a1bb7966a7ff55e0fcbdd6081bd2965f,0e1ecb5e12eee00e5a1e576f3af6bf0775a34484c34e02f4c54d8a70f9a971b5,b7709452345310de1f065cbf6d2a2f29cce370025698b93ec507fce6ccff9166,ba88c976ce9fc90e2cece391a51487504b6f7093e517e748ca447532a4282eb4,38.50823608022746,stable,within_run_target_critic,dde1e1fda3ea73457191810667149af3fb1bc63ba12b453d8d435d7e5b9f59bf,0.99,0.21085611979166666,0.19771321614583334,4096,2.981858592910672,2.0591855189949273,1085.4139279498547,1083.6428216041022,1081.2046673324999,1079.4370393295135,1081.352136099711,1079.5666532684118,True,0.0,0.0,3.2873780888318485,2.3319588905945423,-0.30551949592117644,0.9070628666172862,True,raw/halfcheetah-expert-v2/halfcheetah-expert-v2_tau10_mpi3_seed1.npz,3df1c65e36861959a955bd4375b8e353399f93eba2059f9476ebdf4843237f7a
p3|halfcheetah-expert-v2|10|1,p3,halfcheetah-expert-v2,10.0,1,1000000,1e5fc3cbc0713f99c9900e13130e378e8177f7d2f0650a3770e264f51e9feb65,d9d834bd0361968dfc3721c157ed4381c36186cb27179d42e076a203da8d5139,eb95cf2f096bf3536fd391d9bc033b8896573539100fc5db4a6a9a6c183c3add,d9fe53bb994eb1e20a99b4fa3412cd76a1bb7966a7ff55e0fcbdd6081bd2965f,0e1ecb5e12eee00e5a1e576f3af6bf0775a34484c34e02f4c54d8a70f9a971b5,b7709452345310de1f065cbf6d2a2f29cce370025698b93ec507fce6ccff9166,ba88c976ce9fc90e2cece391a51487504b6f7093e517e748ca447532a4282eb4,38.50823608022746,stable,common_td3_target_critic,10dc644668750a576b9433984c2e8aae2382f56b91003624f8e6bdf28a6a5d95,0.99,0.21085611979166666,0.19771321614583334,4096,2.654706024441689,1.8522668901085853,1202.4825109744463,1200.9270316206264,1198.8401676771712,1197.2855177337597,1200.1758738216013,1198.605520343408,True,0.0,0.0,2.835569422182731,2.049678182713688,-0.18086339774104188,0.9362161982964893,True,raw/halfcheetah-expert-v2/halfcheetah-expert-v2_tau10_mpi3_seed1.npz,3df1c65e36861959a955bd4375b8e353399f93eba2059f9476ebdf4843237f7a
p4|halfcheetah-expert-v2|10|1,p4,halfcheetah-expert-v2,10.0,1,1000000,a01e6ee17c04164e81701bbae8f01ebcff29861aea5b2040f05d8a78bce18fc0,6262b9373dd1efc65c2091bb983f1ede81d3868a2f2042ac76a794c4436613b0,d88ab177c1fee1e4a896559c720c8ebe5d632713dcff7cc3c1160f3d2babf044,d9fe53bb994eb1e20a99b4fa3412cd76a1bb7966a7ff55e0fcbdd6081bd2965f,0e1ecb5e12eee00e5a1e576f3af6bf0775a34484c34e02f4c54d8a70f9a971b5,b7709452345310de1f065cbf6d2a2f29cce370025698b93ec507fce6ccff9166,ba88c976ce9fc90e2cece391a51487504b6f7093e517e748ca447532a4282eb4,44.35391019936886,stable,within_run_target_critic,c80a7b188056997cabd5046a03b632db6c04175e4ed233cf463edcc90d102b8f,0.99,0.207763671875,0.19771321614583334,4096,2.2328525709338094,1.5046555686369538,1038.0497662744804,1036.7868133022102,1034.0878649767224,1032.8197053445238,1033.7594064474106,1032.4784371219575,True,0.0,0.0,2.3668826422541125,1.6616733144968747,-0.1340300713203031,0.9433727431484905,True,raw/halfcheetah-expert-v2/halfcheetah-expert-v2_tau10_mpi4_seed1.npz,172efaef996dd4373174db04f416a82518bce3017242076a3a0fb99262566df2
p4|halfcheetah-expert-v2|10|1,p4,halfcheetah-expert-v2,10.0,1,1000000,a01e6ee17c04164e81701bbae8f01ebcff29861aea5b2040f05d8a78bce18fc0,6262b9373dd1efc65c2091bb983f1ede81d3868a2f2042ac76a794c4436613b0,d88ab177c1fee1e4a896559c720c8ebe5d632713dcff7cc3c1160f3d2babf044,d9fe53bb994eb1e20a99b4fa3412cd76a1bb7966a7ff55e0fcbdd6081bd2965f,0e1ecb5e12eee00e5a1e576f3af6bf0775a34484c34e02f4c54d8a70f9a971b5,b7709452345310de1f065cbf6d2a2f29cce370025698b93ec507fce6ccff9166,ba88c976ce9fc90e2cece391a51487504b6f7093e517e748ca447532a4282eb4,44.35391019936886,stable,common_td3_target_critic,10dc644668750a576b9433984c2e8aae2382f56b91003624f8e6bdf28a6a5d95,0.99,0.207763671875,0.19771321614583334,4096,2.308308325598634,1.5885022007860243,1202.1915500817443,1200.9270316206264,1198.5522645728772,1197.2855177337597,1199.8850626051426,1198.605520343408,True,0.0,0.0,2.4158282751151097,1.7254321566224098,-0.10751994951647559,0.9554935461994489,True,raw/halfcheetah-expert-v2/halfcheetah-expert-v2_tau10_mpi4_seed1.npz,172efaef996dd4373174db04f416a82518bce3017242076a3a0fb99262566df2
td3|halfcheetah-expert-v2|14|0,td3,halfcheetah-expert-v2,14.0,0,1000000,8c8d784982cf1d1d19f473ed942df55cbabd64fa9d5f59aa3635a7804c641949,bcd9c2239e2670c9b821783b646bf281893d31e62b38ea921db6a650e3b41113,a2d4fca650d7831b1770ed61e70441bad93ae9c4b7a4f35546a434990d0a6cfb,d9fe53bb994eb1e20a99b4fa3412cd76a1bb7966a7ff55e0fcbdd6081bd2965f,0e1ecb5e12eee00e5a1e576f3af6bf0775a34484c34e02f4c54d8a70f9a971b5,b7709452345310de1f065cbf6d2a2f29cce370025698b93ec507fce6ccff9166,ba88c976ce9fc90e2cece391a51487504b6f7093e517e748ca447532a4282eb4,2.1022109021440114,collapsed,within_run_target_critic,1cbc6a890166c04d7825be7cfee083c3fb1591019dbd90c13fe3df0957cfe2b0,0.99,0.24544270833333334,0.19771321614583334,4096,13.059165807541422,9.204408121816815,1679.4346329239556,1670.4903447665495,1672.419256899405,1663.547535471033,1678.538590207696,1669.5772554315627,True,0.0,0.0,14.577008843591736,10.565043163709342,-1.517843036050314,0.8958741774573609,True,raw/halfcheetah-expert-v2/halfcheetah-expert-v2_tau14_seed0.npz,10a3962c17bc72279b680d61d2168a6b4f16579cf70c746679a40e3e5ef311ae
td3|halfcheetah-expert-v2|14|0,td3,halfcheetah-expert-v2,14.0,0,1000000,8c8d784982cf1d1d19f473ed942df55cbabd64fa9d5f59aa3635a7804c641949,bcd9c2239e2670c9b821783b646bf281893d31e62b38ea921db6a650e3b41113,a2d4fca650d7831b1770ed61e70441bad93ae9c4b7a4f35546a434990d0a6cfb,d9fe53bb994eb1e20a99b4fa3412cd76a1bb7966a7ff55e0fcbdd6081bd2965f,0e1ecb5e12eee00e5a1e576f3af6bf0775a34484c34e02f4c54d8a70f9a971b5,b7709452345310de1f065cbf6d2a2f29cce370025698b93ec507fce6ccff9166,ba88c976ce9fc90e2cece391a51487504b6f7093e517e748ca447532a4282eb4,2.1022109021440114,collapsed,common_td3_target_critic,1cbc6a890166c04d7825be7cfee083c3fb1591019dbd90c13fe3df0957cfe2b0,0.99,0.24544270833333334,0.19771321614583334,4096,13.059165807541422,9.204408121816815,1679.4346329239556,1670.4903447665495,1672.419256899405,1663.547535471033,1678.538590207696,1669.5772554315627,True,0.0,0.0,14.577008843591736,10.565043163709342,-1.517843036050314,0.8958741774573609,True,raw/halfcheetah-expert-v2/halfcheetah-expert-v2_tau14_seed0.npz,10a3962c17bc72279b680d61d2168a6b4f16579cf70c746679a40e3e5ef311ae
p3|halfcheetah-expert-v2|14|0,p3,halfcheetah-expert-v2,14.0,0,1000000,625628a10d9626f685ff86495a70c7a8b7bba3a27c2c604773d8e01dd6b4e69d,576a2f658423855282124219adc2148a45ccd4fb79175cff593df703f645f04f,6a3038432e8d3bd7fccd20101efb3690d945f3ae08e66a836eaeeed03e1774d6,d9fe53bb994eb1e20a99b4fa3412cd76a1bb7966a7ff55e0fcbdd6081bd2965f,0e1ecb5e12eee00e5a1e576f3af6bf0775a34484c34e02f4c54d8a70f9a971b5,b7709452345310de1f065cbf6d2a2f29cce370025698b93ec507fce6ccff9166,ba88c976ce9fc90e2cece391a51487504b6f7093e517e748ca447532a4282eb4,6.599847012469332,collapsed,within_run_target_critic,88b48141f88a7ed04b186da593f0a4d8898f1a5a2a6e56f2432bf5c7cfa630db,0.99,0.21533203125,0.19771321614583334,4096,4.575530395618606,3.046958824004978,1164.5237982283277,1161.7807517115255,1159.8857466647883,1157.1569441057663,1160.8279738090932,1158.071607587859,True,0.0,0.0,5.0100085177997995,3.4557123637944462,-0.4344781221811935,0.9132779673652133,True,raw/halfcheetah-expert-v2/halfcheetah-expert-v2_tau14_mpi3_seed0.npz,138971b42a93f6637b3c0260e11cca880e6d31a4967e89811fbe306af4070a8d
p3|halfcheetah-expert-v2|14|0,p3,halfcheetah-expert-v2,14.0,0,1000000,625628a10d9626f685ff86495a70c7a8b7bba3a27c2c604773d8e01dd6b4e69d,576a2f658423855282124219adc2148a45ccd4fb79175cff593df703f645f04f,6a3038432e8d3bd7fccd20101efb3690d945f3ae08e66a836eaeeed03e1774d6,d9fe53bb994eb1e20a99b4fa3412cd76a1bb7966a7ff55e0fcbdd6081bd2965f,0e1ecb5e12eee00e5a1e576f3af6bf0775a34484c34e02f4c54d8a70f9a971b5,b7709452345310de1f065cbf6d2a2f29cce370025698b93ec507fce6ccff9166,ba88c976ce9fc90e2cece391a51487504b6f7093e517e748ca447532a4282eb4,6.599847012469332,collapsed,common_td3_target_critic,1cbc6a890166c04d7825be7cfee083c3fb1591019dbd90c13fe3df0957cfe2b0,0.99,0.21533203125,0.19771321614583334,4096,7.954448590243167,5.299894105978311,1675.25624445707,1670.4903447665495,1668.2475753472481,1663.547535471033,1674.3247704580426,1669.5772554315627,True,0.0,0.0,9.027333166368205,6.116056652516127,-1.0728845761250376,0.8811515475996694,True,raw/halfcheetah-expert-v2/halfcheetah-expert-v2_tau14_mpi3_seed0.npz,138971b42a93f6637b3c0260e11cca880e6d31a4967e89811fbe306af4070a8d
p4|halfcheetah-expert-v2|14|0,p4,halfcheetah-expert-v2,14.0,0,1000000,010e377afc6ade0cc37b26652e4026e99dc74f79f62d3f14f5a6136add4fb00d,eae3049bb3520748681d95fc3352afd83369b3e268b5d63f35a0e61bd7df65bc,6e1382a285431c6daa9792bb2d3b56f46a6aede2386ec132569748e4ac3349cf,d9fe53bb994eb1e20a99b4fa3412cd76a1bb7966a7ff55e0fcbdd6081bd2965f,0e1ecb5e12eee00e5a1e576f3af6bf0775a34484c34e02f4c54d8a70f9a971b5,b7709452345310de1f065cbf6d2a2f29cce370025698b93ec507fce6ccff9166,ba88c976ce9fc90e2cece391a51487504b6f7093e517e748ca447532a4282eb4,18.95746189754793,collapsed,within_run_target_critic,ac1d16e5012d72a75a6a1b8e0f115ef644aa893da27aede71b4bcecf357e2405,0.99,0.20845540364583334,0.19771321614583334,4096,2.9013084778543385,1.9696139629930258,1090.8418773139442,1089.128114569084,1086.7206413385009,1085.0104501070562,1086.9238270148635,1085.1963611245155,True,0.0,0.0,3.181481713906372,2.2407441627234217,-0.2801732360520335,0.9119362419003114,True,raw/halfcheetah-expert-v2/halfcheetah-expert-v2_tau14_mpi4_seed0.npz,a175d5d4dd759917f6504cb75ba9bb30381b83a4fdad6715386d9f18076476b2
p4|halfcheetah-expert-v2|14|0,p4,halfcheetah-expert-v2,14.0,0,1000000,010e377afc6ade0cc37b26652e4026e99dc74f79f62d3f14f5a6136add4fb00d,eae3049bb3520748681d95fc3352afd83369b3e268b5d63f35a0e61bd7df65bc,6e1382a285431c6daa9792bb2d3b56f46a6aede2386ec132569748e4ac3349cf,d9fe53bb994eb1e20a99b4fa3412cd76a1bb7966a7ff55e0fcbdd6081bd2965f,0e1ecb5e12eee00e5a1e576f3af6bf0775a34484c34e02f4c54d8a70f9a971b5,b7709452345310de1f065cbf6d2a2f29cce370025698b93ec507fce6ccff9166,ba88c976ce9fc90e2cece391a51487504b6f7093e517e748ca447532a4282eb4,18.95746189754793,collapsed,common_td3_target_critic,1cbc6a890166c04d7825be7cfee083c3fb1591019dbd90c13fe3df0957cfe2b0,0.99,0.20845540364583334,0.19771321614583334,4096,6.430825310478079,4.3114414515718815,1674.1442887824776,1670.4903447665495,1667.1620910190527,1663.547535471033,1673.2283216416836,1669.5772554315627,True,0.0,0.0,7.2407683153394515,4.915516241826117,-0.8099430048613723,0.8881412897654077,True,raw/halfcheetah-expert-v2/halfcheetah-expert-v2_tau14_mpi4_seed0.npz,a175d5d4dd759917f6504cb75ba9bb30381b83a4fdad6715386d9f18076476b2
td3|halfcheetah-expert-v2|14|1,td3,halfcheetah-expert-v2,14.0,1,1000000,aca7029cc59cd0c3d2d23ccf3146ef3eaa906372bc45e0ca7ed93b99b506e8f3,38e701172656f40c9454a5f33cb7359b1b1b1c8a504bff1e4afd7572c1121c62,2a67e1779771125cf4006dd82995fe8f0210a007fcbd0591f57ad1b65e830eb5,d9fe53bb994eb1e20a99b4fa3412cd76a1bb7966a7ff55e0fcbdd6081bd2965f,0e1ecb5e12eee00e5a1e576f3af6bf0775a34484c34e02f4c54d8a70f9a971b5,b7709452345310de1f065cbf6d2a2f29cce370025698b93ec507fce6ccff9166,ba88c976ce9fc90e2cece391a51487504b6f7093e517e748ca447532a4282eb4,0.7421228031051205,collapsed,within_run_target_critic,d8617423eb693de9ba2d765d232a250e9c3e8223819016e6dd9a45c84c64b5b3,0.99,0.2593587239583333,0.19771321614583334,4096,17.218414748495697,12.355515755452215,1693.8940698149338,1683.4688256461682,1685.2878879272653,1674.9767426896929,1691.537879087031,1681.1225808672607,True,0.0,0.0,18.292658396322356,13.755160330608486,-1.074243647826659,0.9412746018346557,True,raw/halfcheetah-expert-v2/halfcheetah-expert-v2_tau14_seed1.npz,f2a4bcb5b407d157f453d9ee294fe9d1f4ae8b8a62cfa7509143a600d5752cbc
td3|halfcheetah-expert-v2|14|1,td3,halfcheetah-expert-v2,14.0,1,1000000,aca7029cc59cd0c3d2d23ccf3146ef3eaa906372bc45e0ca7ed93b99b506e8f3,38e701172656f40c9454a5f33cb7359b1b1b1c8a504bff1e4afd7572c1121c62,2a67e1779771125cf4006dd82995fe8f0210a007fcbd0591f57ad1b65e830eb5,d9fe53bb994eb1e20a99b4fa3412cd76a1bb7966a7ff55e0fcbdd6081bd2965f,0e1ecb5e12eee00e5a1e576f3af6bf0775a34484c34e02f4c54d8a70f9a971b5,b7709452345310de1f065cbf6d2a2f29cce370025698b93ec507fce6ccff9166,ba88c976ce9fc90e2cece391a51487504b6f7093e517e748ca447532a4282eb4,0.7421228031051205,collapsed,common_td3_target_critic,d8617423eb693de9ba2d765d232a250e9c3e8223819016e6dd9a45c84c64b5b3,0.99,0.2593587239583333,0.19771321614583334,4096,17.218414748495697,12.355515755452215,1693.8940698149338,1683.4688256461682,1685.2878879272653,1674.9767426896929,1691.537879087031,1681.1225808672607,True,0.0,0.0,18.292658396322356,13.755160330608486,-1.074243647826659,0.9412746018346557,True,raw/halfcheetah-expert-v2/halfcheetah-expert-v2_tau14_seed1.npz,f2a4bcb5b407d157f453d9ee294fe9d1f4ae8b8a62cfa7509143a600d5752cbc
p3|halfcheetah-expert-v2|14|1,p3,halfcheetah-expert-v2,14.0,1,1000000,67c31819b6292f2af4f5af429612d1c47454cf36a73c1ebafa001b469691de43,3acccc54d97590c7a38455c0204b62fe80a8cce47c689eee4d654a897dfbcb47,e65d25cc78fab82253de2a52e3c1862e5915be91d672fd2a3e31c790c6dbe4de,d9fe53bb994eb1e20a99b4fa3412cd76a1bb7966a7ff55e0fcbdd6081bd2965f,0e1ecb5e12eee00e5a1e576f3af6bf0775a34484c34e02f4c54d8a70f9a971b5,b7709452345310de1f065cbf6d2a2f29cce370025698b93ec507fce6ccff9166,ba88c976ce9fc90e2cece391a51487504b6f7093e517e748ca447532a4282eb4,18.874060401155194,collapsed,within_run_target_critic,ec33494b1ad02a19c3d569076a767692eeeb887cdd6b7ea29aa454ed8480997b,0.99,0.21879069010416666,0.19771321614583334,4096,3.2254595116492575,2.2315365606173874,1107.3997352685747,1105.3945172520348,1103.189134980246,1101.1854747340751,1103.5586690772325,1101.5347698386759,True,0.0,0.0,3.495786445478865,2.5027681168355045,-0.2703269338296077,0.9226706384827299,True,raw/halfcheetah-expert-v2/halfcheetah-expert-v2_tau14_mpi3_seed1.npz,678f47e1825645c9292379da0117167c49331810918afba426439b6116df44f2
p3|halfcheetah-expert-v2|14|1,p3,halfcheetah-expert-v2,14.0,1,1000000,67c31819b6292f2af4f5af429612d1c47454cf36a73c1ebafa001b469691de43,3acccc54d97590c7a38455c0204b62fe80a8cce47c689eee4d654a897dfbcb47,e65d25cc78fab82253de2a52e3c1862e5915be91d672fd2a3e31c790c6dbe4de,d9fe53bb994eb1e20a99b4fa3412cd76a1bb7966a7ff55e0fcbdd6081bd2965f,0e1ecb5e12eee00e5a1e576f3af6bf0775a34484c34e02f4c54d8a70f9a971b5,b7709452345310de1f065cbf6d2a2f29cce370025698b93ec507fce6ccff9166,ba88c976ce9fc90e2cece391a51487504b6f7093e517e748ca447532a4282eb4,18.874060401155194,collapsed,common_td3_target_critic,d8617423eb693de9ba2d765d232a250e9c3e8223819016e6dd9a45c84c64b5b3,0.99,0.21879069010416666,0.19771321614583334,4096,8.225661829795113,5.685850597657263,1688.3755327680458,1683.4688256461682,1679.8167925179466,1674.9767426896929,1686.011520087719,1681.1225808672607,True,0.0,0.0,9.019880716960685,6.404228041246533,-0.794218887165572,0.9119479611662548,True,raw/halfcheetah-expert-v2/halfcheetah-expert-v2_tau14_mpi3_seed1.npz,678f47e1825645c9292379da0117167c49331810918afba426439b6116df44f2
p4|halfcheetah-expert-v2|14|1,p4,halfcheetah-expert-v2,14.0,1,1000000,7871d920bbd0e00160bc31a93771fb82f9398d98ecdae32c5047ec9a760b50ab,c88de074749552d77680455e4b8ef7634eabd4716a6a6fe733746d284646b693,42316660d92cc08a7341abb129da577cd050ed9fa44c910974752eda122b6ed9,d9fe53bb994eb1e20a99b4fa3412cd76a1bb7966a7ff55e0fcbdd6081bd2965f,0e1ecb5e12eee00e5a1e576f3af6bf0775a34484c34e02f4c54d8a70f9a971b5,b7709452345310de1f065cbf6d2a2f29cce370025698b93ec507fce6ccff9166,ba88c976ce9fc90e2cece391a51487504b6f7093e517e748ca447532a4282eb4,31.406413671122124,stable,within_run_target_critic,11321302c1971f35d59f5a78c342adaf1d86bcbf9afa3ede0bf04f6ad1864472,0.99,0.21280924479166666,0.19771321614583334,4096,2.503794784115249,1.6953332351893187,1074.4392042420973,1072.964850848941,1070.5275050419677,1069.047895189758,1070.5671236850321,1069.0725682787597,True,0.0,0.0,2.6850265787369323,1.899952516593039,-0.18123179462168348,0.9325027930610144,True,raw/halfcheetah-expert-v2/halfcheetah-expert-v2_tau14_mpi4_seed1.npz,82a71e6f6b2919a03bc883a484eb92f8654b6ba61d870b5adcb39609cf0e27c2
p4|halfcheetah-expert-v2|14|1,p4,halfcheetah-expert-v2,14.0,1,1000000,7871d920bbd0e00160bc31a93771fb82f9398d98ecdae32c5047ec9a760b50ab,c88de074749552d77680455e4b8ef7634eabd4716a6a6fe733746d284646b693,42316660d92cc08a7341abb129da577cd050ed9fa44c910974752eda122b6ed9,d9fe53bb994eb1e20a99b4fa3412cd76a1bb7966a7ff55e0fcbdd6081bd2965f,0e1ecb5e12eee00e5a1e576f3af6bf0775a34484c34e02f4c54d8a70f9a971b5,b7709452345310de1f065cbf6d2a2f29cce370025698b93ec507fce6ccff9166,ba88c976ce9fc90e2cece391a51487504b6f7093e517e748ca447532a4282eb4,31.406413671122124,stable,common_td3_target_critic,d8617423eb693de9ba2d765d232a250e9c3e8223819016e6dd9a45c84c64b5b3,0.99,0.21280924479166666,0.19771321614583334,4096,7.001819900183413,4.8267568027228105,1687.3431219184492,1683.4688256461682,1678.8073535403696,1674.9767426896929,1684.9918847568333,1681.1225808672607,True,0.0,0.0,7.687091084014733,5.426239241436123,-0.6852711838313192,0.9108542911301861,True,raw/halfcheetah-expert-v2/halfcheetah-expert-v2_tau14_mpi4_seed1.npz,82a71e6f6b2919a03bc883a484eb92f8654b6ba61d870b5adcb39609cf0e27c2
td3|halfcheetah-expert-v2|20|0,td3,halfcheetah-expert-v2,20.0,0,1000000,1429f57505e79e17bf6b84647719971e2a154f48643fc0ff04e5f1b52d729ea4,0205c0198c56f60a8e4e90ed24f9bde5938a2b73d116bd979a79ea0906a61392,2e3b9fd03fc2f3d9c68e6ce7a9933eda7053e9d20f8bafc11107421b67cd7ce2,d9fe53bb994eb1e20a99b4fa3412cd76a1bb7966a7ff55e0fcbdd6081bd2965f,0e1ecb5e12eee00e5a1e576f3af6bf0775a34484c34e02f4c54d8a70f9a971b5,b7709452345310de1f065cbf6d2a2f29cce370025698b93ec507fce6ccff9166,ba88c976ce9fc90e2cece391a51487504b6f7093e517e748ca447532a4282eb4,-1.204281873433457,collapsed,within_run_target_critic,08070a9c1bef804a5f2cfa77fa90178af03a5fcc52e98198ffe778007377f49a,0.99,0.2514241536458333,0.19771321614583334,4096,15.233117959192114,10.249425728917123,2960.4430183908753,2950.4125772459997,2958.983799161839,2948.9235230165004,2978.09961669147,2967.937721595168,True,0.0,0.0,16.85220753231425,11.607948535904288,-1.6190895731221353,0.9039241850055836,True,raw/halfcheetah-expert-v2/halfcheetah-expert-v2_tau20_seed0.npz,49b52e9544900f90d979f30fc524e5d86c25e93db2e0b82dc222715ca973c95c
td3|halfcheetah-expert-v2|20|0,td3,halfcheetah-expert-v2,20.0,0,1000000,1429f57505e79e17bf6b84647719971e2a154f48643fc0ff04e5f1b52d729ea4,0205c0198c56f60a8e4e90ed24f9bde5938a2b73d116bd979a79ea0906a61392,2e3b9fd03fc2f3d9c68e6ce7a9933eda7053e9d20f8bafc11107421b67cd7ce2,d9fe53bb994eb1e20a99b4fa3412cd76a1bb7966a7ff55e0fcbdd6081bd2965f,0e1ecb5e12eee00e5a1e576f3af6bf0775a34484c34e02f4c54d8a70f9a971b5,b7709452345310de1f065cbf6d2a2f29cce370025698b93ec507fce6ccff9166,ba88c976ce9fc90e2cece391a51487504b6f7093e517e748ca447532a4282eb4,-1.204281873433457,collapsed,common_td3_target_critic,08070a9c1bef804a5f2cfa77fa90178af03a5fcc52e98198ffe778007377f49a,0.99,0.2514241536458333,0.19771321614583334,4096,15.233117959192114,10.249425728917123,2960.4430183908753,2950.4125772459997,2958.983799161839,2948.9235230165004,2978.09961669147,2967.937721595168,True,0.0,0.0,16.85220753231425,11.607948535904288,-1.6190895731221353,0.9039241850055836,True,raw/halfcheetah-expert-v2/halfcheetah-expert-v2_tau20_seed0.npz,49b52e9544900f90d979f30fc524e5d86c25e93db2e0b82dc222715ca973c95c
p3|halfcheetah-expert-v2|20|0,p3,halfcheetah-expert-v2,20.0,0,1000000,33145e951dd76e8bbd30c48c5f8e419846ca12db9043cfe24aba27e0298f20d0,0c8b5c3956adbdf7eb3f2e058cd57689f690f077b0288a686474f1da271f46ca,9c56d2cd75f97e3f5f3373b9c02ac9d431a5040faf2b0bdb22beb4419cc8c541,d9fe53bb994eb1e20a99b4fa3412cd76a1bb7966a7ff55e0fcbdd6081bd2965f,0e1ecb5e12eee00e5a1e576f3af6bf0775a34484c34e02f4c54d8a70f9a971b5,b7709452345310de1f065cbf6d2a2f29cce370025698b93ec507fce6ccff9166,ba88c976ce9fc90e2cece391a51487504b6f7093e517e748ca447532a4282eb4,2.230735063635166,collapsed,within_run_target_critic,a44c9b907b45e875cff4401c361396ac061cef47421d7c63bcb19e630f101213,0.99,0.22306315104166666,0.19771321614583334,4096,4.871692640517796,3.410647183768451,1227.9747480306735,1224.7761919986476,1222.9035290205586,1219.7193119316285,1224.4822994209826,1221.2659185230732,True,0.0,0.0,5.415201437819101,3.943234052918851,-0.5435087973013051,0.899632764627091,True,raw/halfcheetah-expert-v2/halfcheetah-expert-v2_tau20_mpi3_seed0.npz,85bd27a0a448397b6d0347c4d9fb2d2ecc6bdfffd47c736474ff552f035ef8c3
p3|halfcheetah-expert-v2|20|0,p3,halfcheetah-expert-v2,20.0,0,1000000,33145e951dd76e8bbd30c48c5f8e419846ca12db9043cfe24aba27e0298f20d0,0c8b5c3956adbdf7eb3f2e058cd57689f690f077b0288a686474f1da271f46ca,9c56d2cd75f97e3f5f3373b9c02ac9d431a5040faf2b0bdb22beb4419cc8c541,d9fe53bb994eb1e20a99b4fa3412cd76a1bb7966a7ff55e0fcbdd6081bd2965f,0e1ecb5e12eee00e5a1e576f3af6bf0775a34484c34e02f4c54d8a70f9a971b5,b7709452345310de1f065cbf6d2a2f29cce370025698b93ec507fce6ccff9166,ba88c976ce9fc90e2cece391a51487504b6f7093e517e748ca447532a4282eb4,2.230735063635166,collapsed,common_td3_target_critic,08070a9c1bef804a5f2cfa77fa90178af03a5fcc52e98198ffe778007377f49a,0.99,0.22306315104166666,0.19771321614583334,4096,4.493696715960432,3.1909410117566583,2951.705666408445,2950.4125772459997,2950.2243995935496,2948.9235230165004,2969.2517383396626,2967.937721595168,True,0.0,0.0,4.804483664081662,3.4246712078154085,-0.31078694812122976,0.9353131429200865,True,raw/halfcheetah-expert-v2/halfcheetah-expert-v2_tau20_mpi3_seed0.npz,85bd27a0a448397b6d0347c4d9fb2d2ecc6bdfffd47c736474ff552f035ef8c3
p4|halfcheetah-expert-v2|20|0,p4,halfcheetah-expert-v2,20.0,0,1000000,4f86d04189c0fa5f7cbe73fa975773c62a5086900b244eaafc9bf13a172ed5d2,f02fb422237572e398cf338642d6740508b393b8e91c08711e7fd499115e4c03,f9b5b81b4530d33bda3f95e43c98790270559c6680dee2dd885e4716fc7903a1,d9fe53bb994eb1e20a99b4fa3412cd76a1bb7966a7ff55e0fcbdd6081bd2965f,0e1ecb5e12eee00e5a1e576f3af6bf0775a34484c34e02f4c54d8a70f9a971b5,b7709452345310de1f065cbf6d2a2f29cce370025698b93ec507fce6ccff9166,ba88c976ce9fc90e2cece391a51487504b6f7093e517e748ca447532a4282eb4,3.3688966294770286,collapsed,within_run_target_critic,f974b43959c8471020df67b1a6b1901d7ddcb7659e3a3be091944d29c4e5b065,0.99,0.21944173177083334,0.19771321614583334,4096,6.229531569363611,4.241935658790171,1252.8399324078148,1248.8748992759497,1247.446262506481,1243.5094588860607,1249.2729393057525,1245.2963699921966,True,0.0,0.0,7.038399031152368,4.981153563670814,-0.8088674617887568,0.8850779192528497,True,raw/halfcheetah-expert-v2/halfcheetah-expert-v2_tau20_mpi4_seed0.npz,e2c64f8dbae2ecf00451a3eda7c50d994688f2855860d0fb4a0daa82aa144500
p4|halfcheetah-expert-v2|20|0,p4,halfcheetah-expert-v2,20.0,0,1000000,4f86d04189c0fa5f7cbe73fa975773c62a5086900b244eaafc9bf13a172ed5d2,f02fb422237572e398cf338642d6740508b393b8e91c08711e7fd499115e4c03,f9b5b81b4530d33bda3f95e43c98790270559c6680dee2dd885e4716fc7903a1,d9fe53bb994eb1e20a99b4fa3412cd76a1bb7966a7ff55e0fcbdd6081bd2965f,0e1ecb5e12eee00e5a1e576f3af6bf0775a34484c34e02f4c54d8a70f9a971b5,b7709452345310de1f065cbf6d2a2f29cce370025698b93ec507fce6ccff9166,ba88c976ce9fc90e2cece391a51487504b6f7093e517e748ca447532a4282eb4,3.3688966294770286,collapsed,common_td3_target_critic,08070a9c1bef804a5f2cfa77fa90178af03a5fcc52e98198ffe778007377f49a,0.99,0.21944173177083334,0.19771321614583334,4096,4.652991952461814,3.2701284116506577,2951.7037892338267,2950.4125772459997,2950.2193730198624,2948.9235230165004,2969.246660992503,2967.937721595168,True,0.0,0.0,4.910128988984923,3.481599576026201,-0.25713703652310826,0.9476313072222841,True,raw/halfcheetah-expert-v2/halfcheetah-expert-v2_tau20_mpi4_seed0.npz,e2c64f8dbae2ecf00451a3eda7c50d994688f2855860d0fb4a0daa82aa144500
td3|halfcheetah-expert-v2|20|1,td3,halfcheetah-expert-v2,20.0,1,1000000,e2a02aa5670c1fd4effed4819c531a70a4aa450a098ee444d878d1c92940a2d2,c31a137b2e9c561b1bf8a8290a9b26f367b8f10a224dc9a29643f2ca8d7b0f75,be7cc0d804c00586b1fb93f92bc6e322c50f23abff61acb92cdeb6b6454f4ed7,d9fe53bb994eb1e20a99b4fa3412cd76a1bb7966a7ff55e0fcbdd6081bd2965f,0e1ecb5e12eee00e5a1e576f3af6bf0775a34484c34e02f4c54d8a70f9a971b5,b7709452345310de1f065cbf6d2a2f29cce370025698b93ec507fce6ccff9166,ba88c976ce9fc90e2cece391a51487504b6f7093e517e748ca447532a4282eb4,-1.022377859826169,collapsed,within_run_target_critic,9aec6c931a9ac21aab49c052670fc8e2abfc0cea66bfd028b587af299bfccaf6,0.99,0.3104654947916667,0.19771321614583334,4096,41.521036408968406,28.874976762905717,3411.6661088016476,3382.9723918059217,3405.507910129623,3376.9233728468134,3429.1338611096144,3400.2605911269784,True,0.0,0.0,45.35391862532182,32.741109159663324,-3.8328822163534113,0.9154895027259353,True,raw/halfcheetah-expert-v2/halfcheetah-expert-v2_tau20_seed1.npz,feb881e0e26f32d19f35899c38d3ca08d39acd5cbb82efaa507ae987ff3953f7
td3|halfcheetah-expert-v2|20|1,td3,halfcheetah-expert-v2,20.0,1,1000000,e2a02aa5670c1fd4effed4819c531a70a4aa450a098ee444d878d1c92940a2d2,c31a137b2e9c561b1bf8a8290a9b26f367b8f10a224dc9a29643f2ca8d7b0f75,be7cc0d804c00586b1fb93f92bc6e322c50f23abff61acb92cdeb6b6454f4ed7,d9fe53bb994eb1e20a99b4fa3412cd76a1bb7966a7ff55e0fcbdd6081bd2965f,0e1ecb5e12eee00e5a1e576f3af6bf0775a34484c34e02f4c54d8a70f9a971b5,b7709452345310de1f065cbf6d2a2f29cce370025698b93ec507fce6ccff9166,ba88c976ce9fc90e2cece391a51487504b6f7093e517e748ca447532a4282eb4,-1.022377859826169,collapsed,common_td3_target_critic,9aec6c931a9ac21aab49c052670fc8e2abfc0cea66bfd028b587af299bfccaf6,0.99,0.3104654947916667,0.19771321614583334,4096,41.521036408968406,28.874976762905717,3411.6661088016476,3382.9723918059217,3405.507910129623,3376.9233728468134,3429.1338611096144,3400.2605911269784,True,0.0,0.0,45.35391862532182,32.741109159663324,-3.8328822163534113,0.9154895027259353,True,raw/halfcheetah-expert-v2/halfcheetah-expert-v2_tau20_seed1.npz,feb881e0e26f32d19f35899c38d3ca08d39acd5cbb82efaa507ae987ff3953f7
p3|halfcheetah-expert-v2|20|1,p3,halfcheetah-expert-v2,20.0,1,1000000,3ad1a02cc59ab01f130ba3642a1adb9a07ba53a3b3f86c8c81d490347868db8a,5264af1b584599b635408b87eca7633b72ee3bd4c8955731b974e2f95cd7cee2,1c3a823aa726710ac4acfcb815b7b4b597cf06064d0017ae8f7d1c4403eaeeb2,d9fe53bb994eb1e20a99b4fa3412cd76a1bb7966a7ff55e0fcbdd6081bd2965f,0e1ecb5e12eee00e5a1e576f3af6bf0775a34484c34e02f4c54d8a70f9a971b5,b7709452345310de1f065cbf6d2a2f29cce370025698b93ec507fce6ccff9166,ba88c976ce9fc90e2cece391a51487504b6f7093e517e748ca447532a4282eb4,18.750899616682243,collapsed,within_run_target_critic,ac4f2f14f1152bd186e843bd7469a52fa12902c7016d4f1e7465d2e57a0f63ac,0.99,0.21976725260416666,0.19771321614583334,4096,7.592725420413099,5.488001188337803,1402.8258534053487,1397.5234340913255,1396.855117758188,1391.6037531090265,1400.1909749135375,1394.8865661770105,True,0.0,0.0,8.569164374199174,6.403514996096492,-0.9764389537860749,0.8860520219770756,True,raw/halfcheetah-expert-v2/halfcheetah-expert-v2_tau20_mpi3_seed1.npz,5838f0945a1e9e665ee6f7afda65f007072122e64d03e1fe73bfd01c3586ebb2
p3|halfcheetah-expert-v2|20|1,p3,halfcheetah-expert-v2,20.0,1,1000000,3ad1a02cc59ab01f130ba3642a1adb9a07ba53a3b3f86c8c81d490347868db8a,5264af1b584599b635408b87eca7633b72ee3bd4c8955731b974e2f95cd7cee2,1c3a823aa726710ac4acfcb815b7b4b597cf06064d0017ae8f7d1c4403eaeeb2,d9fe53bb994eb1e20a99b4fa3412cd76a1bb7966a7ff55e0fcbdd6081bd2965f,0e1ecb5e12eee00e5a1e576f3af6bf0775a34484c34e02f4c54d8a70f9a971b5,b7709452345310de1f065cbf6d2a2f29cce370025698b93ec507fce6ccff9166,ba88c976ce9fc90e2cece391a51487504b6f7093e517e748ca447532a4282eb4,18.750899616682243,collapsed,common_td3_target_critic,9aec6c931a9ac21aab49c052670fc8e2abfc0cea66bfd028b587af299bfccaf6,0.99,0.21976725260416666,0.19771321614583334,4096,10.77176653878241,7.314483216628432,3383.0397168991904,3382.9723918059217,3377.0478650053306,3376.9233728468134,3400.3863407820463,3400.2605911269784,True,0.0,0.0,11.53132581359738,7.981339106038213,-0.7595592748149702,0.9341307940567145,True,raw/halfcheetah-expert-v2/halfcheetah-expert-v2_tau20_mpi3_seed1.npz,5838f0945a1e9e665ee6f7afda65f007072122e64d03e1fe73bfd01c3586ebb2
p4|halfcheetah-expert-v2|20|1,p4,halfcheetah-expert-v2,20.0,1,1000000,fdd0f7b56e390ecc2c934b3e138de332916411837b1752b7625fdc97164604e0,10fcd745254d1039a77196aa222bcda104400f8c147c129db5bb992d6ed83a4f,5302c06004e1e6fd4449b6337c7e99170174fb706915ca518b07a298c0734d01,d9fe53bb994eb1e20a99b4fa3412cd76a1bb7966a7ff55e0fcbdd6081bd2965f,0e1ecb5e12eee00e5a1e576f3af6bf0775a34484c34e02f4c54d8a70f9a971b5,b7709452345310de1f065cbf6d2a2f29cce370025698b93ec507fce6ccff9166,ba88c976ce9fc90e2cece391a51487504b6f7093e517e748ca447532a4282eb4,9.17261274137199,collapsed,within_run_target_critic,77292e578fab46554753b5b8d089830dc97241713c1facba5c21dc0cd1c77adb,0.99,0.222412109375,0.19771321614583334,4096,4.361547240923122,3.069905348271132,1160.0100459613404,1157.0995436096093,1155.300774171214,1152.4099168647188,1156.1966884620488,1153.2766305767,True,0.0,0.0,4.723970450409074,3.437006870470941,-0.36242320948595186,0.923279958397164,True,raw/halfcheetah-expert-v2/halfcheetah-expert-v2_tau20_mpi4_seed1.npz,03823b92062b72626340e8332ce07a476e6f221bd78c15723adae3480f36fdb7
p4|halfcheetah-expert-v2|20|1,p4,halfcheetah-expert-v2,20.0,1,1000000,fdd0f7b56e390ecc2c934b3e138de332916411837b1752b7625fdc97164604e0,10fcd745254d1039a77196aa222bcda104400f8c147c129db5bb992d6ed83a4f,5302c06004e1e6fd4449b6337c7e99170174fb706915ca518b07a298c0734d01,d9fe53bb994eb1e20a99b4fa3412cd76a1bb7966a7ff55e0fcbdd6081bd2965f,0e1ecb5e12eee00e5a1e576f3af6bf0775a34484c34e02f4c54d8a70f9a971b5,b7709452345310de1f065cbf6d2a2f29cce370025698b93ec507fce6ccff9166,ba88c976ce9fc90e2cece391a51487504b6f7093e517e748ca447532a4282eb4,9.17261274137199,collapsed,common_td3_target_critic,9aec6c931a9ac21aab49c052670fc8e2abfc0cea66bfd028b587af299bfccaf6,0.99,0.222412109375,0.19771321614583334,4096,9.001897556059951,6.269408566653728,3383.946044002651,3382.9723918059217,3377.934935149224,3376.9233728468134,3401.2823712304235,3400.2605911269784,True,0.0,0.0,9.881060028990786,6.976163717284798,-0.8791624729308349,0.911025490144641,True,raw/halfcheetah-expert-v2/halfcheetah-expert-v2_tau20_mpi4_seed1.npz,03823b92062b72626340e8332ce07a476e6f221bd78c15723adae3480f36fdb7
td3|hopper-medium-v2|4|0,td3,hopper-medium-v2,4.0,0,1000000,661af70d50218c9f4f12c9bb233941d7454f37132adb375dff6b2aeb443edc78,e63f35ef8d900e95636f6fbbd0cc756f0826798f954a1f2c3562d44e83ea71a3,ccc2debf3533ea60df5dd73e0e7b1ee11e6df8fd7471ebe93f56363ccf7f4b47,5bdf1bc4a713c82941de44633df669b36c89850b652a25985166796d25cf71a0,c32b1f46aba3efdc8534443987638ea6872bbaabbf49a4b22b4dd522a54a4fb1,b4329a9364407b8bbff94e259f897fac8406d95e42d31023040f34ebb8c03d11,29d28a83cd422bd6e33486ea936ace1d93dbd286b8defe2a3b8e7bfe3b5fdeda,63.86375894151014,stable,within_run_target_critic,f86707b65450b635929b54edfa03310fbea68a074b182896f50b630a40185fe8,0.99,0.11564127604166667,0.14029947916666666,4096,1.4762080189393634,0.4231742695813591,257.85119831132397,257.5993134752801,249.34664847321693,249.07635179375166,248.72452872543363,248.45150177647884,True,0.0,0.0,1.5296590106921277,0.4421311672660522,-0.053450991752764354,0.9650569235501844,True,raw/hopper-medium-v2/hopper-medium-v2_tau4_seed0.npz,da770c2d0f4192b09e2f2d6b0237ef85fc029d5a49b45db825d0b38897a8e509
td3|hopper-medium-v2|4|0,td3,hopper-medium-v2,4.0,0,1000000,661af70d50218c9f4f12c9bb233941d7454f37132adb375dff6b2aeb443edc78,e63f35ef8d900e95636f6fbbd0cc756f0826798f954a1f2c3562d44e83ea71a3,ccc2debf3533ea60df5dd73e0e7b1ee11e6df8fd7471ebe93f56363ccf7f4b47,5bdf1bc4a713c82941de44633df669b36c89850b652a25985166796d25cf71a0,c32b1f46aba3efdc8534443987638ea6872bbaabbf49a4b22b4dd522a54a4fb1,b4329a9364407b8bbff94e259f897fac8406d95e42d31023040f34ebb8c03d11,29d28a83cd422bd6e33486ea936ace1d93dbd286b8defe2a3b8e7bfe3b5fdeda,63.86375894151014,stable,common_td3_target_critic,f86707b65450b635929b54edfa03310fbea68a074b182896f50b630a40185fe8,0.99,0.11564127604166667,0.14029947916666666,4096,1.4762080189393634,0.4231742695813591,257.85119831132397,257.5993134752801,249.34664847321693,249.07635179375166,248.72452872543363,248.45150177647884,True,0.0,0.0,1.5296590106921277,0.4421311672660522,-0.053450991752764354,0.9650569235501844,True,raw/hopper-medium-v2/hopper-medium-v2_tau4_seed0.npz,da770c2d0f4192b09e2f2d6b0237ef85fc029d5a49b45db825d0b38897a8e509
p3|hopper-medium-v2|4|0,p3,hopper-medium-v2,4.0,0,1000000,9d2dd47698918162943730217bbb46ba6cb5f14401f58264331fda7e2562e8f9,0bd5c6f392de49823b4e8898a27d696867337872818fca133484a2c68bfbe819,0e0ca0b04645456ed423c2bd2f755ebad6bdebd167f8071cd1bbf6f8867b19f6,5bdf1bc4a713c82941de44633df669b36c89850b652a25985166796d25cf71a0,c32b1f46aba3efdc8534443987638ea6872bbaabbf49a4b22b4dd522a54a4fb1,b4329a9364407b8bbff94e259f897fac8406d95e42d31023040f34ebb8c03d11,29d28a83cd422bd6e33486ea936ace1d93dbd286b8defe2a3b8e7bfe3b5fdeda,55.82887349601117,stable,within_run_target_critic,c4de4c4ff03c68212f7e602d69f0aa1164f84638b8ec29e0e96b8e78690a8d3a,0.99,0.11881510416666667,0.14029947916666666,4096,1.0379673410281716,0.4218544100434519,246.0999683697223,245.91825805005482,238.1057622357509,237.9206373730376,237.37009818253864,237.18310337171715,True,0.0,0.0,1.066794740357512,0.4361755633587018,-0.02882739932934042,0.9729775576886707,True,raw/hopper-medium-v2/hopper-medium-v2_tau4_mpi3_seed0.npz,cd619d3e347daeebabbeb70a22e3d287334a4ccc9c8296b9b33ff5a8bedfd060
p3|hopper-medium-v2|4|0,p3,hopper-medium-v2,4.0,0,1000000,9d2dd47698918162943730217bbb46ba6cb5f14401f58264331fda7e2562e8f9,0bd5c6f392de49823b4e8898a27d696867337872818fca133484a2c68bfbe819,0e0ca0b04645456ed423c2bd2f755ebad6bdebd167f8071cd1bbf6f8867b19f6,5bdf1bc4a713c82941de44633df669b36c89850b652a25985166796d25cf71a0,c32b1f46aba3efdc8534443987638ea6872bbaabbf49a4b22b4dd522a54a4fb1,b4329a9364407b8bbff94e259f897fac8406d95e42d31023040f34ebb8c03d11,29d28a83cd422bd6e33486ea936ace1d93dbd286b8defe2a3b8e7bfe3b5fdeda,55.82887349601117,stable,common_td3_target_critic,f86707b65450b635929b54edfa03310fbea68a074b182896f50b630a40185fe8,0.99,0.11881510416666667,0.14029947916666666,4096,0.9046636717687505,0.3327386432980711,257.7242285131206,257.5993134752801,249.20832392291982,249.07635179375166,248.58480695745675,248.45150177647884,True,0.0,0.0,0.9342711598591038,0.34514274493558333,-0.029607488090353296,0.9683095343595768,True,raw/hopper-medium-v2/hopper-medium-v2_tau4_mpi3_seed0.npz,cd619d3e347daeebabbeb70a22e3d287334a4ccc9c8296b9b33ff5a8bedfd060
p4|hopper-medium-v2|4|0,p4,hopper-medium-v2,4.0,0,1000000,83a735be5243ace9067983555a892a1217e66502431b4638d09d9136fa82bc78,eb4428ba3d8bcc05da52573a8e7077569edf777163985d114ba7d2fdce14a33c,17c89a630ce10c810406eeffb5ded92163b280b87553781693f0987239800fca,5bdf1bc4a713c82941de44633df669b36c89850b652a25985166796d25cf71a0,c32b1f46aba3efdc8534443987638ea6872bbaabbf49a4b22b4dd522a54a4fb1,b4329a9364407b8bbff94e259f897fac8406d95e42d31023040f34ebb8c03d11,29d28a83cd422bd6e33486ea936ace1d93dbd286b8defe2a3b8e7bfe3b5fdeda,51.73192109247461,stable,within_run_target_critic,228e08a1dd28d242dea77e6e88a674bc84782f2b275694e9c1365b7087f5753b,0.99,0.11848958333333333,0.14029947916666666,4096,1.0556332893164881,0.442267831871286,245.33471936099514,245.1721318077485,237.34073545109771,237.171255385236,236.59734385460615,236.42615186888725,True,0.0,0.0,1.0867723316092648,0.4534320751950145,-0.031139042292776642,0.97134722573709,True,raw/hopper-medium-v2/hopper-medium-v2_tau4_mpi4_seed0.npz,7453428c64b6921cfb4a9a4b8d6ce5f348a73c2625b1897cfc7c215bc919e7b6
p4|hopper-medium-v2|4|0,p4,hopper-medium-v2,4.0,0,1000000,83a735be5243ace9067983555a892a1217e66502431b4638d09d9136fa82bc78,eb4428ba3d8bcc05da52573a8e7077569edf777163985d114ba7d2fdce14a33c,17c89a630ce10c810406eeffb5ded92163b280b87553781693f0987239800fca,5bdf1bc4a713c82941de44633df669b36c89850b652a25985166796d25cf71a0,c32b1f46aba3efdc8534443987638ea6872bbaabbf49a4b22b4dd522a54a4fb1,b4329a9364407b8bbff94e259f897fac8406d95e42d31023040f34ebb8c03d11,29d28a83cd422bd6e33486ea936ace1d93dbd286b8defe2a3b8e7bfe3b5fdeda,51.73192109247461,stable,common_td3_target_critic,f86707b65450b635929b54edfa03310fbea68a074b182896f50b630a40185fe8,0.99,0.11848958333333333,0.14029947916666666,4096,0.8282989225587514,0.32758166337400324,257.7122493795044,257.5993134752801,249.19553266317467,249.07635179375166,248.57188649306772,248.45150177647884,True,0.0,0.0,0.8531564252005475,0.3378787413029931,-0.024857502641796092,0.9708640737998862,True,raw/hopper-medium-v2/hopper-medium-v2_tau4_mpi4_seed0.npz,7453428c64b6921cfb4a9a4b8d6ce5f348a73c2625b1897cfc7c215bc919e7b6
td3|hopper-medium-v2|4|1,td3,hopper-medium-v2,4.0,1,1000000,555ba426fafde31dac940c1e23428f7ad380e7f3a897efe23cae9bfe9739fd0b,3a02f84dd1ddb9eb9c52eaad5e6bc329ccff803aa84339c8325992f3b4fb00b7,c69cd200346740238b74efe921d947dd5c8f3a7117a787024d8ca3551fd5e981,5bdf1bc4a713c82941de44633df669b36c89850b652a25985166796d25cf71a0,c32b1f46aba3efdc8534443987638ea6872bbaabbf49a4b22b4dd522a54a4fb1,b4329a9364407b8bbff94e259f897fac8406d95e42d31023040f34ebb8c03d11,29d28a83cd422bd6e33486ea936ace1d93dbd286b8defe2a3b8e7bfe3b5fdeda,56.805425412443846,stable,within_run_target_critic,bdbc5cbc66a8e69625152d9ad5be986cab63e576dcceeb2bfe435efdad29520c,0.99,0.11783854166666667,0.14029947916666666,4096,1.27580935194521,0.44088124517700633,255.854613012847,255.58726554967282,247.5170636056544,247.23263938128076,246.8764632026432,246.5891660063062,True,0.0,0.0,1.3593883227152206,0.46401900501572524,-0.08357897077001053,0.9385172217728991,True,raw/hopper-medium-v2/hopper-medium-v2_tau4_seed1.npz,4e025afb6f816e5ae8493faa04a072857f8a7a2e8790faef489dec0351d9eefa
td3|hopper-medium-v2|4|1,td3,hopper-medium-v2,4.0,1,1000000,555ba426fafde31dac940c1e23428f7ad380e7f3a897efe23cae9bfe9739fd0b,3a02f84dd1ddb9eb9c52eaad5e6bc329ccff803aa84339c8325992f3b4fb00b7,c69cd200346740238b74efe921d947dd5c8f3a7117a787024d8ca3551fd5e981,5bdf1bc4a713c82941de44633df669b36c89850b652a25985166796d25cf71a0,c32b1f46aba3efdc8534443987638ea6872bbaabbf49a4b22b4dd522a54a4fb1,b4329a9364407b8bbff94e259f897fac8406d95e42d31023040f34ebb8c03d11,29d28a83cd422bd6e33486ea936ace1d93dbd286b8defe2a3b8e7bfe3b5fdeda,56.805425412443846,stable,common_td3_target_critic,bdbc5cbc66a8e69625152d9ad5be986cab63e576dcceeb2bfe435efdad29520c,0.99,0.11783854166666667,0.14029947916666666,4096,1.27580935194521,0.44088124517700633,255.854613012847,255.58726554967282,247.5170636056544,247.23263938128076,246.8764632026432,246.5891660063062,True,0.0,0.0,1.3593883227152206,0.46401900501572524,-0.08357897077001053,0.9385172217728991,True,raw/hopper-medium-v2/hopper-medium-v2_tau4_seed1.npz,4e025afb6f816e5ae8493faa04a072857f8a7a2e8790faef489dec0351d9eefa
p3|hopper-medium-v2|4|1,p3,hopper-medium-v2,4.0,1,1000000,b9d7524d2bb057fa1fc4f50dee187229488511d9274fc640d33f359d99d09394,ee2d5f52fd781e1639fcf23b55e251f2bc7f182e290ba565df2ecb8d4e317076,af36c817de8619571f68821112525eb2fbfb17544b19bb450f1d2ea451b15b6e,5bdf1bc4a713c82941de44633df669b36c89850b652a25985166796d25cf71a0,c32b1f46aba3efdc8534443987638ea6872bbaabbf49a4b22b4dd522a54a4fb1,b4329a9364407b8bbff94e259f897fac8406d95e42d31023040f34ebb8c03d11,29d28a83cd422bd6e33486ea936ace1d93dbd286b8defe2a3b8e7bfe3b5fdeda,60.40822056172398,stable,within_run_target_critic,c3694487e553e8ffdfb528a031f264bae7cc8467a70117691057b95b6418a5e3,0.99,0.11775716145833333,0.14029947916666666,4096,1.0358213229290825,0.4305179020471405,245.0102134792326,244.83265318131555,237.05566972609958,236.87330589748453,236.30939867784036,236.1251927903504,True,0.0,0.0,1.0525664654259175,0.4396298963937443,-0.016745142496835008,0.9840911305396195,True,raw/hopper-medium-v2/hopper-medium-v2_tau4_mpi3_seed1.npz,8771fd8f3577ae394200dc4ad4d6b63c5f0e3f4d29af47f69a3b7b317495a58b
p3|hopper-medium-v2|4|1,p3,hopper-medium-v2,4.0,1,1000000,b9d7524d2bb057fa1fc4f50dee187229488511d9274fc640d33f359d99d09394,ee2d5f52fd781e1639fcf23b55e251f2bc7f182e290ba565df2ecb8d4e317076,af36c817de8619571f68821112525eb2fbfb17544b19bb450f1d2ea451b15b6e,5bdf1bc4a713c82941de44633df669b36c89850b652a25985166796d25cf71a0,c32b1f46aba3efdc8534443987638ea6872bbaabbf49a4b22b4dd522a54a4fb1,b4329a9364407b8bbff94e259f897fac8406d95e42d31023040f34ebb8c03d11,29d28a83cd422bd6e33486ea936ace1d93dbd286b8defe2a3b8e7bfe3b5fdeda,60.40822056172398,stable,common_td3_target_critic,bdbc5cbc66a8e69625152d9ad5be986cab63e576dcceeb2bfe435efdad29520c,0.99,0.11775716145833333,0.14029947916666666,4096,0.8646952862256364,0.3617706223845016,255.729214345753,255.58726554967282,247.37881302309628,247.23263938128076,246.73681614955422,246.5891660063062,True,0.0,0.0,0.8957951932058954,0.3755888776865322,-0.031099906980258996,0.9652823466612297,True,raw/hopper-medium-v2/hopper-medium-v2_tau4_mpi3_seed1.npz,8771fd8f3577ae394200dc4ad4d6b63c5f0e3f4d29af47f69a3b7b317495a58b
p4|hopper-medium-v2|4|1,p4,hopper-medium-v2,4.0,1,1000000,67960202262e9ca1bc6e1067dd43decf6f293a528fb028bd5404f6edf07b4d50,22b4e5997ae949500d42b0b76c60d8c9439ad8ed9fdf6750abe238bf4aff944c,e20960a15e8ee6453de7aa970a8b1d5a93c562921e7403637c2dbcf2aed2061f,5bdf1bc4a713c82941de44633df669b36c89850b652a25985166796d25cf71a0,c32b1f46aba3efdc8534443987638ea6872bbaabbf49a4b22b4dd522a54a4fb1,b4329a9364407b8bbff94e259f897fac8406d95e42d31023040f34ebb8c03d11,29d28a83cd422bd6e33486ea936ace1d93dbd286b8defe2a3b8e7bfe3b5fdeda,70.612343063339,stable,within_run_target_critic,d595f38bef5d3c92e3be9ab102c5d788b160e2ba769f87d77587fe0a2f1e00f9,0.99,0.11775716145833333,0.14029947916666666,4096,1.0827639776461708,0.4402103684702888,244.08270363898876,243.91837618511522,236.14032739438872,235.968037669615,235.38481046399102,235.21078043896705,True,0.0,0.0,1.1057516465001789,0.4524037549411878,-0.022987668854008048,0.9792108210494043,True,raw/hopper-medium-v2/hopper-medium-v2_tau4_mpi4_seed1.npz,390850e1023645568ece5a27ce56db4535740a2c325548c72b576850015b66fa
p4|hopper-medium-v2|4|1,p4,hopper-medium-v2,4.0,1,1000000,67960202262e9ca1bc6e1067dd43decf6f293a528fb028bd5404f6edf07b4d50,22b4e5997ae949500d42b0b76c60d8c9439ad8ed9fdf6750abe238bf4aff944c,e20960a15e8ee6453de7aa970a8b1d5a93c562921e7403637c2dbcf2aed2061f,5bdf1bc4a713c82941de44633df669b36c89850b652a25985166796d25cf71a0,c32b1f46aba3efdc8534443987638ea6872bbaabbf49a4b22b4dd522a54a4fb1,b4329a9364407b8bbff94e259f897fac8406d95e42d31023040f34ebb8c03d11,29d28a83cd422bd6e33486ea936ace1d93dbd286b8defe2a3b8e7bfe3b5fdeda,70.612343063339,stable,common_td3_target_critic,bdbc5cbc66a8e69625152d9ad5be986cab63e576dcceeb2bfe435efdad29520c,0.99,0.11775716145833333,0.14029947916666666,4096,0.8044558900331529,0.3560032367741223,255.71141185384982,255.58726554967282,247.35961124671564,247.23263938128076,246.7174204158364,246.5891660063062,True,0.0,0.0,0.8289492105164691,0.3670141376112588,-0.024493320483316205,0.9704525679347039,True,raw/hopper-medium-v2/hopper-medium-v2_tau4_mpi4_seed1.npz,390850e1023645568ece5a27ce56db4535740a2c325548c72b576850015b66fa
td3|hopper-medium-v2|7|0,td3,hopper-medium-v2,7.0,0,1000000,c7be17241d14b575fee2bf0cce7a8bd4ca65c378e5b34188f3ab3c98bc30a71a,0be619778eff4f24c736e76cb5e018a64448a65a419b15253d5e39a1ad34ef05,c3f379e0ca00a239b907e11410e666cc6cfd4533fc806846098c5e886def1104,5bdf1bc4a713c82941de44633df669b36c89850b652a25985166796d25cf71a0,c32b1f46aba3efdc8534443987638ea6872bbaabbf49a4b22b4dd522a54a4fb1,b4329a9364407b8bbff94e259f897fac8406d95e42d31023040f34ebb8c03d11,29d28a83cd422bd6e33486ea936ace1d93dbd286b8defe2a3b8e7bfe3b5fdeda,0.645082689311175,collapsed,within_run_target_critic,f14096f02073e4492926ef06f5c4d6041426c4d4d03ad8521f846c4b2fd7c1eb,0.99,0.3292643229166667,0.14029947916666666,4096,133674106866.7871,106872336116.89594,629304539553.3134,517904339139.59595,556281536369.3932,449430083398.6272,561900541784.125,453969781207.59375,True,0.0,0.0,145029182066.18442,118158602057.08453,-11355075199.397324,0.9217048938866979,True,raw/hopper-medium-v2/hopper-medium-v2_tau7_seed0.npz,6e955c2cd5e8591639ed0937f5ccbf9e93dd66e56390ea9b6ea3d5289141a8c9
td3|hopper-medium-v2|7|0,td3,hopper-medium-v2,7.0,0,1000000,c7be17241d14b575fee2bf0cce7a8bd4ca65c378e5b34188f3ab3c98bc30a71a,0be619778eff4f24c736e76cb5e018a64448a65a419b15253d5e39a1ad34ef05,c3f379e0ca00a239b907e11410e666cc6cfd4533fc806846098c5e886def1104,5bdf1bc4a713c82941de44633df669b36c89850b652a25985166796d25cf71a0,c32b1f46aba3efdc8534443987638ea6872bbaabbf49a4b22b4dd522a54a4fb1,b4329a9364407b8bbff94e259f897fac8406d95e42d31023040f34ebb8c03d11,29d28a83cd422bd6e33486ea936ace1d93dbd286b8defe2a3b8e7bfe3b5fdeda,0.645082689311175,collapsed,common_td3_target_critic,f14096f02073e4492926ef06f5c4d6041426c4d4d03ad8521f846c4b2fd7c1eb,0.99,0.3292643229166667,0.14029947916666666,4096,133674106866.7871,106872336116.89594,629304539553.3134,517904339139.59595,556281536369.3932,449430083398.6272,561900541784.125,453969781207.59375,True,0.0,0.0,145029182066.18442,118158602057.08453,-11355075199.397324,0.9217048938866979,True,raw/hopper-medium-v2/hopper-medium-v2_tau7_seed0.npz,6e955c2cd5e8591639ed0937f5ccbf9e93dd66e56390ea9b6ea3d5289141a8c9
p3|hopper-medium-v2|7|0,p3,hopper-medium-v2,7.0,0,1000000,db0b99753014c7939a7afbed316f6f190c0b8f9d374cd2518724c4c81790779d,e3545c8ea3bbaa56502d710af5144d64e0660ee085b92b64819c65db2191b175,9615ef6b534402c4820a3561287c54f2e7a9ff55393b68b3a2a6ef0b01642549,5bdf1bc4a713c82941de44633df669b36c89850b652a25985166796d25cf71a0,c32b1f46aba3efdc8534443987638ea6872bbaabbf49a4b22b4dd522a54a4fb1,b4329a9364407b8bbff94e259f897fac8406d95e42d31023040f34ebb8c03d11,29d28a83cd422bd6e33486ea936ace1d93dbd286b8defe2a3b8e7bfe3b5fdeda,97.78300505490807,stable,within_run_target_critic,691383ebddf4584820dd32008aa09a4249823591558f372aebf8c715ddd9bd04,0.99,0.11751302083333333,0.14029947916666666,4096,1.262582636268175,0.4364291649113875,251.88500377480472,251.66092244108168,243.62000348775678,243.38586363948676,242.94003884113044,242.70353394388803,True,0.0,0.0,1.3035334681211257,0.45113600603188386,-0.040950831852950786,0.9685847484131144,True,raw/hopper-medium-v2/hopper-medium-v2_tau7_mpi3_seed0.npz,b16ffa6e7afc036e39e73fe154f1057e27e4c51f02828c82dd47bd73bd3781f5
p3|hopper-medium-v2|7|0,p3,hopper-medium-v2,7.0,0,1000000,db0b99753014c7939a7afbed316f6f190c0b8f9d374cd2518724c4c81790779d,e3545c8ea3bbaa56502d710af5144d64e0660ee085b92b64819c65db2191b175,9615ef6b534402c4820a3561287c54f2e7a9ff55393b68b3a2a6ef0b01642549,5bdf1bc4a713c82941de44633df669b36c89850b652a25985166796d25cf71a0,c32b1f46aba3efdc8534443987638ea6872bbaabbf49a4b22b4dd522a54a4fb1,b4329a9364407b8bbff94e259f897fac8406d95e42d31023040f34ebb8c03d11,29d28a83cd422bd6e33486ea936ace1d93dbd286b8defe2a3b8e7bfe3b5fdeda,97.78300505490807,stable,common_td3_target_critic,f14096f02073e4492926ef06f5c4d6041426c4d4d03ad8521f846c4b2fd7c1eb,0.99,0.11751302083333333,0.14029947916666666,4096,29986576011.298443,19817379655.239372,517840328502.0724,517904339139.59595,449687039431.27094,449430083398.6272,454229332755.71875,453969781207.59375,True,0.0,0.0,30696690997.933243,20734857939.216095,-710114986.6348,0.9768667252544383,True,raw/hopper-medium-v2/hopper-medium-v2_tau7_mpi3_seed0.npz,b16ffa6e7afc036e39e73fe154f1057e27e4c51f02828c82dd47bd73bd3781f5
p4|hopper-medium-v2|7|0,p4,hopper-medium-v2,7.0,0,1000000,d7fc2be45693dc63c94c309789a18c04a7456a1678a52bf9dd4527c022750c5c,74f6f41e70ed771888455ba1162aa83842431f6cf0436d562780a2672b9ec1ee,3401a61f41b2170b775a22d97c9ed22921e98738e285c09656f2a91e4e6e846f,5bdf1bc4a713c82941de44633df669b36c89850b652a25985166796d25cf71a0,c32b1f46aba3efdc8534443987638ea6872bbaabbf49a4b22b4dd522a54a4fb1,b4329a9364407b8bbff94e259f897fac8406d95e42d31023040f34ebb8c03d11,29d28a83cd422bd6e33486ea936ace1d93dbd286b8defe2a3b8e7bfe3b5fdeda,83.86846770798115,stable,within_run_target_critic,1e0b2630097614dd9b58dfa67d4687fec798219ab046b790785902af2f6e0e88,0.99,0.11848958333333333,0.14029947916666666,4096,1.0779799386194082,0.4369918260723352,248.44086724356228,248.23563672659785,240.3240110538789,240.1083225154766,239.61075355438516,239.39288634387776,True,0.0,0.0,1.1150124006833537,0.44687471704557535,-0.037032462063945504,0.966787398919286,True,raw/hopper-medium-v2/hopper-medium-v2_tau7_mpi4_seed0.npz,17c383249cefa207f7fda8ef08f8d8dc24fafa9043a3451a8a3a9c4f1581f591
p4|hopper-medium-v2|7|0,p4,hopper-medium-v2,7.0,0,1000000,d7fc2be45693dc63c94c309789a18c04a7456a1678a52bf9dd4527c022750c5c,74f6f41e70ed771888455ba1162aa83842431f6cf0436d562780a2672b9ec1ee,3401a61f41b2170b775a22d97c9ed22921e98738e285c09656f2a91e4e6e846f,5bdf1bc4a713c82941de44633df669b36c89850b652a25985166796d25cf71a0,c32b1f46aba3efdc8534443987638ea6872bbaabbf49a4b22b4dd522a54a4fb1,b4329a9364407b8bbff94e259f897fac8406d95e42d31023040f34ebb8c03d11,29d28a83cd422bd6e33486ea936ace1d93dbd286b8defe2a3b8e7bfe3b5fdeda,83.86846770798115,stable,common_td3_target_critic,f14096f02073e4492926ef06f5c4d6041426c4d4d03ad8521f846c4b2fd7c1eb,0.99,0.11848958333333333,0.14029947916666666,4096,29899873903.045547,19708836638.99906,517997629791.18695,517904339139.59595,449914642155.5725,449430083398.6272,454459234497.4375,453969781207.59375,True,0.0,0.0,30608568768.09095,20651079520.154533,-708694865.0454025,0.9768465206454146,True,raw/hopper-medium-v2/hopper-medium-v2_tau7_mpi4_seed0.npz,17c383249cefa207f7fda8ef08f8d8dc24fafa9043a3451a8a3a9c4f1581f591
td3|hopper-medium-v2|7|1,td3,hopper-medium-v2,7.0,1,1000000,3aab8c26161055ea828a58ff3ed8d3b3d74bfbcfd727c611f14adc9f2d47b423,df80a904bbeb3ba9f3efa4fe5b9af616123a95a8cd8cc9df8bcba463b9adce3f,1d7ddcc4942a2c5ff217e1a8bcbd250c0f85306df3df11a240f505da44393c52,5bdf1bc4a713c82941de44633df669b36c89850b652a25985166796d25cf71a0,c32b1f46aba3efdc8534443987638ea6872bbaabbf49a4b22b4dd522a54a4fb1,b4329a9364407b8bbff94e259f897fac8406d95e42d31023040f34ebb8c03d11,29d28a83cd422bd6e33486ea936ace1d93dbd286b8defe2a3b8e7bfe3b5fdeda,95.5916054262881,stable,within_run_target_critic,3ab94e5ec637b1ffbfd4c66d673d82c0e7033c7c0c925281fcf23b3f0dbc2d7c,0.99,0.11531575520833333,0.14029947916666666,4096,1.8602412999180271,0.5207044197292998,265.8462098093497,265.47932593599967,257.0279097685724,256.63560255994037,256.483378518722,256.0871086110128,True,0.0,0.0,1.9383211253144588,0.5376724408334121,-0.07807982539643166,0.9597178071390186,True,raw/hopper-medium-v2/hopper-medium-v2_tau7_seed1.npz,a31e305c05fe86ea90c5062695bab7f5c453bf6d9c6703bf72909caf99d0fbce
td3|hopper-medium-v2|7|1,td3,hopper-medium-v2,7.0,1,1000000,3aab8c26161055ea828a58ff3ed8d3b3d74bfbcfd727c611f14adc9f2d47b423,df80a904bbeb3ba9f3efa4fe5b9af616123a95a8cd8cc9df8bcba463b9adce3f,1d7ddcc4942a2c5ff217e1a8bcbd250c0f85306df3df11a240f505da44393c52,5bdf1bc4a713c82941de44633df669b36c89850b652a25985166796d25cf71a0,c32b1f46aba3efdc8534443987638ea6872bbaabbf49a4b22b4dd522a54a4fb1,b4329a9364407b8bbff94e259f897fac8406d95e42d31023040f34ebb8c03d11,29d28a83cd422bd6e33486ea936ace1d93dbd286b8defe2a3b8e7bfe3b5fdeda,95.5916054262881,stable,common_td3_target_critic,3ab94e5ec637b1ffbfd4c66d673d82c0e7033c7c0c925281fcf23b3f0dbc2d7c,0.99,0.11531575520833333,0.14029947916666666,4096,1.8602412999180271,0.5207044197292998,265.8462098093497,265.47932593599967,257.0279097685724,256.63560255994037,256.483378518722,256.0871086110128,True,0.0,0.0,1.9383211253144588,0.5376724408334121,-0.07807982539643166,0.9597178071390186,True,raw/hopper-medium-v2/hopper-medium-v2_tau7_seed1.npz,a31e305c05fe86ea90c5062695bab7f5c453bf6d9c6703bf72909caf99d0fbce
p3|hopper-medium-v2|7|1,p3,hopper-medium-v2,7.0,1,1000000,244370b47daea9402eeef019e0f9fc0b3961283fcb54a9883c801d9962d32410,ee3b389cea8263454565ade54f713de45a6d2d822fef9a8d28b0558ea67c2f53,3df4c5133eded829d290726e40c5a2b782f768aace8ca4c27fb129020d49a33c,5bdf1bc4a713c82941de44633df669b36c89850b652a25985166796d25cf71a0,c32b1f46aba3efdc8534443987638ea6872bbaabbf49a4b22b4dd522a54a4fb1,b4329a9364407b8bbff94e259f897fac8406d95e42d31023040f34ebb8c03d11,29d28a83cd422bd6e33486ea936ace1d93dbd286b8defe2a3b8e7bfe3b5fdeda,91.05273365328065,stable,within_run_target_critic,f8366aa4739e5c9ce8cfab79b00baf4cd2f766464169d0792c9cb4d53960ffed,0.99,0.119140625,0.14029947916666666,4096,1.2752078096700483,0.43558194976765663,250.87903104755,250.65456461414698,242.63202656942914,242.3980769683377,241.94208235797123,241.70576962959603,True,0.0,0.0,1.3167273283950567,0.4534725563612301,-0.041519518725008364,0.9684676410752285,True,raw/hopper-medium-v2/hopper-medium-v2_tau7_mpi3_seed1.npz,12c6e8d23a64fa185c5e1fc7ea3b329866fa2f5a41ceda3b7062668f49ff7467
p3|hopper-medium-v2|7|1,p3,hopper-medium-v2,7.0,1,1000000,244370b47daea9402eeef019e0f9fc0b3961283fcb54a9883c801d9962d32410,ee3b389cea8263454565ade54f713de45a6d2d822fef9a8d28b0558ea67c2f53,3df4c5133eded829d290726e40c5a2b782f768aace8ca4c27fb129020d49a33c,5bdf1bc4a713c82941de44633df669b36c89850b652a25985166796d25cf71a0,c32b1f46aba3efdc8534443987638ea6872bbaabbf49a4b22b4dd522a54a4fb1,b4329a9364407b8bbff94e259f897fac8406d95e42d31023040f34ebb8c03d11,29d28a83cd422bd6e33486ea936ace1d93dbd286b8defe2a3b8e7bfe3b5fdeda,91.05273365328065,stable,common_td3_target_critic,3ab94e5ec637b1ffbfd4c66d673d82c0e7033c7c0c925281fcf23b3f0dbc2d7c,0.99,0.119140625,0.14029947916666666,4096,1.0430612344059753,0.36257861502002925,265.6351338888813,265.47932593599967,256.79665178476307,256.63560255994037,256.2497845956823,256.0871086110128,True,0.0,0.0,1.073436103783337,0.3720159371383488,-0.03037486937736178,0.9717031416492279,True,raw/hopper-medium-v2/hopper-medium-v2_tau7_mpi3_seed1.npz,12c6e8d23a64fa185c5e1fc7ea3b329866fa2f5a41ceda3b7062668f49ff7467
p4|hopper-medium-v2|7|1,p4,hopper-medium-v2,7.0,1,1000000,003916d3883551651fece3a23e7c60a6d3e45e3e427c2516e70aa30fb29ed823,6c28bcbc4f7cc14239f09231222777295718fc107622ec0ffacae668647eec1e,aacc093cfc6328d703b57beff432f69b2e15c35dc3161f6557f33ea65eb03a10,5bdf1bc4a713c82941de44633df669b36c89850b652a25985166796d25cf71a0,c32b1f46aba3efdc8534443987638ea6872bbaabbf49a4b22b4dd522a54a4fb1,b4329a9364407b8bbff94e259f897fac8406d95e42d31023040f34ebb8c03d11,29d28a83cd422bd6e33486ea936ace1d93dbd286b8defe2a3b8e7bfe3b5fdeda,76.08704185232398,stable,within_run_target_critic,9875f7fe0fb691a34ce0f99370c2a1af58013319a841eef3e6b92c738b72041a,0.99,0.11808268229166667,0.14029947916666666,4096,1.0419407700777972,0.4252333246154012,247.1076543814819,246.90653908058374,239.07181566659244,238.86313656175682,238.34590972884325,238.13512275426183,True,0.0,0.0,1.062251162794292,0.43696304946905,-0.02031039271649493,0.9808798583349463,True,raw/hopper-medium-v2/hopper-medium-v2_tau7_mpi4_seed1.npz,e4ceb08453719e150cc8245f6b70e59d46ce3c73e847a00cf8575f91e70e2ce0
p4|hopper-medium-v2|7|1,p4,hopper-medium-v2,7.0,1,1000000,003916d3883551651fece3a23e7c60a6d3e45e3e427c2516e70aa30fb29ed823,6c28bcbc4f7cc14239f09231222777295718fc107622ec0ffacae668647eec1e,aacc093cfc6328d703b57beff432f69b2e15c35dc3161f6557f33ea65eb03a10,5bdf1bc4a713c82941de44633df669b36c89850b652a25985166796d25cf71a0,c32b1f46aba3efdc8534443987638ea6872bbaabbf49a4b22b4dd522a54a4fb1,b4329a9364407b8bbff94e259f897fac8406d95e42d31023040f34ebb8c03d11,29d28a83cd422bd6e33486ea936ace1d93dbd286b8defe2a3b8e7bfe3b5fdeda,76.08704185232398,stable,common_td3_target_critic,3ab94e5ec637b1ffbfd4c66d673d82c0e7033c7c0c925281fcf23b3f0dbc2d7c,0.99,0.11808268229166667,0.14029947916666666,4096,0.9118909519158338,0.3435207928810269,265.6122283491451,265.47932593599967,256.7721558961639,256.63560255994037,256.2250412738649,256.0871086110128,True,0.0,0.0,0.9390088940280751,0.3509744957881048,-0.027117942112241278,0.9711206759758012,True,raw/hopper-medium-v2/hopper-medium-v2_tau7_mpi4_seed1.npz,e4ceb08453719e150cc8245f6b70e59d46ce3c73e847a00cf8575f91e70e2ce0
td3|hopper-medium-v2|10|0,td3,hopper-medium-v2,10.0,0,1000000,b6dbb1478cf6865afc2d373f3e4ec5579dd30614693f13f893186fa968c4f461,7a5691c4a0ad0aa7406e217701205f078ab9c6daa7c0c5b234f0019ccf13b9a5,5d539aa92817b43243064f962201d7ac4e0e36810797000881cd2bd216b0eb4e,5bdf1bc4a713c82941de44633df669b36c89850b652a25985166796d25cf71a0,c32b1f46aba3efdc8534443987638ea6872bbaabbf49a4b22b4dd522a54a4fb1,b4329a9364407b8bbff94e259f897fac8406d95e42d31023040f34ebb8c03d11,29d28a83cd422bd6e33486ea936ace1d93dbd286b8defe2a3b8e7bfe3b5fdeda,0.8974431956529043,collapsed,within_run_target_critic,7ebd1df8cca4d1632822b139000ddfb18d2dbe543ce8d89f012359f864a68a62,0.99,0.3733723958333333,0.14029947916666666,4096,375000785113.3713,311229084032.46,1909794562915.691,1593628074393.395,1751415125762.7493,1440193161667.7295,1769106187636.0,1454740567338.0,True,0.0,0.0,408179506434.02313,345195017705.33997,-33178721320.651855,0.9187153671419935,True,raw/hopper-medium-v2/hopper-medium-v2_tau10_seed0.npz,3bb461547ec8151295f94026f2bc7670c5ee457f303a97462357b08eac129bf4
td3|hopper-medium-v2|10|0,td3,hopper-medium-v2,10.0,0,1000000,b6dbb1478cf6865afc2d373f3e4ec5579dd30614693f13f893186fa968c4f461,7a5691c4a0ad0aa7406e217701205f078ab9c6daa7c0c5b234f0019ccf13b9a5,5d539aa92817b43243064f962201d7ac4e0e36810797000881cd2bd216b0eb4e,5bdf1bc4a713c82941de44633df669b36c89850b652a25985166796d25cf71a0,c32b1f46aba3efdc8534443987638ea6872bbaabbf49a4b22b4dd522a54a4fb1,b4329a9364407b8bbff94e259f897fac8406d95e42d31023040f34ebb8c03d11,29d28a83cd422bd6e33486ea936ace1d93dbd286b8defe2a3b8e7bfe3b5fdeda,0.8974431956529043,collapsed,common_td3_target_critic,7ebd1df8cca4d1632822b139000ddfb18d2dbe543ce8d89f012359f864a68a62,0.99,0.3733723958333333,0.14029947916666666,4096,375000785113.3713,311229084032.46,1909794562915.691,1593628074393.395,1751415125762.7493,1440193161667.7295,1769106187636.0,1454740567338.0,True,0.0,0.0,408179506434.02313,345195017705.33997,-33178721320.651855,0.9187153671419935,True,raw/hopper-medium-v2/hopper-medium-v2_tau10_seed0.npz,3bb461547ec8151295f94026f2bc7670c5ee457f303a97462357b08eac129bf4
p3|hopper-medium-v2|10|0,p3,hopper-medium-v2,10.0,0,1000000,0bf9de2508aeb932b90effc318894702a2496ee81e74d63c795bd50f56b1b409,1b1178c9bc1da632833e6088aace260cc7d1a6e85c6f5aa29ac0dd18db710553,cbad190d3dca2cb5c8bfad88cf2e1c6a50aa9353f4c76979869412a9fc9d90c5,5bdf1bc4a713c82941de44633df669b36c89850b652a25985166796d25cf71a0,c32b1f46aba3efdc8534443987638ea6872bbaabbf49a4b22b4dd522a54a4fb1,b4329a9364407b8bbff94e259f897fac8406d95e42d31023040f34ebb8c03d11,29d28a83cd422bd6e33486ea936ace1d93dbd286b8defe2a3b8e7bfe3b5fdeda,101.68562558904912,stable,within_run_target_critic,b03e98968fd8aba763aa8a84946ef9d0c68094706fcd026312b1456685301702,0.99,0.116943359375,0.14029947916666666,4096,1.3575558324368928,0.4316321985202376,255.11091382915143,254.86837192947965,246.76240851518756,246.50688925577967,246.11418533348478,245.85608507145662,True,0.0,0.0,1.4337758371933327,0.4545049839938292,-0.07622000475643986,0.9468396643469433,True,raw/hopper-medium-v2/hopper-medium-v2_tau10_mpi3_seed0.npz,ebb79001ce0a59a9cfa0000a2d90581d284ec8f409cb96ef499c29a8a75fe176
p3|hopper-medium-v2|10|0,p3,hopper-medium-v2,10.0,0,1000000,0bf9de2508aeb932b90effc318894702a2496ee81e74d63c795bd50f56b1b409,1b1178c9bc1da632833e6088aace260cc7d1a6e85c6f5aa29ac0dd18db710553,cbad190d3dca2cb5c8bfad88cf2e1c6a50aa9353f4c76979869412a9fc9d90c5,5bdf1bc4a713c82941de44633df669b36c89850b652a25985166796d25cf71a0,c32b1f46aba3efdc8534443987638ea6872bbaabbf49a4b22b4dd522a54a4fb1,b4329a9364407b8bbff94e259f897fac8406d95e42d31023040f34ebb8c03d11,29d28a83cd422bd6e33486ea936ace1d93dbd286b8defe2a3b8e7bfe3b5fdeda,101.68562558904912,stable,common_td3_target_critic,7ebd1df8cca4d1632822b139000ddfb18d2dbe543ce8d89f012359f864a68a62,0.99,0.116943359375,0.14029947916666666,4096,82192240734.03778,55919991988.08,1593473775737.6006,1593628074393.395,1440372195414.0493,1440193161667.7295,1454921409506.0,1454740567338.0,True,0.0,0.0,84014575471.42859,58410012893.759995,-1822334737.390808,0.9783093025565481,True,raw/hopper-medium-v2/hopper-medium-v2_tau10_mpi3_seed0.npz,ebb79001ce0a59a9cfa0000a2d90581d284ec8f409cb96ef499c29a8a75fe176
p4|hopper-medium-v2|10|0,p4,hopper-medium-v2,10.0,0,1000000,fa6fdcb190be9ace5d1cd713e158aac0a3e3d9a04d54a3f81608d62dbf029686,30ad4678b21657dcc4ef3b7d960b59d84bafdd0d51a484b34f6777f13b23558b,32557fcdf78af75efaf9de56ed2bc307b6449cd9f3536ac097efb2892bf2f9e6,5bdf1bc4a713c82941de44633df669b36c89850b652a25985166796d25cf71a0,c32b1f46aba3efdc8534443987638ea6872bbaabbf49a4b22b4dd522a54a4fb1,b4329a9364407b8bbff94e259f897fac8406d95e42d31023040f34ebb8c03d11,29d28a83cd422bd6e33486ea936ace1d93dbd286b8defe2a3b8e7bfe3b5fdeda,98.90420918117341,stable,within_run_target_critic,ef4827abad68c81187b49bef26b2fede3fab80e26648181f826c51c043d4d69d,0.99,0.11751302083333333,0.14029947916666666,4096,1.3066306266431313,0.4351720997854136,252.73014416891274,252.49920622083482,244.42170791732613,244.1791157396673,243.7498412952409,243.50479869154515,True,0.0,0.0,1.3591309362630424,0.44835766904521734,-0.052500309619911034,0.9613721472897514,True,raw/hopper-medium-v2/hopper-medium-v2_tau10_mpi4_seed0.npz,b3e3433ae0154e02606d897e4bd0429fff3084f870fe0c10f3cd62d0808230d4
p4|hopper-medium-v2|10|0,p4,hopper-medium-v2,10.0,0,1000000,fa6fdcb190be9ace5d1cd713e158aac0a3e3d9a04d54a3f81608d62dbf029686,30ad4678b21657dcc4ef3b7d960b59d84bafdd0d51a484b34f6777f13b23558b,32557fcdf78af75efaf9de56ed2bc307b6449cd9f3536ac097efb2892bf2f9e6,5bdf1bc4a713c82941de44633df669b36c89850b652a25985166796d25cf71a0,c32b1f46aba3efdc8534443987638ea6872bbaabbf49a4b22b4dd522a54a4fb1,b4329a9364407b8bbff94e259f897fac8406d95e42d31023040f34ebb8c03d11,29d28a83cd422bd6e33486ea936ace1d93dbd286b8defe2a3b8e7bfe3b5fdeda,98.90420918117341,stable,common_td3_target_critic,7ebd1df8cca4d1632822b139000ddfb18d2dbe543ce8d89f012359f864a68a62,0.99,0.11751302083333333,0.14029947916666666,4096,82070732073.4073,55886665691.34,1593941699545.6775,1593628074393.395,1440842296009.1895,1440193161667.7295,1455396258592.0,1454740567338.0,True,0.0,0.0,83928758935.20633,58423715448.12,-1858026861.7990265,0.9778618570634002,True,raw/hopper-medium-v2/hopper-medium-v2_tau10_mpi4_seed0.npz,b3e3433ae0154e02606d897e4bd0429fff3084f870fe0c10f3cd62d0808230d4
td3|hopper-medium-v2|10|1,td3,hopper-medium-v2,10.0,1,1000000,575c43bde7108fff235260c4b0566a28e814186468168127994728504cf0297c,9be2d8f99f4ff9b74a7c005dbfd1d6e040a364f79a431810c03b7eb513f079da,e1a8e2ca4bb49463d00abef0be96918cfe293702f9ec0056e697a22129e34b85,5bdf1bc4a713c82941de44633df669b36c89850b652a25985166796d25cf71a0,c32b1f46aba3efdc8534443987638ea6872bbaabbf49a4b22b4dd522a54a4fb1,b4329a9364407b8bbff94e259f897fac8406d95e42d31023040f34ebb8c03d11,29d28a83cd422bd6e33486ea936ace1d93dbd286b8defe2a3b8e7bfe3b5fdeda,0.5914053822071555,collapsed,within_run_target_critic,2195b5bd8022184ceda94c6dd6c5563a304baeef90447b9871dbaff9fd0e3ff4,0.99,0.415283203125,0.14029947916666666,4096,78766710861.26042,65562346185.93,386490958575.7632,323447638837.4064,366467721405.52936,300910538988.31934,370169415558.0,303950039379.0,True,0.0,0.0,85914651737.71954,72841052499.93,-7147940876.459122,0.9168018407584265,True,raw/hopper-medium-v2/hopper-medium-v2_tau10_seed1.npz,cbb5cce0d8a8945456f1b206e791fda7755d9636d5323a50e6d1d77e8deeedb2
td3|hopper-medium-v2|10|1,td3,hopper-medium-v2,10.0,1,1000000,575c43bde7108fff235260c4b0566a28e814186468168127994728504cf0297c,9be2d8f99f4ff9b74a7c005dbfd1d6e040a364f79a431810c03b7eb513f079da,e1a8e2ca4bb49463d00abef0be96918cfe293702f9ec0056e697a22129e34b85,5bdf1bc4a713c82941de44633df669b36c89850b652a25985166796d25cf71a0,c32b1f46aba3efdc8534443987638ea6872bbaabbf49a4b22b4dd522a54a4fb1,b4329a9364407b8bbff94e259f897fac8406d95e42d31023040f34ebb8c03d11,29d28a83cd422bd6e33486ea936ace1d93dbd286b8defe2a3b8e7bfe3b5fdeda,0.5914053822071555,collapsed,common_td3_target_critic,2195b5bd8022184ceda94c6dd6c5563a304baeef90447b9871dbaff9fd0e3ff4,0.99,0.415283203125,0.14029947916666666,4096,78766710861.26042,65562346185.93,386490958575.7632,323447638837.4064,366467721405.52936,300910538988.31934,370169415558.0,303950039379.0,True,0.0,0.0,85914651737.71954,72841052499.93,-7147940876.459122,0.9168018407584265,True,raw/hopper-medium-v2/hopper-medium-v2_tau10_seed1.npz,cbb5cce0d8a8945456f1b206e791fda7755d9636d5323a50e6d1d77e8deeedb2
p3|hopper-medium-v2|10|1,p3,hopper-medium-v2,10.0,1,1000000,9b2559866c906571ce7687b9f35eb6fb28418562af247583e7da82da86767fa5,f26ada3735dfc0d30887e51e4856f2a960a61b85da0caafd87595b9f24e8563f,1f326551b3291e76dcda88fa6af14466e99880239ad88e3c20b55ed5c4b344f9,5bdf1bc4a713c82941de44633df669b36c89850b652a25985166796d25cf71a0,c32b1f46aba3efdc8534443987638ea6872bbaabbf49a4b22b4dd522a54a4fb1,b4329a9364407b8bbff94e259f897fac8406d95e42d31023040f34ebb8c03d11,29d28a83cd422bd6e33486ea936ace1d93dbd286b8defe2a3b8e7bfe3b5fdeda,97.38393610753971,stable,within_run_target_critic,7b1464a547cf2951f3f5e2a792e58a9fd695eeb598e0f7ec280ccb01d5488eb7,0.99,0.118408203125,0.14029947916666666,4096,1.4403792202317256,0.430559462137171,256.03073390160665,255.7786730373339,247.62514547752914,247.35639326449598,246.9856368105975,246.71416992874583,True,0.0,0.0,1.4687197545505843,0.4449186154626659,-0.028340534318858746,0.9807039197021418,True,raw/hopper-medium-v2/hopper-medium-v2_tau10_mpi3_seed1.npz,7245085ba76f910bbf4419837ebe250cecebc1bcfaeec73df34e13169fe34ace
p3|hopper-medium-v2|10|1,p3,hopper-medium-v2,10.0,1,1000000,9b2559866c906571ce7687b9f35eb6fb28418562af247583e7da82da86767fa5,f26ada3735dfc0d30887e51e4856f2a960a61b85da0caafd87595b9f24e8563f,1f326551b3291e76dcda88fa6af14466e99880239ad88e3c20b55ed5c4b344f9,5bdf1bc4a713c82941de44633df669b36c89850b652a25985166796d25cf71a0,c32b1f46aba3efdc8534443987638ea6872bbaabbf49a4b22b4dd522a54a4fb1,b4329a9364407b8bbff94e259f897fac8406d95e42d31023040f34ebb8c03d11,29d28a83cd422bd6e33486ea936ace1d93dbd286b8defe2a3b8e7bfe3b5fdeda,97.38393610753971,stable,common_td3_target_critic,2195b5bd8022184ceda94c6dd6c5563a304baeef90447b9871dbaff9fd0e3ff4,0.99,0.118408203125,0.14029947916666666,4096,15878446458.913301,10998764597.7,322942839825.51715,323447638837.4064,300594587354.95935,300910538988.31934,303630896315.0,303950039379.0,True,0.0,0.0,16297659481.451086,11539419580.259998,-419213022.5377846,0.9742777161950827,True,raw/hopper-medium-v2/hopper-medium-v2_tau10_mpi3_seed1.npz,7245085ba76f910bbf4419837ebe250cecebc1bcfaeec73df34e13169fe34ace
p4|hopper-medium-v2|10|1,p4,hopper-medium-v2,10.0,1,1000000,92123ebfbd9cbda7ccfc09e014de176b5717e0474db0d9d95f0281ed708d1624,2571bf0994c276edf543088f2276cb17b4a72169cd693941b57a6b6baf401060,7dbeeb3454f93ed9bcad2ee7bc9697f798ba8d57a3f3880361dba1c97776197a,5bdf1bc4a713c82941de44633df669b36c89850b652a25985166796d25cf71a0,c32b1f46aba3efdc8534443987638ea6872bbaabbf49a4b22b4dd522a54a4fb1,b4329a9364407b8bbff94e259f897fac8406d95e42d31023040f34ebb8c03d11,29d28a83cd422bd6e33486ea936ace1d93dbd286b8defe2a3b8e7bfe3b5fdeda,100.77754799476534,stable,within_run_target_critic,77dd24bb210ed850f201e828ade265ab6e2a76a2023607ba481fa78e2fe1fa9a,0.99,0.117919921875,0.14029947916666666,4096,1.227139575681874,0.4292143586603925,251.65156176014474,251.43228350885832,243.3904227013327,243.16084928530734,242.70813905686373,242.47624671744416,True,0.0,0.0,1.2696738174730762,0.4452505694562569,-0.04253424179120224,0.9664998669690972,True,raw/hopper-medium-v2/hopper-medium-v2_tau10_mpi4_seed1.npz,f4a64eba88980080bd3bd764d2460aac1fcdecf95b5b3e5d56ac6189fa981d88
p4|hopper-medium-v2|10|1,p4,hopper-medium-v2,10.0,1,1000000,92123ebfbd9cbda7ccfc09e014de176b5717e0474db0d9d95f0281ed708d1624,2571bf0994c276edf543088f2276cb17b4a72169cd693941b57a6b6baf401060,7dbeeb3454f93ed9bcad2ee7bc9697f798ba8d57a3f3880361dba1c97776197a,5bdf1bc4a713c82941de44633df669b36c89850b652a25985166796d25cf71a0,c32b1f46aba3efdc8534443987638ea6872bbaabbf49a4b22b4dd522a54a4fb1,b4329a9364407b8bbff94e259f897fac8406d95e42d31023040f34ebb8c03d11,29d28a83cd422bd6e33486ea936ace1d93dbd286b8defe2a3b8e7bfe3b5fdeda,100.77754799476534,stable,common_td3_target_critic,2195b5bd8022184ceda94c6dd6c5563a304baeef90447b9871dbaff9fd0e3ff4,0.99,0.117919921875,0.14029947916666666,4096,15836906057.53535,11002055119.11,323131812199.5836,323447638837.4064,300797267204.7494,300910538988.31934,303835623436.0,303950039379.0,True,0.0,0.0,16243285294.454538,11543742017.279999,-406379236.91918755,0.9749817090845578,True,raw/hopper-medium-v2/hopper-medium-v2_tau10_mpi4_seed1.npz,f4a64eba88980080bd3bd764d2460aac1fcdecf95b5b3e5d56ac6189fa981d88
td3|hopper-medium-v2|14|0,td3,hopper-medium-v2,14.0,0,1000000,8e1f43b5c7812d34b3a1978560c6425c685cbe780b7ac8edbb87e701a3be796c,79feafdcf53493bdbdca66aeece8299e2a45e0dae7cfafb1c20efeaacf6f0d40,18ba05ef9823bd5ad84ff8d07155c085ce90a0fb0ffb082f53770a757da7472c,5bdf1bc4a713c82941de44633df669b36c89850b652a25985166796d25cf71a0,c32b1f46aba3efdc8534443987638ea6872bbaabbf49a4b22b4dd522a54a4fb1,b4329a9364407b8bbff94e259f897fac8406d95e42d31023040f34ebb8c03d11,29d28a83cd422bd6e33486ea936ace1d93dbd286b8defe2a3b8e7bfe3b5fdeda,0.7400714974097887,collapsed,within_run_target_critic,6a9ee73f924d64118b701d2efb978eded1f7c34350ebfd8cc478c39999e10f69,0.99,0.452880859375,0.14029947916666666,4096,294487664054.38824,245254216117.68,1494067756011.012,1244249167364.9734,1375834601072.3894,1130619894429.1094,1389731920272.0,1142040297400.0,True,0.0,0.0,320940315041.82764,272602764842.76,-26452650987.439392,0.9175776624261373,True,raw/hopper-medium-v2/hopper-medium-v2_tau14_seed0.npz,5cde4097f563373149957c713cd29a1264adaaa39bd052821373e43ce3e307bd
td3|hopper-medium-v2|14|0,td3,hopper-medium-v2,14.0,0,1000000,8e1f43b5c7812d34b3a1978560c6425c685cbe780b7ac8edbb87e701a3be796c,79feafdcf53493bdbdca66aeece8299e2a45e0dae7cfafb1c20efeaacf6f0d40,18ba05ef9823bd5ad84ff8d07155c085ce90a0fb0ffb082f53770a757da7472c,5bdf1bc4a713c82941de44633df669b36c89850b652a25985166796d25cf71a0,c32b1f46aba3efdc8534443987638ea6872bbaabbf49a4b22b4dd522a54a4fb1,b4329a9364407b8bbff94e259f897fac8406d95e42d31023040f34ebb8c03d11,29d28a83cd422bd6e33486ea936ace1d93dbd286b8defe2a3b8e7bfe3b5fdeda,0.7400714974097887,collapsed,common_td3_target_critic,6a9ee73f924d64118b701d2efb978eded1f7c34350ebfd8cc478c39999e10f69,0.99,0.452880859375,0.14029947916666666,4096,294487664054.38824,245254216117.68,1494067756011.012,1244249167364.9734,1375834601072.3894,1130619894429.1094,1389731920272.0,1142040297400.0,True,0.0,0.0,320940315041.82764,272602764842.76,-26452650987.439392,0.9175776624261373,True,raw/hopper-medium-v2/hopper-medium-v2_tau14_seed0.npz,5cde4097f563373149957c713cd29a1264adaaa39bd052821373e43ce3e307bd
p3|hopper-medium-v2|14|0,p3,hopper-medium-v2,14.0,0,1000000,3f751228eba16601ce1a3a6583ee429da0a61e559412d2c469d54df30aa91ebd,e7a5c443fc1e1e5edfa1323556d547a9e63ad74384ec8f4ad3e3faf1700da4e1,2a9a7574e8332b8c991969f99b3ba91f145ff3ea8e27d92b41d2b6c0d7b8d7d3,5bdf1bc4a713c82941de44633df669b36c89850b652a25985166796d25cf71a0,c32b1f46aba3efdc8534443987638ea6872bbaabbf49a4b22b4dd522a54a4fb1,b4329a9364407b8bbff94e259f897fac8406d95e42d31023040f34ebb8c03d11,29d28a83cd422bd6e33486ea936ace1d93dbd286b8defe2a3b8e7bfe3b5fdeda,89.85745474521019,stable,within_run_target_critic,3b87428b1a85a61a5213c6281e8caf70196bc9e175f81769fd50f192712b69bb,0.99,0.11710611979166667,0.14029947916666666,4096,1.5969790495631477,0.44301189998514023,260.40419759144015,260.1223156337149,251.6070420371991,251.30955380404424,251.0077545476379,250.707261382835,True,0.0,0.0,1.6611970481623732,0.4683216549956705,-0.0642179985992255,0.9613423352333405,True,raw/hopper-medium-v2/hopper-medium-v2_tau14_mpi3_seed0.npz,0209597a9eb5bd00e0990bf82e446ffb8e2c83cb84bfbd595d27713f2d5256c2
p3|hopper-medium-v2|14|0,p3,hopper-medium-v2,14.0,0,1000000,3f751228eba16601ce1a3a6583ee429da0a61e559412d2c469d54df30aa91ebd,e7a5c443fc1e1e5edfa1323556d547a9e63ad74384ec8f4ad3e3faf1700da4e1,2a9a7574e8332b8c991969f99b3ba91f145ff3ea8e27d92b41d2b6c0d7b8d7d3,5bdf1bc4a713c82941de44633df669b36c89850b652a25985166796d25cf71a0,c32b1f46aba3efdc8534443987638ea6872bbaabbf49a4b22b4dd522a54a4fb1,b4329a9364407b8bbff94e259f897fac8406d95e42d31023040f34ebb8c03d11,29d28a83cd422bd6e33486ea936ace1d93dbd286b8defe2a3b8e7bfe3b5fdeda,89.85745474521019,stable,common_td3_target_critic,6a9ee73f924d64118b701d2efb978eded1f7c34350ebfd8cc478c39999e10f69,0.99,0.11710611979166667,0.14029947916666666,4096,66056727012.93311,44958731671.26,1244674945485.6409,1244249167364.9734,1131393765705.5293,1130619894429.1094,1142821985558.0,1142040297400.0,True,0.0,0.0,67416616196.65898,46950084082.44,-1359889183.7258682,0.9798285754989693,True,raw/hopper-medium-v2/hopper-medium-v2_tau14_mpi3_seed0.npz,0209597a9eb5bd00e0990bf82e446ffb8e2c83cb84bfbd595d27713f2d5256c2
p4|hopper-medium-v2|14|0,p4,hopper-medium-v2,14.0,0,1000000,21ec9273fd61a904bcfaf4e2f274a2e2119b0e63169fc9cacbd6edd7a4f2d8f4,2c8fe6a08f6debf9971bb94c451d0838ddcfe5f0879f13b664e79e9bf5effbc4,6c6f79e71f05518d4caa93e5045183e385eebc953dc532e4cad93b5efc88b34b,5bdf1bc4a713c82941de44633df669b36c89850b652a25985166796d25cf71a0,c32b1f46aba3efdc8534443987638ea6872bbaabbf49a4b22b4dd522a54a4fb1,b4329a9364407b8bbff94e259f897fac8406d95e42d31023040f34ebb8c03d11,29d28a83cd422bd6e33486ea936ace1d93dbd286b8defe2a3b8e7bfe3b5fdeda,100.83257397558097,stable,within_run_target_critic,01f50af0b98c79194bdfdbe74aa644209153d8a7c69fcfd9092f575224fdf4fa,0.99,0.117919921875,0.14029947916666666,4096,1.5244609718689843,0.43562518439954145,257.71749504678314,257.4639175169217,249.24675239840056,248.97558278530602,248.6236235993565,248.34971489926102,True,0.0,0.0,1.5637759801447972,0.4565027971356176,-0.03931500827581291,0.9748589255910092,True,raw/hopper-medium-v2/hopper-medium-v2_tau14_mpi4_seed0.npz,ddd9acbdc8a004b6c8a1fe2acda85bfa2c7e8ad4e0243c2ab9dfc8229211625e
p4|hopper-medium-v2|14|0,p4,hopper-medium-v2,14.0,0,1000000,21ec9273fd61a904bcfaf4e2f274a2e2119b0e63169fc9cacbd6edd7a4f2d8f4,2c8fe6a08f6debf9971bb94c451d0838ddcfe5f0879f13b664e79e9bf5effbc4,6c6f79e71f05518d4caa93e5045183e385eebc953dc532e4cad93b5efc88b34b,5bdf1bc4a713c82941de44633df669b36c89850b652a25985166796d25cf71a0,c32b1f46aba3efdc8534443987638ea6872bbaabbf49a4b22b4dd522a54a4fb1,b4329a9364407b8bbff94e259f897fac8406d95e42d31023040f34ebb8c03d11,29d28a83cd422bd6e33486ea936ace1d93dbd286b8defe2a3b8e7bfe3b5fdeda,100.83257397558097,stable,common_td3_target_critic,6a9ee73f924d64118b701d2efb978eded1f7c34350ebfd8cc478c39999e10f69,0.99,0.117919921875,0.14029947916666666,4096,65933825091.258095,44552203411.32,1244252010920.1626,1244249167364.9734,1130855605612.0693,1130619894429.1094,1142278389504.0,1142040297400.0,True,0.0,0.0,67315788987.56085,46512838314.36,-1381963896.3027573,0.9794704345431036,True,raw/hopper-medium-v2/hopper-medium-v2_tau14_mpi4_seed0.npz,ddd9acbdc8a004b6c8a1fe2acda85bfa2c7e8ad4e0243c2ab9dfc8229211625e
td3|hopper-medium-v2|14|1,td3,hopper-medium-v2,14.0,1,1000000,7f0209ab273df705028a2a19d60fb776a73bcdbc62e274961c12f5c9350fc6f4,58c86ee0e814b882e7a69f40e6cadbe9ab36f963096b490260b2407a8e48d293,9fa384316d8f63b1f2ed7089770988e9e3fa08d02a29cdb210d1f2c1d005236c,5bdf1bc4a713c82941de44633df669b36c89850b652a25985166796d25cf71a0,c32b1f46aba3efdc8534443987638ea6872bbaabbf49a4b22b4dd522a54a4fb1,b4329a9364407b8bbff94e259f897fac8406d95e42d31023040f34ebb8c03d11,29d28a83cd422bd6e33486ea936ace1d93dbd286b8defe2a3b8e7bfe3b5fdeda,0.5688034993846096,collapsed,within_run_target_critic,2d932c4510a07d36bcd1d9ccd6a140fe796307a4776bb1ff88be09dab531ec5c,0.99,0.4292805989583333,0.14029947916666666,4096,232380910521.01392,193293185259.24,1135787180560.4924,939947209422.4365,1051948404341.1494,858655234478.3894,1062574145796.0,867328519672.0,True,0.0,0.0,253262071148.1585,214810895872.97998,-20881160627.144592,0.9175511732472207,True,raw/hopper-medium-v2/hopper-medium-v2_tau14_seed1.npz,51a3e123134b840017395e84a76a6a99d44839e827ab82aaeb60ae369af49edf
td3|hopper-medium-v2|14|1,td3,hopper-medium-v2,14.0,1,1000000,7f0209ab273df705028a2a19d60fb776a73bcdbc62e274961c12f5c9350fc6f4,58c86ee0e814b882e7a69f40e6cadbe9ab36f963096b490260b2407a8e48d293,9fa384316d8f63b1f2ed7089770988e9e3fa08d02a29cdb210d1f2c1d005236c,5bdf1bc4a713c82941de44633df669b36c89850b652a25985166796d25cf71a0,c32b1f46aba3efdc8534443987638ea6872bbaabbf49a4b22b4dd522a54a4fb1,b4329a9364407b8bbff94e259f897fac8406d95e42d31023040f34ebb8c03d11,29d28a83cd422bd6e33486ea936ace1d93dbd286b8defe2a3b8e7bfe3b5fdeda,0.5688034993846096,collapsed,common_td3_target_critic,2d932c4510a07d36bcd1d9ccd6a140fe796307a4776bb1ff88be09dab531ec5c,0.99,0.4292805989583333,0.14029947916666666,4096,232380910521.01392,193293185259.24,1135787180560.4924,939947209422.4365,1051948404341.1494,858655234478.3894,1062574145796.0,867328519672.0,True,0.0,0.0,253262071148.1585,214810895872.97998,-20881160627.144592,0.9175511732472207,True,raw/hopper-medium-v2/hopper-medium-v2_tau14_seed1.npz,51a3e123134b840017395e84a76a6a99d44839e827ab82aaeb60ae369af49edf
p3|hopper-medium-v2|14|1,p3,hopper-medium-v2,14.0,1,1000000,617abc32fa8ea33145eeb257ed5ccf50b6a39a13321f213cce224642a073aaa6,7ef61e0d7dfbb3303a5bf1fd6728aa2f0698a5cc92e9d66cc3a9a4afd6d71577,34325f679571684985400bd1d368d41b04a679b7f59abc9903ece2c86bd4d0f2,5bdf1bc4a713c82941de44633df669b36c89850b652a25985166796d25cf71a0,c32b1f46aba3efdc8534443987638ea6872bbaabbf49a4b22b4dd522a54a4fb1,b4329a9364407b8bbff94e259f897fac8406d95e42d31023040f34ebb8c03d11,29d28a83cd422bd6e33486ea936ace1d93dbd286b8defe2a3b8e7bfe3b5fdeda,86.41817407564847,stable,within_run_target_critic,ff8a2f49cabf23aa5e554db43c0e2d3525196e182e61f83598454e528d0d265d,0.99,0.118896484375,0.14029947916666666,4096,1.2886517483447724,0.4742403773765545,245.86212987040446,245.56926713498413,237.73634160979236,237.42932038752065,236.9969460351058,236.68689203340182,True,0.0,0.0,1.32081891309652,0.4875865698850248,-0.032167164751747634,0.975646044713022,True,raw/hopper-medium-v2/hopper-medium-v2_tau14_mpi3_seed1.npz,34c4522672b6565cb5122f5986943c83d679cfa91c3eade40d55911894aa3799
p3|hopper-medium-v2|14|1,p3,hopper-medium-v2,14.0,1,1000000,617abc32fa8ea33145eeb257ed5ccf50b6a39a13321f213cce224642a073aaa6,7ef61e0d7dfbb3303a5bf1fd6728aa2f0698a5cc92e9d66cc3a9a4afd6d71577,34325f679571684985400bd1d368d41b04a679b7f59abc9903ece2c86bd4d0f2,5bdf1bc4a713c82941de44633df669b36c89850b652a25985166796d25cf71a0,c32b1f46aba3efdc8534443987638ea6872bbaabbf49a4b22b4dd522a54a4fb1,b4329a9364407b8bbff94e259f897fac8406d95e42d31023040f34ebb8c03d11,29d28a83cd422bd6e33486ea936ace1d93dbd286b8defe2a3b8e7bfe3b5fdeda,86.41817407564847,stable,common_td3_target_critic,2d932c4510a07d36bcd1d9ccd6a140fe796307a4776bb1ff88be09dab531ec5c,0.99,0.118896484375,0.14029947916666666,4096,52386955761.90888,35844765372.899994,940234528456.9133,939947209422.4365,859137339722.4495,858655234478.3894,867815494666.0,867328519672.0,True,0.0,0.0,53657923927.07679,37631802962.16,-1270968165.1679077,0.9763135046578544,True,raw/hopper-medium-v2/hopper-medium-v2_tau14_mpi3_seed1.npz,34c4522672b6565cb5122f5986943c83d679cfa91c3eade40d55911894aa3799
p4|hopper-medium-v2|14|1,p4,hopper-medium-v2,14.0,1,1000000,49a6ae1e4e413a97bd58bb360425b76790f68195236fba9449118cdb93b9acbb,e7292cf9e1a2ec732c3d6cd3585b30ee574db34450b085c904ceec08516ba44d,0e231228ae6b34aeab5d13ac3678ca60f8b186a21414663082109620bfd37c26,5bdf1bc4a713c82941de44633df669b36c89850b652a25985166796d25cf71a0,c32b1f46aba3efdc8534443987638ea6872bbaabbf49a4b22b4dd522a54a4fb1,b4329a9364407b8bbff94e259f897fac8406d95e42d31023040f34ebb8c03d11,29d28a83cd422bd6e33486ea936ace1d93dbd286b8defe2a3b8e7bfe3b5fdeda,100.48106815641754,stable,within_run_target_critic,a90989f4e6eeb46f34a3e6ee78bedc4c4fe9788a0d5730feeb5f514db5640d0c,0.99,0.11759440104166667,0.14029947916666666,4096,1.4966591456116913,0.4248343152157031,256.63164831143274,256.38591993031577,248.14899736990802,247.88733271108356,247.51478013623273,247.25047240004642,True,0.0,0.0,1.5447507954078226,0.4444505375646986,-0.04809164979613123,0.9688676970168286,True,raw/hopper-medium-v2/hopper-medium-v2_tau14_mpi4_seed1.npz,d9acc5f4f4a583aed1920f57a25b13ba21c19989f4934947c3d8c0ab6643fdad
p4|hopper-medium-v2|14|1,p4,hopper-medium-v2,14.0,1,1000000,49a6ae1e4e413a97bd58bb360425b76790f68195236fba9449118cdb93b9acbb,e7292cf9e1a2ec732c3d6cd3585b30ee574db34450b085c904ceec08516ba44d,0e231228ae6b34aeab5d13ac3678ca60f8b186a21414663082109620bfd37c26,5bdf1bc4a713c82941de44633df669b36c89850b652a25985166796d25cf71a0,c32b1f46aba3efdc8534443987638ea6872bbaabbf49a4b22b4dd522a54a4fb1,b4329a9364407b8bbff94e259f897fac8406d95e42d31023040f34ebb8c03d11,29d28a83cd422bd6e33486ea936ace1d93dbd286b8defe2a3b8e7bfe3b5fdeda,100.48106815641754,stable,common_td3_target_critic,2d932c4510a07d36bcd1d9ccd6a140fe796307a4776bb1ff88be09dab531ec5c,0.99,0.11759440104166667,0.14029947916666666,4096,51354742634.24357,34859419844.03999,939630418814.8036,939947209422.4365,858724300093.9093,858655234478.3894,867398282920.0,867328519672.0,True,0.0,0.0,52539004149.84537,36489254291.82,-1184261515.601799,0.9774593840373489,True,raw/hopper-medium-v2/hopper-medium-v2_tau14_mpi4_seed1.npz,d9acc5f4f4a583aed1920f57a25b13ba21c19989f4934947c3d8c0ab6643fdad
td3|hopper-medium-v2|20|0,td3,hopper-medium-v2,20.0,0,1000000,d269e120d3684dc7da51964c7bb8330bb8847ac7e4b217458693f571956afa9f,adfc22df917b93b653d2ffff0e5ab30b2d50d1d76c6d0e2cc69540354789dfa2,b66b2fe746ba455cebaa0ec8eebade97cddf6c1fe94e996746495a99076417e8,5bdf1bc4a713c82941de44633df669b36c89850b652a25985166796d25cf71a0,c32b1f46aba3efdc8534443987638ea6872bbaabbf49a4b22b4dd522a54a4fb1,b4329a9364407b8bbff94e259f897fac8406d95e42d31023040f34ebb8c03d11,29d28a83cd422bd6e33486ea936ace1d93dbd286b8defe2a3b8e7bfe3b5fdeda,0.7326837906838056,collapsed,within_run_target_critic,854c2fc070cfc2020d1a5d3bae836e386e627d98f1bc1b2095689778833cc7fa,0.99,0.4762369791666667,0.14029947916666666,4096,334092751094.82794,278920700108.82,1703286921623.9663,1420054387742.7495,1565853980307.3494,1287096853447.4895,1581670687176.0,1300097831762.0,True,0.0,0.0,364371903193.76996,310154347918.80005,-30279152098.942017,0.9169004200556051,True,raw/hopper-medium-v2/hopper-medium-v2_tau20_seed0.npz,92841634fca932ebcf5f4aa7078b06322a890c8b621bb007eeb3eb9cc156477c
td3|hopper-medium-v2|20|0,td3,hopper-medium-v2,20.0,0,1000000,d269e120d3684dc7da51964c7bb8330bb8847ac7e4b217458693f571956afa9f,adfc22df917b93b653d2ffff0e5ab30b2d50d1d76c6d0e2cc69540354789dfa2,b66b2fe746ba455cebaa0ec8eebade97cddf6c1fe94e996746495a99076417e8,5bdf1bc4a713c82941de44633df669b36c89850b652a25985166796d25cf71a0,c32b1f46aba3efdc8534443987638ea6872bbaabbf49a4b22b4dd522a54a4fb1,b4329a9364407b8bbff94e259f897fac8406d95e42d31023040f34ebb8c03d11,29d28a83cd422bd6e33486ea936ace1d93dbd286b8defe2a3b8e7bfe3b5fdeda,0.7326837906838056,collapsed,common_td3_target_critic,854c2fc070cfc2020d1a5d3bae836e386e627d98f1bc1b2095689778833cc7fa,0.99,0.4762369791666667,0.14029947916666666,4096,334092751094.82794,278920700108.82,1703286921623.9663,1420054387742.7495,1565853980307.3494,1287096853447.4895,1581670687176.0,1300097831762.0,True,0.0,0.0,364371903193.76996,310154347918.80005,-30279152098.942017,0.9169004200556051,True,raw/hopper-medium-v2/hopper-medium-v2_tau20_seed0.npz,92841634fca932ebcf5f4aa7078b06322a890c8b621bb007eeb3eb9cc156477c
p3|hopper-medium-v2|20|0,p3,hopper-medium-v2,20.0,0,1000000,1c5430972a3a599fe8dae7b7b87eb50fa8db763513872db952383d6fb64d21da,7be14477c6e126878595faababb7037e5ae8eeca5387a12956870fca9df6e4b1,b7c2d4491f14970c80555d8e45b7fe3c7b708bbfb7ba9b3f4a5e982097c00dd4,5bdf1bc4a713c82941de44633df669b36c89850b652a25985166796d25cf71a0,c32b1f46aba3efdc8534443987638ea6872bbaabbf49a4b22b4dd522a54a4fb1,b4329a9364407b8bbff94e259f897fac8406d95e42d31023040f34ebb8c03d11,29d28a83cd422bd6e33486ea936ace1d93dbd286b8defe2a3b8e7bfe3b5fdeda,0.7326837906838056,collapsed,within_run_target_critic,679143eb7311ad0949be5345ed04f3d21b2874a08b7f3b254fd4ce76e3fb6c36,0.99,0.3684895833333333,0.14029947916666666,4096,148795755202.5959,116982067997.11346,685937639019.2975,561088293716.3811,585515809642.641,468599027950.03613,591430110747.2217,473332351461.7964,True,0.0,0.0,161405755981.0676,129363519442.46027,-12610000778.47171,0.9218739090076141,True,raw/hopper-medium-v2/hopper-medium-v2_tau20_mpi3_seed0.npz,786c94b9247ec980081863c8c219d1d7edbdefb272611fdc4773ce565af0e39d
p3|hopper-medium-v2|20|0,p3,hopper-medium-v2,20.0,0,1000000,1c5430972a3a599fe8dae7b7b87eb50fa8db763513872db952383d6fb64d21da,7be14477c6e126878595faababb7037e5ae8eeca5387a12956870fca9df6e4b1,b7c2d4491f14970c80555d8e45b7fe3c7b708bbfb7ba9b3f4a5e982097c00dd4,5bdf1bc4a713c82941de44633df669b36c89850b652a25985166796d25cf71a0,c32b1f46aba3efdc8534443987638ea6872bbaabbf49a4b22b4dd522a54a4fb1,b4329a9364407b8bbff94e259f897fac8406d95e42d31023040f34ebb8c03d11,29d28a83cd422bd6e33486ea936ace1d93dbd286b8defe2a3b8e7bfe3b5fdeda,0.7326837906838056,collapsed,common_td3_target_critic,854c2fc070cfc2020d1a5d3bae836e386e627d98f1bc1b2095689778833cc7fa,0.99,0.3684895833333333,0.14029947916666666,4096,318624508596.98096,251192150019.36002,1684012119022.5205,1420054387742.7495,1536670923295.0093,1287096853447.4895,1552192851810.0,1300097831762.0,True,0.0,0.0,346526955552.6087,278301589162.74,-27902446955.627747,0.9194797215381657,True,raw/hopper-medium-v2/hopper-medium-v2_tau20_mpi3_seed0.npz,786c94b9247ec980081863c8c219d1d7edbdefb272611fdc4773ce565af0e39d
p4|hopper-medium-v2|20|0,p4,hopper-medium-v2,20.0,0,1000000,b0b1baefa8d42fbf87fa81e389735f2d099cc9836cda385a4fd4853e9465431e,955768b946524f49fa409c9464ebff0f13a57022d9cc07ad7065dd766821024b,aeb2d1c435032009450912928ebc3b8d38e0ab2cf85f0a3b961d995055f9bd62,5bdf1bc4a713c82941de44633df669b36c89850b652a25985166796d25cf71a0,c32b1f46aba3efdc8534443987638ea6872bbaabbf49a4b22b4dd522a54a4fb1,b4329a9364407b8bbff94e259f897fac8406d95e42d31023040f34ebb8c03d11,29d28a83cd422bd6e33486ea936ace1d93dbd286b8defe2a3b8e7bfe3b5fdeda,99.72365274673382,stable,within_run_target_critic,fc1a9722d6f535bd87c91fbb2ccbfaf6294e82e2db7cb5abe67fb34a21c37cab,0.99,0.11759440104166667,0.14029947916666666,4096,1.6461551848352003,0.45791662148432805,262.0768894317876,261.77912958489,253.2501491939812,252.93516917548493,252.66745874640765,252.34929711156292,True,0.0,0.0,1.7103843738437141,0.4804450206767069,-0.06422918900851382,0.9624475118045116,True,raw/hopper-medium-v2/hopper-medium-v2_tau20_mpi4_seed0.npz,260da4f8088d24c11024dfb332b808c1a13f39ac696b319c1a17445cc81d283a
p4|hopper-medium-v2|20|0,p4,hopper-medium-v2,20.0,0,1000000,b0b1baefa8d42fbf87fa81e389735f2d099cc9836cda385a4fd4853e9465431e,955768b946524f49fa409c9464ebff0f13a57022d9cc07ad7065dd766821024b,aeb2d1c435032009450912928ebc3b8d38e0ab2cf85f0a3b961d995055f9bd62,5bdf1bc4a713c82941de44633df669b36c89850b652a25985166796d25cf71a0,c32b1f46aba3efdc8534443987638ea6872bbaabbf49a4b22b4dd522a54a4fb1,b4329a9364407b8bbff94e259f897fac8406d95e42d31023040f34ebb8c03d11,29d28a83cd422bd6e33486ea936ace1d93dbd286b8defe2a3b8e7bfe3b5fdeda,99.72365274673382,stable,common_td3_target_critic,854c2fc070cfc2020d1a5d3bae836e386e627d98f1bc1b2095689778833cc7fa,0.99,0.11759440104166667,0.14029947916666666,4096,74692589453.424,50781407963.22,1420153217290.7898,1420054387742.7495,1286781380671.1895,1287096853447.4895,1299779172392.0,1300097831762.0,True,0.0,0.0,76382160216.40315,53145681914.16,-1689570762.9791565,0.9778800343143959,True,raw/hopper-medium-v2/hopper-medium-v2_tau20_mpi4_seed0.npz,260da4f8088d24c11024dfb332b808c1a13f39ac696b319c1a17445cc81d283a
td3|hopper-medium-v2|20|1,td3,hopper-medium-v2,20.0,1,1000000,46fd431768043835567cb204d3d3093444a44209f15dee60a632f492823e2adf,663f478aab2e8baef1d95caaa088cad5372caa2f5679969511ab7cbc005261dc,112cdba04b14b141052b5657a005ff7ee4048cb93d01f735c2d6bc1344b95a18,5bdf1bc4a713c82941de44633df669b36c89850b652a25985166796d25cf71a0,c32b1f46aba3efdc8534443987638ea6872bbaabbf49a4b22b4dd522a54a4fb1,b4329a9364407b8bbff94e259f897fac8406d95e42d31023040f34ebb8c03d11,29d28a83cd422bd6e33486ea936ace1d93dbd286b8defe2a3b8e7bfe3b5fdeda,0.7418281788720863,collapsed,within_run_target_critic,8d89481ce957faf1925af98614922597865d609e36983e90cfa3b2f1f0a7c165,0.99,0.4510091145833333,0.14029947916666666,4096,334312949707.8014,279083819451.69,1739828944579.801,1455200957410.3796,1574566883927.8694,1295483759788.8193,1590471599924.0,1308569454329.0,True,0.0,0.0,364604736798.3307,310257536651.37,-30291787090.529297,0.9169188328255751,True,raw/hopper-medium-v2/hopper-medium-v2_tau20_seed1.npz,5f95e79e8a4cb37fb2e79863ef92c9471140fa97d60679b4c538dc14e8623136
td3|hopper-medium-v2|20|1,td3,hopper-medium-v2,20.0,1,1000000,46fd431768043835567cb204d3d3093444a44209f15dee60a632f492823e2adf,663f478aab2e8baef1d95caaa088cad5372caa2f5679969511ab7cbc005261dc,112cdba04b14b141052b5657a005ff7ee4048cb93d01f735c2d6bc1344b95a18,5bdf1bc4a713c82941de44633df669b36c89850b652a25985166796d25cf71a0,c32b1f46aba3efdc8534443987638ea6872bbaabbf49a4b22b4dd522a54a4fb1,b4329a9364407b8bbff94e259f897fac8406d95e42d31023040f34ebb8c03d11,29d28a83cd422bd6e33486ea936ace1d93dbd286b8defe2a3b8e7bfe3b5fdeda,0.7418281788720863,collapsed,common_td3_target_critic,8d89481ce957faf1925af98614922597865d609e36983e90cfa3b2f1f0a7c165,0.99,0.4510091145833333,0.14029947916666666,4096,334312949707.8014,279083819451.69,1739828944579.801,1455200957410.3796,1574566883927.8694,1295483759788.8193,1590471599924.0,1308569454329.0,True,0.0,0.0,364604736798.3307,310257536651.37,-30291787090.529297,0.9169188328255751,True,raw/hopper-medium-v2/hopper-medium-v2_tau20_seed1.npz,5f95e79e8a4cb37fb2e79863ef92c9471140fa97d60679b4c538dc14e8623136
p3|hopper-medium-v2|20|1,p3,hopper-medium-v2,20.0,1,1000000,287f46524313344022dcae16dd720f9b25fe3adc8827495e04244d5487e3b735,4d6670c9dc2b759e625dfc2d04c4c387da08a06e9f6ea48f62ee5dfca0ec7305,663d7fa674721c3e27acedb44f4d0bb207c9c7457ee9e7f044a2af6b39473876,5bdf1bc4a713c82941de44633df669b36c89850b652a25985166796d25cf71a0,c32b1f46aba3efdc8534443987638ea6872bbaabbf49a4b22b4dd522a54a4fb1,b4329a9364407b8bbff94e259f897fac8406d95e42d31023040f34ebb8c03d11,29d28a83cd422bd6e33486ea936ace1d93dbd286b8defe2a3b8e7bfe3b5fdeda,102.31045708983757,stable,within_run_target_critic,f6dea0b94e4caf9de8e02931cab41916633a08fbc2b7d611d574410b60e50b0a,0.99,0.117919921875,0.14029947916666666,4096,1.4941146546784358,0.4796415775810601,260.2336016038119,259.9204716442803,251.88086937203423,251.5404392416781,251.28434781514807,250.94047899660654,True,0.0,0.0,1.581610063138306,0.509272358448361,-0.08749540845987025,0.9446795322696305,True,raw/hopper-medium-v2/hopper-medium-v2_tau20_mpi3_seed1.npz,f17f1bae559e601b652c9136e65b1b3bb2faf70ef74ec55115c9c1060ee94eff
p3|hopper-medium-v2|20|1,p3,hopper-medium-v2,20.0,1,1000000,287f46524313344022dcae16dd720f9b25fe3adc8827495e04244d5487e3b735,4d6670c9dc2b759e625dfc2d04c4c387da08a06e9f6ea48f62ee5dfca0ec7305,663d7fa674721c3e27acedb44f4d0bb207c9c7457ee9e7f044a2af6b39473876,5bdf1bc4a713c82941de44633df669b36c89850b652a25985166796d25cf71a0,c32b1f46aba3efdc8534443987638ea6872bbaabbf49a4b22b4dd522a54a4fb1,b4329a9364407b8bbff94e259f897fac8406d95e42d31023040f34ebb8c03d11,29d28a83cd422bd6e33486ea936ace1d93dbd286b8defe2a3b8e7bfe3b5fdeda,102.31045708983757,stable,common_td3_target_critic,8d89481ce957faf1925af98614922597865d609e36983e90cfa3b2f1f0a7c165,0.99,0.117919921875,0.14029947916666666,4096,75311491482.14499,51288183285.57,1453498212475.4517,1455200957410.3796,1293414254535.2896,1295483759788.8193,1306479044982.0,1308569454329.0,True,0.0,0.0,77236630340.54799,53785674551.07,-1925138858.4029999,0.9750747948231976,True,raw/hopper-medium-v2/hopper-medium-v2_tau20_mpi3_seed1.npz,f17f1bae559e601b652c9136e65b1b3bb2faf70ef74ec55115c9c1060ee94eff
p4|hopper-medium-v2|20|1,p4,hopper-medium-v2,20.0,1,1000000,632317092aa2b91ad4888428f5e2780e409c6beeb4fe913f027f758636b3207f,aeae026a246a89eb348a6d222c945a98a357f6d584f562099efa91f335374bbc,7e6e52cbfaf5d11d32962af55f852bf11cd9d13b8b7d6fb19b6b6b520a5defc2,5bdf1bc4a713c82941de44633df669b36c89850b652a25985166796d25cf71a0,c32b1f46aba3efdc8534443987638ea6872bbaabbf49a4b22b4dd522a54a4fb1,b4329a9364407b8bbff94e259f897fac8406d95e42d31023040f34ebb8c03d11,29d28a83cd422bd6e33486ea936ace1d93dbd286b8defe2a3b8e7bfe3b5fdeda,50.97616173503427,stable,within_run_target_critic,079f73f085a92f409f965b430ac50635c3e98667a59eb758670f603a289c9588,0.99,0.119384765625,0.14029947916666666,4096,1.571280849091097,0.4532705834135413,254.60758167930652,254.32810342884403,246.23957024934526,245.9407429735997,245.58606587303802,245.2842201399617,True,0.0,0.0,1.6185602583911236,0.4744041883572936,-0.04727940930002661,0.9707892189648699,True,raw/hopper-medium-v2/hopper-medium-v2_tau20_mpi4_seed1.npz,f603c5ec7609f0f947698dd41ebf1bd6f2e6f5247f814b2608ffac8217579bd2
p4|hopper-medium-v2|20|1,p4,hopper-medium-v2,20.0,1,1000000,632317092aa2b91ad4888428f5e2780e409c6beeb4fe913f027f758636b3207f,aeae026a246a89eb348a6d222c945a98a357f6d584f562099efa91f335374bbc,7e6e52cbfaf5d11d32962af55f852bf11cd9d13b8b7d6fb19b6b6b520a5defc2,5bdf1bc4a713c82941de44633df669b36c89850b652a25985166796d25cf71a0,c32b1f46aba3efdc8534443987638ea6872bbaabbf49a4b22b4dd522a54a4fb1,b4329a9364407b8bbff94e259f897fac8406d95e42d31023040f34ebb8c03d11,29d28a83cd422bd6e33486ea936ace1d93dbd286b8defe2a3b8e7bfe3b5fdeda,50.97616173503427,stable,common_td3_target_critic,8d89481ce957faf1925af98614922597865d609e36983e90cfa3b2f1f0a7c165,0.99,0.119384765625,0.14029947916666666,4096,72808444104.6431,49557678225.659996,1454802278975.7703,1455200957410.3796,1295032458719.4795,1295483759788.8193,1308113594663.0,1308569454329.0,True,0.0,0.0,74511991607.27644,51856412195.61,-1703547502.6333466,0.9771372705803909,True,raw/hopper-medium-v2/hopper-medium-v2_tau20_mpi4_seed1.npz,f603c5ec7609f0f947698dd41ebf1bd6f2e6f5247f814b2608ffac8217579bd2
td3|hopper-medium-replay-v2|4|0,td3,hopper-medium-replay-v2,4.0,0,1000000,9a1208304b258c58daaec085f298b66abe676e90658fe8b70aaa5a75d53a0845,b10ae9eabc4b8509cf2fe5d9bdb6a0e791ecd4ab7d3a2a345ccb0f5a90647302,e3f5e826ed3ac938377b45b21bce36d5a2feea32af339523b5a882618331abbc,e121c5f7c9857a307baa9edc6a2c3b48e85fedb9ac316ecddd0f48ca7ef4e39b,db016c04b35377c51070ccf26dac616822660c41587c845c1a244d9652d1c247,727dbf65be4a75ce7b6267cab479044fd49c3346739e002fa0caca337a899a89,6053aa0c3d8947128610c1ece7b84f18d5e640d16ce7bc66593e62e6127f7976,79.909649521696,stable,within_run_target_critic,62b54a0942daeaea27f9d9445b7d4ce301278757799dfd5bd38a6dd3e61e48ca,0.99,0.09090169270833333,0.1484375,4096,5.0606823263287195,1.7643710878270213,207.16583887831982,206.0669921205186,196.72318470231727,195.4394642986055,196.3080075658072,195.01317360335088,True,0.0,0.0,5.410501357810099,1.8111101489579595,-0.3498190314813794,0.9353444332887167,True,raw/hopper-medium-replay-v2/hopper-medium-replay-v2_tau4_seed0.npz,acabb6280529e7205d30bd8593e17d915f0e005254da1330b2903a90c8590caa
td3|hopper-medium-replay-v2|4|0,td3,hopper-medium-replay-v2,4.0,0,1000000,9a1208304b258c58daaec085f298b66abe676e90658fe8b70aaa5a75d53a0845,b10ae9eabc4b8509cf2fe5d9bdb6a0e791ecd4ab7d3a2a345ccb0f5a90647302,e3f5e826ed3ac938377b45b21bce36d5a2feea32af339523b5a882618331abbc,e121c5f7c9857a307baa9edc6a2c3b48e85fedb9ac316ecddd0f48ca7ef4e39b,db016c04b35377c51070ccf26dac616822660c41587c845c1a244d9652d1c247,727dbf65be4a75ce7b6267cab479044fd49c3346739e002fa0caca337a899a89,6053aa0c3d8947128610c1ece7b84f18d5e640d16ce7bc66593e62e6127f7976,79.909649521696,stable,common_td3_target_critic,62b54a0942daeaea27f9d9445b7d4ce301278757799dfd5bd38a6dd3e61e48ca,0.99,0.09090169270833333,0.1484375,4096,5.0606823263287195,1.7643710878270213,207.16583887831982,206.0669921205186,196.72318470231727,195.4394642986055,196.3080075658072,195.01317360335088,True,0.0,0.0,5.410501357810099,1.8111101489579595,-0.3498190314813794,0.9353444332887167,True,raw/hopper-medium-replay-v2/hopper-medium-replay-v2_tau4_seed0.npz,acabb6280529e7205d30bd8593e17d915f0e005254da1330b2903a90c8590caa
p3|hopper-medium-replay-v2|4|0,p3,hopper-medium-replay-v2,4.0,0,1000000,1c7f0c6f4492ad6b47b6ab5cc66632b424a2d31a20bb3eec0c9a5c9e16743980,e0fbf015e1b4a01691545f4aa424e41541d51c4e2cdba8a98fb1df8eff408c36,2e5bcf0e682a725164dca57a12373abbef136bdb0286240b356e1cab4aad8898,e121c5f7c9857a307baa9edc6a2c3b48e85fedb9ac316ecddd0f48ca7ef4e39b,db016c04b35377c51070ccf26dac616822660c41587c845c1a244d9652d1c247,727dbf65be4a75ce7b6267cab479044fd49c3346739e002fa0caca337a899a89,6053aa0c3d8947128610c1ece7b84f18d5e640d16ce7bc66593e62e6127f7976,99.54513946449767,stable,within_run_target_critic,7920c5b16468479012293561acb868a2085d156670c3a19886cb0a6dfa65251c,0.99,0.09261067708333333,0.1484375,4096,4.560159085530961,2.0747175515964047,180.74322821270053,179.79634948633378,169.43331872992468,168.34584691592204,168.74425583297852,167.6465755488898,True,0.0,0.0,4.678437025578739,2.1244457460174453,-0.11827794004777825,0.974718492650193,True,raw/hopper-medium-replay-v2/hopper-medium-replay-v2_tau4_mpi3_seed0.npz,17e5714faf6156e20ad99db417030b24e67cd35b84a178bad99f3236339f3ed9
p3|hopper-medium-replay-v2|4|0,p3,hopper-medium-replay-v2,4.0,0,1000000,1c7f0c6f4492ad6b47b6ab5cc66632b424a2d31a20bb3eec0c9a5c9e16743980,e0fbf015e1b4a01691545f4aa424e41541d51c4e2cdba8a98fb1df8eff408c36,2e5bcf0e682a725164dca57a12373abbef136bdb0286240b356e1cab4aad8898,e121c5f7c9857a307baa9edc6a2c3b48e85fedb9ac316ecddd0f48ca7ef4e39b,db016c04b35377c51070ccf26dac616822660c41587c845c1a244d9652d1c247,727dbf65be4a75ce7b6267cab479044fd49c3346739e002fa0caca337a899a89,6053aa0c3d8947128610c1ece7b84f18d5e640d16ce7bc66593e62e6127f7976,99.54513946449767,stable,common_td3_target_critic,62b54a0942daeaea27f9d9445b7d4ce301278757799dfd5bd38a6dd3e61e48ca,0.99,0.09261067708333333,0.1484375,4096,4.095301368000204,1.426436468738102,206.69568780262676,206.0669921205186,196.1403750620835,195.4394642986055,195.7219407967059,195.01317360335088,True,0.0,0.0,4.404182907882973,1.466001750743453,-0.3088815398827691,0.9298663233695614,True,raw/hopper-medium-replay-v2/hopper-medium-replay-v2_tau4_mpi3_seed0.npz,17e5714faf6156e20ad99db417030b24e67cd35b84a178bad99f3236339f3ed9
p4|hopper-medium-replay-v2|4|0,p4,hopper-medium-replay-v2,4.0,0,1000000,4cd9ca62ed7ae39eac89a9af7fbab92d9c4d9420c9039abd3421d6d40fe77b7c,15a6bbcf78501b69e0963885fd2636efab64b5d108eb87dca222775b38429a0b,d68780a8f10d5eb38bd470bf818fcaefb195beda1ccb7d6ca7a9c75b31881d7b,e121c5f7c9857a307baa9edc6a2c3b48e85fedb9ac316ecddd0f48ca7ef4e39b,db016c04b35377c51070ccf26dac616822660c41587c845c1a244d9652d1c247,727dbf65be4a75ce7b6267cab479044fd49c3346739e002fa0caca337a899a89,6053aa0c3d8947128610c1ece7b84f18d5e640d16ce7bc66593e62e6127f7976,98.72305424494554,stable,within_run_target_critic,617380f4142faaa2270eae1b518d3d51162667c188f740b4d65b38312909dc45,0.99,0.09440104166666667,0.1484375,4096,4.662212568051435,2.215529849258528,174.74441226635457,173.85097091350903,163.31777300516984,162.3085342566438,162.56483562201174,161.54575108143035,True,0.0,0.0,4.628285333575002,2.2302364134448727,0.03392723447643231,1.0073304111633554,True,raw/hopper-medium-replay-v2/hopper-medium-replay-v2_tau4_mpi4_seed0.npz,f51f04c11eca45f22d6d031d280a07c36ac235b85db619005af3b39e3da4da31
p4|hopper-medium-replay-v2|4|0,p4,hopper-medium-replay-v2,4.0,0,1000000,4cd9ca62ed7ae39eac89a9af7fbab92d9c4d9420c9039abd3421d6d40fe77b7c,15a6bbcf78501b69e0963885fd2636efab64b5d108eb87dca222775b38429a0b,d68780a8f10d5eb38bd470bf818fcaefb195beda1ccb7d6ca7a9c75b31881d7b,e121c5f7c9857a307baa9edc6a2c3b48e85fedb9ac316ecddd0f48ca7ef4e39b,db016c04b35377c51070ccf26dac616822660c41587c845c1a244d9652d1c247,727dbf65be4a75ce7b6267cab479044fd49c3346739e002fa0caca337a899a89,6053aa0c3d8947128610c1ece7b84f18d5e640d16ce7bc66593e62e6127f7976,98.72305424494554,stable,common_td3_target_critic,62b54a0942daeaea27f9d9445b7d4ce301278757799dfd5bd38a6dd3e61e48ca,0.99,0.09440104166666667,0.1484375,4096,3.9087983544985954,1.3851784476409374,206.63203297408106,206.0669921205186,196.0649003778567,195.4394642986055,195.64409498672467,195.01317360335088,True,0.0,0.0,4.143758062964986,1.4230106269444514,-0.2349597084663908,0.9432979182432601,True,raw/hopper-medium-replay-v2/hopper-medium-replay-v2_tau4_mpi4_seed0.npz,f51f04c11eca45f22d6d031d280a07c36ac235b85db619005af3b39e3da4da31
td3|hopper-medium-replay-v2|4|1,td3,hopper-medium-replay-v2,4.0,1,1000000,f794cb08593a7a1f32e4dd35e9739ca15f127a8bd2a5c2f62fc0ef0902f06aa8,bcc0359e902f6f3017373c1587258eb26d1b902d83e8324766bc015121b4e90d,8567bc66f08fc949ccd50782df81cdb9e3dfacbf1b7b6a38ca7a748fa2004e97,e121c5f7c9857a307baa9edc6a2c3b48e85fedb9ac316ecddd0f48ca7ef4e39b,db016c04b35377c51070ccf26dac616822660c41587c845c1a244d9652d1c247,727dbf65be4a75ce7b6267cab479044fd49c3346739e002fa0caca337a899a89,6053aa0c3d8947128610c1ece7b84f18d5e640d16ce7bc66593e62e6127f7976,62.82020959030285,stable,within_run_target_critic,2d1c35ad0f7f3dc3b6e751dfac7b84bcbc67ab43307a373a74e537ba6b6479e4,0.99,0.09016927083333333,0.1484375,4096,4.595758815795274,1.737550384060596,210.44704068539207,209.38856890258864,199.8816119263019,198.6487814939456,199.5021970722737,198.2557769734558,True,0.0,0.0,4.956568020325659,1.790924454593769,-0.36080920453038523,0.9272058402001554,True,raw/hopper-medium-replay-v2/hopper-medium-replay-v2_tau4_seed1.npz,19a9475f730b132bc84e0c9393395d17200b690de9eef0c4a9d1e1fbcbc51c24
td3|hopper-medium-replay-v2|4|1,td3,hopper-medium-replay-v2,4.0,1,1000000,f794cb08593a7a1f32e4dd35e9739ca15f127a8bd2a5c2f62fc0ef0902f06aa8,bcc0359e902f6f3017373c1587258eb26d1b902d83e8324766bc015121b4e90d,8567bc66f08fc949ccd50782df81cdb9e3dfacbf1b7b6a38ca7a748fa2004e97,e121c5f7c9857a307baa9edc6a2c3b48e85fedb9ac316ecddd0f48ca7ef4e39b,db016c04b35377c51070ccf26dac616822660c41587c845c1a244d9652d1c247,727dbf65be4a75ce7b6267cab479044fd49c3346739e002fa0caca337a899a89,6053aa0c3d8947128610c1ece7b84f18d5e640d16ce7bc66593e62e6127f7976,62.82020959030285,stable,common_td3_target_critic,2d1c35ad0f7f3dc3b6e751dfac7b84bcbc67ab43307a373a74e537ba6b6479e4,0.99,0.09016927083333333,0.1484375,4096,4.595758815795274,1.737550384060596,210.44704068539207,209.38856890258864,199.8816119263019,198.6487814939456,199.5021970722737,198.2557769734558,True,0.0,0.0,4.956568020325659,1.790924454593769,-0.36080920453038523,0.9272058402001554,True,raw/hopper-medium-replay-v2/hopper-medium-replay-v2_tau4_seed1.npz,19a9475f730b132bc84e0c9393395d17200b690de9eef0c4a9d1e1fbcbc51c24
p3|hopper-medium-replay-v2|4|1,p3,hopper-medium-replay-v2,4.0,1,1000000,7dde806dec3a4f68623692b3b1835ae6bc77ec64eee1247cfc1feef5e81c2a24,a26f1cd54db33235970ec0abccbdfb4bec4bee899eb9344f78e3fcdfec5be871,c7771bf3894de1fe4144d3fabd88dd1faa37d6ff3f5216668231eb3f49b50ae2,e121c5f7c9857a307baa9edc6a2c3b48e85fedb9ac316ecddd0f48ca7ef4e39b,db016c04b35377c51070ccf26dac616822660c41587c845c1a244d9652d1c247,727dbf65be4a75ce7b6267cab479044fd49c3346739e002fa0caca337a899a89,6053aa0c3d8947128610c1ece7b84f18d5e640d16ce7bc66593e62e6127f7976,98.35778305910094,stable,within_run_target_critic,7501179b95ffaad961a22398c935174a85ecffce4a3564eee554e95ff0b27862,0.99,0.093505859375,0.1484375,4096,4.793641188157271,2.017578579594847,181.09462507501962,180.18358131203132,169.77481858566506,168.72123035066633,169.08836584788514,168.02533413932542,True,0.0,0.0,4.784082949940262,2.0649868375458755,0.009558238217008963,1.0019979248514344,True,raw/hopper-medium-replay-v2/hopper-medium-replay-v2_tau4_mpi3_seed1.npz,8dbc1b71bb1e11bcbd8a1ea9bf45d480e3cb26d021bb76276ac794f0b0293e2f
p3|hopper-medium-replay-v2|4|1,p3,hopper-medium-replay-v2,4.0,1,1000000,7dde806dec3a4f68623692b3b1835ae6bc77ec64eee1247cfc1feef5e81c2a24,a26f1cd54db33235970ec0abccbdfb4bec4bee899eb9344f78e3fcdfec5be871,c7771bf3894de1fe4144d3fabd88dd1faa37d6ff3f5216668231eb3f49b50ae2,e121c5f7c9857a307baa9edc6a2c3b48e85fedb9ac316ecddd0f48ca7ef4e39b,db016c04b35377c51070ccf26dac616822660c41587c845c1a244d9652d1c247,727dbf65be4a75ce7b6267cab479044fd49c3346739e002fa0caca337a899a89,6053aa0c3d8947128610c1ece7b84f18d5e640d16ce7bc66593e62e6127f7976,98.35778305910094,stable,common_td3_target_critic,2d1c35ad0f7f3dc3b6e751dfac7b84bcbc67ab43307a373a74e537ba6b6479e4,0.99,0.093505859375,0.1484375,4096,3.540602215645926,1.3795157836219005,209.99339520690307,209.38856890258864,199.32062902359223,198.6487814939456,198.9338829985645,198.2557769734558,True,0.0,0.0,3.900688717127171,1.4122749757191924,-0.3600865014812453,0.9076864298604052,True,raw/hopper-medium-replay-v2/hopper-medium-replay-v2_tau4_mpi3_seed1.npz,8dbc1b71bb1e11bcbd8a1ea9bf45d480e3cb26d021bb76276ac794f0b0293e2f
p4|hopper-medium-replay-v2|4|1,p4,hopper-medium-replay-v2,4.0,1,1000000,8ddc850d5db0dddd05dd590b436069112fb429b103a0f3e8acf7ada160e63ea6,8dec45d463d28f4ddcdf20647308b90d52aca2f028de00e138a14809918c966c,e873079f92106135cadc225891c6a62656bd46fa3a8a9a6fe4120309e92de7b3,e121c5f7c9857a307baa9edc6a2c3b48e85fedb9ac316ecddd0f48ca7ef4e39b,db016c04b35377c51070ccf26dac616822660c41587c845c1a244d9652d1c247,727dbf65be4a75ce7b6267cab479044fd49c3346739e002fa0caca337a899a89,6053aa0c3d8947128610c1ece7b84f18d5e640d16ce7bc66593e62e6127f7976,98.54267334588171,stable,within_run_target_critic,ff1d2a4939e5f617f76e83f1f945278a8b5aeff41d020bbac00801e881ec49cd,0.99,0.094970703125,0.1484375,4096,4.730377059281218,2.1894979064532527,174.29649758260166,173.3776622274691,162.36397342538982,161.3087600019896,161.60260858831316,160.53640736649686,True,0.0,0.0,4.697603013998296,2.2067620079896004,0.03277404528292216,1.0069767592504644,True,raw/hopper-medium-replay-v2/hopper-medium-replay-v2_tau4_mpi4_seed1.npz,1c5dae60fd9a765c7cf5b56732842341f9e4450197b44b5cb96f94b09a46dd44
p4|hopper-medium-replay-v2|4|1,p4,hopper-medium-replay-v2,4.0,1,1000000,8ddc850d5db0dddd05dd590b436069112fb429b103a0f3e8acf7ada160e63ea6,8dec45d463d28f4ddcdf20647308b90d52aca2f028de00e138a14809918c966c,e873079f92106135cadc225891c6a62656bd46fa3a8a9a6fe4120309e92de7b3,e121c5f7c9857a307baa9edc6a2c3b48e85fedb9ac316ecddd0f48ca7ef4e39b,db016c04b35377c51070ccf26dac616822660c41587c845c1a244d9652d1c247,727dbf65be4a75ce7b6267cab479044fd49c3346739e002fa0caca337a899a89,6053aa0c3d8947128610c1ece7b84f18d5e640d16ce7bc66593e62e6127f7976,98.54267334588171,stable,common_td3_target_critic,2d1c35ad0f7f3dc3b6e751dfac7b84bcbc67ab43307a373a74e537ba6b6479e4,0.99,0.094970703125,0.1484375,4096,3.124713127347374,1.3237085602383014,209.91476558159985,209.38856890258864,199.22392156167075,198.6487814939456,198.83676351360918,198.2557769734558,True,0.0,0.0,3.374070004020897,1.34534286326656,-0.24935687667352324,0.9260961164479803,True,raw/hopper-medium-replay-v2/hopper-medium-replay-v2_tau4_mpi4_seed1.npz,1c5dae60fd9a765c7cf5b56732842341f9e4450197b44b5cb96f94b09a46dd44
td3|hopper-medium-replay-v2|7|0,td3,hopper-medium-replay-v2,7.0,0,1000000,a2a6b64ae2d3806553887bb654449906351f11d4fcfbdf7d3e3c9442397c1f64,1b55b0af69a4b3554e980fba2c4b436fe816e7fd971c006bee1265b76c63f670,046b8ebde5f572658d639e288fcca9d4f0b1a6b13045d280154f6c360b6ebab0,e121c5f7c9857a307baa9edc6a2c3b48e85fedb9ac316ecddd0f48ca7ef4e39b,db016c04b35377c51070ccf26dac616822660c41587c845c1a244d9652d1c247,727dbf65be4a75ce7b6267cab479044fd49c3346739e002fa0caca337a899a89,6053aa0c3d8947128610c1ece7b84f18d5e640d16ce7bc66593e62e6127f7976,37.566011410999394,stable,within_run_target_critic,258c9b6249b2d2ac4a97fc87eee9a4a80a041a0caba2084e8bce7852dfa6e511,0.99,0.09488932291666667,0.1484375,4096,5.022565413123559,1.6968005313693721,222.8351581796394,221.68218766929039,212.50958952997144,211.14764902596642,212.25215040180774,210.87762734506396,True,0.0,0.0,5.353104143776914,1.7612707006534039,-0.3305387306533554,0.9382528862178755,True,raw/hopper-medium-replay-v2/hopper-medium-replay-v2_tau7_seed0.npz,969418af1f331b4f571d779374ffa1ff0750a99f17884f9ff9756da0ba2fd37d
td3|hopper-medium-replay-v2|7|0,td3,hopper-medium-replay-v2,7.0,0,1000000,a2a6b64ae2d3806553887bb654449906351f11d4fcfbdf7d3e3c9442397c1f64,1b55b0af69a4b3554e980fba2c4b436fe816e7fd971c006bee1265b76c63f670,046b8ebde5f572658d639e288fcca9d4f0b1a6b13045d280154f6c360b6ebab0,e121c5f7c9857a307baa9edc6a2c3b48e85fedb9ac316ecddd0f48ca7ef4e39b,db016c04b35377c51070ccf26dac616822660c41587c845c1a244d9652d1c247,727dbf65be4a75ce7b6267cab479044fd49c3346739e002fa0caca337a899a89,6053aa0c3d8947128610c1ece7b84f18d5e640d16ce7bc66593e62e6127f7976,37.566011410999394,stable,common_td3_target_critic,258c9b6249b2d2ac4a97fc87eee9a4a80a041a0caba2084e8bce7852dfa6e511,0.99,0.09488932291666667,0.1484375,4096,5.022565413123559,1.6968005313693721,222.8351581796394,221.68218766929039,212.50958952997144,211.14764902596642,212.25215040180774,210.87762734506396,True,0.0,0.0,5.353104143776914,1.7612707006534039,-0.3305387306533554,0.9382528862178755,True,raw/hopper-medium-replay-v2/hopper-medium-replay-v2_tau7_seed0.npz,969418af1f331b4f571d779374ffa1ff0750a99f17884f9ff9756da0ba2fd37d
p3|hopper-medium-replay-v2|7|0,p3,hopper-medium-replay-v2,7.0,0,1000000,500f7f1fcb90410f8a09cd6c4fee280ce975e92fb56a250e387d79abec5b77cd,96221ae3a753cf6929dbc31ed254f22aebcf0bbb49e9357d9a2338d7313be6ef,44d333a228f337593128ff17eb6693612adeeab4af8a422b86163cc1357d978a,e121c5f7c9857a307baa9edc6a2c3b48e85fedb9ac316ecddd0f48ca7ef4e39b,db016c04b35377c51070ccf26dac616822660c41587c845c1a244d9652d1c247,727dbf65be4a75ce7b6267cab479044fd49c3346739e002fa0caca337a899a89,6053aa0c3d8947128610c1ece7b84f18d5e640d16ce7bc66593e62e6127f7976,99.1261234791178,stable,within_run_target_critic,4654fb4f23f0573dce2a6f39e2764988870054f70a5ad58637e0105463782c3a,0.99,0.09293619791666667,0.1484375,4096,4.31354152317718,1.8225854888823232,196.31515236122382,195.3270274632741,185.5148511288771,184.37722894255495,184.98700659889437,183.8389217416552,True,0.0,0.0,4.421838500453562,1.88135072102712,-0.10829697727638266,0.9755086086329761,True,raw/hopper-medium-replay-v2/hopper-medium-replay-v2_tau7_mpi3_seed0.npz,196f61e6d13bf89686ea60e6a4a041323efc5bd55aa676d8feee83ef3cce3749
p3|hopper-medium-replay-v2|7|0,p3,hopper-medium-replay-v2,7.0,0,1000000,500f7f1fcb90410f8a09cd6c4fee280ce975e92fb56a250e387d79abec5b77cd,96221ae3a753cf6929dbc31ed254f22aebcf0bbb49e9357d9a2338d7313be6ef,44d333a228f337593128ff17eb6693612adeeab4af8a422b86163cc1357d978a,e121c5f7c9857a307baa9edc6a2c3b48e85fedb9ac316ecddd0f48ca7ef4e39b,db016c04b35377c51070ccf26dac616822660c41587c845c1a244d9652d1c247,727dbf65be4a75ce7b6267cab479044fd49c3346739e002fa0caca337a899a89,6053aa0c3d8947128610c1ece7b84f18d5e640d16ce7bc66593e62e6127f7976,99.1261234791178,stable,common_td3_target_critic,258c9b6249b2d2ac4a97fc87eee9a4a80a041a0caba2084e8bce7852dfa6e511,0.99,0.09293619791666667,0.1484375,4096,3.941267231680491,1.275089534362487,222.33238104282145,221.68218766929039,211.8866889948394,211.14764902596642,211.62325813015923,210.87762734506396,True,0.0,0.0,4.18665330247169,1.3030020844811223,-0.245386070791199,0.9413884902658815,True,raw/hopper-medium-replay-v2/hopper-medium-replay-v2_tau7_mpi3_seed0.npz,196f61e6d13bf89686ea60e6a4a041323efc5bd55aa676d8feee83ef3cce3749
p4|hopper-medium-replay-v2|7|0,p4,hopper-medium-replay-v2,7.0,0,1000000,ae97874a360f42ebf801737770703837f40992ff8e33e354b4a2c5e1b34ee045,f33ea0c14eac1ad07cce0ef17fac8bcd488d61cb923cd4f6e7754b6282b04cc5,6deb7d39481d4d0ca07ad0b974ff9a10f95c2a22f269ec4a1854e561ab96d95f,e121c5f7c9857a307baa9edc6a2c3b48e85fedb9ac316ecddd0f48ca7ef4e39b,db016c04b35377c51070ccf26dac616822660c41587c845c1a244d9652d1c247,727dbf65be4a75ce7b6267cab479044fd49c3346739e002fa0caca337a899a89,6053aa0c3d8947128610c1ece7b84f18d5e640d16ce7bc66593e62e6127f7976,99.75351680753077,stable,within_run_target_critic,aec61c5b96fbdeb12e09ef0a1bb7a57d923cc92257bbfacf90d8df527d78b495,0.99,0.09187825520833333,0.1484375,4096,4.553970325428113,1.9346976691858435,188.55627336496084,187.63462688694833,177.7022628639243,176.6141007831904,177.09855954174418,175.99959803844104,True,0.0,0.0,4.571864612905074,1.9716610821982614,-0.017894287476960535,0.9960859979478723,True,raw/hopper-medium-replay-v2/hopper-medium-replay-v2_tau7_mpi4_seed0.npz,fb3965491ce482d8fbefe6956167e0237a14de902c1be0a5c0df5e9d2f36b5ee
p4|hopper-medium-replay-v2|7|0,p4,hopper-medium-replay-v2,7.0,0,1000000,ae97874a360f42ebf801737770703837f40992ff8e33e354b4a2c5e1b34ee045,f33ea0c14eac1ad07cce0ef17fac8bcd488d61cb923cd4f6e7754b6282b04cc5,6deb7d39481d4d0ca07ad0b974ff9a10f95c2a22f269ec4a1854e561ab96d95f,e121c5f7c9857a307baa9edc6a2c3b48e85fedb9ac316ecddd0f48ca7ef4e39b,db016c04b35377c51070ccf26dac616822660c41587c845c1a244d9652d1c247,727dbf65be4a75ce7b6267cab479044fd49c3346739e002fa0caca337a899a89,6053aa0c3d8947128610c1ece7b84f18d5e640d16ce7bc66593e62e6127f7976,99.75351680753077,stable,common_td3_target_critic,258c9b6249b2d2ac4a97fc87eee9a4a80a041a0caba2084e8bce7852dfa6e511,0.99,0.09187825520833333,0.1484375,4096,3.8845240296511614,1.2349314480886098,222.26103625508023,221.68218766929039,211.80740667981667,211.14764902596642,211.54259415876004,210.87762734506396,True,0.0,0.0,4.173089576815124,1.2661706996346764,-0.2885655471639623,0.9308508619687493,True,raw/hopper-medium-replay-v2/hopper-medium-replay-v2_tau7_mpi4_seed0.npz,fb3965491ce482d8fbefe6956167e0237a14de902c1be0a5c0df5e9d2f36b5ee
td3|hopper-medium-replay-v2|7|1,td3,hopper-medium-replay-v2,7.0,1,1000000,d530651eaf44952a803cadee95d8a588f6bfa55d73b81562d22ee354b6f5d7fa,b49f63f7874987e7a75009450fe4c08884014f67f2d5c91dbb3cf1547d091069,ae320140cc256bf60c4433db591e79892601978c45d5658e5770db411d4cd89a,e121c5f7c9857a307baa9edc6a2c3b48e85fedb9ac316ecddd0f48ca7ef4e39b,db016c04b35377c51070ccf26dac616822660c41587c845c1a244d9652d1c247,727dbf65be4a75ce7b6267cab479044fd49c3346739e002fa0caca337a899a89,6053aa0c3d8947128610c1ece7b84f18d5e640d16ce7bc66593e62e6127f7976,38.51850616632162,stable,within_run_target_critic,41aeeb92b897d8e0d0b58fc8198d71937388cad5e6feb0015db234f03dc9972c,0.99,0.09187825520833333,0.1484375,4096,4.249784050161359,1.700624149015057,225.9229776382854,224.73491427838084,215.1725662689294,213.80414429085494,214.9452234687924,213.5620040006179,True,0.0,0.0,4.78600873006943,1.7943462224026736,-0.536224679908071,0.8879599453007492,True,raw/hopper-medium-replay-v2/hopper-medium-replay-v2_tau7_seed1.npz,13a6dc87428ec67dfe8638a3a9ba0ec36414685d4f0454f79ea4ca50491e6d07
td3|hopper-medium-replay-v2|7|1,td3,hopper-medium-replay-v2,7.0,1,1000000,d530651eaf44952a803cadee95d8a588f6bfa55d73b81562d22ee354b6f5d7fa,b49f63f7874987e7a75009450fe4c08884014f67f2d5c91dbb3cf1547d091069,ae320140cc256bf60c4433db591e79892601978c45d5658e5770db411d4cd89a,e121c5f7c9857a307baa9edc6a2c3b48e85fedb9ac316ecddd0f48ca7ef4e39b,db016c04b35377c51070ccf26dac616822660c41587c845c1a244d9652d1c247,727dbf65be4a75ce7b6267cab479044fd49c3346739e002fa0caca337a899a89,6053aa0c3d8947128610c1ece7b84f18d5e640d16ce7bc66593e62e6127f7976,38.51850616632162,stable,common_td3_target_critic,41aeeb92b897d8e0d0b58fc8198d71937388cad5e6feb0015db234f03dc9972c,0.99,0.09187825520833333,0.1484375,4096,4.249784050161359,1.700624149015057,225.9229776382854,224.73491427838084,215.1725662689294,213.80414429085494,214.9452234687924,213.5620040006179,True,0.0,0.0,4.78600873006943,1.7943462224026736,-0.536224679908071,0.8879599453007492,True,raw/hopper-medium-replay-v2/hopper-medium-replay-v2_tau7_seed1.npz,13a6dc87428ec67dfe8638a3a9ba0ec36414685d4f0454f79ea4ca50491e6d07
p3|hopper-medium-replay-v2|7|1,p3,hopper-medium-replay-v2,7.0,1,1000000,c614664224346e8e8f71449b4a0f34c9b7b723a44b7fbe591192497d0a393f01,c94cae611de9ed2b893a9a0cef1275f9e13fcefc38e023617f57e720a5a3122d,bf070e2dcc5c883cee4d0d58a04e405ec6578c30344efd2de082f7969cc6e945,e121c5f7c9857a307baa9edc6a2c3b48e85fedb9ac316ecddd0f48ca7ef4e39b,db016c04b35377c51070ccf26dac616822660c41587c845c1a244d9652d1c247,727dbf65be4a75ce7b6267cab479044fd49c3346739e002fa0caca337a899a89,6053aa0c3d8947128610c1ece7b84f18d5e640d16ce7bc66593e62e6127f7976,96.83849982599703,stable,within_run_target_critic,891b02513c8a8ee0334eeea05567426b5f21cf6757a407e35ca64b959d320632,0.99,0.09431966145833333,0.1484375,4096,4.464195135399464,1.7855095715688367,194.03094658500484,193.06506133904227,183.44408213786275,182.32183556827982,182.89500508220226,181.7623204959964,True,0.0,0.0,4.553445592633809,1.8421200250351102,-0.08925045723434444,0.9803993579326551,True,raw/hopper-medium-replay-v2/hopper-medium-replay-v2_tau7_mpi3_seed1.npz,1d721b3be702768f0227bb30722648b2c4c4000b1f38a1fa813b94fad9082ef8
p3|hopper-medium-replay-v2|7|1,p3,hopper-medium-replay-v2,7.0,1,1000000,c614664224346e8e8f71449b4a0f34c9b7b723a44b7fbe591192497d0a393f01,c94cae611de9ed2b893a9a0cef1275f9e13fcefc38e023617f57e720a5a3122d,bf070e2dcc5c883cee4d0d58a04e405ec6578c30344efd2de082f7969cc6e945,e121c5f7c9857a307baa9edc6a2c3b48e85fedb9ac316ecddd0f48ca7ef4e39b,db016c04b35377c51070ccf26dac616822660c41587c845c1a244d9652d1c247,727dbf65be4a75ce7b6267cab479044fd49c3346739e002fa0caca337a899a89,6053aa0c3d8947128610c1ece7b84f18d5e640d16ce7bc66593e62e6127f7976,96.83849982599703,stable,common_td3_target_critic,41aeeb92b897d8e0d0b58fc8198d71937388cad5e6feb0015db234f03dc9972c,0.99,0.09431966145833333,0.1484375,4096,3.340419616293788,1.2489904725180532,225.36043350575645,224.73491427838084,214.51538651751736,213.80414429085494,214.28072503088333,213.5620040006179,True,0.0,0.0,3.881664387238601,1.3126188760793593,-0.5412447709448132,0.8605637383993797,True,raw/hopper-medium-replay-v2/hopper-medium-replay-v2_tau7_mpi3_seed1.npz,1d721b3be702768f0227bb30722648b2c4c4000b1f38a1fa813b94fad9082ef8
p4|hopper-medium-replay-v2|7|1,p4,hopper-medium-replay-v2,7.0,1,1000000,f3cdc05d8d208c9ffb64acfbeb8cc8f5961898f251263eb089443798432cf0f4,64813c41742c009dc275abee81c80c7c8446065698229563dce16000082434af,f8d5429abc52be030d1edbe089cd6bf895401e43e7ee6c65380a7f4eaf7b6176,e121c5f7c9857a307baa9edc6a2c3b48e85fedb9ac316ecddd0f48ca7ef4e39b,db016c04b35377c51070ccf26dac616822660c41587c845c1a244d9652d1c247,727dbf65be4a75ce7b6267cab479044fd49c3346739e002fa0caca337a899a89,6053aa0c3d8947128610c1ece7b84f18d5e640d16ce7bc66593e62e6127f7976,99.64650942979311,stable,within_run_target_critic,27551aa0a6623a3f0acf567a6136b9cf04529a6ace65877ff8bef12880b8fe97,0.99,0.09415690104166667,0.1484375,4096,4.529386631140497,1.92303832327947,188.9272587240005,187.94351884516857,177.84687309707184,176.69218187987997,177.2421163150575,176.0764533614274,True,0.0,0.0,4.5764478731195934,1.9694891404453665,-0.04706124197909656,0.9897166441563735,True,raw/hopper-medium-replay-v2/hopper-medium-replay-v2_tau7_mpi4_seed1.npz,7e82ed8e90768754b7384a2815d63003d50a9b0e8d3ac18df947307110236b7a
p4|hopper-medium-replay-v2|7|1,p4,hopper-medium-replay-v2,7.0,1,1000000,f3cdc05d8d208c9ffb64acfbeb8cc8f5961898f251263eb089443798432cf0f4,64813c41742c009dc275abee81c80c7c8446065698229563dce16000082434af,f8d5429abc52be030d1edbe089cd6bf895401e43e7ee6c65380a7f4eaf7b6176,e121c5f7c9857a307baa9edc6a2c3b48e85fedb9ac316ecddd0f48ca7ef4e39b,db016c04b35377c51070ccf26dac616822660c41587c845c1a244d9652d1c247,727dbf65be4a75ce7b6267cab479044fd49c3346739e002fa0caca337a899a89,6053aa0c3d8947128610c1ece7b84f18d5e640d16ce7bc66593e62e6127f7976,99.64650942979311,stable,common_td3_target_critic,41aeeb92b897d8e0d0b58fc8198d71937388cad5e6feb0015db234f03dc9972c,0.99,0.09415690104166667,0.1484375,4096,3.2082528084398056,1.2126762856752613,225.28800262690638,224.73491427838084,214.42619343613904,213.80414429085494,214.191497849999,213.5620040006179,True,0.0,0.0,3.719159816631173,1.2604174794589926,-0.5109070081913671,0.8626283802307403,True,raw/hopper-medium-replay-v2/hopper-medium-replay-v2_tau7_mpi4_seed1.npz,7e82ed8e90768754b7384a2815d63003d50a9b0e8d3ac18df947307110236b7a
td3|hopper-medium-replay-v2|10|0,td3,hopper-medium-replay-v2,10.0,0,1000000,36297fcda87e50db223975fbc84d0651a367d2a194b4bd7817ee2e739fb3c228,f700ecf2dce09bc0804ab56a5fe7e83245ccb35330308661d623db3013a54c40,ef52caf578633abcc3ce4f712709bf58deaab73f09b2b0d5b79756ed708b216a,e121c5f7c9857a307baa9edc6a2c3b48e85fedb9ac316ecddd0f48ca7ef4e39b,db016c04b35377c51070ccf26dac616822660c41587c845c1a244d9652d1c247,727dbf65be4a75ce7b6267cab479044fd49c3346739e002fa0caca337a899a89,6053aa0c3d8947128610c1ece7b84f18d5e640d16ce7bc66593e62e6127f7976,37.300012803660074,stable,within_run_target_critic,a4b6896abbe71bbeec48043c9c3d8864ce6c39a57426e0b2ffc7aac835d074c7,0.99,0.10074869791666667,0.1484375,4096,4.748534457105794,1.7330042277091706,228.10930242341394,226.86194569552035,218.32523142106368,216.87228132770764,218.13201224773366,216.66593075011042,True,0.0,0.0,4.863004110681637,1.79158924341682,-0.11446965357584293,0.9764611234186684,True,raw/hopper-medium-replay-v2/hopper-medium-replay-v2_tau10_seed0.npz,6e07909195f18c794f816a6aecd9f0676fd8dcde7bcc21b925f54b97ed790321
td3|hopper-medium-replay-v2|10|0,td3,hopper-medium-replay-v2,10.0,0,1000000,36297fcda87e50db223975fbc84d0651a367d2a194b4bd7817ee2e739fb3c228,f700ecf2dce09bc0804ab56a5fe7e83245ccb35330308661d623db3013a54c40,ef52caf578633abcc3ce4f712709bf58deaab73f09b2b0d5b79756ed708b216a,e121c5f7c9857a307baa9edc6a2c3b48e85fedb9ac316ecddd0f48ca7ef4e39b,db016c04b35377c51070ccf26dac616822660c41587c845c1a244d9652d1c247,727dbf65be4a75ce7b6267cab479044fd49c3346739e002fa0caca337a899a89,6053aa0c3d8947128610c1ece7b84f18d5e640d16ce7bc66593e62e6127f7976,37.300012803660074,stable,common_td3_target_critic,a4b6896abbe71bbeec48043c9c3d8864ce6c39a57426e0b2ffc7aac835d074c7,0.99,0.10074869791666667,0.1484375,4096,4.748534457105794,1.7330042277091706,228.10930242341394,226.86194569552035,218.32523142106368,216.87228132770764,218.13201224773366,216.66593075011042,True,0.0,0.0,4.863004110681637,1.79158924341682,-0.11446965357584293,0.9764611234186684,True,raw/hopper-medium-replay-v2/hopper-medium-replay-v2_tau10_seed0.npz,6e07909195f18c794f816a6aecd9f0676fd8dcde7bcc21b925f54b97ed790321
p3|hopper-medium-replay-v2|10|0,p3,hopper-medium-replay-v2,10.0,0,1000000,7a31fdb685b37fab1816433ebe3950dfb150240965f50ee79ef76c7f3ccfde95,314abf5b9c951048e971ded3f3b4721857877c40c5c324c3879ace4fdf90fe28,f24ca52110fd0db2be8d3fe03e9ddd6ea46c134023f52e3c88f4f65205b294bc,e121c5f7c9857a307baa9edc6a2c3b48e85fedb9ac316ecddd0f48ca7ef4e39b,db016c04b35377c51070ccf26dac616822660c41587c845c1a244d9652d1c247,727dbf65be4a75ce7b6267cab479044fd49c3346739e002fa0caca337a899a89,6053aa0c3d8947128610c1ece7b84f18d5e640d16ce7bc66593e62e6127f7976,99.281114953505,stable,within_run_target_critic,250a64ec17fd667e64ed46669c948a88362381035bf963093fbeb1e5dc8f1792,0.99,0.09195963541666667,0.1484375,4096,4.585382609075621,1.7672574040369362,205.9454175408824,204.8925785552718,195.34221902323787,194.10179427713757,194.9143928977428,193.6611444816226,True,0.0,0.0,4.78800445331873,1.821687463359267,-0.20262184424310892,0.9576813584409545,True,raw/hopper-medium-replay-v2/hopper-medium-replay-v2_tau10_mpi3_seed0.npz,4314f7d7082ee93d34eea64a51007bb3af90bd2be47d3d7134ab5aa7f631d486
p3|hopper-medium-replay-v2|10|0,p3,hopper-medium-replay-v2,10.0,0,1000000,7a31fdb685b37fab1816433ebe3950dfb150240965f50ee79ef76c7f3ccfde95,314abf5b9c951048e971ded3f3b4721857877c40c5c324c3879ace4fdf90fe28,f24ca52110fd0db2be8d3fe03e9ddd6ea46c134023f52e3c88f4f65205b294bc,e121c5f7c9857a307baa9edc6a2c3b48e85fedb9ac316ecddd0f48ca7ef4e39b,db016c04b35377c51070ccf26dac616822660c41587c845c1a244d9652d1c247,727dbf65be4a75ce7b6267cab479044fd49c3346739e002fa0caca337a899a89,6053aa0c3d8947128610c1ece7b84f18d5e640d16ce7bc66593e62e6127f7976,99.281114953505,stable,common_td3_target_critic,a4b6896abbe71bbeec48043c9c3d8864ce6c39a57426e0b2ffc7aac835d074c7,0.99,0.09195963541666667,0.1484375,4096,4.032624570739794,1.2657554029398308,227.5754883462803,226.86194569552035,217.7033061445336,216.87228132770764,217.50550374366867,216.66593075011042,True,0.0,0.0,4.125703996225352,1.309138624886109,-0.09307942548555737,0.9774391411573111,True,raw/hopper-medium-replay-v2/hopper-medium-replay-v2_tau10_mpi3_seed0.npz,4314f7d7082ee93d34eea64a51007bb3af90bd2be47d3d7134ab5aa7f631d486
p4|hopper-medium-replay-v2|10|0,p4,hopper-medium-replay-v2,10.0,0,1000000,0beb94e7cabc763f57f8c30acb5769122bb10d4233f66715450c000d16615de6,881b256b87cf12cb5fae0bfee01c1609802c5ee8d0a7a27f2894d2fa390280fb,12760448813da7b9e1f6450263576b7aaa8e625edc39396bc87bcd5e600ac2d6,e121c5f7c9857a307baa9edc6a2c3b48e85fedb9ac316ecddd0f48ca7ef4e39b,db016c04b35377c51070ccf26dac616822660c41587c845c1a244d9652d1c247,727dbf65be4a75ce7b6267cab479044fd49c3346739e002fa0caca337a899a89,6053aa0c3d8947128610c1ece7b84f18d5e640d16ce7bc66593e62e6127f7976,100.34815828470234,stable,within_run_target_critic,be31b904b62eed6f324792e14c57aa2df787f8b31a1dca1a4cb8a1d79e7dcce5,0.99,0.09171549479166667,0.1484375,4096,4.720717821594613,1.8094682631981414,197.5527377899918,196.54817660655436,186.59420471815062,185.41308133908473,186.0768848976586,184.88219217881124,True,0.0,0.0,4.795076595959303,1.8425167464830157,-0.07435877436468985,0.9844926826763623,True,raw/hopper-medium-replay-v2/hopper-medium-replay-v2_tau10_mpi4_seed0.npz,9351a387eb6533db0cb0663e9579c36d8c5d33d735d6c47aec57fb87271f339a
p4|hopper-medium-replay-v2|10|0,p4,hopper-medium-replay-v2,10.0,0,1000000,0beb94e7cabc763f57f8c30acb5769122bb10d4233f66715450c000d16615de6,881b256b87cf12cb5fae0bfee01c1609802c5ee8d0a7a27f2894d2fa390280fb,12760448813da7b9e1f6450263576b7aaa8e625edc39396bc87bcd5e600ac2d6,e121c5f7c9857a307baa9edc6a2c3b48e85fedb9ac316ecddd0f48ca7ef4e39b,db016c04b35377c51070ccf26dac616822660c41587c845c1a244d9652d1c247,727dbf65be4a75ce7b6267cab479044fd49c3346739e002fa0caca337a899a89,6053aa0c3d8947128610c1ece7b84f18d5e640d16ce7bc66593e62e6127f7976,100.34815828470234,stable,common_td3_target_critic,a4b6896abbe71bbeec48043c9c3d8864ce6c39a57426e0b2ffc7aac835d074c7,0.99,0.09171549479166667,0.1484375,4096,4.046841686585451,1.2115444371262858,227.48687568559478,226.86194569552035,217.57924953532265,216.87228132770764,217.38080758474825,216.66593075011042,True,0.0,0.0,4.138112172202304,1.2507864698715276,-0.09127048561685314,0.9779439314791993,True,raw/hopper-medium-replay-v2/hopper-medium-replay-v2_tau10_mpi4_seed0.npz,9351a387eb6533db0cb0663e9579c36d8c5d33d735d6c47aec57fb87271f339a
td3|hopper-medium-replay-v2|10|1,td3,hopper-medium-replay-v2,10.0,1,1000000,cc84ec92847d4b7a7fc7a412aa33872f6df5adb784a4909a19dd8c112e64e61c,e4a0d698e5f630522eac7a2c30fbdeb59747c432b68d4fc07cb0f526b8b72b36,00a22ece1d639bfd6bfcf54c4bff4cf910c18c225ec123585b0275a9d2b2093f,e121c5f7c9857a307baa9edc6a2c3b48e85fedb9ac316ecddd0f48ca7ef4e39b,db016c04b35377c51070ccf26dac616822660c41587c845c1a244d9652d1c247,727dbf65be4a75ce7b6267cab479044fd49c3346739e002fa0caca337a899a89,6053aa0c3d8947128610c1ece7b84f18d5e640d16ce7bc66593e62e6127f7976,51.197164378925905,stable,within_run_target_critic,6a7227d9c8795cc5e4f028c9fb9c097f3c07d4203fcbab9527a01481b09f20be,0.99,0.09716796875,0.1484375,4096,4.361736551093942,1.7184771381746395,230.18461721064176,228.93864127323823,219.86900305276026,218.4207340371529,219.69004673152813,218.22683191963006,True,0.0,0.0,4.66917743592895,1.796870138818631,-0.30744088483500853,0.9341552363229387,True,raw/hopper-medium-replay-v2/hopper-medium-replay-v2_tau10_seed1.npz,b24204c8075a63d8b0eb26e732809bb2d2d43eafaa3f3321e70f6eb41cc43932
td3|hopper-medium-replay-v2|10|1,td3,hopper-medium-replay-v2,10.0,1,1000000,cc84ec92847d4b7a7fc7a412aa33872f6df5adb784a4909a19dd8c112e64e61c,e4a0d698e5f630522eac7a2c30fbdeb59747c432b68d4fc07cb0f526b8b72b36,00a22ece1d639bfd6bfcf54c4bff4cf910c18c225ec123585b0275a9d2b2093f,e121c5f7c9857a307baa9edc6a2c3b48e85fedb9ac316ecddd0f48ca7ef4e39b,db016c04b35377c51070ccf26dac616822660c41587c845c1a244d9652d1c247,727dbf65be4a75ce7b6267cab479044fd49c3346739e002fa0caca337a899a89,6053aa0c3d8947128610c1ece7b84f18d5e640d16ce7bc66593e62e6127f7976,51.197164378925905,stable,common_td3_target_critic,6a7227d9c8795cc5e4f028c9fb9c097f3c07d4203fcbab9527a01481b09f20be,0.99,0.09716796875,0.1484375,4096,4.361736551093942,1.7184771381746395,230.18461721064176,228.93864127323823,219.86900305276026,218.4207340371529,219.69004673152813,218.22683191963006,True,0.0,0.0,4.66917743592895,1.796870138818631,-0.30744088483500853,0.9341552363229387,True,raw/hopper-medium-replay-v2/hopper-medium-replay-v2_tau10_seed1.npz,b24204c8075a63d8b0eb26e732809bb2d2d43eafaa3f3321e70f6eb41cc43932
p3|hopper-medium-replay-v2|10|1,p3,hopper-medium-replay-v2,10.0,1,1000000,55640b6dcf951a32414dc44d8e23419dea57bbc6a00ec880dadcfdcd265444a6,da0db37185fb1e8e73b8d0d6af16d506df24bb7b35c5e738f5fdc4619fefaea9,6016945d1b32fe818fd6c6519e03d4168d33eab57152fa229e8013c1d820b057,e121c5f7c9857a307baa9edc6a2c3b48e85fedb9ac316ecddd0f48ca7ef4e39b,db016c04b35377c51070ccf26dac616822660c41587c845c1a244d9652d1c247,727dbf65be4a75ce7b6267cab479044fd49c3346739e002fa0caca337a899a89,6053aa0c3d8947128610c1ece7b84f18d5e640d16ce7bc66593e62e6127f7976,100.05549483118752,stable,within_run_target_critic,3c396a870edd505c926926f48bc6d1c26fc99f19bacdfe10e5b75494f093035e,0.99,0.08943684895833333,0.1484375,4096,4.585251580466912,1.7317963698475798,202.92234522273688,201.91502937503486,192.5696603124391,191.37395118677557,192.1129521621624,190.90482929399877,True,0.0,0.0,4.731294522214614,1.777516089842393,-0.1460429417477016,0.9691325616991304,True,raw/hopper-medium-replay-v2/hopper-medium-replay-v2_tau10_mpi3_seed1.npz,be47200ec40c6605b67e627af1f0ad4114104838d0af29c70994e240433791f6
p3|hopper-medium-replay-v2|10|1,p3,hopper-medium-replay-v2,10.0,1,1000000,55640b6dcf951a32414dc44d8e23419dea57bbc6a00ec880dadcfdcd265444a6,da0db37185fb1e8e73b8d0d6af16d506df24bb7b35c5e738f5fdc4619fefaea9,6016945d1b32fe818fd6c6519e03d4168d33eab57152fa229e8013c1d820b057,e121c5f7c9857a307baa9edc6a2c3b48e85fedb9ac316ecddd0f48ca7ef4e39b,db016c04b35377c51070ccf26dac616822660c41587c845c1a244d9652d1c247,727dbf65be4a75ce7b6267cab479044fd49c3346739e002fa0caca337a899a89,6053aa0c3d8947128610c1ece7b84f18d5e640d16ce7bc66593e62e6127f7976,100.05549483118752,stable,common_td3_target_critic,6a7227d9c8795cc5e4f028c9fb9c097f3c07d4203fcbab9527a01481b09f20be,0.99,0.08943684895833333,0.1484375,4096,3.3937220184246573,1.2463933152810203,229.62895006298248,228.93864127323823,219.21878494627734,218.4207340371529,219.0338678592816,218.22683191963006,True,0.0,0.0,3.668273122302881,1.298786582565517,-0.27455110387822357,0.9251552175302953,True,raw/hopper-medium-replay-v2/hopper-medium-replay-v2_tau10_mpi3_seed1.npz,be47200ec40c6605b67e627af1f0ad4114104838d0af29c70994e240433791f6
p4|hopper-medium-replay-v2|10|1,p4,hopper-medium-replay-v2,10.0,1,1000000,f5e0d997ac44cbf9b36b3c09f9f56d3253b13869d4d34c2bb1c0b41d00a13801,e521cf7e2c6b3af0da2e90b3b1e25e456b88d03c03284cfa55bf73901c9db50c,e750df91e901f76e79a99c4332f569511c1692d521435a07e5aef9287aa3fd2d,e121c5f7c9857a307baa9edc6a2c3b48e85fedb9ac316ecddd0f48ca7ef4e39b,db016c04b35377c51070ccf26dac616822660c41587c845c1a244d9652d1c247,727dbf65be4a75ce7b6267cab479044fd49c3346739e002fa0caca337a899a89,6053aa0c3d8947128610c1ece7b84f18d5e640d16ce7bc66593e62e6127f7976,100.57373205726077,stable,within_run_target_critic,2733986637dd88216c47a6e70694a77bbe96f8ca7d6a3d264581d3dcbfc1102f,0.99,0.092529296875,0.1484375,4096,4.395314730890425,1.759143970831865,197.78438560152696,196.8253914136208,187.15731984351513,186.0439155987396,186.64949613098725,185.5236592963338,True,0.0,0.0,4.502116726239384,1.800995947261399,-0.10680199534895962,0.976277381986457,True,raw/hopper-medium-replay-v2/hopper-medium-replay-v2_tau10_mpi4_seed1.npz,444e42e8eaef072f8ff3c64d38388f7dddaa3377ddd270608e66cef9974cb7c7
p4|hopper-medium-replay-v2|10|1,p4,hopper-medium-replay-v2,10.0,1,1000000,f5e0d997ac44cbf9b36b3c09f9f56d3253b13869d4d34c2bb1c0b41d00a13801,e521cf7e2c6b3af0da2e90b3b1e25e456b88d03c03284cfa55bf73901c9db50c,e750df91e901f76e79a99c4332f569511c1692d521435a07e5aef9287aa3fd2d,e121c5f7c9857a307baa9edc6a2c3b48e85fedb9ac316ecddd0f48ca7ef4e39b,db016c04b35377c51070ccf26dac616822660c41587c845c1a244d9652d1c247,727dbf65be4a75ce7b6267cab479044fd49c3346739e002fa0caca337a899a89,6053aa0c3d8947128610c1ece7b84f18d5e640d16ce7bc66593e62e6127f7976,100.57373205726077,stable,common_td3_target_critic,6a7227d9c8795cc5e4f028c9fb9c097f3c07d4203fcbab9527a01481b09f20be,0.99,0.092529296875,0.1484375,4096,3.0784010418627274,1.166755342729739,229.55233347374207,228.93864127323823,219.11529500637454,218.4207340371529,218.92764322279254,218.22683191963006,True,0.0,0.0,3.345046237120122,1.2082635268897866,-0.2666451952573947,0.9202865442341509,True,raw/hopper-medium-replay-v2/hopper-medium-replay-v2_tau10_mpi4_seed1.npz,444e42e8eaef072f8ff3c64d38388f7dddaa3377ddd270608e66cef9974cb7c7
td3|hopper-medium-replay-v2|14|0,td3,hopper-medium-replay-v2,14.0,0,1000000,f2e1994715b9c2d483c0fe335342fff485152622aa4635010ba599400efd9a6e,f7926b6a1d0c360022681e11f826d664b6914f54dff708edcdc270fc2cd5b591,7b700288c35bfe172485c1b7c6a4cc7f33fd792ed420506f63d6243956c67d0d,e121c5f7c9857a307baa9edc6a2c3b48e85fedb9ac316ecddd0f48ca7ef4e39b,db016c04b35377c51070ccf26dac616822660c41587c845c1a244d9652d1c247,727dbf65be4a75ce7b6267cab479044fd49c3346739e002fa0caca337a899a89,6053aa0c3d8947128610c1ece7b84f18d5e640d16ce7bc66593e62e6127f7976,30.743447948594604,stable,within_run_target_critic,fe5b3dd96be5953b90a93d6cf455f073a6240ae7496c12a3e9dc0ee401857074,0.99,0.098876953125,0.1484375,4096,5.452181519802764,2.128676798485103,237.85469406536674,236.15607969942863,227.42064635105447,225.55213182464144,227.3183762349654,225.43125456775306,True,0.0,0.0,5.783934986313403,2.2346938977009265,-0.331753466510639,0.942642255264682,True,raw/hopper-medium-replay-v2/hopper-medium-replay-v2_tau14_seed0.npz,bdeea22201d3cbc173a500f5f8093fcd93ff791c6421face697836d6c7de05bb
td3|hopper-medium-replay-v2|14|0,td3,hopper-medium-replay-v2,14.0,0,1000000,f2e1994715b9c2d483c0fe335342fff485152622aa4635010ba599400efd9a6e,f7926b6a1d0c360022681e11f826d664b6914f54dff708edcdc270fc2cd5b591,7b700288c35bfe172485c1b7c6a4cc7f33fd792ed420506f63d6243956c67d0d,e121c5f7c9857a307baa9edc6a2c3b48e85fedb9ac316ecddd0f48ca7ef4e39b,db016c04b35377c51070ccf26dac616822660c41587c845c1a244d9652d1c247,727dbf65be4a75ce7b6267cab479044fd49c3346739e002fa0caca337a899a89,6053aa0c3d8947128610c1ece7b84f18d5e640d16ce7bc66593e62e6127f7976,30.743447948594604,stable,common_td3_target_critic,fe5b3dd96be5953b90a93d6cf455f073a6240ae7496c12a3e9dc0ee401857074,0.99,0.098876953125,0.1484375,4096,5.452181519802764,2.128676798485103,237.85469406536674,236.15607969942863,227.42064635105447,225.55213182464144,227.3183762349654,225.43125456775306,True,0.0,0.0,5.783934986313403,2.2346938977009265,-0.331753466510639,0.942642255264682,True,raw/hopper-medium-replay-v2/hopper-medium-replay-v2_tau14_seed0.npz,bdeea22201d3cbc173a500f5f8093fcd93ff791c6421face697836d6c7de05bb
p3|hopper-medium-replay-v2|14|0,p3,hopper-medium-replay-v2,14.0,0,1000000,51b95a71257786b1f412721cdb0a4bc4161852c322dde50f028ed02209412ddb,372d44e9891de4d9cd8b4fbe42e3a6b51fc0cbea39a1679661f84d0634c80fc7,5b51f3e84ae414da1003ec80a873dabe6f96de969270dff1f9535985df33a014,e121c5f7c9857a307baa9edc6a2c3b48e85fedb9ac316ecddd0f48ca7ef4e39b,db016c04b35377c51070ccf26dac616822660c41587c845c1a244d9652d1c247,727dbf65be4a75ce7b6267cab479044fd49c3346739e002fa0caca337a899a89,6053aa0c3d8947128610c1ece7b84f18d5e640d16ce7bc66593e62e6127f7976,100.76144225906218,stable,within_run_target_critic,b0e380c371f750d76fd2e84edfaf5100216141d990154093c3c66b62e2f26b8f,0.99,0.09407552083333333,0.1484375,4096,4.760973865217616,1.7063598138878298,213.2422232039429,212.1419755122112,202.53557230934402,201.243143925784,202.18072177862632,200.87524357785878,True,0.0,0.0,4.9406854879143145,1.758401030025707,-0.17971162269669883,0.963626176340044,True,raw/hopper-medium-replay-v2/hopper-medium-replay-v2_tau14_mpi3_seed0.npz,1606dc4029b13e2ae910daff99f136591d381d28277deae2da6fbc3e83e9d6d2
p3|hopper-medium-replay-v2|14|0,p3,hopper-medium-replay-v2,14.0,0,1000000,51b95a71257786b1f412721cdb0a4bc4161852c322dde50f028ed02209412ddb,372d44e9891de4d9cd8b4fbe42e3a6b51fc0cbea39a1679661f84d0634c80fc7,5b51f3e84ae414da1003ec80a873dabe6f96de969270dff1f9535985df33a014,e121c5f7c9857a307baa9edc6a2c3b48e85fedb9ac316ecddd0f48ca7ef4e39b,db016c04b35377c51070ccf26dac616822660c41587c845c1a244d9652d1c247,727dbf65be4a75ce7b6267cab479044fd49c3346739e002fa0caca337a899a89,6053aa0c3d8947128610c1ece7b84f18d5e640d16ce7bc66593e62e6127f7976,100.76144225906218,stable,common_td3_target_critic,fe5b3dd96be5953b90a93d6cf455f073a6240ae7496c12a3e9dc0ee401857074,0.99,0.09407552083333333,0.1484375,4096,4.323171274880175,1.4188704928246443,236.85047411679616,236.15607969942863,226.34153319986234,225.55213182464144,226.2280828463554,225.43125456775306,True,0.0,0.0,4.4771197636158595,1.4645104654648458,-0.15394848873568456,0.9656143912015096,True,raw/hopper-medium-replay-v2/hopper-medium-replay-v2_tau14_mpi3_seed0.npz,1606dc4029b13e2ae910daff99f136591d381d28277deae2da6fbc3e83e9d6d2
p4|hopper-medium-replay-v2|14|0,p4,hopper-medium-replay-v2,14.0,0,1000000,db0e4dbd7ce70c773677c207d32468a072faf2d776805921964f4dc4013e42a5,e4ce64aa0b6ee3ca2963ea831582475ae1eff28fcb785ce27b16e2a8d818dca5,9c23a8e1e21e4bae81351273cf78145c667a9e084864aee66c3fc24a058a8c20,e121c5f7c9857a307baa9edc6a2c3b48e85fedb9ac316ecddd0f48ca7ef4e39b,db016c04b35377c51070ccf26dac616822660c41587c845c1a244d9652d1c247,727dbf65be4a75ce7b6267cab479044fd49c3346739e002fa0caca337a899a89,6053aa0c3d8947128610c1ece7b84f18d5e640d16ce7bc66593e62e6127f7976,99.17297844727486,stable,within_run_target_critic,daa52985ab6e88e6ff8ea0c04732f41c45ac9ce53f9b1361b5c562cfc466fa5c,0.99,0.09212239583333333,0.1484375,4096,4.460350589196492,1.8159217511526369,206.72242824996138,205.60398667244039,195.97239243733605,194.6813272532084,195.5490561425613,194.24444356664753,True,0.0,0.0,4.57209287377673,1.8597235544520663,-0.11174228458023805,0.975559926785141,True,raw/hopper-medium-replay-v2/hopper-medium-replay-v2_tau14_mpi4_seed0.npz,82a271d8656a7be10a81c11c03c543b2119891e111b8525b9dbd7820bfefc5d5
p4|hopper-medium-replay-v2|14|0,p4,hopper-medium-replay-v2,14.0,0,1000000,db0e4dbd7ce70c773677c207d32468a072faf2d776805921964f4dc4013e42a5,e4ce64aa0b6ee3ca2963ea831582475ae1eff28fcb785ce27b16e2a8d818dca5,9c23a8e1e21e4bae81351273cf78145c667a9e084864aee66c3fc24a058a8c20,e121c5f7c9857a307baa9edc6a2c3b48e85fedb9ac316ecddd0f48ca7ef4e39b,db016c04b35377c51070ccf26dac616822660c41587c845c1a244d9652d1c247,727dbf65be4a75ce7b6267cab479044fd49c3346739e002fa0caca337a899a89,6053aa0c3d8947128610c1ece7b84f18d5e640d16ce7bc66593e62e6127f7976,99.17297844727486,stable,common_td3_target_critic,fe5b3dd96be5953b90a93d6cf455f073a6240ae7496c12a3e9dc0ee401857074,0.99,0.09212239583333333,0.1484375,4096,4.370674116181338,1.3503495525981997,236.77514032571855,236.15607969942863,226.27414233866165,225.55213182464144,226.15990363497986,225.43125456775306,True,0.0,0.0,4.586913652973055,1.403579780985892,-0.2162395367917176,0.9528572907293427,True,raw/hopper-medium-replay-v2/hopper-medium-replay-v2_tau14_mpi4_seed0.npz,82a271d8656a7be10a81c11c03c543b2119891e111b8525b9dbd7820bfefc5d5
td3|hopper-medium-replay-v2|14|1,td3,hopper-medium-replay-v2,14.0,1,1000000,4f18af1b163be614308da31904bfb176b8107d93cbcba7975a87c9bfb751ef92,f23a8cace532f2540dca22b8242be3ef3325d5d3f971a6d2bffa708075e2abd6,7f0f2fd6231cc4040e8d3c205880d9d980d461a316dd3445ab772425ed6ecb6d,e121c5f7c9857a307baa9edc6a2c3b48e85fedb9ac316ecddd0f48ca7ef4e39b,db016c04b35377c51070ccf26dac616822660c41587c845c1a244d9652d1c247,727dbf65be4a75ce7b6267cab479044fd49c3346739e002fa0caca337a899a89,6053aa0c3d8947128610c1ece7b84f18d5e640d16ce7bc66593e62e6127f7976,37.57634407045641,stable,within_run_target_critic,e5555cc21ab7ad9dc564df88ea5be585d560a095acd599c672718d332b29de57,0.99,0.10009765625,0.1484375,4096,4.35916425746721,1.6741231064661406,235.0866652896517,233.89023256622514,224.99040208502066,223.58073497734821,224.86381262687792,223.44004092090472,True,0.0,0.0,4.639732622653777,1.7431413987907582,-0.2805683651865669,0.9395291953211539,True,raw/hopper-medium-replay-v2/hopper-medium-replay-v2_tau14_seed1.npz,afbd907563c8f411f2972f6857fde77c92e4d74fb6acf34339113c28f7cd6a39
td3|hopper-medium-replay-v2|14|1,td3,hopper-medium-replay-v2,14.0,1,1000000,4f18af1b163be614308da31904bfb176b8107d93cbcba7975a87c9bfb751ef92,f23a8cace532f2540dca22b8242be3ef3325d5d3f971a6d2bffa708075e2abd6,7f0f2fd6231cc4040e8d3c205880d9d980d461a316dd3445ab772425ed6ecb6d,e121c5f7c9857a307baa9edc6a2c3b48e85fedb9ac316ecddd0f48ca7ef4e39b,db016c04b35377c51070ccf26dac616822660c41587c845c1a244d9652d1c247,727dbf65be4a75ce7b6267cab479044fd49c3346739e002fa0caca337a899a89,6053aa0c3d8947128610c1ece7b84f18d5e640d16ce7bc66593e62e6127f7976,37.57634407045641,stable,common_td3_target_critic,e5555cc21ab7ad9dc564df88ea5be585d560a095acd599c672718d332b29de57,0.99,0.10009765625,0.1484375,4096,4.35916425746721,1.6741231064661406,235.0866652896517,233.89023256622514,224.99040208502066,223.58073497734821,224.86381262687792,223.44004092090472,True,0.0,0.0,4.639732622653777,1.7431413987907582,-0.2805683651865669,0.9395291953211539,True,raw/hopper-medium-replay-v2/hopper-medium-replay-v2_tau14_seed1.npz,afbd907563c8f411f2972f6857fde77c92e4d74fb6acf34339113c28f7cd6a39
p3|hopper-medium-replay-v2|14|1,p3,hopper-medium-replay-v2,14.0,1,1000000,4bbd12ef21f1585bd02a2286520aabfc3d1fcebdb24cd9d235f1303924cd3067,9b15c505ced513e3db210f6f17a77f719d9176b030cb9d8cd566b5a6a611001e,b93572d48b7f7fc6f5f760f656f447acf5dfd244a0325352c87bfdc855583154,e121c5f7c9857a307baa9edc6a2c3b48e85fedb9ac316ecddd0f48ca7ef4e39b,db016c04b35377c51070ccf26dac616822660c41587c845c1a244d9652d1c247,727dbf65be4a75ce7b6267cab479044fd49c3346739e002fa0caca337a899a89,6053aa0c3d8947128610c1ece7b84f18d5e640d16ce7bc66593e62e6127f7976,100.23296510840105,stable,within_run_target_critic,b79d8c197c47502cd283709b02b26d77ed7af5edfb6502db88e458cd1b42d5f1,0.99,0.08968098958333333,0.1484375,4096,4.565003696404078,1.756104584870045,215.6868627214036,214.54793717963273,205.00298907609792,203.6734909259061,204.67429179394094,203.33029757435725,True,0.0,0.0,4.796045410140875,1.8282992360081698,-0.23104171373679705,0.951826620897234,True,raw/hopper-medium-replay-v2/hopper-medium-replay-v2_tau14_mpi3_seed1.npz,8184a07acd8e222f354b8eb565bc65d13342c3c0eac51da7d8bff94a8949a12b
p3|hopper-medium-replay-v2|14|1,p3,hopper-medium-replay-v2,14.0,1,1000000,4bbd12ef21f1585bd02a2286520aabfc3d1fcebdb24cd9d235f1303924cd3067,9b15c505ced513e3db210f6f17a77f719d9176b030cb9d8cd566b5a6a611001e,b93572d48b7f7fc6f5f760f656f447acf5dfd244a0325352c87bfdc855583154,e121c5f7c9857a307baa9edc6a2c3b48e85fedb9ac316ecddd0f48ca7ef4e39b,db016c04b35377c51070ccf26dac616822660c41587c845c1a244d9652d1c247,727dbf65be4a75ce7b6267cab479044fd49c3346739e002fa0caca337a899a89,6053aa0c3d8947128610c1ece7b84f18d5e640d16ce7bc66593e62e6127f7976,100.23296510840105,stable,common_td3_target_critic,e5555cc21ab7ad9dc564df88ea5be585d560a095acd599c672718d332b29de57,0.99,0.08968098958333333,0.1484375,4096,3.695329192433378,1.2241312373221445,234.60728405372035,233.89023256622514,224.40540777280916,223.58073497734821,224.2731801525224,223.44004092090472,True,0.0,0.0,3.860596390062191,1.2654710691876243,-0.16526719762881292,0.9571912779967785,True,raw/hopper-medium-replay-v2/hopper-medium-replay-v2_tau14_mpi3_seed1.npz,8184a07acd8e222f354b8eb565bc65d13342c3c0eac51da7d8bff94a8949a12b
p4|hopper-medium-replay-v2|14|1,p4,hopper-medium-replay-v2,14.0,1,1000000,49e5152b46fd10bd1da349c472eb12e0e97ffe2285a8692bfc567ea05b46d8db,007cb65b586a9f08dacc7d9e3e262b6744f81258b204ab5cbde86eee45c0bef4,c4acad2ac1cf904f16ebfe3d2e9eb288caa68ce3319b746385dcf5ec16677618,e121c5f7c9857a307baa9edc6a2c3b48e85fedb9ac316ecddd0f48ca7ef4e39b,db016c04b35377c51070ccf26dac616822660c41587c845c1a244d9652d1c247,727dbf65be4a75ce7b6267cab479044fd49c3346739e002fa0caca337a899a89,6053aa0c3d8947128610c1ece7b84f18d5e640d16ce7bc66593e62e6127f7976,100.89983846304733,stable,within_run_target_critic,adcbfe285827d91c20f067ee39c56bac8b4086ad7613d09b839706967594c0b0,0.99,0.09309895833333333,0.1484375,4096,4.542636922814137,1.7515617082931567,204.72496500354532,203.67228372836553,194.27498199541765,193.05469152600347,193.83700072823558,192.60594578128075,True,0.0,0.0,4.709563946608459,1.797432005495648,-0.16692702379432234,0.9645557368608334,True,raw/hopper-medium-replay-v2/hopper-medium-replay-v2_tau14_mpi4_seed1.npz,984acaa0c34fe8406d492d97ef53dfe4b38a9a56a759d6af364bde7fda183d6a
p4|hopper-medium-replay-v2|14|1,p4,hopper-medium-replay-v2,14.0,1,1000000,49e5152b46fd10bd1da349c472eb12e0e97ffe2285a8692bfc567ea05b46d8db,007cb65b586a9f08dacc7d9e3e262b6744f81258b204ab5cbde86eee45c0bef4,c4acad2ac1cf904f16ebfe3d2e9eb288caa68ce3319b746385dcf5ec16677618,e121c5f7c9857a307baa9edc6a2c3b48e85fedb9ac316ecddd0f48ca7ef4e39b,db016c04b35377c51070ccf26dac616822660c41587c845c1a244d9652d1c247,727dbf65be4a75ce7b6267cab479044fd49c3346739e002fa0caca337a899a89,6053aa0c3d8947128610c1ece7b84f18d5e640d16ce7bc66593e62e6127f7976,100.89983846304733,stable,common_td3_target_critic,e5555cc21ab7ad9dc564df88ea5be585d560a095acd599c672718d332b29de57,0.99,0.09309895833333333,0.1484375,4096,3.387609802045458,1.148962960716599,234.49009783514057,233.89023256622514,224.2708004248496,223.58073497734821,224.13750959018944,223.44004092090472,True,0.0,0.0,3.5438727885791907,1.1793100916332333,-0.15626298653373283,0.9559061524337668,True,raw/hopper-medium-replay-v2/hopper-medium-replay-v2_tau14_mpi4_seed1.npz,984acaa0c34fe8406d492d97ef53dfe4b38a9a56a759d6af364bde7fda183d6a
td3|hopper-medium-replay-v2|20|0,td3,hopper-medium-replay-v2,20.0,0,1000000,34d7c6b91ba1767559adfd9e89d2e1d25d6c0acd696950acd74a127745dd3517,4737e1de11f380df7206ff4bc3568d9a551762035cc13b5c332a3fefc43080a5,7eb4e435a0d2e7b174000e29d1bf89a86675afec5d9be992f4d79369b7d41881,e121c5f7c9857a307baa9edc6a2c3b48e85fedb9ac316ecddd0f48ca7ef4e39b,db016c04b35377c51070ccf26dac616822660c41587c845c1a244d9652d1c247,727dbf65be4a75ce7b6267cab479044fd49c3346739e002fa0caca337a899a89,6053aa0c3d8947128610c1ece7b84f18d5e640d16ce7bc66593e62e6127f7976,32.43415835898813,stable,within_run_target_critic,5868e1f17c66e7993a5dac6b40938cb6dddbd3cf851fc6a54aec557bb7bb2748,0.99,0.10335286458333333,0.1484375,4096,4.546197045055378,1.7161367582794627,238.92092530285967,237.63378370443917,228.85935204175115,227.33019867811896,228.76833250801428,227.2243915803847,True,0.0,0.0,4.772653078693326,1.8010250737096067,-0.2264560336379473,0.9525513315332051,True,raw/hopper-medium-replay-v2/hopper-medium-replay-v2_tau20_seed0.npz,81b4e482f1339eaed9a05082c65710f026d93f219559229bb1de3263ebbde027
td3|hopper-medium-replay-v2|20|0,td3,hopper-medium-replay-v2,20.0,0,1000000,34d7c6b91ba1767559adfd9e89d2e1d25d6c0acd696950acd74a127745dd3517,4737e1de11f380df7206ff4bc3568d9a551762035cc13b5c332a3fefc43080a5,7eb4e435a0d2e7b174000e29d1bf89a86675afec5d9be992f4d79369b7d41881,e121c5f7c9857a307baa9edc6a2c3b48e85fedb9ac316ecddd0f48ca7ef4e39b,db016c04b35377c51070ccf26dac616822660c41587c845c1a244d9652d1c247,727dbf65be4a75ce7b6267cab479044fd49c3346739e002fa0caca337a899a89,6053aa0c3d8947128610c1ece7b84f18d5e640d16ce7bc66593e62e6127f7976,32.43415835898813,stable,common_td3_target_critic,5868e1f17c66e7993a5dac6b40938cb6dddbd3cf851fc6a54aec557bb7bb2748,0.99,0.10335286458333333,0.1484375,4096,4.546197045055378,1.7161367582794627,238.92092530285967,237.63378370443917,228.85935204175115,227.33019867811896,228.76833250801428,227.2243915803847,True,0.0,0.0,4.772653078693326,1.8010250737096067,-0.2264560336379473,0.9525513315332051,True,raw/hopper-medium-replay-v2/hopper-medium-replay-v2_tau20_seed0.npz,81b4e482f1339eaed9a05082c65710f026d93f219559229bb1de3263ebbde027
p3|hopper-medium-replay-v2|20|0,p3,hopper-medium-replay-v2,20.0,0,1000000,c531b4396881af68a9af7c3e3bd642d154acd47aa8fee4cc776de95e00de7373,1fa82837c4456c77a80390f9dde40f8ef4b0352ad20e4a5b8edb3376aed511f8,371a1e2fab7bbab8e3afe93497264bbf7943b8dd2214fe89fd53f93ff6d780c9,e121c5f7c9857a307baa9edc6a2c3b48e85fedb9ac316ecddd0f48ca7ef4e39b,db016c04b35377c51070ccf26dac616822660c41587c845c1a244d9652d1c247,727dbf65be4a75ce7b6267cab479044fd49c3346739e002fa0caca337a899a89,6053aa0c3d8947128610c1ece7b84f18d5e640d16ce7bc66593e62e6127f7976,100.11333711195589,stable,within_run_target_critic,498fff00ea5532cd3626a52b340ee3569b0c40a4a9b598ed50e33ef7b9e74a47,0.99,0.09676106770833333,0.1484375,4096,4.973294105794321,1.6629456831772402,220.667373487257,219.51592744975744,210.39265663964764,209.04041764848563,210.11730597932183,208.75004897644976,True,0.0,0.0,5.2723523166087825,1.7359253325563624,-0.2990582108144615,0.9432780298326463,True,raw/hopper-medium-replay-v2/hopper-medium-replay-v2_tau20_mpi3_seed0.npz,8e5654aed82415d627a5d80b4edcbbd2f432d96b79819fd83a8250010d8ec462
p3|hopper-medium-replay-v2|20|0,p3,hopper-medium-replay-v2,20.0,0,1000000,c531b4396881af68a9af7c3e3bd642d154acd47aa8fee4cc776de95e00de7373,1fa82837c4456c77a80390f9dde40f8ef4b0352ad20e4a5b8edb3376aed511f8,371a1e2fab7bbab8e3afe93497264bbf7943b8dd2214fe89fd53f93ff6d780c9,e121c5f7c9857a307baa9edc6a2c3b48e85fedb9ac316ecddd0f48ca7ef4e39b,db016c04b35377c51070ccf26dac616822660c41587c845c1a244d9652d1c247,727dbf65be4a75ce7b6267cab479044fd49c3346739e002fa0caca337a899a89,6053aa0c3d8947128610c1ece7b84f18d5e640d16ce7bc66593e62e6127f7976,100.11333711195589,stable,common_td3_target_critic,5868e1f17c66e7993a5dac6b40938cb6dddbd3cf851fc6a54aec557bb7bb2748,0.99,0.09676106770833333,0.1484375,4096,3.9031128023292334,1.21957701053645,238.3806240919505,237.63378370443917,228.20142155058,227.33019867811896,228.10409434052417,227.2243915803847,True,0.0,0.0,3.9580327591237174,1.2672879312813166,-0.054919956794484026,0.9861244309643756,True,raw/hopper-medium-replay-v2/hopper-medium-replay-v2_tau20_mpi3_seed0.npz,8e5654aed82415d627a5d80b4edcbbd2f432d96b79819fd83a8250010d8ec462
p4|hopper-medium-replay-v2|20|0,p4,hopper-medium-replay-v2,20.0,0,1000000,bb4b69c03c334fae4b1156aba852341f1afbe6512843bac3d86490f7e620b1a5,df946c3140c4a59c73a25be1a5eadda5b9c015b3a396207ac3dd54cddcfc3242,ae75c3de3a5ff62a622856284e369a42a5386a5ca3b48f51ac5e30349ba32f3e,e121c5f7c9857a307baa9edc6a2c3b48e85fedb9ac316ecddd0f48ca7ef4e39b,db016c04b35377c51070ccf26dac616822660c41587c845c1a244d9652d1c247,727dbf65be4a75ce7b6267cab479044fd49c3346739e002fa0caca337a899a89,6053aa0c3d8947128610c1ece7b84f18d5e640d16ce7bc66593e62e6127f7976,100.66232850532435,stable,within_run_target_critic,033148a664a54c0b33f2fb43762472a8e56b9593f5133f61ff4cab19a68a95ce,0.99,0.093505859375,0.1484375,4096,4.83543743655274,1.7491349346813512,214.786154375168,213.62634486970543,204.19003241197092,202.85272936493482,203.85225414253364,202.50109485808935,True,0.0,0.0,5.020346484564796,1.8103347696371201,-0.18490904801205588,0.9631680704547855,True,raw/hopper-medium-replay-v2/hopper-medium-replay-v2_tau20_mpi4_seed0.npz,f238aee561642bd160e5430a919f983cd0afa4a076a4639b3cac86757a62eb44
p4|hopper-medium-replay-v2|20|0,p4,hopper-medium-replay-v2,20.0,0,1000000,bb4b69c03c334fae4b1156aba852341f1afbe6512843bac3d86490f7e620b1a5,df946c3140c4a59c73a25be1a5eadda5b9c015b3a396207ac3dd54cddcfc3242,ae75c3de3a5ff62a622856284e369a42a5386a5ca3b48f51ac5e30349ba32f3e,e121c5f7c9857a307baa9edc6a2c3b48e85fedb9ac316ecddd0f48ca7ef4e39b,db016c04b35377c51070ccf26dac616822660c41587c845c1a244d9652d1c247,727dbf65be4a75ce7b6267cab479044fd49c3346739e002fa0caca337a899a89,6053aa0c3d8947128610c1ece7b84f18d5e640d16ce7bc66593e62e6127f7976,100.66232850532435,stable,common_td3_target_critic,5868e1f17c66e7993a5dac6b40938cb6dddbd3cf851fc6a54aec557bb7bb2748,0.99,0.093505859375,0.1484375,4096,3.5358969030588865,1.1168114227271873,238.30739717618007,237.63378370443917,228.09339267966354,227.33019867811896,227.99568987148814,227.2243915803847,True,0.0,0.0,3.6138215819049644,1.1604742715967586,-0.0779246788460779,0.9784370431467175,True,raw/hopper-medium-replay-v2/hopper-medium-replay-v2_tau20_mpi4_seed0.npz,f238aee561642bd160e5430a919f983cd0afa4a076a4639b3cac86757a62eb44
td3|hopper-medium-replay-v2|20|1,td3,hopper-medium-replay-v2,20.0,1,1000000,3563162ea2f6d1e397ab8f6772764d12ed9309e49d327e63a8711aaf3981ae46,c9b37ceaa6a9ee0c7ce7fc49bfbd234b8ba52cb1041639fc03fc05e9fe3ec7f9,e9a88c544d3c188cc2dbadb8556937e9c673d7994029fc664ba2f34a3b9e3999,e121c5f7c9857a307baa9edc6a2c3b48e85fedb9ac316ecddd0f48ca7ef4e39b,db016c04b35377c51070ccf26dac616822660c41587c845c1a244d9652d1c247,727dbf65be4a75ce7b6267cab479044fd49c3346739e002fa0caca337a899a89,6053aa0c3d8947128610c1ece7b84f18d5e640d16ce7bc66593e62e6127f7976,36.6648293889528,stable,within_run_target_critic,def934e979c93bcf143e0ae2c249b7bd21fd713d270d41635d2f0305acbcdf59,0.99,0.10888671875,0.1484375,4096,4.425604202679517,1.8791559329054144,249.2669278727925,247.85011739083498,239.02192181275683,237.36285155758992,239.03447532633436,237.35958332208975,True,0.0,0.0,4.809698208307804,1.9728785826785316,-0.3840940056282873,0.9201417658669642,True,raw/hopper-medium-replay-v2/hopper-medium-replay-v2_tau20_seed1.npz,16a7d9e5d5e3866d149ecde267c382906df061b9a2f4d8de0cded63725e9c462
td3|hopper-medium-replay-v2|20|1,td3,hopper-medium-replay-v2,20.0,1,1000000,3563162ea2f6d1e397ab8f6772764d12ed9309e49d327e63a8711aaf3981ae46,c9b37ceaa6a9ee0c7ce7fc49bfbd234b8ba52cb1041639fc03fc05e9fe3ec7f9,e9a88c544d3c188cc2dbadb8556937e9c673d7994029fc664ba2f34a3b9e3999,e121c5f7c9857a307baa9edc6a2c3b48e85fedb9ac316ecddd0f48ca7ef4e39b,db016c04b35377c51070ccf26dac616822660c41587c845c1a244d9652d1c247,727dbf65be4a75ce7b6267cab479044fd49c3346739e002fa0caca337a899a89,6053aa0c3d8947128610c1ece7b84f18d5e640d16ce7bc66593e62e6127f7976,36.6648293889528,stable,common_td3_target_critic,def934e979c93bcf143e0ae2c249b7bd21fd713d270d41635d2f0305acbcdf59,0.99,0.10888671875,0.1484375,4096,4.425604202679517,1.8791559329054144,249.2669278727925,247.85011739083498,239.02192181275683,237.36285155758992,239.03447532633436,237.35958332208975,True,0.0,0.0,4.809698208307804,1.9728785826785316,-0.3840940056282873,0.9201417658669642,True,raw/hopper-medium-replay-v2/hopper-medium-replay-v2_tau20_seed1.npz,16a7d9e5d5e3866d149ecde267c382906df061b9a2f4d8de0cded63725e9c462
p3|hopper-medium-replay-v2|20|1,p3,hopper-medium-replay-v2,20.0,1,1000000,4ddae3c1384ea3579af215e217b3c4beb1691622681ec92519cd15986f6b43f5,5a2010c39a001358be295b5b28796c88ead6ddbf4623a3c0a07600e51427ff8d,828f3d8ddda591a755dd86cde58489f42d5420bcdc045553fbd72cfec1f2ea26,e121c5f7c9857a307baa9edc6a2c3b48e85fedb9ac316ecddd0f48ca7ef4e39b,db016c04b35377c51070ccf26dac616822660c41587c845c1a244d9652d1c247,727dbf65be4a75ce7b6267cab479044fd49c3346739e002fa0caca337a899a89,6053aa0c3d8947128610c1ece7b84f18d5e640d16ce7bc66593e62e6127f7976,99.6500877972906,stable,within_run_target_critic,12804c305bc909e102db6dc5c63c3f8690875086f69bbdaa683c6dedf8c73c0f,0.99,0.093994140625,0.1484375,4096,4.532422864535902,1.6436032209628317,219.5714209839452,218.45944757067596,209.29167463678536,207.99024768544,209.00292471141438,207.68787220401282,True,0.0,0.0,4.754065215941386,1.7015917551549502,-0.22164235140548438,0.9533783527701154,True,raw/hopper-medium-replay-v2/hopper-medium-replay-v2_tau20_mpi3_seed1.npz,e594e96302d0d4f48cfb2ceeb2fc848c8f4e844a2d55c2011b414019d3e0aea2
p3|hopper-medium-replay-v2|20|1,p3,hopper-medium-replay-v2,20.0,1,1000000,4ddae3c1384ea3579af215e217b3c4beb1691622681ec92519cd15986f6b43f5,5a2010c39a001358be295b5b28796c88ead6ddbf4623a3c0a07600e51427ff8d,828f3d8ddda591a755dd86cde58489f42d5420bcdc045553fbd72cfec1f2ea26,e121c5f7c9857a307baa9edc6a2c3b48e85fedb9ac316ecddd0f48ca7ef4e39b,db016c04b35377c51070ccf26dac616822660c41587c845c1a244d9652d1c247,727dbf65be4a75ce7b6267cab479044fd49c3346739e002fa0caca337a899a89,6053aa0c3d8947128610c1ece7b84f18d5e640d16ce7bc66593e62e6127f7976,99.6500877972906,stable,common_td3_target_critic,def934e979c93bcf143e0ae2c249b7bd21fd713d270d41635d2f0305acbcdf59,0.99,0.093994140625,0.1484375,4096,3.6752187283606594,1.2903982656638253,248.6321861333355,247.85011739083498,238.28650799929432,237.36285155758992,238.291834196556,237.35958332208975,True,0.0,0.0,3.973624030672377,1.3433581126057832,-0.2984053023117177,0.9249034886017578,True,raw/hopper-medium-replay-v2/hopper-medium-replay-v2_tau20_mpi3_seed1.npz,e594e96302d0d4f48cfb2ceeb2fc848c8f4e844a2d55c2011b414019d3e0aea2
p4|hopper-medium-replay-v2|20|1,p4,hopper-medium-replay-v2,20.0,1,1000000,6dbd40cbe24c858f92bbcfc66a949279d250fa8648d9836ee9679cd0b6c8f9e1,53dc02cb533c990f2655478622a88a08b384c6f8051e41f7f40d09f07323dff7,ea26e3d9509cccd9bb616fb6329031cc5e8328f5d8ddd5c5e741cb3f5c67baac,e121c5f7c9857a307baa9edc6a2c3b48e85fedb9ac316ecddd0f48ca7ef4e39b,db016c04b35377c51070ccf26dac616822660c41587c845c1a244d9652d1c247,727dbf65be4a75ce7b6267cab479044fd49c3346739e002fa0caca337a899a89,6053aa0c3d8947128610c1ece7b84f18d5e640d16ce7bc66593e62e6127f7976,98.39045318868453,stable,within_run_target_critic,698d9c89f5b5f7ce7fbb306e734a340d234ac0ddfd31107a9f896c040a855c5f,0.99,0.09220377604166667,0.1484375,4096,5.219636301102707,1.781599040510191,213.96318771434417,212.77106732427765,203.76169487665774,202.38038591605584,203.4221514459059,202.0266120662709,True,0.0,0.0,5.639911421411728,1.8373094662524818,-0.4202751203090216,0.9254819643596774,True,raw/hopper-medium-replay-v2/hopper-medium-replay-v2_tau20_mpi4_seed1.npz,e381a9ae3c08f6e0c3a4a4ec26055d835916c5810b7169ac051dceb9b4cef984
p4|hopper-medium-replay-v2|20|1,p4,hopper-medium-replay-v2,20.0,1,1000000,6dbd40cbe24c858f92bbcfc66a949279d250fa8648d9836ee9679cd0b6c8f9e1,53dc02cb533c990f2655478622a88a08b384c6f8051e41f7f40d09f07323dff7,ea26e3d9509cccd9bb616fb6329031cc5e8328f5d8ddd5c5e741cb3f5c67baac,e121c5f7c9857a307baa9edc6a2c3b48e85fedb9ac316ecddd0f48ca7ef4e39b,db016c04b35377c51070ccf26dac616822660c41587c845c1a244d9652d1c247,727dbf65be4a75ce7b6267cab479044fd49c3346739e002fa0caca337a899a89,6053aa0c3d8947128610c1ece7b84f18d5e640d16ce7bc66593e62e6127f7976,98.39045318868453,stable,common_td3_target_critic,def934e979c93bcf143e0ae2c249b7bd21fd713d270d41635d2f0305acbcdf59,0.99,0.09220377604166667,0.1484375,4096,3.471551349382177,1.2008434703080275,248.53899347681153,247.85011739083498,238.14887575111226,237.36285155758992,238.15284875305952,237.35958332208975,True,0.0,0.0,3.7859106377869507,1.246560247969319,-0.3143592884047739,0.9169660040923385,True,raw/hopper-medium-replay-v2/hopper-medium-replay-v2_tau20_mpi4_seed1.npz,e381a9ae3c08f6e0c3a4a4ec26055d835916c5810b7169ac051dceb9b4cef984
td3|hopper-expert-v2|4|0,td3,hopper-expert-v2,4.0,0,1000000,5494ec2565315af9f20035eecd481569cc91f765b6b22f0f1988185637d10cd0,48021a67c602e3ff33514761c5fd0de1daf4080357125c20d97d6a463b1ad7a9,797300dc5a537a249ab174b6b3564c7e3e5954221bfaf107df875f523026bc3e,01aa219a5f8eea5e639eccdc636ec2bf40e317159a95cf4bf6e985f16909941b,ecf8f2f7d4058e9aaace2dd899fc538f21a730aec9d86b61e11df650d7839596,0660dc3dea44deec1245ce21a644b593d9dfdffe0a4468a4d5691fb6a63e4e5a,4a10c2ee1230846ca50db3f817bf3c6b85b2aac67e43821fb100047af87d5f03,2.359748281560829,collapsed,within_run_target_critic,9d35128f9c39af6cb7f8c9b74bab765f6ecbb132face17f0303b608e94ca87e6,0.99,0.10758463541666667,0.10970052083333333,4096,3174282.2308527785,1586831.1060937499,108155399.25272988,106555004.70850906,105530967.45198265,104000278.58459984,106596933.17675781,105050782.80566406,True,0.0,0.0,3316707.9317485862,1686590.5617773437,-142425.7008958077,0.9570581118908712,True,raw/hopper-expert-v2/hopper-expert-v2_tau4_seed0.npz,e4223ef3f99183a23ce9b5a1f66e06e5a3fc8cd3293de98d0c527c54c9b2a3c8
td3|hopper-expert-v2|4|0,td3,hopper-expert-v2,4.0,0,1000000,5494ec2565315af9f20035eecd481569cc91f765b6b22f0f1988185637d10cd0,48021a67c602e3ff33514761c5fd0de1daf4080357125c20d97d6a463b1ad7a9,797300dc5a537a249ab174b6b3564c7e3e5954221bfaf107df875f523026bc3e,01aa219a5f8eea5e639eccdc636ec2bf40e317159a95cf4bf6e985f16909941b,ecf8f2f7d4058e9aaace2dd899fc538f21a730aec9d86b61e11df650d7839596,0660dc3dea44deec1245ce21a644b593d9dfdffe0a4468a4d5691fb6a63e4e5a,4a10c2ee1230846ca50db3f817bf3c6b85b2aac67e43821fb100047af87d5f03,2.359748281560829,collapsed,common_td3_target_critic,9d35128f9c39af6cb7f8c9b74bab765f6ecbb132face17f0303b608e94ca87e6,0.99,0.10758463541666667,0.10970052083333333,4096,3174282.2308527785,1586831.1060937499,108155399.25272988,106555004.70850906,105530967.45198265,104000278.58459984,106596933.17675781,105050782.80566406,True,0.0,0.0,3316707.9317485862,1686590.5617773437,-142425.7008958077,0.9570581118908712,True,raw/hopper-expert-v2/hopper-expert-v2_tau4_seed0.npz,e4223ef3f99183a23ce9b5a1f66e06e5a3fc8cd3293de98d0c527c54c9b2a3c8
p3|hopper-expert-v2|4|0,p3,hopper-expert-v2,4.0,0,1000000,2cf99ab6ac9b961f62b3d08f5212592aa371742c6e144c75ab3118154747f914,e168556a558783ab1bae3289e489ce192ecd7a167397ce4611c688713a3fcd67,f6345f499f5dd5fece1078f2d6044de06c89d587f6bdf52d41368675a425a722,01aa219a5f8eea5e639eccdc636ec2bf40e317159a95cf4bf6e985f16909941b,ecf8f2f7d4058e9aaace2dd899fc538f21a730aec9d86b61e11df650d7839596,0660dc3dea44deec1245ce21a644b593d9dfdffe0a4468a4d5691fb6a63e4e5a,4a10c2ee1230846ca50db3f817bf3c6b85b2aac67e43821fb100047af87d5f03,97.37673977120386,stable,within_run_target_critic,5f49c5a200c8d6be8eb606911dbbe49e40ee68612a517021657bd52a0b898b27,0.99,0.09236653645833333,0.10970052083333333,4096,0.26486815248727275,0.15782756050117314,350.01946828201125,349.9866848472785,349.24015781707715,349.20703548038955,349.1244095005095,349.09095259476453,True,0.0,0.0,0.265732929655804,0.1603245323896408,-0.0008647771685312278,0.9967456906087953,True,raw/hopper-expert-v2/hopper-expert-v2_tau4_mpi3_seed0.npz,731dc80fa2504dfbb9a0a59e686f010ce47817ca78cb8190841b494866346c72
p3|hopper-expert-v2|4|0,p3,hopper-expert-v2,4.0,0,1000000,2cf99ab6ac9b961f62b3d08f5212592aa371742c6e144c75ab3118154747f914,e168556a558783ab1bae3289e489ce192ecd7a167397ce4611c688713a3fcd67,f6345f499f5dd5fece1078f2d6044de06c89d587f6bdf52d41368675a425a722,01aa219a5f8eea5e639eccdc636ec2bf40e317159a95cf4bf6e985f16909941b,ecf8f2f7d4058e9aaace2dd899fc538f21a730aec9d86b61e11df650d7839596,0660dc3dea44deec1245ce21a644b593d9dfdffe0a4468a4d5691fb6a63e4e5a,4a10c2ee1230846ca50db3f817bf3c6b85b2aac67e43821fb100047af87d5f03,97.37673977120386,stable,common_td3_target_critic,9d35128f9c39af6cb7f8c9b74bab765f6ecbb132face17f0303b608e94ca87e6,0.99,0.09236653645833333,0.10970052083333333,4096,695111.9060638839,442910.9837109375,106564097.21052003,106555004.70850906,104012486.82760765,104000278.58459984,105063114.36425781,105050782.80566406,True,0.0,0.0,711140.6861923898,454878.3526611328,-16028.780128505896,0.9774604653625886,True,raw/hopper-expert-v2/hopper-expert-v2_tau4_mpi3_seed0.npz,731dc80fa2504dfbb9a0a59e686f010ce47817ca78cb8190841b494866346c72
p4|hopper-expert-v2|4|0,p4,hopper-expert-v2,4.0,0,1000000,968a94269e8073d2deb43ae564832d76eea0541401c8786a3cbe560ab4fe15e3,171da9fef3ed5697c2ece3f5f2127a1abdd8747882d9436321f0e2c7d292a38e,4b9156ba505d3782eb9cde1a5791acdd8e5e5e7e07a6b682558ae3869dd0c156,01aa219a5f8eea5e639eccdc636ec2bf40e317159a95cf4bf6e985f16909941b,ecf8f2f7d4058e9aaace2dd899fc538f21a730aec9d86b61e11df650d7839596,0660dc3dea44deec1245ce21a644b593d9dfdffe0a4468a4d5691fb6a63e4e5a,4a10c2ee1230846ca50db3f817bf3c6b85b2aac67e43821fb100047af87d5f03,99.24461123259283,stable,within_run_target_critic,c02359648b5353b3d8111b910c9912cb2341560bc9b9933fb7a86d1063095f49,0.99,0.09244791666666667,0.10970052083333333,4096,0.239601918912241,0.14606494786217808,347.0471229413724,347.0147828791949,346.26456422608,346.23189689824005,346.1187594085932,346.0857621077448,True,0.0,0.0,0.24218274799081949,0.14932100267149506,-0.0025808290785784838,0.9893434643879905,True,raw/hopper-expert-v2/hopper-expert-v2_tau4_mpi4_seed0.npz,da1ec4965db4fc5801f35a380e38163816a7e687a98e92f5a3919f8f8f672804
p4|hopper-expert-v2|4|0,p4,hopper-expert-v2,4.0,0,1000000,968a94269e8073d2deb43ae564832d76eea0541401c8786a3cbe560ab4fe15e3,171da9fef3ed5697c2ece3f5f2127a1abdd8747882d9436321f0e2c7d292a38e,4b9156ba505d3782eb9cde1a5791acdd8e5e5e7e07a6b682558ae3869dd0c156,01aa219a5f8eea5e639eccdc636ec2bf40e317159a95cf4bf6e985f16909941b,ecf8f2f7d4058e9aaace2dd899fc538f21a730aec9d86b61e11df650d7839596,0660dc3dea44deec1245ce21a644b593d9dfdffe0a4468a4d5691fb6a63e4e5a,4a10c2ee1230846ca50db3f817bf3c6b85b2aac67e43821fb100047af87d5f03,99.24461123259283,stable,common_td3_target_critic,9d35128f9c39af6cb7f8c9b74bab765f6ecbb132face17f0303b608e94ca87e6,0.99,0.09244791666666667,0.10970052083333333,4096,696671.7474263777,442520.88938964845,106571403.77683944,106555004.70850906,104017765.59316917,104000278.58459984,105068446.4506836,105050782.80566406,True,0.0,0.0,711041.4437809931,454078.1846777344,-14369.696354615386,0.9797906345962003,True,raw/hopper-expert-v2/hopper-expert-v2_tau4_mpi4_seed0.npz,da1ec4965db4fc5801f35a380e38163816a7e687a98e92f5a3919f8f8f672804
td3|hopper-expert-v2|4|1,td3,hopper-expert-v2,4.0,1,1000000,cef072ba4c02523ad77d63db7312fe96cbec99d951cb06ada3aa43eb650d6bdc,80fdfc1c71940029e1a84fe6662568ab907b8cfb80c6679f50547d9d6be3a9f0,ae057af1eb8416d0d40839515dc2e242c9b09a5e7440887182e9eed8aed98776,01aa219a5f8eea5e639eccdc636ec2bf40e317159a95cf4bf6e985f16909941b,ecf8f2f7d4058e9aaace2dd899fc538f21a730aec9d86b61e11df650d7839596,0660dc3dea44deec1245ce21a644b593d9dfdffe0a4468a4d5691fb6a63e4e5a,4a10c2ee1230846ca50db3f817bf3c6b85b2aac67e43821fb100047af87d5f03,24.075240867262274,stable,within_run_target_critic,51c30345068501bb3289b87a3aa147f4b6b3d9537d8c4f02f2358aa7bfa4050b,0.99,0.1083984375,0.10970052083333333,4096,4936937.032162452,2551772.465859375,178850028.2941086,176228617.8853099,173370264.64976585,170902552.76292992,175121475.80078125,172628837.53125,True,0.0,0.0,5156082.400954785,2702688.8334960938,-219145.3687923327,0.9574976984945485,True,raw/hopper-expert-v2/hopper-expert-v2_tau4_seed1.npz,99c10bd16db57e42b1e3a713b49acc988fd7d202361bd9027a6334949a0d4d4b
td3|hopper-expert-v2|4|1,td3,hopper-expert-v2,4.0,1,1000000,cef072ba4c02523ad77d63db7312fe96cbec99d951cb06ada3aa43eb650d6bdc,80fdfc1c71940029e1a84fe6662568ab907b8cfb80c6679f50547d9d6be3a9f0,ae057af1eb8416d0d40839515dc2e242c9b09a5e7440887182e9eed8aed98776,01aa219a5f8eea5e639eccdc636ec2bf40e317159a95cf4bf6e985f16909941b,ecf8f2f7d4058e9aaace2dd899fc538f21a730aec9d86b61e11df650d7839596,0660dc3dea44deec1245ce21a644b593d9dfdffe0a4468a4d5691fb6a63e4e5a,4a10c2ee1230846ca50db3f817bf3c6b85b2aac67e43821fb100047af87d5f03,24.075240867262274,stable,common_td3_target_critic,51c30345068501bb3289b87a3aa147f4b6b3d9537d8c4f02f2358aa7bfa4050b,0.99,0.1083984375,0.10970052083333333,4096,4936937.032162452,2551772.465859375,178850028.2941086,176228617.8853099,173370264.64976585,170902552.76292992,175121475.80078125,172628837.53125,True,0.0,0.0,5156082.400954785,2702688.8334960938,-219145.3687923327,0.9574976984945485,True,raw/hopper-expert-v2/hopper-expert-v2_tau4_seed1.npz,99c10bd16db57e42b1e3a713b49acc988fd7d202361bd9027a6334949a0d4d4b
p3|hopper-expert-v2|4|1,p3,hopper-expert-v2,4.0,1,1000000,15a839fe977745e00f6dbe7456b53cc26c0cce6cfcda6fa9f924c09a60a07363,09dc97597abed494f25db4561387367a20b21fb0edc11af0539e9fdcf5ba2813,cafc0eac4d2d844015fec6da7c3b7ab3b80c767c199b099e1223fdef86f46c11,01aa219a5f8eea5e639eccdc636ec2bf40e317159a95cf4bf6e985f16909941b,ecf8f2f7d4058e9aaace2dd899fc538f21a730aec9d86b61e11df650d7839596,0660dc3dea44deec1245ce21a644b593d9dfdffe0a4468a4d5691fb6a63e4e5a,4a10c2ee1230846ca50db3f817bf3c6b85b2aac67e43821fb100047af87d5f03,105.72983194916871,stable,within_run_target_critic,ee41a94db3f3ec418017cbad23e9dc751668dbd965bac2a611daef500b1314cc,0.99,0.09195963541666667,0.10970052083333333,4096,0.24036152679318518,0.14133824572898446,348.9292634842881,348.9042268145494,348.1660746503446,348.1409037342679,348.03947700886056,348.01405184110627,True,0.0,0.0,0.2440581115929804,0.1452687028935179,-0.003696584799795233,0.9848536695803003,True,raw/hopper-expert-v2/hopper-expert-v2_tau4_mpi3_seed1.npz,6142c3a1e3fdc96b73c30f881a1c842ba4bb75b21376dc334023dea0666b3c3b
p3|hopper-expert-v2|4|1,p3,hopper-expert-v2,4.0,1,1000000,15a839fe977745e00f6dbe7456b53cc26c0cce6cfcda6fa9f924c09a60a07363,09dc97597abed494f25db4561387367a20b21fb0edc11af0539e9fdcf5ba2813,cafc0eac4d2d844015fec6da7c3b7ab3b80c767c199b099e1223fdef86f46c11,01aa219a5f8eea5e639eccdc636ec2bf40e317159a95cf4bf6e985f16909941b,ecf8f2f7d4058e9aaace2dd899fc538f21a730aec9d86b61e11df650d7839596,0660dc3dea44deec1245ce21a644b593d9dfdffe0a4468a4d5691fb6a63e4e5a,4a10c2ee1230846ca50db3f817bf3c6b85b2aac67e43821fb100047af87d5f03,105.72983194916871,stable,common_td3_target_critic,51c30345068501bb3289b87a3aa147f4b6b3d9537d8c4f02f2358aa7bfa4050b,0.99,0.09195963541666667,0.10970052083333333,4096,1173205.5156031384,769505.5893164063,176228808.5870202,176228617.8853099,170904907.29810572,170902552.76292992,172631215.84960938,172628837.53125,True,0.0,0.0,1193895.459966223,790665.0855468749,-20689.94436308462,0.982670221089818,True,raw/hopper-expert-v2/hopper-expert-v2_tau4_mpi3_seed1.npz,6142c3a1e3fdc96b73c30f881a1c842ba4bb75b21376dc334023dea0666b3c3b
p4|hopper-expert-v2|4|1,p4,hopper-expert-v2,4.0,1,1000000,a79c31a99b1d1092428c811eca4b3da57690f7e60a9162c6beeee9d3c62f3436,2b118beef03161fcd08f41c64b1fc5429bb0bfd7bc48948137dcff6af3c7c5ca,f5fc3969899fa59292a78a0b99eef6eb8101746280561c4e8e30dd01ea4f6eed,01aa219a5f8eea5e639eccdc636ec2bf40e317159a95cf4bf6e985f16909941b,ecf8f2f7d4058e9aaace2dd899fc538f21a730aec9d86b61e11df650d7839596,0660dc3dea44deec1245ce21a644b593d9dfdffe0a4468a4d5691fb6a63e4e5a,4a10c2ee1230846ca50db3f817bf3c6b85b2aac67e43821fb100047af87d5f03,110.83960466275038,stable,within_run_target_critic,6e930066235b0ef19f57b8b9f2b64a02f43d7b3a880dad6001d34a4ce5fb8b97,0.99,0.09269205729166667,0.10970052083333333,4096,0.25282215251739476,0.1429040425736457,347.6753949857813,347.6531989645737,346.90008555492966,346.87822830265037,346.760700144805,346.73862211219966,True,0.0,0.0,0.25832025386296886,0.14443798860535023,-0.005498101345574102,0.9787159494334863,True,raw/hopper-expert-v2/hopper-expert-v2_tau4_mpi4_seed1.npz,5b77aca6cf2d77cf924d78a5f48487be5aa5207d0bf5a99d58747e075d6fa810
p4|hopper-expert-v2|4|1,p4,hopper-expert-v2,4.0,1,1000000,a79c31a99b1d1092428c811eca4b3da57690f7e60a9162c6beeee9d3c62f3436,2b118beef03161fcd08f41c64b1fc5429bb0bfd7bc48948137dcff6af3c7c5ca,f5fc3969899fa59292a78a0b99eef6eb8101746280561c4e8e30dd01ea4f6eed,01aa219a5f8eea5e639eccdc636ec2bf40e317159a95cf4bf6e985f16909941b,ecf8f2f7d4058e9aaace2dd899fc538f21a730aec9d86b61e11df650d7839596,0660dc3dea44deec1245ce21a644b593d9dfdffe0a4468a4d5691fb6a63e4e5a,4a10c2ee1230846ca50db3f817bf3c6b85b2aac67e43821fb100047af87d5f03,110.83960466275038,stable,common_td3_target_critic,51c30345068501bb3289b87a3aa147f4b6b3d9537d8c4f02f2358aa7bfa4050b,0.99,0.09269205729166667,0.10970052083333333,4096,1151461.5828550262,761149.88296875,176232606.97210702,176228617.8853099,170903101.69859397,170902552.76292992,172629392.01171875,172628837.53125,True,0.0,0.0,1174092.1202327479,784814.5645312499,-22630.53737772163,0.9807250751557421,True,raw/hopper-expert-v2/hopper-expert-v2_tau4_mpi4_seed1.npz,5b77aca6cf2d77cf924d78a5f48487be5aa5207d0bf5a99d58747e075d6fa810
td3|hopper-expert-v2|7|0,td3,hopper-expert-v2,7.0,0,1000000,fe05e30a592f2a7c7e404e41fa6ec3eba9fd5639ad50e52a7e46e2615fae30c9,964f25495aca1f4d4e51f3f1856f72aa9c81db681f6afcf2e7de36e25b8ba845,56fa824b2d6cfb4300f3aeb6bc6a05839d89d62db1cfc443123e9b88f091195f,01aa219a5f8eea5e639eccdc636ec2bf40e317159a95cf4bf6e985f16909941b,ecf8f2f7d4058e9aaace2dd899fc538f21a730aec9d86b61e11df650d7839596,0660dc3dea44deec1245ce21a644b593d9dfdffe0a4468a4d5691fb6a63e4e5a,4a10c2ee1230846ca50db3f817bf3c6b85b2aac67e43821fb100047af87d5f03,1.8253704047109651,collapsed,within_run_target_critic,90569c49115fb3bbead0f948127a4beb9747e970886de4fa0ed4426e0fe92236,0.99,0.3612467447916667,0.10970052083333333,4096,456065975907.25903,356621411048.02814,2437813589386.26,2053536055989.611,1857219947061.2576,1500629626994.225,1875979744502.6812,1515787502010.733,True,0.0,0.0,491678803157.66315,390626155384.47,-35612827250.40411,0.9275689189330694,True,raw/hopper-expert-v2/hopper-expert-v2_tau7_seed0.npz,fb8a6360042956e2dcd6a64e1da888d7d726072bde260b0a1181ee3f3b8bf90b
td3|hopper-expert-v2|7|0,td3,hopper-expert-v2,7.0,0,1000000,fe05e30a592f2a7c7e404e41fa6ec3eba9fd5639ad50e52a7e46e2615fae30c9,964f25495aca1f4d4e51f3f1856f72aa9c81db681f6afcf2e7de36e25b8ba845,56fa824b2d6cfb4300f3aeb6bc6a05839d89d62db1cfc443123e9b88f091195f,01aa219a5f8eea5e639eccdc636ec2bf40e317159a95cf4bf6e985f16909941b,ecf8f2f7d4058e9aaace2dd899fc538f21a730aec9d86b61e11df650d7839596,0660dc3dea44deec1245ce21a644b593d9dfdffe0a4468a4d5691fb6a63e4e5a,4a10c2ee1230846ca50db3f817bf3c6b85b2aac67e43821fb100047af87d5f03,1.8253704047109651,collapsed,common_td3_target_critic,90569c49115fb3bbead0f948127a4beb9747e970886de4fa0ed4426e0fe92236,0.99,0.3612467447916667,0.10970052083333333,4096,456065975907.25903,356621411048.02814,2437813589386.26,2053536055989.611,1857219947061.2576,1500629626994.225,1875979744502.6812,1515787502010.733,True,0.0,0.0,491678803157.66315,390626155384.47,-35612827250.40411,0.9275689189330694,True,raw/hopper-expert-v2/hopper-expert-v2_tau7_seed0.npz,fb8a6360042956e2dcd6a64e1da888d7d726072bde260b0a1181ee3f3b8bf90b
p3|hopper-expert-v2|7|0,p3,hopper-expert-v2,7.0,0,1000000,efbccd7a68e0766283e38831ff046b6be945c829bfcb72a99c16a9b0b503ff33,c02666da37ac1da4d2dd4b89c104adec226776a6c6a4ecba30a18744235b3d5d,1f38deb84e2dc2cf3ea0ccd7f0c9d47fb5da7cbad2c7cc85fa512076407fb109,01aa219a5f8eea5e639eccdc636ec2bf40e317159a95cf4bf6e985f16909941b,ecf8f2f7d4058e9aaace2dd899fc538f21a730aec9d86b61e11df650d7839596,0660dc3dea44deec1245ce21a644b593d9dfdffe0a4468a4d5691fb6a63e4e5a,4a10c2ee1230846ca50db3f817bf3c6b85b2aac67e43821fb100047af87d5f03,107.26914927482983,stable,within_run_target_critic,80458d2fb5aa39ed60d3275556e831487234d602b15985f932b6df67c3e00ea3,0.99,0.09220377604166667,0.10970052083333333,4096,0.24222556577807988,0.1488990201987326,348.5986877313396,348.56133319888056,347.8321722294868,347.7941832665272,347.7022018362768,347.6638291464187,True,0.0,0.0,0.251110664118464,0.15338013684377072,-0.008885098340384118,0.9646168020319819,True,raw/hopper-expert-v2/hopper-expert-v2_tau7_mpi3_seed0.npz,2dbd01bf7e2eb03e524fef53712398ab845bbbbbb600e2fe4490026b9fbde6d8
p3|hopper-expert-v2|7|0,p3,hopper-expert-v2,7.0,0,1000000,efbccd7a68e0766283e38831ff046b6be945c829bfcb72a99c16a9b0b503ff33,c02666da37ac1da4d2dd4b89c104adec226776a6c6a4ecba30a18744235b3d5d,1f38deb84e2dc2cf3ea0ccd7f0c9d47fb5da7cbad2c7cc85fa512076407fb109,01aa219a5f8eea5e639eccdc636ec2bf40e317159a95cf4bf6e985f16909941b,ecf8f2f7d4058e9aaace2dd899fc538f21a730aec9d86b61e11df650d7839596,0660dc3dea44deec1245ce21a644b593d9dfdffe0a4468a4d5691fb6a63e4e5a,4a10c2ee1230846ca50db3f817bf3c6b85b2aac67e43821fb100047af87d5f03,107.26914927482983,stable,common_td3_target_critic,90569c49115fb3bbead0f948127a4beb9747e970886de4fa0ed4426e0fe92236,0.99,0.09220377604166667,0.10970052083333333,4096,70449556568.56352,46717881457.5788,2053247118912.2236,2053536055989.611,1501077024391.3926,1500629626994.225,1516239418573.5283,1515787502010.733,True,0.0,0.0,71084880264.82127,47431721720.66649,-635323696.2577515,0.9910624637209643,True,raw/hopper-expert-v2/hopper-expert-v2_tau7_mpi3_seed0.npz,2dbd01bf7e2eb03e524fef53712398ab845bbbbbb600e2fe4490026b9fbde6d8
p4|hopper-expert-v2|7|0,p4,hopper-expert-v2,7.0,0,1000000,43fa9f2edc9cb538c7a3fbad095d0c70477a96b29c8e616f282cd4f1fccf1e3c,68e223bd227521dd922f4964e9e0b3411fed907d4df97e3e84f5843f0ada2c4e,4130cdaa71629c5c4627c4902bdcb30dd28396107f06873a644b833882a9223d,01aa219a5f8eea5e639eccdc636ec2bf40e317159a95cf4bf6e985f16909941b,ecf8f2f7d4058e9aaace2dd899fc538f21a730aec9d86b61e11df650d7839596,0660dc3dea44deec1245ce21a644b593d9dfdffe0a4468a4d5691fb6a63e4e5a,4a10c2ee1230846ca50db3f817bf3c6b85b2aac67e43821fb100047af87d5f03,79.72472287639891,stable,within_run_target_critic,82e51cb041945e7f9bde44e90a203cbd5f1c5f6aa6a1d17a007ed6ec0a228152,0.99,0.09228515625,0.10970052083333333,4096,0.24186476873338128,0.14839872501790524,349.3701648068837,349.33640653659785,348.59500871539694,348.5607295289694,348.4727437412366,348.4381183004007,True,0.0,0.0,0.24414424127810577,0.15004527697339654,-0.0022794725447244923,0.9906634187528186,True,raw/hopper-expert-v2/hopper-expert-v2_tau7_mpi4_seed0.npz,05ba78c8f3008a9f74789ed8b01e4a22441df3b5108e201c468ad56b4df0e783
p4|hopper-expert-v2|7|0,p4,hopper-expert-v2,7.0,0,1000000,43fa9f2edc9cb538c7a3fbad095d0c70477a96b29c8e616f282cd4f1fccf1e3c,68e223bd227521dd922f4964e9e0b3411fed907d4df97e3e84f5843f0ada2c4e,4130cdaa71629c5c4627c4902bdcb30dd28396107f06873a644b833882a9223d,01aa219a5f8eea5e639eccdc636ec2bf40e317159a95cf4bf6e985f16909941b,ecf8f2f7d4058e9aaace2dd899fc538f21a730aec9d86b61e11df650d7839596,0660dc3dea44deec1245ce21a644b593d9dfdffe0a4468a4d5691fb6a63e4e5a,4a10c2ee1230846ca50db3f817bf3c6b85b2aac67e43821fb100047af87d5f03,79.72472287639891,stable,common_td3_target_critic,90569c49115fb3bbead0f948127a4beb9747e970886de4fa0ed4426e0fe92236,0.99,0.09228515625,0.10970052083333333,4096,70418012348.1721,46610485668.53653,2053801587609.0217,2053536055989.611,1501585558893.8945,1500629626994.225,1516753089788.1768,1515787502010.733,True,0.0,0.0,71063578080.67673,47325498260.43663,-645565732.5046234,0.9909156596115702,True,raw/hopper-expert-v2/hopper-expert-v2_tau7_mpi4_seed0.npz,05ba78c8f3008a9f74789ed8b01e4a22441df3b5108e201c468ad56b4df0e783
td3|hopper-expert-v2|7|1,td3,hopper-expert-v2,7.0,1,1000000,29bec58916204e8d60e8b1768197ba4d3185af9837fac55c5ec563b7e649a2b7,e865f172122d0162e404f3d6e31aa7d5dfe3f920522401100c361ef515c88dfc,5af24d94bfea7d9f7e2842aa80bc99b8c8bd1a7380609e93aaee75eec9aafef5,01aa219a5f8eea5e639eccdc636ec2bf40e317159a95cf4bf6e985f16909941b,ecf8f2f7d4058e9aaace2dd899fc538f21a730aec9d86b61e11df650d7839596,0660dc3dea44deec1245ce21a644b593d9dfdffe0a4468a4d5691fb6a63e4e5a,4a10c2ee1230846ca50db3f817bf3c6b85b2aac67e43821fb100047af87d5f03,1.819903610444258,collapsed,within_run_target_critic,18ffc068749e053e60acf86e7475d3e765b079d2fb890be48a7ef0b2f2c687eb,0.99,0.4672037760416667,0.10970052083333333,4096,564851085638.9838,472221812359.4798,1813132433820.272,1321252497212.3765,1439174448782.1355,967093283520.3248,1453711564423.1936,976861902542.6208,True,0.0,0.0,617491689983.2328,522215456233.1427,-52640604344.24902,0.914750910501033,True,raw/hopper-expert-v2/hopper-expert-v2_tau7_seed1.npz,5fb8896d4e130191e3b82542b8b47b4b99855b3ede3fefd9429b56e644682de7
td3|hopper-expert-v2|7|1,td3,hopper-expert-v2,7.0,1,1000000,29bec58916204e8d60e8b1768197ba4d3185af9837fac55c5ec563b7e649a2b7,e865f172122d0162e404f3d6e31aa7d5dfe3f920522401100c361ef515c88dfc,5af24d94bfea7d9f7e2842aa80bc99b8c8bd1a7380609e93aaee75eec9aafef5,01aa219a5f8eea5e639eccdc636ec2bf40e317159a95cf4bf6e985f16909941b,ecf8f2f7d4058e9aaace2dd899fc538f21a730aec9d86b61e11df650d7839596,0660dc3dea44deec1245ce21a644b593d9dfdffe0a4468a4d5691fb6a63e4e5a,4a10c2ee1230846ca50db3f817bf3c6b85b2aac67e43821fb100047af87d5f03,1.819903610444258,collapsed,common_td3_target_critic,18ffc068749e053e60acf86e7475d3e765b079d2fb890be48a7ef0b2f2c687eb,0.99,0.4672037760416667,0.10970052083333333,4096,564851085638.9838,472221812359.4798,1813132433820.272,1321252497212.3765,1439174448782.1355,967093283520.3248,1453711564423.1936,976861902542.6208,True,0.0,0.0,617491689983.2328,522215456233.1427,-52640604344.24902,0.914750910501033,True,raw/hopper-expert-v2/hopper-expert-v2_tau7_seed1.npz,5fb8896d4e130191e3b82542b8b47b4b99855b3ede3fefd9429b56e644682de7
p3|hopper-expert-v2|7|1,p3,hopper-expert-v2,7.0,1,1000000,9cb46a5d2bbe7b9861517b8010c7dc204ccfb033aa48ed42b990e56129743aba,1936d59a29bee1e08b4bba02a54cad9746079350e8ffbdba798b2dbc5ea782a7,f808bec34fe467e2b0fb865d083ab4507fb99c41ba29405348b246608e95193e,01aa219a5f8eea5e639eccdc636ec2bf40e317159a95cf4bf6e985f16909941b,ecf8f2f7d4058e9aaace2dd899fc538f21a730aec9d86b61e11df650d7839596,0660dc3dea44deec1245ce21a644b593d9dfdffe0a4468a4d5691fb6a63e4e5a,4a10c2ee1230846ca50db3f817bf3c6b85b2aac67e43821fb100047af87d5f03,95.259948727158,stable,within_run_target_critic,170450a3e2e04ece40fd559519fbe4669ddeaa95e6e46c5650b80266440435e6,0.99,0.09220377604166667,0.10970052083333333,4096,0.26557183154045694,0.15001050246879458,351.5124847280575,351.47577566714017,350.7242257301661,350.68692770257246,350.62346799857914,350.58579322323203,True,0.0,0.0,0.26853912516019857,0.15424506828188897,-0.002967293619741629,0.9889502372588297,True,raw/hopper-expert-v2/hopper-expert-v2_tau7_mpi3_seed1.npz,805ce751e198f8a4dc0f616a3e40862dcd4c6967fd42e4d1269f97594c4a97dd
p3|hopper-expert-v2|7|1,p3,hopper-expert-v2,7.0,1,1000000,9cb46a5d2bbe7b9861517b8010c7dc204ccfb033aa48ed42b990e56129743aba,1936d59a29bee1e08b4bba02a54cad9746079350e8ffbdba798b2dbc5ea782a7,f808bec34fe467e2b0fb865d083ab4507fb99c41ba29405348b246608e95193e,01aa219a5f8eea5e639eccdc636ec2bf40e317159a95cf4bf6e985f16909941b,ecf8f2f7d4058e9aaace2dd899fc538f21a730aec9d86b61e11df650d7839596,0660dc3dea44deec1245ce21a644b593d9dfdffe0a4468a4d5691fb6a63e4e5a,4a10c2ee1230846ca50db3f817bf3c6b85b2aac67e43821fb100047af87d5f03,95.259948727158,stable,common_td3_target_critic,18ffc068749e053e60acf86e7475d3e765b079d2fb890be48a7ef0b2f2c687eb,0.99,0.09220377604166667,0.10970052083333333,4096,90844360002.57932,57899496688.08133,1318191243893.3613,1321252497212.3765,966969427009.09,967093283520.3248,976736794955.5127,976861902542.6208,True,0.0,0.0,91896397504.96802,58570293044.344955,-1052037502.3887024,0.9885519179102551,True,raw/hopper-expert-v2/hopper-expert-v2_tau7_mpi3_seed1.npz,805ce751e198f8a4dc0f616a3e40862dcd4c6967fd42e4d1269f97594c4a97dd
p4|hopper-expert-v2|7|1,p4,hopper-expert-v2,7.0,1,1000000,fc4d43e07f3800d94e591d083f031eaf031683328465b8720c807e34b3bd5965,3a8c27e3f0c71273d893e43643ef288003531dd33d753d2a548a45fb9dd4b796,9f536846715d7322cd71bb183f2488bc2e6252bbab198131a1a5500b465bcccd,01aa219a5f8eea5e639eccdc636ec2bf40e317159a95cf4bf6e985f16909941b,ecf8f2f7d4058e9aaace2dd899fc538f21a730aec9d86b61e11df650d7839596,0660dc3dea44deec1245ce21a644b593d9dfdffe0a4468a4d5691fb6a63e4e5a,4a10c2ee1230846ca50db3f817bf3c6b85b2aac67e43821fb100047af87d5f03,90.85774402585665,stable,within_run_target_critic,ccde9ee344fb5be95d4f53b2f3fb8bd2e64b993fd84752b36aa3511b856502b6,0.99,0.092041015625,0.10970052083333333,4096,0.24089013098644008,0.1411542135849595,350.4273472740241,350.39476691789747,349.6541111936292,349.62111771973434,349.5425442242995,349.5092174829915,True,0.0,0.0,0.24290655069195954,0.14449076073244213,-0.0020164197055194677,0.9916987841629822,True,raw/hopper-expert-v2/hopper-expert-v2_tau7_mpi4_seed1.npz,eadb66909fef338daa4857191fed3ec3acc9373a558ccc6bd78bd502a1dec7a8
p4|hopper-expert-v2|7|1,p4,hopper-expert-v2,7.0,1,1000000,fc4d43e07f3800d94e591d083f031eaf031683328465b8720c807e34b3bd5965,3a8c27e3f0c71273d893e43643ef288003531dd33d753d2a548a45fb9dd4b796,9f536846715d7322cd71bb183f2488bc2e6252bbab198131a1a5500b465bcccd,01aa219a5f8eea5e639eccdc636ec2bf40e317159a95cf4bf6e985f16909941b,ecf8f2f7d4058e9aaace2dd899fc538f21a730aec9d86b61e11df650d7839596,0660dc3dea44deec1245ce21a644b593d9dfdffe0a4468a4d5691fb6a63e4e5a,4a10c2ee1230846ca50db3f817bf3c6b85b2aac67e43821fb100047af87d5f03,90.85774402585665,stable,common_td3_target_critic,18ffc068749e053e60acf86e7475d3e765b079d2fb890be48a7ef0b2f2c687eb,0.99,0.092041015625,0.10970052083333333,4096,90877483290.816,57762721353.647804,1318702685560.6672,1321252497212.3765,967393926676.9984,967093283520.3248,977165582498.8579,976861902542.6208,True,0.0,0.0,91959748633.2858,58467140498.80754,-1082265342.4698029,0.9882310972076965,True,raw/hopper-expert-v2/hopper-expert-v2_tau7_mpi4_seed1.npz,eadb66909fef338daa4857191fed3ec3acc9373a558ccc6bd78bd502a1dec7a8
td3|hopper-expert-v2|10|0,td3,hopper-expert-v2,10.0,0,1000000,f4a1a18a9d7e23c04d51edb3ba3b77bc230311adae8e8e5905a1be34d9147e4a,12fe6e173aa4923a8ff17be131dad365b898f5642f11f36f3e59d8e9b3f0231e,1be0e70556481c254fa3d5aed429a61b9e5bbb513e24775a7e3a9921d61c2e59,01aa219a5f8eea5e639eccdc636ec2bf40e317159a95cf4bf6e985f16909941b,ecf8f2f7d4058e9aaace2dd899fc538f21a730aec9d86b61e11df650d7839596,0660dc3dea44deec1245ce21a644b593d9dfdffe0a4468a4d5691fb6a63e4e5a,4a10c2ee1230846ca50db3f817bf3c6b85b2aac67e43821fb100047af87d5f03,1.8196079194790054,collapsed,within_run_target_critic,39e82574cf39fd2132adf25efb93d7cbdd709eb34a749c740d0888ee4023ca59,0.99,0.378173828125,0.10970052083333333,4096,410352268003.0574,322796290802.70325,2459233476295.03,2118754185368.9084,1834999897166.0142,1512243449696.1533,1853535249658.997,1527518636053.0771,True,0.0,0.0,441099464741.41473,353284468779.853,-30747196738.35736,0.9302941871480568,True,raw/hopper-expert-v2/hopper-expert-v2_tau10_seed0.npz,d0ca8cdc2cefed3b8ad0e9e19ccb647c5f005c1c941c83d6adab61beaa635f53
td3|hopper-expert-v2|10|0,td3,hopper-expert-v2,10.0,0,1000000,f4a1a18a9d7e23c04d51edb3ba3b77bc230311adae8e8e5905a1be34d9147e4a,12fe6e173aa4923a8ff17be131dad365b898f5642f11f36f3e59d8e9b3f0231e,1be0e70556481c254fa3d5aed429a61b9e5bbb513e24775a7e3a9921d61c2e59,01aa219a5f8eea5e639eccdc636ec2bf40e317159a95cf4bf6e985f16909941b,ecf8f2f7d4058e9aaace2dd899fc538f21a730aec9d86b61e11df650d7839596,0660dc3dea44deec1245ce21a644b593d9dfdffe0a4468a4d5691fb6a63e4e5a,4a10c2ee1230846ca50db3f817bf3c6b85b2aac67e43821fb100047af87d5f03,1.8196079194790054,collapsed,common_td3_target_critic,39e82574cf39fd2132adf25efb93d7cbdd709eb34a749c740d0888ee4023ca59,0.99,0.378173828125,0.10970052083333333,4096,410352268003.0574,322796290802.70325,2459233476295.03,2118754185368.9084,1834999897166.0142,1512243449696.1533,1853535249658.997,1527518636053.0771,True,0.0,0.0,441099464741.41473,353284468779.853,-30747196738.35736,0.9302941871480568,True,raw/hopper-expert-v2/hopper-expert-v2_tau10_seed0.npz,d0ca8cdc2cefed3b8ad0e9e19ccb647c5f005c1c941c83d6adab61beaa635f53
p3|hopper-expert-v2|10|0,p3,hopper-expert-v2,10.0,0,1000000,7a44d0d5d6270e2ace9da3f93e96a686855234e4e028fc6fc38ce6357a6268d3,a2bb53076aa8f057e8eb76b69b27922451043583226620c7a8d967c6e8235417,235fb2288798debe2b7df35cce2d1eab943326f4e08e7f7b7e352149645946f6,01aa219a5f8eea5e639eccdc636ec2bf40e317159a95cf4bf6e985f16909941b,ecf8f2f7d4058e9aaace2dd899fc538f21a730aec9d86b61e11df650d7839596,0660dc3dea44deec1245ce21a644b593d9dfdffe0a4468a4d5691fb6a63e4e5a,4a10c2ee1230846ca50db3f817bf3c6b85b2aac67e43821fb100047af87d5f03,5.844835676647179,collapsed,within_run_target_critic,9c5a8ccd6dc1315b3da46a56b5e7e1ad7eb63ed2a231a1427350cb3da27fe060,0.99,0.07242838541666667,0.10970052083333333,4096,183.24046192280812,54.510489455983034,4716.362152308914,4666.48893546918,4623.203527477184,4574.123362435275,4666.296947218478,4616.7210229337215,True,0.0,0.0,195.2593891854313,58.6883801510185,-12.01892726262318,0.9384463542943422,True,raw/hopper-expert-v2/hopper-expert-v2_tau10_mpi3_seed0.npz,05eef7c7bf1bcb6e9144864c2e1bc0a3129edf05702d0b13156cd5a6357b85a7
p3|hopper-expert-v2|10|0,p3,hopper-expert-v2,10.0,0,1000000,7a44d0d5d6270e2ace9da3f93e96a686855234e4e028fc6fc38ce6357a6268d3,a2bb53076aa8f057e8eb76b69b27922451043583226620c7a8d967c6e8235417,235fb2288798debe2b7df35cce2d1eab943326f4e08e7f7b7e352149645946f6,01aa219a5f8eea5e639eccdc636ec2bf40e317159a95cf4bf6e985f16909941b,ecf8f2f7d4058e9aaace2dd899fc538f21a730aec9d86b61e11df650d7839596,0660dc3dea44deec1245ce21a644b593d9dfdffe0a4468a4d5691fb6a63e4e5a,4a10c2ee1230846ca50db3f817bf3c6b85b2aac67e43821fb100047af87d5f03,5.844835676647179,collapsed,common_td3_target_critic,39e82574cf39fd2132adf25efb93d7cbdd709eb34a749c740d0888ee4023ca59,0.99,0.07242838541666667,0.10970052083333333,4096,96926383640.14093,61528517332.14753,2110496004797.2344,2118754185368.9084,1509537540950.413,1512243449696.1533,1524785394895.7656,1527518636053.0771,True,0.0,0.0,100325283731.55219,63424469207.8481,-3398900091.411255,0.9661212013064828,True,raw/hopper-expert-v2/hopper-expert-v2_tau10_mpi3_seed0.npz,05eef7c7bf1bcb6e9144864c2e1bc0a3129edf05702d0b13156cd5a6357b85a7
p4|hopper-expert-v2|10|0,p4,hopper-expert-v2,10.0,0,1000000,d148dd742583575d280de6dabde6548ea9dfb7a21c13c9170e3468cc924ae4c9,d2f05c794f649da10f1dd3e770ca5b198d9389c9bd14c52676deb6b8b1d5f8df,120ba337c40de4d480e77fbe43977680677c27aef1b2b780c48493bbbc18f43f,01aa219a5f8eea5e639eccdc636ec2bf40e317159a95cf4bf6e985f16909941b,ecf8f2f7d4058e9aaace2dd899fc538f21a730aec9d86b61e11df650d7839596,0660dc3dea44deec1245ce21a644b593d9dfdffe0a4468a4d5691fb6a63e4e5a,4a10c2ee1230846ca50db3f817bf3c6b85b2aac67e43821fb100047af87d5f03,15.664172453705415,collapsed,within_run_target_critic,7ce564dc9c32694f3a0531c8c11e6e083049b27e447e978ece83af9f0fb9962b,0.99,0.09285481770833333,0.10970052083333333,4096,0.2682089518088428,0.15834621749818326,350.1808895511936,350.13732288294386,349.39019987162783,349.3460552626161,349.2759671313688,349.2313766172156,True,0.0,0.0,0.27574268631410975,0.16383020555600522,-0.0075337345052669535,0.9726783886601983,True,raw/hopper-expert-v2/hopper-expert-v2_tau10_mpi4_seed0.npz,60ad5edba1194e2b5e734e6b90a40b4114a209450734101c38ea848551873f7e
p4|hopper-expert-v2|10|0,p4,hopper-expert-v2,10.0,0,1000000,d148dd742583575d280de6dabde6548ea9dfb7a21c13c9170e3468cc924ae4c9,d2f05c794f649da10f1dd3e770ca5b198d9389c9bd14c52676deb6b8b1d5f8df,120ba337c40de4d480e77fbe43977680677c27aef1b2b780c48493bbbc18f43f,01aa219a5f8eea5e639eccdc636ec2bf40e317159a95cf4bf6e985f16909941b,ecf8f2f7d4058e9aaace2dd899fc538f21a730aec9d86b61e11df650d7839596,0660dc3dea44deec1245ce21a644b593d9dfdffe0a4468a4d5691fb6a63e4e5a,4a10c2ee1230846ca50db3f817bf3c6b85b2aac67e43821fb100047af87d5f03,15.664172453705415,collapsed,common_td3_target_critic,39e82574cf39fd2132adf25efb93d7cbdd709eb34a749c740d0888ee4023ca59,0.99,0.09285481770833333,0.10970052083333333,4096,62308381312.709885,42014922841.859634,2119104251296.7058,2118754185368.9084,1512753402881.3486,1512243449696.1533,1528033740280.5493,1527518636053.0771,True,0.0,0.0,62875064721.634514,42807828758.24667,-566683408.9246292,0.9909871518791512,True,raw/hopper-expert-v2/hopper-expert-v2_tau10_mpi4_seed0.npz,60ad5edba1194e2b5e734e6b90a40b4114a209450734101c38ea848551873f7e
td3|hopper-expert-v2|10|1,td3,hopper-expert-v2,10.0,1,1000000,441ce067dd09a24c74569554179be23d0b99663b16c3513c0e600210b0040755,9d7b78e75a6e0b389bdee908d23d12bfb64318e37bbc72bcf33874b671a27de9,2694b8e40992cdc0cbcf8506af4fa77bd2da6437ce3b2d502625f7270f9ac923,01aa219a5f8eea5e639eccdc636ec2bf40e317159a95cf4bf6e985f16909941b,ecf8f2f7d4058e9aaace2dd899fc538f21a730aec9d86b61e11df650d7839596,0660dc3dea44deec1245ce21a644b593d9dfdffe0a4468a4d5691fb6a63e4e5a,4a10c2ee1230846ca50db3f817bf3c6b85b2aac67e43821fb100047af87d5f03,1.819903610444258,collapsed,within_run_target_critic,e9fb24257c64a94c84efd992b1194cf8e26b509bc3e067f534acd1893c815adc,0.99,0.4710286458333333,0.10970052083333333,4096,472348940604.9252,390677024321.71655,1730109623443.9277,1326568616585.9138,1364954536111.583,974293957442.5875,1378741955664.625,984135310544.4397,True,0.0,0.0,514558342352.1328,430670273610.11975,-42209401747.20764,0.9179696483896046,True,raw/hopper-expert-v2/hopper-expert-v2_tau10_seed1.npz,190dd7bb68702b391c6bb37d097ce9683aa4285b8671875c5c1718eea68bb433
td3|hopper-expert-v2|10|1,td3,hopper-expert-v2,10.0,1,1000000,441ce067dd09a24c74569554179be23d0b99663b16c3513c0e600210b0040755,9d7b78e75a6e0b389bdee908d23d12bfb64318e37bbc72bcf33874b671a27de9,2694b8e40992cdc0cbcf8506af4fa77bd2da6437ce3b2d502625f7270f9ac923,01aa219a5f8eea5e639eccdc636ec2bf40e317159a95cf4bf6e985f16909941b,ecf8f2f7d4058e9aaace2dd899fc538f21a730aec9d86b61e11df650d7839596,0660dc3dea44deec1245ce21a644b593d9dfdffe0a4468a4d5691fb6a63e4e5a,4a10c2ee1230846ca50db3f817bf3c6b85b2aac67e43821fb100047af87d5f03,1.819903610444258,collapsed,common_td3_target_critic,e9fb24257c64a94c84efd992b1194cf8e26b509bc3e067f534acd1893c815adc,0.99,0.4710286458333333,0.10970052083333333,4096,472348940604.9252,390677024321.71655,1730109623443.9277,1326568616585.9138,1364954536111.583,974293957442.5875,1378741955664.625,984135310544.4397,True,0.0,0.0,514558342352.1328,430670273610.11975,-42209401747.20764,0.9179696483896046,True,raw/hopper-expert-v2/hopper-expert-v2_tau10_seed1.npz,190dd7bb68702b391c6bb37d097ce9683aa4285b8671875c5c1718eea68bb433
p3|hopper-expert-v2|10|1,p3,hopper-expert-v2,10.0,1,1000000,4bbec6bae7a04cc499d4faa022c7cd68314dc41c1fa10a09419323529c87ed73,2efda1508f99a22f02384bd2b02295540c4398d0533d85e46820520b8eb683a2,de7f148b5b7f6303daf6537a8098abb47a235ef12ddbd21803025bbbd2a44b50,01aa219a5f8eea5e639eccdc636ec2bf40e317159a95cf4bf6e985f16909941b,ecf8f2f7d4058e9aaace2dd899fc538f21a730aec9d86b61e11df650d7839596,0660dc3dea44deec1245ce21a644b593d9dfdffe0a4468a4d5691fb6a63e4e5a,4a10c2ee1230846ca50db3f817bf3c6b85b2aac67e43821fb100047af87d5f03,5.283852162276792,collapsed,within_run_target_critic,78762bf1aa915a45c851292977daf8b7389fe7e6058b253762e24db43ff8cf2c,0.99,0.10823567708333333,0.10970052083333333,4096,3791098.6631166134,2182672.4863952636,156357713.52433765,154195218.26730087,152102536.20665008,150013941.2539047,153638921.82556152,151529229.95410156,True,0.0,0.0,3947083.775451522,2304448.939069519,-155985.11233490845,0.9604809218124425,True,raw/hopper-expert-v2/hopper-expert-v2_tau10_mpi3_seed1.npz,29b30ea210133ecdec7db79356d69e0e06cd051a8855a9b65038dc1b57a28b11
p3|hopper-expert-v2|10|1,p3,hopper-expert-v2,10.0,1,1000000,4bbec6bae7a04cc499d4faa022c7cd68314dc41c1fa10a09419323529c87ed73,2efda1508f99a22f02384bd2b02295540c4398d0533d85e46820520b8eb683a2,de7f148b5b7f6303daf6537a8098abb47a235ef12ddbd21803025bbbd2a44b50,01aa219a5f8eea5e639eccdc636ec2bf40e317159a95cf4bf6e985f16909941b,ecf8f2f7d4058e9aaace2dd899fc538f21a730aec9d86b61e11df650d7839596,0660dc3dea44deec1245ce21a644b593d9dfdffe0a4468a4d5691fb6a63e4e5a,4a10c2ee1230846ca50db3f817bf3c6b85b2aac67e43821fb100047af87d5f03,5.283852162276792,collapsed,common_td3_target_critic,e9fb24257c64a94c84efd992b1194cf8e26b509bc3e067f534acd1893c815adc,0.99,0.10823567708333333,0.10970052083333333,4096,107287007752.91527,74360242505.83789,1382672177934.7244,1326568616585.9138,1019717591459.4712,974293957442.5875,1030017769147.3401,984135310544.4397,True,0.0,0.0,108839557160.64929,75962730785.34647,-1552549407.734024,0.9857354306813061,True,raw/hopper-expert-v2/hopper-expert-v2_tau10_mpi3_seed1.npz,29b30ea210133ecdec7db79356d69e0e06cd051a8855a9b65038dc1b57a28b11
p4|hopper-expert-v2|10|1,p4,hopper-expert-v2,10.0,1,1000000,843690ab9010aa21d49468a38b227320469e04117c93140352e64ed307e36f0d,9d4b70b16b758241c3d2eb2fec8b14c54013fb3c1a127cbb64c574fddaadfd29,7ec0cd2fd5d2d96d369f3210cc892d371335568d6aa5f7a09fcd303f72e5dd61,01aa219a5f8eea5e639eccdc636ec2bf40e317159a95cf4bf6e985f16909941b,ecf8f2f7d4058e9aaace2dd899fc538f21a730aec9d86b61e11df650d7839596,0660dc3dea44deec1245ce21a644b593d9dfdffe0a4468a4d5691fb6a63e4e5a,4a10c2ee1230846ca50db3f817bf3c6b85b2aac67e43821fb100047af87d5f03,105.0081430926931,stable,within_run_target_critic,1369c7b59e8065786af53ce1cf809dc266ff88a85893ad99badfcd11387d05f1,0.99,0.09326171875,0.10970052083333333,4096,0.25098168547155203,0.14627715983893724,348.48499750710937,348.44434002931274,347.70432039060745,347.6632161696593,347.57305856468156,347.5315391495824,True,0.0,0.0,0.26098566445136423,0.1506261737504974,-0.0100039789798122,0.9616684732441445,True,raw/hopper-expert-v2/hopper-expert-v2_tau10_mpi4_seed1.npz,5f236a1a1e408db415b9bde1dc27c55d33191454636484c4b13a2b151c5fd6e6
p4|hopper-expert-v2|10|1,p4,hopper-expert-v2,10.0,1,1000000,843690ab9010aa21d49468a38b227320469e04117c93140352e64ed307e36f0d,9d4b70b16b758241c3d2eb2fec8b14c54013fb3c1a127cbb64c574fddaadfd29,7ec0cd2fd5d2d96d369f3210cc892d371335568d6aa5f7a09fcd303f72e5dd61,01aa219a5f8eea5e639eccdc636ec2bf40e317159a95cf4bf6e985f16909941b,ecf8f2f7d4058e9aaace2dd899fc538f21a730aec9d86b61e11df650d7839596,0660dc3dea44deec1245ce21a644b593d9dfdffe0a4468a4d5691fb6a63e4e5a,4a10c2ee1230846ca50db3f817bf3c6b85b2aac67e43821fb100047af87d5f03,105.0081430926931,stable,common_td3_target_critic,e9fb24257c64a94c84efd992b1194cf8e26b509bc3e067f534acd1893c815adc,0.99,0.09326171875,0.10970052083333333,4096,77825336506.69359,50507033843.256256,1324704904241.2307,1326568616585.9138,974184716549.6725,974293957442.5875,984024966208.1577,984135310544.4397,True,0.0,0.0,78855439356.2366,51202451100.90177,-1030102849.5430145,0.9869368193500333,True,raw/hopper-expert-v2/hopper-expert-v2_tau10_mpi4_seed1.npz,5f236a1a1e408db415b9bde1dc27c55d33191454636484c4b13a2b151c5fd6e6
td3|hopper-expert-v2|14|0,td3,hopper-expert-v2,14.0,0,1000000,4b7b84a3b51fea73dfd1067c00f4df26aca3ce4a9c123e0eb4cff19c32dc02f7,0258589bff3181a60417524e28b24b32dfd3518494e77f23f1163a7df41cf402,1bc4f8c30800a14cd25c4d141b782db05ecfce524b1f41a3927f77bd9e4a8de7,01aa219a5f8eea5e639eccdc636ec2bf40e317159a95cf4bf6e985f16909941b,ecf8f2f7d4058e9aaace2dd899fc538f21a730aec9d86b61e11df650d7839596,0660dc3dea44deec1245ce21a644b593d9dfdffe0a4468a4d5691fb6a63e4e5a,4a10c2ee1230846ca50db3f817bf3c6b85b2aac67e43821fb100047af87d5f03,1.9788744617254377,collapsed,within_run_target_critic,661dd029c2057e0340c0ef1448c3efb4fb0ac5154c4297d9e251e25590e96e69,0.99,0.444580078125,0.10970052083333333,4096,305667142835.65906,232052413405.43103,1762116280020.2874,1517334132757.3818,1262289490008.671,1030320938769.2087,1275039888894.0403,1040728220975.4116,True,0.0,0.0,331795658694.5585,256247261322.04697,-26128515858.899414,0.9212511822436092,True,raw/hopper-expert-v2/hopper-expert-v2_tau14_seed0.npz,a6f2b33f594b24f04860c26d31d5ef65793b7f95e63632a7c822e873984a3b19
td3|hopper-expert-v2|14|0,td3,hopper-expert-v2,14.0,0,1000000,4b7b84a3b51fea73dfd1067c00f4df26aca3ce4a9c123e0eb4cff19c32dc02f7,0258589bff3181a60417524e28b24b32dfd3518494e77f23f1163a7df41cf402,1bc4f8c30800a14cd25c4d141b782db05ecfce524b1f41a3927f77bd9e4a8de7,01aa219a5f8eea5e639eccdc636ec2bf40e317159a95cf4bf6e985f16909941b,ecf8f2f7d4058e9aaace2dd899fc538f21a730aec9d86b61e11df650d7839596,0660dc3dea44deec1245ce21a644b593d9dfdffe0a4468a4d5691fb6a63e4e5a,4a10c2ee1230846ca50db3f817bf3c6b85b2aac67e43821fb100047af87d5f03,1.9788744617254377,collapsed,common_td3_target_critic,661dd029c2057e0340c0ef1448c3efb4fb0ac5154c4297d9e251e25590e96e69,0.99,0.444580078125,0.10970052083333333,4096,305667142835.65906,232052413405.43103,1762116280020.2874,1517334132757.3818,1262289490008.671,1030320938769.2087,1275039888894.0403,1040728220975.4116,True,0.0,0.0,331795658694.5585,256247261322.04697,-26128515858.899414,0.9212511822436092,True,raw/hopper-expert-v2/hopper-expert-v2_tau14_seed0.npz,a6f2b33f594b24f04860c26d31d5ef65793b7f95e63632a7c822e873984a3b19
p3|hopper-expert-v2|14|0,p3,hopper-expert-v2,14.0,0,1000000,bf7c150f69f0b87fea75c370fe8748d8a4b13d8811c4ea910772dae5018b6009,995cf49bb7a550d97cac62f50881651261a75cae3e27f8cdf63e059a1eb3fb21,bfeb4702a44feba59c6a6510fb0bca970f7bc971e89757f5669a76aaf9989c1c,01aa219a5f8eea5e639eccdc636ec2bf40e317159a95cf4bf6e985f16909941b,ecf8f2f7d4058e9aaace2dd899fc538f21a730aec9d86b61e11df650d7839596,0660dc3dea44deec1245ce21a644b593d9dfdffe0a4468a4d5691fb6a63e4e5a,4a10c2ee1230846ca50db3f817bf3c6b85b2aac67e43821fb100047af87d5f03,1.8918099001232405,collapsed,within_run_target_critic,a5aefc6592d06ad5a5107185d752833d7582c4d55559a6eeb6371c11da54afd1,0.99,0.09903971354166667,0.10970052083333333,4096,9187284.876351368,4525790.889726562,347529670.5762216,342943616.81346786,339234011.0145315,334886613.68527365,342660613.54296875,338269303.109375,True,0.0,0.0,9726067.717507135,4831430.0435156245,-538782.8411557674,0.9446042473891122,True,raw/hopper-expert-v2/hopper-expert-v2_tau14_mpi3_seed0.npz,8849bcbd2f2010e1722551876d744f81baf7f42e862ccf8cc7931a71cc0bee66
p3|hopper-expert-v2|14|0,p3,hopper-expert-v2,14.0,0,1000000,bf7c150f69f0b87fea75c370fe8748d8a4b13d8811c4ea910772dae5018b6009,995cf49bb7a550d97cac62f50881651261a75cae3e27f8cdf63e059a1eb3fb21,bfeb4702a44feba59c6a6510fb0bca970f7bc971e89757f5669a76aaf9989c1c,01aa219a5f8eea5e639eccdc636ec2bf40e317159a95cf4bf6e985f16909941b,ecf8f2f7d4058e9aaace2dd899fc538f21a730aec9d86b61e11df650d7839596,0660dc3dea44deec1245ce21a644b593d9dfdffe0a4468a4d5691fb6a63e4e5a,4a10c2ee1230846ca50db3f817bf3c6b85b2aac67e43821fb100047af87d5f03,1.8918099001232405,collapsed,common_td3_target_critic,661dd029c2057e0340c0ef1448c3efb4fb0ac5154c4297d9e251e25590e96e69,0.99,0.09903971354166667,0.10970052083333333,4096,64653957006.83577,40927981458.86124,1547984864205.3184,1517334132757.3818,1052263633618.8031,1030320938769.2087,1062892559207.3279,1040728220975.4116,True,0.0,0.0,66532559662.8412,42237430965.56436,-1878602656.0054321,0.9717641608029904,True,raw/hopper-expert-v2/hopper-expert-v2_tau14_mpi3_seed0.npz,8849bcbd2f2010e1722551876d744f81baf7f42e862ccf8cc7931a71cc0bee66
p4|hopper-expert-v2|14|0,p4,hopper-expert-v2,14.0,0,1000000,8b23c030b210a5e2a2a4f985c0d4554a8142833804d8305742c0ebb9d1eca39d,9571cae5da46866b9a6e4ac23a97c7c7556744de62fea06e84813e096f163145,50c3a981fff26d43511543f2f092ddd383a90ae46e708d738dc282ef069227b2,01aa219a5f8eea5e639eccdc636ec2bf40e317159a95cf4bf6e985f16909941b,ecf8f2f7d4058e9aaace2dd899fc538f21a730aec9d86b61e11df650d7839596,0660dc3dea44deec1245ce21a644b593d9dfdffe0a4468a4d5691fb6a63e4e5a,4a10c2ee1230846ca50db3f817bf3c6b85b2aac67e43821fb100047af87d5f03,0.7156004821817028,collapsed,within_run_target_critic,76408718c5e37dc9d8b3efaceb944423c90acabce8609e42c9cfd3609bc5b0cf,0.99,0.06901041666666667,0.10970052083333333,4096,883023.8812204079,444355.6910009765,31135770.74751955,30676065.651658274,30023701.489033427,29602612.87471214,30326967.557617188,29901625.52294922,True,0.0,0.0,931124.5878949133,468537.47354003903,-48100.706674505374,0.9483412775262959,True,raw/hopper-expert-v2/hopper-expert-v2_tau14_mpi4_seed0.npz,4ecdc17cac45ada8da01ed669b2a08a113da6f17d002796f5ed063408088b335
p4|hopper-expert-v2|14|0,p4,hopper-expert-v2,14.0,0,1000000,8b23c030b210a5e2a2a4f985c0d4554a8142833804d8305742c0ebb9d1eca39d,9571cae5da46866b9a6e4ac23a97c7c7556744de62fea06e84813e096f163145,50c3a981fff26d43511543f2f092ddd383a90ae46e708d738dc282ef069227b2,01aa219a5f8eea5e639eccdc636ec2bf40e317159a95cf4bf6e985f16909941b,ecf8f2f7d4058e9aaace2dd899fc538f21a730aec9d86b61e11df650d7839596,0660dc3dea44deec1245ce21a644b593d9dfdffe0a4468a4d5691fb6a63e4e5a,4a10c2ee1230846ca50db3f817bf3c6b85b2aac67e43821fb100047af87d5f03,0.7156004821817028,collapsed,common_td3_target_critic,661dd029c2057e0340c0ef1448c3efb4fb0ac5154c4297d9e251e25590e96e69,0.99,0.06901041666666667,0.10970052083333333,4096,80356301795.61435,45544651363.469574,1503399441810.0112,1517334132757.3818,1022302684724.7864,1030320938769.2087,1032628974465.8896,1040728220975.4116,True,0.0,0.0,83968511418.47435,47561362811.13937,-3612209622.8600006,0.9569813783543475,True,raw/hopper-expert-v2/hopper-expert-v2_tau14_mpi4_seed0.npz,4ecdc17cac45ada8da01ed669b2a08a113da6f17d002796f5ed063408088b335
td3|hopper-expert-v2|14|1,td3,hopper-expert-v2,14.0,1,1000000,65e59704f68ecd2db1f4043fb3e1efc13fdf3687c51c06adcdd3edd7f13afe5e,14035479bab75ed4d20d49e8d49d09b75d0f5a402bfe8e9ac88a0ca39a6849a1,81c0e510f069340fa7ffa696a75697d36e0a8a7534d2320d1232bca78551576e,01aa219a5f8eea5e639eccdc636ec2bf40e317159a95cf4bf6e985f16909941b,ecf8f2f7d4058e9aaace2dd899fc538f21a730aec9d86b61e11df650d7839596,0660dc3dea44deec1245ce21a644b593d9dfdffe0a4468a4d5691fb6a63e4e5a,4a10c2ee1230846ca50db3f817bf3c6b85b2aac67e43821fb100047af87d5f03,1.819903610444258,collapsed,within_run_target_critic,085a2bc6753c3ca6b0b9c735146e4990fa6687aec1231f4024c9e2fe2fe6657b,0.99,0.4830729166666667,0.10970052083333333,4096,628086222327.7755,528877202752.2431,2115330850928.1187,1575317381177.99,1729050822435.0645,1200187309672.592,1746515982254.0,1212310413807.0625,True,0.0,0.0,684694324020.2422,583138979896.3665,-56608101692.466675,0.9173235417520518,True,raw/hopper-expert-v2/hopper-expert-v2_tau14_seed1.npz,5329011489ee2974218c1c9c4e3e82a1cf3a0d93e7253a0c44b29e90ff86b60d
td3|hopper-expert-v2|14|1,td3,hopper-expert-v2,14.0,1,1000000,65e59704f68ecd2db1f4043fb3e1efc13fdf3687c51c06adcdd3edd7f13afe5e,14035479bab75ed4d20d49e8d49d09b75d0f5a402bfe8e9ac88a0ca39a6849a1,81c0e510f069340fa7ffa696a75697d36e0a8a7534d2320d1232bca78551576e,01aa219a5f8eea5e639eccdc636ec2bf40e317159a95cf4bf6e985f16909941b,ecf8f2f7d4058e9aaace2dd899fc538f21a730aec9d86b61e11df650d7839596,0660dc3dea44deec1245ce21a644b593d9dfdffe0a4468a4d5691fb6a63e4e5a,4a10c2ee1230846ca50db3f817bf3c6b85b2aac67e43821fb100047af87d5f03,1.819903610444258,collapsed,common_td3_target_critic,085a2bc6753c3ca6b0b9c735146e4990fa6687aec1231f4024c9e2fe2fe6657b,0.99,0.4830729166666667,0.10970052083333333,4096,628086222327.7755,528877202752.2431,2115330850928.1187,1575317381177.99,1729050822435.0645,1200187309672.592,1746515982254.0,1212310413807.0625,True,0.0,0.0,684694324020.2422,583138979896.3665,-56608101692.466675,0.9173235417520518,True,raw/hopper-expert-v2/hopper-expert-v2_tau14_seed1.npz,5329011489ee2974218c1c9c4e3e82a1cf3a0d93e7253a0c44b29e90ff86b60d
p3|hopper-expert-v2|14|1,p3,hopper-expert-v2,14.0,1,1000000,7188b849c9305b97405e24f8a5e7fd9826de10c9136d59ae4aa2f38c6b7c164e,f47ee69cb3bb39cbd5644d9289a2cdb9b8b5f26f6b5c381657414938aaf2d83d,f1ba4a9ecef6785252e2c4186fae9f3a59aa845d4968964f06f1ef875380b4cb,01aa219a5f8eea5e639eccdc636ec2bf40e317159a95cf4bf6e985f16909941b,ecf8f2f7d4058e9aaace2dd899fc538f21a730aec9d86b61e11df650d7839596,0660dc3dea44deec1245ce21a644b593d9dfdffe0a4468a4d5691fb6a63e4e5a,4a10c2ee1230846ca50db3f817bf3c6b85b2aac67e43821fb100047af87d5f03,1.819903610444258,collapsed,within_run_target_critic,5d1dc212ec74aabb2749133e39754d6410d8935ff527d94e0506191e70570884,0.99,0.44384765625,0.10970052083333333,4096,54663091508.12082,45131408013.68561,183591628502.2231,135541328022.00119,148188402237.79205,103076390792.6737,149685254782.1881,104117566453.85132,True,0.0,0.0,59659113279.15929,49772155723.240814,-4996021771.038467,0.9162571902860693,True,raw/hopper-expert-v2/hopper-expert-v2_tau14_mpi3_seed1.npz,fb085799f29e728d77fbdf0e0f822939cba590dd7c3aa5dbd8e684d1494dd626
p3|hopper-expert-v2|14|1,p3,hopper-expert-v2,14.0,1,1000000,7188b849c9305b97405e24f8a5e7fd9826de10c9136d59ae4aa2f38c6b7c164e,f47ee69cb3bb39cbd5644d9289a2cdb9b8b5f26f6b5c381657414938aaf2d83d,f1ba4a9ecef6785252e2c4186fae9f3a59aa845d4968964f06f1ef875380b4cb,01aa219a5f8eea5e639eccdc636ec2bf40e317159a95cf4bf6e985f16909941b,ecf8f2f7d4058e9aaace2dd899fc538f21a730aec9d86b61e11df650d7839596,0660dc3dea44deec1245ce21a644b593d9dfdffe0a4468a4d5691fb6a63e4e5a,4a10c2ee1230846ca50db3f817bf3c6b85b2aac67e43821fb100047af87d5f03,1.819903610444258,collapsed,common_td3_target_critic,085a2bc6753c3ca6b0b9c735146e4990fa6687aec1231f4024c9e2fe2fe6657b,0.99,0.44384765625,0.10970052083333333,4096,617724719829.6285,504566310850.2225,2107557324123.4553,1575317381177.99,1704559647102.6658,1200187309672.592,1721777421312.1875,1212310413807.0625,True,0.0,0.0,672780129405.9486,555584771841.3802,-55055409576.32007,0.9181673073119254,True,raw/hopper-expert-v2/hopper-expert-v2_tau14_mpi3_seed1.npz,fb085799f29e728d77fbdf0e0f822939cba590dd7c3aa5dbd8e684d1494dd626
p4|hopper-expert-v2|14|1,p4,hopper-expert-v2,14.0,1,1000000,4c7e80ee7d1f17786ad234a912be1265c45e2555fbbc5e07f27af4b9514c4cd9,cbdabb48e9e2a79134ca03e8f5f2cac61fc102a34d7427689e7ce2d1917d1624,9c2b7dab97a8eb84ae53917ef2ef43a555284a0da470ff7722f511461c866d60,01aa219a5f8eea5e639eccdc636ec2bf40e317159a95cf4bf6e985f16909941b,ecf8f2f7d4058e9aaace2dd899fc538f21a730aec9d86b61e11df650d7839596,0660dc3dea44deec1245ce21a644b593d9dfdffe0a4468a4d5691fb6a63e4e5a,4a10c2ee1230846ca50db3f817bf3c6b85b2aac67e43821fb100047af87d5f03,2.0032105937904303,collapsed,within_run_target_critic,8c9ec148d3a50bfb0a0b77f5547f32a11391e57f19231b274eb02868a99017bc,0.99,0.10636393229166667,0.10970052083333333,4096,3082028.9789767927,1597542.7233691406,113412944.04419164,111789530.36022674,109097027.57720725,107571746.73274437,110199014.11132812,108658326.38964844,True,0.0,0.0,3243517.328092139,1700635.87546875,-161488.34911534656,0.9502119665843329,True,raw/hopper-expert-v2/hopper-expert-v2_tau14_mpi4_seed1.npz,884a3b06728f9ec62e74c59b2d5653b68495a854b074657eb920c3435f3a4e8e
p4|hopper-expert-v2|14|1,p4,hopper-expert-v2,14.0,1,1000000,4c7e80ee7d1f17786ad234a912be1265c45e2555fbbc5e07f27af4b9514c4cd9,cbdabb48e9e2a79134ca03e8f5f2cac61fc102a34d7427689e7ce2d1917d1624,9c2b7dab97a8eb84ae53917ef2ef43a555284a0da470ff7722f511461c866d60,01aa219a5f8eea5e639eccdc636ec2bf40e317159a95cf4bf6e985f16909941b,ecf8f2f7d4058e9aaace2dd899fc538f21a730aec9d86b61e11df650d7839596,0660dc3dea44deec1245ce21a644b593d9dfdffe0a4468a4d5691fb6a63e4e5a,4a10c2ee1230846ca50db3f817bf3c6b85b2aac67e43821fb100047af87d5f03,2.0032105937904303,collapsed,common_td3_target_critic,085a2bc6753c3ca6b0b9c735146e4990fa6687aec1231f4024c9e2fe2fe6657b,0.99,0.10636393229166667,0.10970052083333333,4096,130176128642.76117,91520393875.79343,1638623611690.2356,1575317381177.99,1247721180207.0315,1200187309672.592,1260324424447.9062,1212310413807.0625,True,0.0,0.0,131960057337.23845,93278231921.56085,-1783928694.4772797,0.9864812979739903,True,raw/hopper-expert-v2/hopper-expert-v2_tau14_mpi4_seed1.npz,884a3b06728f9ec62e74c59b2d5653b68495a854b074657eb920c3435f3a4e8e
td3|hopper-expert-v2|20|0,td3,hopper-expert-v2,20.0,0,1000000,51b22c18ea8e33de5a7d6911aa42ab3eb1d4d46371577251e2dc931ba324ac91,136c8e7d179f804cc6863a45ab47144e8072b8b2863e713c2ac65139c18202e5,148e60239ad33ae5ca3f57098cbecff91f735e5a57bba9db91285a323d7864b8,01aa219a5f8eea5e639eccdc636ec2bf40e317159a95cf4bf6e985f16909941b,ecf8f2f7d4058e9aaace2dd899fc538f21a730aec9d86b61e11df650d7839596,0660dc3dea44deec1245ce21a644b593d9dfdffe0a4468a4d5691fb6a63e4e5a,4a10c2ee1230846ca50db3f817bf3c6b85b2aac67e43821fb100047af87d5f03,1.8196078126231339,collapsed,within_run_target_critic,0aeb14cd6a75e228dd884b32f083a2bceb61f1bbce2a0c49fba91c67c64e74fe,0.99,0.478515625,0.10970052083333333,4096,535438454875.5092,451291977381.3219,1895256708111.8047,1433156199168.2874,1579558516538.514,1128789085136.967,1595513653065.5625,1140190995084.207,True,0.0,0.0,582845517488.1101,496393727172.0075,-47407062612.60089,0.9186627310493677,True,raw/hopper-expert-v2/hopper-expert-v2_tau20_seed0.npz,6d88d10446a6e27af0514d4f8fbea5e7f0235c02c50edd7668998650989b8cb0
td3|hopper-expert-v2|20|0,td3,hopper-expert-v2,20.0,0,1000000,51b22c18ea8e33de5a7d6911aa42ab3eb1d4d46371577251e2dc931ba324ac91,136c8e7d179f804cc6863a45ab47144e8072b8b2863e713c2ac65139c18202e5,148e60239ad33ae5ca3f57098cbecff91f735e5a57bba9db91285a323d7864b8,01aa219a5f8eea5e639eccdc636ec2bf40e317159a95cf4bf6e985f16909941b,ecf8f2f7d4058e9aaace2dd899fc538f21a730aec9d86b61e11df650d7839596,0660dc3dea44deec1245ce21a644b593d9dfdffe0a4468a4d5691fb6a63e4e5a,4a10c2ee1230846ca50db3f817bf3c6b85b2aac67e43821fb100047af87d5f03,1.8196078126231339,collapsed,common_td3_target_critic,0aeb14cd6a75e228dd884b32f083a2bceb61f1bbce2a0c49fba91c67c64e74fe,0.99,0.478515625,0.10970052083333333,4096,535438454875.5092,451291977381.3219,1895256708111.8047,1433156199168.2874,1579558516538.514,1128789085136.967,1595513653065.5625,1140190995084.207,True,0.0,0.0,582845517488.1101,496393727172.0075,-47407062612.60089,0.9186627310493677,True,raw/hopper-expert-v2/hopper-expert-v2_tau20_seed0.npz,6d88d10446a6e27af0514d4f8fbea5e7f0235c02c50edd7668998650989b8cb0
p3|hopper-expert-v2|20|0,p3,hopper-expert-v2,20.0,0,1000000,1caf30588acbff4503856285473c381e86d4c9e6b6ae7fa85c00b87e947806d9,851104dfa250ef41183e377ad88147eaecbce0c5a3130c1b97b6a619443e7dd2,25f9df7566c0a4d2194a5619c0df20ff7ad3c96ed9b850c647c9738618b8037c,01aa219a5f8eea5e639eccdc636ec2bf40e317159a95cf4bf6e985f16909941b,ecf8f2f7d4058e9aaace2dd899fc538f21a730aec9d86b61e11df650d7839596,0660dc3dea44deec1245ce21a644b593d9dfdffe0a4468a4d5691fb6a63e4e5a,4a10c2ee1230846ca50db3f817bf3c6b85b2aac67e43821fb100047af87d5f03,1.8196078126231339,collapsed,within_run_target_critic,bfcb067354b3b0b9983f3e8d4d1a205684bce11616df40391689c81d018d3e8a,0.99,0.444091796875,0.10970052083333333,4096,180007017359.36392,147211822026.5775,673427619752.2762,519915927846.47906,536116191481.6101,388924708822.66675,541531506543.4375,392853241231.3783,True,0.0,0.0,195834085020.71835,161936847259.77637,-15827067661.354431,0.9191812413059759,True,raw/hopper-expert-v2/hopper-expert-v2_tau20_mpi3_seed0.npz,763155d367004c96ddec68cc15785f823d533ebea1f22ff0529ec071edcd8851
p3|hopper-expert-v2|20|0,p3,hopper-expert-v2,20.0,0,1000000,1caf30588acbff4503856285473c381e86d4c9e6b6ae7fa85c00b87e947806d9,851104dfa250ef41183e377ad88147eaecbce0c5a3130c1b97b6a619443e7dd2,25f9df7566c0a4d2194a5619c0df20ff7ad3c96ed9b850c647c9738618b8037c,01aa219a5f8eea5e639eccdc636ec2bf40e317159a95cf4bf6e985f16909941b,ecf8f2f7d4058e9aaace2dd899fc538f21a730aec9d86b61e11df650d7839596,0660dc3dea44deec1245ce21a644b593d9dfdffe0a4468a4d5691fb6a63e4e5a,4a10c2ee1230846ca50db3f817bf3c6b85b2aac67e43821fb100047af87d5f03,1.8196078126231339,collapsed,common_td3_target_critic,0aeb14cd6a75e228dd884b32f083a2bceb61f1bbce2a0c49fba91c67c64e74fe,0.99,0.444091796875,0.10970052083333333,4096,530589702513.5627,437800053903.3116,1891091575017.3186,1433156199168.2874,1566542753598.1035,1128789085136.967,1582366417772.2188,1140190995084.207,True,0.0,0.0,577539465257.2341,481573767117.58875,-46949762743.67145,0.918707264926458,True,raw/hopper-expert-v2/hopper-expert-v2_tau20_mpi3_seed0.npz,763155d367004c96ddec68cc15785f823d533ebea1f22ff0529ec071edcd8851
p4|hopper-expert-v2|20|0,p4,hopper-expert-v2,20.0,0,1000000,e97787bee699c4e1a0fc62bcfb138625af55c2347e927868ad4a8425654ad157,0e2846829ddc5c1b3b688ef72b7633a83b6a397722e9d74c945856ec98759ca8,0c60e560dbf0edc4ab6c409f7bbf340843fe96d0bd908ed7480fd13207dbdc89,01aa219a5f8eea5e639eccdc636ec2bf40e317159a95cf4bf6e985f16909941b,ecf8f2f7d4058e9aaace2dd899fc538f21a730aec9d86b61e11df650d7839596,0660dc3dea44deec1245ce21a644b593d9dfdffe0a4468a4d5691fb6a63e4e5a,4a10c2ee1230846ca50db3f817bf3c6b85b2aac67e43821fb100047af87d5f03,0.6418571648301371,collapsed,within_run_target_critic,6fe66312b3629bd9af42b6c589f827e9f4ed5b39ce9add61dd3283fb425df1f4,0.99,0.094970703125,0.10970052083333333,4096,328094.8443478295,193968.70299041749,13144926.805248592,12939783.16655096,12608058.311517863,12421304.260839459,12735408.792449951,12546768.337219238,True,0.0,0.0,349037.28444667393,207322.85895858763,-20942.44009884441,0.9399994183084357,True,raw/hopper-expert-v2/hopper-expert-v2_tau20_mpi4_seed0.npz,b5a13c8c7408dc82f379c3e591e1eb703ac5320d8bc6c97b9e1e790880631c08
p4|hopper-expert-v2|20|0,p4,hopper-expert-v2,20.0,0,1000000,e97787bee699c4e1a0fc62bcfb138625af55c2347e927868ad4a8425654ad157,0e2846829ddc5c1b3b688ef72b7633a83b6a397722e9d74c945856ec98759ca8,0c60e560dbf0edc4ab6c409f7bbf340843fe96d0bd908ed7480fd13207dbdc89,01aa219a5f8eea5e639eccdc636ec2bf40e317159a95cf4bf6e985f16909941b,ecf8f2f7d4058e9aaace2dd899fc538f21a730aec9d86b61e11df650d7839596,0660dc3dea44deec1245ce21a644b593d9dfdffe0a4468a4d5691fb6a63e4e5a,4a10c2ee1230846ca50db3f817bf3c6b85b2aac67e43821fb100047af87d5f03,0.6418571648301371,collapsed,common_td3_target_critic,0aeb14cd6a75e228dd884b32f083a2bceb61f1bbce2a0c49fba91c67c64e74fe,0.99,0.094970703125,0.10970052083333333,4096,112708820394.92833,78713893654.13707,1439334658368.7053,1433156199168.2874,1133445802023.4678,1128789085136.967,1144894749515.0156,1140190995084.207,True,0.0,0.0,114710154306.68285,80119298700.9422,-2001333911.7545166,0.9825531233581654,True,raw/hopper-expert-v2/hopper-expert-v2_tau20_mpi4_seed0.npz,b5a13c8c7408dc82f379c3e591e1eb703ac5320d8bc6c97b9e1e790880631c08
td3|hopper-expert-v2|20|1,td3,hopper-expert-v2,20.0,1,1000000,b9f15f16503c913a84ccc5a0d9a15da68de308e41ac581191cc80f15d7cb6f97,f13d921fba56a4e36d8d1f2418e64b2bc4427a7f96463e784c5817abbf9e1d8c,7ba6e8db2cb79af4cfb0c2ccfe6573e92f122f788f2d1bea90752a47a8ea17ea,01aa219a5f8eea5e639eccdc636ec2bf40e317159a95cf4bf6e985f16909941b,ecf8f2f7d4058e9aaace2dd899fc538f21a730aec9d86b61e11df650d7839596,0660dc3dea44deec1245ce21a644b593d9dfdffe0a4468a4d5691fb6a63e4e5a,4a10c2ee1230846ca50db3f817bf3c6b85b2aac67e43821fb100047af87d5f03,1.819903610444258,collapsed,within_run_target_critic,0da796df32e117fea55e78235f25fa55de3a54e5e093525395230815761ee725,0.99,0.4493001302083333,0.10970052083333333,4096,391187820792.5482,317082087636.37317,2051467744306.6897,1721342613449.0806,1580173981939.717,1263094678848.624,1596135335289.0,1275853210954.5625,True,0.0,0.0,423036051699.14777,348538248330.9581,-31848230906.59955,0.9247150904073557,True,raw/hopper-expert-v2/hopper-expert-v2_tau20_seed1.npz,bbe1b1f557934c462eb646d1d210ccd1f21cb31fdd198eabae625b878b47977a
td3|hopper-expert-v2|20|1,td3,hopper-expert-v2,20.0,1,1000000,b9f15f16503c913a84ccc5a0d9a15da68de308e41ac581191cc80f15d7cb6f97,f13d921fba56a4e36d8d1f2418e64b2bc4427a7f96463e784c5817abbf9e1d8c,7ba6e8db2cb79af4cfb0c2ccfe6573e92f122f788f2d1bea90752a47a8ea17ea,01aa219a5f8eea5e639eccdc636ec2bf40e317159a95cf4bf6e985f16909941b,ecf8f2f7d4058e9aaace2dd899fc538f21a730aec9d86b61e11df650d7839596,0660dc3dea44deec1245ce21a644b593d9dfdffe0a4468a4d5691fb6a63e4e5a,4a10c2ee1230846ca50db3f817bf3c6b85b2aac67e43821fb100047af87d5f03,1.819903610444258,collapsed,common_td3_target_critic,0da796df32e117fea55e78235f25fa55de3a54e5e093525395230815761ee725,0.99,0.4493001302083333,0.10970052083333333,4096,391187820792.5482,317082087636.37317,2051467744306.6897,1721342613449.0806,1580173981939.717,1263094678848.624,1596135335289.0,1275853210954.5625,True,0.0,0.0,423036051699.14777,348538248330.9581,-31848230906.59955,0.9247150904073557,True,raw/hopper-expert-v2/hopper-expert-v2_tau20_seed1.npz,bbe1b1f557934c462eb646d1d210ccd1f21cb31fdd198eabae625b878b47977a
p3|hopper-expert-v2|20|1,p3,hopper-expert-v2,20.0,1,1000000,b1e6f4700abbf6d9761b3c5854812743437fffe0a10229c7a60dbcaead5e33ca,8dc0b811794e52060fba3dd9fb649e04b37a879951bef4c193cfcc4246c20d07,70911a5760160296f65ae5d98408d8ca5727e25b48aafd0aa5c2e711206b9f3c,01aa219a5f8eea5e639eccdc636ec2bf40e317159a95cf4bf6e985f16909941b,ecf8f2f7d4058e9aaace2dd899fc538f21a730aec9d86b61e11df650d7839596,0660dc3dea44deec1245ce21a644b593d9dfdffe0a4468a4d5691fb6a63e4e5a,4a10c2ee1230846ca50db3f817bf3c6b85b2aac67e43821fb100047af87d5f03,1.819903610444258,collapsed,within_run_target_critic,011e969d9e9a72981bc98212c17c9385288be5bf0784f8874d14d103154fcb13,0.99,0.4349772135416667,0.10970052083333333,4096,608758131654.3488,494704928947.70154,2150479545311.967,1638251032108.4229,1651435215655.8594,1157094337738.6538,1668116379447.3699,1168782159329.0713,True,0.0,0.0,662338710695.1265,544034704466.8771,-53580579040.77771,0.9191039596877182,True,raw/hopper-expert-v2/hopper-expert-v2_tau20_mpi3_seed1.npz,c1253627e6dd9ebe1f01bc5607a5ab2fccfc1fb1500a15e17a5ebacb7cc2b81d
p3|hopper-expert-v2|20|1,p3,hopper-expert-v2,20.0,1,1000000,b1e6f4700abbf6d9761b3c5854812743437fffe0a10229c7a60dbcaead5e33ca,8dc0b811794e52060fba3dd9fb649e04b37a879951bef4c193cfcc4246c20d07,70911a5760160296f65ae5d98408d8ca5727e25b48aafd0aa5c2e711206b9f3c,01aa219a5f8eea5e639eccdc636ec2bf40e317159a95cf4bf6e985f16909941b,ecf8f2f7d4058e9aaace2dd899fc538f21a730aec9d86b61e11df650d7839596,0660dc3dea44deec1245ce21a644b593d9dfdffe0a4468a4d5691fb6a63e4e5a,4a10c2ee1230846ca50db3f817bf3c6b85b2aac67e43821fb100047af87d5f03,1.819903610444258,collapsed,common_td3_target_critic,0da796df32e117fea55e78235f25fa55de3a54e5e093525395230815761ee725,0.99,0.4349772135416667,0.10970052083333333,4096,349485662441.2734,273062886869.89124,1997334125790.5396,1721342613449.0806,1532550462383.3638,1263094678848.624,1548030770080.5625,1275853210954.5625,True,0.0,0.0,377139669474.5719,299273992367.37744,-27654007033.298523,0.9266743615917523,True,raw/hopper-expert-v2/hopper-expert-v2_tau20_mpi3_seed1.npz,c1253627e6dd9ebe1f01bc5607a5ab2fccfc1fb1500a15e17a5ebacb7cc2b81d
p4|hopper-expert-v2|20|1,p4,hopper-expert-v2,20.0,1,1000000,f59312ca76c4bd09ec62e84b6ab27198ff187115dcd92c21a94d83aa6df0bba0,9e0c35a4d25ad656c8d2af6478eaf70dddce12907b7597d2f635b0e95f4ab99f,988fb29409d9900553757146c3f1a5568fe650f64c0b40305e99d967dc8f6890,01aa219a5f8eea5e639eccdc636ec2bf40e317159a95cf4bf6e985f16909941b,ecf8f2f7d4058e9aaace2dd899fc538f21a730aec9d86b61e11df650d7839596,0660dc3dea44deec1245ce21a644b593d9dfdffe0a4468a4d5691fb6a63e4e5a,4a10c2ee1230846ca50db3f817bf3c6b85b2aac67e43821fb100047af87d5f03,5.181512345393329,collapsed,within_run_target_critic,670a2a5350c3fd392e9e785ceec6f44dc631ea92d8f6114a29612e19d3fe7618,0.99,0.07576497395833333,0.10970052083333333,4096,2589.989775905529,1370.292263288498,183899.2644385861,182539.92811606446,180269.22663375904,179085.87329368645,182086.48958730698,180891.1831831932,True,0.0,0.0,2665.9343815008715,1402.8592314434052,-75.94460559534264,0.9715129501602409,True,raw/hopper-expert-v2/hopper-expert-v2_tau20_mpi4_seed1.npz,4f53b842fc882afa4c15c3d3f2db5843edccb87630ee9770812372734906f5dd
p4|hopper-expert-v2|20|1,p4,hopper-expert-v2,20.0,1,1000000,f59312ca76c4bd09ec62e84b6ab27198ff187115dcd92c21a94d83aa6df0bba0,9e0c35a4d25ad656c8d2af6478eaf70dddce12907b7597d2f635b0e95f4ab99f,988fb29409d9900553757146c3f1a5568fe650f64c0b40305e99d967dc8f6890,01aa219a5f8eea5e639eccdc636ec2bf40e317159a95cf4bf6e985f16909941b,ecf8f2f7d4058e9aaace2dd899fc538f21a730aec9d86b61e11df650d7839596,0660dc3dea44deec1245ce21a644b593d9dfdffe0a4468a4d5691fb6a63e4e5a,4a10c2ee1230846ca50db3f817bf3c6b85b2aac67e43821fb100047af87d5f03,5.181512345393329,collapsed,common_td3_target_critic,0da796df32e117fea55e78235f25fa55de3a54e5e093525395230815761ee725,0.99,0.07576497395833333,0.10970052083333333,4096,86558216706.37283,59453523566.909996,1695662977169.467,1721342613449.0806,1242368988323.3452,1263094678848.624,1254918170019.9375,1275853210954.5625,True,0.0,0.0,89351324529.90573,61221785174.426254,-2793107823.532898,0.968740163190328,True,raw/hopper-expert-v2/hopper-expert-v2_tau20_mpi4_seed1.npz,4f53b842fc882afa4c15c3d3f2db5843edccb87630ee9770812372734906f5dd
td3|walker2d-medium-v2|4|0,td3,walker2d-medium-v2,4.0,0,1000000,df4f121e4597fc3033d0ed54aeb731eb0f3dd60c501dbfdbdbd2eab84a1c4dbf,f3e05fb4856e499a71bc91de25a7b44a4e50615497485b8dd8ea553df3893240,a80736c579bdf64d91908e118c05a4344424ca74d2a82aabc68a6523389b33d2,cf00f43add04c17fdfc2958dd581dea0851b2e5bedbe6fda073758a8f841aeda,c19bca3b126ca1d11cac37f34394895aac57ccb18940e212d1df76ecdc035c00,a5e8ec78c782631fa1dd834df4627187c98b009822c39e8d0a59baaf7f35755a,babb1b8a8d7ec533403dabb79573aa1683a30b072eb0c5ccb371cc8f5da0eece,25.654125561499203,stable,within_run_target_critic,4e865fc8f6c74c3c4df0e0fb523c39759b5db308d024661a90a86377fc854ec9,0.99,0.17325846354166666,0.177490234375,4096,39.96741123378398,25.192257785916734,1949.878222164169,1924.6812398496736,1833.517860252448,1809.9314146010845,1848.7792256196117,1824.9654578870832,True,0.0,0.0,42.27953266885405,27.24543016380325,-2.3121214350700754,0.9453134580937944,True,raw/walker2d-medium-v2/walker2d-medium-v2_tau4_seed0.npz,e298d3feaee676598b3201db3712d6abb5b9350b1a05fd90095f2c3b8eb30a61
td3|walker2d-medium-v2|4|0,td3,walker2d-medium-v2,4.0,0,1000000,df4f121e4597fc3033d0ed54aeb731eb0f3dd60c501dbfdbdbd2eab84a1c4dbf,f3e05fb4856e499a71bc91de25a7b44a4e50615497485b8dd8ea553df3893240,a80736c579bdf64d91908e118c05a4344424ca74d2a82aabc68a6523389b33d2,cf00f43add04c17fdfc2958dd581dea0851b2e5bedbe6fda073758a8f841aeda,c19bca3b126ca1d11cac37f34394895aac57ccb18940e212d1df76ecdc035c00,a5e8ec78c782631fa1dd834df4627187c98b009822c39e8d0a59baaf7f35755a,babb1b8a8d7ec533403dabb79573aa1683a30b072eb0c5ccb371cc8f5da0eece,25.654125561499203,stable,common_td3_target_critic,4e865fc8f6c74c3c4df0e0fb523c39759b5db308d024661a90a86377fc854ec9,0.99,0.17325846354166666,0.177490234375,4096,39.96741123378398,25.192257785916734,1949.878222164169,1924.6812398496736,1833.517860252448,1809.9314146010845,1848.7792256196117,1824.9654578870832,True,0.0,0.0,42.27953266885405,27.24543016380325,-2.3121214350700754,0.9453134580937944,True,raw/walker2d-medium-v2/walker2d-medium-v2_tau4_seed0.npz,e298d3feaee676598b3201db3712d6abb5b9350b1a05fd90095f2c3b8eb30a61
p3|walker2d-medium-v2|4|0,p3,walker2d-medium-v2,4.0,0,1000000,306d0095e5017f362bf490f93866e87d011f7dd50d56fac3af19d750629e60ce,cd4ea73df0502e352249d7ebc9cca68ffff4addd54f3e30ca440dbb30db634f6,e809ffccb9d90538a46019c0cd695dc0cee2697f7cb4a0540ad4de73e81e20a9,cf00f43add04c17fdfc2958dd581dea0851b2e5bedbe6fda073758a8f841aeda,c19bca3b126ca1d11cac37f34394895aac57ccb18940e212d1df76ecdc035c00,a5e8ec78c782631fa1dd834df4627187c98b009822c39e8d0a59baaf7f35755a,babb1b8a8d7ec533403dabb79573aa1683a30b072eb0c5ccb371cc8f5da0eece,88.58572785825453,stable,within_run_target_critic,d66eae394d94d3288c33353e667d852d0b3419be001068d11bfd10252792fae9,0.99,0.16414388020833334,0.177490234375,4096,1.9636746313664277,0.7959095999761485,312.873903261175,312.46875958074446,299.98539458270005,299.48803649561535,299.57460881424777,299.0722269081016,True,0.0,0.0,2.001677263970723,0.8194610365392874,-0.03800263260429526,0.9810146054569708,True,raw/walker2d-medium-v2/walker2d-medium-v2_tau4_mpi3_seed0.npz,b50d62810ceac573ebb3625c3be2eddf989c828f6d31b29c3b7263f61289239d
p3|walker2d-medium-v2|4|0,p3,walker2d-medium-v2,4.0,0,1000000,306d0095e5017f362bf490f93866e87d011f7dd50d56fac3af19d750629e60ce,cd4ea73df0502e352249d7ebc9cca68ffff4addd54f3e30ca440dbb30db634f6,e809ffccb9d90538a46019c0cd695dc0cee2697f7cb4a0540ad4de73e81e20a9,cf00f43add04c17fdfc2958dd581dea0851b2e5bedbe6fda073758a8f841aeda,c19bca3b126ca1d11cac37f34394895aac57ccb18940e212d1df76ecdc035c00,a5e8ec78c782631fa1dd834df4627187c98b009822c39e8d0a59baaf7f35755a,babb1b8a8d7ec533403dabb79573aa1683a30b072eb0c5ccb371cc8f5da0eece,88.58572785825453,stable,common_td3_target_critic,4e865fc8f6c74c3c4df0e0fb523c39759b5db308d024661a90a86377fc854ec9,0.99,0.16414388020833334,0.177490234375,4096,13.34349165250571,8.484547649470624,1924.800393895464,1924.6812398496736,1810.577300571663,1809.9314146010845,1825.6200503777509,1824.9654578870832,True,0.0,0.0,13.543035979933792,8.699334246936342,-0.19954432742808237,0.9852659087870889,True,raw/walker2d-medium-v2/walker2d-medium-v2_tau4_mpi3_seed0.npz,b50d62810ceac573ebb3625c3be2eddf989c828f6d31b29c3b7263f61289239d
p4|walker2d-medium-v2|4|0,p4,walker2d-medium-v2,4.0,0,1000000,938a797d5e0523ae05336232f5cadfe381716319520a1e5f87907fcd208f46a6,44b171c2b20d3716e17a0bde2279b3e31dc6083a6771d345fc6bb0124783708f,6319242609d24c43a324d430abc70fcf635fb9d8c9ae779741f8393cbc05eb89,cf00f43add04c17fdfc2958dd581dea0851b2e5bedbe6fda073758a8f841aeda,c19bca3b126ca1d11cac37f34394895aac57ccb18940e212d1df76ecdc035c00,a5e8ec78c782631fa1dd834df4627187c98b009822c39e8d0a59baaf7f35755a,babb1b8a8d7ec533403dabb79573aa1683a30b072eb0c5ccb371cc8f5da0eece,87.0739148260157,stable,within_run_target_critic,0fa610d7e12cda05acf15877795896f4e450a02fc30af6f73d27d6d3f015325a,0.99,0.16292317708333334,0.177490234375,4096,1.8455470979634436,0.7796982100547757,308.2313850501181,307.86284349263707,294.31557380472293,293.8794317975487,293.8469440669869,293.40639658499276,True,0.0,0.0,1.8764229146015938,0.7957570104830666,-0.0308758166381502,0.9835453849993588,True,raw/walker2d-medium-v2/walker2d-medium-v2_tau4_mpi4_seed0.npz,9a3fdb42393e3bb6f805463b115e63516ce4a927a4700e45680b622c40d5e737
p4|walker2d-medium-v2|4|0,p4,walker2d-medium-v2,4.0,0,1000000,938a797d5e0523ae05336232f5cadfe381716319520a1e5f87907fcd208f46a6,44b171c2b20d3716e17a0bde2279b3e31dc6083a6771d345fc6bb0124783708f,6319242609d24c43a324d430abc70fcf635fb9d8c9ae779741f8393cbc05eb89,cf00f43add04c17fdfc2958dd581dea0851b2e5bedbe6fda073758a8f841aeda,c19bca3b126ca1d11cac37f34394895aac57ccb18940e212d1df76ecdc035c00,a5e8ec78c782631fa1dd834df4627187c98b009822c39e8d0a59baaf7f35755a,babb1b8a8d7ec533403dabb79573aa1683a30b072eb0c5ccb371cc8f5da0eece,87.0739148260157,stable,common_td3_target_critic,4e865fc8f6c74c3c4df0e0fb523c39759b5db308d024661a90a86377fc854ec9,0.99,0.16292317708333334,0.177490234375,4096,12.777518634466178,8.280542857188557,1925.0213750505122,1924.6812398496736,1810.6476593758211,1809.9314146010845,1825.6879742267047,1824.9654578870832,True,0.0,0.0,12.897329920056409,8.464177340814349,-0.11981128559023091,0.9907103806498805,True,raw/walker2d-medium-v2/walker2d-medium-v2_tau4_mpi4_seed0.npz,9a3fdb42393e3bb6f805463b115e63516ce4a927a4700e45680b622c40d5e737
td3|walker2d-medium-v2|4|1,td3,walker2d-medium-v2,4.0,1,1000000,b2d4a7ca8d395ed30b434332dc9f774db940026c0c9db5f7c444502f0d7966f0,be74a50f8b84ddd608cf92e651a6eed0a1ff4246533f36f93d61acd70011a523,521765ecac0c689f2d1419f79dcbdca903eee8717a3c027d6fd64a7d6a0921b4,cf00f43add04c17fdfc2958dd581dea0851b2e5bedbe6fda073758a8f841aeda,c19bca3b126ca1d11cac37f34394895aac57ccb18940e212d1df76ecdc035c00,a5e8ec78c782631fa1dd834df4627187c98b009822c39e8d0a59baaf7f35755a,babb1b8a8d7ec533403dabb79573aa1683a30b072eb0c5ccb371cc8f5da0eece,77.77659581499124,stable,within_run_target_critic,9958b773f5a727f185420cbb76755c54f79190d27d8aaee420db6b193dd282e4,0.99,0.1595458984375,0.177490234375,4096,1.8052331427278812,0.7252577087748796,342.3522285831681,341.8771533065246,331.91415635955616,331.3611487877006,331.8246070748428,331.266013567918,True,0.0,0.0,1.9646354549161538,0.7739010609453544,-0.1594023121882726,0.918864178191737,True,raw/walker2d-medium-v2/walker2d-medium-v2_tau4_seed1.npz,cde0d771381e938e4b7e8da0e7d8c9d5dfee7019c6031b6effdd8d3f80fedb65
td3|walker2d-medium-v2|4|1,td3,walker2d-medium-v2,4.0,1,1000000,b2d4a7ca8d395ed30b434332dc9f774db940026c0c9db5f7c444502f0d7966f0,be74a50f8b84ddd608cf92e651a6eed0a1ff4246533f36f93d61acd70011a523,521765ecac0c689f2d1419f79dcbdca903eee8717a3c027d6fd64a7d6a0921b4,cf00f43add04c17fdfc2958dd581dea0851b2e5bedbe6fda073758a8f841aeda,c19bca3b126ca1d11cac37f34394895aac57ccb18940e212d1df76ecdc035c00,a5e8ec78c782631fa1dd834df4627187c98b009822c39e8d0a59baaf7f35755a,babb1b8a8d7ec533403dabb79573aa1683a30b072eb0c5ccb371cc8f5da0eece,77.77659581499124,stable,common_td3_target_critic,9958b773f5a727f185420cbb76755c54f79190d27d8aaee420db6b193dd282e4,0.99,0.1595458984375,0.177490234375,4096,1.8052331427278812,0.7252577087748796,342.3522285831681,341.8771533065246,331.91415635955616,331.3611487877006,331.8246070748428,331.266013567918,True,0.0,0.0,1.9646354549161538,0.7739010609453544,-0.1594023121882726,0.918864178191737,True,raw/walker2d-medium-v2/walker2d-medium-v2_tau4_seed1.npz,cde0d771381e938e4b7e8da0e7d8c9d5dfee7019c6031b6effdd8d3f80fedb65
p3|walker2d-medium-v2|4|1,p3,walker2d-medium-v2,4.0,1,1000000,663004d3ff99721ad7c2026f7b91f567fca0816a2a5e89c2ad905f4fcac18bde,e391705840e5b60ec754d92837d953e79f593bbe3dc15baf992841189170b148,f8cdbc6cc67cea0021cf5b018e5bfa36ec3da2902fb34f1c987ef9424068523d,cf00f43add04c17fdfc2958dd581dea0851b2e5bedbe6fda073758a8f841aeda,c19bca3b126ca1d11cac37f34394895aac57ccb18940e212d1df76ecdc035c00,a5e8ec78c782631fa1dd834df4627187c98b009822c39e8d0a59baaf7f35755a,babb1b8a8d7ec533403dabb79573aa1683a30b072eb0c5ccb371cc8f5da0eece,88.61981437131817,stable,within_run_target_critic,5db9e75b74c8254c2cd91fa0a8cb49ba6962eda210ae1d95b3e2b861e061392e,0.99,0.16072591145833334,0.177490234375,4096,1.975968580350374,0.7711931605171413,317.7885770844127,317.40603645835114,304.16254567492734,303.70587360540384,303.7941572710988,303.33292663359316,True,0.0,0.0,2.04572236474239,0.7932064503739821,-0.06975378439201618,0.9659026143555898,True,raw/walker2d-medium-v2/walker2d-medium-v2_tau4_mpi3_seed1.npz,52eb3c786cce25e5cd778918116232f5adbbe992c00269d665f3fec1aaf3d4eb
p3|walker2d-medium-v2|4|1,p3,walker2d-medium-v2,4.0,1,1000000,663004d3ff99721ad7c2026f7b91f567fca0816a2a5e89c2ad905f4fcac18bde,e391705840e5b60ec754d92837d953e79f593bbe3dc15baf992841189170b148,f8cdbc6cc67cea0021cf5b018e5bfa36ec3da2902fb34f1c987ef9424068523d,cf00f43add04c17fdfc2958dd581dea0851b2e5bedbe6fda073758a8f841aeda,c19bca3b126ca1d11cac37f34394895aac57ccb18940e212d1df76ecdc035c00,a5e8ec78c782631fa1dd834df4627187c98b009822c39e8d0a59baaf7f35755a,babb1b8a8d7ec533403dabb79573aa1683a30b072eb0c5ccb371cc8f5da0eece,88.61981437131817,stable,common_td3_target_critic,9958b773f5a727f185420cbb76755c54f79190d27d8aaee420db6b193dd282e4,0.99,0.16072591145833334,0.177490234375,4096,1.0775695657894828,0.5250092836841941,342.0876063911047,341.8771533065246,331.5883110907311,331.3611487877006,331.49547043966595,331.266013567918,True,0.0,0.0,1.149311932442012,0.5401673654001207,-0.0717423666525292,0.9375779850296221,True,raw/walker2d-medium-v2/walker2d-medium-v2_tau4_mpi3_seed1.npz,52eb3c786cce25e5cd778918116232f5adbbe992c00269d665f3fec1aaf3d4eb
p4|walker2d-medium-v2|4|1,p4,walker2d-medium-v2,4.0,1,1000000,1f309828cdc2a947f2a686175b5f8dddf488d3d5b6cff90a9b0bba5af6d8c334,fc60b91dcca5cc352c107e43ac936ab6a57dc362b0cf464e4a80763c0e2e9b52,0ea865c8267d736aaed5488b5e20d3d9857cc5fda6173c94341cd16ab359ad3e,cf00f43add04c17fdfc2958dd581dea0851b2e5bedbe6fda073758a8f841aeda,c19bca3b126ca1d11cac37f34394895aac57ccb18940e212d1df76ecdc035c00,a5e8ec78c782631fa1dd834df4627187c98b009822c39e8d0a59baaf7f35755a,babb1b8a8d7ec533403dabb79573aa1683a30b072eb0c5ccb371cc8f5da0eece,88.84058097048883,stable,within_run_target_critic,65b59975d5c04fa6ce124a55eb87b0151d2404cbdcedc5ab6b7a7b9f90064cd6,0.99,0.16288248697916666,0.177490234375,4096,1.8100595300904212,0.7869038519938476,309.1643029517294,308.7992988667422,295.625816587869,295.17735788296477,295.17042162572034,294.717433034908,True,0.0,0.0,1.858923586616615,0.8023675076616928,-0.048864056526193744,0.9737137895941542,True,raw/walker2d-medium-v2/walker2d-medium-v2_tau4_mpi4_seed1.npz,e67bc288ae381f48dba09ecd067ff40b45300a89686f41e1fc605c9a7ca13428
p4|walker2d-medium-v2|4|1,p4,walker2d-medium-v2,4.0,1,1000000,1f309828cdc2a947f2a686175b5f8dddf488d3d5b6cff90a9b0bba5af6d8c334,fc60b91dcca5cc352c107e43ac936ab6a57dc362b0cf464e4a80763c0e2e9b52,0ea865c8267d736aaed5488b5e20d3d9857cc5fda6173c94341cd16ab359ad3e,cf00f43add04c17fdfc2958dd581dea0851b2e5bedbe6fda073758a8f841aeda,c19bca3b126ca1d11cac37f34394895aac57ccb18940e212d1df76ecdc035c00,a5e8ec78c782631fa1dd834df4627187c98b009822c39e8d0a59baaf7f35755a,babb1b8a8d7ec533403dabb79573aa1683a30b072eb0c5ccb371cc8f5da0eece,88.84058097048883,stable,common_td3_target_critic,9958b773f5a727f185420cbb76755c54f79190d27d8aaee420db6b193dd282e4,0.99,0.16288248697916666,0.177490234375,4096,1.0330014511467303,0.5108947299595457,342.05730970733487,341.8771533065246,331.5529966792369,331.3611487877006,331.45979931694455,331.266013567918,True,0.0,0.0,1.079455762876652,0.5270541888568551,-0.04645431172992165,0.9569650620919147,True,raw/walker2d-medium-v2/walker2d-medium-v2_tau4_mpi4_seed1.npz,e67bc288ae381f48dba09ecd067ff40b45300a89686f41e1fc605c9a7ca13428
td3|walker2d-medium-v2|7|0,td3,walker2d-medium-v2,7.0,0,1000000,80257596fe677416b8eb5aa54853e93d3633fa6265e755f21d82c1eb25fba876,0c2ada15b2c18a326b8c611fdbf59ac063c20d998081d834c76998cafb3a2fa9,09adb9fcd986d6e80e46923842a19f434b304d15740c84bf4fc3907582edc832,cf00f43add04c17fdfc2958dd581dea0851b2e5bedbe6fda073758a8f841aeda,c19bca3b126ca1d11cac37f34394895aac57ccb18940e212d1df76ecdc035c00,a5e8ec78c782631fa1dd834df4627187c98b009822c39e8d0a59baaf7f35755a,babb1b8a8d7ec533403dabb79573aa1683a30b072eb0c5ccb371cc8f5da0eece,2.3018707417014848,collapsed,within_run_target_critic,c36bfba0596681648822d23f2db57f9a4f3c79206329663a1dc32fae3694ce73,0.99,0.4944661458333333,0.177490234375,4096,210839906541.67047,184811633735.84998,737227433276.5276,559912562320.737,617168368210.1279,432356734474.27783,623402392128.0,436723974213.0,True,0.0,0.0,236067438951.4383,210932716708.89,-25227532409.767822,0.8931342140117959,True,raw/walker2d-medium-v2/walker2d-medium-v2_tau7_seed0.npz,6362660ba98ee69f547fcbb5023bf6b78a14487b3aec05785846db1905071fce
td3|walker2d-medium-v2|7|0,td3,walker2d-medium-v2,7.0,0,1000000,80257596fe677416b8eb5aa54853e93d3633fa6265e755f21d82c1eb25fba876,0c2ada15b2c18a326b8c611fdbf59ac063c20d998081d834c76998cafb3a2fa9,09adb9fcd986d6e80e46923842a19f434b304d15740c84bf4fc3907582edc832,cf00f43add04c17fdfc2958dd581dea0851b2e5bedbe6fda073758a8f841aeda,c19bca3b126ca1d11cac37f34394895aac57ccb18940e212d1df76ecdc035c00,a5e8ec78c782631fa1dd834df4627187c98b009822c39e8d0a59baaf7f35755a,babb1b8a8d7ec533403dabb79573aa1683a30b072eb0c5ccb371cc8f5da0eece,2.3018707417014848,collapsed,common_td3_target_critic,c36bfba0596681648822d23f2db57f9a4f3c79206329663a1dc32fae3694ce73,0.99,0.4944661458333333,0.177490234375,4096,210839906541.67047,184811633735.84998,737227433276.5276,559912562320.737,617168368210.1279,432356734474.27783,623402392128.0,436723974213.0,True,0.0,0.0,236067438951.4383,210932716708.89,-25227532409.767822,0.8931342140117959,True,raw/walker2d-medium-v2/walker2d-medium-v2_tau7_seed0.npz,6362660ba98ee69f547fcbb5023bf6b78a14487b3aec05785846db1905071fce
p3|walker2d-medium-v2|7|0,p3,walker2d-medium-v2,7.0,0,1000000,58fc87a3648fe855f9caf451747982c31ac7953e531d01d608b043299b4f87ef,8eb0e3cb4977777a7d47e5ad121d59d44a07aa816a75161fbff2b68c86018caf,6575709cea3aa0f23ae6dd3f2dcb022195a7439131c1c1f84aa181609758192e,cf00f43add04c17fdfc2958dd581dea0851b2e5bedbe6fda073758a8f841aeda,c19bca3b126ca1d11cac37f34394895aac57ccb18940e212d1df76ecdc035c00,a5e8ec78c782631fa1dd834df4627187c98b009822c39e8d0a59baaf7f35755a,babb1b8a8d7ec533403dabb79573aa1683a30b072eb0c5ccb371cc8f5da0eece,2.6645061421315965,collapsed,within_run_target_critic,0b04f48ebed423fd6880edfd96a8e75f2bdf0a7447a9c3cb48121ba589fe47cc,0.99,0.42138671875,0.177490234375,4096,145497760732.10443,131363523113.625,521009498634.03516,395206839348.00464,474641977244.9278,343279993050.6628,479436340648.0,346747467724.5,True,0.0,0.0,161334657324.17648,148241103740.73,-15836896592.072052,0.9018382233877356,True,raw/walker2d-medium-v2/walker2d-medium-v2_tau7_mpi3_seed0.npz,4d7006bba9e544f7aa7c9720dcf914fa80a5a050f721ad64c2b173ca44068f1a
p3|walker2d-medium-v2|7|0,p3,walker2d-medium-v2,7.0,0,1000000,58fc87a3648fe855f9caf451747982c31ac7953e531d01d608b043299b4f87ef,8eb0e3cb4977777a7d47e5ad121d59d44a07aa816a75161fbff2b68c86018caf,6575709cea3aa0f23ae6dd3f2dcb022195a7439131c1c1f84aa181609758192e,cf00f43add04c17fdfc2958dd581dea0851b2e5bedbe6fda073758a8f841aeda,c19bca3b126ca1d11cac37f34394895aac57ccb18940e212d1df76ecdc035c00,a5e8ec78c782631fa1dd834df4627187c98b009822c39e8d0a59baaf7f35755a,babb1b8a8d7ec533403dabb79573aa1683a30b072eb0c5ccb371cc8f5da0eece,2.6645061421315965,collapsed,common_td3_target_critic,c36bfba0596681648822d23f2db57f9a4f3c79206329663a1dc32fae3694ce73,0.99,0.42138671875,0.177490234375,4096,189387637073.30814,163454934447.08997,716329305278.4921,559912562320.737,595808972446.4878,432356734474.27783,601827244892.0,436723974213.0,True,0.0,0.0,210546381017.89487,185538944371.77,-21158743944.58673,0.8995055443731973,True,raw/walker2d-medium-v2/walker2d-medium-v2_tau7_mpi3_seed0.npz,4d7006bba9e544f7aa7c9720dcf914fa80a5a050f721ad64c2b173ca44068f1a
p4|walker2d-medium-v2|7|0,p4,walker2d-medium-v2,7.0,0,1000000,02926c6889fbed499b0a28cc3e53aa46dc242f342b7af0eab8e3d7480831e93c,969c795140962ee949cf2021203f845274a48f6ec23e23d9452a90291101538f,9149c809b9eec13aa9c9fd028ab3bb770b724be52ff8e7fe1a2088e34305ffdb,cf00f43add04c17fdfc2958dd581dea0851b2e5bedbe6fda073758a8f841aeda,c19bca3b126ca1d11cac37f34394895aac57ccb18940e212d1df76ecdc035c00,a5e8ec78c782631fa1dd834df4627187c98b009822c39e8d0a59baaf7f35755a,babb1b8a8d7ec533403dabb79573aa1683a30b072eb0c5ccb371cc8f5da0eece,91.85350259071976,stable,within_run_target_critic,bb9fa80c11abbd834af9bdbe133cde06b429faea3258cffd0f9ffcd451bb9d87,0.99,0.16162109375,0.177490234375,4096,1.993367660659048,0.7611320807493758,322.34909509105853,321.9361704274343,308.60277346708966,308.1108997173891,308.27903192979284,307.7821897583781,True,0.0,0.0,2.0484759061454714,0.7838824666582513,-0.055108245486423346,0.9730979284056516,True,raw/walker2d-medium-v2/walker2d-medium-v2_tau7_mpi4_seed0.npz,6971a087379e74ab8993be8861d1ace6dbfc1c902df46776f62e1a01e45330db
p4|walker2d-medium-v2|7|0,p4,walker2d-medium-v2,7.0,0,1000000,02926c6889fbed499b0a28cc3e53aa46dc242f342b7af0eab8e3d7480831e93c,969c795140962ee949cf2021203f845274a48f6ec23e23d9452a90291101538f,9149c809b9eec13aa9c9fd028ab3bb770b724be52ff8e7fe1a2088e34305ffdb,cf00f43add04c17fdfc2958dd581dea0851b2e5bedbe6fda073758a8f841aeda,c19bca3b126ca1d11cac37f34394895aac57ccb18940e212d1df76ecdc035c00,a5e8ec78c782631fa1dd834df4627187c98b009822c39e8d0a59baaf7f35755a,babb1b8a8d7ec533403dabb79573aa1683a30b072eb0c5ccb371cc8f5da0eece,91.85350259071976,stable,common_td3_target_critic,c36bfba0596681648822d23f2db57f9a4f3c79206329663a1dc32fae3694ce73,0.99,0.16162109375,0.177490234375,4096,27267447344.95296,19550511019.71,559881155607.4856,559912562320.737,433279291917.2278,432356734474.27783,437655850418.0,436723974213.0,True,0.0,0.0,27862533301.91793,20079182918.52,-595085956.9649696,0.9786420728324798,True,raw/walker2d-medium-v2/walker2d-medium-v2_tau7_mpi4_seed0.npz,6971a087379e74ab8993be8861d1ace6dbfc1c902df46776f62e1a01e45330db
td3|walker2d-medium-v2|7|1,td3,walker2d-medium-v2,7.0,1,1000000,39287e93d3ef6e41165e5d7bf0c03afd50bce3ccecfa4ce702b3e129e84c3e42,cfd8c80b7693cf3ced25bfdf85357f60569260f18e4cf9f2fabab2f90d27698c,65cc101827cef517ea4e5000b72f5a3fad7385d3ed5bca4cc5ab8d36dba381bc,cf00f43add04c17fdfc2958dd581dea0851b2e5bedbe6fda073758a8f841aeda,c19bca3b126ca1d11cac37f34394895aac57ccb18940e212d1df76ecdc035c00,a5e8ec78c782631fa1dd834df4627187c98b009822c39e8d0a59baaf7f35755a,babb1b8a8d7ec533403dabb79573aa1683a30b072eb0c5ccb371cc8f5da0eece,-0.1827868917965383,collapsed,within_run_target_critic,fd718c7f0babcdd3bdb0f6a8ad9e8a949f67aba0fcee407e47c278948a5439d6,0.99,0.17496744791666666,0.177490234375,4096,1931.323452152441,1325.3053533884881,93850.91065490968,92632.54573740343,92265.4920461312,91017.55694853666,93194.07705669291,91933.53978316672,True,0.0,0.0,2030.8479387107193,1409.0254796387069,-99.52448655827834,0.9509936294780094,True,raw/walker2d-medium-v2/walker2d-medium-v2_tau7_seed1.npz,2984e0d88ffa441576552e80e351c5bc056dd814b996239cdca8e82f701952ee
td3|walker2d-medium-v2|7|1,td3,walker2d-medium-v2,7.0,1,1000000,39287e93d3ef6e41165e5d7bf0c03afd50bce3ccecfa4ce702b3e129e84c3e42,cfd8c80b7693cf3ced25bfdf85357f60569260f18e4cf9f2fabab2f90d27698c,65cc101827cef517ea4e5000b72f5a3fad7385d3ed5bca4cc5ab8d36dba381bc,cf00f43add04c17fdfc2958dd581dea0851b2e5bedbe6fda073758a8f841aeda,c19bca3b126ca1d11cac37f34394895aac57ccb18940e212d1df76ecdc035c00,a5e8ec78c782631fa1dd834df4627187c98b009822c39e8d0a59baaf7f35755a,babb1b8a8d7ec533403dabb79573aa1683a30b072eb0c5ccb371cc8f5da0eece,-0.1827868917965383,collapsed,common_td3_target_critic,fd718c7f0babcdd3bdb0f6a8ad9e8a949f67aba0fcee407e47c278948a5439d6,0.99,0.17496744791666666,0.177490234375,4096,1931.323452152441,1325.3053533884881,93850.91065490968,92632.54573740343,92265.4920461312,91017.55694853666,93194.07705669291,91933.53978316672,True,0.0,0.0,2030.8479387107193,1409.0254796387069,-99.52448655827834,0.9509936294780094,True,raw/walker2d-medium-v2/walker2d-medium-v2_tau7_seed1.npz,2984e0d88ffa441576552e80e351c5bc056dd814b996239cdca8e82f701952ee
p3|walker2d-medium-v2|7|1,p3,walker2d-medium-v2,7.0,1,1000000,c5c297ba81b9841384e0a4f03549a0b03537c6437c796fac2e23151eeb89c2e1,46a5b55ee74ee79b40aa1501dcb1b77743e19de4f6fcf9603c29d49fe37249be,6a562e9e52059fa0c1d742f5368cebcd885b44bcf5a6f08a8d5fcd803b593c6e,cf00f43add04c17fdfc2958dd581dea0851b2e5bedbe6fda073758a8f841aeda,c19bca3b126ca1d11cac37f34394895aac57ccb18940e212d1df76ecdc035c00,a5e8ec78c782631fa1dd834df4627187c98b009822c39e8d0a59baaf7f35755a,babb1b8a8d7ec533403dabb79573aa1683a30b072eb0c5ccb371cc8f5da0eece,89.09892545660095,stable,within_run_target_critic,1dab3ce24879095ff2c5ca03614ccbc51d3143b7d4f4c90c760d2ea9e14a73a4,0.99,0.1566162109375,0.177490234375,4096,1.860087966116859,0.720865931608714,327.3326622318555,326.93992550582584,314.9824303608566,314.5089071338616,314.72185354080284,314.24498588970164,True,0.0,0.0,1.931708372413616,0.7504737286269665,-0.07162040629675692,0.9629237998242617,True,raw/walker2d-medium-v2/walker2d-medium-v2_tau7_mpi3_seed1.npz,09eb4505af0cd7991cc55f91362d8664883500e00a19ceb7424b7409029769ce
p3|walker2d-medium-v2|7|1,p3,walker2d-medium-v2,7.0,1,1000000,c5c297ba81b9841384e0a4f03549a0b03537c6437c796fac2e23151eeb89c2e1,46a5b55ee74ee79b40aa1501dcb1b77743e19de4f6fcf9603c29d49fe37249be,6a562e9e52059fa0c1d742f5368cebcd885b44bcf5a6f08a8d5fcd803b593c6e,cf00f43add04c17fdfc2958dd581dea0851b2e5bedbe6fda073758a8f841aeda,c19bca3b126ca1d11cac37f34394895aac57ccb18940e212d1df76ecdc035c00,a5e8ec78c782631fa1dd834df4627187c98b009822c39e8d0a59baaf7f35755a,babb1b8a8d7ec533403dabb79573aa1683a30b072eb0c5ccb371cc8f5da0eece,89.09892545660095,stable,common_td3_target_critic,fd718c7f0babcdd3bdb0f6a8ad9e8a949f67aba0fcee407e47c278948a5439d6,0.99,0.1566162109375,0.177490234375,4096,565.4164040801815,371.22792180108837,92647.11086620297,92632.54573740343,91041.41897339531,91017.55694853666,91957.63960948493,91933.53978316672,True,0.0,0.0,573.0864887248263,375.6500351585727,-7.670084644644817,0.9866161830796055,True,raw/walker2d-medium-v2/walker2d-medium-v2_tau7_mpi3_seed1.npz,09eb4505af0cd7991cc55f91362d8664883500e00a19ceb7424b7409029769ce
p4|walker2d-medium-v2|7|1,p4,walker2d-medium-v2,7.0,1,1000000,56e9b25fe203c609e8cad5013a8304d2519ef1b2464a0a889a91749579f6df2e,9b1bd9cc948ed7a6751a9b1d120a7ef6ee1686dc565001961b19ed33203f5c17,b885dec56ef0ef49c81814db5f6ca24644d757ae07f59fc7306830a3657c6f7b,cf00f43add04c17fdfc2958dd581dea0851b2e5bedbe6fda073758a8f841aeda,c19bca3b126ca1d11cac37f34394895aac57ccb18940e212d1df76ecdc035c00,a5e8ec78c782631fa1dd834df4627187c98b009822c39e8d0a59baaf7f35755a,babb1b8a8d7ec533403dabb79573aa1683a30b072eb0c5ccb371cc8f5da0eece,91.43537707667502,stable,within_run_target_critic,ea1f010062d8faa977782c5c9a242ad591225bfedae5478c1c71dd7f96e575de,0.99,0.16166178385416666,0.177490234375,4096,1.9983090103230312,0.7843590646429219,321.6285156040837,321.19293273574243,307.90209384012894,307.39360975703084,307.57127473084256,307.057654444885,True,0.0,0.0,1.9873151079129527,0.79291054207657,0.010993902410078471,1.005532037856656,True,raw/walker2d-medium-v2/walker2d-medium-v2_tau7_mpi4_seed1.npz,3546b807210833d11c2f54898a7327fb24fc2cb215da9daa9a064fbed8783a65
p4|walker2d-medium-v2|7|1,p4,walker2d-medium-v2,7.0,1,1000000,56e9b25fe203c609e8cad5013a8304d2519ef1b2464a0a889a91749579f6df2e,9b1bd9cc948ed7a6751a9b1d120a7ef6ee1686dc565001961b19ed33203f5c17,b885dec56ef0ef49c81814db5f6ca24644d757ae07f59fc7306830a3657c6f7b,cf00f43add04c17fdfc2958dd581dea0851b2e5bedbe6fda073758a8f841aeda,c19bca3b126ca1d11cac37f34394895aac57ccb18940e212d1df76ecdc035c00,a5e8ec78c782631fa1dd834df4627187c98b009822c39e8d0a59baaf7f35755a,babb1b8a8d7ec533403dabb79573aa1683a30b072eb0c5ccb371cc8f5da0eece,91.43537707667502,stable,common_td3_target_critic,fd718c7f0babcdd3bdb0f6a8ad9e8a949f67aba0fcee407e47c278948a5439d6,0.99,0.16166178385416666,0.177490234375,4096,537.5856554275248,359.50112737251914,92654.66357848975,92632.54573740343,91045.8436420745,91017.55694853666,91962.10897178715,91933.53978316672,True,0.0,0.0,546.3329474028243,365.7779466250422,-8.747291975299504,0.9839890820846836,True,raw/walker2d-medium-v2/walker2d-medium-v2_tau7_mpi4_seed1.npz,3546b807210833d11c2f54898a7327fb24fc2cb215da9daa9a064fbed8783a65
td3|walker2d-medium-v2|10|0,td3,walker2d-medium-v2,10.0,0,1000000,77a0839988194b67f6fc77fc8fa2ca1c34d3987bb93328072215037774b5ee1d,041eed690328bd30f6a12ee7d12ef73cf3510d4eed9435419ddcc06a581326a8,3cb99226fb5121abfbd4ae31e0eda88d9344b0668e65324d14f64143dae8f247,cf00f43add04c17fdfc2958dd581dea0851b2e5bedbe6fda073758a8f841aeda,c19bca3b126ca1d11cac37f34394895aac57ccb18940e212d1df76ecdc035c00,a5e8ec78c782631fa1dd834df4627187c98b009822c39e8d0a59baaf7f35755a,babb1b8a8d7ec533403dabb79573aa1683a30b072eb0c5ccb371cc8f5da0eece,2.3018707417014848,collapsed,within_run_target_critic,64a1b8d063a006d42664d360a760dfcb4f56ac5dde719568c76b7f330053a70e,0.99,0.50048828125,0.177490234375,4096,121383032688.79948,106880506097.31,418619654904.82855,317317001363.5245,341913365157.31775,235032859060.0078,345367035509.0,237406928340.0,True,0.0,0.0,135972116257.93736,122102687297.745,-14589083569.137878,0.8927053283375941,True,raw/walker2d-medium-v2/walker2d-medium-v2_tau10_seed0.npz,8e9ce72aaacc2041133009f221789572a8e6955a412aec353fa0cb29ce52b7c1
td3|walker2d-medium-v2|10|0,td3,walker2d-medium-v2,10.0,0,1000000,77a0839988194b67f6fc77fc8fa2ca1c34d3987bb93328072215037774b5ee1d,041eed690328bd30f6a12ee7d12ef73cf3510d4eed9435419ddcc06a581326a8,3cb99226fb5121abfbd4ae31e0eda88d9344b0668e65324d14f64143dae8f247,cf00f43add04c17fdfc2958dd581dea0851b2e5bedbe6fda073758a8f841aeda,c19bca3b126ca1d11cac37f34394895aac57ccb18940e212d1df76ecdc035c00,a5e8ec78c782631fa1dd834df4627187c98b009822c39e8d0a59baaf7f35755a,babb1b8a8d7ec533403dabb79573aa1683a30b072eb0c5ccb371cc8f5da0eece,2.3018707417014848,collapsed,common_td3_target_critic,64a1b8d063a006d42664d360a760dfcb4f56ac5dde719568c76b7f330053a70e,0.99,0.50048828125,0.177490234375,4096,121383032688.79948,106880506097.31,418619654904.82855,317317001363.5245,341913365157.31775,235032859060.0078,345367035509.0,237406928340.0,True,0.0,0.0,135972116257.93736,122102687297.745,-14589083569.137878,0.8927053283375941,True,raw/walker2d-medium-v2/walker2d-medium-v2_tau10_seed0.npz,8e9ce72aaacc2041133009f221789572a8e6955a412aec353fa0cb29ce52b7c1
p3|walker2d-medium-v2|10|0,p3,walker2d-medium-v2,10.0,0,1000000,8fe1a2806571e1996e6506aff75109f9a90078c0b7740a58fde40f36cb8ba8cb,753448f297b1d03b58622c6f3f8027d0f24d5e1a1f36046e1b62d352190e3596,9cfecc9182697ea82a1124d43664b99e3d23a74073ceaa8658ef1170b124db73,cf00f43add04c17fdfc2958dd581dea0851b2e5bedbe6fda073758a8f841aeda,c19bca3b126ca1d11cac37f34394895aac57ccb18940e212d1df76ecdc035c00,a5e8ec78c782631fa1dd834df4627187c98b009822c39e8d0a59baaf7f35755a,babb1b8a8d7ec533403dabb79573aa1683a30b072eb0c5ccb371cc8f5da0eece,0.034225871467166394,collapsed,within_run_target_critic,fb7c550f74d5cad50eb7aeba603ec47c7f8e8acc3da3428b1f240950164273ab,0.99,0.15535481770833334,0.177490234375,4096,2159.6954267348865,1541.9413823248074,105281.76665742586,103906.93314167531,101931.06543593243,100504.37040153166,102957.23744294047,101516.13637242094,True,0.0,0.0,2263.361234513466,1628.0916969125344,-103.66580777857962,0.9541982931412786,True,raw/walker2d-medium-v2/walker2d-medium-v2_tau10_mpi3_seed0.npz,837cf9189fd62261cc455b9c7a3edcd458d31c6c10f579dcd2d1a2ece3b9ecaa
p3|walker2d-medium-v2|10|0,p3,walker2d-medium-v2,10.0,0,1000000,8fe1a2806571e1996e6506aff75109f9a90078c0b7740a58fde40f36cb8ba8cb,753448f297b1d03b58622c6f3f8027d0f24d5e1a1f36046e1b62d352190e3596,9cfecc9182697ea82a1124d43664b99e3d23a74073ceaa8658ef1170b124db73,cf00f43add04c17fdfc2958dd581dea0851b2e5bedbe6fda073758a8f841aeda,c19bca3b126ca1d11cac37f34394895aac57ccb18940e212d1df76ecdc035c00,a5e8ec78c782631fa1dd834df4627187c98b009822c39e8d0a59baaf7f35755a,babb1b8a8d7ec533403dabb79573aa1683a30b072eb0c5ccb371cc8f5da0eece,0.034225871467166394,collapsed,common_td3_target_critic,64a1b8d063a006d42664d360a760dfcb4f56ac5dde719568c76b7f330053a70e,0.99,0.15535481770833334,0.177490234375,4096,26799890494.54254,19269065086.92,313325355429.4378,317317001363.5245,231980575887.1678,235032859060.0078,234323814024.0,237406928340.0,True,0.0,0.0,28037179651.3249,20148394258.574997,-1237289156.78236,0.9558696997283787,True,raw/walker2d-medium-v2/walker2d-medium-v2_tau10_mpi3_seed0.npz,837cf9189fd62261cc455b9c7a3edcd458d31c6c10f579dcd2d1a2ece3b9ecaa
p4|walker2d-medium-v2|10|0,p4,walker2d-medium-v2,10.0,0,1000000,f4b0ef889350d3416de6caab4fc59c1e1ed3bb8b78dd16a9441fcd6f9dc164f1,b8090e45160ea1405a8c84d775967cd8ab9b05183d7f24ae7cf2414814c54823,6951964a7a45d2a3769d716c3758ce569a04c0a198d9837dfae88e43473545ac,cf00f43add04c17fdfc2958dd581dea0851b2e5bedbe6fda073758a8f841aeda,c19bca3b126ca1d11cac37f34394895aac57ccb18940e212d1df76ecdc035c00,a5e8ec78c782631fa1dd834df4627187c98b009822c39e8d0a59baaf7f35755a,babb1b8a8d7ec533403dabb79573aa1683a30b072eb0c5ccb371cc8f5da0eece,2.301870741924962,collapsed,within_run_target_critic,552c376578f7351d34867594dc42ed2f329f22afc8e191087e5449923c11efe4,0.99,0.4273681640625,0.177490234375,4096,284911790491.3966,252147178835.64,987136340443.8817,743198754375.2476,876740047685.8077,624593968447.1277,885596007760.0,630902998428.0,True,0.0,0.0,317114898104.06573,285872243898.78,-32203107612.66913,0.8984497171050563,True,raw/walker2d-medium-v2/walker2d-medium-v2_tau10_mpi4_seed0.npz,13fd44fbcb7757ebbd18e0150949be388102faffd06714708a03e22e998a1668
p4|walker2d-medium-v2|10|0,p4,walker2d-medium-v2,10.0,0,1000000,f4b0ef889350d3416de6caab4fc59c1e1ed3bb8b78dd16a9441fcd6f9dc164f1,b8090e45160ea1405a8c84d775967cd8ab9b05183d7f24ae7cf2414814c54823,6951964a7a45d2a3769d716c3758ce569a04c0a198d9837dfae88e43473545ac,cf00f43add04c17fdfc2958dd581dea0851b2e5bedbe6fda073758a8f841aeda,c19bca3b126ca1d11cac37f34394895aac57ccb18940e212d1df76ecdc035c00,a5e8ec78c782631fa1dd834df4627187c98b009822c39e8d0a59baaf7f35755a,babb1b8a8d7ec533403dabb79573aa1683a30b072eb0c5ccb371cc8f5da0eece,2.301870741924962,collapsed,common_td3_target_critic,64a1b8d063a006d42664d360a760dfcb4f56ac5dde719568c76b7f330053a70e,0.99,0.4273681640625,0.177490234375,4096,111875069964.46063,96384780166.95,409451168780.2761,317317001363.5245,331417464575.1178,235032859060.0078,334765115729.0,237406928340.0,True,0.0,0.0,124607810419.89287,109604671768.845,-12732740455.432236,0.8978174769901941,True,raw/walker2d-medium-v2/walker2d-medium-v2_tau10_mpi4_seed0.npz,13fd44fbcb7757ebbd18e0150949be388102faffd06714708a03e22e998a1668
td3|walker2d-medium-v2|10|1,td3,walker2d-medium-v2,10.0,1,1000000,7c01f9270e0c163c8e8661ecad59c23b10cb9788a203ac238d2e96de685d0fcf,e0e7669d9123908d2ea5f7032edf83708eaeac4a070f0a668f4e592e09e0170f,c72b131100ff96e010864bf1f567e51cb170970cd11820b9fe10143acd8c5668,cf00f43add04c17fdfc2958dd581dea0851b2e5bedbe6fda073758a8f841aeda,c19bca3b126ca1d11cac37f34394895aac57ccb18940e212d1df76ecdc035c00,a5e8ec78c782631fa1dd834df4627187c98b009822c39e8d0a59baaf7f35755a,babb1b8a8d7ec533403dabb79573aa1683a30b072eb0c5ccb371cc8f5da0eece,2.368422904146782,collapsed,within_run_target_critic,6b89e809a9c94592af395e79dcaa1e041f233980c545cb62353c1ae00ba75260,0.99,0.503173828125,0.177490234375,4096,151471082715.05594,133781170375.70999,526719644864.61475,399884064296.59894,439865593435.0678,306084423059.3578,444308680234.0,309176184905.0,True,0.0,0.0,170108152037.40518,153231645461.4,-18637069322.349243,0.890439881339425,True,raw/walker2d-medium-v2/walker2d-medium-v2_tau10_seed1.npz,46e65dfbce16891fe3ba42552919294f19e61b10478dce10ff190bca76ffdcb1
td3|walker2d-medium-v2|10|1,td3,walker2d-medium-v2,10.0,1,1000000,7c01f9270e0c163c8e8661ecad59c23b10cb9788a203ac238d2e96de685d0fcf,e0e7669d9123908d2ea5f7032edf83708eaeac4a070f0a668f4e592e09e0170f,c72b131100ff96e010864bf1f567e51cb170970cd11820b9fe10143acd8c5668,cf00f43add04c17fdfc2958dd581dea0851b2e5bedbe6fda073758a8f841aeda,c19bca3b126ca1d11cac37f34394895aac57ccb18940e212d1df76ecdc035c00,a5e8ec78c782631fa1dd834df4627187c98b009822c39e8d0a59baaf7f35755a,babb1b8a8d7ec533403dabb79573aa1683a30b072eb0c5ccb371cc8f5da0eece,2.368422904146782,collapsed,common_td3_target_critic,6b89e809a9c94592af395e79dcaa1e041f233980c545cb62353c1ae00ba75260,0.99,0.503173828125,0.177490234375,4096,151471082715.05594,133781170375.70999,526719644864.61475,399884064296.59894,439865593435.0678,306084423059.3578,444308680234.0,309176184905.0,True,0.0,0.0,170108152037.40518,153231645461.4,-18637069322.349243,0.890439881339425,True,raw/walker2d-medium-v2/walker2d-medium-v2_tau10_seed1.npz,46e65dfbce16891fe3ba42552919294f19e61b10478dce10ff190bca76ffdcb1
p3|walker2d-medium-v2|10|1,p3,walker2d-medium-v2,10.0,1,1000000,c8ed19a4d3bbc010bead44e374aa255dd32ca9a04968b66a4a2485b876a637b7,9340fafd5430ad8b0197d5e98bab787b08efe3024306c551073760e6402d37b3,a5573c5eabf125d66ac9641698334da9872fad0a02184ae94d38eefd7f7a465f,cf00f43add04c17fdfc2958dd581dea0851b2e5bedbe6fda073758a8f841aeda,c19bca3b126ca1d11cac37f34394895aac57ccb18940e212d1df76ecdc035c00,a5e8ec78c782631fa1dd834df4627187c98b009822c39e8d0a59baaf7f35755a,babb1b8a8d7ec533403dabb79573aa1683a30b072eb0c5ccb371cc8f5da0eece,98.86776586822145,stable,within_run_target_critic,125c64b3c8b55af1e9a27956bf3945cae90c782546e0a58b7ac004c315974add,0.99,0.15824381510416666,0.177490234375,4096,1.7725588060739659,0.72681357079593,339.5966013436708,339.14590443083665,325.89636770477847,325.36604438995863,325.74603267607745,325.21053581120213,True,0.0,0.0,1.8339964039326144,0.7598045736913628,-0.06143759785864855,0.9665006988416615,True,raw/walker2d-medium-v2/walker2d-medium-v2_tau10_mpi3_seed1.npz,e1a7d17f9b0b6b639f4f09d5441e678bbcb5611a746b59c5fc8acd9bac678adf
p3|walker2d-medium-v2|10|1,p3,walker2d-medium-v2,10.0,1,1000000,c8ed19a4d3bbc010bead44e374aa255dd32ca9a04968b66a4a2485b876a637b7,9340fafd5430ad8b0197d5e98bab787b08efe3024306c551073760e6402d37b3,a5573c5eabf125d66ac9641698334da9872fad0a02184ae94d38eefd7f7a465f,cf00f43add04c17fdfc2958dd581dea0851b2e5bedbe6fda073758a8f841aeda,c19bca3b126ca1d11cac37f34394895aac57ccb18940e212d1df76ecdc035c00,a5e8ec78c782631fa1dd834df4627187c98b009822c39e8d0a59baaf7f35755a,babb1b8a8d7ec533403dabb79573aa1683a30b072eb0c5ccb371cc8f5da0eece,98.86776586822145,stable,common_td3_target_critic,6b89e809a9c94592af395e79dcaa1e041f233980c545cb62353c1ae00ba75260,0.99,0.15824381510416666,0.177490234375,4096,19649323916.538124,13777980405.75,399753640132.493,399884064296.59894,306675978376.1278,306084423059.3578,309773715528.0,309176184905.0,True,0.0,0.0,20094176557.786797,14139541168.83,-444852641.2486725,0.9778616137879865,True,raw/walker2d-medium-v2/walker2d-medium-v2_tau10_mpi3_seed1.npz,e1a7d17f9b0b6b639f4f09d5441e678bbcb5611a746b59c5fc8acd9bac678adf
p4|walker2d-medium-v2|10|1,p4,walker2d-medium-v2,10.0,1,1000000,de14e2606d1ea60db779cd753ba2ca045f184de751ed99cc9488f10681899c4d,101c35e534b964842031fe3ac1af56ce3647f6114e201b94aca07211a80309c1,2c3eb1510dbf9e3904662f3092c563318f67c5d2f023b9cd5e9e5fb800aaf31d,cf00f43add04c17fdfc2958dd581dea0851b2e5bedbe6fda073758a8f841aeda,c19bca3b126ca1d11cac37f34394895aac57ccb18940e212d1df76ecdc035c00,a5e8ec78c782631fa1dd834df4627187c98b009822c39e8d0a59baaf7f35755a,babb1b8a8d7ec533403dabb79573aa1683a30b072eb0c5ccb371cc8f5da0eece,91.79196302554115,stable,within_run_target_critic,cf6aed252f27f0acd57dce0d8a16c0354d7945301b07763a2e028f561ad933c7,0.99,0.16215006510416666,0.177490234375,4096,1.8150902995773,0.7310274660526194,331.1323637870956,330.7033711092056,318.11299914634446,317.60082642697705,317.8840442332148,317.36669805203564,True,0.0,0.0,1.9177179316569848,0.7736345659274957,-0.10262763207968484,0.9464845009865395,True,raw/walker2d-medium-v2/walker2d-medium-v2_tau10_mpi4_seed1.npz,595a04a8358c52546fee07aa543189be7296493688460d5fee461a81db3877fa
p4|walker2d-medium-v2|10|1,p4,walker2d-medium-v2,10.0,1,1000000,de14e2606d1ea60db779cd753ba2ca045f184de751ed99cc9488f10681899c4d,101c35e534b964842031fe3ac1af56ce3647f6114e201b94aca07211a80309c1,2c3eb1510dbf9e3904662f3092c563318f67c5d2f023b9cd5e9e5fb800aaf31d,cf00f43add04c17fdfc2958dd581dea0851b2e5bedbe6fda073758a8f841aeda,c19bca3b126ca1d11cac37f34394895aac57ccb18940e212d1df76ecdc035c00,a5e8ec78c782631fa1dd834df4627187c98b009822c39e8d0a59baaf7f35755a,babb1b8a8d7ec533403dabb79573aa1683a30b072eb0c5ccb371cc8f5da0eece,91.79196302554115,stable,common_td3_target_critic,6b89e809a9c94592af395e79dcaa1e041f233980c545cb62353c1ae00ba75260,0.99,0.16215006510416666,0.177490234375,4096,19230258926.166653,13507861653.0,399925082337.63306,399884064296.59894,306848526067.1578,306084423059.3578,309948006125.0,309176184905.0,True,0.0,0.0,19751412616.907825,13962402789.39,-521153690.7411728,0.9736143585854183,True,raw/walker2d-medium-v2/walker2d-medium-v2_tau10_mpi4_seed1.npz,595a04a8358c52546fee07aa543189be7296493688460d5fee461a81db3877fa
td3|walker2d-medium-v2|14|0,td3,walker2d-medium-v2,14.0,0,1000000,7e85805827eafea532d13f1f30a1e604fae1fa043f28cda76b7652553cfd3f37,3810a682b6f6f52e18a08db35c18a8ba912d1eb59a0748ff04c3e92d5b0c1aa7,084b3c4c6364a3f0fff0cbec5fcfe23e71f9349a913f480d559207f6819592b8,cf00f43add04c17fdfc2958dd581dea0851b2e5bedbe6fda073758a8f841aeda,c19bca3b126ca1d11cac37f34394895aac57ccb18940e212d1df76ecdc035c00,a5e8ec78c782631fa1dd834df4627187c98b009822c39e8d0a59baaf7f35755a,babb1b8a8d7ec533403dabb79573aa1683a30b072eb0c5ccb371cc8f5da0eece,2.3018707417014848,collapsed,within_run_target_critic,ef6fe12053e1a1ea6989643dcfec1eab74bde219ddefcce508be098850d2c892,0.99,0.5011800130208334,0.177490234375,4096,479073851987.49066,418860324431.01,1667261717792.641,1269466761874.231,1356839961180.1077,937990486665.9778,1370545415330.0,947465138043.0,True,0.0,0.0,537106036437.8629,479962485980.01,-58032184450.37225,0.891953952267513,True,raw/walker2d-medium-v2/walker2d-medium-v2_tau14_seed0.npz,63b353bc5a87d9953613f1f8da04f04e845cf1bc1b2a32cd5027d34765477de8
td3|walker2d-medium-v2|14|0,td3,walker2d-medium-v2,14.0,0,1000000,7e85805827eafea532d13f1f30a1e604fae1fa043f28cda76b7652553cfd3f37,3810a682b6f6f52e18a08db35c18a8ba912d1eb59a0748ff04c3e92d5b0c1aa7,084b3c4c6364a3f0fff0cbec5fcfe23e71f9349a913f480d559207f6819592b8,cf00f43add04c17fdfc2958dd581dea0851b2e5bedbe6fda073758a8f841aeda,c19bca3b126ca1d11cac37f34394895aac57ccb18940e212d1df76ecdc035c00,a5e8ec78c782631fa1dd834df4627187c98b009822c39e8d0a59baaf7f35755a,babb1b8a8d7ec533403dabb79573aa1683a30b072eb0c5ccb371cc8f5da0eece,2.3018707417014848,collapsed,common_td3_target_critic,ef6fe12053e1a1ea6989643dcfec1eab74bde219ddefcce508be098850d2c892,0.99,0.5011800130208334,0.177490234375,4096,479073851987.49066,418860324431.01,1667261717792.641,1269466761874.231,1356839961180.1077,937990486665.9778,1370545415330.0,947465138043.0,True,0.0,0.0,537106036437.8629,479962485980.01,-58032184450.37225,0.891953952267513,True,raw/walker2d-medium-v2/walker2d-medium-v2_tau14_seed0.npz,63b353bc5a87d9953613f1f8da04f04e845cf1bc1b2a32cd5027d34765477de8
p3|walker2d-medium-v2|14|0,p3,walker2d-medium-v2,14.0,0,1000000,5d94c5c8b8d5148c2ab68bf0d52aaefedae7ca82d3d0bb9b81e7f1ec539d18f9,d95e704ae3d29129c103cd66cae9f9d241c0ec685ac5cad1fdb28a5cc87a712f,674408afbf185f94e8b40935f1e85529635a33533385dec1026a308775a9b658,cf00f43add04c17fdfc2958dd581dea0851b2e5bedbe6fda073758a8f841aeda,c19bca3b126ca1d11cac37f34394895aac57ccb18940e212d1df76ecdc035c00,a5e8ec78c782631fa1dd834df4627187c98b009822c39e8d0a59baaf7f35755a,babb1b8a8d7ec533403dabb79573aa1683a30b072eb0c5ccb371cc8f5da0eece,2.3018707417014848,collapsed,within_run_target_critic,9fdf75696967a2c7e4272d2e3c691992a4fda5ccac8bb9298f73d90362e4f8e4,0.99,0.4640299479166667,0.177490234375,4096,200479270385.0883,176664435822.27,675903895323.132,505887505258.5572,583856200391.7478,407191764569.4778,589753737766.0,411304812693.0,True,0.0,0.0,224220999063.9108,201248908842.96,-23741728678.82251,0.8941146066695774,True,raw/walker2d-medium-v2/walker2d-medium-v2_tau14_mpi3_seed0.npz,39bea52f51204c0180c86d7b6d2169cd27c3f736a672965bacf1bbf2a0985ce8
p3|walker2d-medium-v2|14|0,p3,walker2d-medium-v2,14.0,0,1000000,5d94c5c8b8d5148c2ab68bf0d52aaefedae7ca82d3d0bb9b81e7f1ec539d18f9,d95e704ae3d29129c103cd66cae9f9d241c0ec685ac5cad1fdb28a5cc87a712f,674408afbf185f94e8b40935f1e85529635a33533385dec1026a308775a9b658,cf00f43add04c17fdfc2958dd581dea0851b2e5bedbe6fda073758a8f841aeda,c19bca3b126ca1d11cac37f34394895aac57ccb18940e212d1df76ecdc035c00,a5e8ec78c782631fa1dd834df4627187c98b009822c39e8d0a59baaf7f35755a,babb1b8a8d7ec533403dabb79573aa1683a30b072eb0c5ccb371cc8f5da0eece,2.3018707417014848,collapsed,common_td3_target_critic,ef6fe12053e1a1ea6989643dcfec1eab74bde219ddefcce508be098850d2c892,0.99,0.4640299479166667,0.177490234375,4096,468167983696.59094,405515847527.01,1656053820538.7095,1269466761874.231,1343506334192.9878,937990486665.9778,1357077105242.0,947465138043.0,True,0.0,0.0,522859808372.0526,461695038327.27,-54691824675.46167,0.8953986827831591,True,raw/walker2d-medium-v2/walker2d-medium-v2_tau14_mpi3_seed0.npz,39bea52f51204c0180c86d7b6d2169cd27c3f736a672965bacf1bbf2a0985ce8
p4|walker2d-medium-v2|14|0,p4,walker2d-medium-v2,14.0,0,1000000,97af4a316fb1cfe2a9f19134b8002a94238ab94361e18055e8ac6655072e0230,69ba70ce4549df9f6940eb08997c455070475ff2ca53b677e0f7b3146d3a4937,7b5475d039ace7b3ea0a8acff8c0bbfbb003095f7c320762e0f13b3f91862606,cf00f43add04c17fdfc2958dd581dea0851b2e5bedbe6fda073758a8f841aeda,c19bca3b126ca1d11cac37f34394895aac57ccb18940e212d1df76ecdc035c00,a5e8ec78c782631fa1dd834df4627187c98b009822c39e8d0a59baaf7f35755a,babb1b8a8d7ec533403dabb79573aa1683a30b072eb0c5ccb371cc8f5da0eece,2.301870741924962,collapsed,within_run_target_critic,c94976d262a529715404383f00cfb162c93930d192fce5f91261221806a8115f,0.99,0.4510091145833333,0.177490234375,4096,401507818160.94104,350235780400.44006,1403556507803.5784,1069440162476.8037,1176862828469.5679,826627048069.1278,1188750331784.0,834976816228.0,True,0.0,0.0,449261359153.6192,399314934126.9,-47753540992.67816,0.8937065473811437,True,raw/walker2d-medium-v2/walker2d-medium-v2_tau14_mpi4_seed0.npz,d505f7a512b788e376c0cbefd01ea0290d884eaa2377231a2ebe443e71e74c08
p4|walker2d-medium-v2|14|0,p4,walker2d-medium-v2,14.0,0,1000000,97af4a316fb1cfe2a9f19134b8002a94238ab94361e18055e8ac6655072e0230,69ba70ce4549df9f6940eb08997c455070475ff2ca53b677e0f7b3146d3a4937,7b5475d039ace7b3ea0a8acff8c0bbfbb003095f7c320762e0f13b3f91862606,cf00f43add04c17fdfc2958dd581dea0851b2e5bedbe6fda073758a8f841aeda,c19bca3b126ca1d11cac37f34394895aac57ccb18940e212d1df76ecdc035c00,a5e8ec78c782631fa1dd834df4627187c98b009822c39e8d0a59baaf7f35755a,babb1b8a8d7ec533403dabb79573aa1683a30b072eb0c5ccb371cc8f5da0eece,2.301870741924962,collapsed,common_td3_target_critic,ef6fe12053e1a1ea6989643dcfec1eab74bde219ddefcce508be098850d2c892,0.99,0.4510091145833333,0.177490234375,4096,458585337566.49255,396118641947.49,1647068889786.2947,1269466761874.231,1334109128613.4678,937990486665.9778,1347584978394.0,947465138043.0,True,0.0,0.0,512131088822.1356,450778274966.25,-53545751255.64307,0.8954452240366926,True,raw/walker2d-medium-v2/walker2d-medium-v2_tau14_mpi4_seed0.npz,d505f7a512b788e376c0cbefd01ea0290d884eaa2377231a2ebe443e71e74c08
td3|walker2d-medium-v2|14|1,td3,walker2d-medium-v2,14.0,1,1000000,cf1ae556fb3a9f3da6f4fd8fe469971fb7222b7f0f5d14c706ff40994a1214d6,b616b40d0a67851f12c58ef295b527694c9321036a5e53b2ab6614638b9f9563,0ed53da1be603979d4e94c54e59f836a756fcaa1bfabe161531ffd34e4769d05,cf00f43add04c17fdfc2958dd581dea0851b2e5bedbe6fda073758a8f841aeda,c19bca3b126ca1d11cac37f34394895aac57ccb18940e212d1df76ecdc035c00,a5e8ec78c782631fa1dd834df4627187c98b009822c39e8d0a59baaf7f35755a,babb1b8a8d7ec533403dabb79573aa1683a30b072eb0c5ccb371cc8f5da0eece,20.154695449832882,stable,within_run_target_critic,532f58791545c8edd58a7ec3a95135d374b8cadb7b5ef66a67345522b5885a0c,0.99,0.18001302083333334,0.177490234375,4096,63771.86651317346,45855.98431423187,3786989.5893618395,3741754.2093955856,3766412.977178784,3721031.058526734,3804454.112326622,3758613.7936849594,True,0.0,0.0,66916.37424918797,48724.554814109804,-3144.507736014508,0.9530083963559537,True,raw/walker2d-medium-v2/walker2d-medium-v2_tau14_seed1.npz,1cc7de0b0189d862369108d83e746e4ca1b5a62b60023e8e7fe1c296038c2ad2
td3|walker2d-medium-v2|14|1,td3,walker2d-medium-v2,14.0,1,1000000,cf1ae556fb3a9f3da6f4fd8fe469971fb7222b7f0f5d14c706ff40994a1214d6,b616b40d0a67851f12c58ef295b527694c9321036a5e53b2ab6614638b9f9563,0ed53da1be603979d4e94c54e59f836a756fcaa1bfabe161531ffd34e4769d05,cf00f43add04c17fdfc2958dd581dea0851b2e5bedbe6fda073758a8f841aeda,c19bca3b126ca1d11cac37f34394895aac57ccb18940e212d1df76ecdc035c00,a5e8ec78c782631fa1dd834df4627187c98b009822c39e8d0a59baaf7f35755a,babb1b8a8d7ec533403dabb79573aa1683a30b072eb0c5ccb371cc8f5da0eece,20.154695449832882,stable,common_td3_target_critic,532f58791545c8edd58a7ec3a95135d374b8cadb7b5ef66a67345522b5885a0c,0.99,0.18001302083333334,0.177490234375,4096,63771.86651317346,45855.98431423187,3786989.5893618395,3741754.2093955856,3766412.977178784,3721031.058526734,3804454.112326622,3758613.7936849594,True,0.0,0.0,66916.37424918797,48724.554814109804,-3144.507736014508,0.9530083963559537,True,raw/walker2d-medium-v2/walker2d-medium-v2_tau14_seed1.npz,1cc7de0b0189d862369108d83e746e4ca1b5a62b60023e8e7fe1c296038c2ad2
p3|walker2d-medium-v2|14|1,p3,walker2d-medium-v2,14.0,1,1000000,796b43221ec61c694206690b8ccbb4083e9690d7aaad9edf1cbecc12ef020eb3,cb33bdd355b702ce550badea957b9970a648c1d5b32aa25fc5524b6ca3fe3f0e,79326d963bea8324d9250f48e0fed47bf83a5c25235ff6992107dc763808bde0,cf00f43add04c17fdfc2958dd581dea0851b2e5bedbe6fda073758a8f841aeda,c19bca3b126ca1d11cac37f34394895aac57ccb18940e212d1df76ecdc035c00,a5e8ec78c782631fa1dd834df4627187c98b009822c39e8d0a59baaf7f35755a,babb1b8a8d7ec533403dabb79573aa1683a30b072eb0c5ccb371cc8f5da0eece,2.368422904146782,collapsed,within_run_target_critic,2c497a46a510c57cde28710648f5d224c272757002db62f252e66cd031c40ca0,0.99,0.4785970052083333,0.177490234375,4096,120114534096.24142,105480986508.81,410471822156.5585,309545809937.3313,341319739257.5278,235838752748.71777,344767413388.0,238220962369.0,True,0.0,0.0,134295839010.23518,120134120920.11,-14181304913.99376,0.8944024995970802,True,raw/walker2d-medium-v2/walker2d-medium-v2_tau14_mpi3_seed1.npz,e48d00d9f789366e8f6d70453c7ffcc9c23408869476c3bc487a36d68d85260e
p3|walker2d-medium-v2|14|1,p3,walker2d-medium-v2,14.0,1,1000000,796b43221ec61c694206690b8ccbb4083e9690d7aaad9edf1cbecc12ef020eb3,cb33bdd355b702ce550badea957b9970a648c1d5b32aa25fc5524b6ca3fe3f0e,79326d963bea8324d9250f48e0fed47bf83a5c25235ff6992107dc763808bde0,cf00f43add04c17fdfc2958dd581dea0851b2e5bedbe6fda073758a8f841aeda,c19bca3b126ca1d11cac37f34394895aac57ccb18940e212d1df76ecdc035c00,a5e8ec78c782631fa1dd834df4627187c98b009822c39e8d0a59baaf7f35755a,babb1b8a8d7ec533403dabb79573aa1683a30b072eb0c5ccb371cc8f5da0eece,2.368422904146782,collapsed,common_td3_target_critic,532f58791545c8edd58a7ec3a95135d374b8cadb7b5ef66a67345522b5885a0c,0.99,0.4785970052083333,0.177490234375,4096,67489.34042855409,50873.417972345356,3702590.606289793,3741754.2093955856,3683322.159919776,3721031.058526734,3720523.997112274,3758613.7936849594,True,0.0,0.0,72341.64914684337,54967.534651522634,-4852.308718289278,0.9329251022679926,True,raw/walker2d-medium-v2/walker2d-medium-v2_tau14_mpi3_seed1.npz,e48d00d9f789366e8f6d70453c7ffcc9c23408869476c3bc487a36d68d85260e
p4|walker2d-medium-v2|14|1,p4,walker2d-medium-v2,14.0,1,1000000,a2ae4c067762b301be5f36797db4071f2f4415ace741d8f9e7dbf76ad71f115a,e1ab8ec8348641437e42464303567020f5ea1d8555ed98c9eaab468c5b6e5021,6b5dbe3d6bc3d0f618ce695d6fb04fd30f2d3b0ae8150daed17aeafa238d997e,cf00f43add04c17fdfc2958dd581dea0851b2e5bedbe6fda073758a8f841aeda,c19bca3b126ca1d11cac37f34394895aac57ccb18940e212d1df76ecdc035c00,a5e8ec78c782631fa1dd834df4627187c98b009822c39e8d0a59baaf7f35755a,babb1b8a8d7ec533403dabb79573aa1683a30b072eb0c5ccb371cc8f5da0eece,97.63705693391333,stable,within_run_target_critic,9ba93ba31d224d07624ab85f4e28964d8e627cde46da3abc3b9570be500062e0,0.99,0.1572265625,0.177490234375,4096,1.8144476858682423,0.7088533078366891,342.52038773989426,342.0667305925324,330.49018661152144,329.97095186514355,330.3876924327924,329.86177425220376,True,0.0,0.0,1.9143974150900773,0.748228877717047,-0.09994972922183498,0.9477905013692614,True,raw/walker2d-medium-v2/walker2d-medium-v2_tau14_mpi4_seed1.npz,76dcd230135251dd051b7a72204b0e65578930ef600ac081b89c6ece3ca2d8e6
p4|walker2d-medium-v2|14|1,p4,walker2d-medium-v2,14.0,1,1000000,a2ae4c067762b301be5f36797db4071f2f4415ace741d8f9e7dbf76ad71f115a,e1ab8ec8348641437e42464303567020f5ea1d8555ed98c9eaab468c5b6e5021,6b5dbe3d6bc3d0f618ce695d6fb04fd30f2d3b0ae8150daed17aeafa238d997e,cf00f43add04c17fdfc2958dd581dea0851b2e5bedbe6fda073758a8f841aeda,c19bca3b126ca1d11cac37f34394895aac57ccb18940e212d1df76ecdc035c00,a5e8ec78c782631fa1dd834df4627187c98b009822c39e8d0a59baaf7f35755a,babb1b8a8d7ec533403dabb79573aa1683a30b072eb0c5ccb371cc8f5da0eece,97.63705693391333,stable,common_td3_target_critic,532f58791545c8edd58a7ec3a95135d374b8cadb7b5ef66a67345522b5885a0c,0.99,0.1572265625,0.177490234375,4096,16510.592837804077,9881.46134513855,3741262.390642174,3741754.2093955856,3720581.1376365367,3721031.058526734,3758159.328139305,3758613.7936849594,True,0.0,0.0,16419.880651229298,9994.103151640893,90.71218657477948,1.00552453385634,True,raw/walker2d-medium-v2/walker2d-medium-v2_tau14_mpi4_seed1.npz,76dcd230135251dd051b7a72204b0e65578930ef600ac081b89c6ece3ca2d8e6
td3|walker2d-medium-v2|20|0,td3,walker2d-medium-v2,20.0,0,1000000,9ac75e4175097de619391060eb5082d798fd65ef25fed00ccb3f6bada8e5988f,b4a4f9eb85d1831b5500718c086b0734f01f63474d5d172c8326256652a896da,486130a58f4af83210a298d373f5ca3dde1f3f18019c35725a14f0a60db0d427,cf00f43add04c17fdfc2958dd581dea0851b2e5bedbe6fda073758a8f841aeda,c19bca3b126ca1d11cac37f34394895aac57ccb18940e212d1df76ecdc035c00,a5e8ec78c782631fa1dd834df4627187c98b009822c39e8d0a59baaf7f35755a,babb1b8a8d7ec533403dabb79573aa1683a30b072eb0c5ccb371cc8f5da0eece,-0.25841997559662105,collapsed,within_run_target_critic,71990f77543bbe94754b5434453cab00cb481d551c124fd8581748c3a8ac9905,0.99,0.4765625,0.177490234375,4096,1187976098.4417973,1079377184.4848437,6106013467.815815,5045216818.618535,5724348085.979046,4644970901.494202,5782169780.375,4691889796.046875,True,0.0,0.0,1323898771.4202209,1223034163.9467187,-135922672.9784236,0.8973315211761911,True,raw/walker2d-medium-v2/walker2d-medium-v2_tau20_seed0.npz,763c6171fe8640bd718735e9577ee64e70cb14c3b4c46215bc46c3cce2511e34
td3|walker2d-medium-v2|20|0,td3,walker2d-medium-v2,20.0,0,1000000,9ac75e4175097de619391060eb5082d798fd65ef25fed00ccb3f6bada8e5988f,b4a4f9eb85d1831b5500718c086b0734f01f63474d5d172c8326256652a896da,486130a58f4af83210a298d373f5ca3dde1f3f18019c35725a14f0a60db0d427,cf00f43add04c17fdfc2958dd581dea0851b2e5bedbe6fda073758a8f841aeda,c19bca3b126ca1d11cac37f34394895aac57ccb18940e212d1df76ecdc035c00,a5e8ec78c782631fa1dd834df4627187c98b009822c39e8d0a59baaf7f35755a,babb1b8a8d7ec533403dabb79573aa1683a30b072eb0c5ccb371cc8f5da0eece,-0.25841997559662105,collapsed,common_td3_target_critic,71990f77543bbe94754b5434453cab00cb481d551c124fd8581748c3a8ac9905,0.99,0.4765625,0.177490234375,4096,1187976098.4417973,1079377184.4848437,6106013467.815815,5045216818.618535,5724348085.979046,4644970901.494202,5782169780.375,4691889796.046875,True,0.0,0.0,1323898771.4202209,1223034163.9467187,-135922672.9784236,0.8973315211761911,True,raw/walker2d-medium-v2/walker2d-medium-v2_tau20_seed0.npz,763c6171fe8640bd718735e9577ee64e70cb14c3b4c46215bc46c3cce2511e34
p3|walker2d-medium-v2|20|0,p3,walker2d-medium-v2,20.0,0,1000000,4cf1b5dfa39499ebc64bb74fec2e538bd051affcbbe8b14a561a0ac76d8cf782,e7619103cd1f4c7c167e1bbf26b45d78963833792a689b7ee4acdda7bcc5ee66,f2985fec00a5409994e103089a1eeb6139566c3ac2b964694f4767643a015ea4,cf00f43add04c17fdfc2958dd581dea0851b2e5bedbe6fda073758a8f841aeda,c19bca3b126ca1d11cac37f34394895aac57ccb18940e212d1df76ecdc035c00,a5e8ec78c782631fa1dd834df4627187c98b009822c39e8d0a59baaf7f35755a,babb1b8a8d7ec533403dabb79573aa1683a30b072eb0c5ccb371cc8f5da0eece,2.3018707417014848,collapsed,within_run_target_critic,ea6e6b5a4fd12ca124bfd05000f34f13f523c8d954c6d6e3478f74eb0dd1b960,0.99,0.4835205078125,0.177490234375,4096,236760405365.27188,206857163780.4375,834905987809.5927,637625548000.745,682067491896.2278,475210328115.7903,688957062518.0,480010432436.75,True,0.0,0.0,265075407103.4275,236005111058.31,-28315001738.15561,0.8931813326344996,True,raw/walker2d-medium-v2/walker2d-medium-v2_tau20_mpi3_seed0.npz,71a54407b9b890a707c5b193b60ebc2fc701fac5de06082d5c89a354c89e0b9c
p3|walker2d-medium-v2|20|0,p3,walker2d-medium-v2,20.0,0,1000000,4cf1b5dfa39499ebc64bb74fec2e538bd051affcbbe8b14a561a0ac76d8cf782,e7619103cd1f4c7c167e1bbf26b45d78963833792a689b7ee4acdda7bcc5ee66,f2985fec00a5409994e103089a1eeb6139566c3ac2b964694f4767643a015ea4,cf00f43add04c17fdfc2958dd581dea0851b2e5bedbe6fda073758a8f841aeda,c19bca3b126ca1d11cac37f34394895aac57ccb18940e212d1df76ecdc035c00,a5e8ec78c782631fa1dd834df4627187c98b009822c39e8d0a59baaf7f35755a,babb1b8a8d7ec533403dabb79573aa1683a30b072eb0c5ccb371cc8f5da0eece,2.3018707417014848,collapsed,common_td3_target_critic,71990f77543bbe94754b5434453cab00cb481d551c124fd8581748c3a8ac9905,0.99,0.4835205078125,0.177490234375,4096,1106223561.0005276,980526241.9785938,6023774683.771021,5045216818.618535,5625349700.545296,4644970901.494202,5682171411.25,4691889796.046875,True,0.0,0.0,1230340439.503435,1113246435.6492186,-124116878.50290728,0.8991198903020688,True,raw/walker2d-medium-v2/walker2d-medium-v2_tau20_mpi3_seed0.npz,71a54407b9b890a707c5b193b60ebc2fc701fac5de06082d5c89a354c89e0b9c
p4|walker2d-medium-v2|20|0,p4,walker2d-medium-v2,20.0,0,1000000,6afcce90cb8bbcf963876013da788714096f4e5c896d36e68fee793e3c19ff48,20dcded77d5e01fe0fcf11b56a6a61b0e8aff2377dc48ea77989a417f354ddc0,7f0fb3d43d684e1e37471a12e4fdaa492a4fb151605882ccfa05e86a75e1189f,cf00f43add04c17fdfc2958dd581dea0851b2e5bedbe6fda073758a8f841aeda,c19bca3b126ca1d11cac37f34394895aac57ccb18940e212d1df76ecdc035c00,a5e8ec78c782631fa1dd834df4627187c98b009822c39e8d0a59baaf7f35755a,babb1b8a8d7ec533403dabb79573aa1683a30b072eb0c5ccb371cc8f5da0eece,2.301870741924962,collapsed,within_run_target_critic,0a6cf3a7e0dc97cd386a30ee70263f9a70aa3810a304f8aa9c67d209de50f388,0.99,0.4849446614583333,0.177490234375,4096,357500188341.35974,312448730264.55,1225300140969.1245,926393184376.9496,1019085454178.9878,706636723914.4377,1029379246642.0,713774468597.0,True,0.0,0.0,400155125039.2594,356343985993.545,-42654936697.89966,0.8934039975279218,True,raw/walker2d-medium-v2/walker2d-medium-v2_tau20_mpi4_seed0.npz,5c658ce1bcaa8fd925c100bfd76157dcb5f35203f2abec204f41ad48d01e3163
p4|walker2d-medium-v2|20|0,p4,walker2d-medium-v2,20.0,0,1000000,6afcce90cb8bbcf963876013da788714096f4e5c896d36e68fee793e3c19ff48,20dcded77d5e01fe0fcf11b56a6a61b0e8aff2377dc48ea77989a417f354ddc0,7f0fb3d43d684e1e37471a12e4fdaa492a4fb151605882ccfa05e86a75e1189f,cf00f43add04c17fdfc2958dd581dea0851b2e5bedbe6fda073758a8f841aeda,c19bca3b126ca1d11cac37f34394895aac57ccb18940e212d1df76ecdc035c00,a5e8ec78c782631fa1dd834df4627187c98b009822c39e8d0a59baaf7f35755a,babb1b8a8d7ec533403dabb79573aa1683a30b072eb0c5ccb371cc8f5da0eece,2.301870741924962,collapsed,common_td3_target_critic,71990f77543bbe94754b5434453cab00cb481d551c124fd8581748c3a8ac9905,0.99,0.4849446614583333,0.177490234375,4096,1128678112.719381,1000468109.2260938,6040861630.480253,5045216818.618535,5645349321.051546,4644970901.494202,5702373048.125,4691889796.046875,True,0.0,0.0,1255993034.690476,1136316710.0742188,-127314921.97109485,0.8986340541271631,True,raw/walker2d-medium-v2/walker2d-medium-v2_tau20_mpi4_seed0.npz,5c658ce1bcaa8fd925c100bfd76157dcb5f35203f2abec204f41ad48d01e3163
td3|walker2d-medium-v2|20|1,td3,walker2d-medium-v2,20.0,1,1000000,d23ab478313fa57238fad69d31f6186b2e9d6c5b5c90d7cb20fee02dabacd0a3,63da96fd23b5f51e48eb5f6d3094c402a04db34f880c15e5ed54912ac15da98b,4c8c21ca6d89a4c455ab4d3f54d5e07c25ec142380043fb6c563b0d82355e871,cf00f43add04c17fdfc2958dd581dea0851b2e5bedbe6fda073758a8f841aeda,c19bca3b126ca1d11cac37f34394895aac57ccb18940e212d1df76ecdc035c00,a5e8ec78c782631fa1dd834df4627187c98b009822c39e8d0a59baaf7f35755a,babb1b8a8d7ec533403dabb79573aa1683a30b072eb0c5ccb371cc8f5da0eece,2.368422904146782,collapsed,within_run_target_critic,962ae5b3b89783b6b20ad7bdde4f7eca4ddcaee347c6c43307a26d395e056d0f,0.99,0.5024820963541666,0.177490234375,4096,244936640050.09064,217236667415.625,789733753448.7429,580792479347.7941,664590720716.4478,447354053300.8228,671303758296.0,451872781108.5,True,0.0,0.0,273765893451.56287,247461304939.695,-28829253401.47223,0.8946937727048422,True,raw/walker2d-medium-v2/walker2d-medium-v2_tau20_seed1.npz,3872e0f5d73208dd10457215daccd0b522f2f75d9fe4c298b303460e68094fa0
td3|walker2d-medium-v2|20|1,td3,walker2d-medium-v2,20.0,1,1000000,d23ab478313fa57238fad69d31f6186b2e9d6c5b5c90d7cb20fee02dabacd0a3,63da96fd23b5f51e48eb5f6d3094c402a04db34f880c15e5ed54912ac15da98b,4c8c21ca6d89a4c455ab4d3f54d5e07c25ec142380043fb6c563b0d82355e871,cf00f43add04c17fdfc2958dd581dea0851b2e5bedbe6fda073758a8f841aeda,c19bca3b126ca1d11cac37f34394895aac57ccb18940e212d1df76ecdc035c00,a5e8ec78c782631fa1dd834df4627187c98b009822c39e8d0a59baaf7f35755a,babb1b8a8d7ec533403dabb79573aa1683a30b072eb0c5ccb371cc8f5da0eece,2.368422904146782,collapsed,common_td3_target_critic,962ae5b3b89783b6b20ad7bdde4f7eca4ddcaee347c6c43307a26d395e056d0f,0.99,0.5024820963541666,0.177490234375,4096,244936640050.09064,217236667415.625,789733753448.7429,580792479347.7941,664590720716.4478,447354053300.8228,671303758296.0,451872781108.5,True,0.0,0.0,273765893451.56287,247461304939.695,-28829253401.47223,0.8946937727048422,True,raw/walker2d-medium-v2/walker2d-medium-v2_tau20_seed1.npz,3872e0f5d73208dd10457215daccd0b522f2f75d9fe4c298b303460e68094fa0
p3|walker2d-medium-v2|20|1,p3,walker2d-medium-v2,20.0,1,1000000,0c61ae54052c66b7b2a92f232c02d93abe7633eb53eabcd84674618c01225622,6883b8c7660178900e0468d37d0d8c509e62ea8713613e1da1c33a53aacb9cb5,780a86e97ccacd903bf863852193dc081ba5a6d659fcb8b5dec6e8f2df19f52c,cf00f43add04c17fdfc2958dd581dea0851b2e5bedbe6fda073758a8f841aeda,c19bca3b126ca1d11cac37f34394895aac57ccb18940e212d1df76ecdc035c00,a5e8ec78c782631fa1dd834df4627187c98b009822c39e8d0a59baaf7f35755a,babb1b8a8d7ec533403dabb79573aa1683a30b072eb0c5ccb371cc8f5da0eece,2.368422904146782,collapsed,within_run_target_critic,33d9ed16e2fd382a31019118809158e7932b1b7a20f1388d409d90666d1c05c9,0.99,0.4790852864583333,0.177490234375,4096,341152889797.4638,298630241781.3,1204252014349.5994,920636123974.7504,1002553633771.9077,703923391990.6078,1012680438150.0,711033729280.0,True,0.0,0.0,381671259740.60626,340522146844.11,-40518369943.142456,0.8938396095878957,True,raw/walker2d-medium-v2/walker2d-medium-v2_tau20_mpi3_seed1.npz,fb518d709569486589cce65ab015907dac0279f8ea2db8b71bf9a5b664b14b7d
p3|walker2d-medium-v2|20|1,p3,walker2d-medium-v2,20.0,1,1000000,0c61ae54052c66b7b2a92f232c02d93abe7633eb53eabcd84674618c01225622,6883b8c7660178900e0468d37d0d8c509e62ea8713613e1da1c33a53aacb9cb5,780a86e97ccacd903bf863852193dc081ba5a6d659fcb8b5dec6e8f2df19f52c,cf00f43add04c17fdfc2958dd581dea0851b2e5bedbe6fda073758a8f841aeda,c19bca3b126ca1d11cac37f34394895aac57ccb18940e212d1df76ecdc035c00,a5e8ec78c782631fa1dd834df4627187c98b009822c39e8d0a59baaf7f35755a,babb1b8a8d7ec533403dabb79573aa1683a30b072eb0c5ccb371cc8f5da0eece,2.368422904146782,collapsed,common_td3_target_critic,962ae5b3b89783b6b20ad7bdde4f7eca4ddcaee347c6c43307a26d395e056d0f,0.99,0.4790852864583333,0.177490234375,4096,237532611429.2884,208608965180.055,781130620720.9805,580792479347.7941,655963018480.8778,447354053300.8228,662588907553.0,451872781108.5,True,0.0,0.0,264953943177.04425,236976361095.375,-27421331747.75586,0.8965052891119544,True,raw/walker2d-medium-v2/walker2d-medium-v2_tau20_mpi3_seed1.npz,fb518d709569486589cce65ab015907dac0279f8ea2db8b71bf9a5b664b14b7d
p4|walker2d-medium-v2|20|1,p4,walker2d-medium-v2,20.0,1,1000000,b71f0c609bc20212ba9cf3bb88b432fbb004b235afeedfa55107e71cb37309f4,5a246f09f2383cf62b209cd984b035429764bebb03550d9f5df5993c24270880,6b0d8290a216d497591c710ed1228834af5e4eb3375b61ab198017a5a9516b72,cf00f43add04c17fdfc2958dd581dea0851b2e5bedbe6fda073758a8f841aeda,c19bca3b126ca1d11cac37f34394895aac57ccb18940e212d1df76ecdc035c00,a5e8ec78c782631fa1dd834df4627187c98b009822c39e8d0a59baaf7f35755a,babb1b8a8d7ec533403dabb79573aa1683a30b072eb0c5ccb371cc8f5da0eece,8.965961703141268,collapsed,within_run_target_critic,30da0f41a489ee09a31b82cd6ad426d88d79c628680ac3c18339bdc8d5731954,0.99,0.1590576171875,0.177490234375,4096,2.092267102638356,0.8646570601221173,347.83640971018843,347.2509946388043,337.1854661404415,336.4689775630067,337.1491624090704,336.4254365732777,True,0.0,0.0,2.222069754134028,0.9107048736861907,-0.12980265149567183,0.9415847989226342,True,raw/walker2d-medium-v2/walker2d-medium-v2_tau20_mpi4_seed1.npz,2c4282dde4dc22ab632d8194f59e7218d6237d85ef51a324a38f27b415401020
p4|walker2d-medium-v2|20|1,p4,walker2d-medium-v2,20.0,1,1000000,b71f0c609bc20212ba9cf3bb88b432fbb004b235afeedfa55107e71cb37309f4,5a246f09f2383cf62b209cd984b035429764bebb03550d9f5df5993c24270880,6b0d8290a216d497591c710ed1228834af5e4eb3375b61ab198017a5a9516b72,cf00f43add04c17fdfc2958dd581dea0851b2e5bedbe6fda073758a8f841aeda,c19bca3b126ca1d11cac37f34394895aac57ccb18940e212d1df76ecdc035c00,a5e8ec78c782631fa1dd834df4627187c98b009822c39e8d0a59baaf7f35755a,babb1b8a8d7ec533403dabb79573aa1683a30b072eb0c5ccb371cc8f5da0eece,8.965961703141268,collapsed,common_td3_target_critic,962ae5b3b89783b6b20ad7bdde4f7eca4ddcaee347c6c43307a26d395e056d0f,0.99,0.1590576171875,0.177490234375,4096,34059910127.636787,24226774324.335,581899321624.0522,580792479347.7941,450807831790.90784,447354053300.8228,455361446250.0,451872781108.5,True,0.0,0.0,34847918541.68846,24927182654.22,-788008414.0516739,0.9773872171702599,True,raw/walker2d-medium-v2/walker2d-medium-v2_tau20_mpi4_seed1.npz,2c4282dde4dc22ab632d8194f59e7218d6237d85ef51a324a38f27b415401020
td3|walker2d-medium-replay-v2|4|0,td3,walker2d-medium-replay-v2,4.0,0,1000000,60f1a96530790c0d855d39978f970c1af3d2d7f1462bfc1147ecb2e9cc530394,eefd6b75a8d402914d56fda2d094e15dce60b3b95aad2793419a665e232985c4,25dae4e89d64248e5f1e131b22129e11c879642e19dd79eb1b039ac6a8d1b456,e75de96a4f77acf7d4e0d6fdf0d7ccb177c26c44bb4388e4fd99f543ccfa18db,986e7d092e77d2e1d40b263c229617bfbdf48cb46a907ac4ba7e8daa231ea1ea,2c9e9ef62cd41426d6940b2a3965fc6daf2c1c16472141ee89ae54d1c617ef1c,9dfa4bc155dcee7c59e6444f09723f9a3bf07555990a568e5e09db0bd7648ce1,39.94507449920707,stable,within_run_target_critic,ccb6f03deb77263cf5943735821d2bb4788141f03794fba215bc150d53252598,0.99,0.11771647135416667,0.16743977864583334,4096,5.340682889948408,2.8439227225419748,269.39884938534254,267.3882819785911,258.11259669653623,255.80072862285226,258.22560891515604,255.88863002025755,True,0.0,0.0,5.568352587134601,2.9458101373101817,-0.2276696971861938,0.9591136348455712,True,raw/walker2d-medium-replay-v2/walker2d-medium-replay-v2_tau4_seed0.npz,f33ccd3671e8fd57122a1ebc19fb16d7bec93c9b0959018d75e0b68e436e86a1
td3|walker2d-medium-replay-v2|4|0,td3,walker2d-medium-replay-v2,4.0,0,1000000,60f1a96530790c0d855d39978f970c1af3d2d7f1462bfc1147ecb2e9cc530394,eefd6b75a8d402914d56fda2d094e15dce60b3b95aad2793419a665e232985c4,25dae4e89d64248e5f1e131b22129e11c879642e19dd79eb1b039ac6a8d1b456,e75de96a4f77acf7d4e0d6fdf0d7ccb177c26c44bb4388e4fd99f543ccfa18db,986e7d092e77d2e1d40b263c229617bfbdf48cb46a907ac4ba7e8daa231ea1ea,2c9e9ef62cd41426d6940b2a3965fc6daf2c1c16472141ee89ae54d1c617ef1c,9dfa4bc155dcee7c59e6444f09723f9a3bf07555990a568e5e09db0bd7648ce1,39.94507449920707,stable,common_td3_target_critic,ccb6f03deb77263cf5943735821d2bb4788141f03794fba215bc150d53252598,0.99,0.11771647135416667,0.16743977864583334,4096,5.340682889948408,2.8439227225419748,269.39884938534254,267.3882819785911,258.11259669653623,255.80072862285226,258.22560891515604,255.88863002025755,True,0.0,0.0,5.568352587134601,2.9458101373101817,-0.2276696971861938,0.9591136348455712,True,raw/walker2d-medium-replay-v2/walker2d-medium-replay-v2_tau4_seed0.npz,f33ccd3671e8fd57122a1ebc19fb16d7bec93c9b0959018d75e0b68e436e86a1
p3|walker2d-medium-replay-v2|4|0,p3,walker2d-medium-replay-v2,4.0,0,1000000,86b5f86f28a5a8244abf01e919a6762b97d573625d746270c2eae5c7bc2bb0c5,21965dddf0e4cc01b1948d40c1cd6d6477a193217b2c078d789d5c5e7c3ae896,31d1367f3a7dfd682f77f0a24f1f382c4c899cbfcb53e62a41e62ba7d7e2f9d2,e75de96a4f77acf7d4e0d6fdf0d7ccb177c26c44bb4388e4fd99f543ccfa18db,986e7d092e77d2e1d40b263c229617bfbdf48cb46a907ac4ba7e8daa231ea1ea,2c9e9ef62cd41426d6940b2a3965fc6daf2c1c16472141ee89ae54d1c617ef1c,9dfa4bc155dcee7c59e6444f09723f9a3bf07555990a568e5e09db0bd7648ce1,91.16519418821781,stable,within_run_target_critic,1848c73e5454b38c777ca64ff9a3216bd61bc9f08ca86a9e13c6a81fc709ae76,0.99,0.12056477864583333,0.16743977864583334,4096,4.67583081719498,2.547229974367947,222.0515424601949,220.76874682950609,207.19136107108545,205.5993640165712,206.7906668808646,205.1843455789567,True,0.0,0.0,4.819082415569531,2.6149607358998033,-0.14325159837455104,0.9702740924471985,True,raw/walker2d-medium-replay-v2/walker2d-medium-replay-v2_tau4_mpi3_seed0.npz,a5541b0c92e5ba673ff27df5917d6fef70a3c4a9328184d8dcf8b406dce80989
p3|walker2d-medium-replay-v2|4|0,p3,walker2d-medium-replay-v2,4.0,0,1000000,86b5f86f28a5a8244abf01e919a6762b97d573625d746270c2eae5c7bc2bb0c5,21965dddf0e4cc01b1948d40c1cd6d6477a193217b2c078d789d5c5e7c3ae896,31d1367f3a7dfd682f77f0a24f1f382c4c899cbfcb53e62a41e62ba7d7e2f9d2,e75de96a4f77acf7d4e0d6fdf0d7ccb177c26c44bb4388e4fd99f543ccfa18db,986e7d092e77d2e1d40b263c229617bfbdf48cb46a907ac4ba7e8daa231ea1ea,2c9e9ef62cd41426d6940b2a3965fc6daf2c1c16472141ee89ae54d1c617ef1c,9dfa4bc155dcee7c59e6444f09723f9a3bf07555990a568e5e09db0bd7648ce1,91.16519418821781,stable,common_td3_target_critic,ccb6f03deb77263cf5943735821d2bb4788141f03794fba215bc150d53252598,0.99,0.12056477864583333,0.16743977864583334,4096,3.861370323007819,1.989601266963291,268.22763182920033,267.3882819785911,256.7841279389859,255.80072862285226,256.8835037567187,255.88863002025755,True,0.0,0.0,4.046769210895466,2.058049124896643,-0.1853988878876467,0.9541859497723564,True,raw/walker2d-medium-replay-v2/walker2d-medium-replay-v2_tau4_mpi3_seed0.npz,a5541b0c92e5ba673ff27df5917d6fef70a3c4a9328184d8dcf8b406dce80989
p4|walker2d-medium-replay-v2|4|0,p4,walker2d-medium-replay-v2,4.0,0,1000000,2f07259e3d23c464a00236838f90b9678ebbcd1b8eaaef4f4731070750dcf81c,d1281b19ea6574e83ec8c95acf7e7762850368292956614209a189516094d27c,47615fc39714d5e191ac517022e064b0dcff0e12e0df54fe740413a5dea6ac1b,e75de96a4f77acf7d4e0d6fdf0d7ccb177c26c44bb4388e4fd99f543ccfa18db,986e7d092e77d2e1d40b263c229617bfbdf48cb46a907ac4ba7e8daa231ea1ea,2c9e9ef62cd41426d6940b2a3965fc6daf2c1c16472141ee89ae54d1c617ef1c,9dfa4bc155dcee7c59e6444f09723f9a3bf07555990a568e5e09db0bd7648ce1,86.86385265459447,stable,within_run_target_critic,58d40abae26d06804b4cdf09bac4497e3d9f45451054e000de44fed3a26bfe28,0.99,0.12150065104166667,0.16743977864583334,4096,5.148830269712318,2.7409733078150023,212.63053118471228,211.34460553401792,196.85875108979923,195.22852168604402,196.3606480947201,194.71211326758203,True,0.0,0.0,5.18471440446662,2.817060254437938,-0.03588413475430219,0.9930788599033752,True,raw/walker2d-medium-replay-v2/walker2d-medium-replay-v2_tau4_mpi4_seed0.npz,54cb0ef0aa4c3e153f1f042d96cec4b4d21a8524640dc1f324481a8bffc15fb1
p4|walker2d-medium-replay-v2|4|0,p4,walker2d-medium-replay-v2,4.0,0,1000000,2f07259e3d23c464a00236838f90b9678ebbcd1b8eaaef4f4731070750dcf81c,d1281b19ea6574e83ec8c95acf7e7762850368292956614209a189516094d27c,47615fc39714d5e191ac517022e064b0dcff0e12e0df54fe740413a5dea6ac1b,e75de96a4f77acf7d4e0d6fdf0d7ccb177c26c44bb4388e4fd99f543ccfa18db,986e7d092e77d2e1d40b263c229617bfbdf48cb46a907ac4ba7e8daa231ea1ea,2c9e9ef62cd41426d6940b2a3965fc6daf2c1c16472141ee89ae54d1c617ef1c,9dfa4bc155dcee7c59e6444f09723f9a3bf07555990a568e5e09db0bd7648ce1,86.86385265459447,stable,common_td3_target_critic,ccb6f03deb77263cf5943735821d2bb4788141f03794fba215bc150d53252598,0.99,0.12150065104166667,0.16743977864583334,4096,3.7205557176491197,1.95088620308612,268.1882521262341,267.3882819785911,256.7317632634342,255.80072862285226,256.83066836954094,255.88863002025755,True,0.0,0.0,3.8978896366779634,2.017943737017922,-0.17733391902884366,0.9545051462308771,True,raw/walker2d-medium-replay-v2/walker2d-medium-replay-v2_tau4_mpi4_seed0.npz,54cb0ef0aa4c3e153f1f042d96cec4b4d21a8524640dc1f324481a8bffc15fb1
td3|walker2d-medium-replay-v2|4|1,td3,walker2d-medium-replay-v2,4.0,1,1000000,56f79e8ff194d7835db7143ffa8f5443cc8061fa1385a2e4727a3f54bcf0ad0a,2cfdab8ba9b3fffa7bdda1d9d8225dd0ce2daea57c2d2398fffad1487eb4f8da,387b7d3d1ca5556112c3892eb0f96ac16bbafd11f600d6978761da0f48808c3a,e75de96a4f77acf7d4e0d6fdf0d7ccb177c26c44bb4388e4fd99f543ccfa18db,986e7d092e77d2e1d40b263c229617bfbdf48cb46a907ac4ba7e8daa231ea1ea,2c9e9ef62cd41426d6940b2a3965fc6daf2c1c16472141ee89ae54d1c617ef1c,9dfa4bc155dcee7c59e6444f09723f9a3bf07555990a568e5e09db0bd7648ce1,83.94208471227394,stable,within_run_target_critic,f86c4b5c51efe8365056ec249c66aaebdb5c21ee925eca76435310c346491b3c,0.99,0.12288411458333333,0.16743977864583334,4096,5.097844350829881,2.6315419798158106,266.2093718357163,264.5270402073416,253.30519561339668,251.28557640345565,253.35789117108288,251.31798682832232,True,0.0,0.0,5.286518678002108,2.6977415249066325,-0.18867432717222687,0.964310288364756,True,raw/walker2d-medium-replay-v2/walker2d-medium-replay-v2_tau4_seed1.npz,7014bd01b60a7e710db59fe987ece43be937f176603cbfea202a87f7aee43eb5
td3|walker2d-medium-replay-v2|4|1,td3,walker2d-medium-replay-v2,4.0,1,1000000,56f79e8ff194d7835db7143ffa8f5443cc8061fa1385a2e4727a3f54bcf0ad0a,2cfdab8ba9b3fffa7bdda1d9d8225dd0ce2daea57c2d2398fffad1487eb4f8da,387b7d3d1ca5556112c3892eb0f96ac16bbafd11f600d6978761da0f48808c3a,e75de96a4f77acf7d4e0d6fdf0d7ccb177c26c44bb4388e4fd99f543ccfa18db,986e7d092e77d2e1d40b263c229617bfbdf48cb46a907ac4ba7e8daa231ea1ea,2c9e9ef62cd41426d6940b2a3965fc6daf2c1c16472141ee89ae54d1c617ef1c,9dfa4bc155dcee7c59e6444f09723f9a3bf07555990a568e5e09db0bd7648ce1,83.94208471227394,stable,common_td3_target_critic,f86c4b5c51efe8365056ec249c66aaebdb5c21ee925eca76435310c346491b3c,0.99,0.12288411458333333,0.16743977864583334,4096,5.097844350829881,2.6315419798158106,266.2093718357163,264.5270402073416,253.30519561339668,251.28557640345565,253.35789117108288,251.31798682832232,True,0.0,0.0,5.286518678002108,2.6977415249066325,-0.18867432717222687,0.964310288364756,True,raw/walker2d-medium-replay-v2/walker2d-medium-replay-v2_tau4_seed1.npz,7014bd01b60a7e710db59fe987ece43be937f176603cbfea202a87f7aee43eb5
p3|walker2d-medium-replay-v2|4|1,p3,walker2d-medium-replay-v2,4.0,1,1000000,dd6ee304ef47a3a2f5e023df9f7f2b0e8e6680ec16dccdf644289a2cc3248a2e,9392f80eb81c3cc6fc31a3e42b88c728639bbfd1b662896eaab2bff0aa68f6ca,c9c97463642bd4ea76684997519acf95cf7ef7abe0c62ddcbb6eb48e5b7173c2,e75de96a4f77acf7d4e0d6fdf0d7ccb177c26c44bb4388e4fd99f543ccfa18db,986e7d092e77d2e1d40b263c229617bfbdf48cb46a907ac4ba7e8daa231ea1ea,2c9e9ef62cd41426d6940b2a3965fc6daf2c1c16472141ee89ae54d1c617ef1c,9dfa4bc155dcee7c59e6444f09723f9a3bf07555990a568e5e09db0bd7648ce1,85.44604874044506,stable,within_run_target_critic,666c11531e904ad1459561a82d2a4476467e1a265aea7eb80610dde8ec92cb78,0.99,0.12276204427083333,0.16743977864583334,4096,4.587984941013512,2.511075635442744,221.20198975148128,219.9604987298991,205.95948111208543,204.40653546454007,205.54631712241144,203.9833155525921,True,0.0,0.0,4.686217702466729,2.549474597399294,-0.09823276145321724,0.9790379432433304,True,raw/walker2d-medium-replay-v2/walker2d-medium-replay-v2_tau4_mpi3_seed1.npz,999a0608b1760e00be5560fd90c364ced82dbc58a9966f092cf099161d3a10f7
p3|walker2d-medium-replay-v2|4|1,p3,walker2d-medium-replay-v2,4.0,1,1000000,dd6ee304ef47a3a2f5e023df9f7f2b0e8e6680ec16dccdf644289a2cc3248a2e,9392f80eb81c3cc6fc31a3e42b88c728639bbfd1b662896eaab2bff0aa68f6ca,c9c97463642bd4ea76684997519acf95cf7ef7abe0c62ddcbb6eb48e5b7173c2,e75de96a4f77acf7d4e0d6fdf0d7ccb177c26c44bb4388e4fd99f543ccfa18db,986e7d092e77d2e1d40b263c229617bfbdf48cb46a907ac4ba7e8daa231ea1ea,2c9e9ef62cd41426d6940b2a3965fc6daf2c1c16472141ee89ae54d1c617ef1c,9dfa4bc155dcee7c59e6444f09723f9a3bf07555990a568e5e09db0bd7648ce1,85.44604874044506,stable,common_td3_target_critic,f86c4b5c51efe8365056ec249c66aaebdb5c21ee925eca76435310c346491b3c,0.99,0.12276204427083333,0.16743977864583334,4096,3.537079543514577,1.924130005013394,265.35125926503304,264.5270402073416,252.24290963661196,251.28557640345565,252.2854804310482,251.31798682832232,True,0.0,0.0,3.5518129731470856,1.9431096746038383,-0.014733429632508344,0.9958518565746851,True,raw/walker2d-medium-replay-v2/walker2d-medium-replay-v2_tau4_mpi3_seed1.npz,999a0608b1760e00be5560fd90c364ced82dbc58a9966f092cf099161d3a10f7
p4|walker2d-medium-replay-v2|4|1,p4,walker2d-medium-replay-v2,4.0,1,1000000,7c3a8ad1b8a279f16853999490f95ae7b411dd93a62cdc5536af8c35079ab6cb,cd47f40df798c3f087f0a7ba405ee30f75c76442757f6925ba833018a7023e4a,e81396aa8f9a389768ed134939fa01c36bbcbabfed428bc39642178af636eac1,e75de96a4f77acf7d4e0d6fdf0d7ccb177c26c44bb4388e4fd99f543ccfa18db,986e7d092e77d2e1d40b263c229617bfbdf48cb46a907ac4ba7e8daa231ea1ea,2c9e9ef62cd41426d6940b2a3965fc6daf2c1c16472141ee89ae54d1c617ef1c,9dfa4bc155dcee7c59e6444f09723f9a3bf07555990a568e5e09db0bd7648ce1,87.11038833890515,stable,within_run_target_critic,a04fd3febda62f71bad21b9d9b9fae38c7458f62925f179396f16b4f4eb4830e,0.99,0.11848958333333333,0.16743977864583334,4096,5.02064977198401,2.737756307866657,213.31537803025077,212.0367924269919,197.68937238932128,196.04956607338573,197.19311368426133,195.538215975801,True,0.0,0.0,5.074274852215597,2.7972946356375905,-0.05362508023158696,0.989431971701696,True,raw/walker2d-medium-replay-v2/walker2d-medium-replay-v2_tau4_mpi4_seed1.npz,0fd6eec8ab3a28c69f644015db45cbb186ecdc7bdc67e86ec78b112c83f83b8e
p4|walker2d-medium-replay-v2|4|1,p4,walker2d-medium-replay-v2,4.0,1,1000000,7c3a8ad1b8a279f16853999490f95ae7b411dd93a62cdc5536af8c35079ab6cb,cd47f40df798c3f087f0a7ba405ee30f75c76442757f6925ba833018a7023e4a,e81396aa8f9a389768ed134939fa01c36bbcbabfed428bc39642178af636eac1,e75de96a4f77acf7d4e0d6fdf0d7ccb177c26c44bb4388e4fd99f543ccfa18db,986e7d092e77d2e1d40b263c229617bfbdf48cb46a907ac4ba7e8daa231ea1ea,2c9e9ef62cd41426d6940b2a3965fc6daf2c1c16472141ee89ae54d1c617ef1c,9dfa4bc155dcee7c59e6444f09723f9a3bf07555990a568e5e09db0bd7648ce1,87.11038833890515,stable,common_td3_target_critic,f86c4b5c51efe8365056ec249c66aaebdb5c21ee925eca76435310c346491b3c,0.99,0.11848958333333333,0.16743977864583334,4096,3.48445477026619,1.9277017537744543,265.30399944383754,264.5270402073416,252.18201220802698,251.28557640345565,252.2223497316918,251.31798682832232,True,0.0,0.0,3.543802732054138,1.9548365522818132,-0.05934796178794821,0.9832530289422889,True,raw/walker2d-medium-replay-v2/walker2d-medium-replay-v2_tau4_mpi4_seed1.npz,0fd6eec8ab3a28c69f644015db45cbb186ecdc7bdc67e86ec78b112c83f83b8e
td3|walker2d-medium-replay-v2|7|0,td3,walker2d-medium-replay-v2,7.0,0,1000000,6539db844561bc90298dd22ddb84a8d1840811759af8ec7a0bbeea118cb6ebd5,3b8959618d11a6847c9dacb647b1391fe8d75afccd18784bdbad2050a61da113,5955c73bd73e63e1651a965a7328de216fcae0ee7945b111f3d1190d65585929,e75de96a4f77acf7d4e0d6fdf0d7ccb177c26c44bb4388e4fd99f543ccfa18db,986e7d092e77d2e1d40b263c229617bfbdf48cb46a907ac4ba7e8daa231ea1ea,2c9e9ef62cd41426d6940b2a3965fc6daf2c1c16472141ee89ae54d1c617ef1c,9dfa4bc155dcee7c59e6444f09723f9a3bf07555990a568e5e09db0bd7648ce1,6.593152482656933,collapsed,within_run_target_critic,a9e5fcdb82117365c350c3d9d517b089e7cc56267fc72090f480b12aba126787,0.99,0.14261881510416666,0.16743977864583334,4096,10.74963656768545,6.274649623832374,431.2484952906934,425.7077741450319,410.63518014331055,404.93563910373314,412.2991765032202,406.5428832706093,True,0.0,0.0,11.463951542537567,6.542714037815313,-0.7143149748521171,0.9376903354657758,True,raw/walker2d-medium-replay-v2/walker2d-medium-replay-v2_tau7_seed0.npz,814e41040833d49e16f95886b381e044f8eb652a49ae6940bff9b34469ea8219
td3|walker2d-medium-replay-v2|7|0,td3,walker2d-medium-replay-v2,7.0,0,1000000,6539db844561bc90298dd22ddb84a8d1840811759af8ec7a0bbeea118cb6ebd5,3b8959618d11a6847c9dacb647b1391fe8d75afccd18784bdbad2050a61da113,5955c73bd73e63e1651a965a7328de216fcae0ee7945b111f3d1190d65585929,e75de96a4f77acf7d4e0d6fdf0d7ccb177c26c44bb4388e4fd99f543ccfa18db,986e7d092e77d2e1d40b263c229617bfbdf48cb46a907ac4ba7e8daa231ea1ea,2c9e9ef62cd41426d6940b2a3965fc6daf2c1c16472141ee89ae54d1c617ef1c,9dfa4bc155dcee7c59e6444f09723f9a3bf07555990a568e5e09db0bd7648ce1,6.593152482656933,collapsed,common_td3_target_critic,a9e5fcdb82117365c350c3d9d517b089e7cc56267fc72090f480b12aba126787,0.99,0.14261881510416666,0.16743977864583334,4096,10.74963656768545,6.274649623832374,431.2484952906934,425.7077741450319,410.63518014331055,404.93563910373314,412.2991765032202,406.5428832706093,True,0.0,0.0,11.463951542537567,6.542714037815313,-0.7143149748521171,0.9376903354657758,True,raw/walker2d-medium-replay-v2/walker2d-medium-replay-v2_tau7_seed0.npz,814e41040833d49e16f95886b381e044f8eb652a49ae6940bff9b34469ea8219
p3|walker2d-medium-replay-v2|7|0,p3,walker2d-medium-replay-v2,7.0,0,1000000,d91f630a5d707519b933be455db3259ea05ef7a9b1f96e17dafee60b7f9fb117,bc587e1ee8d789eacb8ddfff4600734578d14383feec09ee5a3c55c2b883e867,744cd4cfab547bd13fc4351003d6e0e449efa90e80a5c48a4741ccf179f78a98,e75de96a4f77acf7d4e0d6fdf0d7ccb177c26c44bb4388e4fd99f543ccfa18db,986e7d092e77d2e1d40b263c229617bfbdf48cb46a907ac4ba7e8daa231ea1ea,2c9e9ef62cd41426d6940b2a3965fc6daf2c1c16472141ee89ae54d1c617ef1c,9dfa4bc155dcee7c59e6444f09723f9a3bf07555990a568e5e09db0bd7648ce1,90.2200569444083,stable,within_run_target_critic,5ed668591a72bfe5c8d781215457f19fc3220fa5d0884bc81aa71e0383df1614,0.99,0.12259928385416667,0.16743977864583334,4096,4.61249873980196,2.457612003536633,245.4500294415241,244.0314190738194,231.44457474070725,229.68510339485678,231.28255524966517,229.5045093337685,True,0.0,0.0,4.730043267868099,2.5257309415930647,-0.11754452806613891,0.9751493757224936,True,raw/walker2d-medium-replay-v2/walker2d-medium-replay-v2_tau7_mpi3_seed0.npz,43105bdddae55a948e1e985fb7f5957a3aa289c85f2cf1e1025f10332a3b90d7
p3|walker2d-medium-replay-v2|7|0,p3,walker2d-medium-replay-v2,7.0,0,1000000,d91f630a5d707519b933be455db3259ea05ef7a9b1f96e17dafee60b7f9fb117,bc587e1ee8d789eacb8ddfff4600734578d14383feec09ee5a3c55c2b883e867,744cd4cfab547bd13fc4351003d6e0e449efa90e80a5c48a4741ccf179f78a98,e75de96a4f77acf7d4e0d6fdf0d7ccb177c26c44bb4388e4fd99f543ccfa18db,986e7d092e77d2e1d40b263c229617bfbdf48cb46a907ac4ba7e8daa231ea1ea,2c9e9ef62cd41426d6940b2a3965fc6daf2c1c16472141ee89ae54d1c617ef1c,9dfa4bc155dcee7c59e6444f09723f9a3bf07555990a568e5e09db0bd7648ce1,90.2200569444083,stable,common_td3_target_critic,a9e5fcdb82117365c350c3d9d517b089e7cc56267fc72090f480b12aba126787,0.99,0.12259928385416667,0.16743977864583334,4096,6.786336940035218,3.282629353370721,426.74814403693347,425.7077741450319,406.1574237138808,404.93563910373314,407.7789450358541,406.5428832706093,True,0.0,0.0,7.389749408437729,3.3987012687990497,-0.6034124684025111,0.918344664338208,True,raw/walker2d-medium-replay-v2/walker2d-medium-replay-v2_tau7_mpi3_seed0.npz,43105bdddae55a948e1e985fb7f5957a3aa289c85f2cf1e1025f10332a3b90d7
p4|walker2d-medium-replay-v2|7|0,p4,walker2d-medium-replay-v2,7.0,0,1000000,fd986e5b59096626ad3fb68a1ea3717111b0cdb2f8bab56009ce96191b28529f,a35afd9007dd2c15afab87f3f104e7a18157cdcee9f9c9f3f96c72f25d9e6ba8,b00ea793570515b3959da3968f37c524303702d7d13dba821581343a1f60e064,e75de96a4f77acf7d4e0d6fdf0d7ccb177c26c44bb4388e4fd99f543ccfa18db,986e7d092e77d2e1d40b263c229617bfbdf48cb46a907ac4ba7e8daa231ea1ea,2c9e9ef62cd41426d6940b2a3965fc6daf2c1c16472141ee89ae54d1c617ef1c,9dfa4bc155dcee7c59e6444f09723f9a3bf07555990a568e5e09db0bd7648ce1,94.46446137233349,stable,within_run_target_critic,227ef7cb3b12dd8a219a46cd64b8a8b651c786f060ec7c67dd78129025107aba,0.99,0.1185302734375,0.16743977864583334,4096,4.9682611762090225,2.6603665892375465,234.11395935909212,232.65378642546318,219.38254788945193,217.5862225881612,219.0998999062922,217.28614484738864,True,0.0,0.0,5.060979266324292,2.702369169098001,-0.09271809011526955,0.981679812297945,True,raw/walker2d-medium-replay-v2/walker2d-medium-replay-v2_tau7_mpi4_seed0.npz,8738d477586ac46167bf1dea4019b700ab09938ffdd4a72aeec48b9690bb2adc
p4|walker2d-medium-replay-v2|7|0,p4,walker2d-medium-replay-v2,7.0,0,1000000,fd986e5b59096626ad3fb68a1ea3717111b0cdb2f8bab56009ce96191b28529f,a35afd9007dd2c15afab87f3f104e7a18157cdcee9f9c9f3f96c72f25d9e6ba8,b00ea793570515b3959da3968f37c524303702d7d13dba821581343a1f60e064,e75de96a4f77acf7d4e0d6fdf0d7ccb177c26c44bb4388e4fd99f543ccfa18db,986e7d092e77d2e1d40b263c229617bfbdf48cb46a907ac4ba7e8daa231ea1ea,2c9e9ef62cd41426d6940b2a3965fc6daf2c1c16472141ee89ae54d1c617ef1c,9dfa4bc155dcee7c59e6444f09723f9a3bf07555990a568e5e09db0bd7648ce1,94.46446137233349,stable,common_td3_target_critic,a9e5fcdb82117365c350c3d9d517b089e7cc56267fc72090f480b12aba126787,0.99,0.1185302734375,0.16743977864583334,4096,6.31342252317853,3.209841906074871,426.69626023363196,425.7077741450319,406.0655601116707,404.93563910373314,407.68390008134884,406.5428832706093,True,0.0,0.0,6.915228390344623,3.311681003699486,-0.6018058671660933,0.9129738262865816,True,raw/walker2d-medium-replay-v2/walker2d-medium-replay-v2_tau7_mpi4_seed0.npz,8738d477586ac46167bf1dea4019b700ab09938ffdd4a72aeec48b9690bb2adc
td3|walker2d-medium-replay-v2|7|1,td3,walker2d-medium-replay-v2,7.0,1,1000000,b09b66ce5f40d4a92cbc6302dea154b43058e367fdce4d4c4cdc522e829daf96,361907bec13b06f41c77d271976bed2e62673bad992a4bdc00df64f649b5b881,75681a9f3091404260337e0f8edb79c4e0431f86c2653fc3d83a9f0ef99d11f6,e75de96a4f77acf7d4e0d6fdf0d7ccb177c26c44bb4388e4fd99f543ccfa18db,986e7d092e77d2e1d40b263c229617bfbdf48cb46a907ac4ba7e8daa231ea1ea,2c9e9ef62cd41426d6940b2a3965fc6daf2c1c16472141ee89ae54d1c617ef1c,9dfa4bc155dcee7c59e6444f09723f9a3bf07555990a568e5e09db0bd7648ce1,87.32212403117889,stable,within_run_target_critic,e73eadf937ff1b4ca07f9ad47ccff961a0c323d7e9ecf9278be5d792c44d0537,0.99,0.124755859375,0.16743977864583334,4096,4.630829740418441,2.473375718805764,279.69683083639393,278.0156345282078,267.4992834960061,265.4531422227542,267.6999117450905,265.63110518164467,True,0.0,0.0,4.831593699801468,2.542488459002052,-0.2007639593830275,0.9584476734061316,True,raw/walker2d-medium-replay-v2/walker2d-medium-replay-v2_tau7_seed1.npz,5a287ea30f3b8148dd05ab169c476f0961a8c6e999ee079408f6f7a05fab9a92
td3|walker2d-medium-replay-v2|7|1,td3,walker2d-medium-replay-v2,7.0,1,1000000,b09b66ce5f40d4a92cbc6302dea154b43058e367fdce4d4c4cdc522e829daf96,361907bec13b06f41c77d271976bed2e62673bad992a4bdc00df64f649b5b881,75681a9f3091404260337e0f8edb79c4e0431f86c2653fc3d83a9f0ef99d11f6,e75de96a4f77acf7d4e0d6fdf0d7ccb177c26c44bb4388e4fd99f543ccfa18db,986e7d092e77d2e1d40b263c229617bfbdf48cb46a907ac4ba7e8daa231ea1ea,2c9e9ef62cd41426d6940b2a3965fc6daf2c1c16472141ee89ae54d1c617ef1c,9dfa4bc155dcee7c59e6444f09723f9a3bf07555990a568e5e09db0bd7648ce1,87.32212403117889,stable,common_td3_target_critic,e73eadf937ff1b4ca07f9ad47ccff961a0c323d7e9ecf9278be5d792c44d0537,0.99,0.124755859375,0.16743977864583334,4096,4.630829740418441,2.473375718805764,279.69683083639393,278.0156345282078,267.4992834960061,265.4531422227542,267.6999117450905,265.63110518164467,True,0.0,0.0,4.831593699801468,2.542488459002052,-0.2007639593830275,0.9584476734061316,True,raw/walker2d-medium-replay-v2/walker2d-medium-replay-v2_tau7_seed1.npz,5a287ea30f3b8148dd05ab169c476f0961a8c6e999ee079408f6f7a05fab9a92
p3|walker2d-medium-replay-v2|7|1,p3,walker2d-medium-replay-v2,7.0,1,1000000,abe8b84f561095b88cd725ee2b29746534a6f3b30fddcb319d726ef577c30c1e,caa0151790d126be2c63bbf5fd538ed62c14d7332b30d5e92fc806acf73f4206,3d8faa6e8946295c9c48a5fe4b66f4cb25b57305451cbf7413591fb1ff3ea54b,e75de96a4f77acf7d4e0d6fdf0d7ccb177c26c44bb4388e4fd99f543ccfa18db,986e7d092e77d2e1d40b263c229617bfbdf48cb46a907ac4ba7e8daa231ea1ea,2c9e9ef62cd41426d6940b2a3965fc6daf2c1c16472141ee89ae54d1c617ef1c,9dfa4bc155dcee7c59e6444f09723f9a3bf07555990a568e5e09db0bd7648ce1,90.49134447084025,stable,within_run_target_critic,ea33aa591c53a04524e1135bd0d4554282e80cf6a290cd5a40f8bf4a446115b3,0.99,0.12007649739583333,0.16743977864583334,4096,4.9986126302004195,2.562928549882772,245.2553923263104,243.83474247326592,231.4462783453495,229.68387695073923,231.28683454526617,229.50601591341274,True,0.0,0.0,5.136521403813125,2.622257872922482,-0.13790877361270582,0.9731513289304453,True,raw/walker2d-medium-replay-v2/walker2d-medium-replay-v2_tau7_mpi3_seed1.npz,e4f0c7c5049f2089c288d804d2fd8268045e6cb2195423db4c3271811c9e4c57
p3|walker2d-medium-replay-v2|7|1,p3,walker2d-medium-replay-v2,7.0,1,1000000,abe8b84f561095b88cd725ee2b29746534a6f3b30fddcb319d726ef577c30c1e,caa0151790d126be2c63bbf5fd538ed62c14d7332b30d5e92fc806acf73f4206,3d8faa6e8946295c9c48a5fe4b66f4cb25b57305451cbf7413591fb1ff3ea54b,e75de96a4f77acf7d4e0d6fdf0d7ccb177c26c44bb4388e4fd99f543ccfa18db,986e7d092e77d2e1d40b263c229617bfbdf48cb46a907ac4ba7e8daa231ea1ea,2c9e9ef62cd41426d6940b2a3965fc6daf2c1c16472141ee89ae54d1c617ef1c,9dfa4bc155dcee7c59e6444f09723f9a3bf07555990a568e5e09db0bd7648ce1,90.49134447084025,stable,common_td3_target_critic,e73eadf937ff1b4ca07f9ad47ccff961a0c323d7e9ecf9278be5d792c44d0537,0.99,0.12007649739583333,0.16743977864583334,4096,3.276499311889662,1.702953931594093,278.8309824260417,278.0156345282078,266.40832779346437,265.4531422227542,266.5986792042677,265.63110518164467,True,0.0,0.0,3.4852424638971344,1.7533440024555602,-0.2087431520074725,0.9401065624071216,True,raw/walker2d-medium-replay-v2/walker2d-medium-replay-v2_tau7_mpi3_seed1.npz,e4f0c7c5049f2089c288d804d2fd8268045e6cb2195423db4c3271811c9e4c57
p4|walker2d-medium-replay-v2|7|1,p4,walker2d-medium-replay-v2,7.0,1,1000000,a37d5df08551d3f71a4f91a6d673b9ed50b689257d9dd2d882960b8899586fbd,86094f66901435ac18425fa55ce6ffff4ab117663614f5841227d6dcde7fe6b9,a81ce06baec906cd79a56bef423ce92c70f3e648869b89d0a80926038ceab3a9,e75de96a4f77acf7d4e0d6fdf0d7ccb177c26c44bb4388e4fd99f543ccfa18db,986e7d092e77d2e1d40b263c229617bfbdf48cb46a907ac4ba7e8daa231ea1ea,2c9e9ef62cd41426d6940b2a3965fc6daf2c1c16472141ee89ae54d1c617ef1c,9dfa4bc155dcee7c59e6444f09723f9a3bf07555990a568e5e09db0bd7648ce1,90.45106624742516,stable,within_run_target_critic,7aee1e492546798dc6519984e7de509a71c3fac33ddf65c88526631df62c4d7b,0.99,0.12105305989583333,0.16743977864583334,4096,4.857238947867194,2.5120044172316556,236.0881779230754,234.76499412619,222.22655348177446,220.59250210014142,221.97389577369904,220.3248119269265,True,0.0,0.0,4.938408303196969,2.55032919288391,-0.08116935532977454,0.9835636605265652,True,raw/walker2d-medium-replay-v2/walker2d-medium-replay-v2_tau7_mpi4_seed1.npz,b2b4b4d11f0010fb0a2e48c63d9754099c1bcb5a1c20abb23486f335715f685b
p4|walker2d-medium-replay-v2|7|1,p4,walker2d-medium-replay-v2,7.0,1,1000000,a37d5df08551d3f71a4f91a6d673b9ed50b689257d9dd2d882960b8899586fbd,86094f66901435ac18425fa55ce6ffff4ab117663614f5841227d6dcde7fe6b9,a81ce06baec906cd79a56bef423ce92c70f3e648869b89d0a80926038ceab3a9,e75de96a4f77acf7d4e0d6fdf0d7ccb177c26c44bb4388e4fd99f543ccfa18db,986e7d092e77d2e1d40b263c229617bfbdf48cb46a907ac4ba7e8daa231ea1ea,2c9e9ef62cd41426d6940b2a3965fc6daf2c1c16472141ee89ae54d1c617ef1c,9dfa4bc155dcee7c59e6444f09723f9a3bf07555990a568e5e09db0bd7648ce1,90.45106624742516,stable,common_td3_target_critic,e73eadf937ff1b4ca07f9ad47ccff961a0c323d7e9ecf9278be5d792c44d0537,0.99,0.12105305989583333,0.16743977864583334,4096,3.1022457898342513,1.6561577780019432,278.78251329419294,278.0156345282078,266.34599060296205,265.4531422227542,266.5331876148848,265.63110518164467,True,0.0,0.0,3.299128030448865,1.7020633071409248,-0.19688224061461357,0.940322946306565,True,raw/walker2d-medium-replay-v2/walker2d-medium-replay-v2_tau7_mpi4_seed1.npz,b2b4b4d11f0010fb0a2e48c63d9754099c1bcb5a1c20abb23486f335715f685b
td3|walker2d-medium-replay-v2|10|0,td3,walker2d-medium-replay-v2,10.0,0,1000000,b3de805b6b05dd182aa51f28026d45ca9889b456b5d4864dad79a68e0f21a577,1d3e2794ed403c13238ac1415bbc94083122ad78c37edf69ae6afb371091034f,7e059748d0041b49d1f33f25a66be71c2b73fff964ec73ab1f1b7d650aa4619c,e75de96a4f77acf7d4e0d6fdf0d7ccb177c26c44bb4388e4fd99f543ccfa18db,986e7d092e77d2e1d40b263c229617bfbdf48cb46a907ac4ba7e8daa231ea1ea,2c9e9ef62cd41426d6940b2a3965fc6daf2c1c16472141ee89ae54d1c617ef1c,9dfa4bc155dcee7c59e6444f09723f9a3bf07555990a568e5e09db0bd7648ce1,65.29921957358569,stable,within_run_target_critic,8ba0c63941d09411364d9b5b67c58e97e3ba8e5b0af9d6de283848c020dca8b5,0.99,0.13090006510416666,0.16743977864583334,4096,5.100421525711779,2.5208486305302356,290.83992669950015,289.08426456202284,280.3212224830746,278.18631889232535,280.6537769988936,278.4971857088967,True,0.0,0.0,5.309640865409923,2.601330967357935,-0.20921933969814432,0.9605963293937411,True,raw/walker2d-medium-replay-v2/walker2d-medium-replay-v2_tau10_seed0.npz,2d851a3a80f4f5be924396ff35eb3bc4c9d9230df7962eb0be3f9e33b305ab42
td3|walker2d-medium-replay-v2|10|0,td3,walker2d-medium-replay-v2,10.0,0,1000000,b3de805b6b05dd182aa51f28026d45ca9889b456b5d4864dad79a68e0f21a577,1d3e2794ed403c13238ac1415bbc94083122ad78c37edf69ae6afb371091034f,7e059748d0041b49d1f33f25a66be71c2b73fff964ec73ab1f1b7d650aa4619c,e75de96a4f77acf7d4e0d6fdf0d7ccb177c26c44bb4388e4fd99f543ccfa18db,986e7d092e77d2e1d40b263c229617bfbdf48cb46a907ac4ba7e8daa231ea1ea,2c9e9ef62cd41426d6940b2a3965fc6daf2c1c16472141ee89ae54d1c617ef1c,9dfa4bc155dcee7c59e6444f09723f9a3bf07555990a568e5e09db0bd7648ce1,65.29921957358569,stable,common_td3_target_critic,8ba0c63941d09411364d9b5b67c58e97e3ba8e5b0af9d6de283848c020dca8b5,0.99,0.13090006510416666,0.16743977864583334,4096,5.100421525711779,2.5208486305302356,290.83992669950015,289.08426456202284,280.3212224830746,278.18631889232535,280.6537769988936,278.4971857088967,True,0.0,0.0,5.309640865409923,2.601330967357935,-0.20921933969814432,0.9605963293937411,True,raw/walker2d-medium-replay-v2/walker2d-medium-replay-v2_tau10_seed0.npz,2d851a3a80f4f5be924396ff35eb3bc4c9d9230df7962eb0be3f9e33b305ab42
p3|walker2d-medium-replay-v2|10|0,p3,walker2d-medium-replay-v2,10.0,0,1000000,d6f626a24e9d83edea91764d1767ec4c3d1e58ee933b2259625d2d1c1a5d6f9f,0fb062254bd24089e181a892f4a72d4794ca94186a3ab4a1f722765e82310310,51049c5eeb397052e9da64d699b5ebf397a239cd26bc75006524fb0319db5523,e75de96a4f77acf7d4e0d6fdf0d7ccb177c26c44bb4388e4fd99f543ccfa18db,986e7d092e77d2e1d40b263c229617bfbdf48cb46a907ac4ba7e8daa231ea1ea,2c9e9ef62cd41426d6940b2a3965fc6daf2c1c16472141ee89ae54d1c617ef1c,9dfa4bc155dcee7c59e6444f09723f9a3bf07555990a568e5e09db0bd7648ce1,88.52004597215407,stable,within_run_target_critic,95079b575953d71db3e1841f167c3f303075fd33e9d7deb58917dd4e29bc8a6f,0.99,0.11942545572916667,0.16743977864583334,4096,5.101528566825347,2.677112612166675,257.14220950056153,255.40996014747725,245.26336562688135,243.23778848696608,245.23634994466556,243.18994915665826,True,0.0,0.0,5.307514980458187,2.757701969626833,-0.2059864136328402,0.9611896689144988,True,raw/walker2d-medium-replay-v2/walker2d-medium-replay-v2_tau10_mpi3_seed0.npz,1caa39f13c7dde858ec455ea06251c3f8147b4d8e939b6a6335e8b51676dc86d
p3|walker2d-medium-replay-v2|10|0,p3,walker2d-medium-replay-v2,10.0,0,1000000,d6f626a24e9d83edea91764d1767ec4c3d1e58ee933b2259625d2d1c1a5d6f9f,0fb062254bd24089e181a892f4a72d4794ca94186a3ab4a1f722765e82310310,51049c5eeb397052e9da64d699b5ebf397a239cd26bc75006524fb0319db5523,e75de96a4f77acf7d4e0d6fdf0d7ccb177c26c44bb4388e4fd99f543ccfa18db,986e7d092e77d2e1d40b263c229617bfbdf48cb46a907ac4ba7e8daa231ea1ea,2c9e9ef62cd41426d6940b2a3965fc6daf2c1c16472141ee89ae54d1c617ef1c,9dfa4bc155dcee7c59e6444f09723f9a3bf07555990a568e5e09db0bd7648ce1,88.52004597215407,stable,common_td3_target_critic,8ba0c63941d09411364d9b5b67c58e97e3ba8e5b0af9d6de283848c020dca8b5,0.99,0.11942545572916667,0.16743977864583334,4096,3.5687304070934616,1.6504667484085074,289.75097182789364,289.08426456202284,278.9772906663828,278.18631889232535,279.2973015589814,278.4971857088967,True,0.0,0.0,3.751711185522515,1.6824509060452693,-0.18298077842905336,0.9512273814852384,True,raw/walker2d-medium-replay-v2/walker2d-medium-replay-v2_tau10_mpi3_seed0.npz,1caa39f13c7dde858ec455ea06251c3f8147b4d8e939b6a6335e8b51676dc86d
p4|walker2d-medium-replay-v2|10|0,p4,walker2d-medium-replay-v2,10.0,0,1000000,86f45fc4d787f55e360caafd270e33fb2fd510b4b2462e17f6faa6f5334ff2ed,df0c161480c48794194b644874a1fded3bc89ba11e065bce9b7264d21043c612,2a0300462ece81f0e78fd59a39eb690df72ddd3f232bf7bca056865e6e2b2843,e75de96a4f77acf7d4e0d6fdf0d7ccb177c26c44bb4388e4fd99f543ccfa18db,986e7d092e77d2e1d40b263c229617bfbdf48cb46a907ac4ba7e8daa231ea1ea,2c9e9ef62cd41426d6940b2a3965fc6daf2c1c16472141ee89ae54d1c617ef1c,9dfa4bc155dcee7c59e6444f09723f9a3bf07555990a568e5e09db0bd7648ce1,93.23483109365071,stable,within_run_target_critic,8827404522f7bbba45966d69e50fab45a00430c7191a9d71ce410dbeb170e4cd,0.99,0.1204833984375,0.16743977864583334,4096,4.81575328410898,2.4825880638359377,246.50248464945588,245.08617755602697,233.50601398772793,231.73731167188853,233.3643675830026,231.5786332898133,True,0.0,0.0,5.009048957193718,2.5382647381006245,-0.19329567308473816,0.9614107039606515,True,raw/walker2d-medium-replay-v2/walker2d-medium-replay-v2_tau10_mpi4_seed0.npz,207334273f2f3ba028ee2674452b602c123eb8755e2079a3b0ee2bc3d0e2f222
p4|walker2d-medium-replay-v2|10|0,p4,walker2d-medium-replay-v2,10.0,0,1000000,86f45fc4d787f55e360caafd270e33fb2fd510b4b2462e17f6faa6f5334ff2ed,df0c161480c48794194b644874a1fded3bc89ba11e065bce9b7264d21043c612,2a0300462ece81f0e78fd59a39eb690df72ddd3f232bf7bca056865e6e2b2843,e75de96a4f77acf7d4e0d6fdf0d7ccb177c26c44bb4388e4fd99f543ccfa18db,986e7d092e77d2e1d40b263c229617bfbdf48cb46a907ac4ba7e8daa231ea1ea,2c9e9ef62cd41426d6940b2a3965fc6daf2c1c16472141ee89ae54d1c617ef1c,9dfa4bc155dcee7c59e6444f09723f9a3bf07555990a568e5e09db0bd7648ce1,93.23483109365071,stable,common_td3_target_critic,8ba0c63941d09411364d9b5b67c58e97e3ba8e5b0af9d6de283848c020dca8b5,0.99,0.1204833984375,0.16743977864583334,4096,3.396321366534414,1.58258595748659,289.77827909566804,289.08426456202284,279.01486917048146,278.18631889232535,279.33433907548897,278.4971857088967,True,0.0,0.0,3.5471148250813043,1.6041599561620385,-0.1507934585468904,0.9574884191848979,True,raw/walker2d-medium-replay-v2/walker2d-medium-replay-v2_tau10_mpi4_seed0.npz,207334273f2f3ba028ee2674452b602c123eb8755e2079a3b0ee2bc3d0e2f222
td3|walker2d-medium-replay-v2|10|1,td3,walker2d-medium-replay-v2,10.0,1,1000000,07e35b533508cd527fd5046eda717ce5de9a30216744ccf1ac93fb7a6422580a,d16e046d481ae6b8d1162cd40e082834354f4f152bb6d9877138eea1e56be3c7,71287c333440d25629e9e3621606193f83cb31e880f6eee44c5d646b5167d27c,e75de96a4f77acf7d4e0d6fdf0d7ccb177c26c44bb4388e4fd99f543ccfa18db,986e7d092e77d2e1d40b263c229617bfbdf48cb46a907ac4ba7e8daa231ea1ea,2c9e9ef62cd41426d6940b2a3965fc6daf2c1c16472141ee89ae54d1c617ef1c,9dfa4bc155dcee7c59e6444f09723f9a3bf07555990a568e5e09db0bd7648ce1,81.7967699723636,stable,within_run_target_critic,2abddca23c6cafb3749f425868ff8b3e0c1be522bd06985c5588a7b3f2cf5fbe,0.99,0.13395182291666666,0.16743977864583334,4096,4.820704808298291,2.5149830777489113,290.07601214515245,288.38320878443744,278.8874193106639,276.822932609536,279.2023497837945,277.11885146345594,True,0.0,0.0,4.992622313638019,2.578825661128649,-0.17191750533972794,0.9655656898239404,True,raw/walker2d-medium-replay-v2/walker2d-medium-replay-v2_tau10_seed1.npz,f8da2f3ea45d3d2a7f27ba6a9c89a8da088c2cb7ae4a599d094d597da7456875
td3|walker2d-medium-replay-v2|10|1,td3,walker2d-medium-replay-v2,10.0,1,1000000,07e35b533508cd527fd5046eda717ce5de9a30216744ccf1ac93fb7a6422580a,d16e046d481ae6b8d1162cd40e082834354f4f152bb6d9877138eea1e56be3c7,71287c333440d25629e9e3621606193f83cb31e880f6eee44c5d646b5167d27c,e75de96a4f77acf7d4e0d6fdf0d7ccb177c26c44bb4388e4fd99f543ccfa18db,986e7d092e77d2e1d40b263c229617bfbdf48cb46a907ac4ba7e8daa231ea1ea,2c9e9ef62cd41426d6940b2a3965fc6daf2c1c16472141ee89ae54d1c617ef1c,9dfa4bc155dcee7c59e6444f09723f9a3bf07555990a568e5e09db0bd7648ce1,81.7967699723636,stable,common_td3_target_critic,2abddca23c6cafb3749f425868ff8b3e0c1be522bd06985c5588a7b3f2cf5fbe,0.99,0.13395182291666666,0.16743977864583334,4096,4.820704808298291,2.5149830777489113,290.07601214515245,288.38320878443744,278.8874193106639,276.822932609536,279.2023497837945,277.11885146345594,True,0.0,0.0,4.992622313638019,2.578825661128649,-0.17191750533972794,0.9655656898239404,True,raw/walker2d-medium-replay-v2/walker2d-medium-replay-v2_tau10_seed1.npz,f8da2f3ea45d3d2a7f27ba6a9c89a8da088c2cb7ae4a599d094d597da7456875
p3|walker2d-medium-replay-v2|10|1,p3,walker2d-medium-replay-v2,10.0,1,1000000,f0e722d2c897aedf78ce0428bbb6d645c64ee1466fd4d2f902c3481732c833c3,1a25472596d28b9763ef9eb453bb02756173bdd331f906e2732c5f674377017c,f96e5fea07a4b6a14031113e485f35124429a4f8d5ca08118bb793c8de251123,e75de96a4f77acf7d4e0d6fdf0d7ccb177c26c44bb4388e4fd99f543ccfa18db,986e7d092e77d2e1d40b263c229617bfbdf48cb46a907ac4ba7e8daa231ea1ea,2c9e9ef62cd41426d6940b2a3965fc6daf2c1c16472141ee89ae54d1c617ef1c,9dfa4bc155dcee7c59e6444f09723f9a3bf07555990a568e5e09db0bd7648ce1,88.70492988931343,stable,within_run_target_critic,9d0a1b7ce0f0505c1524c8d68b0458edb1328c4649c1dec6d10029a929a7efa7,0.99,0.12569173177083334,0.16743977864583334,4096,4.781774969536949,2.381981313584838,253.21670683766237,251.73023208415893,240.38209463853855,238.5955927935271,240.31095074010955,238.50715325369674,True,0.0,0.0,4.919093385800289,2.411606467656884,-0.13731841626333985,0.9720846087899591,True,raw/walker2d-medium-replay-v2/walker2d-medium-replay-v2_tau10_mpi3_seed1.npz,436bbbba261dc85ce68b52572a03fb9d7c7f451bff18adc4cfee8e9f66700da4
p3|walker2d-medium-replay-v2|10|1,p3,walker2d-medium-replay-v2,10.0,1,1000000,f0e722d2c897aedf78ce0428bbb6d645c64ee1466fd4d2f902c3481732c833c3,1a25472596d28b9763ef9eb453bb02756173bdd331f906e2732c5f674377017c,f96e5fea07a4b6a14031113e485f35124429a4f8d5ca08118bb793c8de251123,e75de96a4f77acf7d4e0d6fdf0d7ccb177c26c44bb4388e4fd99f543ccfa18db,986e7d092e77d2e1d40b263c229617bfbdf48cb46a907ac4ba7e8daa231ea1ea,2c9e9ef62cd41426d6940b2a3965fc6daf2c1c16472141ee89ae54d1c617ef1c,9dfa4bc155dcee7c59e6444f09723f9a3bf07555990a568e5e09db0bd7648ce1,88.70492988931343,stable,common_td3_target_critic,2abddca23c6cafb3749f425868ff8b3e0c1be522bd06985c5588a7b3f2cf5fbe,0.99,0.12569173177083334,0.16743977864583334,4096,3.4731165369498864,1.6499606164330907,289.1160313187255,288.38320878443744,277.7188903302265,276.822932609536,278.0222450794681,277.11885146345594,True,0.0,0.0,3.617419360215502,1.6787969416925623,-0.1443028232656154,0.96010890391845,True,raw/walker2d-medium-replay-v2/walker2d-medium-replay-v2_tau10_mpi3_seed1.npz,436bbbba261dc85ce68b52572a03fb9d7c7f451bff18adc4cfee8e9f66700da4
p4|walker2d-medium-replay-v2|10|1,p4,walker2d-medium-replay-v2,10.0,1,1000000,672f140f16932a4a85339d30e132cced2d7d7125b6ebdb77d7e679fc5ff09bc4,5330d8f35c343c634ccbc71f72fd1c3ff067ac40ab2cef1206219440df7d2f9b,9ab9326184c174253c4d67ed2068cf3a96da5e0d0c9164762f59e4695a45d21d,e75de96a4f77acf7d4e0d6fdf0d7ccb177c26c44bb4388e4fd99f543ccfa18db,986e7d092e77d2e1d40b263c229617bfbdf48cb46a907ac4ba7e8daa231ea1ea,2c9e9ef62cd41426d6940b2a3965fc6daf2c1c16472141ee89ae54d1c617ef1c,9dfa4bc155dcee7c59e6444f09723f9a3bf07555990a568e5e09db0bd7648ce1,90.74947387289359,stable,within_run_target_critic,fb83ceeabcf4167040f44fa88c75da1805d2d513304628aca91a1e01b512d328,0.99,0.11796061197916667,0.16743977864583334,4096,4.497253348681249,2.4277085280606117,248.69853519983272,247.29826694685178,234.8608811362012,233.13884767786985,234.73590599193994,232.99805760852178,True,0.0,0.0,4.64208452733717,2.499101866387682,-0.1448311786559211,0.9688004003798267,True,raw/walker2d-medium-replay-v2/walker2d-medium-replay-v2_tau10_mpi4_seed1.npz,3403dd609ea8e3565f765a3ed90ce2069cd5a3c2092bbd736bf7fae6896eb3be
p4|walker2d-medium-replay-v2|10|1,p4,walker2d-medium-replay-v2,10.0,1,1000000,672f140f16932a4a85339d30e132cced2d7d7125b6ebdb77d7e679fc5ff09bc4,5330d8f35c343c634ccbc71f72fd1c3ff067ac40ab2cef1206219440df7d2f9b,9ab9326184c174253c4d67ed2068cf3a96da5e0d0c9164762f59e4695a45d21d,e75de96a4f77acf7d4e0d6fdf0d7ccb177c26c44bb4388e4fd99f543ccfa18db,986e7d092e77d2e1d40b263c229617bfbdf48cb46a907ac4ba7e8daa231ea1ea,2c9e9ef62cd41426d6940b2a3965fc6daf2c1c16472141ee89ae54d1c617ef1c,9dfa4bc155dcee7c59e6444f09723f9a3bf07555990a568e5e09db0bd7648ce1,90.74947387289359,stable,common_td3_target_critic,2abddca23c6cafb3749f425868ff8b3e0c1be522bd06985c5588a7b3f2cf5fbe,0.99,0.11796061197916667,0.16743977864583334,4096,3.219244847426382,1.5931364192011823,289.0670156637991,288.38320878443744,277.6511079922158,276.822932609536,277.95560192388075,277.11885146345594,True,0.0,0.0,3.310765792961919,1.625485546343989,-0.09152094553553702,0.9723565630253599,True,raw/walker2d-medium-replay-v2/walker2d-medium-replay-v2_tau10_mpi4_seed1.npz,3403dd609ea8e3565f765a3ed90ce2069cd5a3c2092bbd736bf7fae6896eb3be
td3|walker2d-medium-replay-v2|14|0,td3,walker2d-medium-replay-v2,14.0,0,1000000,89bccd94c9a3ef258c81f2ba549889586c8e5946b9e33ec8ef9d6c25493be04a,f8b92212c60cb510a1bacdae45ec38d8f122ab148a552f379c5682daff0f2d16,ef38314495423a36c8a4b3dea5eb441509306a062d679a808f53c5c0ec19a93f,e75de96a4f77acf7d4e0d6fdf0d7ccb177c26c44bb4388e4fd99f543ccfa18db,986e7d092e77d2e1d40b263c229617bfbdf48cb46a907ac4ba7e8daa231ea1ea,2c9e9ef62cd41426d6940b2a3965fc6daf2c1c16472141ee89ae54d1c617ef1c,9dfa4bc155dcee7c59e6444f09723f9a3bf07555990a568e5e09db0bd7648ce1,6.520375058968543,collapsed,within_run_target_critic,7aba6612a991f8b7257f6d7108ea31c75fe6400abcf05ba410801e1664c9974b,0.99,0.1595458984375,0.16743977864583334,4096,69.40968063479548,44.05129028535797,2767.4352723696966,2728.4329372480584,2652.4535692353256,2611.2472450136925,2676.781633263279,2635.1831433135667,True,0.0,0.0,72.56389168778335,46.088188669190856,-3.1542110529878755,0.9565319475069043,True,raw/walker2d-medium-replay-v2/walker2d-medium-replay-v2_tau14_seed0.npz,010b10974a4076edd87bf17b34823f6e060eb416e82ac96aefffa64d57a7e059
td3|walker2d-medium-replay-v2|14|0,td3,walker2d-medium-replay-v2,14.0,0,1000000,89bccd94c9a3ef258c81f2ba549889586c8e5946b9e33ec8ef9d6c25493be04a,f8b92212c60cb510a1bacdae45ec38d8f122ab148a552f379c5682daff0f2d16,ef38314495423a36c8a4b3dea5eb441509306a062d679a808f53c5c0ec19a93f,e75de96a4f77acf7d4e0d6fdf0d7ccb177c26c44bb4388e4fd99f543ccfa18db,986e7d092e77d2e1d40b263c229617bfbdf48cb46a907ac4ba7e8daa231ea1ea,2c9e9ef62cd41426d6940b2a3965fc6daf2c1c16472141ee89ae54d1c617ef1c,9dfa4bc155dcee7c59e6444f09723f9a3bf07555990a568e5e09db0bd7648ce1,6.520375058968543,collapsed,common_td3_target_critic,7aba6612a991f8b7257f6d7108ea31c75fe6400abcf05ba410801e1664c9974b,0.99,0.1595458984375,0.16743977864583334,4096,69.40968063479548,44.05129028535797,2767.4352723696966,2728.4329372480584,2652.4535692353256,2611.2472450136925,2676.781633263279,2635.1831433135667,True,0.0,0.0,72.56389168778335,46.088188669190856,-3.1542110529878755,0.9565319475069043,True,raw/walker2d-medium-replay-v2/walker2d-medium-replay-v2_tau14_seed0.npz,010b10974a4076edd87bf17b34823f6e060eb416e82ac96aefffa64d57a7e059
p3|walker2d-medium-replay-v2|14|0,p3,walker2d-medium-replay-v2,14.0,0,1000000,01e4c115e99969cdac5089e9eaafd7af464fee4ed38b45728c2886e9e366352f,c0fcfa9540ef6db1f49bdd8760e2e03f7da454875a4103650287842e09b2d673,e6704c6aeb1364091ab298f622c1b600ab35c831d7a6b2e52cef90196caea194,e75de96a4f77acf7d4e0d6fdf0d7ccb177c26c44bb4388e4fd99f543ccfa18db,986e7d092e77d2e1d40b263c229617bfbdf48cb46a907ac4ba7e8daa231ea1ea,2c9e9ef62cd41426d6940b2a3965fc6daf2c1c16472141ee89ae54d1c617ef1c,9dfa4bc155dcee7c59e6444f09723f9a3bf07555990a568e5e09db0bd7648ce1,7.648693756269174,collapsed,within_run_target_critic,146dd0e99210677b269f3f96e41a4626bb2cb40e18d80e495f2bf273dc46757c,0.99,0.118408203125,0.16743977864583334,4096,6.0158077001154835,3.065568259520442,286.5892623290335,284.4573092182564,272.3859062352818,269.9166256575497,272.635153186915,270.13898636103113,True,0.0,0.0,6.241456063778051,3.1382252247951694,-0.22564836366256724,0.9638468393662009,True,raw/walker2d-medium-replay-v2/walker2d-medium-replay-v2_tau14_mpi3_seed0.npz,96f5c73c1d9d5b735bf6958864effd23d5f1acc732b94661a1550399341862d1
p3|walker2d-medium-replay-v2|14|0,p3,walker2d-medium-replay-v2,14.0,0,1000000,01e4c115e99969cdac5089e9eaafd7af464fee4ed38b45728c2886e9e366352f,c0fcfa9540ef6db1f49bdd8760e2e03f7da454875a4103650287842e09b2d673,e6704c6aeb1364091ab298f622c1b600ab35c831d7a6b2e52cef90196caea194,e75de96a4f77acf7d4e0d6fdf0d7ccb177c26c44bb4388e4fd99f543ccfa18db,986e7d092e77d2e1d40b263c229617bfbdf48cb46a907ac4ba7e8daa231ea1ea,2c9e9ef62cd41426d6940b2a3965fc6daf2c1c16472141ee89ae54d1c617ef1c,9dfa4bc155dcee7c59e6444f09723f9a3bf07555990a568e5e09db0bd7648ce1,7.648693756269174,collapsed,common_td3_target_critic,7aba6612a991f8b7257f6d7108ea31c75fe6400abcf05ba410801e1664c9974b,0.99,0.118408203125,0.16743977864583334,4096,40.11186120761717,20.210600640418708,2738.852035029686,2728.4329372480584,2623.3233505831786,2611.2472450136925,2647.3849844301003,2635.1831433135667,True,0.0,0.0,41.83735547775311,20.987278120801786,-1.7254942701359397,0.9587570903936922,True,raw/walker2d-medium-replay-v2/walker2d-medium-replay-v2_tau14_mpi3_seed0.npz,96f5c73c1d9d5b735bf6958864effd23d5f1acc732b94661a1550399341862d1
p4|walker2d-medium-replay-v2|14|0,p4,walker2d-medium-replay-v2,14.0,0,1000000,9c56b8e137046da811220b8caa33d43c57787b3a59398552b6b4c0ea1b1a4d6f,e0256b883c1423885b8a7c917cf9fc39a9f17a69c8b23980d86b6474934600f3,b81bc0d5bc2602537bc4d2c3733d192dd6fd3d58cebd78ea6b1e147baedf372e,e75de96a4f77acf7d4e0d6fdf0d7ccb177c26c44bb4388e4fd99f543ccfa18db,986e7d092e77d2e1d40b263c229617bfbdf48cb46a907ac4ba7e8daa231ea1ea,2c9e9ef62cd41426d6940b2a3965fc6daf2c1c16472141ee89ae54d1c617ef1c,9dfa4bc155dcee7c59e6444f09723f9a3bf07555990a568e5e09db0bd7648ce1,7.310622670961825,collapsed,within_run_target_critic,56f312cdba586b271812ba72a40d47debe170ed8a36b3e29658136e25affeaff,0.99,0.1175537109375,0.16743977864583334,4096,5.357018698625604,2.587040420798512,263.298215326396,261.60580031548034,250.7795143551703,248.75826395061227,250.82120709865558,248.78185646989732,True,0.0,0.0,5.46965860980684,2.6461820130464915,-0.11263991118123595,0.9794064092081949,True,raw/walker2d-medium-replay-v2/walker2d-medium-replay-v2_tau14_mpi4_seed0.npz,692b1dd787e7d6e0b3b8ee29aad50c82b23f072a8db5d75fd97b62003f09b546
p4|walker2d-medium-replay-v2|14|0,p4,walker2d-medium-replay-v2,14.0,0,1000000,9c56b8e137046da811220b8caa33d43c57787b3a59398552b6b4c0ea1b1a4d6f,e0256b883c1423885b8a7c917cf9fc39a9f17a69c8b23980d86b6474934600f3,b81bc0d5bc2602537bc4d2c3733d192dd6fd3d58cebd78ea6b1e147baedf372e,e75de96a4f77acf7d4e0d6fdf0d7ccb177c26c44bb4388e4fd99f543ccfa18db,986e7d092e77d2e1d40b263c229617bfbdf48cb46a907ac4ba7e8daa231ea1ea,2c9e9ef62cd41426d6940b2a3965fc6daf2c1c16472141ee89ae54d1c617ef1c,9dfa4bc155dcee7c59e6444f09723f9a3bf07555990a568e5e09db0bd7648ce1,7.310622670961825,collapsed,common_td3_target_critic,7aba6612a991f8b7257f6d7108ea31c75fe6400abcf05ba410801e1664c9974b,0.99,0.1175537109375,0.16743977864583334,4096,35.348303096807015,17.9683498469973,2736.364959632348,2728.4329372480584,2620.3353315692607,2611.2472450136925,2644.364611985453,2635.1831433135667,True,0.0,0.0,36.80935270065855,18.507671541504095,-1.461049603851535,0.9603076529018834,True,raw/walker2d-medium-replay-v2/walker2d-medium-replay-v2_tau14_mpi4_seed0.npz,692b1dd787e7d6e0b3b8ee29aad50c82b23f072a8db5d75fd97b62003f09b546
td3|walker2d-medium-replay-v2|14|1,td3,walker2d-medium-replay-v2,14.0,1,1000000,63041a94eb1f9259e8b92f6769bfd0807b85f33ee4dcdaa5d32bab853307a095,ae5537cf266123260a8866e6d59449eb5b4b777cc5ff0f8c754e4110873c5bb6,2f921ed90e59898a3199a8a44a01fa5fb20db16ee343bd0740c7bb9584c721a1,e75de96a4f77acf7d4e0d6fdf0d7ccb177c26c44bb4388e4fd99f543ccfa18db,986e7d092e77d2e1d40b263c229617bfbdf48cb46a907ac4ba7e8daa231ea1ea,2c9e9ef62cd41426d6940b2a3965fc6daf2c1c16472141ee89ae54d1c617ef1c,9dfa4bc155dcee7c59e6444f09723f9a3bf07555990a568e5e09db0bd7648ce1,2.5840281615275003,collapsed,within_run_target_critic,27ac718f74b6ddcf8ab5331bead591b508fc71814e7e92ea90f3a3d0952c8372,0.99,0.1427001953125,0.16743977864583334,4096,26.28299860784556,16.99955863549345,978.2213873181074,962.6464862334233,945.8462894108873,929.7524093755853,952.9351990770083,936.6873238342814,True,0.0,0.0,27.611407688487404,17.80979723718774,-1.328409080641844,0.9518891214953983,True,raw/walker2d-medium-replay-v2/walker2d-medium-replay-v2_tau14_seed1.npz,83d765a0c92ea39319d917e278ace233f9fe3e463c9637c03e81b8dbcf6e6274
td3|walker2d-medium-replay-v2|14|1,td3,walker2d-medium-replay-v2,14.0,1,1000000,63041a94eb1f9259e8b92f6769bfd0807b85f33ee4dcdaa5d32bab853307a095,ae5537cf266123260a8866e6d59449eb5b4b777cc5ff0f8c754e4110873c5bb6,2f921ed90e59898a3199a8a44a01fa5fb20db16ee343bd0740c7bb9584c721a1,e75de96a4f77acf7d4e0d6fdf0d7ccb177c26c44bb4388e4fd99f543ccfa18db,986e7d092e77d2e1d40b263c229617bfbdf48cb46a907ac4ba7e8daa231ea1ea,2c9e9ef62cd41426d6940b2a3965fc6daf2c1c16472141ee89ae54d1c617ef1c,9dfa4bc155dcee7c59e6444f09723f9a3bf07555990a568e5e09db0bd7648ce1,2.5840281615275003,collapsed,common_td3_target_critic,27ac718f74b6ddcf8ab5331bead591b508fc71814e7e92ea90f3a3d0952c8372,0.99,0.1427001953125,0.16743977864583334,4096,26.28299860784556,16.99955863549345,978.2213873181074,962.6464862334233,945.8462894108873,929.7524093755853,952.9351990770083,936.6873238342814,True,0.0,0.0,27.611407688487404,17.80979723718774,-1.328409080641844,0.9518891214953983,True,raw/walker2d-medium-replay-v2/walker2d-medium-replay-v2_tau14_seed1.npz,83d765a0c92ea39319d917e278ace233f9fe3e463c9637c03e81b8dbcf6e6274
p3|walker2d-medium-replay-v2|14|1,p3,walker2d-medium-replay-v2,14.0,1,1000000,12ef85bc3dee01c09ab9932e9c4786404152eab387ce8be7fd91ec3bada16ce9,bfb1913c1c722a499eae6f15a61a3914f81aef2668afa39f2317764404983a96,05655dcab32886373c813de89cd6203457cf1e8ac89abd65fc6781fb93f18a55,e75de96a4f77acf7d4e0d6fdf0d7ccb177c26c44bb4388e4fd99f543ccfa18db,986e7d092e77d2e1d40b263c229617bfbdf48cb46a907ac4ba7e8daa231ea1ea,2c9e9ef62cd41426d6940b2a3965fc6daf2c1c16472141ee89ae54d1c617ef1c,9dfa4bc155dcee7c59e6444f09723f9a3bf07555990a568e5e09db0bd7648ce1,95.92399452128568,stable,within_run_target_critic,1ca515717de1ac0cf0fe05b3e302eba2918478bd603f89f38bdadff4e653a4b8,0.99,0.12581380208333334,0.16743977864583334,4096,4.891037101271484,2.489372441295418,267.31499859122357,265.7014422732413,255.61241599419935,253.61723427978427,255.69676643506682,253.67981464175682,True,0.0,0.0,5.023508965879295,2.527665411266353,-0.1324718646078109,0.9736296151738582,True,raw/walker2d-medium-replay-v2/walker2d-medium-replay-v2_tau14_mpi3_seed1.npz,293eb00e6be1a9ed8613c99a935b0b60b84318e4f9fd3c413ddbb6f35e9631f7
p3|walker2d-medium-replay-v2|14|1,p3,walker2d-medium-replay-v2,14.0,1,1000000,12ef85bc3dee01c09ab9932e9c4786404152eab387ce8be7fd91ec3bada16ce9,bfb1913c1c722a499eae6f15a61a3914f81aef2668afa39f2317764404983a96,05655dcab32886373c813de89cd6203457cf1e8ac89abd65fc6781fb93f18a55,e75de96a4f77acf7d4e0d6fdf0d7ccb177c26c44bb4388e4fd99f543ccfa18db,986e7d092e77d2e1d40b263c229617bfbdf48cb46a907ac4ba7e8daa231ea1ea,2c9e9ef62cd41426d6940b2a3965fc6daf2c1c16472141ee89ae54d1c617ef1c,9dfa4bc155dcee7c59e6444f09723f9a3bf07555990a568e5e09db0bd7648ce1,95.92399452128568,stable,common_td3_target_critic,27ac718f74b6ddcf8ab5331bead591b508fc71814e7e92ea90f3a3d0952c8372,0.99,0.12581380208333334,0.16743977864583334,4096,13.695693530350967,6.614922850022995,964.5143848942616,962.6464862334233,932.0736110447647,929.7524093755853,939.0330442261329,936.6873238342814,True,0.0,0.0,14.346340396918025,6.7763908187895145,-0.6506468665670582,0.9546471888603149,True,raw/walker2d-medium-replay-v2/walker2d-medium-replay-v2_tau14_mpi3_seed1.npz,293eb00e6be1a9ed8613c99a935b0b60b84318e4f9fd3c413ddbb6f35e9631f7
p4|walker2d-medium-replay-v2|14|1,p4,walker2d-medium-replay-v2,14.0,1,1000000,3f0d9bd9cee0254c0c4e095c65c97046e8fd607246c15d4ef97fb63dda2ca8a1,d05ce7d4718f90654335cf467744f69c9476af629b655d74ff876bc889daead0,b9ddc7396b07d0912c70fdb0114341bdd47fa0d08ce3ee6cdc60919976f2e512,e75de96a4f77acf7d4e0d6fdf0d7ccb177c26c44bb4388e4fd99f543ccfa18db,986e7d092e77d2e1d40b263c229617bfbdf48cb46a907ac4ba7e8daa231ea1ea,2c9e9ef62cd41426d6940b2a3965fc6daf2c1c16472141ee89ae54d1c617ef1c,9dfa4bc155dcee7c59e6444f09723f9a3bf07555990a568e5e09db0bd7648ce1,86.63461988350238,stable,within_run_target_critic,7b5e044315387ec3741c65d163e82ec1b33370244290a5cbb1f71be16e83786e,0.99,0.1240234375,0.16743977864583334,4096,4.926257351808917,2.4578308701446803,261.11257630152846,259.5911563238725,248.51885859641936,246.67257427744312,248.53423707281763,246.6672955263639,True,0.0,0.0,5.175118128314956,2.5199814207637976,-0.24886077650603955,0.9519120587519672,True,raw/walker2d-medium-replay-v2/walker2d-medium-replay-v2_tau14_mpi4_seed1.npz,134836c4dcdad4a781d99ec2e8538f8753da933bde28a05ea2265cb480bc56e6
p4|walker2d-medium-replay-v2|14|1,p4,walker2d-medium-replay-v2,14.0,1,1000000,3f0d9bd9cee0254c0c4e095c65c97046e8fd607246c15d4ef97fb63dda2ca8a1,d05ce7d4718f90654335cf467744f69c9476af629b655d74ff876bc889daead0,b9ddc7396b07d0912c70fdb0114341bdd47fa0d08ce3ee6cdc60919976f2e512,e75de96a4f77acf7d4e0d6fdf0d7ccb177c26c44bb4388e4fd99f543ccfa18db,986e7d092e77d2e1d40b263c229617bfbdf48cb46a907ac4ba7e8daa231ea1ea,2c9e9ef62cd41426d6940b2a3965fc6daf2c1c16472141ee89ae54d1c617ef1c,9dfa4bc155dcee7c59e6444f09723f9a3bf07555990a568e5e09db0bd7648ce1,86.63461988350238,stable,common_td3_target_critic,27ac718f74b6ddcf8ab5331bead591b508fc71814e7e92ea90f3a3d0952c8372,0.99,0.1240234375,0.16743977864583334,4096,13.454410502046416,6.3093294586177215,964.4786023788905,962.6464862334233,931.8739430733515,929.7524093755853,938.835559476749,936.6873238342814,True,0.0,0.0,13.988375426340024,6.475919182791112,-0.533964924293608,0.9618279529953024,True,raw/walker2d-medium-replay-v2/walker2d-medium-replay-v2_tau14_mpi4_seed1.npz,134836c4dcdad4a781d99ec2e8538f8753da933bde28a05ea2265cb480bc56e6
td3|walker2d-medium-replay-v2|20|0,td3,walker2d-medium-replay-v2,20.0,0,1000000,6695e141afb5b4ac8503d0ecb2564e5880824d01f94f2f9a16f4eec019d1a416,f690af126c6b8391fcb5eae41406a41325bf8895fe1331abefeb722c8df809b7,b8056bd4528e6d2decdf46e666c3df576d9c783f01230076763207113ac8f398,e75de96a4f77acf7d4e0d6fdf0d7ccb177c26c44bb4388e4fd99f543ccfa18db,986e7d092e77d2e1d40b263c229617bfbdf48cb46a907ac4ba7e8daa231ea1ea,2c9e9ef62cd41426d6940b2a3965fc6daf2c1c16472141ee89ae54d1c617ef1c,9dfa4bc155dcee7c59e6444f09723f9a3bf07555990a568e5e09db0bd7648ce1,26.98502663308171,stable,within_run_target_critic,a57c51f58af0ec2d27355de40028011a1695127c1a819ef3bea868e84239024e,0.99,0.16084798177083334,0.16743977864583334,4096,6.636053747554409,3.5696841790697365,348.5387597262132,346.0572176496878,338.4907110788933,335.5587398081799,339.4198130304576,336.459659478729,True,0.0,0.0,6.955089155123187,3.7206763138176755,-0.31903540756877824,0.9541292138097506,True,raw/walker2d-medium-replay-v2/walker2d-medium-replay-v2_tau20_seed0.npz,722f7d764d9b14e43b02e6da2ff4948f5a6ed46371d1afb59cedd467ec0e0aef
td3|walker2d-medium-replay-v2|20|0,td3,walker2d-medium-replay-v2,20.0,0,1000000,6695e141afb5b4ac8503d0ecb2564e5880824d01f94f2f9a16f4eec019d1a416,f690af126c6b8391fcb5eae41406a41325bf8895fe1331abefeb722c8df809b7,b8056bd4528e6d2decdf46e666c3df576d9c783f01230076763207113ac8f398,e75de96a4f77acf7d4e0d6fdf0d7ccb177c26c44bb4388e4fd99f543ccfa18db,986e7d092e77d2e1d40b263c229617bfbdf48cb46a907ac4ba7e8daa231ea1ea,2c9e9ef62cd41426d6940b2a3965fc6daf2c1c16472141ee89ae54d1c617ef1c,9dfa4bc155dcee7c59e6444f09723f9a3bf07555990a568e5e09db0bd7648ce1,26.98502663308171,stable,common_td3_target_critic,a57c51f58af0ec2d27355de40028011a1695127c1a819ef3bea868e84239024e,0.99,0.16084798177083334,0.16743977864583334,4096,6.636053747554409,3.5696841790697365,348.5387597262132,346.0572176496878,338.4907110788933,335.5587398081799,339.4198130304576,336.459659478729,True,0.0,0.0,6.955089155123187,3.7206763138176755,-0.31903540756877824,0.9541292138097506,True,raw/walker2d-medium-replay-v2/walker2d-medium-replay-v2_tau20_seed0.npz,722f7d764d9b14e43b02e6da2ff4948f5a6ed46371d1afb59cedd467ec0e0aef
p3|walker2d-medium-replay-v2|20|0,p3,walker2d-medium-replay-v2,20.0,0,1000000,bc37afca5ac6805743cd0c6f1992e2648a7c8226537e527aacdb3aa9f2f42d39,7c0ba094c98f508a65adee6b0bbdf1d327a546ef83c48ef8b3ebf3bba5a837cb,f551d3318b59836eebfcf09ddd66e5d020f2daaeb5822fde1a47b33f4131255d,e75de96a4f77acf7d4e0d6fdf0d7ccb177c26c44bb4388e4fd99f543ccfa18db,986e7d092e77d2e1d40b263c229617bfbdf48cb46a907ac4ba7e8daa231ea1ea,2c9e9ef62cd41426d6940b2a3965fc6daf2c1c16472141ee89ae54d1c617ef1c,9dfa4bc155dcee7c59e6444f09723f9a3bf07555990a568e5e09db0bd7648ce1,61.94040575648513,stable,within_run_target_critic,261288fb4327293a670d0ae0706f43c41481aafd3cdb60fd2182ab5b36367e41,0.99,0.13850911458333334,0.16743977864583334,4096,5.48690569227968,2.9056909752744833,301.3561681478103,299.2601967382146,287.98920879426885,285.54083673393103,288.40177654175204,285.92647755518556,True,0.0,0.0,5.711428529494679,2.9939429815552283,-0.224522837214999,0.9606888476227043,True,raw/walker2d-medium-replay-v2/walker2d-medium-replay-v2_tau20_mpi3_seed0.npz,9e5b533a4e36ec306efe9e8f0ae2708be9b314f40df19076125741610dc9a413
p3|walker2d-medium-replay-v2|20|0,p3,walker2d-medium-replay-v2,20.0,0,1000000,bc37afca5ac6805743cd0c6f1992e2648a7c8226537e527aacdb3aa9f2f42d39,7c0ba094c98f508a65adee6b0bbdf1d327a546ef83c48ef8b3ebf3bba5a837cb,f551d3318b59836eebfcf09ddd66e5d020f2daaeb5822fde1a47b33f4131255d,e75de96a4f77acf7d4e0d6fdf0d7ccb177c26c44bb4388e4fd99f543ccfa18db,986e7d092e77d2e1d40b263c229617bfbdf48cb46a907ac4ba7e8daa231ea1ea,2c9e9ef62cd41426d6940b2a3965fc6daf2c1c16472141ee89ae54d1c617ef1c,9dfa4bc155dcee7c59e6444f09723f9a3bf07555990a568e5e09db0bd7648ce1,61.94040575648513,stable,common_td3_target_critic,a57c51f58af0ec2d27355de40028011a1695127c1a819ef3bea868e84239024e,0.99,0.13850911458333334,0.16743977864583334,4096,4.182536660525223,2.0513895174374923,346.6018960104677,346.0572176496878,336.25768586967956,335.5587398081799,337.16410333609383,336.459659478729,True,0.0,0.0,4.320712058629788,2.0986692639390823,-0.1381753981045648,0.9680202253171243,True,raw/walker2d-medium-replay-v2/walker2d-medium-replay-v2_tau20_mpi3_seed0.npz,9e5b533a4e36ec306efe9e8f0ae2708be9b314f40df19076125741610dc9a413
p4|walker2d-medium-replay-v2|20|0,p4,walker2d-medium-replay-v2,20.0,0,1000000,df4cf95db73ed149cfc4420fe73968e03d0caf7fe86d5d91aef8f0a4c7d7dd65,67b88d2e6873bcae8d9b6d7c946648ea5b81fd0f34680eb593a3a9745b94fefa,4f3e04208d49a8d5b0cd59f0c8b69894040ed5c616cf1121d77ee863641cf826,e75de96a4f77acf7d4e0d6fdf0d7ccb177c26c44bb4388e4fd99f543ccfa18db,986e7d092e77d2e1d40b263c229617bfbdf48cb46a907ac4ba7e8daa231ea1ea,2c9e9ef62cd41426d6940b2a3965fc6daf2c1c16472141ee89ae54d1c617ef1c,9dfa4bc155dcee7c59e6444f09723f9a3bf07555990a568e5e09db0bd7648ce1,94.17676980142646,stable,within_run_target_critic,6b1116419be72922cb55958cebf79ee0ba885a7a53a85bd857cc7cab823be498,0.99,0.12516276041666666,0.16743977864583334,4096,4.845512084753941,2.3625407186019585,258.3630245763343,256.8765227978377,245.32594409145426,243.42940665708662,245.30799887425383,243.3900190977729,True,0.0,0.0,5.026570990146115,2.43027037334803,-0.18105890539217384,0.963979638256952,True,raw/walker2d-medium-replay-v2/walker2d-medium-replay-v2_tau20_mpi4_seed0.npz,8c6b5e5ca5a4d75e64eefc01454683ca70554d0b204ccf1e8f785359126929d9
p4|walker2d-medium-replay-v2|20|0,p4,walker2d-medium-replay-v2,20.0,0,1000000,df4cf95db73ed149cfc4420fe73968e03d0caf7fe86d5d91aef8f0a4c7d7dd65,67b88d2e6873bcae8d9b6d7c946648ea5b81fd0f34680eb593a3a9745b94fefa,4f3e04208d49a8d5b0cd59f0c8b69894040ed5c616cf1121d77ee863641cf826,e75de96a4f77acf7d4e0d6fdf0d7ccb177c26c44bb4388e4fd99f543ccfa18db,986e7d092e77d2e1d40b263c229617bfbdf48cb46a907ac4ba7e8daa231ea1ea,2c9e9ef62cd41426d6940b2a3965fc6daf2c1c16472141ee89ae54d1c617ef1c,9dfa4bc155dcee7c59e6444f09723f9a3bf07555990a568e5e09db0bd7648ce1,94.17676980142646,stable,common_td3_target_critic,a57c51f58af0ec2d27355de40028011a1695127c1a819ef3bea868e84239024e,0.99,0.12516276041666666,0.16743977864583334,4096,3.9763675869967625,1.935362581961526,346.718023089245,346.0572176496878,336.3427497609747,335.5587398081799,337.25028013743577,336.459659478729,True,0.0,0.0,4.078772440494927,1.9862442868208747,-0.10240485349816408,0.9748932172627561,True,raw/walker2d-medium-replay-v2/walker2d-medium-replay-v2_tau20_mpi4_seed0.npz,8c6b5e5ca5a4d75e64eefc01454683ca70554d0b204ccf1e8f785359126929d9
td3|walker2d-medium-replay-v2|20|1,td3,walker2d-medium-replay-v2,20.0,1,1000000,06d522b75e45e8749ed3a69dca34d375afb25cb8193c8b2c2309aa0838a62955,7452cfd087d66ed4b98a35ba8cbbe752f850ef221c9c3f18e419771bc88a791f,91a0db51ada3ec1c78de0a3342e7e5fca5edb101a579aecbfc91ca00f0bdf626,e75de96a4f77acf7d4e0d6fdf0d7ccb177c26c44bb4388e4fd99f543ccfa18db,986e7d092e77d2e1d40b263c229617bfbdf48cb46a907ac4ba7e8daa231ea1ea,2c9e9ef62cd41426d6940b2a3965fc6daf2c1c16472141ee89ae54d1c617ef1c,9dfa4bc155dcee7c59e6444f09723f9a3bf07555990a568e5e09db0bd7648ce1,5.107745145198323,collapsed,within_run_target_critic,73af4a50ef50a7dfddbd90fa846649a775b162c6121df89b90f816e053898653,0.99,0.157958984375,0.16743977864583334,4096,200.6032565881944,137.6812753168409,8776.294411738365,8649.352183063773,8576.040596998268,8441.23421479172,8660.179999168846,8524.022053897468,True,0.0,0.0,213.98114907027391,145.9394615082408,-13.377892482079517,0.9374809765243103,True,raw/walker2d-medium-replay-v2/walker2d-medium-replay-v2_tau20_seed1.npz,f49ed563735148f6857492c9c7afd9acb09eede6084afd9ed2285d75d8d1e6fe
td3|walker2d-medium-replay-v2|20|1,td3,walker2d-medium-replay-v2,20.0,1,1000000,06d522b75e45e8749ed3a69dca34d375afb25cb8193c8b2c2309aa0838a62955,7452cfd087d66ed4b98a35ba8cbbe752f850ef221c9c3f18e419771bc88a791f,91a0db51ada3ec1c78de0a3342e7e5fca5edb101a579aecbfc91ca00f0bdf626,e75de96a4f77acf7d4e0d6fdf0d7ccb177c26c44bb4388e4fd99f543ccfa18db,986e7d092e77d2e1d40b263c229617bfbdf48cb46a907ac4ba7e8daa231ea1ea,2c9e9ef62cd41426d6940b2a3965fc6daf2c1c16472141ee89ae54d1c617ef1c,9dfa4bc155dcee7c59e6444f09723f9a3bf07555990a568e5e09db0bd7648ce1,5.107745145198323,collapsed,common_td3_target_critic,73af4a50ef50a7dfddbd90fa846649a775b162c6121df89b90f816e053898653,0.99,0.157958984375,0.16743977864583334,4096,200.6032565881944,137.6812753168409,8776.294411738365,8649.352183063773,8576.040596998268,8441.23421479172,8660.179999168846,8524.022053897468,True,0.0,0.0,213.98114907027391,145.9394615082408,-13.377892482079517,0.9374809765243103,True,raw/walker2d-medium-replay-v2/walker2d-medium-replay-v2_tau20_seed1.npz,f49ed563735148f6857492c9c7afd9acb09eede6084afd9ed2285d75d8d1e6fe
p3|walker2d-medium-replay-v2|20|1,p3,walker2d-medium-replay-v2,20.0,1,1000000,2138159a75d2f0e148ec8fb846734729638c69ce2a8e9641dca84a5384cd9c6f,94497e2bd3727163c3a391aa5ec6c4f154cc2e5b915cc339f867171802367acc,da1b3964fe8571bc2187278bbf6781a0eb3854240b5c17135d8db4fd6788c69a,e75de96a4f77acf7d4e0d6fdf0d7ccb177c26c44bb4388e4fd99f543ccfa18db,986e7d092e77d2e1d40b263c229617bfbdf48cb46a907ac4ba7e8daa231ea1ea,2c9e9ef62cd41426d6940b2a3965fc6daf2c1c16472141ee89ae54d1c617ef1c,9dfa4bc155dcee7c59e6444f09723f9a3bf07555990a568e5e09db0bd7648ce1,96.94570758907174,stable,within_run_target_critic,67a6eafac67bc89c64b5c1a1103822bc1e92429be06be72e4435f9e012b239f3,0.99,0.12890625,0.16743977864583334,4096,4.935094319208132,2.4936466352143905,274.80600821514525,273.1645524979522,262.86047768084563,260.8872777912981,263.01449264166877,261.0229117393319,True,0.0,0.0,5.182358437167542,2.5959604142687747,-0.24726411795940972,0.9522873377136465,True,raw/walker2d-medium-replay-v2/walker2d-medium-replay-v2_tau20_mpi3_seed1.npz,9e19a38806be0b85a75dcbff8371d1f4e4257aaa0d4b8722a93b7dd92ff38fbc
p3|walker2d-medium-replay-v2|20|1,p3,walker2d-medium-replay-v2,20.0,1,1000000,2138159a75d2f0e148ec8fb846734729638c69ce2a8e9641dca84a5384cd9c6f,94497e2bd3727163c3a391aa5ec6c4f154cc2e5b915cc339f867171802367acc,da1b3964fe8571bc2187278bbf6781a0eb3854240b5c17135d8db4fd6788c69a,e75de96a4f77acf7d4e0d6fdf0d7ccb177c26c44bb4388e4fd99f543ccfa18db,986e7d092e77d2e1d40b263c229617bfbdf48cb46a907ac4ba7e8daa231ea1ea,2c9e9ef62cd41426d6940b2a3965fc6daf2c1c16472141ee89ae54d1c617ef1c,9dfa4bc155dcee7c59e6444f09723f9a3bf07555990a568e5e09db0bd7648ce1,96.94570758907174,stable,common_td3_target_critic,73af4a50ef50a7dfddbd90fa846649a775b162c6121df89b90f816e053898653,0.99,0.12890625,0.16743977864583334,4096,97.24173979028319,45.57568528762262,8661.956561274352,8649.352183063773,8456.139201906593,8441.23421479172,8539.078493267385,8524.022053897468,True,0.0,0.0,102.80049062981378,46.92383118912578,-5.558750839530589,0.9459268063267544,True,raw/walker2d-medium-replay-v2/walker2d-medium-replay-v2_tau20_mpi3_seed1.npz,9e19a38806be0b85a75dcbff8371d1f4e4257aaa0d4b8722a93b7dd92ff38fbc
p4|walker2d-medium-replay-v2|20|1,p4,walker2d-medium-replay-v2,20.0,1,1000000,5ce5311ab3dbba54c22bff6fb8eeab7cb8f3f11a6ddaf8de611efcfe35195a39,cf94e8d48b118318923880ded5363fe805f8128fc9a400307e2353a3cd8d935b,7b2cce1318f96524ce782927c8bcf7e973c1fd46ae603090193bcbf69b01a89d,e75de96a4f77acf7d4e0d6fdf0d7ccb177c26c44bb4388e4fd99f543ccfa18db,986e7d092e77d2e1d40b263c229617bfbdf48cb46a907ac4ba7e8daa231ea1ea,2c9e9ef62cd41426d6940b2a3965fc6daf2c1c16472141ee89ae54d1c617ef1c,9dfa4bc155dcee7c59e6444f09723f9a3bf07555990a568e5e09db0bd7648ce1,5.306486373554383,collapsed,within_run_target_critic,06ee55a57ffacc5b09e22b01ddb4e7e59fe5e68099d984d779c4108c4a56aa21,0.99,0.12398274739583333,0.16743977864583334,4096,5.128218362277533,2.6927051768428645,281.87221508746006,280.02327104046503,270.1712768986974,267.9337181792546,270.40366825228557,268.1412476922851,True,0.0,0.0,5.3535665377321715,2.784184416057542,-0.2253481754546387,0.9579069067571356,True,raw/walker2d-medium-replay-v2/walker2d-medium-replay-v2_tau20_mpi4_seed1.npz,ba0eb17ff4ceeac6961dc7af81ddc7059d329e27ce6162f4a4aa02846a2ddc9e
p4|walker2d-medium-replay-v2|20|1,p4,walker2d-medium-replay-v2,20.0,1,1000000,5ce5311ab3dbba54c22bff6fb8eeab7cb8f3f11a6ddaf8de611efcfe35195a39,cf94e8d48b118318923880ded5363fe805f8128fc9a400307e2353a3cd8d935b,7b2cce1318f96524ce782927c8bcf7e973c1fd46ae603090193bcbf69b01a89d,e75de96a4f77acf7d4e0d6fdf0d7ccb177c26c44bb4388e4fd99f543ccfa18db,986e7d092e77d2e1d40b263c229617bfbdf48cb46a907ac4ba7e8daa231ea1ea,2c9e9ef62cd41426d6940b2a3965fc6daf2c1c16472141ee89ae54d1c617ef1c,9dfa4bc155dcee7c59e6444f09723f9a3bf07555990a568e5e09db0bd7648ce1,5.306486373554383,collapsed,common_td3_target_critic,73af4a50ef50a7dfddbd90fa846649a775b162c6121df89b90f816e053898653,0.99,0.12398274739583333,0.16743977864583334,4096,88.64143402879131,43.39688827014267,8661.672440191218,8649.352183063773,8455.522977881496,8441.23421479172,8538.456659428775,8524.022053897468,True,0.0,0.0,92.79071384210134,44.91507485345006,-4.149279813310031,0.95528345842483,True,raw/walker2d-medium-replay-v2/walker2d-medium-replay-v2_tau20_mpi4_seed1.npz,ba0eb17ff4ceeac6961dc7af81ddc7059d329e27ce6162f4a4aa02846a2ddc9e
td3|walker2d-expert-v2|4|0,td3,walker2d-expert-v2,4.0,0,1000000,107b9aef8e7fa7a8cc6cc12251aef76189f44bb54af93131d0cc3c3116bc56ce,274c6535f066870b576e85ba81a8decd1aaa9151eeef130601e47a38385e36a0,0cf02f2500a3cb98b3a6971ee978dc4119cfdbf1bb26360f2d80e058fbecb358,2985dc3d436a8baa10e8f43f946fe1d7c6337a4e4fbc65def70618093b18c59a,0699fe5c545b08ce27c2de98745e70add2e8b387a7011051b2b5b2a7ac984c3a,59f7852fcb79d5388880a17eb8817f4ca205c0d603717863f6027c77c4335998,7c1f612c367a4c80c4b8d0e7bf4fcf44dc198f34b6d326bbf482dfb578edbcaf,-0.08403109411410081,collapsed,within_run_target_critic,746c06606e8080b25a39e1f346981c5a449e4159c4433c0df85184eeebe219b2,0.99,0.3804117838541667,0.16971842447916666,4096,764339851828.7695,581941644901.0636,2800084112377.498,2135860835504.8176,2225226029711.0176,1643308064062.3516,2247703060310.403,1659907135412.7603,True,0.0,0.0,838619417543.927,649887451321.7689,-74279565715.15747,0.9114263703400753,True,raw/walker2d-expert-v2/walker2d-expert-v2_tau4_seed0.npz,5e5394fd1b01a8dc3ec8d33c77a02158f61e2dee0ce2e9a8e92f7a6e1088cd47
td3|walker2d-expert-v2|4|0,td3,walker2d-expert-v2,4.0,0,1000000,107b9aef8e7fa7a8cc6cc12251aef76189f44bb54af93131d0cc3c3116bc56ce,274c6535f066870b576e85ba81a8decd1aaa9151eeef130601e47a38385e36a0,0cf02f2500a3cb98b3a6971ee978dc4119cfdbf1bb26360f2d80e058fbecb358,2985dc3d436a8baa10e8f43f946fe1d7c6337a4e4fbc65def70618093b18c59a,0699fe5c545b08ce27c2de98745e70add2e8b387a7011051b2b5b2a7ac984c3a,59f7852fcb79d5388880a17eb8817f4ca205c0d603717863f6027c77c4335998,7c1f612c367a4c80c4b8d0e7bf4fcf44dc198f34b6d326bbf482dfb578edbcaf,-0.08403109411410081,collapsed,common_td3_target_critic,746c06606e8080b25a39e1f346981c5a449e4159c4433c0df85184eeebe219b2,0.99,0.3804117838541667,0.16971842447916666,4096,764339851828.7695,581941644901.0636,2800084112377.498,2135860835504.8176,2225226029711.0176,1643308064062.3516,2247703060310.403,1659907135412.7603,True,0.0,0.0,838619417543.927,649887451321.7689,-74279565715.15747,0.9114263703400753,True,raw/walker2d-expert-v2/walker2d-expert-v2_tau4_seed0.npz,5e5394fd1b01a8dc3ec8d33c77a02158f61e2dee0ce2e9a8e92f7a6e1088cd47
p3|walker2d-expert-v2|4|0,p3,walker2d-expert-v2,4.0,0,1000000,22805166d4bb4503c55e8cc462a06b8143db173405aa6116359a8dd6cfb25e79,2968aa7953b881107c7a01689c362e315e851af9218e04a487f0c3e8bb6f9d18,cafaca55df3d467122aae00f38f3ef68f9d62dfd68092983c9fbad125f485b00,2985dc3d436a8baa10e8f43f946fe1d7c6337a4e4fbc65def70618093b18c59a,0699fe5c545b08ce27c2de98745e70add2e8b387a7011051b2b5b2a7ac984c3a,59f7852fcb79d5388880a17eb8817f4ca205c0d603717863f6027c77c4335998,7c1f612c367a4c80c4b8d0e7bf4fcf44dc198f34b6d326bbf482dfb578edbcaf,112.07395715824704,stable,within_run_target_critic,d644a2e511c7039cf5cfbaf04c5e8174f628a6ce25742cbd1a750a4edb1bc0ee,0.99,0.15889485677083334,0.16971842447916666,4096,0.4822372873800705,0.2973559074103832,495.8665667195592,495.72610913825673,494.1259216139769,493.9833779802477,494.1470186635852,494.00303519517183,True,0.0,0.0,0.4938816251194222,0.3061038288474083,-0.011644337739351696,0.9764228164258266,True,raw/walker2d-expert-v2/walker2d-expert-v2_tau4_mpi3_seed0.npz,9ffcddc6d467afac2e4fdf9e1449f609e48a1971bfa1363a0eb98887e87fd0a6
p3|walker2d-expert-v2|4|0,p3,walker2d-expert-v2,4.0,0,1000000,22805166d4bb4503c55e8cc462a06b8143db173405aa6116359a8dd6cfb25e79,2968aa7953b881107c7a01689c362e315e851af9218e04a487f0c3e8bb6f9d18,cafaca55df3d467122aae00f38f3ef68f9d62dfd68092983c9fbad125f485b00,2985dc3d436a8baa10e8f43f946fe1d7c6337a4e4fbc65def70618093b18c59a,0699fe5c545b08ce27c2de98745e70add2e8b387a7011051b2b5b2a7ac984c3a,59f7852fcb79d5388880a17eb8817f4ca205c0d603717863f6027c77c4335998,7c1f612c367a4c80c4b8d0e7bf4fcf44dc198f34b6d326bbf482dfb578edbcaf,112.07395715824704,stable,common_td3_target_critic,746c06606e8080b25a39e1f346981c5a449e4159c4433c0df85184eeebe219b2,0.99,0.15889485677083334,0.16971842447916666,4096,89124059050.36275,56538868987.306,2139533245165.9626,2135860835504.8176,1646701610352.5823,1643308064062.3516,1663334959948.3496,1659907135412.7603,True,0.0,0.0,91270583744.6956,58236558347.79102,-2146524694.3328552,0.9764817468425844,True,raw/walker2d-expert-v2/walker2d-expert-v2_tau4_mpi3_seed0.npz,9ffcddc6d467afac2e4fdf9e1449f609e48a1971bfa1363a0eb98887e87fd0a6
p4|walker2d-expert-v2|4|0,p4,walker2d-expert-v2,4.0,0,1000000,a3b8713eecfb4504aeb210244de0f97f1118ee83089fb609b9388b6aa813e67c,6130bab0124c42a4bb2b0f8af7921f7f8ce5e536ac1582d3b7b7193241803f2e,d1624b24fab8e46e79612241f59d2641eadab51b51f468eb4100eecaee973c7a,2985dc3d436a8baa10e8f43f946fe1d7c6337a4e4fbc65def70618093b18c59a,0699fe5c545b08ce27c2de98745e70add2e8b387a7011051b2b5b2a7ac984c3a,59f7852fcb79d5388880a17eb8817f4ca205c0d603717863f6027c77c4335998,7c1f612c367a4c80c4b8d0e7bf4fcf44dc198f34b6d326bbf482dfb578edbcaf,112.60382204132623,stable,within_run_target_critic,065ea8fd8f8156421509d8407bbf73664443a513ff4c7dc19f9c21568db002c6,0.99,0.15706380208333334,0.16971842447916666,4096,0.530148130240004,0.3370386070758104,491.30470866061415,491.15968872945695,489.5223436060851,489.37602452109803,489.4969398677349,489.34914281219244,True,0.0,0.0,0.5228392326351572,0.334023238196969,0.007308897604846765,1.0139792447632694,True,raw/walker2d-expert-v2/walker2d-expert-v2_tau4_mpi4_seed0.npz,7239c15c1210955ed05f30a03a9f9f7ce9da95fb0d9d03d94dff617b96f671ae
p4|walker2d-expert-v2|4|0,p4,walker2d-expert-v2,4.0,0,1000000,a3b8713eecfb4504aeb210244de0f97f1118ee83089fb609b9388b6aa813e67c,6130bab0124c42a4bb2b0f8af7921f7f8ce5e536ac1582d3b7b7193241803f2e,d1624b24fab8e46e79612241f59d2641eadab51b51f468eb4100eecaee973c7a,2985dc3d436a8baa10e8f43f946fe1d7c6337a4e4fbc65def70618093b18c59a,0699fe5c545b08ce27c2de98745e70add2e8b387a7011051b2b5b2a7ac984c3a,59f7852fcb79d5388880a17eb8817f4ca205c0d603717863f6027c77c4335998,7c1f612c367a4c80c4b8d0e7bf4fcf44dc198f34b6d326bbf482dfb578edbcaf,112.60382204132623,stable,common_td3_target_critic,746c06606e8080b25a39e1f346981c5a449e4159c4433c0df85184eeebe219b2,0.99,0.15706380208333334,0.16971842447916666,4096,88930246197.10016,56444693858.5556,2139314300014.2085,2135860835504.8176,1646582143370.1016,1643308064062.3516,1663214286228.6772,1659907135412.7603,True,0.0,0.0,91253006668.81172,58248576546.39397,-2322760471.711563,0.9745459294273815,True,raw/walker2d-expert-v2/walker2d-expert-v2_tau4_mpi4_seed0.npz,7239c15c1210955ed05f30a03a9f9f7ce9da95fb0d9d03d94dff617b96f671ae
td3|walker2d-expert-v2|4|1,td3,walker2d-expert-v2,4.0,1,1000000,ea78392606877dcac6f19404a70f88cb77c96405294b4c600511fdc3d3da79c8,1f36c292ecf4ad5b1294659c28a1b76e111f83d74e6f1888e7539eca7769e22a,37344dc29a9acc9fb131786413f0ac94a82d2088b37cfee83a5410d6862ddc67,2985dc3d436a8baa10e8f43f946fe1d7c6337a4e4fbc65def70618093b18c59a,0699fe5c545b08ce27c2de98745e70add2e8b387a7011051b2b5b2a7ac984c3a,59f7852fcb79d5388880a17eb8817f4ca205c0d603717863f6027c77c4335998,7c1f612c367a4c80c4b8d0e7bf4fcf44dc198f34b6d326bbf482dfb578edbcaf,3.7225039337282486,collapsed,within_run_target_critic,115f4f511c69cb5d7a74c8f495b2e1e9a48182cd796bd46765628cf768fe58d9,0.99,0.3642171223958333,0.16971842447916666,4096,583524076613.3818,435656764574.7824,2292905122574.741,1785010727315.4617,1814853337398.5867,1379241683833.4795,1833185189286.7422,1393173418009.0234,True,0.0,0.0,640009371318.8286,487314103101.69366,-56485294705.44678,0.9117430193419653,True,raw/walker2d-expert-v2/walker2d-expert-v2_tau4_seed1.npz,bc9042cb5c3c61224cbaf2363ec46efc02d1b6ac5d95bcdaadc559442f60830e
td3|walker2d-expert-v2|4|1,td3,walker2d-expert-v2,4.0,1,1000000,ea78392606877dcac6f19404a70f88cb77c96405294b4c600511fdc3d3da79c8,1f36c292ecf4ad5b1294659c28a1b76e111f83d74e6f1888e7539eca7769e22a,37344dc29a9acc9fb131786413f0ac94a82d2088b37cfee83a5410d6862ddc67,2985dc3d436a8baa10e8f43f946fe1d7c6337a4e4fbc65def70618093b18c59a,0699fe5c545b08ce27c2de98745e70add2e8b387a7011051b2b5b2a7ac984c3a,59f7852fcb79d5388880a17eb8817f4ca205c0d603717863f6027c77c4335998,7c1f612c367a4c80c4b8d0e7bf4fcf44dc198f34b6d326bbf482dfb578edbcaf,3.7225039337282486,collapsed,common_td3_target_critic,115f4f511c69cb5d7a74c8f495b2e1e9a48182cd796bd46765628cf768fe58d9,0.99,0.3642171223958333,0.16971842447916666,4096,583524076613.3818,435656764574.7824,2292905122574.741,1785010727315.4617,1814853337398.5867,1379241683833.4795,1833185189286.7422,1393173418009.0234,True,0.0,0.0,640009371318.8286,487314103101.69366,-56485294705.44678,0.9117430193419653,True,raw/walker2d-expert-v2/walker2d-expert-v2_tau4_seed1.npz,bc9042cb5c3c61224cbaf2363ec46efc02d1b6ac5d95bcdaadc559442f60830e
p3|walker2d-expert-v2|4|1,p3,walker2d-expert-v2,4.0,1,1000000,4af889c06ce049f7a9b8c33f75032016381f776334184966d8f9b89613a6e114,1646bcbf241ce9fcba7a25db639e7387e481fb3d0198d977c957c8cd3e28614e,bba19eef60f6d0ebc2ffb1668f33d344e73d18f0a2cb89be61e518ab8f1b433f,2985dc3d436a8baa10e8f43f946fe1d7c6337a4e4fbc65def70618093b18c59a,0699fe5c545b08ce27c2de98745e70add2e8b387a7011051b2b5b2a7ac984c3a,59f7852fcb79d5388880a17eb8817f4ca205c0d603717863f6027c77c4335998,7c1f612c367a4c80c4b8d0e7bf4fcf44dc198f34b6d326bbf482dfb578edbcaf,112.01993574860371,stable,within_run_target_critic,7402a030ea32a5052be5440b3533edebfe6dc5ee97f33ff8f19713f3417d100e,0.99,0.15861002604166666,0.16971842447916666,4096,0.49549900259958973,0.31774252250790597,495.63390083741524,495.4827961484691,493.8849554369157,493.7328731370276,493.9036184847355,493.75,True,0.0,0.0,0.5063670425861995,0.3261222007870674,-0.010868039986609734,0.9785372287834874,True,raw/walker2d-expert-v2/walker2d-expert-v2_tau4_mpi3_seed1.npz,967f418f273b8c1ebfae6512e22f831901a5411dcccdf78836adc76392644a4f
p3|walker2d-expert-v2|4|1,p3,walker2d-expert-v2,4.0,1,1000000,4af889c06ce049f7a9b8c33f75032016381f776334184966d8f9b89613a6e114,1646bcbf241ce9fcba7a25db639e7387e481fb3d0198d977c957c8cd3e28614e,bba19eef60f6d0ebc2ffb1668f33d344e73d18f0a2cb89be61e518ab8f1b433f,2985dc3d436a8baa10e8f43f946fe1d7c6337a4e4fbc65def70618093b18c59a,0699fe5c545b08ce27c2de98745e70add2e8b387a7011051b2b5b2a7ac984c3a,59f7852fcb79d5388880a17eb8817f4ca205c0d603717863f6027c77c4335998,7c1f612c367a4c80c4b8d0e7bf4fcf44dc198f34b6d326bbf482dfb578edbcaf,112.01993574860371,stable,common_td3_target_critic,115f4f511c69cb5d7a74c8f495b2e1e9a48182cd796bd46765628cf768fe58d9,0.99,0.15861002604166666,0.16971842447916666,4096,74649764771.78079,47523192530.622154,1789062708232.4084,1785010727315.4617,1382760702062.781,1379241683833.4795,1396727981876.9282,1393173418009.0234,True,0.0,0.0,76372198356.59618,48929046418.17697,-1722433584.815384,0.9774468507928367,True,raw/walker2d-expert-v2/walker2d-expert-v2_tau4_mpi3_seed1.npz,967f418f273b8c1ebfae6512e22f831901a5411dcccdf78836adc76392644a4f
p4|walker2d-expert-v2|4|1,p4,walker2d-expert-v2,4.0,1,1000000,c1dbbbf89ebf0ad45cecb6498163e051144476a827a59df21ba4893190dcd693,29bc23fb19f137db0a82ab6ffc41617349e4d690fc41914b0a3442e15ded5ec4,8c407fd4fb5f9a83cfdb484149d253a6ad49688fd666bc336c5763c47ae3a3cf,2985dc3d436a8baa10e8f43f946fe1d7c6337a4e4fbc65def70618093b18c59a,0699fe5c545b08ce27c2de98745e70add2e8b387a7011051b2b5b2a7ac984c3a,59f7852fcb79d5388880a17eb8817f4ca205c0d603717863f6027c77c4335998,7c1f612c367a4c80c4b8d0e7bf4fcf44dc198f34b6d326bbf482dfb578edbcaf,112.07508823151767,stable,within_run_target_critic,d1c3c4a93a4bf89a40b9b4b043861fc873e4f23922b3c0519c1eb8f7208388f4,0.99,0.15718587239583334,0.16971842447916666,4096,0.5107953707516715,0.32844986870884896,492.0034091213678,491.8601064893146,490.2126010959154,490.0682255402511,490.19416965544224,490.04833576083183,True,0.0,0.0,0.5205731071833529,0.3344377514719963,-0.00977773643168145,0.9812173616025125,True,raw/walker2d-expert-v2/walker2d-expert-v2_tau4_mpi4_seed1.npz,7c454bd10e0f3e34a4903769be3af8e4b952897b720482e8585741ff61b6b672
p4|walker2d-expert-v2|4|1,p4,walker2d-expert-v2,4.0,1,1000000,c1dbbbf89ebf0ad45cecb6498163e051144476a827a59df21ba4893190dcd693,29bc23fb19f137db0a82ab6ffc41617349e4d690fc41914b0a3442e15ded5ec4,8c407fd4fb5f9a83cfdb484149d253a6ad49688fd666bc336c5763c47ae3a3cf,2985dc3d436a8baa10e8f43f946fe1d7c6337a4e4fbc65def70618093b18c59a,0699fe5c545b08ce27c2de98745e70add2e8b387a7011051b2b5b2a7ac984c3a,59f7852fcb79d5388880a17eb8817f4ca205c0d603717863f6027c77c4335998,7c1f612c367a4c80c4b8d0e7bf4fcf44dc198f34b6d326bbf482dfb578edbcaf,112.07508823151767,stable,common_td3_target_critic,115f4f511c69cb5d7a74c8f495b2e1e9a48182cd796bd46765628cf768fe58d9,0.99,0.15718587239583334,0.16971842447916666,4096,74530103822.70233,47472802853.9989,1788497537328.1155,1785010727315.4617,1382363236647.7388,1379241683833.4795,1396326501659.7139,1393173418009.0234,True,0.0,0.0,76342821595.81459,48946051972.58674,-1812717773.112259,0.9762555570357431,True,raw/walker2d-expert-v2/walker2d-expert-v2_tau4_mpi4_seed1.npz,7c454bd10e0f3e34a4903769be3af8e4b952897b720482e8585741ff61b6b672
td3|walker2d-expert-v2|7|0,td3,walker2d-expert-v2,7.0,0,1000000,3b6297cfef8615e0ea1a51340b12cf2e070e2c54f7fcfeb75880c8f52efef73d,41c83c5dbf7657f1d59378027ff7d51f8406317a5fb5b4f55f0267182d865f48,54a2189d2d5961bc7b9a5851e3282ae00d649486dda72e19f5a6500ae5c45a1a,2985dc3d436a8baa10e8f43f946fe1d7c6337a4e4fbc65def70618093b18c59a,0699fe5c545b08ce27c2de98745e70add2e8b387a7011051b2b5b2a7ac984c3a,59f7852fcb79d5388880a17eb8817f4ca205c0d603717863f6027c77c4335998,7c1f612c367a4c80c4b8d0e7bf4fcf44dc198f34b6d326bbf482dfb578edbcaf,-0.26734762153793246,collapsed,within_run_target_critic,77f1d97642c44ca658a445d70a5fb78e803ba87c59ef5ce98fb62710be492098,0.99,0.4134928385416667,0.16971842447916666,4096,823304369032.4908,625842381565.9058,3051338152229.7983,2326285816914.417,2407588979137.825,1781908386391.7124,2431908059730.792,1799907460997.3813,True,0.0,0.0,902199221235.1346,697413643591.5781,-78894852202.6438,0.912552737415762,True,raw/walker2d-expert-v2/walker2d-expert-v2_tau7_seed0.npz,4bac8996841ec24fb6253fe06147ddc5b66e34300d3653635738356feff21b01
td3|walker2d-expert-v2|7|0,td3,walker2d-expert-v2,7.0,0,1000000,3b6297cfef8615e0ea1a51340b12cf2e070e2c54f7fcfeb75880c8f52efef73d,41c83c5dbf7657f1d59378027ff7d51f8406317a5fb5b4f55f0267182d865f48,54a2189d2d5961bc7b9a5851e3282ae00d649486dda72e19f5a6500ae5c45a1a,2985dc3d436a8baa10e8f43f946fe1d7c6337a4e4fbc65def70618093b18c59a,0699fe5c545b08ce27c2de98745e70add2e8b387a7011051b2b5b2a7ac984c3a,59f7852fcb79d5388880a17eb8817f4ca205c0d603717863f6027c77c4335998,7c1f612c367a4c80c4b8d0e7bf4fcf44dc198f34b6d326bbf482dfb578edbcaf,-0.26734762153793246,collapsed,common_td3_target_critic,77f1d97642c44ca658a445d70a5fb78e803ba87c59ef5ce98fb62710be492098,0.99,0.4134928385416667,0.16971842447916666,4096,823304369032.4908,625842381565.9058,3051338152229.7983,2326285816914.417,2407588979137.825,1781908386391.7124,2431908059730.792,1799907460997.3813,True,0.0,0.0,902199221235.1346,697413643591.5781,-78894852202.6438,0.912552737415762,True,raw/walker2d-expert-v2/walker2d-expert-v2_tau7_seed0.npz,4bac8996841ec24fb6253fe06147ddc5b66e34300d3653635738356feff21b01
p3|walker2d-expert-v2|7|0,p3,walker2d-expert-v2,7.0,0,1000000,d4eb17bcdfc1f6b460e0b9fdeb085e43f1885fc0fe9540483c378832e36f1217,9d3a359728b1d577c44f7c79cf4215c9661383d2bda34fe3fc5c391239d3219d,315c80d4df1022464b12ee7dcba7441aee4b3f0a7e9ea923498b2521a9391614,2985dc3d436a8baa10e8f43f946fe1d7c6337a4e4fbc65def70618093b18c59a,0699fe5c545b08ce27c2de98745e70add2e8b387a7011051b2b5b2a7ac984c3a,59f7852fcb79d5388880a17eb8817f4ca205c0d603717863f6027c77c4335998,7c1f612c367a4c80c4b8d0e7bf4fcf44dc198f34b6d326bbf482dfb578edbcaf,5.323446971835271,collapsed,within_run_target_critic,0eb061afe952ee26dab550a850ad921b68921bcc3fce870fe89b0df44b2af5be,0.99,0.19014485677083334,0.16971842447916666,4096,129486915.20047797,78256697.371875,5621205991.435552,5541631032.537569,5523881831.295373,5446629618.613499,5579678612.5,5501646074.4375,True,0.0,0.0,142677048.30339572,87435092.68312499,-13190133.102917746,0.9075525232701087,True,raw/walker2d-expert-v2/walker2d-expert-v2_tau7_mpi3_seed0.npz,0228d9991f23e422a8c4666c243cb529bf8a66abc2284de4076bab063af43f76
p3|walker2d-expert-v2|7|0,p3,walker2d-expert-v2,7.0,0,1000000,d4eb17bcdfc1f6b460e0b9fdeb085e43f1885fc0fe9540483c378832e36f1217,9d3a359728b1d577c44f7c79cf4215c9661383d2bda34fe3fc5c391239d3219d,315c80d4df1022464b12ee7dcba7441aee4b3f0a7e9ea923498b2521a9391614,2985dc3d436a8baa10e8f43f946fe1d7c6337a4e4fbc65def70618093b18c59a,0699fe5c545b08ce27c2de98745e70add2e8b387a7011051b2b5b2a7ac984c3a,59f7852fcb79d5388880a17eb8817f4ca205c0d603717863f6027c77c4335998,7c1f612c367a4c80c4b8d0e7bf4fcf44dc198f34b6d326bbf482dfb578edbcaf,5.323446971835271,collapsed,common_td3_target_critic,77f1d97642c44ca658a445d70a5fb78e803ba87c59ef5ce98fb62710be492098,0.99,0.19014485677083334,0.16971842447916666,4096,147624157923.1529,97686245286.8953,2416985051580.262,2326285816914.417,1861114467890.4824,1781908386391.7124,1879913603925.2915,1799907460997.3813,True,0.0,0.0,155260759187.58707,103584505764.86868,-7636601264.434174,0.9508143506163873,True,raw/walker2d-expert-v2/walker2d-expert-v2_tau7_mpi3_seed0.npz,0228d9991f23e422a8c4666c243cb529bf8a66abc2284de4076bab063af43f76
p4|walker2d-expert-v2|7|0,p4,walker2d-expert-v2,7.0,0,1000000,f954696c81cf71340de196285271e7c7d4beb03e2f9cc2462eac9ae071e28f58,1705c88d60f45afa4de5a9c13e822ac597d4f941b1472a15213ed778bde2847f,2c30426e48724a5395da513e0c1d3aaadecdbd475baa6810eb010e0aa90c3415,2985dc3d436a8baa10e8f43f946fe1d7c6337a4e4fbc65def70618093b18c59a,0699fe5c545b08ce27c2de98745e70add2e8b387a7011051b2b5b2a7ac984c3a,59f7852fcb79d5388880a17eb8817f4ca205c0d603717863f6027c77c4335998,7c1f612c367a4c80c4b8d0e7bf4fcf44dc198f34b6d326bbf482dfb578edbcaf,113.27529659433768,stable,within_run_target_critic,cec8c78b89b8b4b2b018f4e372d71b850f5138eb25373998b149083743f7c96d,0.99,0.15974934895833334,0.16971842447916666,4096,0.47971673187511904,0.3024192803353071,498.3905682146195,498.2295232792354,496.67209118369277,496.5089453838324,496.7189071178436,496.55411338061094,True,0.0,0.0,0.48798294995918085,0.30852980509400363,-0.008266218084061805,0.9830604366715,True,raw/walker2d-expert-v2/walker2d-expert-v2_tau7_mpi4_seed0.npz,9a4b78c47a96755a4fd4887515c6277000f46dd0984690f43090e6f20fd9cf2a
p4|walker2d-expert-v2|7|0,p4,walker2d-expert-v2,7.0,0,1000000,f954696c81cf71340de196285271e7c7d4beb03e2f9cc2462eac9ae071e28f58,1705c88d60f45afa4de5a9c13e822ac597d4f941b1472a15213ed778bde2847f,2c30426e48724a5395da513e0c1d3aaadecdbd475baa6810eb010e0aa90c3415,2985dc3d436a8baa10e8f43f946fe1d7c6337a4e4fbc65def70618093b18c59a,0699fe5c545b08ce27c2de98745e70add2e8b387a7011051b2b5b2a7ac984c3a,59f7852fcb79d5388880a17eb8817f4ca205c0d603717863f6027c77c4335998,7c1f612c367a4c80c4b8d0e7bf4fcf44dc198f34b6d326bbf482dfb578edbcaf,113.27529659433768,stable,common_td3_target_critic,77f1d97642c44ca658a445d70a5fb78e803ba87c59ef5ce98fb62710be492098,0.99,0.15974934895833334,0.16971842447916666,4096,95978304797.37924,60672395298.31966,2331989698812.901,2326285816914.417,1786749645139.0806,1781908386391.7124,1804797621348.2092,1799907460997.3813,True,0.0,0.0,98429177936.09251,62423877769.569016,-2450873138.713272,0.9751001360561544,True,raw/walker2d-expert-v2/walker2d-expert-v2_tau7_mpi4_seed0.npz,9a4b78c47a96755a4fd4887515c6277000f46dd0984690f43090e6f20fd9cf2a
td3|walker2d-expert-v2|7|1,td3,walker2d-expert-v2,7.0,1,1000000,171dd76dbe4f6a9b95101a68fa089c59747f35c5c9c3d932f2df308e6b0fd0e6,44d0f5090710427643a8320a7fe429abd0b015fb7a1ff3411bcba9673f81ab42,2fe2d1a545c6dcfd487589761baf05b18293e0bed1c8361b29e72e019e312aca,2985dc3d436a8baa10e8f43f946fe1d7c6337a4e4fbc65def70618093b18c59a,0699fe5c545b08ce27c2de98745e70add2e8b387a7011051b2b5b2a7ac984c3a,59f7852fcb79d5388880a17eb8817f4ca205c0d603717863f6027c77c4335998,7c1f612c367a4c80c4b8d0e7bf4fcf44dc198f34b6d326bbf482dfb578edbcaf,3.7761807351320495,collapsed,within_run_target_critic,0e1da11352638b753d5d168aca9b2f7a76f50041050d7e89fb7bbe0398781b3c,0.99,0.3868815104166667,0.16971842447916666,4096,615931809768.5901,462141062884.62476,2679232377359.387,2141910925385.453,2145976335939.4133,1685531135322.104,2167652864580.9775,1702556702341.4421,True,0.0,0.0,679688334046.29,520056570329.8893,-63756524277.69995,0.906197412719816,True,raw/walker2d-expert-v2/walker2d-expert-v2_tau7_seed1.npz,c202a7d58aa08c172e34a56dd2d92ce5b609f538ae72c9823929428640205f77
td3|walker2d-expert-v2|7|1,td3,walker2d-expert-v2,7.0,1,1000000,171dd76dbe4f6a9b95101a68fa089c59747f35c5c9c3d932f2df308e6b0fd0e6,44d0f5090710427643a8320a7fe429abd0b015fb7a1ff3411bcba9673f81ab42,2fe2d1a545c6dcfd487589761baf05b18293e0bed1c8361b29e72e019e312aca,2985dc3d436a8baa10e8f43f946fe1d7c6337a4e4fbc65def70618093b18c59a,0699fe5c545b08ce27c2de98745e70add2e8b387a7011051b2b5b2a7ac984c3a,59f7852fcb79d5388880a17eb8817f4ca205c0d603717863f6027c77c4335998,7c1f612c367a4c80c4b8d0e7bf4fcf44dc198f34b6d326bbf482dfb578edbcaf,3.7761807351320495,collapsed,common_td3_target_critic,0e1da11352638b753d5d168aca9b2f7a76f50041050d7e89fb7bbe0398781b3c,0.99,0.3868815104166667,0.16971842447916666,4096,615931809768.5901,462141062884.62476,2679232377359.387,2141910925385.453,2145976335939.4133,1685531135322.104,2167652864580.9775,1702556702341.4421,True,0.0,0.0,679688334046.29,520056570329.8893,-63756524277.69995,0.906197412719816,True,raw/walker2d-expert-v2/walker2d-expert-v2_tau7_seed1.npz,c202a7d58aa08c172e34a56dd2d92ce5b609f538ae72c9823929428640205f77
p3|walker2d-expert-v2|7|1,p3,walker2d-expert-v2,7.0,1,1000000,d4c784b235e4ef0c96023c8df26093fd8f4d07870f99ab3bcd601676008fb59f,6566a2a928329762b1c0e114f18fd367b9920ebc5080c1fd2cafbdf0385aac3a,7ae401e4260a4491e008dbd6cd38f4a287ceeabe6f4ddd5bdf984aea8ae782ef,2985dc3d436a8baa10e8f43f946fe1d7c6337a4e4fbc65def70618093b18c59a,0699fe5c545b08ce27c2de98745e70add2e8b387a7011051b2b5b2a7ac984c3a,59f7852fcb79d5388880a17eb8817f4ca205c0d603717863f6027c77c4335998,7c1f612c367a4c80c4b8d0e7bf4fcf44dc198f34b6d326bbf482dfb578edbcaf,113.71657747520825,stable,within_run_target_critic,f87d4d8bcaaee05fc0558510cebdf650dcc69fa9338b0c4ccc997e2469791a0e,0.99,0.16035970052083334,0.16971842447916666,4096,0.4252465331559707,0.26997046686708925,500.72066623664864,500.5700838576944,499.05098957392624,498.89822794492596,499.12183478474617,498.9675301089883,True,0.0,0.0,0.4366113760469446,0.28097391083836554,-0.011364842890973892,0.9739703463664402,True,raw/walker2d-expert-v2/walker2d-expert-v2_tau7_mpi3_seed1.npz,0d034179ab34ae89aaf25a4d91d375509c66117bf7b593db73e59031604ba22e
p3|walker2d-expert-v2|7|1,p3,walker2d-expert-v2,7.0,1,1000000,d4c784b235e4ef0c96023c8df26093fd8f4d07870f99ab3bcd601676008fb59f,6566a2a928329762b1c0e114f18fd367b9920ebc5080c1fd2cafbdf0385aac3a,7ae401e4260a4491e008dbd6cd38f4a287ceeabe6f4ddd5bdf984aea8ae782ef,2985dc3d436a8baa10e8f43f946fe1d7c6337a4e4fbc65def70618093b18c59a,0699fe5c545b08ce27c2de98745e70add2e8b387a7011051b2b5b2a7ac984c3a,59f7852fcb79d5388880a17eb8817f4ca205c0d603717863f6027c77c4335998,7c1f612c367a4c80c4b8d0e7bf4fcf44dc198f34b6d326bbf482dfb578edbcaf,113.71657747520825,stable,common_td3_target_critic,0e1da11352638b753d5d168aca9b2f7a76f50041050d7e89fb7bbe0398781b3c,0.99,0.16035970052083334,0.16971842447916666,4096,87713881754.83879,56168589424.5289,2148549973942.4883,2141910925385.453,1691254639341.0444,1685531135322.104,1708338019532.2527,1702556702341.4421,True,0.0,0.0,89978371965.39218,58090634524.35245,-2264490210.5533905,0.9748329497290263,True,raw/walker2d-expert-v2/walker2d-expert-v2_tau7_mpi3_seed1.npz,0d034179ab34ae89aaf25a4d91d375509c66117bf7b593db73e59031604ba22e
p4|walker2d-expert-v2|7|1,p4,walker2d-expert-v2,7.0,1,1000000,2bbc9a9fbe5e145a7ce1cb2a1f2f14edc1ac86760cfad83dfa750adfcf1737f0,9c674fa3add038406c374b73de000ead0f7f881bc9cfa4daa1fad3b3a4972ab5,e14331ae404f7e194879ad292c3d79c7f819b5e9edd612465cea811ebfb36c47,2985dc3d436a8baa10e8f43f946fe1d7c6337a4e4fbc65def70618093b18c59a,0699fe5c545b08ce27c2de98745e70add2e8b387a7011051b2b5b2a7ac984c3a,59f7852fcb79d5388880a17eb8817f4ca205c0d603717863f6027c77c4335998,7c1f612c367a4c80c4b8d0e7bf4fcf44dc198f34b6d326bbf482dfb578edbcaf,113.5749624758137,stable,within_run_target_critic,7e2a94212e1c834b7de1ba160813ec00b54eff9b9354d294d2f84af5eff7d74e,0.99,0.15966796875,0.16971842447916666,4096,0.45750250483419597,0.29102522157132626,497.68893500154155,497.5313831527625,495.9551336898213,495.79566363881577,495.9947076290846,495.8336267694831,True,0.0,0.0,0.4701422038080066,0.30156327947974204,-0.01263969897381062,0.9731151577726208,True,raw/walker2d-expert-v2/walker2d-expert-v2_tau7_mpi4_seed1.npz,8a3b7ea8c251d4521a1d712527bb5c03951fc7cf0bac6d5ca9f7ae9b0e7760ae
p4|walker2d-expert-v2|7|1,p4,walker2d-expert-v2,7.0,1,1000000,2bbc9a9fbe5e145a7ce1cb2a1f2f14edc1ac86760cfad83dfa750adfcf1737f0,9c674fa3add038406c374b73de000ead0f7f881bc9cfa4daa1fad3b3a4972ab5,e14331ae404f7e194879ad292c3d79c7f819b5e9edd612465cea811ebfb36c47,2985dc3d436a8baa10e8f43f946fe1d7c6337a4e4fbc65def70618093b18c59a,0699fe5c545b08ce27c2de98745e70add2e8b387a7011051b2b5b2a7ac984c3a,59f7852fcb79d5388880a17eb8817f4ca205c0d603717863f6027c77c4335998,7c1f612c367a4c80c4b8d0e7bf4fcf44dc198f34b6d326bbf482dfb578edbcaf,113.5749624758137,stable,common_td3_target_critic,0e1da11352638b753d5d168aca9b2f7a76f50041050d7e89fb7bbe0398781b3c,0.99,0.15966796875,0.16971842447916666,4096,87223608525.30093,56041818760.430466,2147541763112.2244,2141910925385.453,1690409707619.493,1685531135322.104,1707484553146.8467,1702556702341.4421,True,0.0,0.0,89420245790.69276,57950498090.152664,-2196637265.3918304,0.9754346764989493,True,raw/walker2d-expert-v2/walker2d-expert-v2_tau7_mpi4_seed1.npz,8a3b7ea8c251d4521a1d712527bb5c03951fc7cf0bac6d5ca9f7ae9b0e7760ae
td3|walker2d-expert-v2|10|0,td3,walker2d-expert-v2,10.0,0,1000000,f51745027a66c4b7abd142c7008a219bb49ee747b00a0ab884cadc18a3ec19c5,36fc140f9a979d42c50f7b278903decbae7fc664d74222a64c08fa70156b237f,efacf146c30a5764431cc10e5b1f442624e690b78fb2dbe4ad5c5819850e5f4c,2985dc3d436a8baa10e8f43f946fe1d7c6337a4e4fbc65def70618093b18c59a,0699fe5c545b08ce27c2de98745e70add2e8b387a7011051b2b5b2a7ac984c3a,59f7852fcb79d5388880a17eb8817f4ca205c0d603717863f6027c77c4335998,7c1f612c367a4c80c4b8d0e7bf4fcf44dc198f34b6d326bbf482dfb578edbcaf,-0.2698862634918921,collapsed,within_run_target_critic,fa0afca56d6c782ed514d4e99c52a4ef621073de597871c68ca40d3002a3820c,0.99,0.4302571614583333,0.16971842447916666,4096,863734876292.6829,665125033114.5266,3190111265415.278,2433007040176.038,2528969540232.46,1863867741996.8494,2554514687098.828,1882694688881.0977,True,0.0,0.0,948553608200.4783,742971652492.2085,-84818731907.79541,0.9105809822718329,True,raw/walker2d-expert-v2/walker2d-expert-v2_tau10_seed0.npz,cbb8ca968dcfad5c31a8e0fc552cd81c7f64256d2e885e2136454a9da62d953c
td3|walker2d-expert-v2|10|0,td3,walker2d-expert-v2,10.0,0,1000000,f51745027a66c4b7abd142c7008a219bb49ee747b00a0ab884cadc18a3ec19c5,36fc140f9a979d42c50f7b278903decbae7fc664d74222a64c08fa70156b237f,efacf146c30a5764431cc10e5b1f442624e690b78fb2dbe4ad5c5819850e5f4c,2985dc3d436a8baa10e8f43f946fe1d7c6337a4e4fbc65def70618093b18c59a,0699fe5c545b08ce27c2de98745e70add2e8b387a7011051b2b5b2a7ac984c3a,59f7852fcb79d5388880a17eb8817f4ca205c0d603717863f6027c77c4335998,7c1f612c367a4c80c4b8d0e7bf4fcf44dc198f34b6d326bbf482dfb578edbcaf,-0.2698862634918921,collapsed,common_td3_target_critic,fa0afca56d6c782ed514d4e99c52a4ef621073de597871c68ca40d3002a3820c,0.99,0.4302571614583333,0.16971842447916666,4096,863734876292.6829,665125033114.5266,3190111265415.278,2433007040176.038,2528969540232.46,1863867741996.8494,2554514687098.828,1882694688881.0977,True,0.0,0.0,948553608200.4783,742971652492.2085,-84818731907.79541,0.9105809822718329,True,raw/walker2d-expert-v2/walker2d-expert-v2_tau10_seed0.npz,cbb8ca968dcfad5c31a8e0fc552cd81c7f64256d2e885e2136454a9da62d953c
p3|walker2d-expert-v2|10|0,p3,walker2d-expert-v2,10.0,0,1000000,bd31be23f18ba7c6a2f5bcaed069d0599dc604119b57b77241cc7911d19de67e,ae2f6dc048fadc75b01088dd039610d3aceb87a134182951fa9f30535b1761da,82ae696b1bbedcf7d7d0d6dc5eb4a5585f2982548ddf361b9d2aa5bbe82c12ff,2985dc3d436a8baa10e8f43f946fe1d7c6337a4e4fbc65def70618093b18c59a,0699fe5c545b08ce27c2de98745e70add2e8b387a7011051b2b5b2a7ac984c3a,59f7852fcb79d5388880a17eb8817f4ca205c0d603717863f6027c77c4335998,7c1f612c367a4c80c4b8d0e7bf4fcf44dc198f34b6d326bbf482dfb578edbcaf,2.3831328988777054,collapsed,within_run_target_critic,ad4af628dc2ee4352466225a74919864492003041fc50b1add5b4a4b2abb9613,0.99,0.3842366536458333,0.16971842447916666,4096,286638953327.6248,219739108100.27963,1072380012874.367,824388406551.6016,856520025164.592,636796136146.8528,865171742585.5294,643228420345.4045,True,0.0,0.0,315051857962.4801,245748810448.37244,-28412904634.855286,0.9098151497388122,True,raw/walker2d-expert-v2/walker2d-expert-v2_tau10_mpi3_seed0.npz,f9ea203c4e99a79e0830ca2e9e2d7b7daf65409e3eecf650fae4d7ea27f14db1
p3|walker2d-expert-v2|10|0,p3,walker2d-expert-v2,10.0,0,1000000,bd31be23f18ba7c6a2f5bcaed069d0599dc604119b57b77241cc7911d19de67e,ae2f6dc048fadc75b01088dd039610d3aceb87a134182951fa9f30535b1761da,82ae696b1bbedcf7d7d0d6dc5eb4a5585f2982548ddf361b9d2aa5bbe82c12ff,2985dc3d436a8baa10e8f43f946fe1d7c6337a4e4fbc65def70618093b18c59a,0699fe5c545b08ce27c2de98745e70add2e8b387a7011051b2b5b2a7ac984c3a,59f7852fcb79d5388880a17eb8817f4ca205c0d603717863f6027c77c4335998,7c1f612c367a4c80c4b8d0e7bf4fcf44dc198f34b6d326bbf482dfb578edbcaf,2.3831328988777054,collapsed,common_td3_target_critic,fa0afca56d6c782ed514d4e99c52a4ef621073de597871c68ca40d3002a3820c,0.99,0.3842366536458333,0.16971842447916666,4096,809867262986.01,613690739494.5161,3129325968258.249,2433007040176.038,2477483266456.3306,1863867741996.8494,2502508349951.292,1882694688881.0977,True,0.0,0.0,889133378994.9166,685775909187.6984,-79266116008.90662,0.910850140280967,True,raw/walker2d-expert-v2/walker2d-expert-v2_tau10_mpi3_seed0.npz,f9ea203c4e99a79e0830ca2e9e2d7b7daf65409e3eecf650fae4d7ea27f14db1
p4|walker2d-expert-v2|10|0,p4,walker2d-expert-v2,10.0,0,1000000,d2f22df36463d906e0bcf3a4710ba316c442b774fe91fcf8068f592466f41625,b10892a212df96ce8bd1d9134019c5c705778ec574af50f706a761e13c56cc3d,257f7ec8da6412c421f0f51ae187b18030d3170a71cfe39e217e45c516ba3543,2985dc3d436a8baa10e8f43f946fe1d7c6337a4e4fbc65def70618093b18c59a,0699fe5c545b08ce27c2de98745e70add2e8b387a7011051b2b5b2a7ac984c3a,59f7852fcb79d5388880a17eb8817f4ca205c0d603717863f6027c77c4335998,7c1f612c367a4c80c4b8d0e7bf4fcf44dc198f34b6d326bbf482dfb578edbcaf,114.05795234237613,stable,within_run_target_critic,db721fc886239a51f513cf811ef3b49df836d10f91e65a0d1f85710078a13906,0.99,0.1602783203125,0.16971842447916666,4096,0.440632186606423,0.2735508652031422,501.1767614514124,501.012456119573,499.49234496045165,499.325310147286,499.567648306489,499.3989262729883,True,0.0,0.0,0.45216551643878805,0.28293779812753195,-0.011533329832365047,0.9744931238383668,True,raw/walker2d-expert-v2/walker2d-expert-v2_tau10_mpi4_seed0.npz,b507998f8c1fc71330464df4b97780feb860c3947e73bd202409fd8138dbb35f
p4|walker2d-expert-v2|10|0,p4,walker2d-expert-v2,10.0,0,1000000,d2f22df36463d906e0bcf3a4710ba316c442b774fe91fcf8068f592466f41625,b10892a212df96ce8bd1d9134019c5c705778ec574af50f706a761e13c56cc3d,257f7ec8da6412c421f0f51ae187b18030d3170a71cfe39e217e45c516ba3543,2985dc3d436a8baa10e8f43f946fe1d7c6337a4e4fbc65def70618093b18c59a,0699fe5c545b08ce27c2de98745e70add2e8b387a7011051b2b5b2a7ac984c3a,59f7852fcb79d5388880a17eb8817f4ca205c0d603717863f6027c77c4335998,7c1f612c367a4c80c4b8d0e7bf4fcf44dc198f34b6d326bbf482dfb578edbcaf,114.05795234237613,stable,common_td3_target_critic,fa0afca56d6c782ed514d4e99c52a4ef621073de597871c68ca40d3002a3820c,0.99,0.1602783203125,0.16971842447916666,4096,98021073414.4084,62575794754.231834,2440465260134.0586,2433007040176.038,1870140585385.6382,1863867741996.8494,1889030894324.2412,1882694688881.0977,True,0.0,0.0,100607915632.896,64647689197.31914,-2586842218.4875946,0.9742878857770335,True,raw/walker2d-expert-v2/walker2d-expert-v2_tau10_mpi4_seed0.npz,b507998f8c1fc71330464df4b97780feb860c3947e73bd202409fd8138dbb35f
td3|walker2d-expert-v2|10|1,td3,walker2d-expert-v2,10.0,1,1000000,fd20bbb3d96e61520b8290fce19985c0b83de4e5dd1b6225324ec50ede8a1b57,94e37c6291169773459b07e0ffcb9da11c92662a58d3cc066dd55c2400291417,e58205edce30c8a82fd476e5762428327d0d3b43c253b48324a06221264159cb,2985dc3d436a8baa10e8f43f946fe1d7c6337a4e4fbc65def70618093b18c59a,0699fe5c545b08ce27c2de98745e70add2e8b387a7011051b2b5b2a7ac984c3a,59f7852fcb79d5388880a17eb8817f4ca205c0d603717863f6027c77c4335998,7c1f612c367a4c80c4b8d0e7bf4fcf44dc198f34b6d326bbf482dfb578edbcaf,3.548221063975084,collapsed,within_run_target_critic,2308c001f40d06b5a0e9278010fbdeb918c2aa21a207204cd931c4465fdcff16,0.99,0.3775227864583333,0.16971842447916666,4096,665767112985.7467,501978932608.1636,2814019156844.958,2238750747364.6313,2252627061449.08,1751804380082.8926,2275380870146.0137,1769499373816.7646,True,0.0,0.0,733069349038.9154,563644406240.9814,-67302236053.1687,0.9081911743528702,True,raw/walker2d-expert-v2/walker2d-expert-v2_tau10_seed1.npz,06cfbb72c2b9a6efed44ac62442f40114fadd5e9e23b541b9a34edd84d062714
td3|walker2d-expert-v2|10|1,td3,walker2d-expert-v2,10.0,1,1000000,fd20bbb3d96e61520b8290fce19985c0b83de4e5dd1b6225324ec50ede8a1b57,94e37c6291169773459b07e0ffcb9da11c92662a58d3cc066dd55c2400291417,e58205edce30c8a82fd476e5762428327d0d3b43c253b48324a06221264159cb,2985dc3d436a8baa10e8f43f946fe1d7c6337a4e4fbc65def70618093b18c59a,0699fe5c545b08ce27c2de98745e70add2e8b387a7011051b2b5b2a7ac984c3a,59f7852fcb79d5388880a17eb8817f4ca205c0d603717863f6027c77c4335998,7c1f612c367a4c80c4b8d0e7bf4fcf44dc198f34b6d326bbf482dfb578edbcaf,3.548221063975084,collapsed,common_td3_target_critic,2308c001f40d06b5a0e9278010fbdeb918c2aa21a207204cd931c4465fdcff16,0.99,0.3775227864583333,0.16971842447916666,4096,665767112985.7467,501978932608.1636,2814019156844.958,2238750747364.6313,2252627061449.08,1751804380082.8926,2275380870146.0137,1769499373816.7646,True,0.0,0.0,733069349038.9154,563644406240.9814,-67302236053.1687,0.9081911743528702,True,raw/walker2d-expert-v2/walker2d-expert-v2_tau10_seed1.npz,06cfbb72c2b9a6efed44ac62442f40114fadd5e9e23b541b9a34edd84d062714
p3|walker2d-expert-v2|10|1,p3,walker2d-expert-v2,10.0,1,1000000,9b0a41a3c1dbe81e7e769a21fa2259e3f2ef269d8e1b3eac98a2e977bbae43e4,7834aadfb9c713330e9b8a4477ce5ad3d6101b03ccdb1b7ef4239a2073f7eef0,15686a2a8f6a0d90e22667998f27ee521134e9cde6dbc14b58b848e4211b47e4,2985dc3d436a8baa10e8f43f946fe1d7c6337a4e4fbc65def70618093b18c59a,0699fe5c545b08ce27c2de98745e70add2e8b387a7011051b2b5b2a7ac984c3a,59f7852fcb79d5388880a17eb8817f4ca205c0d603717863f6027c77c4335998,7c1f612c367a4c80c4b8d0e7bf4fcf44dc198f34b6d326bbf482dfb578edbcaf,-0.759876405210802,collapsed,within_run_target_critic,4ca31277d860c2a6c34ecd774b4c992a6cb863257f2418f445c5522af4b92e7e,0.99,0.3983561197916667,0.16971842447916666,4096,569850136096.6692,435503532628.2617,2120491658009.6672,1627409061818.3518,1680691594961.1343,1245202178402.9304,1697668277733.623,1257779978179.8535,True,0.0,0.0,626017850285.1691,486643215987.9614,-56167714188.49988,0.9102777753654886,True,raw/walker2d-expert-v2/walker2d-expert-v2_tau10_mpi3_seed1.npz,dcacc52767267842370594bb2627e99d8b59e5f10eab8ebcd374cb399dc00774
p3|walker2d-expert-v2|10|1,p3,walker2d-expert-v2,10.0,1,1000000,9b0a41a3c1dbe81e7e769a21fa2259e3f2ef269d8e1b3eac98a2e977bbae43e4,7834aadfb9c713330e9b8a4477ce5ad3d6101b03ccdb1b7ef4239a2073f7eef0,15686a2a8f6a0d90e22667998f27ee521134e9cde6dbc14b58b848e4211b47e4,2985dc3d436a8baa10e8f43f946fe1d7c6337a4e4fbc65def70618093b18c59a,0699fe5c545b08ce27c2de98745e70add2e8b387a7011051b2b5b2a7ac984c3a,59f7852fcb79d5388880a17eb8817f4ca205c0d603717863f6027c77c4335998,7c1f612c367a4c80c4b8d0e7bf4fcf44dc198f34b6d326bbf482dfb578edbcaf,-0.759876405210802,collapsed,common_td3_target_critic,2308c001f40d06b5a0e9278010fbdeb918c2aa21a207204cd931c4465fdcff16,0.99,0.3983561197916667,0.16971842447916666,4096,730826333327.1886,547074868216.3703,2880031530742.2993,2238750747364.6313,2298578175273.3086,1751804380082.8926,2321796136635.658,1769499373816.7646,True,0.0,0.0,802231259803.525,611187049175.6787,-71404926476.33643,0.9109920916147991,True,raw/walker2d-expert-v2/walker2d-expert-v2_tau10_mpi3_seed1.npz,dcacc52767267842370594bb2627e99d8b59e5f10eab8ebcd374cb399dc00774
p4|walker2d-expert-v2|10|1,p4,walker2d-expert-v2,10.0,1,1000000,61d44628adea5f94aa14229427d193a43df382f96dcf9824c57394c724c5c13a,914903c9b4877cd285ce68b62f13d965fb6fd8ba58d5ca0b3be6c8370367c051,b578bdebf0c0813680cd3eefa13e0cbdd3153be944adb48212aa1d5856fea425,2985dc3d436a8baa10e8f43f946fe1d7c6337a4e4fbc65def70618093b18c59a,0699fe5c545b08ce27c2de98745e70add2e8b387a7011051b2b5b2a7ac984c3a,59f7852fcb79d5388880a17eb8817f4ca205c0d603717863f6027c77c4335998,7c1f612c367a4c80c4b8d0e7bf4fcf44dc198f34b6d326bbf482dfb578edbcaf,115.20855124269404,stable,within_run_target_critic,f02691d4c0d547c90b5685be9d7709a1c74171fc14a17124bcad502e09b2dd20,0.99,0.16109212239583334,0.16971842447916666,4096,0.4599443685186783,0.2895117837935686,501.06050136132205,500.8871976336217,499.3480926516211,499.1714460680192,499.4219389036298,499.2435080111027,True,0.0,0.0,0.4730308744976112,0.3006339161843061,-0.013086505978932905,0.9723347741459125,True,raw/walker2d-expert-v2/walker2d-expert-v2_tau10_mpi4_seed1.npz,d016918ca8d229cc972743e474e493d29189847f985df26038dcf5b759dde833
p4|walker2d-expert-v2|10|1,p4,walker2d-expert-v2,10.0,1,1000000,61d44628adea5f94aa14229427d193a43df382f96dcf9824c57394c724c5c13a,914903c9b4877cd285ce68b62f13d965fb6fd8ba58d5ca0b3be6c8370367c051,b578bdebf0c0813680cd3eefa13e0cbdd3153be944adb48212aa1d5856fea425,2985dc3d436a8baa10e8f43f946fe1d7c6337a4e4fbc65def70618093b18c59a,0699fe5c545b08ce27c2de98745e70add2e8b387a7011051b2b5b2a7ac984c3a,59f7852fcb79d5388880a17eb8817f4ca205c0d603717863f6027c77c4335998,7c1f612c367a4c80c4b8d0e7bf4fcf44dc198f34b6d326bbf482dfb578edbcaf,115.20855124269404,stable,common_td3_target_critic,2308c001f40d06b5a0e9278010fbdeb918c2aa21a207204cd931c4465fdcff16,0.99,0.16109212239583334,0.16971842447916666,4096,92238819620.82004,59128164358.03429,2246374805815.7207,2238750747364.6313,1757911286141.7698,1751804380082.8926,1775667965795.3438,1769499373816.7646,True,0.0,0.0,94610430576.15501,60925753547.70076,-2371610955.334976,0.9749328806465373,True,raw/walker2d-expert-v2/walker2d-expert-v2_tau10_mpi4_seed1.npz,d016918ca8d229cc972743e474e493d29189847f985df26038dcf5b759dde833
td3|walker2d-expert-v2|14|0,td3,walker2d-expert-v2,14.0,0,1000000,7eee81e16118e63421c9900c249eb9432d43ecda8a76d6a647d27272be21b0d1,aec7a10b63a9b5a5828b0c046dc53ace915b1a7440a5608d5c315f6ae41e69c2,4d3bb55fed3003df0e4d3924afedd3f194f273c5359d57336b33aeddb55e3e4a,2985dc3d436a8baa10e8f43f946fe1d7c6337a4e4fbc65def70618093b18c59a,0699fe5c545b08ce27c2de98745e70add2e8b387a7011051b2b5b2a7ac984c3a,59f7852fcb79d5388880a17eb8817f4ca205c0d603717863f6027c77c4335998,7c1f612c367a4c80c4b8d0e7bf4fcf44dc198f34b6d326bbf482dfb578edbcaf,0.8345191745902986,collapsed,within_run_target_critic,a268af412dd65e122f3e8d0fa08ec70943b79c5ed389701efc2a6a87f2b4ed7e,0.99,0.4028727213541667,0.16971842447916666,4096,738842676475.9338,565188506244.838,2975273298032.27,2323832355142.7573,2354971368365.853,1791108130249.8281,2378758957940.9805,1809200131561.531,True,0.0,0.0,812861047609.235,632319097211.9537,-74018371133.30115,0.9089409298784805,True,raw/walker2d-expert-v2/walker2d-expert-v2_tau14_seed0.npz,795eae03d63b9b2425a98018e9f23513844ba1ae6696fb215843ad30e55e7e91
td3|walker2d-expert-v2|14|0,td3,walker2d-expert-v2,14.0,0,1000000,7eee81e16118e63421c9900c249eb9432d43ecda8a76d6a647d27272be21b0d1,aec7a10b63a9b5a5828b0c046dc53ace915b1a7440a5608d5c315f6ae41e69c2,4d3bb55fed3003df0e4d3924afedd3f194f273c5359d57336b33aeddb55e3e4a,2985dc3d436a8baa10e8f43f946fe1d7c6337a4e4fbc65def70618093b18c59a,0699fe5c545b08ce27c2de98745e70add2e8b387a7011051b2b5b2a7ac984c3a,59f7852fcb79d5388880a17eb8817f4ca205c0d603717863f6027c77c4335998,7c1f612c367a4c80c4b8d0e7bf4fcf44dc198f34b6d326bbf482dfb578edbcaf,0.8345191745902986,collapsed,common_td3_target_critic,a268af412dd65e122f3e8d0fa08ec70943b79c5ed389701efc2a6a87f2b4ed7e,0.99,0.4028727213541667,0.16971842447916666,4096,738842676475.9338,565188506244.838,2975273298032.27,2323832355142.7573,2354971368365.853,1791108130249.8281,2378758957940.9805,1809200131561.531,True,0.0,0.0,812861047609.235,632319097211.9537,-74018371133.30115,0.9089409298784805,True,raw/walker2d-expert-v2/walker2d-expert-v2_tau14_seed0.npz,795eae03d63b9b2425a98018e9f23513844ba1ae6696fb215843ad30e55e7e91
p3|walker2d-expert-v2|14|0,p3,walker2d-expert-v2,14.0,0,1000000,ec93d4959ead9ff70e7fb96f7e6f72afdaf24f5efd16cf215c4ef32e114f6c31,dac8610db3cc03b678eafd05afbad56b4e33245fa98e615f6363a9e1e07ca989,f4348b8fe6cc73c44ddc933917a0a9dd2b008e3ce3fd45c31842c528f2af6ede,2985dc3d436a8baa10e8f43f946fe1d7c6337a4e4fbc65def70618093b18c59a,0699fe5c545b08ce27c2de98745e70add2e8b387a7011051b2b5b2a7ac984c3a,59f7852fcb79d5388880a17eb8817f4ca205c0d603717863f6027c77c4335998,7c1f612c367a4c80c4b8d0e7bf4fcf44dc198f34b6d326bbf482dfb578edbcaf,2.3018707417014848,collapsed,within_run_target_critic,b5fb994ce92c8d4fab16f078f35088006b776c3e8bf8ccb85b561a43bad4c30d,0.99,0.365478515625,0.16971842447916666,4096,613860835294.5149,469268862998.4713,2672384240871.1934,2123553857270.6304,2107861577530.415,1640026638408.4316,2129153108612.4238,1656592564045.0645,True,0.0,0.0,676844333297.5732,525854237017.80786,-62983498003.05835,0.9069453714767709,True,raw/walker2d-expert-v2/walker2d-expert-v2_tau14_mpi3_seed0.npz,2cc7dc4fb5fea0053c8da896685edb3e22e59de3bcb92fed16d49a884d0223d0
p3|walker2d-expert-v2|14|0,p3,walker2d-expert-v2,14.0,0,1000000,ec93d4959ead9ff70e7fb96f7e6f72afdaf24f5efd16cf215c4ef32e114f6c31,dac8610db3cc03b678eafd05afbad56b4e33245fa98e615f6363a9e1e07ca989,f4348b8fe6cc73c44ddc933917a0a9dd2b008e3ce3fd45c31842c528f2af6ede,2985dc3d436a8baa10e8f43f946fe1d7c6337a4e4fbc65def70618093b18c59a,0699fe5c545b08ce27c2de98745e70add2e8b387a7011051b2b5b2a7ac984c3a,59f7852fcb79d5388880a17eb8817f4ca205c0d603717863f6027c77c4335998,7c1f612c367a4c80c4b8d0e7bf4fcf44dc198f34b6d326bbf482dfb578edbcaf,2.3018707417014848,collapsed,common_td3_target_critic,a268af412dd65e122f3e8d0fa08ec70943b79c5ed389701efc2a6a87f2b4ed7e,0.99,0.365478515625,0.16971842447916666,4096,682263771363.7712,520132977325.02405,2933904961115.7896,2323832355142.7573,2309976572725.9272,1791108130249.8281,2333309669415.818,1809200131561.531,True,0.0,0.0,751921590076.3425,582474561121.5702,-69657818712.57129,0.9073602625168684,True,raw/walker2d-expert-v2/walker2d-expert-v2_tau14_mpi3_seed0.npz,2cc7dc4fb5fea0053c8da896685edb3e22e59de3bcb92fed16d49a884d0223d0
p4|walker2d-expert-v2|14|0,p4,walker2d-expert-v2,14.0,0,1000000,4e9d1f07c7684387a4ff77fdbd1cd063601e7efb160b658ceae6edb8ee9a8233,b8b3740e404870847701cf80c530e73479be9cf87450986ce23ef10d42cbc4be,d0db1461075c198e65e59f1b511f76f14ca4863614e81800f5818a6f564edbd8,2985dc3d436a8baa10e8f43f946fe1d7c6337a4e4fbc65def70618093b18c59a,0699fe5c545b08ce27c2de98745e70add2e8b387a7011051b2b5b2a7ac984c3a,59f7852fcb79d5388880a17eb8817f4ca205c0d603717863f6027c77c4335998,7c1f612c367a4c80c4b8d0e7bf4fcf44dc198f34b6d326bbf482dfb578edbcaf,8.391060698917197,collapsed,within_run_target_critic,d4ec237f69ce544f0a3566ca84f3997c525748fb57de4362dd8013cdcb567217,0.99,0.3439534505208333,0.16971842447916666,4096,555810682185.5444,420631107384.5682,2460906580990.712,1969217882055.4268,1914360702842.4668,1493792105156.5024,1933697679635.0012,1508880914295.8872,True,0.0,0.0,611726783908.4275,470343894886.10864,-55916101722.88306,0.9085930137542361,True,raw/walker2d-expert-v2/walker2d-expert-v2_tau14_mpi4_seed0.npz,0e0222dcc4c3f02e3218412cb47f21f00413015d42bab3c53921822b8f0e053b
p4|walker2d-expert-v2|14|0,p4,walker2d-expert-v2,14.0,0,1000000,4e9d1f07c7684387a4ff77fdbd1cd063601e7efb160b658ceae6edb8ee9a8233,b8b3740e404870847701cf80c530e73479be9cf87450986ce23ef10d42cbc4be,d0db1461075c198e65e59f1b511f76f14ca4863614e81800f5818a6f564edbd8,2985dc3d436a8baa10e8f43f946fe1d7c6337a4e4fbc65def70618093b18c59a,0699fe5c545b08ce27c2de98745e70add2e8b387a7011051b2b5b2a7ac984c3a,59f7852fcb79d5388880a17eb8817f4ca205c0d603717863f6027c77c4335998,7c1f612c367a4c80c4b8d0e7bf4fcf44dc198f34b6d326bbf482dfb578edbcaf,8.391060698917197,collapsed,common_td3_target_critic,a268af412dd65e122f3e8d0fa08ec70943b79c5ed389701efc2a6a87f2b4ed7e,0.99,0.3439534505208333,0.16971842447916666,4096,654968453124.1715,498213961874.00684,2905765064496.923,2323832355142.7573,2288390373628.787,1791108130249.8281,2311505427903.705,1809200131561.531,True,0.0,0.0,721251730719.0792,557288172126.8213,-66283277594.907715,0.9080996623345027,True,raw/walker2d-expert-v2/walker2d-expert-v2_tau14_mpi4_seed0.npz,0e0222dcc4c3f02e3218412cb47f21f00413015d42bab3c53921822b8f0e053b
td3|walker2d-expert-v2|14|1,td3,walker2d-expert-v2,14.0,1,1000000,7d04fea265cbb03d2742670524c5e80621156583e6fd372d983800bb7ca64058,0ed0ba41a584477444f2763fce04ac3c755b3ef406f8a911cc8677dddcbc6d92,34c2d85fc2a68fe89237e4ac94f88d734836a6e237096b76db9598520e1d5658,2985dc3d436a8baa10e8f43f946fe1d7c6337a4e4fbc65def70618093b18c59a,0699fe5c545b08ce27c2de98745e70add2e8b387a7011051b2b5b2a7ac984c3a,59f7852fcb79d5388880a17eb8817f4ca205c0d603717863f6027c77c4335998,7c1f612c367a4c80c4b8d0e7bf4fcf44dc198f34b6d326bbf482dfb578edbcaf,-0.2713346597061892,collapsed,within_run_target_critic,1bb60fb87fa1b8e9332323aa6ec06560e7d5323144231731c5fdb7ec0d8d438b,0.99,0.43896484375,0.16971842447916666,4096,789752425026.9558,599701630564.4637,3001362031348.054,2299350660911.3555,2399125410372.3413,1800422531259.9746,2423359000372.223,1818608617430.4692,True,0.0,0.0,866541979315.1251,669143447174.661,-76789554288.16931,0.9113839189315903,True,raw/walker2d-expert-v2/walker2d-expert-v2_tau14_seed1.npz,8189d28c9b8159207a1e40c1d3db6fc772ae5fc71bfaf1b2104c4e2cab7a3bb5
td3|walker2d-expert-v2|14|1,td3,walker2d-expert-v2,14.0,1,1000000,7d04fea265cbb03d2742670524c5e80621156583e6fd372d983800bb7ca64058,0ed0ba41a584477444f2763fce04ac3c755b3ef406f8a911cc8677dddcbc6d92,34c2d85fc2a68fe89237e4ac94f88d734836a6e237096b76db9598520e1d5658,2985dc3d436a8baa10e8f43f946fe1d7c6337a4e4fbc65def70618093b18c59a,0699fe5c545b08ce27c2de98745e70add2e8b387a7011051b2b5b2a7ac984c3a,59f7852fcb79d5388880a17eb8817f4ca205c0d603717863f6027c77c4335998,7c1f612c367a4c80c4b8d0e7bf4fcf44dc198f34b6d326bbf482dfb578edbcaf,-0.2713346597061892,collapsed,common_td3_target_critic,1bb60fb87fa1b8e9332323aa6ec06560e7d5323144231731c5fdb7ec0d8d438b,0.99,0.43896484375,0.16971842447916666,4096,789752425026.9558,599701630564.4637,3001362031348.054,2299350660911.3555,2399125410372.3413,1800422531259.9746,2423359000372.223,1818608617430.4692,True,0.0,0.0,866541979315.1251,669143447174.661,-76789554288.16931,0.9113839189315903,True,raw/walker2d-expert-v2/walker2d-expert-v2_tau14_seed1.npz,8189d28c9b8159207a1e40c1d3db6fc772ae5fc71bfaf1b2104c4e2cab7a3bb5
p3|walker2d-expert-v2|14|1,p3,walker2d-expert-v2,14.0,1,1000000,921a5d6f0ff58682296c78efd6d6fcf39cdcfbc8f1886b8e696b18216cfb7cdb,3f00f52619c6bd818e0208da0b0697f860684e23acebf94cee9c41f81c110343,54d411d7f2a757ca326a99fd0671346ffeb010c9898ff2b219b61fdfeb806830,2985dc3d436a8baa10e8f43f946fe1d7c6337a4e4fbc65def70618093b18c59a,0699fe5c545b08ce27c2de98745e70add2e8b387a7011051b2b5b2a7ac984c3a,59f7852fcb79d5388880a17eb8817f4ca205c0d603717863f6027c77c4335998,7c1f612c367a4c80c4b8d0e7bf4fcf44dc198f34b6d326bbf482dfb578edbcaf,-0.2713346597061892,collapsed,within_run_target_critic,05c477bbd13296114a22653c8646dd696dac4e33a81a4f9fb3795035182e1cd6,0.99,0.3986409505208333,0.16971842447916666,4096,748317747055.4646,568087292110.3474,2932965420468.6484,2270920191895.6064,2340119197490.1533,1772517845947.8179,2363756765137.2393,1790422066609.7178,True,0.0,0.0,820619298309.7595,634010406090.204,-72301551254.29492,0.9118939179188018,True,raw/walker2d-expert-v2/walker2d-expert-v2_tau14_mpi3_seed1.npz,7c796e3fdf4f2d8f9fab8de42022b98482d37d79023ec42f3913c5492234d09c
p3|walker2d-expert-v2|14|1,p3,walker2d-expert-v2,14.0,1,1000000,921a5d6f0ff58682296c78efd6d6fcf39cdcfbc8f1886b8e696b18216cfb7cdb,3f00f52619c6bd818e0208da0b0697f860684e23acebf94cee9c41f81c110343,54d411d7f2a757ca326a99fd0671346ffeb010c9898ff2b219b61fdfeb806830,2985dc3d436a8baa10e8f43f946fe1d7c6337a4e4fbc65def70618093b18c59a,0699fe5c545b08ce27c2de98745e70add2e8b387a7011051b2b5b2a7ac984c3a,59f7852fcb79d5388880a17eb8817f4ca205c0d603717863f6027c77c4335998,7c1f612c367a4c80c4b8d0e7bf4fcf44dc198f34b6d326bbf482dfb578edbcaf,-0.2713346597061892,collapsed,common_td3_target_critic,1bb60fb87fa1b8e9332323aa6ec06560e7d5323144231731c5fdb7ec0d8d438b,0.99,0.3986409505208333,0.16971842447916666,4096,784531286427.0107,592473461333.9918,2995319553446.5,2299350660911.3555,2392040519637.4346,1800422531259.9746,2416202545084.3755,1818608617430.4692,True,0.0,0.0,860182157143.3878,660789134483.674,-75650870716.37708,0.912052499475682,True,raw/walker2d-expert-v2/walker2d-expert-v2_tau14_mpi3_seed1.npz,7c796e3fdf4f2d8f9fab8de42022b98482d37d79023ec42f3913c5492234d09c
p4|walker2d-expert-v2|14|1,p4,walker2d-expert-v2,14.0,1,1000000,e4323ca574917fb19829e9c04009bf471e3298419aa7546acd4a96885da51234,7b0d5835c4c43417214fa75974a587794bc4c7387bc2894a6ca8f1b2b80356a6,90aa28e593b0a0067b7b337c55251b7c65a5ac77b34bf86b6efa7be883b758a5,2985dc3d436a8baa10e8f43f946fe1d7c6337a4e4fbc65def70618093b18c59a,0699fe5c545b08ce27c2de98745e70add2e8b387a7011051b2b5b2a7ac984c3a,59f7852fcb79d5388880a17eb8817f4ca205c0d603717863f6027c77c4335998,7c1f612c367a4c80c4b8d0e7bf4fcf44dc198f34b6d326bbf482dfb578edbcaf,-0.27133465962813996,collapsed,within_run_target_critic,ee6e5d438fc5c38041553b3d0070207b0f3964fdbd763a8cb21856081904ac0b,0.99,0.3760579427083333,0.16971842447916666,4096,612498368379.1342,461454777912.7571,2229718423720.3936,1696188820415.361,1767610660046.177,1306171778078.9062,1785465313173.1514,1319365432398.1836,True,0.0,0.0,671168811420.5554,514565584846.48676,-58670443041.421265,0.9125846701409696,True,raw/walker2d-expert-v2/walker2d-expert-v2_tau14_mpi4_seed1.npz,75faec7326c32cdb78b74f7cd613abef243dcb7678fbd7ed73841eac50f1adc5
p4|walker2d-expert-v2|14|1,p4,walker2d-expert-v2,14.0,1,1000000,e4323ca574917fb19829e9c04009bf471e3298419aa7546acd4a96885da51234,7b0d5835c4c43417214fa75974a587794bc4c7387bc2894a6ca8f1b2b80356a6,90aa28e593b0a0067b7b337c55251b7c65a5ac77b34bf86b6efa7be883b758a5,2985dc3d436a8baa10e8f43f946fe1d7c6337a4e4fbc65def70618093b18c59a,0699fe5c545b08ce27c2de98745e70add2e8b387a7011051b2b5b2a7ac984c3a,59f7852fcb79d5388880a17eb8817f4ca205c0d603717863f6027c77c4335998,7c1f612c367a4c80c4b8d0e7bf4fcf44dc198f34b6d326bbf482dfb578edbcaf,-0.27133465962813996,collapsed,common_td3_target_critic,1bb60fb87fa1b8e9332323aa6ec06560e7d5323144231731c5fdb7ec0d8d438b,0.99,0.3760579427083333,0.16971842447916666,4096,775952880482.9525,580527353659.1458,2986704889584.2554,2299350660911.3555,2380127391453.2793,1800422531259.9746,2404169082272.0903,1818608617430.4692,True,0.0,0.0,850758593584.4286,647639253801.6997,-74805713101.47607,0.9120717514162231,True,raw/walker2d-expert-v2/walker2d-expert-v2_tau14_mpi4_seed1.npz,75faec7326c32cdb78b74f7cd613abef243dcb7678fbd7ed73841eac50f1adc5
td3|walker2d-expert-v2|20|0,td3,walker2d-expert-v2,20.0,0,1000000,f4264328acab52616c45f79c71b2d4d204392518358659ea1284be2083235d12,111428b5134b566d4e95c032d9bcca7797f03866f7a24bd7af308672b9430b1b,2765601b2cc63ab248df15a8d2011faa51ca9a4bb56a8d68901d85a10c0f1234,2985dc3d436a8baa10e8f43f946fe1d7c6337a4e4fbc65def70618093b18c59a,0699fe5c545b08ce27c2de98745e70add2e8b387a7011051b2b5b2a7ac984c3a,59f7852fcb79d5388880a17eb8817f4ca205c0d603717863f6027c77c4335998,7c1f612c367a4c80c4b8d0e7bf4fcf44dc198f34b6d326bbf482dfb578edbcaf,2.3018707417014848,collapsed,within_run_target_critic,e3006150ace05979affcdf98a9847bc4c771d7b0f7d3bc9458f85694812258e6,0.99,0.4420166015625,0.16971842447916666,4096,626471511549.1384,466246783699.75616,2705560705174.062,2167743630831.1917,2157046004277.9194,1693482208215.104,2178834347750.959,1710588089102.1455,True,0.0,0.0,689390362506.6034,523225199006.74744,-62918850957.464966,0.908732621778039,True,raw/walker2d-expert-v2/walker2d-expert-v2_tau20_seed0.npz,a01dfb22b3653a17fc20560977a8b768a2fc1451213db74491121ea412a281aa
td3|walker2d-expert-v2|20|0,td3,walker2d-expert-v2,20.0,0,1000000,f4264328acab52616c45f79c71b2d4d204392518358659ea1284be2083235d12,111428b5134b566d4e95c032d9bcca7797f03866f7a24bd7af308672b9430b1b,2765601b2cc63ab248df15a8d2011faa51ca9a4bb56a8d68901d85a10c0f1234,2985dc3d436a8baa10e8f43f946fe1d7c6337a4e4fbc65def70618093b18c59a,0699fe5c545b08ce27c2de98745e70add2e8b387a7011051b2b5b2a7ac984c3a,59f7852fcb79d5388880a17eb8817f4ca205c0d603717863f6027c77c4335998,7c1f612c367a4c80c4b8d0e7bf4fcf44dc198f34b6d326bbf482dfb578edbcaf,2.3018707417014848,collapsed,common_td3_target_critic,e3006150ace05979affcdf98a9847bc4c771d7b0f7d3bc9458f85694812258e6,0.99,0.4420166015625,0.16971842447916666,4096,626471511549.1384,466246783699.75616,2705560705174.062,2167743630831.1917,2157046004277.9194,1693482208215.104,2178834347750.959,1710588089102.1455,True,0.0,0.0,689390362506.6034,523225199006.74744,-62918850957.464966,0.908732621778039,True,raw/walker2d-expert-v2/walker2d-expert-v2_tau20_seed0.npz,a01dfb22b3653a17fc20560977a8b768a2fc1451213db74491121ea412a281aa
p3|walker2d-expert-v2|20|0,p3,walker2d-expert-v2,20.0,0,1000000,880c39e76b8d5eec8fe14c3d5fcc5adbef05e5e72bb6264c37efb393bcbf87ac,fece62ccda5366cfebf16bb2ba9dd5426acf7ce488fcaedfbd503f3664506d0a,b8b0cd92cd09a0a8def8cd8e6c921c6435b95240b4764f400251bffabc1a8a33,2985dc3d436a8baa10e8f43f946fe1d7c6337a4e4fbc65def70618093b18c59a,0699fe5c545b08ce27c2de98745e70add2e8b387a7011051b2b5b2a7ac984c3a,59f7852fcb79d5388880a17eb8817f4ca205c0d603717863f6027c77c4335998,7c1f612c367a4c80c4b8d0e7bf4fcf44dc198f34b6d326bbf482dfb578edbcaf,2.3018707417014848,collapsed,within_run_target_critic,5bc5c0144b6241e89a0745f429e786b0d47536bcf4a585a60d3eda11f819cd91,0.99,0.3793538411458333,0.16971842447916666,4096,668252069010.3014,512169551652.9401,2848992333644.367,2251115170695.1533,2240527313574.498,1730300258986.774,2263158902596.3086,1747778039376.8154,True,0.0,0.0,736470586868.6583,573477118590.1018,-68218517858.35693,0.9073710219054234,True,raw/walker2d-expert-v2/walker2d-expert-v2_tau20_mpi3_seed0.npz,f61ff9faaba5fe0032342e557e67a9b49f8ce7fdd6b939cb6ff0e7610a929cad
p3|walker2d-expert-v2|20|0,p3,walker2d-expert-v2,20.0,0,1000000,880c39e76b8d5eec8fe14c3d5fcc5adbef05e5e72bb6264c37efb393bcbf87ac,fece62ccda5366cfebf16bb2ba9dd5426acf7ce488fcaedfbd503f3664506d0a,b8b0cd92cd09a0a8def8cd8e6c921c6435b95240b4764f400251bffabc1a8a33,2985dc3d436a8baa10e8f43f946fe1d7c6337a4e4fbc65def70618093b18c59a,0699fe5c545b08ce27c2de98745e70add2e8b387a7011051b2b5b2a7ac984c3a,59f7852fcb79d5388880a17eb8817f4ca205c0d603717863f6027c77c4335998,7c1f612c367a4c80c4b8d0e7bf4fcf44dc198f34b6d326bbf482dfb578edbcaf,2.3018707417014848,collapsed,common_td3_target_critic,e3006150ace05979affcdf98a9847bc4c771d7b0f7d3bc9458f85694812258e6,0.99,0.3793538411458333,0.16971842447916666,4096,645854429941.9298,494013966732.6476,2746217241627.9106,2167743630831.1917,2185448502377.9004,1693482208215.104,2207523739771.0415,1710588089102.1455,True,0.0,0.0,711356593565.9746,552714099364.405,-65502163624.0448,0.9079193695307053,True,raw/walker2d-expert-v2/walker2d-expert-v2_tau20_mpi3_seed0.npz,f61ff9faaba5fe0032342e557e67a9b49f8ce7fdd6b939cb6ff0e7610a929cad
p4|walker2d-expert-v2|20|0,p4,walker2d-expert-v2,20.0,0,1000000,b679014b1fa5ab561f93ef341e959b191cbbf85c11e8eb74e127c4996e5463d8,f85be01b4864e15a2b7f1e6fa0605974971ba045ba4a9b1e392e29ef51cf9893,1f6f5fd940e9a0112b417856bc25d05b4e8a3a7af2349389a60d132cc1ccde0d,2985dc3d436a8baa10e8f43f946fe1d7c6337a4e4fbc65def70618093b18c59a,0699fe5c545b08ce27c2de98745e70add2e8b387a7011051b2b5b2a7ac984c3a,59f7852fcb79d5388880a17eb8817f4ca205c0d603717863f6027c77c4335998,7c1f612c367a4c80c4b8d0e7bf4fcf44dc198f34b6d326bbf482dfb578edbcaf,2.301870741924962,collapsed,within_run_target_critic,b56f7a1913440970dd374eb5af4555ea5bc858131056f6ea1cb6173ef5011bb1,0.99,0.3538004557291667,0.16971842447916666,4096,635108336710.6117,484982048439.4556,2630950645687.8237,2072613832552.691,2072721757674.2317,1587797780168.5103,2093658341080.4246,1603836141579.8855,True,0.0,0.0,697776374489.5243,542114092944.69507,-62668037778.9126,0.9101889372153665,True,raw/walker2d-expert-v2/walker2d-expert-v2_tau20_mpi4_seed0.npz,26e299af2f10268ccf07173acae54622893186e56ba92f59634e4da9f872d2cb
p4|walker2d-expert-v2|20|0,p4,walker2d-expert-v2,20.0,0,1000000,b679014b1fa5ab561f93ef341e959b191cbbf85c11e8eb74e127c4996e5463d8,f85be01b4864e15a2b7f1e6fa0605974971ba045ba4a9b1e392e29ef51cf9893,1f6f5fd940e9a0112b417856bc25d05b4e8a3a7af2349389a60d132cc1ccde0d,2985dc3d436a8baa10e8f43f946fe1d7c6337a4e4fbc65def70618093b18c59a,0699fe5c545b08ce27c2de98745e70add2e8b387a7011051b2b5b2a7ac984c3a,59f7852fcb79d5388880a17eb8817f4ca205c0d603717863f6027c77c4335998,7c1f612c367a4c80c4b8d0e7bf4fcf44dc198f34b6d326bbf482dfb578edbcaf,2.301870741924962,collapsed,common_td3_target_critic,e3006150ace05979affcdf98a9847bc4c771d7b0f7d3bc9458f85694812258e6,0.99,0.3538004557291667,0.16971842447916666,4096,639263673828.7208,485306022940.7698,2732722516412.3496,2167743630831.1917,2177391458033.9146,1693482208215.104,2199385311141.1045,1710588089102.1455,True,0.0,0.0,703165677469.1978,543593924600.74084,-63902003640.47693,0.9091224078648574,True,raw/walker2d-expert-v2/walker2d-expert-v2_tau20_mpi4_seed0.npz,26e299af2f10268ccf07173acae54622893186e56ba92f59634e4da9f872d2cb
td3|walker2d-expert-v2|20|1,td3,walker2d-expert-v2,20.0,1,1000000,a6aa687a4a132bfdf7170b7e8a100315e800b119e5de1b922902dfbf8983d5c7,567267a87e4fbc17de9bbb31b77f3a8bbb30f9ba672dbc2811379306e61d1bc7,6459b78f86a30683cda695de3377d34df958e8ea0ef5e7346341096088a253bb,2985dc3d436a8baa10e8f43f946fe1d7c6337a4e4fbc65def70618093b18c59a,0699fe5c545b08ce27c2de98745e70add2e8b387a7011051b2b5b2a7ac984c3a,59f7852fcb79d5388880a17eb8817f4ca205c0d603717863f6027c77c4335998,7c1f612c367a4c80c4b8d0e7bf4fcf44dc198f34b6d326bbf482dfb578edbcaf,2.368422904146782,collapsed,within_run_target_critic,d09e2b878a7954fd30eb31d52ba136a7b38939efdb74f9b4f7d6673d6e9950aa,0.99,0.5005696614583334,0.16971842447916666,4096,733399430807.7859,546205008779.59265,3053308262832.969,2426032862015.5723,2438061009121.54,1892421344493.5476,2462687887998.3438,1911536711605.269,True,0.0,0.0,805310423543.639,613015949426.6981,-71910992735.85315,0.9107040084997032,True,raw/walker2d-expert-v2/walker2d-expert-v2_tau20_seed1.npz,33a104e7d49f0f1034244d070d6c7d68da3ea6e861df8e43c4b49656f2241472
td3|walker2d-expert-v2|20|1,td3,walker2d-expert-v2,20.0,1,1000000,a6aa687a4a132bfdf7170b7e8a100315e800b119e5de1b922902dfbf8983d5c7,567267a87e4fbc17de9bbb31b77f3a8bbb30f9ba672dbc2811379306e61d1bc7,6459b78f86a30683cda695de3377d34df958e8ea0ef5e7346341096088a253bb,2985dc3d436a8baa10e8f43f946fe1d7c6337a4e4fbc65def70618093b18c59a,0699fe5c545b08ce27c2de98745e70add2e8b387a7011051b2b5b2a7ac984c3a,59f7852fcb79d5388880a17eb8817f4ca205c0d603717863f6027c77c4335998,7c1f612c367a4c80c4b8d0e7bf4fcf44dc198f34b6d326bbf482dfb578edbcaf,2.368422904146782,collapsed,common_td3_target_critic,d09e2b878a7954fd30eb31d52ba136a7b38939efdb74f9b4f7d6673d6e9950aa,0.99,0.5005696614583334,0.16971842447916666,4096,733399430807.7859,546205008779.59265,3053308262832.969,2426032862015.5723,2438061009121.54,1892421344493.5476,2462687887998.3438,1911536711605.269,True,0.0,0.0,805310423543.639,613015949426.6981,-71910992735.85315,0.9107040084997032,True,raw/walker2d-expert-v2/walker2d-expert-v2_tau20_seed1.npz,33a104e7d49f0f1034244d070d6c7d68da3ea6e861df8e43c4b49656f2241472
p3|walker2d-expert-v2|20|1,p3,walker2d-expert-v2,20.0,1,1000000,c95631941c3f726c8ef461a76bff8807b510389d158e6adfa700d592b1d777bd,309f6e444f11c08fb66d41f930360c0a443f4f31f68dcdca1c7bdb0bbd63baa3,d1ed78637992b0e5248eb25ea43b45424ded36bfbdb51ecd32d66088a41b189f,2985dc3d436a8baa10e8f43f946fe1d7c6337a4e4fbc65def70618093b18c59a,0699fe5c545b08ce27c2de98745e70add2e8b387a7011051b2b5b2a7ac984c3a,59f7852fcb79d5388880a17eb8817f4ca205c0d603717863f6027c77c4335998,7c1f612c367a4c80c4b8d0e7bf4fcf44dc198f34b6d326bbf482dfb578edbcaf,-0.2713346597061892,collapsed,within_run_target_critic,8fda4769d17d20a7d42bf21dedca36f1a4024910f35e9df687fb77fea8c4f595,0.99,0.4186197916666667,0.16971842447916666,4096,786257274120.3679,598872564717.8851,3015521136334.527,2317539595902.521,2415387804156.435,1817197510739.846,2439785660759.8193,1835553041147.1616,True,0.0,0.0,862975437961.5704,668794406940.7678,-76718163841.20251,0.91110040857893,True,raw/walker2d-expert-v2/walker2d-expert-v2_tau20_mpi3_seed1.npz,b1f141eb2ff0b31003d28f71fea18f3d7de2242a889fb636ba8ac1cae2311b59
p3|walker2d-expert-v2|20|1,p3,walker2d-expert-v2,20.0,1,1000000,c95631941c3f726c8ef461a76bff8807b510389d158e6adfa700d592b1d777bd,309f6e444f11c08fb66d41f930360c0a443f4f31f68dcdca1c7bdb0bbd63baa3,d1ed78637992b0e5248eb25ea43b45424ded36bfbdb51ecd32d66088a41b189f,2985dc3d436a8baa10e8f43f946fe1d7c6337a4e4fbc65def70618093b18c59a,0699fe5c545b08ce27c2de98745e70add2e8b387a7011051b2b5b2a7ac984c3a,59f7852fcb79d5388880a17eb8817f4ca205c0d603717863f6027c77c4335998,7c1f612c367a4c80c4b8d0e7bf4fcf44dc198f34b6d326bbf482dfb578edbcaf,-0.2713346597061892,collapsed,common_td3_target_critic,d09e2b878a7954fd30eb31d52ba136a7b38939efdb74f9b4f7d6673d6e9950aa,0.99,0.4186197916666667,0.16971842447916666,4096,795608587090.327,607708997269.6736,3130779426255.632,2426032862015.5723,2499693944537.7744,1892421344493.5476,2524943378316.572,1911536711605.269,True,0.0,0.0,871799166987.9785,677565474700.4941,-76190579897.65149,0.9126053536379416,True,raw/walker2d-expert-v2/walker2d-expert-v2_tau20_mpi3_seed1.npz,b1f141eb2ff0b31003d28f71fea18f3d7de2242a889fb636ba8ac1cae2311b59
p4|walker2d-expert-v2|20|1,p4,walker2d-expert-v2,20.0,1,1000000,a991e5aea74d337df9e168d034d92c199e90781866568502855db07d0a0f7eb0,e2ab0715962c039897ab2d8fa1ce69d595c9dc0c9fe88b7c56008e95f62bd564,7879456581f3aa441423afa7610d931e437191c4427e6069056e3006235ad6da,2985dc3d436a8baa10e8f43f946fe1d7c6337a4e4fbc65def70618093b18c59a,0699fe5c545b08ce27c2de98745e70add2e8b387a7011051b2b5b2a7ac984c3a,59f7852fcb79d5388880a17eb8817f4ca205c0d603717863f6027c77c4335998,7c1f612c367a4c80c4b8d0e7bf4fcf44dc198f34b6d326bbf482dfb578edbcaf,-0.27133466509562587,collapsed,within_run_target_critic,b5c6f66892be6a8addee79be4b0fe04606fce8d413e6f74998c231d7b9010f88,0.99,0.3844401041666667,0.16971842447916666,4096,638631878726.2538,489100720352.7079,2343894411848.378,1791861670823.7993,1849657313970.1816,1360582981416.2554,1868340721177.9077,1374326243850.7422,True,0.0,0.0,700696981882.514,545646325321.0508,-62065103156.260254,0.911423761253382,True,raw/walker2d-expert-v2/walker2d-expert-v2_tau20_mpi4_seed1.npz,23c687fa3ab4ab0fdbad229f7b8187717e54c32013085099eb6f372af9cb2a62
p4|walker2d-expert-v2|20|1,p4,walker2d-expert-v2,20.0,1,1000000,a991e5aea74d337df9e168d034d92c199e90781866568502855db07d0a0f7eb0,e2ab0715962c039897ab2d8fa1ce69d595c9dc0c9fe88b7c56008e95f62bd564,7879456581f3aa441423afa7610d931e437191c4427e6069056e3006235ad6da,2985dc3d436a8baa10e8f43f946fe1d7c6337a4e4fbc65def70618093b18c59a,0699fe5c545b08ce27c2de98745e70add2e8b387a7011051b2b5b2a7ac984c3a,59f7852fcb79d5388880a17eb8817f4ca205c0d603717863f6027c77c4335998,7c1f612c367a4c80c4b8d0e7bf4fcf44dc198f34b6d326bbf482dfb578edbcaf,-0.27133466509562587,collapsed,common_td3_target_critic,d09e2b878a7954fd30eb31d52ba136a7b38939efdb74f9b4f7d6673d6e9950aa,0.99,0.3844401041666667,0.16971842447916666,4096,787258423752.9727,594298410953.2249,3121072606986.536,2426032862015.5723,2486314710979.1753,1892421344493.5476,2511429000984.706,1911536711605.269,True,0.0,0.0,862744501793.6936,662297323096.4014,-75486078040.72095,0.9125047127118385,True,raw/walker2d-expert-v2/walker2d-expert-v2_tau20_mpi4_seed1.npz,23c687fa3ab4ab0fdbad229f7b8187717e54c32013085099eb6f372af9cb2a62
