env,tau,seed,method,critic_scope,hop,total_hops,tau_step,n_states,action_dim,q_scale,effective_action_step,q_weight,q1_gain_hop_mean,q1_gain_total_mean,q2_gain_hop_mean,q2_gain_total_mean,linear_gain_mean,transport_cost_mean,prox_margin_val_mean,prox_margin_val_nonnegative_fraction,linearization_error_mean,gradient_change_ratio_mean,effective_secant_curvature_mean,secant_grad_mean,secant_grad_p10,secant_grad_p50,secant_grad_p90,secant_q_mean,secant_q_p10,secant_q_p50,secant_q_p90,secant_q_positive_fraction,prox_residual_mean,saturation_fraction_mean,twin_gap_mean,grad_norm_mean,cos_step_grad_mean,step_norm_mean,step_norm_p50,step_norm_p90,step_norm_p99,total_norm_mean,total_norm_p50,total_norm_p90,total_norm_p99,prox_margin_val_p50,prox_margin_val_p90,prox_margin_val_p99,linearization_error_p50,linearization_error_p90,linearization_error_p99,gradient_change_ratio_p50,gradient_change_ratio_p90,gradient_change_ratio_p99,effective_secant_curvature_p50,effective_secant_curvature_p90,effective_secant_curvature_p99,eval_step,final_critic_loss,max_critic_loss,d4rl_score,cos_consecutive_steps_mean
hopper-medium-replay-v2,10.0,0,mpi4,own,1,4,2.5,4096,3,189.08401589257812,0.039664907499430725,0.026443271666287148,1.3251639604568481,1.3251639604568481,1.2704417705535889,1.2704417705535889,1.476691722869873,0.1278221607208252,-0.09278049172685887,0.11669921875,0.30844797301910093,0.32950858759861035,0.19819647559162398,-0.7982932329177856,-7.309435606002808,-0.2752896696329117,6.034908771514893,-0.7537604570388794,-7.988011598587036,-0.1592591404914856,6.567213535308838,0.455810546875,0.7257288694381714,0.036865234375,1.7159466743469238,5.723210334777832,0.17435762286186218,0.5372344232191608,0.48771727085113525,0.9538792073726654,1.483862572908402,0.5372344232191608,0.48771727085113525,0.9538792073726654,1.483862572908402,-0.0559450201690197,0.0028830545488744974,0.12705261185765374,0.17145750671625137,0.9999999403953552,1.0,0.2725958079099655,0.7070249617099762,0.9634005188941961,0.11567332223057747,0.44378672540187836,1.2078086972236663,1000000,15.660888671875,15.660888671875,100.34815828470234,
hopper-medium-replay-v2,10.0,0,mpi4,own,2,4,2.5,4096,3,189.08401589257812,0.039664907499430725,0.026443271666287148,1.0657685995101929,2.39093279838562,0.9642753005027771,2.2347168922424316,1.0187784433364868,0.028568046167492867,-0.00038563852647732766,0.4072265625,0.19115641521768106,0.2196681586819551,0.2619209418677761,-0.6285121440887451,-10.688965320587158,0.0,9.473771572113037,-0.7145851850509644,-11.142436027526855,-0.0006251211161725223,9.974425792694092,0.484375,0.5813459157943726,0.043619791666666664,1.8017914295196533,5.8306684494018555,0.3615560829639435,0.2462224212874844,0.21284805238246918,0.4479813724756241,0.7633191317319877,0.6310313415406199,0.5639448165893555,1.133870542049408,1.7541227698326132,-0.0024479052517563105,0.027771073393523693,0.13356329351663618,0.08182421326637268,0.5980196297168732,1.0,0.16893891245126724,0.5030052363872528,0.9076500058174138,0.1430901437997818,0.6584858298301697,1.681143653392793,1000000,15.660888671875,15.660888671875,100.34815828470234,0.12969495356082916
hopper-medium-replay-v2,10.0,0,mpi4,own,3,4,2.5,4096,3,190.1441660390625,0.039443755526315905,0.026295837017543934,0.9030815362930298,3.2940142154693604,0.8330059051513672,3.067722797393799,0.8524684906005859,0.020931493490934372,0.0028157904525070165,0.478271484375,0.16984099748894116,0.1974064980531267,0.2778721449266588,-0.801024317741394,-11.960932731628418,0.0,9.239764213562012,-0.7079534530639648,-12.330843448638916,-0.0011536211241036654,10.56833267211914,0.47705078125,0.5776656866073608,0.06583658854166666,1.904557228088379,5.86668586730957,0.38356584310531616,0.2059682480848153,0.1758519411087036,0.3781261146068573,0.7248310387134568,0.7194783181258799,0.6318472623825073,1.3030822277069092,2.068486869335175,-0.00045995405525900424,0.027074879966676235,0.13013648763299007,0.06411826238036156,0.5210573673248291,1.0,0.1398077830672264,0.4803517758846283,0.8653724372386947,0.14027240872383118,0.6989574730396271,1.9447170317173017,1000000,15.660888671875,15.660888671875,100.34815828470234,0.24369704723358154
hopper-medium-replay-v2,10.0,0,mpi4,own,4,4,2.5,4096,3,191.04769997460937,0.03925721168586047,0.02617147445724031,0.5833730697631836,3.877387285232544,0.521851658821106,3.5895745754241943,0.5556454658508301,0.01632584258913994,-0.001058109536286267,0.43603515625,0.17116417917395066,0.1822265275565229,0.269024879313134,-0.8821420669555664,-11.739640235900879,0.0,9.330921173095703,-0.8833866119384766,-12.388139724731445,-4.0026267924986314e-05,10.359106063842773,0.4990234375,0.620398998260498,0.09285481770833333,1.9942386150360107,5.876193046569824,0.3068777322769165,0.18333507969726526,0.1555495485663414,0.3423259109258652,0.5834659576416018,0.7908392979807104,0.6896695792675018,1.4688469767570496,2.207243156433109,-0.0010530180879868567,0.020317334681749344,0.0777847386896611,0.06073794513940811,0.5512796342372894,1.0,0.12270062044262886,0.4657069593667984,0.8887682437896732,0.12086539342999458,0.6963964700698853,1.958102273941042,1000000,15.660888671875,15.660888671875,100.34815828470234,0.19204747676849365
hopper-medium-replay-v2,10.0,1,mpi4,own,1,4,2.5,4096,3,189.13699440820312,0.039653797098061085,0.02643586473204072,1.3348276615142822,1.3348276615142822,1.2532919645309448,1.2532919645309448,1.5368359088897705,0.13314223289489746,-0.09785491288677761,0.11669921875,0.30749267023397175,0.32727662836656357,0.18883008106459997,-0.7189614772796631,-7.242600917816162,-0.30536235868930817,5.7428367137908936,-0.7776435613632202,-8.196620464324951,-0.19975564628839493,6.117810487747192,0.4609375,0.7272887229919434,0.037353515625,1.7903316020965576,5.617214202880859,0.1806178092956543,0.546118394868472,0.48932623863220215,0.9781208634376526,1.5255767464637766,0.546118394868472,0.48932623863220215,0.9781208634376526,1.5255767464637766,-0.05844900757074356,0.002826183568686247,0.11279373243451137,0.18144491314888,0.9999999403953552,1.0,0.27337366342544556,0.6943138241767883,0.954173418879509,0.11145025119185448,0.42982740700244904,1.1004327833652543,1000000,14.058874130249023,14.058874130249023,100.57373205726077,
hopper-medium-replay-v2,10.0,1,mpi4,own,2,4,2.5,4096,3,189.13699440820312,0.039653797098061085,0.02643586473204072,1.0155003070831299,2.350327968597412,0.9627916216850281,2.2160837650299072,0.9359975457191467,0.028839530423283577,-0.001993900700966833,0.390625,0.19249823463834076,0.21754013240459713,0.254989992120888,-0.4360365569591522,-9.96930742263794,0.0,9.129316806793213,-0.4600639343261719,-10.86827039718628,-0.0010576352360658348,9.857198238372803,0.4833984375,0.5928467512130737,0.045084635416666664,1.8406500816345215,5.762914657592773,0.3391646444797516,0.246569643182454,0.20880641788244247,0.44763414561748505,0.7894708842039112,0.6254999835941817,0.55281662940979,1.1187406778335571,1.7874885618686678,-0.003239386831410229,0.024914031848311424,0.13889169171452567,0.08643706142902374,0.5691915452480316,1.0,0.16954895108938217,0.49873243272304535,0.8885808944702153,0.1448231115937233,0.6256270706653595,1.690342199802399,1000000,14.058874130249023,14.058874130249023,100.57373205726077,0.07121902704238892
hopper-medium-replay-v2,10.0,1,mpi4,own,3,4,2.5,4096,3,190.14773659570312,0.03944301485926539,0.02629534323951026,0.8419686555862427,3.1922967433929443,0.7978547811508179,3.0139384269714355,0.8297057747840881,0.020728491246700287,0.001411362546766437,0.457763671875,0.1761020263704309,0.19471194929343483,0.26477379436184495,-0.7086140513420105,-11.13593339920044,0.0,8.846274852752686,-0.5988355875015259,-11.90079927444458,-0.00010157048018299975,9.818920135498047,0.4970703125,0.576758623123169,0.06722005208333333,1.9174859523773193,5.737238883972168,0.38830363750457764,0.2084630512308081,0.1791263222694397,0.3774366080760956,0.6548350453376779,0.7167164013212641,0.6298430562019348,1.2995254397392273,2.057629728317261,-0.0008353257435373962,0.02573441807180643,0.11757910251617452,0.06896062940359116,0.5414569973945618,1.0,0.14520347863435745,0.4643567353487015,0.8492282032966626,0.14127742499113083,0.6632539629936218,1.713787305355072,1000000,14.058874130249023,14.058874130249023,100.57373205726077,0.25962790846824646
hopper-medium-replay-v2,10.0,1,mpi4,own,4,4,2.5,4096,3,190.9893351064453,0.03926920838705458,0.026179472258036386,0.620062530040741,3.81235933303833,0.5730171799659729,3.5869555473327637,0.6024379730224609,0.021274738013744354,-0.005041830331997232,0.35302734375,0.19609500201857574,0.20627182586527226,0.26354628246885536,-1.1005405187606812,-10.998285293579102,0.0,8.831369400024414,-1.151033639907837,-12.15406322479248,-0.0016217991942539811,9.342113971710205,0.475830078125,0.6390065550804138,0.09236653645833331,1.9804885387420654,5.777849197387695,0.24916185438632965,0.21504917616236696,0.18993961066007614,0.38333752751350403,0.6526407003402717,0.7940760233123001,0.6804284751415253,1.4757537245750427,2.2721457242965712,-0.0037159163039177656,0.01616143062710762,0.07227433659136306,0.08003658801317215,0.6174011528491974,1.0,0.15015535056591034,0.4896344244480133,0.8713541209697736,0.13505616039037704,0.6546558439731598,1.741594505310059,1000000,14.058874130249023,14.058874130249023,100.57373205726077,0.06795544922351837
hopper-medium-replay-v2,10.0,2,mpi4,own,1,4,2.5,4096,3,188.315674828125,0.03982674308362924,0.026551162055752826,1.5092694759368896,1.5092694759368896,1.3285412788391113,1.3285412788391113,1.646125078201294,0.13444024324417114,-0.09436738615574569,0.122314453125,0.313111197747444,0.33406546441441165,0.20623938764036337,-0.79404616355896,-7.361997127532959,-0.33817049860954285,6.263038635253906,-0.8160109519958496,-8.565971374511719,-0.29326045513153076,6.889275550842285,0.455810546875,0.7183965444564819,0.034423828125,1.8313167095184326,5.8855390548706055,0.19181431829929352,0.5465118005213299,0.4878848046064377,0.9886168539524078,1.532339674234392,0.5465118005213299,0.4878848046064377,0.9886168539524078,1.532339674234392,-0.05532962083816528,0.0032223908929154277,0.13514030426740647,0.17882052809000015,0.9999999403953552,1.0,0.27780357003211975,0.6981736123561859,0.9519591063261033,0.12326963990926743,0.4700785130262375,1.2741742670536047,1000000,13.467208862304688,13.467208862304688,99.54725259042434,
hopper-medium-replay-v2,10.0,2,mpi4,own,2,4,2.5,4096,3,188.315674828125,0.03982674308362924,0.026551162055752826,1.1010586023330688,2.610328197479248,0.9430649280548096,2.271606206893921,1.0010627508163452,0.029638543725013733,-0.0004041572188686615,0.41455078125,0.1973793119419313,0.22129468334023628,0.27427459638834184,-0.33718258142471313,-11.041975021362305,0.0,9.403141975402832,-0.17815203964710236,-11.566455364227295,0.00012792786947102286,10.404140949249268,0.50244140625,0.5908883213996887,0.04703776041666666,1.8541311025619507,6.09442663192749,0.3515876233577728,0.24840068897378842,0.21435514092445374,0.4559175819158554,0.8134815037250523,0.6331114222198266,0.5578848719596863,1.157817542552948,1.8346322178840653,-0.0025277395034208894,0.03146869130432606,0.16798884794116153,0.08116887137293816,0.6356991529464722,1.0,0.16254643350839615,0.5238982439041138,0.9045863240957274,0.14195359498262405,0.6848982572555542,1.8296957671642327,1000000,13.467208862304688,13.467208862304688,99.54725259042434,0.09492138028144836
hopper-medium-replay-v2,10.0,2,mpi4,own,3,4,2.5,4096,3,189.39618019921875,0.03959953148004902,0.026399687653366016,1.028111219406128,3.638439178466797,0.8550443649291992,3.12665057182312,0.9660425186157227,0.023463182151317596,0.00367863013726355,0.474609375,0.17621251848230507,0.20214498792577906,0.28915728438287336,-0.7777529358863831,-11.767117023468018,0.0,9.69792127609253,-0.5201184749603271,-11.748939037322998,7.6023243309464306e-06,10.681801795959473,0.5,0.5794669389724731,0.067138671875,1.9630863666534424,6.176985740661621,0.38419342041015625,0.21647833011124362,0.17909523844718933,0.40873242914676666,0.7645238220691685,0.7310074244628595,0.637996107339859,1.355907917022705,2.1322097063064605,-0.0004541196976788342,0.030462044291198254,0.1470174521207812,0.06998221576213837,0.5304353535175323,1.0,0.14723671227693558,0.4887491464614868,0.8753904283046727,0.1462835967540741,0.7153834998607635,2.0611824035644557,1000000,13.467208862304688,13.467208862304688,99.54725259042434,0.18504181504249573
hopper-medium-replay-v2,10.0,2,mpi4,own,4,4,2.5,4096,3,190.41384987695312,0.039387891189882236,0.026258594126588156,0.6650062799453735,4.303445816040039,0.573266863822937,3.6999173164367676,0.6547400951385498,0.018241196870803833,-0.0007790701964669466,0.42333984375,0.18937791526284942,0.19005679955823407,0.29374285222788565,-1.4404982328414917,-12.299229621887207,0.0,8.771464824676514,-1.299223780632019,-13.5985746383667,-0.0010943588567897677,9.473852157592773,0.48486328125,0.6244229674339294,0.09285481770833333,2.057281017303467,6.150094509124756,0.2950705289840698,0.19329321141382394,0.1623750850558281,0.35639555752277374,0.6729219198226939,0.8079246461720686,0.6995082497596741,1.5160497426986694,2.3179695129394537,-0.0014976747916080058,0.020497675985097885,0.11415609680116198,0.06625126674771309,0.6549906432628632,1.0,0.1345936879515648,0.46569259464740753,0.8616881370544436,0.13282682746648788,0.7105779051780701,2.1212395787239093,1000000,13.467208862304688,13.467208862304688,99.54725259042434,0.14463260769844055
hopper-medium-replay-v2,10.0,3,mpi4,own,1,4,2.5,4096,3,188.21672158105468,0.039847681635290615,0.026565121090193745,1.487348198890686,1.487348198890686,1.3340919017791748,1.3340919017791748,1.6383693218231201,0.13314488530158997,-0.09363329996450886,0.116455078125,0.31630489388655847,0.3362225863436237,0.20489912290628287,-0.49965742230415344,-6.98246693611145,-0.1204816997051239,6.217617034912109,-0.4410448670387268,-7.664865732192993,-0.04568440467119217,7.174578428268433,0.4775390625,0.7229587435722351,0.037027994791666664,1.817829966545105,5.699855804443359,0.19297337532043457,0.5462325286191572,0.4897258132696152,0.9806327819824219,1.52430894970894,0.5462325286191572,0.4897258132696152,0.9806327819824219,1.52430894970894,-0.055708859115839005,0.002145035658031702,0.12802904397249318,0.18665693700313568,0.9999999403953552,1.0,0.2881785035133362,0.7063089907169342,0.9628729343414308,0.11711001768708229,0.4484587162733078,1.1940046012401617,1000000,13.79190731048584,13.79190731048584,98.46201321946555,
hopper-medium-replay-v2,10.0,3,mpi4,own,2,4,2.5,4096,3,188.21672158105468,0.039847681635290615,0.026565121090193745,0.9490849375724792,2.4364330768585205,0.7870723009109497,2.121164321899414,0.9069750308990479,0.026601111516356468,-0.0013885562287914155,0.3974609375,0.19296921155194824,0.21206896373799822,0.26487100078710424,-0.7974450588226318,-10.35516881942749,0.0,8.322465419769287,-0.8600729703903198,-11.018274784088135,-0.0004415321018313989,9.423763751983643,0.49365234375,0.596011221408844,0.05224609374999999,1.8966329097747803,5.804339408874512,0.3451951742172241,0.23948278006770352,0.2082320600748062,0.4256823807954788,0.7751911878585819,0.6255611475323803,0.5517649054527283,1.1429685354232788,1.7881096601486228,-0.0027146321954205632,0.026056083850562572,0.15615705102682145,0.07929239049553871,0.6071212589740753,1.0,0.16110572963953018,0.49995221197605133,0.8898545682430272,0.13015104830265045,0.6568089127540588,1.7148802459239985,1000000,13.79190731048584,13.79190731048584,98.46201321946555,0.08353406190872192
hopper-medium-replay-v2,10.0,3,mpi4,own,3,4,2.5,4096,3,189.16349892480468,0.039648241032913874,0.026432160688609246,0.8469247817993164,3.283357858657837,0.7390521764755249,2.8602161407470703,0.810866117477417,0.020600441843271255,0.0017856088185776997,0.455322265625,0.16956297072577453,0.192282909412127,0.28176594179399683,-0.3259473145008087,-10.900739669799805,0.0,9.543291091918945,-0.456845223903656,-11.59205436706543,0.0002952225331682712,10.283523559570312,0.50439453125,0.5904363393783569,0.069091796875,1.980018973350525,5.8684282302856445,0.3517235815525055,0.2034010806539186,0.16895312815904617,0.37822072207927704,0.7067399412393576,0.7132000110727859,0.623001217842102,1.3164219856262207,2.0441139817237852,-0.0008781257783994079,0.026663098484277725,0.1294265054166319,0.06728977337479591,0.4971796125173569,1.0,0.14050106704235077,0.46756237745285034,0.8795628845691682,0.13933758437633514,0.6738803386688232,1.8429972946643933,1000000,13.79190731048584,13.79190731048584,98.46201321946555,0.16957268118858337
hopper-medium-replay-v2,10.0,3,mpi4,own,4,4,2.5,4096,3,190.00807289941406,0.03947200708661641,0.02631467139107761,0.6605881452560425,3.94394588470459,0.5762695670127869,3.436486005783081,0.6482722759246826,0.01878642663359642,-0.0014032658966702805,0.42578125,0.17480947253953577,0.19216572181057145,0.2752871061552594,-0.6493477821350098,-11.476634979248047,0.0,9.125531196594238,-0.5188089609146118,-11.886423587799072,-0.0011891626054421067,10.340869426727295,0.484130859375,0.6129601001739502,0.09041341145833333,2.070042371749878,5.873856067657471,0.3206755816936493,0.19721716874192907,0.16857148706912994,0.364890456199646,0.6471590459346774,0.797005841940063,0.6907028257846832,1.4817850589752197,2.2138417482376123,-0.0014787778491154313,0.021164176985621452,0.08487381003797063,0.0659635066986084,0.5419137179851532,1.0,0.1402686983346939,0.4593130201101303,0.8587554246187219,0.1314607635140419,0.6654102504253387,1.9316324472427402,1000000,13.79190731048584,13.79190731048584,98.46201321946555,0.13969887793064117
hopper-medium-replay-v2,4.0,0,mpi4,own,1,4,1.0,4096,3,165.90936379296875,0.018082162039651798,0.012054774693101199,1.2854700088500977,1.2854700088500977,1.1270114183425903,1.1270114183425903,1.3579885959625244,0.12016987055540085,-0.10467381694521372,0.048095703125,0.3127276522891056,0.3273680115563238,0.12259114576983593,-0.8912805914878845,-10.525116920471191,-0.3903788626194,8.251739025115967,-0.7312695980072021,-11.177114009857178,-0.3077208399772644,9.35729455947876,0.45947265625,0.7897765636444092,0.03841145833333333,2.3892955780029297,7.694477081298828,0.12108699977397919,0.518936099911457,0.46367986500263214,0.929849237203598,1.4747053384780895,0.518936099911457,0.46367986500263214,0.929849237203598,1.4747053384780895,-0.06183614954352379,-0.005923887249082327,0.034006868489086746,0.18569087237119675,0.9999999403953552,1.0,0.27810437977313995,0.6803292632102966,0.9490662187337876,0.07363170385360718,0.287009134888649,0.7214074194431307,1000000,25.70918846130371,25.70918846130371,98.72305424494554,
hopper-medium-replay-v2,4.0,0,mpi4,own,2,4,1.0,4096,3,165.90936379296875,0.018082162039651798,0.012054774693101199,1.0022119283676147,2.287682056427002,0.907775342464447,2.0347867012023926,0.9770775437355042,0.019097253680229187,-0.007015815415472915,0.26708984375,0.19844617446393392,0.2080196902100191,0.19160719726376318,-0.7471619248390198,-16.184544563293457,0.0,13.639360904693604,-0.8375483751296997,-17.598127365112305,-6.59439574519638e-05,15.11409044265747,0.498291015625,0.6365531086921692,0.03841145833333333,2.4370903968811035,7.715479850769043,0.28846678137779236,0.2046500118167387,0.17965008318424225,0.3652142882347107,0.6144424587488176,0.5726873957230509,0.5133134722709656,1.0332497954368591,1.5936765253543856,-0.0046516177244484425,0.0084146186709404,0.06925815567374238,0.07953924685716629,0.6437903642654419,1.0,0.15283586084842682,0.4978325366973877,0.8618258386850358,0.09677307307720184,0.4721290022134781,1.2705853819847137,1000000,25.70918846130371,25.70918846130371,98.72305424494554,0.04667012393474579
hopper-medium-replay-v2,4.0,0,mpi4,own,3,4,1.0,4096,3,166.90416054589843,0.017974387158401627,0.01198292477226775,1.0584514141082764,3.346133232116699,1.0049629211425781,3.0397496223449707,0.9492207169532776,0.014727223664522171,-0.002043880640608453,0.34326171875,0.16524470470467995,0.17776292420695938,0.1894980437270374,-1.0514127016067505,-16.479851722717285,0.0,14.135833263397217,-0.6721760630607605,-17.253307342529297,0.00032711238600313663,15.207183837890625,0.504150390625,0.6021227836608887,0.04720052083333333,2.500601291656494,7.881973743438721,0.3432043194770813,0.17207050904333698,0.14546896517276764,0.316508486866951,0.5966171741485603,0.6277354006873566,0.5546097457408905,1.1471776366233826,1.8145998001098638,-0.0018813348724506795,0.009672772139310837,0.08146923892200011,0.05885789357125759,0.5059846639633179,1.0,0.12535686790943146,0.44151853024959564,0.8569241613149647,0.0901128426194191,0.4764593839645386,1.3568352282047276,1000000,25.70918846130371,25.70918846130371,98.72305424494554,0.1467512995004654
hopper-medium-replay-v2,4.0,0,mpi4,own,4,4,1.0,4096,3,167.95828347070312,0.017861578113372946,0.01190771874224863,0.7439447641372681,4.090077877044678,0.7140949964523315,3.753844738006592,0.6913292407989502,0.011360792443156242,-0.002502107347318816,0.342529296875,0.16549656708674845,0.16811186899190272,0.20786470923205771,-1.8497679233551025,-18.70511817932129,0.0,13.915067672729492,-2.011441230773926,-19.817441940307617,-0.0008494253852404654,14.951626300811768,0.489501953125,0.630768895149231,0.060791015625,2.5430045127868652,7.976830959320068,0.27936455607414246,0.15247237901951394,0.1293368563055992,0.2801176458597183,0.49893916696310114,0.6748545572399962,0.588806539773941,1.2525190114974976,2.0010325193405154,-0.0018876452813856304,0.008594722487032413,0.061549353972077614,0.05401071161031723,0.5246020555496216,1.0,0.11333274468779564,0.4209437817335129,0.8270141392946261,0.08287543058395386,0.5050334632396698,1.5193660557270086,1000000,25.70918846130371,25.70918846130371,98.72305424494554,0.14465400576591492
hopper-medium-replay-v2,4.0,1,mpi4,own,1,4,1.0,4096,3,163.85421852929687,0.018308957968412663,0.012205971978941776,1.1522161960601807,1.1522161960601807,1.1189035177230835,1.1189035177230835,1.225461483001709,0.12332938611507416,-0.10926546517624303,0.0498046875,0.3187132669844222,0.3418839808024785,0.13123623207420487,-0.3915126323699951,-10.111645698547363,-0.18936321884393692,9.720553398132324,-0.4176129102706909,-11.349964618682861,-0.20080310106277466,10.801158905029297,0.46435546875,0.7868490219116211,0.03670247395833333,2.2746410369873047,7.6262359619140625,0.12244042009115219,0.52569144996869,0.47544801235198975,0.9385759830474854,1.469401252269749,0.52569144996869,0.47544801235198975,0.9385759830474854,1.469401252269749,-0.06615229696035385,-0.00523634348064661,0.028367557004094247,0.1885806992650032,1.0,1.0,0.2907533198595047,0.7086446285247803,0.958106166124344,0.07856119051575661,0.3067997992038727,0.8254273563623429,1000000,19.233070373535156,19.233070373535156,98.54267334588171,
hopper-medium-replay-v2,4.0,1,mpi4,own,2,4,1.0,4096,3,163.85421852929687,0.018308957968412663,0.012205971978941776,1.047017216682434,2.1992335319519043,0.9449560642242432,2.063859462738037,0.9893473982810974,0.02110789157450199,-0.008328029295358697,0.264892578125,0.20530931286684811,0.2114094682040033,0.18816970437257471,-0.02873779833316803,-15.471097469329834,0.0,14.761384010314941,-0.41843289136886597,-17.362722396850586,-1.7631054106459487e-05,15.908442497253418,0.499755859375,0.6335923671722412,0.039713541666666664,2.347490072250366,7.8150315284729,0.28628700971603394,0.21187165904893845,0.18359670042991638,0.3834400475025177,0.6862856507301337,0.5746228801767757,0.5140818655490875,1.0347842574119568,1.5915284574031856,-0.0047822981141507626,0.0078841308131814,0.07254382558166997,0.08372258394956589,0.6582847237586975,1.0,0.16050545126199722,0.49766843020915985,0.8881700456142428,0.09684167802333832,0.4986628592014313,1.2369640052318578,1000000,19.233070373535156,19.233070373535156,98.54267334588171,0.022814901545643806
hopper-medium-replay-v2,4.0,1,mpi4,own,3,4,1.0,4096,3,164.8974619375,0.018193124167896958,0.012128749445264639,0.9194115400314331,3.1186447143554688,0.8770415186882019,2.940901041030884,0.8947300910949707,0.013197561725974083,-0.002046248702032072,0.34619140625,0.15620579416153138,0.17604023351596904,0.19591655844854228,-1.0148193836212158,-17.2774019241333,0.0,13.577721118927002,-0.7329846620559692,-17.511446952819824,-0.00034944758226629347,15.566254138946533,0.4951171875,0.6099339723587036,0.04972330729166666,2.407001256942749,7.792702674865723,0.3225666284561157,0.1655006913337047,0.1419818252325058,0.3016020953655243,0.5523108363151555,0.6254352330035999,0.5479475557804108,1.134693205356598,1.8073060393333436,-0.0019063408253714442,0.010855655185878277,0.06866353265941147,0.05591438710689545,0.44886502623558044,1.0,0.1225653700530529,0.43401946127414703,0.8056849420070649,0.08915090188384056,0.5146431624889374,1.4314635276794436,1000000,19.233070373535156,19.233070373535156,98.54267334588171,0.156028151512146
hopper-medium-replay-v2,4.0,1,mpi4,own,4,4,1.0,4096,3,165.81598000390625,0.018092345502100142,0.01206156366806676,0.7586373090744019,3.8772826194763184,0.6977866888046265,3.6386876106262207,0.7021980881690979,0.01296066865324974,-0.0038103168847491986,0.327392578125,0.17517261596559855,0.18104279888654262,0.20321186560516175,-0.9331472516059875,-18.83862590789795,0.0,14.807746887207031,-0.7076154947280884,-19.404234886169434,0.0002230546742794104,15.937242984771729,0.50244140625,0.6391901969909668,0.06054687499999999,2.465486526489258,7.906042098999023,0.2507363557815552,0.1625532065323938,0.13513802736997604,0.3019842952489853,0.5494610220193864,0.6756601357692489,0.5953295826911926,1.2384952306747437,2.0123515367507947,-0.00224861572496593,0.008714919909834862,0.05329067483544359,0.06322451680898666,0.557545393705368,1.0,0.12504572421312332,0.4498060792684555,0.8539115130901345,0.09391307830810547,0.5276898443698883,1.5423778951168086,1000000,19.233070373535156,19.233070373535156,98.54267334588171,0.03905964270234108
hopper-medium-replay-v2,4.0,2,mpi4,own,1,4,1.0,4096,3,161.836670921875,0.018537207809027532,0.012358138539351688,1.2202515602111816,1.2202515602111816,1.0652637481689453,1.0652637481689453,1.3802440166473389,0.12214574217796326,-0.10706570649485414,0.051025390625,0.32797321312259553,0.33815487308952186,0.1330556477511089,-0.6940363049507141,-10.565892219543457,-0.3656299114227295,9.38141393661499,-0.6582976579666138,-11.679038047790527,-0.2395327016711235,10.447142601013184,0.4609375,0.7831342220306396,0.035563151041666664,2.1324799060821533,7.666103839874268,0.12234257161617279,0.5212335639823777,0.4690644294023514,0.9283212721347809,1.4778010725975044,0.5212335639823777,0.4690644294023514,0.9283212721347809,1.4778010725975044,-0.06314942240715027,-0.004773988854140043,0.030580044258385935,0.19497080892324448,1.0,1.0,0.29113130271434784,0.7048346400260925,0.9595252037048343,0.08116688206791878,0.3078649044036865,0.7879187792539614,1000000,30.846059799194336,30.846059799194336,99.70799567565926,
hopper-medium-replay-v2,4.0,2,mpi4,own,2,4,1.0,4096,3,161.836670921875,0.018537207809027532,0.012358138539351688,0.925251305103302,2.1455025672912598,0.8411833047866821,1.9064470529556274,0.9010010957717896,0.021373379975557327,-0.009938995526599825,0.25537109375,0.19830337777318033,0.21058575589676742,0.1857248797384057,-0.4131646752357483,-15.032521724700928,0.0,14.067041397094727,-0.5701041221618652,-16.665425300598145,5.383381176216062e-05,15.067413806915283,0.501220703125,0.6469777822494507,0.034342447916666664,2.15653657913208,7.70697021484375,0.2615213096141815,0.2132841784930406,0.1848846971988678,0.3871790021657944,0.6838467836380008,0.5739512974191712,0.5067702829837799,1.0440936088562012,1.6186095774173745,-0.005094920285046101,0.007844839245080948,0.05430865865200783,0.08278537169098854,0.632723867893219,1.0,0.15775736421346664,0.5013767182826996,0.8725027769804006,0.09483560919761658,0.48791421949863434,1.2137447178363812,1000000,30.846059799194336,30.846059799194336,99.70799567565926,0.021208349615335464
hopper-medium-replay-v2,4.0,2,mpi4,own,3,4,1.0,4096,3,162.75273232324218,0.018432870263841217,0.012288580175894143,1.0905029773712158,3.2360057830810547,0.9739845991134644,2.880431652069092,1.0056676864624023,0.016377709805965424,-0.00297697581074452,0.322509765625,0.17914044229740703,0.1952768585656699,0.19364041741488125,-0.629111111164093,-16.959097862243652,0.0,15.730005741119385,-0.2403433918952942,-16.75029945373535,0.0001297496201004833,16.352416038513184,0.5009765625,0.618571400642395,0.039957682291666664,2.2275094985961914,7.935325622558594,0.30496010184288025,0.18368363746776595,0.15468855947256088,0.33288605511188507,0.6327447444200517,0.628075465591337,0.5498231947422028,1.1562580466270447,1.9004814088344602,-0.0026216888800263405,0.010631297249346972,0.07829985134303655,0.0667477697134018,0.5555275976657867,1.0,0.13947109878063202,0.4698857069015503,0.9049414843320851,0.09807012602686882,0.49335329234600067,1.4492050707340247,1000000,30.846059799194336,30.846059799194336,99.70799567565926,0.014089066535234451
hopper-medium-replay-v2,4.0,2,mpi4,own,4,4,1.0,4096,3,163.84336953027343,0.01831017030839132,0.012206780205594214,0.7328326106071472,3.9688382148742676,0.6545180082321167,3.534949779510498,0.6999019384384155,0.011761937290430069,-0.002816410223532184,0.339599609375,0.1671214799363629,0.17312078873885106,0.19081483126613172,-0.9775693416595459,-17.229145050048828,0.0,15.279443740844727,-1.124807357788086,-18.6025390625,-0.0004881682398263365,15.886207580566406,0.492431640625,0.6270566582679749,0.05729166666666666,2.3186326026916504,7.998779296875,0.2855209410190582,0.15683486644405775,0.13509904593229294,0.2851644903421402,0.5018404901027681,0.6777351448777154,0.5808351635932922,1.2634141445159912,2.023248529434206,-0.0018482481827959418,0.009005295112729073,0.0536498283967377,0.05556960590183735,0.5505474507808685,1.0,0.1168297715485096,0.42971712350845337,0.8603042095899588,0.08720328286290169,0.5080307722091675,1.2711059331893932,1000000,30.846059799194336,30.846059799194336,99.70799567565926,0.09094022214412689
hopper-medium-replay-v2,4.0,3,mpi4,own,1,4,1.0,4096,3,165.2105722890625,0.01815864419833264,0.012105762798888427,1.2653400897979736,1.2653400897979736,1.1224594116210938,1.1224594116210938,1.3840348720550537,0.12211403250694275,-0.1067961280420473,0.048095703125,0.3228431707125983,0.33421736953275527,0.12739334725413753,-0.7850087881088257,-10.25832986831665,-0.5425364971160889,8.6127290725708,-0.7880220413208008,-11.335836410522461,-0.38355758786201477,9.666505813598633,0.447265625,0.7866696119308472,0.03499348958333333,2.178727149963379,7.717495918273926,0.12609243392944336,0.5225721082265409,0.4698654115200043,0.9325390756130219,1.4600789129734058,0.5225721082265409,0.4698654115200043,0.9325390756130219,1.4600789129734058,-0.06343602761626244,-0.005506304558366537,0.029902327060699566,0.1894393339753151,1.0,1.0,0.2816936671733856,0.7019066512584686,0.9560211509466172,0.07841284945607185,0.2905963659286499,0.792010900378228,1000000,18.802410125732422,18.802410125732422,98.74302431067728,
hopper-medium-replay-v2,4.0,3,mpi4,own,2,4,1.0,4096,3,165.2105722890625,0.01815864419833264,0.012105762798888427,0.9498933553695679,2.215233325958252,0.8667017221450806,1.9891611337661743,0.901610255241394,0.020320285111665726,-0.00882110114357193,0.266845703125,0.1993715934748805,0.20484776759839818,0.1805713592911493,-0.5893591046333313,-15.305543899536133,0.0,13.684153079986572,-0.25428980588912964,-15.526496887207031,-0.0007570349553134292,15.623229503631592,0.48876953125,0.6432721614837646,0.03841145833333333,2.175905704498291,7.83579683303833,0.26207950711250305,0.20872871586129804,0.18131062388420105,0.3765323758125305,0.6767637312412262,0.5713941548019648,0.5101979672908783,1.023920714855194,1.5994486510753665,-0.00492110988125205,0.008478254079818726,0.0561863336712123,0.0781647339463234,0.6676432192325592,1.0,0.15225107967853546,0.4856117516756058,0.8682119756937037,0.0906083881855011,0.4543595165014267,1.3212313830852525,1000000,18.802410125732422,18.802410125732422,98.74302431067728,0.021753931418061256
hopper-medium-replay-v2,4.0,3,mpi4,own,3,4,1.0,4096,3,166.157959984375,0.018055108526140493,0.012036739017426995,0.8987879753112793,3.1140213012695312,0.8191846609115601,2.8083457946777344,0.8262892365455627,0.012882046401500702,-0.0020635707696787797,0.3544921875,0.16809307572969778,0.17885967607886855,0.1995828790640241,-0.6804455518722534,-18.027694702148438,0.0,15.441174507141113,-0.7559328079223633,-18.733869552612305,-0.0003041802701773122,16.450700759887695,0.495849609375,0.6123859882354736,0.044189453125,2.225635528564453,7.966323375701904,0.2983289062976837,0.16326014449430204,0.14047343283891678,0.29458895325660706,0.547227093577385,0.6238448012172739,0.5540373027324677,1.1220831274986267,1.775726878643036,-0.0019324632594361901,0.010432318784296513,0.07497483603656294,0.06068628653883934,0.5043985247612,1.0,0.1251724809408188,0.43466290831565857,0.856183055043221,0.09751289710402489,0.5225048959255219,1.4321768820285796,1000000,18.802410125732422,18.802410125732422,98.74302431067728,0.09903638809919357
hopper-medium-replay-v2,4.0,3,mpi4,own,4,4,1.0,4096,3,167.05125527246093,0.017958560054559265,0.011972373369706177,0.79853355884552,3.912554979324341,0.7182765007019043,3.5266222953796387,0.765502393245697,0.012811550870537758,-0.003251208515711035,0.337158203125,0.17096158838820247,0.17914767937424259,0.1967283537615541,-0.8532683849334717,-17.777106285095215,0.0,15.511701583862305,-0.7304084300994873,-18.674782752990723,-0.0012863181764259934,16.62843608856201,0.482421875,0.6277458667755127,0.05745442708333333,2.2861225605010986,8.08395004272461,0.27500253915786743,0.16396877944788457,0.1420011967420578,0.29127174615859985,0.5568586856126791,0.6747062462283111,0.5927211046218872,1.2345949411392212,1.9548096954822547,-0.002112952759489417,0.0086328093893826,0.05812449790537365,0.060084572061896324,0.5219449400901794,1.0,0.12437505275011063,0.4398926645517349,0.850114688277245,0.09177792072296143,0.49357283115386963,1.360320436954499,1000000,18.802410125732422,18.802410125732422,98.74302431067728,0.10706024616956711
hopper-medium-replay-v2,7.0,0,mpi4,own,1,4,1.75,4096,3,179.73605446679687,0.029209498425758793,0.019472998950505863,1.2286547422409058,1.2286547422409058,1.1259572505950928,1.1259572505950928,1.4216039180755615,0.12452968955039978,-0.10060409326390385,0.08056640625,0.3213436365026453,0.3359451276106018,0.16904720407836699,-0.6776161193847656,-8.224292278289795,-0.2651851773262024,7.046371221542358,-0.6429558992385864,-9.721831798553467,-0.15009359270334244,8.152082920074463,0.46337890625,0.7531400918960571,0.036051432291666664,1.8548755645751953,6.314007759094238,0.14963825047016144,0.5312254088339614,0.4811560809612274,0.9376001060009003,1.4583984494209299,0.5312254088339614,0.4811560809612274,0.9376001060009003,1.4583984494209299,-0.05992595665156841,-0.0023850785801187158,0.09546626657247548,0.1874580755829811,1.0,1.0,0.28300365805625916,0.7008414268493652,0.96205073595047,0.10278704389929771,0.3862231969833374,1.0341870009899148,1000000,15.76220703125,15.76220703125,99.75351680753077,
hopper-medium-replay-v2,7.0,0,mpi4,own,2,4,1.75,4096,3,179.73605446679687,0.029209498425758793,0.019472998950505863,1.1350491046905518,2.363703727722168,1.0279604196548462,2.1539177894592285,1.056570053100586,0.025711607187986374,-0.003608798020742654,0.3681640625,0.19698294105914035,0.2199312489460583,0.23721253233984294,-0.3033577501773834,-13.039116859436035,0.0,11.490301609039307,-0.3042721748352051,-13.899211883544922,-0.0005152020021341741,12.6690354347229,0.4921875,0.5923998355865479,0.03955078125,1.8991062641143799,6.510903835296631,0.3483457565307617,0.2313456746263114,0.19717593491077423,0.41458405554294586,0.7772596329450615,0.6021482986548108,0.5376453101634979,1.091970443725586,1.7157281100749977,-0.0032419043127447367,0.018487460911273956,0.11488067619502569,0.08522254973649979,0.6306039690971375,1.0,0.16653163731098175,0.5112415552139282,0.9003590613603596,0.12584732472896576,0.5994426906108856,1.4180826485157023,1000000,15.76220703125,15.76220703125,99.75351680753077,0.06979764252901077
hopper-medium-replay-v2,7.0,0,mpi4,own,3,4,1.75,4096,3,180.8594980703125,0.029028058000907228,0.019352038667271487,1.002852439880371,3.366556167602539,0.9119996428489685,3.065917491912842,0.9415607452392578,0.018415573984384537,0.0009916637286657703,0.411865234375,0.17202077108698471,0.19316583562003586,0.23320477297908188,-0.9780933856964111,-13.923216819763184,0.0,11.600720882415771,-0.7837195992469788,-14.53631591796875,-0.0006311408942565322,12.613465309143066,0.48828125,0.5874144434928894,0.05403645833333333,1.9808881282806396,6.627778053283691,0.3542705178260803,0.19234295448535477,0.16157300770282745,0.3520039916038513,0.7141645431518556,0.6792996562289773,0.5969301760196686,1.2311089634895325,1.9933795332908635,-0.0013535014586523175,0.019183147698640823,0.11303115859627856,0.06712320819497108,0.5176185071468353,1.0,0.14167510718107224,0.47224242985248566,0.8472118824720395,0.1242041103541851,0.6149605214595795,1.4555210947990425,1000000,15.76220703125,15.76220703125,99.75351680753077,0.21717551350593567
hopper-medium-replay-v2,7.0,0,mpi4,own,4,4,1.75,4096,3,181.85867409570312,0.028868570752018062,0.01924571383467871,0.6789576411247253,4.04551362991333,0.5919314622879028,3.657849073410034,0.6342862248420715,0.014698583632707596,-0.0016315596085498818,0.396484375,0.18558934431670865,0.18589364308567724,0.2373541103179585,-0.9615392088890076,-14.210853099822998,0.0,10.742590427398682,-0.7960652112960815,-14.387514114379883,-0.0008248415833804756,11.714454650878906,0.4833984375,0.6242120265960693,0.07747395833333333,2.0520429611206055,6.660354137420654,0.29732614755630493,0.17502945303931483,0.14954690635204315,0.3125007152557373,0.6012083709239966,0.7421512788878317,0.6420956254005432,1.3555477261543274,2.1657196879386924,-0.0016930198762565851,0.014494739472866058,0.07508445940911776,0.06085565872490406,0.6398349404335022,1.0,0.12709356099367142,0.47207823395729065,0.8518316686153417,0.11541672050952911,0.6287381947040558,1.6063418269157457,1000000,15.76220703125,15.76220703125,99.75351680753077,0.1795739233493805
hopper-medium-replay-v2,7.0,1,mpi4,own,1,4,1.75,4096,3,178.27926735742187,0.029448180250116106,0.019632120166744073,1.2968053817749023,1.2968053817749023,1.2660186290740967,1.2660186290740967,1.4369995594024658,0.1291559636592865,-0.10369691610565823,0.09033203125,0.31200515061330825,0.33831158854234733,0.16932124809342833,-0.5190715789794922,-8.400535583496094,-0.1692785695195198,7.376828193664551,-0.496341347694397,-9.057583808898926,-0.12441975623369217,8.340842723846436,0.471923828125,0.7454378604888916,0.034912109375,1.929605484008789,6.376863479614258,0.16409818828105927,0.5367776817971617,0.4827560633420944,0.9764560163021088,1.4917905092239385,0.5367776817971617,0.4827560633420944,0.9764560163021088,1.4917905092239385,-0.060385823249816895,-0.0012530013918876648,0.07029570862650886,0.17427748441696167,0.9999999701976776,1.0,0.2847772687673569,0.7183323800563812,0.962611019611359,0.10152392461895943,0.3836802989244461,1.0013904869556456,1000000,16.9232177734375,16.9232177734375,99.64650942979311,
hopper-medium-replay-v2,7.0,1,mpi4,own,2,4,1.75,4096,3,178.27926735742187,0.029448180250116106,0.019632120166744073,1.036191463470459,2.3329968452453613,0.9496941566467285,2.215712785720825,0.9225143194198608,0.025645216926932335,-0.005302581516012594,0.36865234375,0.2067855644264615,0.22069538589702664,0.23987068076662643,0.17581957578659058,-12.347885131835938,0.0,12.315060138702393,0.01805886998772621,-13.032109260559082,7.244859807542525e-05,13.268033027648926,0.5009765625,0.6048928499221802,0.03963216145833333,1.9645928144454956,6.70527458190918,0.3165549635887146,0.23178477447549994,0.19794529676437378,0.42449019849300385,0.7858754932880402,0.6035195371126747,0.5367059111595154,1.0878953337669373,1.717553436756135,-0.0031948431860655546,0.018657797016203403,0.12056214287877089,0.08398553356528282,0.698859691619873,1.0,0.1628105565905571,0.5238620638847351,0.9092026382684713,0.1255897805094719,0.6052338778972626,1.5433009624481224,1000000,16.9232177734375,16.9232177734375,99.64650942979311,0.06489872187376022
hopper-medium-replay-v2,7.0,1,mpi4,own,3,4,1.75,4096,3,179.31060891015625,0.029278803032956727,0.01951920202197115,0.9894426465034485,3.322439193725586,0.8640525341033936,3.0797653198242188,0.9156650900840759,0.01821723021566868,0.0010959020634890848,0.405517578125,0.17764256016950053,0.19271128240996438,0.2510313526553015,-0.46968233585357666,-13.681577682495117,0.0,11.767868518829346,-0.5090236663818359,-14.549611568450928,-0.0004015057493234053,13.258304595947266,0.4931640625,0.5959763526916504,0.06038411458333333,2.0358448028564453,6.859886646270752,0.3417976498603821,0.19487589028881303,0.16566385328769684,0.36095766723155975,0.6478187054395687,0.6785598048215888,0.600159764289856,1.2357235550880432,1.9712474107742335,-0.0015183552168309689,0.021510139107704163,0.12317210026085394,0.06816155090928078,0.5381886661052704,1.0,0.13969305902719498,0.46834294497966766,0.8124858140945436,0.12416331470012665,0.6165797114372253,1.657777929306036,1000000,16.9232177734375,16.9232177734375,99.64650942979311,0.17303778231143951
hopper-medium-replay-v2,7.0,1,mpi4,own,4,4,1.75,4096,3,180.29425148828125,0.029119064843513544,0.019412709895675697,0.7953786849975586,4.117818355560303,0.7073652744293213,3.78713059425354,0.7486925721168518,0.01680859923362732,-0.0013681435503304917,0.405517578125,0.17282429328915283,0.1842206693723185,0.2428520949633165,-0.9425069689750671,-13.77364730834961,0.0,10.808024406433105,-0.7980068325996399,-14.94515323638916,-0.0007463582442142069,11.843361377716064,0.489990234375,0.6182761788368225,0.082763671875,2.12666392326355,6.957701683044434,0.30516430735588074,0.18439344504227506,0.15566827356815338,0.34710073471069336,0.6428729534149176,0.7493423769922174,0.6412792205810547,1.4045554995536804,2.1315037250518807,-0.001708274648990482,0.015550132375210524,0.09383254833519558,0.06354327499866486,0.5320970118045807,1.0,0.12761235982179642,0.45285695791244507,0.8497649610042579,0.11772703379392624,0.6247121691703796,1.6354160964489028,1000000,16.9232177734375,16.9232177734375,99.64650942979311,0.13784503936767578
hopper-medium-replay-v2,7.0,2,mpi4,own,1,4,1.75,4096,3,176.93899636132812,0.02967124324181734,0.019780828827878228,1.237648844718933,1.237648844718933,1.1201610565185547,1.1201610565185547,1.3982830047607422,0.13023945689201355,-0.10575773058608462,0.082763671875,0.3131468711261507,0.3290838506647731,0.1643192912237536,-0.6233907341957092,-8.193341255187988,-0.1537122055888176,6.904088497161865,-0.6706130504608154,-9.126845359802246,-0.1358186900615692,7.597187042236328,0.468017578125,0.7543688416481018,0.03304036458333333,1.9535096883773804,6.273820877075195,0.15068452060222626,0.5384264691601857,0.482843741774559,0.9657337963581085,1.51039012670517,0.5384264691601857,0.482843741774559,0.9657337963581085,1.51039012670517,-0.06335809454321861,-0.0015856909449212253,0.05785589870065467,0.1785922572016716,0.9999999403953552,1.0,0.2818758338689804,0.6993898451328278,0.9630736798048021,0.09918197989463806,0.3708752542734146,1.0101476907730138,1000000,19.05030059814453,19.05030059814453,98.25342738697698,
hopper-medium-replay-v2,7.0,2,mpi4,own,2,4,1.75,4096,3,176.93899636132812,0.02967124324181734,0.019780828827878228,0.943606436252594,2.181255340576172,0.8353083729743958,1.9554693698883057,0.8963810205459595,0.026512619107961655,-0.007847301458380862,0.31884765625,0.20559395264058933,0.21545734681855855,0.21983252439739936,-0.6611807346343994,-11.844304084777832,0.0,10.16033935546875,-0.5851476788520813,-12.259943008422852,-0.00036913946678396314,11.307071685791016,0.492919921875,0.614974856376648,0.040934244791666664,1.9960052967071533,6.4192585945129395,0.32032012939453125,0.2375729732544869,0.2091277837753296,0.4227011054754257,0.775221344828608,0.5992162273892063,0.5331824421882629,1.0919498801231384,1.707801634073259,-0.004720130702480674,0.01515445951372385,0.1004576079547412,0.08459509909152985,0.6654127240180969,1.0,0.15843922644853592,0.5125165283679962,0.8660636395215988,0.11614828556776047,0.5455866158008575,1.3638902068138123,1000000,19.05030059814453,19.05030059814453,98.25342738697698,0.02584826573729515
hopper-medium-replay-v2,7.0,2,mpi4,own,3,4,1.75,4096,3,177.8724375234375,0.029515534127136644,0.01967702275142443,0.8604474067687988,3.0417027473449707,0.7405693531036377,2.6960387229919434,0.8242953419685364,0.017258649691939354,-0.00032760706710899257,0.42041015625,0.16728654443508711,0.18998994600620733,0.2418169037494533,-0.8839887976646423,-13.140822410583496,0.0,10.801176071166992,-0.9238678216934204,-14.156063556671143,0.00026680281735025346,11.492467403411865,0.50439453125,0.5866599082946777,0.05729166666666666,2.05195951461792,6.479278564453125,0.3614143431186676,0.19020274176369867,0.16227788478136063,0.3492228090763092,0.6425673544406895,0.6694441881579678,0.5882095992565155,1.2223852276802063,1.927075523138047,-0.0013406859361566603,0.018917949870228767,0.10391636975109622,0.061550840735435486,0.5031410455703735,1.0,0.13253024965524673,0.4745684713125229,0.8416721463203433,0.11673640832304955,0.6220409870147705,1.7773777902126324,1000000,19.05030059814453,19.05030059814453,98.25342738697698,0.07904710620641708
hopper-medium-replay-v2,7.0,2,mpi4,own,4,4,1.75,4096,3,178.72648720605468,0.02937449329459068,0.01958299552972712,0.6121827363967896,3.6538853645324707,0.5372127890586853,3.2332515716552734,0.5875675678253174,0.014303849078714848,-0.0023154766353150613,0.3974609375,0.17686695473424197,0.18194311950740488,0.24216290396288195,-1.2578940391540527,-14.112055778503418,0.0,10.882235527038574,-1.253230094909668,-14.595075607299805,-0.0008809538558125496,11.373665809631348,0.4853515625,0.6207276582717896,0.07706705729166666,2.0947489738464355,6.503822326660156,0.3009277582168579,0.17208491162348594,0.14662190526723862,0.3125593811273575,0.5571540683507924,0.7331184243998905,0.6456958651542664,1.3448646068572998,2.0831406712532057,-0.0015720026567578316,0.013273586519062519,0.07268218509852903,0.06287708878517151,0.5530991852283478,1.0,0.12333040311932564,0.4496503174304962,0.8623448461294174,0.11555304750800133,0.6222095489501953,1.720565241575243,1000000,19.05030059814453,19.05030059814453,98.25342738697698,0.1495419144630432
hopper-medium-replay-v2,7.0,3,mpi4,own,1,4,1.75,4096,3,179.66461281640625,0.029221113260432724,0.019480742173621817,1.3845754861831665,1.3845754861831665,1.2781647443771362,1.2781647443771362,1.5612537860870361,0.12869742512702942,-0.10172486506249179,0.09130859375,0.31605283420447405,0.33911641900084133,0.17002702758470473,-1.0212676525115967,-9.037059783935547,-0.49037380516529083,6.928193092346191,-0.9783052802085876,-9.632944107055664,-0.38661690056324005,7.698457717895508,0.44775390625,0.7508737444877625,0.035400390625,1.884337306022644,6.387606620788574,0.14791585505008698,0.5383756876954067,0.4818643480539322,0.9530204832553864,1.4829090356826793,0.5383756876954067,0.4818643480539322,0.9530204832553864,1.4829090356826793,-0.062256816774606705,-0.0012340996181592345,0.07068882659077658,0.18109147995710373,0.9999999403953552,1.0,0.2914850562810898,0.708797425031662,0.9553001403808595,0.1025376170873642,0.3918842673301697,1.0465625345706946,1000000,16.550325393676758,16.550325393676758,96.57804084425456,
hopper-medium-replay-v2,7.0,3,mpi4,own,2,4,1.75,4096,3,179.66461281640625,0.029221113260432724,0.019480742173621817,0.9478130340576172,2.332388401031494,0.8628367185592651,2.1410014629364014,0.8888752460479736,0.025194399058818817,-0.006730295233820627,0.3212890625,0.20713744272791398,0.21641840468202633,0.2318642125549459,-0.9298490285873413,-12.835785388946533,0.0,10.437362670898438,-1.0568675994873047,-13.346303462982178,-0.0017801831709221005,11.169581890106201,0.475341796875,0.6187117099761963,0.04150390625,1.928290605545044,6.502696514129639,0.3046932816505432,0.2305500027277958,0.1981133297085762,0.41451917588710785,0.7477101385593429,0.6004893492627161,0.5365859866142273,1.08406400680542,1.721619880199433,-0.004394299350678921,0.014359383378177881,0.10733020342886482,0.08319591358304024,0.6973038613796234,1.0,0.1608579084277153,0.5107897520065308,0.903723093867302,0.1232985183596611,0.5829645693302155,1.601554340124131,1000000,16.550325393676758,16.550325393676758,96.57804084425456,0.04039153829216957
hopper-medium-replay-v2,7.0,3,mpi4,own,3,4,1.75,4096,3,180.6055460439453,0.02906887476601942,0.019379249844012944,0.8116503953933716,3.1440389156341553,0.7446742653846741,2.8856759071350098,0.788216769695282,0.016116999089717865,-0.0003878237088241754,0.412109375,0.1780351100091742,0.18862975950320404,0.23960081986029735,-0.93303382396698,-14.047650337219238,0.0,11.66615343093872,-0.7846851944923401,-14.808687210083008,-0.0014726773952133954,12.321763515472412,0.479248046875,0.5965478420257568,0.05810546874999999,1.981083631515503,6.5378217697143555,0.3294329345226288,0.1852608989123894,0.16060424596071243,0.3307412713766098,0.6057045876979843,0.669517606033196,0.5896152853965759,1.2103031277656555,1.959562534093858,-0.0015383419231511652,0.018670300021767616,0.09146162122488083,0.06183553859591484,0.5687343776226044,1.0,0.13047947734594345,0.4557104557752609,0.8555869340896609,0.11489159986376762,0.6440500915050507,1.5238481581211092,1000000,16.550325393676758,16.550325393676758,96.57804084425456,0.19024482369422913
hopper-medium-replay-v2,7.0,3,mpi4,own,4,4,1.75,4096,3,181.41532997949218,0.028939119977311058,0.019292746651540706,0.6449891924858093,3.7890281677246094,0.6006763577461243,3.4863522052764893,0.6391217708587646,0.018046777695417404,-0.005603163746417117,0.330078125,0.20121697188775517,0.2036543461076974,0.2265915902346387,-1.1201368570327759,-13.780599594116211,0.0,10.17551565170288,-1.1921683549880981,-14.39222002029419,-0.004270865116268396,10.793654918670654,0.4580078125,0.6357147693634033,0.07552083333333333,2.0391502380371094,6.55808162689209,0.2654358446598053,0.19941801380380753,0.17649875581264496,0.35686033964157104,0.6031516551971441,0.7413291690502319,0.6547037065029144,1.3580906391143799,2.097855055332184,-0.0036953852977603674,0.012796677649021149,0.06296358406543733,0.0744408667087555,0.6968072354793549,1.0,0.14709097146987915,0.4965788275003433,0.8802102118730547,0.11914082989096642,0.5693141222000122,1.4560652315616613,1000000,16.550325393676758,16.550325393676758,96.57804084425456,0.17011108994483948
hopper-medium-v2,10.0,0,mpi4,own,1,4,2.5,4096,3,242.81353859765625,0.030887898769217943,0.020591932512811963,0.26834625005722046,0.26834625005722046,0.24594207108020782,0.24594207108020782,0.28029054403305054,0.055175039917230606,-0.04964927223440352,0.09130859375,0.22016465508013344,0.21153433970586377,0.0720097120741977,-0.22606608271598816,-3.5746031999588013,0.0,2.527151346206665,-0.2314533293247223,-3.6634894609451294,-0.0020614881068468094,2.7136075496673584,0.455810546875,0.7902002334594727,0.068603515625,0.6531726717948914,3.235422134399414,0.14101675152778625,0.3346857688414957,0.2813897579908371,0.6486937701702118,1.0689218401908878,0.3346857688414957,0.2813897579908371,0.6486937701702118,1.0689218401908878,-0.02237757947295904,-0.00026068811712320894,0.018484606780111802,0.09084979444742203,0.7542813718318939,1.0,0.1439357027411461,0.5395970642566681,0.8959118634462366,0.02970954217016697,0.17305772006511688,0.6218350678682361,1000000,3.3176097869873047,3.3176097869873047,98.90420918117341,
hopper-medium-v2,10.0,0,mpi4,own,2,4,2.5,4096,3,242.81353859765625,0.030887898769217943,0.020591932512811963,0.18241766095161438,0.4507639408111572,0.15940937399864197,0.405351459980011,0.1763666570186615,0.0046326471492648125,-0.0008763151021327076,0.31884765625,0.08721242938785445,0.0864271189211081,0.08801438097418465,-0.3509323298931122,-5.113694906234741,0.0,3.4201934337615967,-0.34139350056648254,-4.396026849746704,-0.0007358033326454461,3.0973916053771973,0.48193359375,0.653221845626831,0.079345703125,0.6662442088127136,3.237859010696411,0.24589592218399048,0.0955151319936931,0.07834504172205925,0.1800590679049492,0.3281686201691628,0.35304862812006377,0.3003905862569809,0.6774622797966003,1.1340058803558355,-0.0008288064564112574,0.0021675481693819165,0.030573983676731885,0.0031760605052113533,0.2454640120267868,0.9999997615814209,0.0,0.26799917221069336,0.6925609976053243,0.003403480164706707,0.2581869661808014,1.0203093945980086,1000000,3.3176097869873047,3.3176097869873047,98.90420918117341,0.019438495859503746
hopper-medium-v2,10.0,0,mpi4,own,3,4,2.5,4096,3,242.9959726796875,0.03086470906201541,0.020576472708010274,0.19956150650978088,0.6503254175186157,0.17163744568824768,0.576988935470581,0.20013663172721863,0.0052375392988324165,-0.0011312675062762345,0.29541015625,0.09368842598495485,0.09523841503127883,0.09430597808242518,-0.3560236096382141,-5.118605375289917,0.0,3.713635206222534,-0.44716838002204895,-5.24765419960022,-0.0007100459188222885,3.479457139968872,0.478759765625,0.647714376449585,0.08829752604166666,0.6870526075363159,3.220858097076416,0.304207444190979,0.10321760371004984,0.09000197052955627,0.18343624472618103,0.35630585551262,0.38366841330309853,0.3225422352552414,0.7310496866703033,1.2258087098598487,-0.0010278920526616275,0.0021564054768532515,0.0324807645753026,0.00578010268509388,0.27166005969047546,0.9999998211860657,0.014958798419684172,0.3017251789569855,0.6947616428136826,0.006686765933409333,0.27138473093509674,0.9826448649168021,1000000,3.3176097869873047,3.3176097869873047,98.90420918117341,0.11845093965530396
hopper-medium-v2,10.0,0,mpi4,own,4,4,2.5,4096,3,243.19552712304687,0.03083938298012081,0.020559588653413872,0.13614976406097412,0.7864751815795898,0.11109377443790436,0.6880826950073242,0.13128496706485748,0.004161774180829525,-0.0013625908725289904,0.290283203125,0.09397261690361228,0.08568776927967292,0.08983468358962428,-0.1238950863480568,-4.6660120487213135,0.0,3.7322514057159424,-0.19631624221801758,-4.5801167488098145,-0.0002332670774194412,3.5303808450698853,0.492919921875,0.6656729578971863,0.09537760416666666,0.7013378143310547,3.212498188018799,0.2495409995317459,0.09103117588918508,0.07667599245905876,0.16603489220142365,0.29802612513303783,0.4069215114711824,0.34069645404815674,0.7624169886112213,1.3248765528202058,-0.0009038380812853575,0.0015841559506952763,0.019887715019285702,0.0030678727198392153,0.270492285490036,0.9999997615814209,0.0,0.2754649221897125,0.6509842157363899,0.004269508644938469,0.26195669174194336,1.064383161067963,1000000,3.3176097869873047,3.3176097869873047,98.90420918117341,0.03720739483833313
hopper-medium-v2,10.0,1,mpi4,own,1,4,2.5,4096,3,242.00662331445312,0.03099088734548731,0.02066059156365821,0.2444191873073578,0.2444191873073578,0.22684180736541748,0.22684180736541748,0.2653270661830902,0.05500827729701996,-0.04995843275473355,0.08837890625,0.22573078507385486,0.22208150747475486,0.07598644228368577,-0.2956393361091614,-3.8820271492004395,0.0,2.6325944662094116,-0.2529941201210022,-3.979043126106262,-0.0017649632645770907,3.018847703933716,0.453857421875,0.7937765121459961,0.070068359375,0.628387451171875,3.2037506103515625,0.11978814005851746,0.33375632851027603,0.2831186503171921,0.6447010636329651,1.0633702158927918,0.33375632851027603,0.2831186503171921,0.6447010636329651,1.0633702158927918,-0.02325497753918171,-0.0003825771564152092,0.01662861770018956,0.08996736258268356,0.8467083871364594,1.0,0.15308266133069992,0.5714145004749298,0.9389181941747666,0.029732616618275642,0.18753071129322052,0.6446872115135196,1000000,2.83756685256958,2.83756685256958,100.77754799476534,
hopper-medium-v2,10.0,1,mpi4,own,2,4,2.5,4096,3,242.00662331445312,0.03099088734548731,0.02066059156365821,0.18663591146469116,0.43105512857437134,0.1681683361530304,0.3950101435184479,0.1831018030643463,0.004954793024808168,-0.0010987844408748837,0.29150390625,0.09838097006861182,0.1006553990480974,0.09244539850387762,-0.3943674564361572,-5.434005498886108,0.0,3.5612387657165527,-0.45986032485961914,-5.374964952468872,-0.0013283249572850764,3.245575785636902,0.46875,0.6393082737922668,0.07511393229166666,0.6423479318618774,3.183058261871338,0.3133257329463959,0.10123974420696413,0.08895494788885117,0.17152248322963715,0.3372536823153497,0.354546269935895,0.2998947203159332,0.6864916384220123,1.117262732982636,-0.001043478841893375,0.001983924419619143,0.029167964216321875,0.00621806550770998,0.2945055812597275,0.9999997615814209,0.01618849765509367,0.3040637671947479,0.7685644865036023,0.007001787191256881,0.2591034471988678,0.9832611232995997,1000000,2.83756685256958,2.83756685256958,100.77754799476534,0.008157544769346714
hopper-medium-v2,10.0,1,mpi4,own,3,4,2.5,4096,3,242.19326882226562,0.030967004312179712,0.020644669541453144,0.13957121968269348,0.5706263184547424,0.1179685965180397,0.512978732585907,0.13810892403125763,0.004379766061902046,-0.0014983642871666536,0.3056640625,0.10034660357460713,0.09824183567704381,0.09137995906704978,-0.4138749837875366,-5.353732109069824,0.0,3.6074113845825195,-0.3550886809825897,-4.995209217071533,-5.0259559429832734e-05,3.4006218910217285,0.49853515625,0.6640456914901733,0.081298828125,0.6546145081520081,3.1771955490112305,0.24187369644641876,0.09528787088399326,0.08450457826256752,0.17392966896295547,0.30670769065618575,0.37566089644371914,0.3174366354942322,0.7194318771362305,1.1833848774433142,-0.000931871181819588,0.0019005885114893317,0.02142350021749743,0.004876680439338088,0.29465359449386597,0.9999998211860657,0.010023755487054586,0.3026616722345352,0.7637078553438188,0.006228853249922395,0.27095727622509,1.009435904026036,1000000,2.83756685256958,2.83756685256958,100.77754799476534,0.06600309908390045
hopper-medium-v2,10.0,1,mpi4,own,4,4,2.5,4096,3,242.3328409658203,0.03094916879655545,0.02063277919770363,0.13230404257774353,0.7029303908348083,0.10911722481250763,0.6220959424972534,0.13107368350028992,0.004589026793837547,-0.0018592264093935107,0.248291015625,0.10099206137159658,0.09422653901390632,0.09135100061334048,-0.5080591440200806,-5.608271837234497,0.0,3.7122294902801514,-0.45464861392974854,-5.199445724487305,-0.0005580712459050119,3.4398012161254883,0.48486328125,0.6685755848884583,0.08805338541666666,0.675325334072113,3.1705727577209473,0.22922812402248383,0.09849034645134225,0.08651065453886986,0.17737434059381485,0.2948632612824441,0.4042431895707068,0.34521499276161194,0.7556402385234833,1.2608477532863622,-0.0012473443639464676,0.001391228986904025,0.01419914653524758,0.005153572885319591,0.311720073223114,0.9999998211860657,0.010955793783068657,0.2867175340652466,0.7264343440532688,0.006483890349045396,0.2748953253030777,0.969511172175408,1000000,2.83756685256958,2.83756685256958,100.77754799476534,0.09701316058635712
hopper-medium-v2,10.0,2,mpi4,own,1,4,2.5,4096,3,240.8277597890625,0.031142589237092684,0.02076172615806179,0.24119511246681213,0.24119511246681213,0.22338269650936127,0.22338269650936127,0.2569413185119629,0.05435546487569809,-0.049347837958610086,0.09130859375,0.22292045478086478,0.21907320656504936,0.07679702485224202,-0.3230627775192261,-3.65683114528656,0.0,2.659416913986206,-0.2902493476867676,-3.7648104429244995,-0.001452562864869833,2.977345585823059,0.46435546875,0.7936532497406006,0.07120768229166666,0.6753257513046265,3.378526210784912,0.11804034560918808,0.33038891473069043,0.27728086709976196,0.6516321897506714,1.0675594031810764,0.33038891473069043,0.27728086709976196,0.6516321897506714,1.0675594031810764,-0.021459052339196205,-0.0002367160705034621,0.01572998594492679,0.08993759378790855,0.7729193270206451,1.0,0.148753821849823,0.5649206042289734,0.9266440749168396,0.030937248840928078,0.1930653303861618,0.6253302723169339,1000000,1.8729265928268433,1.8729265928268433,100.86507376931652,
hopper-medium-v2,10.0,2,mpi4,own,2,4,2.5,4096,3,240.8277597890625,0.031142589237092684,0.02076172615806179,0.17270764708518982,0.41390275955200195,0.147916778922081,0.37129947543144226,0.1736929714679718,0.005035737995058298,-0.0014500283568008587,0.292236328125,0.10317464485324047,0.0980114247227526,0.10078462299207741,-0.3214819133281708,-5.232170343399048,0.0,4.151164293289185,-0.4080508053302765,-4.951075792312622,-0.0006281996029429138,3.9171414375305176,0.484130859375,0.652629017829895,0.07991536458333331,0.6797505617141724,3.3504669666290283,0.2673288881778717,0.10110644103480126,0.08781846612691879,0.17598729580640793,0.3507225692272188,0.35204781428785736,0.29532651603221893,0.6905346214771271,1.1346521854400642,-0.0010810337262228131,0.00222624558955431,0.028632928803563194,0.0063157109543681145,0.2955600917339325,0.999999824166298,0.016159601509571075,0.29755206406116486,0.7740071892738347,0.007833771640434861,0.2893597036600113,1.1142812490463259,1000000,1.8729265928268433,1.8729265928268433,100.86507376931652,0.025836745277047157
hopper-medium-v2,10.0,2,mpi4,own,3,4,2.5,4096,3,241.00045876367187,0.031120272710163575,0.020746848473442384,0.15117903053760529,0.565081775188446,0.1290736198425293,0.500373125076294,0.1550329029560089,0.0048971837386488914,-0.0017606954835033273,0.303955078125,0.0972332280362245,0.09681588471634228,0.09729038115948833,-0.49360769987106323,-5.407025098800659,0.0,3.689428925514221,-0.4581460952758789,-5.086344003677368,-0.0008702249906491488,3.4612948894500732,0.475830078125,0.632390022277832,0.084228515625,0.6889343857765198,3.307380437850952,0.30297553539276123,0.10100179646273943,0.08581654354929924,0.18761934340000153,0.3200913012027742,0.3734737211527772,0.31734608113765717,0.7143811285495758,1.1974913597106938,-0.0009320952231064439,0.0019363933242857456,0.018998769018799103,0.005483412416651845,0.2780679613351822,0.9999998211860657,0.013967352453619242,0.29339858889579773,0.7873625814914705,0.007711038459092379,0.2790790945291519,0.9636952221393599,1000000,1.8729265928268433,1.8729265928268433,100.86507376931652,-0.022640682756900787
hopper-medium-v2,10.0,2,mpi4,own,4,4,2.5,4096,3,241.15162758691406,0.031100764589684995,0.020733843059789998,0.14359895884990692,0.7086807489395142,0.11925434321165085,0.6196274161338806,0.14687716960906982,0.005284639075398445,-0.0023072807701156606,0.267822265625,0.10856447215749135,0.10361437067596668,0.09437888173982162,-0.3920522928237915,-5.0908050537109375,0.0,3.542297124862671,-0.5034946203231812,-5.3953166007995605,-0.0009125251090154052,3.5400813817977905,0.474365234375,0.6706855297088623,0.09187825520833333,0.704697847366333,3.2826178073883057,0.25371885299682617,0.10513689134788251,0.09237955138087273,0.19141275435686111,0.3242478817701342,0.4052786203192227,0.34058617055416107,0.7622637450695038,1.2743417143821731,-0.0012404040317051113,0.001675570325460285,0.01597704589366917,0.007632857654243708,0.32660022377967834,0.9999998807907104,0.021669252775609493,0.31296445429325104,0.7649889618158348,0.00988455954939127,0.2601073086261749,0.9881237119436266,1000000,1.8729265928268433,1.8729265928268433,100.86507376931652,0.11141986399888992
hopper-medium-v2,10.0,3,mpi4,own,1,4,2.5,4096,3,242.01971535546875,0.030989210895419426,0.020659473930279615,0.267596960067749,0.267596960067749,0.2500882148742676,0.2500882148742676,0.2880391776561737,0.055483378469944,-0.04995496133407862,0.086181640625,0.22278675761168612,0.21971475788321015,0.07461387505248426,-0.24035298824310303,-3.776583194732666,0.0,2.8786197900772095,-0.28132009506225586,-4.127163648605347,-0.0011061936966143548,2.8022406101226807,0.461669921875,0.7911257743835449,0.06648763020833333,0.6756962537765503,3.303004264831543,0.13336586952209473,0.33355157297671667,0.2782597094774246,0.662069171667099,1.0916142284870167,0.33355157297671667,0.2782597094774246,0.662069171667099,1.0916142284870167,-0.022088758647441864,-0.0003760731779038906,0.010701236175373358,0.08789309114217758,0.7865367829799652,1.0,0.1498100385069847,0.5647441446781158,0.9092588722705841,0.030413771979510784,0.18904801458120346,0.6318924903869714,1000000,2.4014172554016113,2.4014172554016113,101.24241618759464,
hopper-medium-v2,10.0,3,mpi4,own,2,4,2.5,4096,3,242.01971535546875,0.030989210895419426,0.020659473930279615,0.18241126835346222,0.45000821352005005,0.15701474249362946,0.4071029722690582,0.17904315888881683,0.004447296727448702,-0.0006787756384120103,0.343017578125,0.09636529609260587,0.09465249153401634,0.10100572554103662,-0.34114009141921997,-5.5185980796813965,0.0,3.872246503829956,-0.2524148225784302,-4.962964773178101,-0.0003659093490568921,4.053555488586426,0.492431640625,0.634641706943512,0.07348632812499999,0.6921831369400024,3.3011507987976074,0.2903340458869934,0.09350584617686764,0.07948563247919083,0.17068960517644882,0.31907482892274863,0.3522704497771656,0.2942887246608734,0.6808512806892395,1.1202065467834486,-0.0006568778189830482,0.002196220913901925,0.03021766543388369,0.004464242374524474,0.27660371363162994,0.9999997615814209,0.009836220182478428,0.29631058871746063,0.7512506395578388,0.006208246108144522,0.2863895893096924,1.0360383927822143,1000000,2.4014172554016113,2.4014172554016113,101.24241618759464,0.028768042102456093
hopper-medium-v2,10.0,3,mpi4,own,3,4,2.5,4096,3,242.20211891992187,0.030965872773721228,0.020643915182480817,0.1567957103252411,0.6068038940429688,0.13141614198684692,0.5385190844535828,0.15747621655464172,0.00400350010022521,-0.0007666224979287484,0.32421875,0.09844158087411155,0.09471654550760178,0.09907839186733187,-0.34872740507125854,-5.921557903289795,0.0,4.02668833732605,-0.3978676199913025,-5.55764365196228,-0.0007175987993832678,3.650552272796631,0.481201171875,0.6393463015556335,0.085205078125,0.714309811592102,3.2826924324035645,0.2926941514015198,0.09225720836488449,0.08120806515216827,0.1619953215122223,0.28621586710214636,0.3776668312785887,0.318896546959877,0.7249304354190826,1.162156492471695,-0.000775059568695724,0.0023618711857125163,0.02351831076666716,0.0034626551205292344,0.285173624753952,0.999999824166298,0.005053042201325297,0.30278894305229187,0.7689631491899503,0.004601699765771627,0.2952672392129898,1.0618762731552134,1000000,2.4014172554016113,2.4014172554016113,101.24241618759464,0.14585500955581665
hopper-medium-v2,10.0,3,mpi4,own,4,4,2.5,4096,3,242.35891823632812,0.03094583873611215,0.0206305591574081,0.13016638159751892,0.7369703054428101,0.10852280259132385,0.647041916847229,0.13007515668869019,0.0037648326251655817,-0.0010794273198634907,0.316162109375,0.09276534568698414,0.08797932229831673,0.10147179412451306,-0.40169721841812134,-5.337268829345703,0.0,3.8556569814682007,-0.5831122398376465,-5.046945571899414,-0.0009171283745672554,3.8007692098617554,0.479736328125,0.6450963020324707,0.09000651041666666,0.73277747631073,3.2620596885681152,0.2845609486103058,0.0896029804507581,0.07857519015669823,0.16362688690423965,0.27230147421360035,0.4064570175235076,0.3445670008659363,0.7683980464935303,1.2519289612770095,-0.0007429128745570779,0.002145612728781998,0.01697030877694489,0.002946148975752294,0.26781369745731354,0.9999997615814209,0.0,0.27638472616672516,0.7132769674062734,0.0038448309060186148,0.27591149508953094,0.9782564043998732,1000000,2.4014172554016113,2.4014172554016113,101.24241618759464,0.08018310368061066
hopper-medium-v2,4.0,0,mpi4,own,1,4,1.0,4096,3,235.34060768945312,0.012747481318475605,0.008498320878983737,0.16579079627990723,0.16579079627990723,0.1565902680158615,0.1565902680158615,0.19983574748039246,0.05371073633432388,-0.05230178980389688,0.026611328125,0.22953408215598106,0.22469452971609982,0.03304538347244538,-0.25404536724090576,-3.9118765592575073,0.0,2.9749900102615356,-0.31611764430999756,-4.103505849838257,-0.0019239805988036096,3.2586252689361572,0.465087890625,0.8651179671287537,0.06437174479166666,0.6842424869537354,3.4714579582214355,0.07979033887386322,0.3290782424434724,0.2763526141643524,0.6458947062492371,1.051028549671173,0.3290782424434724,0.2763526141643524,0.6458947062492371,1.051028549671173,-0.02424741815775633,-0.0018314335029572248,0.0012466233223676689,0.09139158576726913,0.809462308883667,1.0,0.15009870380163193,0.5766326487064362,0.9320464342832567,0.012952590826898813,0.08428614214062691,0.3036460518836988,1000000,5.517874717712402,5.517874717712402,51.73192109247461,
hopper-medium-v2,4.0,0,mpi4,own,2,4,1.0,4096,3,235.34060768945312,0.012747481318475605,0.008498320878983737,0.08641299605369568,0.2522037923336029,0.0739472359418869,0.2305375188589096,0.08506352454423904,0.0030568817164748907,-0.0023225162409991063,0.131591796875,0.09155802163944021,0.08175741431869987,0.04446985670979374,-0.05679820477962494,-5.006431341171265,0.0,4.418118238449097,0.08454686403274536,-4.709873676300049,0.00028798694256693125,3.8547770977020264,0.50537109375,0.7394191026687622,0.06608072916666666,0.6835249662399292,3.469085216522217,0.11896882951259613,0.07999931722972775,0.06762394309043884,0.14786837995052338,0.25211614370346075,0.3345968825660748,0.2820018380880356,0.6638493537902832,1.0840755641460436,-0.0011773814330808818,0.00010722744627855718,0.006086923321709047,0.0021500218426808715,0.25802357494831085,0.9999997615814209,0.0,0.2643449157476425,0.6930949985980995,0.0014544858131557703,0.12030850723385811,0.5850900352001205,1000000,5.517874717712402,5.517874717712402,51.73192109247461,-0.06360380351543427
hopper-medium-v2,4.0,0,mpi4,own,3,4,1.0,4096,3,235.42701821191406,0.012742802515978098,0.008495201677318731,0.12211082875728607,0.3743146061897278,0.11760050803422928,0.3481380343437195,0.12180843204259872,0.003547969739884138,-0.002510613817443552,0.138671875,0.0943612930053572,0.09214104611715435,0.04400446106482686,-0.10710236430168152,-5.587552309036255,0.0,4.6122753620147705,-0.049030207097530365,-5.2180116176605225,-0.0002793380990624428,4.285023927688599,0.490966796875,0.7291623950004578,0.068603515625,0.6882739067077637,3.4498541355133057,0.18113501369953156,0.086088568634068,0.07563604041934013,0.15895429253578186,0.26984217613935474,0.34597521488990424,0.28822189569473267,0.6799905598163605,1.1091498851776127,-0.001313460583332926,0.00011854061449412256,0.0055488272337243195,0.003945117350667715,0.27233314514160156,0.999999824166298,0.003442934132181108,0.2880314439535141,0.7275963515043263,0.0027200112817808986,0.13230673968791962,0.46453096121549736,1000000,5.517874717712402,5.517874717712402,51.73192109247461,-0.03451155871152878
hopper-medium-v2,4.0,0,mpi4,own,4,4,1.0,4096,3,235.54913430078125,0.012736196245871958,0.008490797497247973,0.0741896778345108,0.44850432872772217,0.0645444393157959,0.4126824736595154,0.0745362639427185,0.003022634657099843,-0.002392705299568476,0.1279296875,0.09592672358279873,0.08444322918775526,0.05045738585984126,-0.18869583308696747,-6.113885879516602,0.0,4.038765907287598,-0.007670044898986816,-5.925739049911499,-0.00035099244269076735,3.702660083770752,0.491943359375,0.7458795309066772,0.0712890625,0.6889740228652954,3.432166576385498,0.09099189192056656,0.07989571369148507,0.07007456570863724,0.14579122513532639,0.23962888792157175,0.3531570089301397,0.29394111037254333,0.6862130761146545,1.143325632810593,-0.0013380073942244053,6.455322363763116e-05,0.003231684793718166,0.0021240414353087544,0.2945983111858368,0.9999998211860657,0.0,0.2752867788076401,0.7205673098564148,0.0015710439765825868,0.13121387362480164,0.5386199504137045,1000000,5.517874717712402,5.517874717712402,51.73192109247461,-0.2008495181798935
hopper-medium-v2,4.0,1,mpi4,own,1,4,1.0,4096,3,234.59927468164062,0.012787763321396046,0.008525175547597364,0.15890038013458252,0.15890038013458252,0.13257262110710144,0.13257262110710144,0.197830930352211,0.05366604030132294,-0.05231138473586938,0.03369140625,0.22070877071255257,0.21805986932496602,0.03300549990046303,-0.3458845615386963,-3.9857542514801025,0.0,2.8947486877441406,-0.4365764558315277,-4.533385753631592,-0.004286682466045022,3.112453818321228,0.443115234375,0.85966557264328,0.06412760416666666,0.7299104928970337,3.553997039794922,0.0744275152683258,0.32821701853936247,0.2734708935022354,0.6462638974189758,1.0571278750896467,0.32821701853936247,0.2734708935022354,0.6462638974189758,1.0571278750896467,-0.024079966358840466,-0.0017565050511620939,0.000957850171835162,0.08931830152869225,0.7755734920501709,1.0,0.15120963007211685,0.5476668179035187,0.9240783154964448,0.0136574050411582,0.08203450962901115,0.28409685790538813,1000000,3.230926752090454,3.230926752090454,70.612343063339,
hopper-medium-v2,4.0,1,mpi4,own,2,4,1.0,4096,3,234.59927468164062,0.012787763321396046,0.008525175547597364,0.12238878756761551,0.28128916025161743,0.1125132143497467,0.24508585035800934,0.12499020248651505,0.003284832928329706,-0.0022414468568235923,0.1318359375,0.09449840103940338,0.08743716123764411,0.04650341409866085,-0.34907013177871704,-6.491589784622192,0.0,4.195507526397705,-0.33386778831481934,-6.323128938674927,-0.0005569378845393658,3.749537706375122,0.4853515625,0.7250059843063354,0.065185546875,0.731754720211029,3.5239815711975098,0.20204126834869385,0.08544793923226734,0.07637758553028107,0.1476406753063202,0.24731597676873213,0.33648591481551193,0.2809533327817917,0.6646716594696045,1.074021291732788,-0.001399003725964576,0.0001223076251335442,0.008233327325433512,0.003330098930746317,0.29712650179862976,0.9999997615814209,0.001287498336751014,0.2799997478723526,0.6884305089712144,0.001859018753748387,0.13185294717550278,0.47249089926481447,1000000,3.230926752090454,3.230926752090454,70.612343063339,-0.0495288223028183
hopper-medium-v2,4.0,1,mpi4,own,3,4,1.0,4096,3,234.72166542871093,0.012781095407279957,0.008520730271519972,0.0864388644695282,0.367728054523468,0.08102375268936157,0.3261095881462097,0.08693766593933105,0.003230737056583166,-0.0024942150362228244,0.148193359375,0.09693565389733791,0.08837115368832382,0.04502453663593943,-0.2426254153251648,-6.356279611587524,0.0,4.299826383590698,-0.2880028784275055,-6.053501129150391,-0.0011893069604411721,4.140021562576294,0.472412109375,0.7409672737121582,0.06844075520833333,0.7384833097457886,3.5546207427978516,0.11219567805528641,0.0817142589366,0.0706394799053669,0.150143601000309,0.2693467006087306,0.34322010522078017,0.28672705590724945,0.6757363677024841,1.0999112129211435,-0.0012420080020092428,0.00017111941269831732,0.004534334992058595,0.002796502783894539,0.2916020452976227,0.9999998807907104,0.0,0.28214606642723083,0.7289253741502763,0.0018451754003763199,0.13240474462509155,0.47853391021490194,1000000,3.230926752090454,3.230926752090454,70.612343063339,-0.1287279725074768
hopper-medium-v2,4.0,1,mpi4,own,4,4,1.0,4096,3,234.80810646875,0.01277639024102118,0.008517593494014122,0.1109759584069252,0.4787040054798126,0.09444598853588104,0.42055559158325195,0.11063727736473083,0.0033039457630366087,-0.002358697715146074,0.1201171875,0.09003971612169814,0.08761825443085414,0.04360755163247668,-0.37170687317848206,-6.220666408538818,0.0,4.154841423034668,-0.3499724268913269,-5.92316460609436,-0.0008089875627774745,3.732736349105835,0.47900390625,0.7220304012298584,0.07112630208333333,0.742512047290802,3.5247995853424072,0.19720157980918884,0.08514397111454741,0.07635102048516273,0.15100745111703873,0.23770534619689027,0.35815407540746946,0.30326806008815765,0.685804545879364,1.1295230567455297,-0.0013660455006174743,7.794017437845469e-05,0.005499979294836535,0.002855247352272272,0.25375719368457794,0.9999997615814209,0.0,0.27059662342071533,0.7281070053577429,0.0016281475545838475,0.12561408430337906,0.470933011174202,1000000,3.230926752090454,3.230926752090454,70.612343063339,0.018222475424408913
hopper-medium-v2,4.0,2,mpi4,own,1,4,1.0,4096,3,234.35223488671875,0.012801243399492823,0.00853416226632855,0.15116366744041443,0.15116366744041443,0.16857796907424927,0.16857796907424927,0.18971753120422363,0.0526684895157814,-0.051378432849050526,0.030517578125,0.2194956298604515,0.20936065490383982,0.03027565931141112,-0.2933133840560913,-3.77374267578125,0.0,2.898425817489624,-0.2675413489341736,-3.8450326919555664,-0.001491772592999041,2.8211073875427246,0.45849609375,0.8629627227783203,0.06673177083333333,0.718262791633606,3.598483085632324,0.06748849898576736,0.3247832222177749,0.2719423174858093,0.6389634609222412,1.0511445701122284,0.3247832222177749,0.2719423174858093,0.6389634609222412,1.0511445701122284,-0.024122262373566628,-0.0017801405629143119,0.0015160249255131949,0.08229779452085495,0.7922115325927734,1.0,0.13722676038742065,0.5505346655845642,0.9311293154954912,0.012529544066637754,0.07550622150301933,0.25763785839080905,1000000,2.425649642944336,2.425649642944336,63.08167627484863,
hopper-medium-v2,4.0,2,mpi4,own,2,4,1.0,4096,3,234.35223488671875,0.012801243399492823,0.00853416226632855,0.09414626657962799,0.24530993402004242,0.08101804554462433,0.2495960146188736,0.09662206470966339,0.003574514063075185,-0.002771054375796833,0.132080078125,0.09974625870040087,0.08569264456281189,0.04163649339019756,-0.26460543274879456,-5.049517631530762,0.0,4.046409845352173,-0.3033469021320343,-4.741541385650635,-0.0007476031605619937,3.7858734130859375,0.478759765625,0.7376706600189209,0.06803385416666666,0.722058892250061,3.578005313873291,0.1480606198310852,0.08639897147700992,0.07515931501984596,0.15933310240507126,0.26224924027919866,0.33328459212589223,0.2814166396856308,0.6634659767150879,1.0946450650691986,-0.001446529757231474,0.00010579039008007385,0.006047649867832684,0.0027453325456008315,0.28843581676483154,0.9999998807907104,0.0,0.27712804079055786,0.7489138185977938,0.0016460894839838147,0.11420837789773941,0.4815654188394551,1000000,2.425649642944336,2.425649642944336,63.08167627484863,-0.053187157958745956
hopper-medium-v2,4.0,2,mpi4,own,3,4,1.0,4096,3,234.44639687402343,0.012796101966165038,0.008530734644110026,0.07536900043487549,0.3206789195537567,0.06608214974403381,0.3156781792640686,0.07816421985626221,0.004144714213907719,-0.003501760822114286,0.11669921875,0.09826695811170758,0.08078732510978685,0.036572548442534776,-0.5465378761291504,-5.393554210662842,0.0,3.153231620788574,-0.48950138688087463,-5.045316696166992,-0.0006151766574475914,2.950307011604309,0.481689453125,0.7337301969528198,0.06990559895833333,0.7255121469497681,3.556821823120117,0.14092355966567993,0.09237599997527468,0.07765508443117142,0.17480754852294922,0.3014333456754686,0.3416085545891292,0.28969618678092957,0.6659043431282043,1.0940034687519078,-0.0015511682722717524,6.454513277276419e-05,0.0035920968279242785,0.0026010882575064898,0.2875773459672928,0.9999998211860657,0.0,0.2607318162918091,0.6683935582637794,0.0015492059756070375,0.10473870113492012,0.38798895776271863,1000000,2.425649642944336,2.425649642944336,63.08167627484863,-0.1618114709854126
hopper-medium-v2,4.0,2,mpi4,own,4,4,1.0,4096,3,234.52176003320312,0.012791989961081931,0.008527993307387955,0.11148311197757721,0.4321620464324951,0.11532425880432129,0.4310024082660675,0.1148797795176506,0.0034698802046477795,-0.002519153030596133,0.115234375,0.09834210477896477,0.08676901439585549,0.043687343582931075,-0.6439974308013916,-6.479745388031006,0.0,3.57812237739563,-0.692952036857605,-6.009337663650513,-0.00045731775753665715,3.4607561826705933,0.487548828125,0.7292855381965637,0.07307942708333331,0.7280815839767456,3.5345115661621094,0.19608545303344727,0.0858314855432809,0.07455803826451302,0.15751561522483826,0.27132672667503377,0.3538998371806201,0.3019797205924988,0.6830025315284729,1.1328636348247532,-0.001321066403761506,3.920873859897256e-05,0.004597059334628293,0.003066446864977479,0.2970231771469116,0.9999998807907104,0.0,0.2789161652326584,0.7504934549331684,0.0017944382852874696,0.12725475430488586,0.47826039344072346,1000000,2.425649642944336,2.425649642944336,63.08167627484863,-0.07637277245521545
hopper-medium-v2,4.0,3,mpi4,own,1,4,1.0,4096,3,233.0830088125,0.012870951062817725,0.008580634041878483,0.20661196112632751,0.20661196112632751,0.18476025760173798,0.18476025760173798,0.2585599720478058,0.05359729006886482,-0.051824429655986215,0.03369140625,0.22336407676324813,0.21015321749079252,0.03165621327714392,-0.4887738823890686,-4.1004393100738525,0.0,2.657835364341736,-0.4734653830528259,-4.276746511459351,-0.0023062805412337184,2.9041725397109985,0.446533203125,0.855002760887146,0.0703125,0.7061039209365845,3.7568774223327637,0.08580697327852249,0.32673061244304336,0.2742551118135452,0.6536494791507721,1.057552927732468,0.32673061244304336,0.2742551118135452,0.6536494791507721,1.057552927732468,-0.023993870243430138,-0.0015452082734555006,0.0012341018358711306,0.0850907601416111,0.8235177397727966,1.0,0.1348165050148964,0.5581488013267517,0.9084688633680353,0.013875137083232403,0.08079192787408829,0.25564029812812883,1000000,2.89982008934021,2.89982008934021,64.81843803095956,
hopper-medium-v2,4.0,3,mpi4,own,2,4,1.0,4096,3,233.0830088125,0.012870951062817725,0.008580634041878483,0.08371920138597488,0.2903311550617218,0.07111816853284836,0.25587841868400574,0.08246812969446182,0.003004038007929921,-0.0022856743190485806,0.133544921875,0.08787907915820527,0.07762209868256509,0.04260223761593252,-0.40012094378471375,-5.792726993560791,0.0,3.897982597351074,-0.43462419509887695,-4.961154460906982,-0.0004950196744175628,3.093040943145752,0.486328125,0.7303869724273682,0.07096354166666666,0.7078761458396912,3.7895641326904297,0.1582692265510559,0.08048646968417472,0.07103746756911278,0.1436646729707718,0.24614180326461801,0.3332419789390997,0.27970944344997406,0.6508632004261017,1.073970407247545,-0.001222364662680775,9.459113425691612e-05,0.004312289785593775,0.0017884799744933844,0.2418147176504135,0.9999998211860657,0.0,0.24631588906049728,0.6983245790004731,0.0011295850854367018,0.11747380346059799,0.5104242503643045,1000000,2.89982008934021,2.89982008934021,64.81843803095956,-0.036548126488924026
hopper-medium-v2,4.0,3,mpi4,own,3,4,1.0,4096,3,233.16671852929687,0.012866330233244917,0.008577553488829943,0.10771217942237854,0.39804333448410034,0.09653836488723755,0.3524167835712433,0.11129993945360184,0.0028175096958875656,-0.0018936024668747553,0.138671875,0.0854048508744576,0.08045329268630397,0.0457431173805848,-0.5859429836273193,-6.1427154541015625,0.0,3.6807247400283813,-0.6615408062934875,-5.6663289070129395,-0.0009986752411350608,3.2845219373703003,0.474853515625,0.7276473045349121,0.07486979166666666,0.7133744359016418,3.756697416305542,0.1546844244003296,0.07730077320505302,0.06888971850275993,0.13457725197076797,0.2400605805218222,0.34369454815509926,0.28872542083263397,0.6692825853824615,1.113263612985611,-0.0011258474551141262,0.00013712952204514295,0.005748618696816274,0.0016304426826536655,0.24422232806682587,0.9999997049570084,0.0,0.25730733573436737,0.7190841257572183,0.001022497599478811,0.1287849172949791,0.5268825829029095,1000000,2.89982008934021,2.89982008934021,64.81843803095956,-0.08555114269256592
hopper-medium-v2,4.0,3,mpi4,own,4,4,1.0,4096,3,233.27444558007812,0.012860388511651886,0.008573592341101258,0.0847117155790329,0.48275506496429443,0.07882808893918991,0.4312448799610138,0.08339162170886993,0.002299319487065077,-0.0015730353882474901,0.157958984375,0.08134146046589373,0.06848132316887146,0.04225502516957688,-0.31421080231666565,-5.792926549911499,0.0,3.9162296056747437,-0.18278878927230835,-5.112158536911011,-0.0003124625072814524,3.8942642211914062,0.494140625,0.7218893766403198,0.07666015625,0.7151968479156494,3.7434282302856445,0.14588473737239838,0.06975055490268289,0.0604960173368454,0.1234123595058918,0.2158276677131654,0.3558020179086725,0.2996109127998352,0.6896505951881409,1.1166879534721383,-0.000872074393555522,0.0001654533698456362,0.005412772926501933,0.0014916526270098984,0.22916752099990845,0.9999997019767761,0.0,0.22398074716329575,0.6062744379043592,0.0009711156599223614,0.12799308449029922,0.4811169475317002,1000000,2.89982008934021,2.89982008934021,64.81843803095956,0.06432405859231949
hopper-medium-v2,7.0,0,mpi4,own,1,4,1.75,4096,3,238.45877175195312,0.022016384473627564,0.014677589649085042,0.21462197601795197,0.21462197601795197,0.20306742191314697,0.20306742191314697,0.23679903149604797,0.05415726453065872,-0.05100712826914844,0.05908203125,0.2159820643785481,0.21722993766858956,0.05249482445062306,-0.2808029055595398,-3.808220386505127,0.0,2.7891182899475098,-0.3391098380088806,-3.9325249195098877,-0.0018401542329229414,2.800907015800476,0.4541015625,0.8233779668807983,0.06778971354166666,0.6770652532577515,3.37231707572937,0.09499970078468323,0.33062765533486527,0.27737370133399963,0.6487506926059723,1.049208402633668,0.33062765533486527,0.27737370133399963,0.6487506926059723,1.049208402633668,-0.023058637976646423,-0.0010722446604631841,0.005918385740369559,0.08211367577314377,0.7828064560890198,1.0,0.14349699765443802,0.5612830519676208,0.9259228676557544,0.020062433555722237,0.13081727921962738,0.45116673856973677,1000000,3.3107852935791016,3.3107852935791016,83.86846770798115,
hopper-medium-v2,7.0,0,mpi4,own,2,4,1.75,4096,3,238.45877175195312,0.022016384473627564,0.014677589649085042,0.14363454282283783,0.3582565188407898,0.12583449482917786,0.32890188694000244,0.14175289869308472,0.0036747658159583807,-0.0015665567329853358,0.243896484375,0.0873928599168084,0.08496471895524138,0.07048214706550658,-0.28884077072143555,-4.837550640106201,0.0,4.06559157371521,-0.2425226867198944,-4.627203702926636,-0.0006929090595804155,3.774666428565979,0.483154296875,0.6722774505615234,0.07194010416666666,0.6799108982086182,3.3749606609344482,0.21862724423408508,0.08644590089527071,0.07290642336010933,0.1596546322107315,0.2917753607034686,0.3422590825721272,0.2891249507665634,0.6728149056434631,1.096643936634064,-0.0009394962980877608,0.000976229493971914,0.021393460687249937,0.0022611668100580573,0.24075014889240265,0.9999997049570084,0.0,0.27031683921813965,0.7083107084035878,0.0021101931342855096,0.1985996663570404,0.8393991053104412,1000000,3.3107852935791016,3.3107852935791016,83.86846770798115,-0.01939527876675129
hopper-medium-v2,7.0,0,mpi4,own,3,4,1.75,4096,3,238.60240273339843,0.02200313131744138,0.014668754211627588,0.15815772116184235,0.5164142847061157,0.14145931601524353,0.47036120295524597,0.15952014923095703,0.003981779329478741,-0.0016618027088522447,0.2490234375,0.09619863055107855,0.09509144867847397,0.07528789510916875,-0.34354549646377563,-5.931947469711304,0.0,4.008005380630493,-0.49309128522872925,-5.492684364318848,-0.0006751386681571603,3.772966742515564,0.48388671875,0.6652777791023254,0.07771809895833331,0.6884603500366211,3.349571704864502,0.2719113230705261,0.09200547011572269,0.08182928338646889,0.16428138315677643,0.28153493553400066,0.3612037214895736,0.30517885088920593,0.7064138352870941,1.1350221812725068,-0.0010924399830400944,0.0009788598399609327,0.01783423405140639,0.003534977906383574,0.2823397219181061,0.9999998807907104,0.005983367329463363,0.29045069217681885,0.7559724807739259,0.004070422844961286,0.2152436524629593,0.8528547048568761,1000000,3.3107852935791016,3.3107852935791016,83.86846770798115,0.04572363197803497
hopper-medium-v2,7.0,0,mpi4,own,4,4,1.75,4096,3,238.76056008203125,0.021988556226356024,0.01465903748423735,0.097057044506073,0.613471269607544,0.085454560816288,0.5558157563209534,0.09850460290908813,0.0038385309744626284,-0.002415768110324401,0.192138671875,0.09849541664982878,0.08592509130920334,0.06693541091489463,-0.3664083480834961,-5.593427658081055,0.0,3.993342399597168,-0.4569835066795349,-5.486862421035767,-0.000474819666123949,3.7165870666503906,0.48681640625,0.7125741243362427,0.083740234375,0.6962221264839172,3.3238728046417236,0.12471022456884384,0.08946430996252275,0.07763701304793358,0.16041911393404007,0.28972160220146215,0.37554651011316764,0.3133251965045929,0.7260002493858337,1.2150410056114203,-0.0013839329476468265,0.0005575500254053622,0.01060333270579583,0.0032632076181471348,0.2959745079278946,0.9999998807907104,0.0,0.2714945077896118,0.7003464788198481,0.0032698605209589005,0.20556282252073288,0.6571520864963533,1000000,3.3107852935791016,3.3107852935791016,83.86846770798115,-0.07680314779281616
hopper-medium-v2,7.0,1,mpi4,own,1,4,1.75,4096,3,237.39209084375,0.022115311345631633,0.014743540897087756,0.20347560942173004,0.20347560942173004,0.2036365270614624,0.2036365270614624,0.23339734971523285,0.0544586107134819,-0.05145865874286404,0.059326171875,0.22787287641335718,0.21487857775057861,0.05499068677033604,-0.2676424980163574,-3.776681661605835,0.0,2.8286266326904297,-0.22972053289413452,-4.167620420455933,-0.00215419998858124,3.175944447517395,0.4560546875,0.8207716345787048,0.0712890625,0.7182778120040894,3.3319125175476074,0.09112004190683365,0.33060486645172205,0.27981559932231903,0.6493652164936066,1.0666879832744605,0.33060486645172205,0.27981559932231903,0.6493652164936066,1.0666879832744605,-0.024172963574528694,-0.0010852337582036853,0.004864862188696914,0.09056656435132027,0.830736368894577,1.0,0.1483626589179039,0.5535582304000854,0.916092449426651,0.022833791561424732,0.13495323807001114,0.45789062678813935,1000000,3.1504411697387695,3.1504411697387695,76.08704185232398,
hopper-medium-v2,7.0,1,mpi4,own,2,4,1.75,4096,3,237.39209084375,0.022115311345631633,0.014743540897087756,0.1539081335067749,0.35738375782966614,0.14180275797843933,0.34543925523757935,0.15587270259857178,0.004142267629504204,-0.0018731166346581674,0.211181640625,0.08900244476566974,0.09061000283459819,0.0671785293661274,-0.31326353549957275,-5.132760047912598,0.0,4.182168960571289,-0.44174981117248535,-5.058349132537842,-0.0007548868015874177,3.7696808576583862,0.47705078125,0.6741194725036621,0.07706705729166666,0.7295284867286682,3.3041114807128906,0.25688326358795166,0.09429307368623085,0.08364951238036156,0.16167904436588287,0.3054410010576262,0.34385154138067264,0.28598587214946747,0.6714982390403748,1.100371700525284,-0.0012804463622160256,0.0008558719709981233,0.016587743349373345,0.0034395119873806834,0.2457902580499649,0.9999997049570084,0.005751664284616709,0.2760043889284134,0.7499340981245061,0.003132076468318701,0.1987820342183113,0.696939510107042,1000000,3.1504411697387695,3.1504411697387695,76.08704185232398,-0.024148806929588318
hopper-medium-v2,7.0,1,mpi4,own,3,4,1.75,4096,3,237.54599099023437,0.022100983384795703,0.014733988923197137,0.12403164058923721,0.48141539096832275,0.1093398779630661,0.45477914810180664,0.11534130573272705,0.0036502701696008444,-0.0018227894432358838,0.240478515625,0.08791732946949796,0.08349962304229308,0.06865929639172447,-0.20912376046180725,-5.2879798412323,0.0,4.169076204299927,-0.16635777056217194,-4.711727857589722,-0.0005292523128446192,4.198220729827881,0.4873046875,0.6827359199523926,0.08048502604166666,0.7324148416519165,3.3201498985290527,0.2012253701686859,0.08634858230524856,0.0743936076760292,0.15511637926101685,0.27117580771446237,0.3571382273157724,0.2992042005062103,0.6944428086280823,1.1388241410255433,-0.0010305428295396268,0.0009101456380449235,0.01217530476860712,0.0022204305278137326,0.261048823595047,0.9999997615814209,0.0,0.2609778493642807,0.7422104120254521,0.0020957994274795055,0.20360326766967773,0.7417743027210257,1000000,3.1504411697387695,3.1504411697387695,76.08704185232398,0.00252803647890687
hopper-medium-v2,7.0,1,mpi4,own,4,4,1.75,4096,3,237.67002968652343,0.022089449001729516,0.014726299334486345,0.13821110129356384,0.6196264624595642,0.1260184496641159,0.5807976126670837,0.13430604338645935,0.004005007911473513,-0.001969669703242083,0.204345703125,0.09059045790148652,0.08915554165702133,0.06565378991627019,-0.4764570891857147,-5.364030838012695,0.0,3.951455235481262,-0.4772123098373413,-4.992839813232422,-0.00021588464733213186,3.721757650375366,0.491455078125,0.6720191240310669,0.083984375,0.7450375556945801,3.3129053115844727,0.259722501039505,0.09303984098951901,0.0834570899605751,0.16261418908834457,0.26819810420274776,0.38096816562762115,0.321075439453125,0.7222338616847992,1.2038054525852204,-0.0012669114512391388,0.0006616000609938055,0.010932874400168687,0.0042476661037653685,0.26880255341529846,0.9999997615814209,0.006140555487945676,0.2769875228404999,0.7280808717012416,0.003742376691661775,0.1982412412762642,0.61855161190033,1000000,3.1504411697387695,3.1504411697387695,76.08704185232398,0.0696106106042862
hopper-medium-v2,7.0,2,mpi4,own,1,4,1.75,4096,3,237.4230509267578,0.02211242749811838,0.01474161833207892,0.2195068597793579,0.2195068597793579,0.2032664567232132,0.2032664567232132,0.24095949530601501,0.053372010588645935,-0.05013612626086861,0.062744140625,0.2132565642214917,0.2072011221977299,0.05041828073152595,-0.3414536416530609,-3.743173837661743,0.0,2.5484673976898193,-0.31804975867271423,-4.029271125793457,-0.0017930737230926752,2.8473336696624756,0.44677734375,0.8193784952163696,0.06770833333333333,0.6907507181167603,3.5178468227386475,0.10960786044597626,0.3278304011372484,0.2738851457834244,0.6379371881484985,1.0619696736335762,0.3278304011372484,0.2738851457834244,0.6379371881484985,1.0619696736335762,-0.02194972988218069,-0.0009752582991495728,0.007070578308776099,0.08192399516701698,0.7441189289093018,1.0,0.1359078660607338,0.5432034134864807,0.9215946316719058,0.019836517982184887,0.13241153210401535,0.4362065225839631,1000000,2.6045522689819336,2.6045522689819336,83.86025939728582,
hopper-medium-v2,7.0,2,mpi4,own,2,4,1.75,4096,3,237.4230509267578,0.02211242749811838,0.01474161833207892,0.13279971480369568,0.3523065745830536,0.11466820538043976,0.31793466210365295,0.13347077369689941,0.00414729630574584,-0.0021896136971911173,0.21337890625,0.08847742830365996,0.08406044142785031,0.06555337854839549,-0.28281837701797485,-4.837876796722412,0.0,3.659011960029602,-0.3073611855506897,-4.4089391231536865,-0.0004019118641735986,3.518958806991577,0.48974609375,0.6944608092308044,0.07364908854166666,0.701889157295227,3.500847339630127,0.18484729528427124,0.0916908198300348,0.07781816273927689,0.1666944995522499,0.31268406808376353,0.3427913032929837,0.28920288383960724,0.6717955470085144,1.1199839115142824,-0.001278746232856065,0.0009024908649735153,0.01949671870097519,0.002876311889849603,0.26067689061164856,0.9999997019767761,0.0,0.2683516591787338,0.7130903929471972,0.0024893225636333227,0.1805427521467209,0.782819238305094,1000000,2.6045522689819336,2.6045522689819336,83.86025939728582,-0.016182268038392067
hopper-medium-v2,7.0,2,mpi4,own,3,4,1.75,4096,3,237.55584816796875,0.022100066323300447,0.014733377548866965,0.13897854089736938,0.491285115480423,0.12307937443256378,0.44101405143737793,0.13893255591392517,0.004529042635113001,-0.0024814195418213503,0.222412109375,0.08686069262079613,0.08618712602519013,0.06238388506860752,-0.34892362356185913,-4.9995880126953125,0.0,3.5822598934173584,-0.26039525866508484,-4.380971670150757,-0.00029402734071481973,3.410135865211487,0.49072265625,0.6631350517272949,0.07902018229166666,0.707775354385376,3.4747328758239746,0.253012090921402,0.09703466821264328,0.08222280442714691,0.18067119270563126,0.31112587153911625,0.3605729552007233,0.30449178814888,0.6929455399513245,1.1600612819194798,-0.0012335494393482804,0.000768480880651623,0.014655831735581238,0.0036197599256411195,0.23741772025823593,0.9999997615814209,0.0034632579190656543,0.26837535202503204,0.7603789180517198,0.0027995227137580514,0.1862272247672081,0.7468915700912493,1000000,2.6045522689819336,2.6045522689819336,83.86025939728582,-0.0866180807352066
hopper-medium-v2,7.0,2,mpi4,own,4,4,1.75,4096,3,237.69482521875,0.022087144704006228,0.014724763136004152,0.13735228776931763,0.628637433052063,0.12394966185092926,0.564963698387146,0.14209964871406555,0.00456068804487586,-0.0025382078982050804,0.21484375,0.09525416377751067,0.09396271536101386,0.06620563829339188,-0.5442050695419312,-5.322813034057617,0.0,3.141201138496399,-0.514371931552887,-5.1318359375,-0.0007483205990865827,2.961440086364746,0.479248046875,0.6844415664672852,0.083251953125,0.7172042727470398,3.4327187538146973,0.2520948052406311,0.09910104993982571,0.08818799629807472,0.17628340423107147,0.2885772928595544,0.3828160402774756,0.32532890141010284,0.7287331223487854,1.1906081855297093,-0.0015109372325241566,0.0006370254559442401,0.011337795294821304,0.004985847044736147,0.2681396007537842,0.9999997615814209,0.009737391024827957,0.28825123608112335,0.7295942217111593,0.004755832254886627,0.1822875812649727,0.6795952647924428,1000000,2.6045522689819336,2.6045522689819336,83.86025939728582,0.07264694571495056
hopper-medium-v2,7.0,3,mpi4,own,1,4,1.75,4096,3,237.52734475,0.02210271834396869,0.014735145562645793,0.23500487208366394,0.23500487208366394,0.21540850400924683,0.21540850400924683,0.26748037338256836,0.05452719330787659,-0.05106436234534595,0.0693359375,0.22034438524669336,0.21745585296863013,0.05847915294077745,-0.37045854330062866,-3.9744635820388794,0.0,3.055984616279602,-0.3983234763145447,-4.2282702922821045,-0.002048075431957841,3.077764391899109,0.457275390625,0.8166088461875916,0.07014973958333333,0.715168833732605,3.554199695587158,0.09410452097654343,0.3295113988971252,0.2726912349462509,0.6518963873386383,1.0876972854137434,0.3295113988971252,0.2726912349462509,0.6518963873386383,1.0876972854137434,-0.02343558706343174,-0.0008210404484998435,0.006348537304438758,0.08752401173114777,0.7608661651611328,1.0,0.14456786960363388,0.5432823002338409,0.9287769436836243,0.02316318079829216,0.13983628153800964,0.5612695604562774,1000000,3.232210636138916,3.232210636138916,95.43474075264157,
hopper-medium-v2,7.0,3,mpi4,own,2,4,1.75,4096,3,237.52734475,0.02210271834396869,0.014735145562645793,0.1558002084493637,0.39080506563186646,0.1387484222650528,0.3541569113731384,0.1572417914867401,0.003679899498820305,-0.0013841609336502358,0.265625,0.0939799461767828,0.08737799916016087,0.07772511820784987,-0.3804105222225189,-6.02383279800415,0.0,4.157375335693359,-0.388126015663147,-5.4555113315582275,-0.0005579859134741127,3.8067744970321655,0.48583984375,0.6639974117279053,0.07853190104166666,0.7264707684516907,3.5413107872009277,0.2505088150501251,0.08727556655759372,0.07480230554938316,0.15783900767564774,0.2915148943662644,0.34277079859987225,0.28730572760105133,0.66352978348732,1.110970562696457,-0.0008887815929483622,0.0011333711445331573,0.01950693950057036,0.003235835349187255,0.25791679322719574,0.9999998807907104,0.0,0.27799542248249054,0.6991367816925055,0.003387492848560214,0.22012491524219513,0.8822558760643021,1000000,3.232210636138916,3.232210636138916,95.43474075264157,-0.0033991308882832527
hopper-medium-v2,7.0,3,mpi4,own,3,4,1.75,4096,3,237.68313698632812,0.022088230854601973,0.014725487236401314,0.153953418135643,0.5447584986686707,0.13866281509399414,0.49281972646713257,0.15759024024009705,0.0035101149696856737,-0.001243075936370297,0.267822265625,0.08879772239515851,0.09016271825832689,0.0737469090214321,-0.4855779707431793,-5.986460208892822,0.0,4.01953387260437,-0.44945719838142395,-5.5191330909729,-0.0007694463420193642,3.686955690383911,0.482177734375,0.6646429300308228,0.08504231770833333,0.7342679500579834,3.525996446609497,0.2494010627269745,0.08589985692829316,0.07575427740812302,0.1533217877149582,0.2806985333561906,0.36239583068822867,0.30588139593601227,0.6989891231060028,1.1542972266674043,-0.0009152997226919979,0.0013530446449294686,0.017841317225247625,0.002907178131863475,0.2510598450899124,0.9999997615814209,0.0,0.2817942351102829,0.7512654900550845,0.002799681737087667,0.22255626320838928,0.7136630892753649,1000000,3.232210636138916,3.232210636138916,95.43474075264157,0.11839695274829865
hopper-medium-v2,7.0,3,mpi4,own,4,4,1.75,4096,3,237.83708290917968,0.022073933701939833,0.014715955801293222,0.1227809339761734,0.6675394773483276,0.10728857666254044,0.6001083254814148,0.12314274907112122,0.0029424941167235374,-0.0011356552016997257,0.281494140625,0.08715788119111417,0.08319135840535807,0.08315922630926384,-0.4289010763168335,-5.595020771026611,0.0,4.410520792007446,-0.41854971647262573,-5.127698659896851,-0.0003776441008085385,4.181604385375977,0.489990234375,0.6705007553100586,0.08935546874999999,0.7497693300247192,3.5060315132141113,0.22409029304981232,0.07852211665163367,0.06819530948996544,0.14102738350629807,0.2603517800569537,0.3838063208809217,0.32618822157382965,0.7323643565177917,1.1859672486782078,-0.0007503877568524331,0.0011199299478903413,0.014073466323316113,0.0017624066094867885,0.24626752734184265,0.9999997615814209,0.0,0.2644762098789215,0.7689750611782076,0.0022039845352992415,0.22750616818666458,0.9510292232036631,1000000,3.232210636138916,3.232210636138916,95.43474075264157,0.09426422417163849
walker2d-expert-v2,10.0,0,mpi4,own,1,4,2.5,4096,6,499.28436379296875,0.030042999716730245,0.010014333238910081,0.16650819778442383,0.16650819778442383,0.15038248896598816,0.15038248896598816,0.2081862986087799,0.025589101016521454,-0.023921633437499423,0.017578125,0.2857018876012827,0.26192009555649065,0.04781138781062135,-0.6691536903381348,-2.861240863800049,-0.43795549869537354,1.4191702604293823,-0.6727016568183899,-3.1504210233688354,-0.39732836186885834,1.57664954662323,0.369384765625,0.8228600025177002,0.04036458333333333,0.368725061416626,2.392477512359619,0.11504670232534409,0.3582740814126737,0.3351820260286331,0.5664960145950317,0.8452951222658163,0.3582740814126737,0.3351820260286331,0.5664960145950317,0.8452951222658163,-0.017238661646842957,-0.003792266361415386,0.0010436809796374458,0.1547788307070732,0.9999985694885254,1.0,0.22547642141580582,0.523433268070221,0.7745530158281335,0.030145623721182346,0.10746580734848976,0.2733137398958213,1000000,1.1950228214263916,1.1950228214263916,114.05795234237613,
walker2d-expert-v2,10.0,0,mpi4,own,2,4,2.5,4096,6,499.28436379296875,0.030042999716730245,0.010014333238910081,0.08684380352497101,0.25335201621055603,0.07003334164619446,0.22041583061218262,0.0895596295595169,0.0015599458711221814,-0.000690263103036326,0.2666015625,0.10352736503586235,0.10544689959134956,0.06968533417921513,-0.7727633714675903,-4.9361913204193115,0.0,2.646262049674988,-0.7152894735336304,-5.10917592048645,-0.0064690737053751945,2.6556204557418823,0.437744140625,0.6077406406402588,0.07539876302083333,0.3771713376045227,2.351417303085327,0.33396071195602417,0.08694524077304777,0.0789499320089817,0.13928211480379105,0.22825949788093577,0.37085004407299493,0.3477950096130371,0.5841112434864044,0.8619075834751136,-0.00040487626392859966,0.0005329408741090447,0.002754769276361937,0.018030946142971516,0.294360488653183,0.9999997019767761,0.06646827608346939,0.28063225746154785,0.5363602012395864,0.020101279951632023,0.19748318195343018,0.5331036269664773,1000000,1.1950228214263916,1.1950228214263916,114.05795234237613,0.01889333873987198
walker2d-expert-v2,10.0,0,mpi4,own,3,4,2.5,4096,6,499.3711863027344,0.030037776330383893,0.010012592110127965,0.09749185293912888,0.3508438467979431,0.08647977560758591,0.30689558386802673,0.10092508792877197,0.0017272519180551171,-0.000751105746718661,0.24658203125,0.10292840915211712,0.10783955678196833,0.07494175532401004,-0.8373314142227173,-4.958848714828491,0.0,2.786246418952942,-0.8602312207221985,-5.105129957199097,-0.008487842977046967,2.700425148010254,0.42578125,0.602424681186676,0.10725911458333333,0.3895881175994873,2.3120317459106445,0.35381317138671875,0.08935530684834703,0.0778394378721714,0.1489728018641472,0.2650179833173752,0.3903730576025737,0.3663361072540283,0.6070957183837891,0.9102715283632281,-0.000389727734727785,0.0003788731119129807,0.0020115691004320996,0.018714635632932186,0.2685757577419281,0.9999997019767761,0.07063230872154236,0.28272929787635803,0.5602033615112305,0.0207548001781106,0.20293838530778885,0.619452577829363,1000000,1.1950228214263916,1.1950228214263916,114.05795234237613,0.1121569573879242
walker2d-expert-v2,10.0,0,mpi4,own,4,4,2.5,4096,6,499.46868996484375,0.03003191251298617,0.010010637504328722,0.07415831089019775,0.42500218749046326,0.06233717501163483,0.36923277378082275,0.07808917760848999,0.0016927560791373253,-0.0009503842305353949,0.164306640625,0.11792315127091886,0.10949963000004814,0.07093680757328953,-0.8089753985404968,-5.089537143707275,0.0,2.6383873224258423,-0.774738609790802,-5.4649999141693115,-0.008116013836115599,2.490947127342224,0.42822265625,0.6432687044143677,0.12300618489583334,0.40046900510787964,2.293098211288452,0.2535572350025177,0.08909839356306293,0.0785214714705944,0.14908571541309357,0.2518490195274353,0.410806004015285,0.3866918981075287,0.639170378446579,0.9760233789682391,-0.0005517852841876447,0.00019074146985076368,0.0016226683394052104,0.02186188567429781,0.3266444057226181,0.9999996453523636,0.07212889567017555,0.2814415693283081,0.5782928198575975,0.021296801045536995,0.20313604176044464,0.5281419605016713,1000000,1.1950228214263916,1.1950228214263916,114.05795234237613,0.03199265897274017
walker2d-expert-v2,10.0,1,mpi4,own,1,4,2.5,4096,6,498.6372385488281,0.03008198915037741,0.01002732971679247,0.1970817595720291,0.1970817595720291,0.17313624918460846,0.17313624918460846,0.23584988713264465,0.025752639397978783,-0.023776434686155312,0.025390625,0.2646748135258308,0.24407065996507527,0.0519613057726423,-0.611534059047699,-2.9478886127471924,-0.40396177768707275,1.6066548228263855,-0.5802782773971558,-3.179877996444702,-0.34441764652729034,1.7852239608764648,0.378662109375,0.8050084114074707,0.044189453125,0.46841365098953247,2.65116286277771,0.13848885893821716,0.3594409856073071,0.3377976566553116,0.56413534283638,0.8718270719051364,0.3594409856073071,0.3377976566553116,0.56413534283638,0.8718270719051364,-0.01743331551551819,-0.003389483317732811,0.0022365821292623907,0.13501078635454178,0.8954372406005859,1.0,0.2115386351943016,0.4737750142812729,0.7611707985401156,0.030592025257647038,0.11895721033215523,0.3311690747737885,1000000,1.423043131828308,1.423043131828308,115.20855124269404,
walker2d-expert-v2,10.0,1,mpi4,own,2,4,2.5,4096,6,498.6372385488281,0.03008198915037741,0.01002732971679247,0.11813054233789444,0.31521230936050415,0.08821499347686768,0.26135122776031494,0.12086378782987595,0.0020535136573016644,-0.0008689799207615145,0.25,0.10111574236125523,0.10432550829059695,0.07261537261948497,-0.49496132135391235,-4.56550407409668,0.0,3.0238513946533203,-0.4683268070220947,-4.626985788345337,-0.0035511055029928684,3.0093929767608643,0.45556640625,0.6070900559425354,0.08512369791666666,0.4803556799888611,2.6325392723083496,0.35440975427627563,0.09979693431023406,0.09100029617547989,0.1577802523970604,0.2755329057574272,0.37719771249612677,0.3528105169534683,0.5835130214691162,0.897927275300026,-0.000543043774086982,0.0005835803458467126,0.003270105668343607,0.022207976318895817,0.26944680511951447,0.9999996423721313,0.0769321583211422,0.26398321986198425,0.488560549914837,0.02450553420931101,0.20460766553878784,0.5786984413862231,1000000,1.423043131828308,1.423043131828308,115.20855124269404,0.03489179164171219
walker2d-expert-v2,10.0,1,mpi4,own,3,4,2.5,4096,6,498.75537209375,0.030074864030097067,0.010024954676699022,0.07868803292512894,0.3939003348350525,0.07118768244981766,0.332538902759552,0.08236178010702133,0.0022914432920515537,-0.0015025993434171214,0.15625,0.1348081223475149,0.11209195752516177,0.07558504070304459,-0.5926423072814941,-4.817728757858276,0.0,2.9479589462280273,-0.6396875977516174,-4.970752239227295,-0.004424097714945674,3.052814245223999,0.4462890625,0.6662745475769043,0.11771647135416667,0.48644259572029114,2.5968775749206543,0.20347967743873596,0.10632105232002687,0.10022464767098427,0.16401495784521103,0.2713685289025307,0.3940480474134347,0.37082622945308685,0.6111805438995361,0.9330306649208073,-0.0010449819383211434,0.000306223810184747,0.0024310535052791253,0.03096610028296709,0.41574200987815857,0.9999998211860657,0.08439721167087555,0.28432440757751465,0.5309093594551091,0.02482576295733452,0.20806153863668442,0.6199105978012095,1000000,1.423043131828308,1.423043131828308,115.20855124269404,-0.11117223650217056
walker2d-expert-v2,10.0,1,mpi4,own,4,4,2.5,4096,6,498.8340769277344,0.03007011889080111,0.01002337296360037,0.10525759309530258,0.4991579055786133,0.08709128946065903,0.419630229473114,0.11077035963535309,0.0029992887284606695,-0.0019442527276645194,0.089111328125,0.14309691949476708,0.13085962335265577,0.07003892500522599,-0.7328920364379883,-4.636481046676636,0.0,2.5403887033462524,-0.6907870769500732,-4.910576581954956,-0.006682999432086945,2.6974196434020996,0.425537109375,0.6634891033172607,0.14363606770833331,0.5011575222015381,2.561131715774536,0.2451636642217636,0.12383898194730136,0.11587231233716011,0.18974840641021729,0.2887506350874902,0.42974294777923205,0.40717414021492004,0.6655852794647217,0.9652793258428575,-0.0014087746967561543,-5.0928007112815976e-05,0.0016362728492822656,0.04393550381064415,0.4154340773820877,0.9999998807907104,0.10188477858901024,0.30821870267391205,0.5710454493761067,0.03275848925113678,0.18654245138168335,0.4886558338999751,1000000,1.423043131828308,1.423043131828308,115.20855124269404,0.2008829265832901
walker2d-expert-v2,10.0,2,mpi4,own,1,4,2.5,4096,6,498.230225609375,0.03010656365067738,0.010035521216892461,0.19235973060131073,0.19235973060131073,0.16883718967437744,0.16883718967437744,0.2469000667333603,0.025719478726387024,-0.02378904768097101,0.024658203125,0.29574354834707905,0.27240809008455,0.058384489361394454,-0.884516716003418,-3.3310039043426514,-0.5051297843456268,1.5083034038543701,-0.8871066570281982,-3.71680223941803,-0.4607752114534378,1.7642168402671814,0.36328125,0.8156996369361877,0.035400390625,0.35927993059158325,2.5710911750793457,0.12492544949054718,0.3591483012314711,0.3376564681529999,0.5692567527294159,0.8351745367050173,0.3591483012314711,0.3376564681529999,0.5692567527294159,0.8351745367050173,-0.017270627431571484,-0.0033555333502590656,0.0017996932030655453,0.15893001854419708,0.9999997019767761,1.0,0.23665571212768555,0.5324945449829102,0.8057647496461869,0.03481105528771877,0.12915007025003433,0.40522942692041475,1000000,0.9558511972427368,0.9558511972427368,113.8133250288637,
walker2d-expert-v2,10.0,2,mpi4,own,2,4,2.5,4096,6,498.230225609375,0.03010656365067738,0.010035521216892461,0.11349745094776154,0.30585718154907227,0.09599848091602325,0.2648356854915619,0.12022154033184052,0.001842111349105835,-0.0007031053400989862,0.25927734375,0.1156675722006894,0.12104998685376955,0.08687498597458058,-0.9936263561248779,-5.87774395942688,0.0,2.9076833724975586,-1.032997965812683,-6.086373329162598,-0.010654244106262922,2.9449880123138428,0.41455078125,0.6017208099365234,0.06856282552083333,0.36671870946884155,2.50685453414917,0.3522334098815918,0.09452867892719041,0.08375991508364677,0.1545855700969696,0.24039773046970378,0.3757061209225867,0.3541417866945267,0.5845994353294373,0.8755601704120636,-0.00040426827035844326,0.0005246677901595831,0.0029773215064778967,0.023497766815125942,0.32851874828338623,0.9999997049570084,0.0808512419462204,0.31169748306274414,0.6337409764528277,0.027691176161170006,0.23633477091789246,0.7284539669752125,1000000,0.9558511972427368,0.9558511972427368,113.8133250288637,0.027986450120806694
walker2d-expert-v2,10.0,2,mpi4,own,3,4,2.5,4096,6,498.34368996484375,0.030099708899812082,0.01003323629993736,0.07560522854328156,0.3814623951911926,0.058807216584682465,0.32364290952682495,0.07989926636219025,0.0017546814633533359,-0.0009961163441554177,0.22119140625,0.13712633375469446,0.11624259489052946,0.08589838827478591,-0.9365295767784119,-5.633321285247803,0.0,3.0200120210647583,-0.971244215965271,-5.772881746292114,-0.006823923671618104,3.0600394010543823,0.435546875,0.6507205367088318,0.09834798177083331,0.3760529160499573,2.4776153564453125,0.2336753010749817,0.09154974485682033,0.08281956985592842,0.15178702026605606,0.2344663806259633,0.39160878919483366,0.37039050459861755,0.6069442927837372,0.9141489714384082,-0.0006094971613492817,0.00041776319267228246,0.0020805549458600614,0.02711367979645729,0.43950869143009186,0.9999997615814209,0.07746948301792145,0.30454936623573303,0.5947474002838147,0.024263259954750538,0.248036228120327,0.7358054667711262,1000000,0.9558511972427368,0.9558511972427368,113.8133250288637,0.009592864662408829
walker2d-expert-v2,10.0,2,mpi4,own,4,4,2.5,4096,6,498.4193125234375,0.030095142028218752,0.01003171400940625,0.0630379244685173,0.4445003271102905,0.044002465903759,0.36764538288116455,0.06737467646598816,0.002054372802376747,-0.0014219943953870384,0.142578125,0.14748649398061572,0.12959793923307927,0.080344380577598,-0.8432695865631104,-5.47392725944519,0.0,2.9848949909210205,-0.7935599684715271,-5.466067790985107,-0.007787196198478341,2.9842052459716797,0.42529296875,0.664568305015564,0.118896484375,0.38196128606796265,2.46032977104187,0.21266166865825653,0.09974592761818712,0.08941442891955376,0.1637650579214096,0.2533912658691407,0.4095519303582478,0.38492219150066376,0.6296597123146057,0.93459207713604,-0.0008013802289497107,0.00015039072604849935,0.0014201432233676334,0.03575471229851246,0.47846800088882446,0.9999998807907104,0.08639945834875107,0.3319087028503418,0.6442114651203159,0.029907675459980965,0.22659027576446533,0.6169515639543548,1000000,0.9558511972427368,0.9558511972427368,113.8133250288637,0.0394514761865139
walker2d-expert-v2,10.0,3,mpi4,own,1,4,2.5,4096,6,500.2405710683594,0.029985572677491218,0.009995190892497072,0.1628991961479187,0.1628991961479187,0.14358913898468018,0.14358913898468018,0.1991806924343109,0.025705281645059586,-0.02407707305422946,0.018310546875,0.2866106024108663,0.2624636637257609,0.0474392065667075,-0.6880468130111694,-2.851555824279785,-0.38874346017837524,1.3272665739059448,-0.6297894716262817,-3.111474871635437,-0.3202036917209625,1.5295376181602478,0.3720703125,0.8252817392349243,0.034016927083333336,0.31875109672546387,2.2811574935913086,0.11776548624038696,0.3584735080007704,0.3366345018148422,0.5643588900566101,0.839641281962396,0.3584735080007704,0.3366345018148422,0.5643588900566101,0.839641281962396,-0.01744963973760605,-0.0035816351883113384,0.0009856579767074452,0.1478116139769554,0.9999996423721313,1.0,0.22420211881399155,0.5335588157176971,0.8152874588966376,0.027921314351260662,0.1121741272509098,0.30790705233812354,1000000,0.9489655494689941,0.9489655494689941,114.2067095703632,
walker2d-expert-v2,10.0,3,mpi4,own,2,4,2.5,4096,6,500.2405710683594,0.029985572677491218,0.009995190892497072,0.10082010179758072,0.2637192904949188,0.08134543895721436,0.22493457794189453,0.10377724468708038,0.0017111699562519789,-0.0007034537280743436,0.264404296875,0.09484639737867313,0.11172378216419787,0.07310964456344618,-0.6549265384674072,-4.889811038970947,0.0,2.757485508918762,-0.6974419355392456,-4.998627424240112,-0.004875697661191225,2.7744412422180176,0.43896484375,0.5917950868606567,0.07059733072916666,0.3232152462005615,2.2437615394592285,0.3814435601234436,0.09166869160014812,0.08468589931726456,0.14658140391111374,0.23211245313286807,0.3735711886729405,0.35266177356243134,0.5790025293827057,0.882344487309457,-0.0004464791272766888,0.0005334247252903879,0.0027132990653626642,0.015666073188185692,0.2630440592765808,0.9999996453523636,0.06312540546059608,0.3018748015165329,0.6071347236633301,0.01617433875799179,0.20675303786993027,0.651110264658929,1000000,0.9489655494689941,0.9489655494689941,114.2067095703632,0.030675729736685753
walker2d-expert-v2,10.0,3,mpi4,own,3,4,2.5,4096,6,500.3414011464844,0.029979529908236532,0.009993176636078844,0.07797761261463165,0.34169691801071167,0.05917717516422272,0.28411173820495605,0.08135123550891876,0.0018441593274474144,-0.0010649152474890844,0.189208984375,0.11913323885718452,0.11386940226041808,0.06811104666739519,-0.6104574799537659,-4.73337721824646,0.0,2.8818047046661377,-0.5958285331726074,-4.721692800521851,-0.004469208186492324,2.709376811981201,0.441162109375,0.6369601488113403,0.0955810546875,0.3305360674858093,2.214921474456787,0.2799649238586426,0.09490387226446728,0.08738149330019951,0.15212303400039673,0.24317506924271587,0.3905496562292683,0.37020035088062286,0.604634553194046,0.9103621274232877,-0.0006737806543242186,0.0002685716317500919,0.0022937858011573553,0.0194978266954422,0.3478052318096161,0.9999997019767761,0.0659605897963047,0.3082095980644226,0.6723431706428529,0.017208567820489407,0.19761522114276886,0.5788302838802345,1000000,0.9489655494689941,0.9489655494689941,114.2067095703632,0.11259524524211884
walker2d-expert-v2,10.0,3,mpi4,own,4,4,2.5,4096,6,500.41937355859375,0.029974858673699332,0.009991619557899777,0.0628708228468895,0.4045677185058594,0.04953235387802124,0.3336440920829773,0.06610475480556488,0.0016672794008627534,-0.0010390981002158517,0.19140625,0.1271106801647281,0.11508171894420172,0.07454627281762806,-0.5883404016494751,-4.960994243621826,0.0,2.8957830667495728,-0.5972563624382019,-5.173202753067017,-0.004370317095890641,2.3759111166000366,0.44140625,0.6573401093482971,0.11043294270833333,0.3385811448097229,2.196729898452759,0.22440606355667114,0.08891232818086792,0.08036565408110619,0.14815732836723328,0.24137965068221118,0.40847552639843343,0.38402366638183594,0.6381145119667053,0.9757160097360614,-0.0006404548184946179,0.00021996327268425375,0.0020359060494229285,0.016689223237335682,0.40566934645175934,0.9999998211860657,0.06022172048687935,0.3091813176870346,0.6779713302850737,0.01466331910341978,0.2169932872056961,0.6585289448499684,1000000,0.9489655494689941,0.9489655494689941,114.2067095703632,0.014145419001579285
walker2d-expert-v2,4.0,0,mpi4,own,1,4,1.0,4096,6,489.09381203515625,0.012267585179688836,0.004089195059896278,0.14786358177661896,0.14786358177661896,0.12705397605895996,0.12705397605895996,0.20807242393493652,0.025159433484077454,-0.024554789431327606,0.006103515625,0.30877031257649695,0.26818791177746704,0.028619108733695175,-0.9927908778190613,-4.142888784408569,-0.6518979072570801,1.7933325171470642,-1.0055832862854004,-4.6514434814453125,-0.5779255628585815,2.251928687095642,0.36669921875,0.8845206499099731,0.0247802734375,0.5429296493530273,3.2580246925354004,0.06077149882912636,0.3544635020380156,0.3309367001056671,0.5689870417118073,0.8484826087951663,0.3544635020380156,0.3309367001056671,0.5689870417118073,0.8484826087951663,-0.017732637003064156,-0.004275341751053929,-0.00035280778247397034,0.17628933489322662,0.9999998807907104,1.0,0.22709981352090836,0.5335363745689392,0.7998687684535986,0.018100802786648273,0.0650259368121624,0.16429001167416593,1000000,2.1031992435455322,2.1031992435455322,112.60382204132623,
walker2d-expert-v2,4.0,0,mpi4,own,2,4,1.0,4096,6,489.09381203515625,0.012267585179688836,0.004089195059896278,0.06706146895885468,0.21492505073547363,0.060927510261535645,0.1879814863204956,0.07029925286769867,0.0013966208789497614,-0.0011223933357165095,0.1181640625,0.11997528570277721,0.10356933049929751,0.04433338137090596,-1.2226128578186035,-7.5740065574646,0.0,3.727218747138977,-1.161494255065918,-7.755417585372925,-0.007473592180758715,3.8175312280654907,0.4287109375,0.6959534883499146,0.047607421875,0.5404784083366394,3.2231521606445312,0.21314799785614014,0.08045286231595128,0.07063543051481247,0.1360262855887413,0.23366336897015577,0.36161733821063535,0.3395641893148422,0.574881911277771,0.8491437792778017,-0.0006127030355855823,4.0429735236102715e-05,0.0005853790324181356,0.018799515441060066,0.36032621562480927,0.9999997615814209,0.06240023672580719,0.27248015999794006,0.5633656293153764,0.011407498270273209,0.12501926347613335,0.36422956138849394,1000000,2.1031992435455322,2.1031992435455322,112.60382204132623,-0.018663937225937843
walker2d-expert-v2,4.0,0,mpi4,own,3,4,1.0,4096,6,489.160889671875,0.01226590295071372,0.004088634316904574,0.07823851704597473,0.29316356778144836,0.06743551045656204,0.25541698932647705,0.08231359720230103,0.0013199122622609138,-0.0010000237026979164,0.08447265625,0.11335331715197497,0.09853016132302628,0.043634239551696985,-1.186454176902771,-7.848494291305542,0.0,3.613248348236084,-1.2009263038635254,-7.818238735198975,-0.010382613632827997,3.513046145439148,0.421630859375,0.6895363330841064,0.065185546875,0.5400465726852417,3.1868669986724854,0.23180042207241058,0.07739408921474933,0.06859119981527328,0.1335054636001587,0.21659580096602454,0.37006735076283803,0.34618158638477325,0.5819674730300903,0.8850184440612803,-0.0005506572197191417,-1.8922670278698206e-05,0.0004033202596474441,0.018613277934491634,0.33085373044013977,0.9999997019767761,0.05655168555676937,0.26705431938171387,0.5242677807807923,0.010277266148477793,0.126299150288105,0.38155926764011416,1000000,2.1031992435455322,2.1031992435455322,112.60382204132623,-0.06873190402984619
walker2d-expert-v2,4.0,0,mpi4,own,4,4,1.0,4096,6,489.2391062246094,0.012263941953253026,0.0040879806510843416,0.06526699662208557,0.35843056440353394,0.05051587522029877,0.305932879447937,0.07138903439044952,0.001533551374450326,-0.0012667411090396818,0.04638671875,0.1297428976799529,0.11081636164469733,0.04142632214662277,-1.1668891906738281,-7.00483512878418,0.0,3.5146783590316772,-1.1598092317581177,-7.506513833999634,-0.011480675544589758,3.5321571826934814,0.406005859375,0.7181990146636963,0.07747395833333333,0.5408420562744141,3.1467349529266357,0.19314822554588318,0.08561115824477383,0.07710087299346924,0.14218147844076157,0.22669793665409088,0.3805040054571691,0.35790710151195526,0.5974794328212738,0.9101642251014713,-0.000750525388866663,-0.00010927579569397494,0.0002203859301516791,0.025937539525330067,0.39498327672481537,0.9999997615814209,0.071077860891819,0.2959236353635788,0.548765727877617,0.013266600202769041,0.11853554472327232,0.32208369672298437,1000000,2.1031992435455322,2.1031992435455322,112.60382204132623,-0.11718297004699707
walker2d-expert-v2,4.0,1,mpi4,own,1,4,1.0,4096,6,489.25445656640625,0.012263557172494806,0.004087852390831602,0.15444344282150269,0.15444344282150269,0.13151124119758606,0.13151124119758606,0.20682698488235474,0.025287874042987823,-0.024656532557145283,0.007568359375,0.2916500777843274,0.2520677266117275,0.026727333640188235,-0.8224009871482849,-3.79752516746521,-0.5103079378604889,1.7287791967391968,-0.819464921951294,-4.075166702270508,-0.4282180517911911,2.034077763557434,0.38330078125,0.8829495310783386,0.021280924479166664,0.5290700793266296,3.275423765182495,0.07649104297161102,0.3552601709134251,0.33404113352298737,0.565442681312561,0.8490093886852265,0.3552601709134251,0.33404113352298737,0.565442681312561,0.8490093886852265,-0.01820250414311886,-0.004238307708874345,-0.00034624227555468093,0.1516074687242508,0.9999997019767761,1.0,0.2169976457953453,0.4920274466276169,0.7992093801498422,0.015523197129368782,0.06006620079278946,0.16999803259968901,1000000,2.7397208213806152,2.7397208213806152,112.07508823151767,
walker2d-expert-v2,4.0,1,mpi4,own,2,4,1.0,4096,6,489.25445656640625,0.012263557172494806,0.004087852390831602,0.08097638189792633,0.23541982471942902,0.07226506620645523,0.2037763148546219,0.08467018604278564,0.0016696830280125141,-0.0013386634767513783,0.0732421875,0.11485554942816832,0.0994419441786265,0.03585422044206574,-0.9270473718643188,-5.51638388633728,0.0,3.1484146118164062,-0.9161372184753418,-5.924775838851929,-0.005628738319501281,3.0641976594924927,0.4296875,0.7111412882804871,0.041788736979166664,0.5272347331047058,3.230919599533081,0.2119414359331131,0.09025032883141648,0.08262503147125244,0.14402543008327484,0.23540273234248177,0.3644381224867175,0.3418407589197159,0.5735928416252136,0.8462763458490394,-0.0009038791758939624,-6.708715227432549e-05,0.0005217233032453808,0.01795143447816372,0.3283795863389969,0.9999997615814209,0.06111759878695011,0.27060435712337494,0.5550558418035508,0.009047662373632193,0.09935736656188965,0.3027099892497069,1000000,2.7397208213806152,2.7397208213806152,112.07508823151767,-0.02888958342373371
walker2d-expert-v2,4.0,1,mpi4,own,3,4,1.0,4096,6,489.3354197011719,0.012261528102061546,0.004087176034020515,0.061690784990787506,0.2971106171607971,0.038606300950050354,0.24238261580467224,0.06497972458600998,0.00169579207431525,-0.0014436509530046937,0.069091796875,0.12096259678868326,0.10415789887460392,0.036748642839059424,-0.946707010269165,-5.779916524887085,0.0,3.1608104705810547,-0.9159248471260071,-5.7916669845581055,-0.004698077449575067,2.9471431970596313,0.440673828125,0.727444052696228,0.062744140625,0.5292070508003235,3.196359157562256,0.17422431707382202,0.09181818550791832,0.08712859824299812,0.14129144698381424,0.22203668728470816,0.3713518832337286,0.3474392592906952,0.5875780582427979,0.9052822947502139,-0.0010198455420322716,-6.655781544395722e-05,0.0004931556555675344,0.020841581746935844,0.3644920587539673,0.9999997615814209,0.06353761628270149,0.2815978676080704,0.5857379555702212,0.009296571835875511,0.10062449052929878,0.3582403108477612,1000000,2.7397208213806152,2.7397208213806152,112.07508823151767,-0.24185588955879211
walker2d-expert-v2,4.0,1,mpi4,own,4,4,1.0,4096,6,489.3970957265625,0.012259982849085683,0.004086660949695228,0.07429561018943787,0.371406227350235,0.06913220137357712,0.31151479482650757,0.0792861059308052,0.0022369329817593098,-0.0019333119339579596,0.021728515625,0.14012691097466673,0.11760690118666517,0.035208542964975276,-0.8549673557281494,-5.621825218200684,0.0,3.2184226512908936,-0.8628203272819519,-5.849385738372803,-0.008636943530291319,3.0582484006881714,0.404541015625,0.7459850311279297,0.08333333333333334,0.5305665731430054,3.1403276920318604,0.1731244921684265,0.10625977738482106,0.09892687574028969,0.1637779176235199,0.25936576873064054,0.39088128538332967,0.3656162619590759,0.6110382974147797,0.8978669345378896,-0.0013642031117342412,-0.00031474830757360905,0.00013193030681577588,0.03446527011692524,0.43733398616313934,0.9999998211860657,0.08143613860011101,0.29825790226459503,0.5972420722246181,0.013104096055030823,0.09915299341082573,0.27864768952131364,1000000,2.7397208213806152,2.7397208213806152,112.07508823151767,0.2078796923160553
walker2d-expert-v2,4.0,2,mpi4,own,1,4,1.0,4096,6,491.4177561269531,0.012209571032370178,0.0040698570107900595,0.1487601399421692,0.1487601399421692,0.13588440418243408,0.13588440418243408,0.2082456648349762,0.025307267904281616,-0.02470183595495712,0.007080078125,0.2979025215503622,0.26185271019313916,0.02472209969490881,-0.9835725426673889,-3.906851291656494,-0.5982457399368286,1.4595933556556702,-0.9826350808143616,-4.126808404922485,-0.4914606809616089,1.6448214054107666,0.35791015625,0.8944834470748901,0.0184326171875,0.43625426292419434,2.949963092803955,0.06363242119550705,0.35538404153794545,0.3322533965110779,0.5663909316062927,0.8365368306636812,0.35538404153794545,0.3322533965110779,0.5663909316062927,0.8365368306636812,-0.017865989357233047,-0.004377645207569003,-0.0004093756171641853,0.15868344902992249,0.9999997615814209,1.0,0.22308016568422318,0.5296632647514343,0.8077996850013733,0.01460195193067193,0.05830870009958744,0.15286232009530143,1000000,1.8987507820129395,1.8987507820129395,111.47692424071612,
walker2d-expert-v2,4.0,2,mpi4,own,2,4,1.0,4096,6,491.4177561269531,0.012209571032370178,0.0040698570107900595,0.07110243290662766,0.21986258029937744,0.0580083504319191,0.19389274716377258,0.07573675364255905,0.0015079972799867392,-0.0012186205489701507,0.072998046875,0.12093791003377719,0.10497744061765957,0.03696787706368462,-1.1378090381622314,-6.121600866317749,0.0,2.6921180486679077,-1.0673465728759766,-6.375198125839233,-0.007606707513332367,2.741965174674988,0.4248046875,0.7210137844085693,0.036173502604166664,0.44048959016799927,2.89338755607605,0.21264120936393738,0.08625852959175973,0.07821448519825935,0.13857761770486832,0.21781116649508495,0.3635842631192645,0.34265147149562836,0.5765350461006165,0.8692321628332148,-0.000790670863352716,-7.349184306804091e-05,0.0005816682212753245,0.02007117122411728,0.3596395254135132,0.9999998211860657,0.06336760893464088,0.2841445952653885,0.5747506856918335,0.009584333747625351,0.10318642854690552,0.3522486969828608,1000000,1.8987507820129395,1.8987507820129395,111.47692424071612,-0.0238358024507761
walker2d-expert-v2,4.0,2,mpi4,own,3,4,1.0,4096,6,491.4888620839844,0.012207804617502675,0.0040692682058342255,0.044427983462810516,0.26429057121276855,0.03683806210756302,0.2307308167219162,0.049703050404787064,0.0015664116945117712,-0.0013856223047885585,0.049560546875,0.12838835905800502,0.10526628128720539,0.03739783656948492,-1.214592456817627,-6.602559804916382,0.0,2.5797866582870483,-1.2856135368347168,-6.99862003326416,-0.007390610408037901,2.394866108894348,0.427734375,0.749163031578064,0.048828125,0.44283777475357056,2.861546039581299,0.11869656294584274,0.08550112761042783,0.07622817903757095,0.14586587995290756,0.22278964817523966,0.36942960828855576,0.3475044369697571,0.58189657330513,0.8775633394718173,-0.0008311239362228662,-0.00010477096293470822,0.00023960403268574818,0.022146882489323616,0.38294899463653564,0.9999997645616532,0.061010343953967094,0.2887410521507263,0.5935803383588794,0.008340021129697561,0.10738981142640114,0.34372543990612076,1000000,1.8987507820129395,1.8987507820129395,111.47692424071612,-0.16269831359386444
walker2d-expert-v2,4.0,2,mpi4,own,4,4,1.0,4096,6,491.5332956777344,0.012206701057203255,0.004068900352401085,0.05316123366355896,0.3174517750740051,0.05412504822015762,0.28485584259033203,0.05883883312344551,0.0018117290455847979,-0.0015954213051658783,0.02197265625,0.13748983578807472,0.11447434567460846,0.03383276192268045,-0.934495210647583,-5.810729742050171,0.0,2.823744297027588,-1.0105732679367065,-6.168179988861084,-0.007576001808047295,2.7246299982070923,0.421630859375,0.7474368214607239,0.06294759114583333,0.4430508315563202,2.8317244052886963,0.17376458644866943,0.09465635967330854,0.0863606184720993,0.14955980330705643,0.23742775321006776,0.3797993789639804,0.35764549672603607,0.5907960534095764,0.8817919075489047,-0.0010565259726718068,-0.00022195070050656796,0.00016275958187179703,0.027736525051295757,0.42747172713279724,0.9999998807907104,0.07524598762392998,0.3000336289405823,0.6021224558353424,0.010722947772592306,0.09556587040424347,0.2642668649554254,1000000,1.8987507820129395,1.8987507820129395,111.47692424071612,-0.013580922968685627
walker2d-expert-v2,4.0,3,mpi4,own,1,4,1.0,4096,6,489.59686379296875,0.012254980461919715,0.004084993487306572,0.15356026589870453,0.15356026589870453,0.1456175297498703,0.1456175297498703,0.2157098650932312,0.02517787367105484,-0.02455058225039153,0.006591796875,0.2954785712372557,0.26428172220406054,0.026376230891881732,-1.0175634622573853,-3.8690037727355957,-0.5731410682201385,1.6124653816223145,-0.9975939393043518,-4.107555627822876,-0.4648287743330002,1.8535875082015991,0.368408203125,0.8915793299674988,0.0223388671875,0.38738325238227844,3.0103187561035156,0.06688418239355087,0.3543208683627199,0.33214056491851807,0.5683768093585968,0.8252639412879944,0.3543208683627199,0.33214056491851807,0.5683768093585968,0.8252639412879944,-0.017648562788963318,-0.004343282897025347,-0.0003728197145392151,0.16252977401018143,0.9999997019767761,1.0,0.2201365903019905,0.5326547920703888,0.8299652457237247,0.015103182289749384,0.059803903102874756,0.18787789791822507,1000000,1.6085689067840576,1.6085689067840576,111.84445200355614,
walker2d-expert-v2,4.0,3,mpi4,own,2,4,1.0,4096,6,489.59686379296875,0.012254980461919715,0.004084993487306572,0.07492779195308685,0.22848805785179138,0.06464330106973648,0.21026083827018738,0.0795636922121048,0.0013475592713803053,-0.0010414797090381178,0.09033203125,0.11098772715935654,0.10265423972969501,0.04131526361091404,-1.3753207921981812,-6.888562917709351,0.0,2.9897977113723755,-1.3646175861358643,-6.972687721252441,-0.008350726217031479,2.8785617351531982,0.421875,0.6967190504074097,0.0419921875,0.38673633337020874,2.9524550437927246,0.2518610954284668,0.08037590235335301,0.07301151379942894,0.13143576681613922,0.21688526570796976,0.3626690828532446,0.34123100340366364,0.5739975869655609,0.8555862158536913,-0.0006149131513666362,-2.0505987777141854e-05,0.0006078120379243064,0.01854943484067917,0.3119378983974457,0.9999997615814209,0.05881352722644806,0.27534058690071106,0.6251087874174119,0.009911337401717901,0.11511312797665596,0.40960591882467284,1000000,1.6085689067840576,1.6085689067840576,111.84445200355614,-0.017815569415688515
walker2d-expert-v2,4.0,3,mpi4,own,3,4,1.0,4096,6,489.6717844472656,0.012253105428103669,0.004084368476034556,0.05245625227689743,0.280944287776947,0.048385776579380035,0.2586466073989868,0.0570145845413208,0.0016496372409164906,-0.0014353864872611588,0.0419921875,0.12911557761089093,0.10687851457439024,0.03516920788867785,-0.9787606000900269,-5.782564640045166,0.0,3.077752709388733,-0.9406276941299438,-6.053138256072998,-0.005571469431743026,3.169944405555725,0.437255859375,0.7377076745033264,0.06209309895833333,0.38941168785095215,2.9118757247924805,0.16099035739898682,0.08936699241144197,0.0823657475411892,0.14606942236423492,0.22285828590393075,0.3702236999101842,0.34882473945617676,0.5840682089328766,0.8701769977808006,-0.0009456758562009782,-0.00012104227425879799,0.00024876300740288597,0.026556694880127907,0.3947090804576874,0.9999998211860657,0.06746895238757133,0.2815982699394226,0.5993876993656162,0.010013910476118326,0.09979166463017464,0.2784674122929574,1000000,1.6085689067840576,1.6085689067840576,111.84445200355614,-0.13554760813713074
walker2d-expert-v2,4.0,3,mpi4,own,4,4,1.0,4096,6,489.7242136464844,0.012251793627527678,0.004083931209175893,0.056993477046489716,0.3379378020763397,0.05412287265062332,0.31276947259902954,0.06090681999921799,0.0013957425253465772,-0.0011629851299786997,0.043212890625,0.13121921454882463,0.10237324070804732,0.036240888595616506,-0.9145618677139282,-5.911055564880371,0.0,3.113946318626404,-0.9131313562393188,-6.190620183944702,-0.0066754925064742565,2.9719616174697876,0.427734375,0.7258720993995667,0.07963053385416666,0.3936741352081299,2.8959083557128906,0.184996098279953,0.08154806213951815,0.0740579143166542,0.13370122015476227,0.2148762173950672,0.3793918856699747,0.3552434593439102,0.5905700325965881,0.8766959249973302,-0.0007260183920152485,-9.153194332611747e-05,0.00019951120266341614,0.01761431060731411,0.42890042066574097,0.9999997615814209,0.053965503349900246,0.278892382979393,0.6063054859638214,0.008271020371466875,0.10167097300291061,0.34756059199571676,1000000,1.6085689067840576,1.6085689067840576,111.84445200355614,-0.22555291652679443
walker2d-expert-v2,7.0,0,mpi4,own,1,4,1.75,4096,6,496.35565285546875,0.021154186397585848,0.007051395465861949,0.15483848750591278,0.15483848750591278,0.1437097191810608,0.1437097191810608,0.19904085993766785,0.025336449965834618,-0.024244622714412856,0.01123046875,0.29335654343014556,0.2582594847026911,0.03972688641971217,-0.6782044172286987,-3.1720027923583984,-0.49003708362579346,1.803360402584076,-0.716284990310669,-3.4924062490463257,-0.3915482312440872,2.0147870779037476,0.372802734375,0.8456401228904724,0.03487141927083333,0.4192688465118408,2.729907989501953,0.09907203912734985,0.3561585913807903,0.3335484564304352,0.5664587318897247,0.8384959667921076,0.3561585913807903,0.3335484564304352,0.5664587318897247,0.8384959667921076,-0.01764543540775776,-0.004024293506518006,0.00016205159481615233,0.15787850320339203,0.9999995827674866,1.0,0.2239813432097435,0.5019131898880005,0.7784462541341783,0.025247803889214993,0.08981802687048912,0.23469608277082443,1000000,1.5087347030639648,1.5087347030639648,113.27529659433768,
walker2d-expert-v2,7.0,0,mpi4,own,2,4,1.75,4096,6,496.35565285546875,0.021154186397585848,0.007051395465861949,0.084920234978199,0.23975872993469238,0.06962309032678604,0.21333281695842743,0.08767668902873993,0.001392482896335423,-0.0007936767767482422,0.220947265625,0.10680537047234978,0.09848632007027192,0.06444989648394794,-0.7995578050613403,-6.108897686004639,0.0,3.4262696504592896,-0.8408364057540894,-6.525637865066528,-0.007512649986892939,3.1777842044830322,0.43701171875,0.6247009634971619,0.06160481770833333,0.4285157322883606,2.698004722595215,0.31431663036346436,0.08125861000553414,0.07250591367483139,0.1330629363656044,0.2215739339590073,0.3658200886834493,0.34283797442913055,0.5739505589008331,0.853855505585671,-0.00042434807983227074,0.00028584193205460906,0.001642517605796457,0.018175299279391766,0.30341508984565735,0.9999997019767761,0.06364070251584053,0.2546413987874985,0.5161114305257798,0.016983958892524242,0.18384938687086105,0.5480554431676865,1000000,1.5087347030639648,1.5087347030639648,113.27529659433768,0.0046457694843411446
walker2d-expert-v2,7.0,0,mpi4,own,3,4,1.75,4096,6,496.4405832753906,0.021150567366438156,0.007050189122146051,0.09606965631246567,0.33582836389541626,0.07981803268194199,0.2931508421897888,0.09985620528459549,0.0015312132891267538,-0.0008539040353632288,0.183837890625,0.10241006754740618,0.10351179816714762,0.06081858304281953,-0.9461382627487183,-6.079843044281006,0.0,3.133060574531555,-0.8801529407501221,-6.450382471084595,-0.00859176879748702,2.9930232763290405,0.425537109375,0.6199901700019836,0.08671061197916666,0.44012612104415894,2.6639981269836426,0.3374597430229187,0.08472408710520085,0.07573990896344185,0.13953914493322372,0.23514203652739532,0.38093436405551984,0.36037495732307434,0.5959694385528564,0.869375976920128,-0.0004421307676238939,0.0001522016536910087,0.0015131505962926895,0.01909926813095808,0.2716642767190933,0.9999997019767761,0.0654345229268074,0.27337512373924255,0.5516867816448218,0.017886988818645477,0.1847037523984909,0.438482211530209,1000000,1.5087347030639648,1.5087347030639648,113.27529659433768,0.02283826284110546
walker2d-expert-v2,7.0,0,mpi4,own,4,4,1.75,4096,6,496.53668312890625,0.021146473879502047,0.007048824626500682,0.0810551717877388,0.41688355803489685,0.07124079763889313,0.36439165472984314,0.08439125120639801,0.0016366756753996015,-0.001065331934768654,0.126220703125,0.11065694448513944,0.1045676071076862,0.05691868940727969,-0.8810505867004395,-5.818153619766235,0.0,3.0842456817626953,-0.8675800561904907,-5.7955591678619385,-0.008528573904186487,3.0778626203536987,0.431640625,0.6530436873435974,0.1094970703125,0.45005929470062256,2.6345067024230957,0.2739526629447937,0.08730774205548641,0.07754494249820709,0.14767875522375107,0.24728763401508339,0.3986065737199169,0.37654896080493927,0.6187566816806793,0.9380580782890325,-0.0005889887106604874,5.110842903377488e-05,0.001018333481624729,0.020865116268396378,0.31086204946041107,0.9999997615814209,0.06742203235626221,0.27682438492774963,0.5451620936393738,0.016417577862739563,0.161326564848423,0.45477490723133235,1000000,1.5087347030639648,1.5087347030639648,113.27529659433768,0.03773083537817001
walker2d-expert-v2,7.0,1,mpi4,own,1,4,1.75,4096,6,495.3819284902344,0.021195767136683086,0.0070652557122276955,0.16591191291809082,0.16591191291809082,0.15584737062454224,0.15584737062454224,0.2147897481918335,0.025458816438913345,-0.02428660516477521,0.0126953125,0.2822555971451753,0.24939849082461407,0.03863451303583729,-0.7958763241767883,-3.203969955444336,-0.4417351186275482,1.4091420769691467,-0.8252089023590088,-3.546612024307251,-0.3981578201055527,1.6729918122291565,0.36376953125,0.8474331498146057,0.030965169270833332,0.40270039439201355,2.7222206592559814,0.09974333643913269,0.3569788815166248,0.3344433754682541,0.5614370703697205,0.8657845765352249,0.3569788815166248,0.3344433754682541,0.5614370703697205,0.8657845765352249,-0.01766734104603529,-0.003903793403878808,0.00038036529440434153,0.14641878753900528,0.9999993145465851,1.0,0.21113687008619308,0.5011002421379089,0.7850372254848486,0.022882082499563694,0.08709006756544113,0.2511655047535902,1000000,1.3513981103897095,1.3513981103897095,113.5749624758137,
walker2d-expert-v2,7.0,1,mpi4,own,2,4,1.75,4096,6,495.3819284902344,0.021195767136683086,0.0070652557122276955,0.09526845067739487,0.2611803710460663,0.07769733667373657,0.2335447072982788,0.09874728322029114,0.0017532643396407366,-0.0010801683107990456,0.168701171875,0.10698823255125275,0.10417714735838501,0.05187328252411291,-0.8382406234741211,-5.123367786407471,0.0,2.4755479097366333,-0.8101822137832642,-5.151437520980835,-0.007179991574957967,2.5000345706939697,0.4208984375,0.6516611576080322,0.059488932291666664,0.40508124232292175,2.6676390171051025,0.28867900371551514,0.09293454042972371,0.08571696281433105,0.148703470826149,0.23854802325367933,0.36874503040871787,0.34784039855003357,0.5783140957355499,0.867680010199547,-0.0006996849842835218,0.0001911665458464995,0.0015495316067244862,0.0190455736592412,0.3136897534132004,0.9999997019767761,0.06565084308385849,0.28231438994407654,0.5651580572128297,0.014281996991485357,0.14411290735006332,0.41338558346033166,1000000,1.3513981103897095,1.3513981103897095,113.5749624758137,-0.004174523055553436
walker2d-expert-v2,7.0,1,mpi4,own,3,4,1.75,4096,6,495.4771738515625,0.021191692683598058,0.007063897561199353,0.07100072503089905,0.33218109607696533,0.06567288935184479,0.2992176115512848,0.07429204881191254,0.0017744135111570358,-0.0012728717326437877,0.119140625,0.1196263906671589,0.10478042773827312,0.0499162771617583,-0.6640105247497559,-4.698890209197998,0.0,2.6303778886795044,-0.655401349067688,-4.890429735183716,-0.005418438697233796,2.620274305343628,0.43212890625,0.6901479959487915,0.0811767578125,0.4086068570613861,2.6317031383514404,0.19044853746891022,0.0942027787968982,0.08970200270414352,0.1442238613963127,0.2279385574162018,0.3802003993487233,0.3570476770401001,0.5963154137134552,0.8971024066209794,-0.0009218565537594259,5.94183638895629e-05,0.0013126455538440538,0.021310308016836643,0.3644222170114517,0.9999997019767761,0.06610128283500671,0.2818925380706787,0.5629204511642457,0.015145545359700918,0.13731125742197037,0.4337154954671868,1000000,1.3513981103897095,1.3513981103897095,113.5749624758137,-0.11783977597951889
walker2d-expert-v2,7.0,1,mpi4,own,4,4,1.75,4096,6,495.54815773828125,0.021188657118458038,0.007062885706152679,0.07992299646139145,0.4121040999889374,0.0720750242471695,0.3712926506996155,0.08378195017576218,0.001752375508658588,-0.0011878885241205506,0.129150390625,0.11588471383102705,0.11005413303308487,0.051807848881338284,-0.8310544490814209,-5.153732061386108,0.0,2.731010317802429,-0.7483512163162231,-5.107301712036133,-0.006173114292323589,2.662577271461487,0.4208984375,0.6644809246063232,0.10335286458333333,0.41279828548431396,2.5946054458618164,0.2718343734741211,0.09326951861498856,0.0877368226647377,0.14558961242437363,0.22874985039234164,0.3999021010781689,0.37645383179187775,0.6248474717140198,0.9361335694789892,-0.0007565957203041762,8.399714715778828e-05,0.000964654367999176,0.019046231172978878,0.34423501789569855,0.9999997049570084,0.06654097884893417,0.3014259487390518,0.6035802453756334,0.014556122478097677,0.15025527775287628,0.41644992381334356,1000000,1.3513981103897095,1.3513981103897095,113.5749624758137,0.1494508683681488
walker2d-expert-v2,7.0,2,mpi4,own,1,4,1.75,4096,6,495.8245859609375,0.021176844185026397,0.007058948061675466,0.172011598944664,0.172011598944664,0.1524154543876648,0.1524154543876648,0.21899816393852234,0.02533154934644699,-0.024117328010209604,0.01416015625,0.2844720025573966,0.26102093330285214,0.0388948699750597,-0.8224635124206543,-3.3707138299942017,-0.43399645388126373,1.4821462035179138,-0.7930634021759033,-3.6439554691314697,-0.3578457087278366,1.728179156780243,0.380615234375,0.8473949432373047,0.033447265625,0.375752717256546,2.730358600616455,0.10484135150909424,0.35621418794153215,0.3345782160758972,0.5648205578327179,0.8353439480066299,0.35621418794153215,0.3345782160758972,0.5648205578327179,0.8353439480066299,-0.01773359254002571,-0.0038775535067543387,0.0006506661418825418,0.15069148689508438,0.9999995827674866,1.0,0.2201944887638092,0.5371434688568115,0.8156893163919469,0.022599012590944767,0.09083842858672142,0.2665020227432251,1000000,1.3840386867523193,1.3840386867523193,112.33925071431004,
walker2d-expert-v2,7.0,2,mpi4,own,2,4,1.75,4096,6,495.8245859609375,0.021176844185026397,0.007058948061675466,0.0928424745798111,0.2648540735244751,0.07944407314062119,0.23185953497886658,0.09771797060966492,0.0015446548350155354,-0.0008892845828381013,0.1796875,0.10367731435070679,0.10185064718824854,0.058072806379971316,-1.0477219820022583,-5.7349631786346436,0.0,2.7125316858291626,-0.97310471534729,-5.7199177742004395,-0.006527379155158997,2.7463208436965942,0.427001953125,0.6369835138320923,0.0628662109375,0.37459200620651245,2.6638174057006836,0.3069745600223541,0.08660707970830117,0.07831091433763504,0.14098042249679565,0.22887442409992223,0.369538686197302,0.3464099019765854,0.580530434846878,0.8541392952203756,-0.0004991247842554003,0.00021887935872655362,0.0015006699017249098,0.016292810440063477,0.2870505750179291,0.9999997019767761,0.05636963993310928,0.27335770428180695,0.5501157075166705,0.014254971873015165,0.16023645550012589,0.5012597292661672,1000000,1.3840386867523193,1.3840386867523193,112.33925071431004,0.027408860623836517
walker2d-expert-v2,7.0,2,mpi4,own,3,4,1.75,4096,6,495.91742043359375,0.021172879933960723,0.007057626644653574,0.06075265258550644,0.32560673356056213,0.0474332720041275,0.2792928218841553,0.06464074552059174,0.0016761861043050885,-0.001247416537138335,0.12255859375,0.12220370992746414,0.10606859906695121,0.0569714540450591,-0.7945988178253174,-5.2600767612457275,0.0,2.640439033508301,-0.7088549137115479,-5.189124822616577,-0.007739734603092074,2.7653486728668213,0.419921875,0.6972005367279053,0.085205078125,0.3743334412574768,2.637312412261963,0.165410578250885,0.0889882833040474,0.08180943876504898,0.15055051445960999,0.2268539696931843,0.379926294415327,0.3557348847389221,0.5934352874755859,0.871723407506943,-0.0007662906136829406,4.9190144636668265e-05,0.0010447830019984403,0.020467237569391727,0.38892877101898193,0.9999997019767761,0.0586348045617342,0.2922147661447525,0.5520384758710862,0.012661871500313282,0.16133710741996765,0.5385687559843069,1000000,1.3840386867523193,1.3840386867523193,112.33925071431004,-0.0747719258069992
walker2d-expert-v2,7.0,2,mpi4,own,4,4,1.75,4096,6,495.9781809316406,0.021170286120806566,0.007056762040268856,0.07193540036678314,0.3975421190261841,0.06375973671674728,0.34305256605148315,0.07675512135028839,0.0019472305430099368,-0.001439599473213704,0.086669921875,0.12851060787946036,0.11971019856994847,0.05570618419639306,-0.9294674396514893,-5.585587739944458,0.0,2.661659359931946,-0.8860625624656677,-5.717729091644287,-0.006895451107993722,2.8626062870025635,0.427001953125,0.6717795729637146,0.0968017578125,0.37651365995407104,2.613672971725464,0.24825917184352875,0.09771711995563237,0.08768875896930695,0.15661078691482544,0.23965763300657275,0.39607457517195144,0.37267641723155975,0.6113229393959045,0.9030611425638206,-0.0008532266365364194,-3.222869418095797e-05,0.0006453911773860507,0.029800791293382645,0.3704098016023636,0.9999997615814209,0.07758397608995438,0.3214322626590729,0.578786712884903,0.019822844304144382,0.15276353806257248,0.40643560439348236,1000000,1.3840386867523193,1.3840386867523193,112.33925071431004,-0.05352361127734184
walker2d-expert-v2,7.0,3,mpi4,own,1,4,1.75,4096,6,495.776124046875,0.021178914212914454,0.007059638070971485,0.17218336462974548,0.17218336462974548,0.16132189333438873,0.16132189333438873,0.22397103905677795,0.02544526755809784,-0.02422971487631287,0.017333984375,0.29277242145450155,0.25864678180948886,0.039875541741772075,-0.8059417009353638,-3.450828790664673,-0.4669022858142853,1.5242645740509033,-0.780124306678772,-3.7235277891159058,-0.39291536808013916,1.7718341946601868,0.369384765625,0.8453290462493896,0.033732096354166664,0.38818734884262085,2.791795253753662,0.09916968643665314,0.3565456485848699,0.33520327508449554,0.5669443309307098,0.83191611468792,0.3565456485848699,0.33520327508449554,0.5669443309307098,0.83191611468792,-0.017675007693469524,-0.0037447812501341105,0.0007700391550315683,0.1528976708650589,0.9999997615814209,1.0,0.22303901612758636,0.5208230018615723,0.7971119105815899,0.02365600224584341,0.09308239072561264,0.2583413541316986,1000000,1.6831035614013672,1.6831035614013672,112.58705847531452,
walker2d-expert-v2,7.0,3,mpi4,own,2,4,1.75,4096,6,495.776124046875,0.021178914212914454,0.007059638070971485,0.09925045073032379,0.27143383026123047,0.08180727064609528,0.243129163980484,0.10338334739208221,0.0016395824495702982,-0.0009389102331565091,0.203125,0.10449045466823623,0.10849251302867913,0.06064954146499632,-1.04209303855896,-6.095922231674194,0.0,3.0600231885910034,-0.9817246198654175,-6.309342622756958,-0.008171605877578259,3.1046262979507446,0.422607421875,0.6274725198745728,0.06925455729166666,0.39168450236320496,2.730747699737549,0.3348572254180908,0.08933034676329044,0.08026780188083649,0.14680713415145874,0.22649787217378625,0.3681047143604701,0.3469240814447403,0.5773525536060333,0.8594853907823569,-0.0005392898456193507,0.0002457340742694214,0.0015738733287435093,0.019661678932607174,0.2877303957939148,0.9999997019767761,0.06917789578437805,0.27865199744701385,0.610952585935593,0.018762796185910702,0.17383995652198792,0.5113765239715578,1000000,1.6831035614013672,1.6831035614013672,112.58705847531452,-0.002598719671368599
walker2d-expert-v2,7.0,3,mpi4,own,3,4,1.75,4096,6,495.8753672109375,0.021174675521910866,0.007058225173970288,0.06627891957759857,0.33771273493766785,0.057688914239406586,0.3008180856704712,0.07190021872520447,0.0018994736019521952,-0.0014316620274721359,0.11083984375,0.12985917473888464,0.11376109077752972,0.053080813169596675,-0.954487681388855,-5.156826734542847,0.0,2.403652787208557,-0.976711630821228,-5.171344518661499,-0.008778231218457222,2.4621576070785522,0.411865234375,0.6872406005859375,0.09769694010416666,0.39502453804016113,2.6857051849365234,0.20282629132270813,0.09686525327242634,0.08883806690573692,0.15741290152072906,0.23593295067548764,0.3810014110595148,0.35833005607128143,0.5965402722358704,0.8935730069875719,-0.0009531535033602268,2.4699140340089798e-05,0.001087562716566028,0.027484847232699394,0.38219478726387024,0.9999997645616532,0.0753210186958313,0.2992006689310074,0.6047264188528062,0.015715169720351696,0.14408675581216812,0.46444291025400264,1000000,1.6831035614013672,1.6831035614013672,112.58705847531452,-0.060180485248565674
walker2d-expert-v2,7.0,3,mpi4,own,4,4,1.75,4096,6,495.941651390625,0.021171845459154123,0.00705728181971804,0.06957317888736725,0.4072859287261963,0.06130604445934296,0.36212414503097534,0.07239614427089691,0.0014946366427466273,-0.001003639077231,0.1396484375,0.11266350712411621,0.10407057983088919,0.055019409716864344,-0.7013756036758423,-5.210089206695557,0.0,2.9749011993408203,-0.7224175333976746,-5.418391942977905,-0.006902995286509395,2.801725149154663,0.435302734375,0.6634331941604614,0.11832682291666666,0.4017571806907654,2.6562087535858154,0.24900949001312256,0.08381799799553846,0.07579951733350754,0.139309361577034,0.2272115945816041,0.3951430256693129,0.3711531460285187,0.6156849563121796,0.9196167647838626,-0.0005673218984156847,7.130430822144262e-05,0.0009711223538033713,0.01719226874411106,0.328640952706337,0.9999997615814209,0.058890655636787415,0.2849828898906708,0.582673799991608,0.013793252408504486,0.1573566198348999,0.44550329893827606,1000000,1.6831035614013672,1.6831035614013672,112.58705847531452,-0.11803579330444336
walker2d-medium-v2,10.0,0,mpi4,own,1,4,2.5,4096,6,980536131584.0,1.5297753460413905e-11,5.099251153471302e-12,305994104832.0,305994104832.0,292523606016.0,292523606016.0,283954708480.0,0.5066951513290405,1.0536456703005115,0.999755859375,0.05054136194656697,0.0725854507799557,0.26076899581544344,12131983360.0,-4776191744.0,6713043712.0,42576812032.0,14917112832.0,-3523434752.0,7890827520.0,45306267648.0,0.75048828125,0.5642025470733643,0.8239339192708335,53860970496.0,270223097856.0,0.6879971623420715,1.6562320204011485,1.6135518550872803,2.4021865129470825,2.9634212732315066,1.6562320204011485,1.6135518550872803,2.4021865129470825,2.9634212732315066,1.0228899121284485,1.6744105815887451,2.280971491336823,0.018958235159516335,0.17053015530109406,0.34709678441286185,0.03311711549758911,0.23677733540534973,0.39026843160390884,0.13576194643974304,0.6930840909481049,1.7012378573417681,1000000,1.4585516279908972e+23,1.4585516279908972e+23,2.301870741924962,
walker2d-medium-v2,10.0,0,mpi4,own,2,4,2.5,4096,6,980536131584.0,1.5297753460413905e-11,5.099251153471302e-12,26969653248.0,332963774464.0,24946923520.0,317470539776.0,25892220928.0,0.05394774302840233,0.08357729252580974,0.9853515625,0.03417429414822108,0.013221034697251,11.6943835086839,4065278976.0,0.0,0.0,12539050496.0,-34439569408.0,-2637938048.0,1420659072.0,20257162240.0,0.665771484375,0.8883038759231567,0.9201660156250001,55887400960.0,274770739200.0,0.2151133418083191,0.45248730884805877,0.4665900766849518,0.9180389940738678,1.1686089932918555,1.9464088263193844,1.8979856371879578,2.7536686658859253,3.4172624588012708,0.048891764134168625,0.21945415437221527,0.32705453038215637,0.005483646877110004,0.05900186859071255,1.0,0.003938472829759121,0.03195596858859062,0.15391653478145625,0.05202438123524189,1.234210193157196,276.40169982910163,1000000,1.4585516279908972e+23,1.4585516279908972e+23,2.301870741924962,0.47682276368141174
walker2d-medium-v2,10.0,0,mpi4,own,3,4,2.5,4096,6,1007505768448.0,1.488825222619476e-11,4.962750742064921e-12,6435311616.0,339399049216.0,5334065152.0,322804613120.0,6089227264.0,0.014078870415687561,0.017857976430263475,0.989013671875,0.021096613439980507,0.006974233153048459,6.267335732746815,2537600000.0,0.0,0.0,8626140672.0,-96676577280.0,-176785912.0,0.0,10578584576.0,0.37890625,0.9556159973144531,0.9574788411458334,56990220288.0,277269479424.0,0.08934999257326126,0.17444218837560477,0.0002315044403076172,0.5242191255092621,0.7727409601211549,2.0595084596607194,2.032444477081299,2.8157180547714233,3.437275207042694,2.878230679925764e-05,0.05251813121140003,0.09461766406893735,3.0243077162595e-06,0.03790632076561451,0.4038950398564378,0.0,0.020231539383530617,0.06650623455643664,4.560058550850954e-05,0.24041663855314255,187.07235260009938,1000000,1.4585516279908972e+23,1.4585516279908972e+23,2.301870741924962,0.5006575584411621
walker2d-medium-v2,10.0,0,mpi4,own,4,4,2.5,4096,6,1013941141504.0,1.4793758124608878e-11,4.931252708202959e-12,2503296256.0,341902360576.0,2003078528.0,324807688192.0,2370308608.0,0.0050728279165923595,0.007271559137391538,0.990478515625,0.011507100146275016,0.003369232866042182,2.678131275817657,1746017280.0,0.0,0.0,6021673728.0,18674778112.0,0.0,0.0,7360464128.0,0.228271484375,0.9795717000961304,0.9783935546875,57491009536.0,278533996544.0,0.04137176275253296,0.0786387502366715,0.0,0.3671387583017349,0.5322439581155777,2.1148222721858474,2.1338776350021362,2.835546374320984,3.4378348350524903,0.0,0.03254590183496475,0.05889663752168417,0.0,0.018092025071382523,0.20519395172596078,0.0,0.012980685103684664,0.03987943958491097,0.0,0.15748119354248047,95.0135894775392,1000000,1.4585516279908972e+23,1.4585516279908972e+23,2.301870741924962,0.2895581126213074
walker2d-medium-v2,10.0,1,mpi4,own,1,4,2.5,4096,6,320.106202171875,0.04685944820258757,0.015619816067529189,0.6416391134262085,0.6416391134262085,0.4840899705886841,0.4840899705886841,0.6966758966445923,0.035999804735183716,-0.025977519320179,0.086181640625,0.28159258804686604,0.26853067849033607,0.13556257567421742,-0.8776412010192871,-4.7478814125061035,-0.4778737276792526,2.782528519630432,-0.8642795085906982,-5.381267309188843,-0.3859042674303055,3.263066053390503,0.4140625,0.7161722183227539,0.07832845052083333,1.2501952648162842,4.619179725646973,0.17393997311592102,0.42035177632351406,0.38989686965942383,0.668472409248352,1.0551885724067689,0.42035177632351406,0.38989686965942383,0.668472409248352,1.0551885724067689,-0.019037101417779922,-0.0008856576750986278,0.04547709282487643,0.15237189829349518,0.9999997615814209,1.0,0.23637405782938004,0.5184384286403656,0.7725856453180314,0.08296779543161392,0.31318652629852295,0.7648679703474051,1000000,14.043505668640137,14.043505668640137,91.79196302554115,
walker2d-medium-v2,10.0,1,mpi4,own,2,4,2.5,4096,6,320.106202171875,0.04685944820258757,0.015619816067529189,0.5156087875366211,1.1572479009628296,0.3666718900203705,0.850761890411377,0.5167994499206543,0.008104483596980572,-5.076815742910412e-05,0.448974609375,0.1366200872475532,0.16132771569974835,0.176004884434865,-0.8851728439331055,-6.922922611236572,0.0,4.469275951385498,-0.8701961040496826,-7.025230884552002,-0.0016026124940253794,4.6168811321258545,0.464111328125,0.5703362226486206,0.10721842447916666,1.3250713348388672,4.5565948486328125,0.3852371573448181,0.18597339729035411,0.15878307074308395,0.30721457302570343,0.6366335839033129,0.47674783577076596,0.43357495963573456,0.7609901428222656,1.3077514111995698,-0.0003898529976140708,0.004841159097850323,0.04623134266585131,0.04918953962624073,0.35976041853427887,0.9999999403953552,0.13627617806196213,0.36521628499031067,0.6391519844532014,0.08299683034420013,0.44620420038700104,1.2270269811153414,1000000,14.043505668640137,14.043505668640137,91.79196302554115,0.07116193324327469
walker2d-medium-v2,10.0,1,mpi4,own,3,4,2.5,4096,6,320.6202707753906,0.04678431580050719,0.015594771933502396,0.4002723693847656,1.5575203895568848,0.27167487144470215,1.122436761856079,0.4156650900840759,0.007419988978654146,-0.0011778325292226555,0.38037109375,0.1548771936342392,0.1592687170187297,0.17115253725678917,-0.8053730726242065,-6.861224889755249,0.0,4.4814841747283936,-0.787770688533783,-7.249557971954346,-0.0014534424990415573,4.774120092391968,0.464111328125,0.5955818891525269,0.11612955729166667,1.3897783756256104,4.529881954193115,0.32929158210754395,0.18118884868113128,0.15853998064994812,0.3045319765806198,0.5580165356397634,0.5467573764826739,0.4917478561401367,0.8710300922393799,1.5693309247493759,-0.0009543916676193476,0.0038817571476101875,0.034146098792552974,0.05053989216685295,0.47087566554546356,0.9999999403953552,0.12516477704048157,0.36643776297569275,0.6405365228652954,0.07930276915431023,0.4496750384569168,1.253085380792619,1000000,14.043505668640137,14.043505668640137,91.79196302554115,0.13185220956802368
walker2d-medium-v2,10.0,1,mpi4,own,4,4,2.5,4096,6,321.01727394921875,0.04672645747522243,0.015575485825074144,0.29830384254455566,1.8558242321014404,0.19167658686637878,1.3141133785247803,0.3168281316757202,0.006423064507544041,-0.0017768375511826306,0.386474609375,0.15290456763884674,0.15284469473508633,0.18300595878221732,-0.9311931133270264,-7.6065661907196045,0.0,4.708235025405884,-0.9043468832969666,-7.946638822555542,-0.0011681269970722497,4.943321466445923,0.469970703125,0.6105824112892151,0.1307373046875,1.465501308441162,4.501631736755371,0.2848411798477173,0.16587744881280742,0.14097464829683304,0.2854451835155487,0.5681467145681391,0.6105609589594678,0.5495475828647614,0.9841915965080261,1.8210384130477952,-0.0007251848583109677,0.0033911126665771008,0.026346957962960018,0.04761926829814911,0.4582137316465378,0.9999999403953552,0.11689874529838562,0.35595835745334625,0.6741664111614232,0.08144695684313774,0.4947892874479294,1.2834808766841899,1000000,14.043505668640137,14.043505668640137,91.79196302554115,0.1822180449962616
walker2d-medium-v2,10.0,2,mpi4,own,1,4,2.5,4096,6,320.59027199609375,0.04678869357640012,0.015596231192133374,0.7305247783660889,0.7305247783660889,0.49364161491394043,0.49364161491394043,0.8013321161270142,0.03683522343635559,-0.025441786213555417,0.0966796875,0.2743936015220521,0.2802600732950964,0.13800100654972924,-0.8844934701919556,-5.03538179397583,-0.4277833104133606,3.0153942108154297,-0.8088923692703247,-5.273637294769287,-0.30054859817028046,3.3875352144241333,0.42431640625,0.7107337117195129,0.08211263020833333,1.3326714038848877,4.830926418304443,0.1869860291481018,0.4242649539255581,0.39383213222026825,0.6799478232860565,1.0611133873462695,0.4242649539255581,0.39383213222026825,0.6799478232860565,1.0611133873462695,-0.018859779462218285,-0.00017477828077971935,0.06149898469448112,0.14418309181928635,0.9664284288883209,1.0,0.2489880993962288,0.5534215569496155,0.8057013481855393,0.08467905595898628,0.31585249304771423,0.8460389226675036,1000000,13.633990287780762,13.633990287780762,92.78656682834398,
walker2d-medium-v2,10.0,2,mpi4,own,2,4,2.5,4096,6,320.59027199609375,0.04678869357640012,0.015596231192133374,0.5701137781143188,1.3006386756896973,0.35178041458129883,0.8454220294952393,0.5806989669799805,0.00916246511042118,-0.00027083792403459483,0.40087890625,0.15569364351999282,0.17508533310914132,0.1861942624643515,-1.0300861597061157,-7.333909749984741,0.0,4.334436416625977,-0.9043551683425903,-7.710598468780518,-0.0038107819855213165,5.144863843917847,0.45166015625,0.5832021832466125,0.11246744791666666,1.4712690114974976,4.737068176269531,0.3617307245731354,0.19685990131529252,0.16350162774324417,0.3398663401603699,0.6942801535129555,0.48944886816025246,0.4444759786128998,0.7920275330543518,1.3603546321392064,-0.0006650490395259112,0.005216734716668725,0.05423420332372197,0.05379123240709305,0.45795515179634094,1.0,0.14604850113391876,0.39820487797260284,0.6750286877155305,0.08717956393957138,0.4822053611278534,1.3882082343101512,1000000,13.633990287780762,13.633990287780762,92.78656682834398,0.0852193608880043
walker2d-medium-v2,10.0,2,mpi4,own,3,4,2.5,4096,6,321.16021828515625,0.04670566012220601,0.01556855337406867,0.42386192083358765,1.7245006561279297,0.2466227412223816,1.0920448303222656,0.44664815068244934,0.007855307310819626,-0.0012563901542641531,0.3916015625,0.15658904440507865,0.16089224012338654,0.1974028089459971,-1.2323675155639648,-7.763219594955444,0.0,4.855629920959473,-1.2462174892425537,-8.25419282913208,-0.003698894754052162,4.995479345321655,0.44970703125,0.6015486717224121,0.12430826822916666,1.6102309226989746,4.6752729415893555,0.32244211435317993,0.17807098752052752,0.14380673319101334,0.31232312321662903,0.6843032151460654,0.5582409602784537,0.4969881623983383,0.9008862376213074,1.6748638033866912,-0.0006115919386502355,0.004092165734618902,0.030983156897127707,0.049367085099220276,0.4775828719139099,0.9999999403953552,0.13208936899900436,0.37849676609039307,0.6696476668119435,0.08413201943039894,0.5013176798820496,1.4105747938156143,1000000,13.633990287780762,13.633990287780762,92.78656682834398,0.1615423858165741
walker2d-medium-v2,10.0,2,mpi4,own,4,4,2.5,4096,6,321.58368019921875,0.046644158032856674,0.015548052677618891,0.3314632475376129,2.0559639930725098,0.18092745542526245,1.2729722261428833,0.34619826078414917,0.0077737304382026196,-0.002620122359185739,0.315673828125,0.16694323496793148,0.16208090011603482,0.18381500686853935,-1.0039074420928955,-7.172079563140869,0.0,4.452509641647339,-0.9195493459701538,-7.698812007904053,-0.002773794229142368,4.901837110519409,0.461181640625,0.6319518685340881,0.134521484375,1.7428133487701416,4.654789447784424,0.24075502157211304,0.17828815521090746,0.14818795770406723,0.31869880855083466,0.672833362221718,0.6221915388850903,0.5431224405765533,1.0294329524040222,1.971957081556325,-0.0012242510565556586,0.0030293043237179518,0.021925973519682913,0.05728726461529732,0.5223134458065033,1.0,0.13178320229053497,0.3828830122947693,0.6456036537885668,0.08036346361041069,0.48168274760246277,1.2723132610321046,1000000,13.633990287780762,13.633990287780762,92.78656682834398,0.11936907470226288
walker2d-medium-v2,10.0,3,mpi4,own,1,4,2.5,4096,6,320.8481150136719,0.046751092800906204,0.015583697600302067,0.6891772747039795,0.6891772747039795,0.5010581016540527,0.5010581016540527,0.729958176612854,0.03656352311372757,-0.025823593133658562,0.1005859375,0.2735134294292336,0.27257628737215356,0.12875134525349352,-0.7874306440353394,-4.650570392608643,-0.4580147713422775,2.653125524520874,-0.7834988832473755,-5.20618462562561,-0.3695324510335922,3.2073662281036377,0.4130859375,0.7130016088485718,0.07108561197916666,1.2796010971069336,4.712749481201172,0.1888326108455658,0.4231958279187893,0.39009904861450195,0.6811211407184601,1.0720740497112278,0.4231958279187893,0.39009904861450195,0.6811211407184601,1.0720740497112278,-0.018880711868405342,1.8367543816566467e-05,0.03854608591645984,0.13622881472110748,0.9999996423721313,1.0,0.2371041402220726,0.5400984883308411,0.7872738182544708,0.07799940928816795,0.29486633837223053,0.8171805232763304,1000000,12.988840103149414,12.988840103149414,91.86600857264044,
walker2d-medium-v2,10.0,3,mpi4,own,2,4,2.5,4096,6,320.8481150136719,0.046751092800906204,0.015583697600302067,0.5237224102020264,1.2128996849060059,0.3747017979621887,0.8757599592208862,0.538564920425415,0.0076872240751981735,0.00047430697218331375,0.472900390625,0.13063328627655713,0.15265240266525026,0.1820827442179359,-0.9387385845184326,-7.263855934143066,0.0,4.443971157073975,-1.032888412475586,-8.207872867584229,-0.0030056663090363145,4.552027702331543,0.444580078125,0.5700098872184753,0.1092529296875,1.3604187965393066,4.638244152069092,0.3922284245491028,0.1752408344284504,0.14038660377264023,0.30671191215515137,0.6731374502182013,0.483171048424083,0.4394757002592087,0.7686288356781006,1.3200665533542637,-0.0001433484721928835,0.005455840844660997,0.045965868234634534,0.039948053658008575,0.3528221696615219,0.9999999403953552,0.11653510853648186,0.36698001623153687,0.6286945402622229,0.07671750709414482,0.4911118596792221,1.4054366827011133,1000000,12.988840103149414,12.988840103149414,91.86600857264044,0.11160233616828918
walker2d-medium-v2,10.0,3,mpi4,own,3,4,2.5,4096,6,321.3712168203125,0.046674995192201404,0.0155583317307338,0.4387921094894409,1.6516916751861572,0.29177582263946533,1.1675357818603516,0.4352511763572693,0.00699487654492259,-0.00016800373043146521,0.40087890625,0.14591456863848284,0.1524459039721462,0.17320564475828082,-0.782837986946106,-6.906275272369385,0.0,4.852503299713135,-0.7078880071640015,-7.169497489929199,-0.0022116751642897725,5.056835174560547,0.451904296875,0.5992250442504883,0.12581380208333331,1.4562251567840576,4.589853286743164,0.32667046785354614,0.16847440207197906,0.14024568349123,0.2935286611318588,0.6395684748888043,0.5469344812672716,0.4886561632156372,0.8774026036262512,1.7157153427600864,-0.00048004958080127835,0.004658035701140761,0.043570936843752885,0.04320099204778671,0.43737083673477173,0.9999999403953552,0.11937499791383743,0.36969414353370667,0.6409072577953348,0.07450854033231735,0.47119058668613434,1.142119389772417,1000000,12.988840103149414,12.988840103149414,91.86600857264044,0.1802864521741867
walker2d-medium-v2,10.0,3,mpi4,own,4,4,2.5,4096,6,321.81121926171875,0.04661117792727102,0.01553705930909034,0.3298598825931549,1.9815516471862793,0.19812268018722534,1.3656585216522217,0.34424686431884766,0.006794266868382692,-0.001669214930167584,0.352783203125,0.16113081465594747,0.15645977088724106,0.17699089572451593,-1.140501618385315,-7.659559726715088,0.0,4.636636257171631,-1.0818228721618652,-7.7848219871521,-0.0032520873937755823,4.721023321151733,0.442626953125,0.6214385628700256,0.13509114583333331,1.5736461877822876,4.560208320617676,0.27788448333740234,0.16782329249804206,0.13972479850053787,0.296160563826561,0.5663682073354742,0.6106551143793695,0.542440265417099,0.9879288971424103,2.0117514848709113,-0.0008109150803647935,0.00334971584379673,0.02587942397221932,0.05035524629056454,0.5034216046333313,0.9999999403953552,0.12223896384239197,0.3768456280231476,0.6433367371559143,0.07938553020358086,0.4729466885328293,1.244911044836045,1000000,12.988840103149414,12.988840103149414,91.86600857264044,0.1120530292391777
walker2d-medium-v2,4.0,0,mpi4,own,1,4,1.0,4096,6,296.007569359375,0.020269751928929755,0.006756583976309918,0.5120505690574646,0.5120505690574646,0.4026997983455658,0.4026997983455658,0.6011306047439575,0.03319094330072403,-0.029731227611403455,0.033935546875,0.30108116676152535,0.278270666613297,0.0755630567112407,-1.2290210723876953,-6.831001281738281,-0.6312374770641327,3.5601837635040283,-1.1743638515472412,-7.225903511047363,-0.4245394468307495,4.058898687362671,0.4208984375,0.796419620513916,0.056193033854166664,1.431673526763916,5.885016918182373,0.09710507094860077,0.40356842220126055,0.37692105770111084,0.646922379732132,1.0044578671455395,0.40356842220126055,0.37692105770111084,0.646922379732132,1.0044578671455395,-0.021138522773981094,-0.0036384256090968847,0.006712187849916545,0.16700459271669388,0.9999998807907104,1.0,0.24250438064336777,0.5497192442417145,0.817765295505524,0.046184347942471504,0.17786408215761185,0.46062845587730483,1000000,10.33172607421875,10.33172607421875,87.0739148260157,
walker2d-medium-v2,4.0,0,mpi4,own,2,4,1.0,4096,6,296.007569359375,0.020269751928929755,0.006756583976309918,0.34309160709381104,0.8551422357559204,0.27712374925613403,0.6798235177993774,0.35864442586898804,0.004251131787896156,-0.0019330041092775474,0.221923828125,0.1481058033288369,0.1389088681929216,0.10857040306830681,-1.352644443511963,-11.086559295654297,0.0,6.234062194824219,-1.2476005554199219,-10.846340656280518,-0.0015606284723617136,6.782496929168701,0.466796875,0.6487107276916504,0.07918294270833333,1.4550632238388062,5.819545269012451,0.23836159706115723,0.13498777304425857,0.11314786225557327,0.2354164570569992,0.4731251269578939,0.4264060770165088,0.3933147042989731,0.6884348094463348,1.0749275803565985,-0.0011062874691560864,0.0008515405934303999,0.011499274289235493,0.03752947226166725,0.453952893614769,0.9999999403953552,0.09801344200968742,0.33979152143001556,0.7398310512304309,0.039580877870321274,0.29987215995788574,0.799126693606377,1000000,10.33172607421875,10.33172607421875,87.0739148260157,-0.009963376447558403
walker2d-medium-v2,4.0,0,mpi4,own,3,4,1.0,4096,6,296.33758644921875,0.020247178469303545,0.006749059489767849,0.288425475358963,1.1435675621032715,0.19251881539821625,0.8723423480987549,0.30367371439933777,0.003931235987693071,-0.001984634974615318,0.219970703125,0.1435654507407952,0.130412247282927,0.10638845937447472,-1.186030387878418,-10.737668991088867,0.0,6.626591682434082,-1.1777145862579346,-9.97878885269165,-0.0013706603203900158,6.3472676277160645,0.470703125,0.6564063429832458,0.09134928385416667,1.490100383758545,5.754053115844727,0.21079248189926147,0.13017258885111005,0.11041776090860367,0.2231791913509369,0.4299441069364554,0.4541102191342361,0.41779714822769165,0.7305251359939575,1.178740566968919,-0.001089859229978174,0.0008871125755831599,0.008758913679048465,0.03586936928331852,0.4574035108089447,0.9999999403953552,0.09183856844902039,0.3277398645877838,0.6165891349315656,0.03683832660317421,0.29675114154815674,0.87371510565281,1000000,10.33172607421875,10.33172607421875,87.0739148260157,0.004482067655771971
walker2d-medium-v2,4.0,0,mpi4,own,4,4,1.0,4096,6,296.6139231191406,0.020228315437471847,0.006742771812490616,0.2661612629890442,1.4097288846969604,0.1913461685180664,1.0636885166168213,0.2838193476200104,0.004188979975879192,-0.002394315354076859,0.1611328125,0.16332004163872366,0.1467606460525026,0.10653583236884015,-1.3735857009887695,-10.446507453918457,0.0,5.974005937576294,-1.3679832220077515,-10.698112487792969,-0.0025101095670834184,5.942918300628662,0.451904296875,0.6715964674949646,0.10160319010416666,1.5296403169631958,5.671047687530518,0.1948179006576538,0.1380343983835246,0.11945465207099915,0.23086034506559372,0.4300265625119218,0.4840017149531377,0.4406272917985916,0.7859433889389038,1.306677907705307,-0.0015519976150244474,0.0005001790705136955,0.008637821627780807,0.045684678480029106,0.5426745712757111,0.9999999403953552,0.10736577957868576,0.3512303829193115,0.7647833824157715,0.0440438948571682,0.29638656973838806,0.775749725103379,1000000,10.33172607421875,10.33172607421875,87.0739148260157,-0.09004680067300797
walker2d-medium-v2,4.0,1,mpi4,own,1,4,1.0,4096,6,297.1926584707031,0.02018892401607381,0.00672964133869127,0.4953322410583496,0.4953322410583496,0.39419615268707275,0.39419615268707275,0.6027527451515198,0.03313519060611725,-0.029801783066925935,0.03125,0.2971582242630406,0.271791304121777,0.07559859952289003,-1.210994005203247,-6.324651002883911,-0.8760069608688354,3.3006324768066406,-1.2339038848876953,-7.0607099533081055,-0.6766287088394165,4.049556255340576,0.389892578125,0.7976480722427368,0.0557861328125,1.4274146556854248,5.818960189819336,0.09460469335317612,0.4027148743871294,0.3772958070039749,0.6485398411750793,1.0072593748569494,0.4027148743871294,0.3772958070039749,0.6485398411750793,1.0072593748569494,-0.021153509616851807,-0.00391597836278379,0.006998116662725853,0.16254182159900665,0.9999998807907104,1.0,0.24254581332206726,0.5267618596553802,0.7792945384979257,0.045915262773633,0.1747116670012474,0.4724370047450071,1000000,20.069833755493164,20.069833755493164,88.84058097048883,
walker2d-medium-v2,4.0,1,mpi4,own,2,4,1.0,4096,6,297.1926584707031,0.02018892401607381,0.00672964133869127,0.3835887312889099,0.8789209723472595,0.29722344875335693,0.6914196014404297,0.3964942693710327,0.0047220285050570965,-0.002140613786760781,0.2294921875,0.1455070666554645,0.13877425340756133,0.11062752203939795,-1.3671185970306396,-10.571849346160889,0.0,6.242267370223999,-1.401676058769226,-10.80826473236084,-0.0026685891207307577,6.411823987960815,0.46337890625,0.6294668912887573,0.08553059895833334,1.4589993953704834,5.75813102722168,0.26898276805877686,0.1395995297752961,0.11636628210544586,0.24700799584388733,0.47913299500942247,0.42642715186320856,0.39317893981933594,0.6856609880924225,1.1011032283306128,-0.0009495970734860748,0.0008555800013709813,0.012546916538849474,0.04324260167777538,0.4418303072452545,0.9999999403953552,0.10656216740608215,0.32735575735569,0.6036088466644287,0.045111753046512604,0.29402394592761993,0.8769265413284318,1000000,20.069833755493164,20.069833755493164,88.84058097048883,-0.021538279950618744
walker2d-medium-v2,4.0,1,mpi4,own,3,4,1.0,4096,6,297.57049660546875,0.02016328926571994,0.006721096421906647,0.3320242464542389,1.2109452486038208,0.23720452189445496,0.928624153137207,0.3425132632255554,0.003968212753534317,-0.0017366455095697564,0.218994140625,0.14393862599168994,0.13399054307755787,0.10884914269126725,-1.4840606451034546,-10.918955326080322,0.0,6.358604669570923,-1.4159085750579834,-11.10313606262207,-0.002084971056319773,6.4443299770355225,0.46044921875,0.6418228149414062,0.09187825520833334,1.5119472742080688,5.63862419128418,0.25069624185562134,0.13040756010036603,0.10980254039168358,0.22614701092243195,0.4281096085906029,0.45774650538078276,0.4199533611536026,0.7415259182453156,1.2104103744030006,-0.0009436921682208776,0.0007043700898066163,0.010695726750418567,0.03737706132233143,0.4413986802101135,0.9999999403953552,0.09948275238275528,0.32732461392879486,0.5974725365638733,0.041937585920095444,0.2996818870306015,0.8481559544801733,1000000,20.069833755493164,20.069833755493164,88.84058097048883,0.0695822611451149
walker2d-medium-v2,4.0,1,mpi4,own,4,4,1.0,4096,6,297.8974314199219,0.02014116057127826,0.006713720190426087,0.29344630241394043,1.5043914318084717,0.22140176594257355,1.1500258445739746,0.3051241636276245,0.004286083858460188,-0.0023159673414916426,0.182861328125,0.14594927098085902,0.1353828144138145,0.10120666984815964,-1.1261742115020752,-10.20723581314087,0.0,5.97863507270813,-0.9571995735168457,-9.976614952087402,-0.0017622788436710835,6.581228494644165,0.4677734375,0.6502587795257568,0.10489908854166666,1.537475347518921,5.588437557220459,0.23096315562725067,0.1354385641184308,0.1144234761595726,0.23369338363409042,0.43182681798934947,0.4910015407622268,0.4408193528652191,0.7864748239517212,1.3917717278003696,-0.0011366948601789773,0.0005243835912551731,0.008534541353583345,0.039546504616737366,0.44157126545906067,0.9999999403953552,0.10257235914468765,0.32991546392440796,0.6025193214416504,0.03971225768327713,0.2775050103664398,0.7293177932500848,1000000,20.069833755493164,20.069833755493164,88.84058097048883,0.015994098037481308
walker2d-medium-v2,4.0,2,mpi4,own,1,4,1.0,4096,6,293.783204125,0.020423223369322015,0.0068077411231073385,0.49807053804397583,0.49807053804397583,0.4078364074230194,0.4078364074230194,0.577551543712616,0.03357236087322235,-0.030181625235561782,0.031982421875,0.29520535465448416,0.28220961168391057,0.07273198114273946,-1.0361964702606201,-6.227227687835693,-0.5373535752296448,3.4094187021255493,-0.9733468294143677,-6.73866868019104,-0.4332563728094101,4.057782173156738,0.42236328125,0.8022812008857727,0.04793294270833333,1.4565634727478027,5.668907642364502,0.1018289178609848,0.40509904056671076,0.3744942396879196,0.6554723381996155,1.0098197221755993,0.40509904056671076,0.3744942396879196,0.6554723381996155,1.0098197221755993,-0.02096690982580185,-0.0038518733344972134,0.006200571823865183,0.16047784686088562,0.9999998807907104,1.0,0.24666175246238708,0.5610149800777435,0.8409145474433901,0.04304946959018707,0.1743718385696411,0.43055495023727497,1000000,11.333558082580566,11.333558082580566,87.52736572188006,
walker2d-medium-v2,4.0,2,mpi4,own,2,4,1.0,4096,6,293.783204125,0.020423223369322015,0.0068077411231073385,0.39257317781448364,0.8906437158584595,0.29222893714904785,0.7000653743743896,0.40432465076446533,0.004963437095284462,-0.0022909004359141782,0.204345703125,0.15293273752640002,0.14143005878687376,0.10300374271497008,-1.1749563217163086,-9.466498851776123,0.0,5.91770339012146,-1.2627973556518555,-10.400664806365967,-0.0017700729076750576,6.239443063735962,0.470703125,0.6531918048858643,0.064453125,1.4793498516082764,5.609598159790039,0.23625656962394714,0.1443395441742723,0.11929666623473167,0.25335244834423065,0.5088801294565203,0.42971088346939723,0.39270585775375366,0.7042856812477112,1.0912458419799822,-0.001226648862939328,0.0008525782031938434,0.013260971661657125,0.044123778119683266,0.4946476072072983,0.9999999403953552,0.10586933046579361,0.3429464101791382,0.620056301355362,0.0408457200974226,0.2770824283361435,0.774298679828645,1000000,11.333558082580566,11.333558082580566,87.52736572188006,-0.021581195294857025
walker2d-medium-v2,4.0,2,mpi4,own,3,4,1.0,4096,6,294.1672678457031,0.020396558882775244,0.006798852960925081,0.32632285356521606,1.2169666290283203,0.2491758018732071,0.9492411613464355,0.3355705738067627,0.004325914196670055,-0.0021072930632319853,0.186767578125,0.14693883181188555,0.1355628138237761,0.09657596140869032,-1.2221741676330566,-9.267502307891846,0.0,5.482885122299194,-1.2902090549468994,-9.555484771728516,-0.0024206271627917886,5.318314552307129,0.45703125,0.654058575630188,0.080322265625,1.5264480113983154,5.548283576965332,0.2391718029975891,0.1377417356463866,0.11691935732960701,0.23478716611862183,0.45651689320802696,0.45933644125034334,0.41584984958171844,0.7481022477149963,1.2140565872192404,-0.001238123863004148,0.0006870007491670549,0.01009655618108815,0.03985628858208656,0.4497901052236557,0.9999999403953552,0.10178305953741074,0.3293667286634445,0.5962386667728428,0.037218768149614334,0.2592577785253525,0.7342230051755912,1000000,11.333558082580566,11.333558082580566,87.52736572188006,0.05038527399301529
walker2d-medium-v2,4.0,2,mpi4,own,4,4,1.0,4096,6,294.48077492578125,0.020374844508991106,0.006791614836330369,0.2326379120349884,1.4496043920516968,0.17371021211147308,1.1229513883590698,0.2538558542728424,0.005347376689314842,-0.003767389909244301,0.108154296875,0.17635444958616572,0.1526618735952865,0.0976840920326933,-1.327531099319458,-9.535804748535156,0.0,5.278388977050781,-1.2875128984451294,-9.856140613555908,-0.003374866209924221,5.389523267745972,0.451904296875,0.704996645450592,0.0904541015625,1.5806751251220703,5.481467247009277,0.11824846267700195,0.15367915628007722,0.12978215515613556,0.26788805425167084,0.48747286349535024,0.4885866398926737,0.4396286904811859,0.8091461360454559,1.4193247318267839,-0.0020806508837267756,6.793971988372505e-05,0.0077772284392267675,0.05464006960391998,0.5968230664730072,1.0,0.11619327962398529,0.3664037734270096,0.6712156713008882,0.040127819404006004,0.2670244723558426,0.685849198699002,1000000,11.333558082580566,11.333558082580566,87.52736572188006,-0.14266976714134216
walker2d-medium-v2,4.0,3,mpi4,own,1,4,1.0,4096,6,296.34765725,0.020246490408184256,0.006748830136061418,0.5349733233451843,0.5349733233451843,0.40286001563072205,0.40286001563072205,0.6400326490402222,0.03300795331597328,-0.029397510170888097,0.041015625,0.3077684648806509,0.2887635790231968,0.07889627398542587,-1.329998254776001,-6.465492010116577,-0.7279919981956482,3.4695937633514404,-1.3913958072662354,-7.342670202255249,-0.574627012014389,3.849295973777771,0.393798828125,0.7990942001342773,0.050944010416666664,1.4412808418273926,5.8231658935546875,0.09893499314785004,0.40178631898743333,0.3743976354598999,0.6537891626358032,1.015252369642258,0.40178631898743333,0.3743976354598999,0.6537891626358032,1.015252369642258,-0.020884056575596333,-0.0034454145934432745,0.007794876024127011,0.17441830039024353,0.9999998807907104,1.0,0.25726328790187836,0.5678918659687042,0.8170898526906976,0.046166686341166496,0.177947998046875,0.5316621601581585,1000000,13.574797630310059,13.574797630310059,88.41622063733622,
walker2d-medium-v2,4.0,3,mpi4,own,2,4,1.0,4096,6,296.34765725,0.020246490408184256,0.006748830136061418,0.3901994824409485,0.9251728653907776,0.27848196029663086,0.6813420057296753,0.402946412563324,0.004318660125136375,-0.001685270079429202,0.22607421875,0.14667972375567961,0.14349778790271728,0.11130419958677001,-1.4629230499267578,-10.520235061645508,0.0,6.1730310916900635,-1.3484573364257812,-11.056678295135498,-0.0029215579852461815,6.40656042098999,0.452392578125,0.6424723863601685,0.07145182291666666,1.4623985290527344,5.72068977355957,0.27127546072006226,0.1374205882698334,0.11686909571290016,0.23433838784694672,0.45353404730558394,0.42754605467143847,0.3947971612215042,0.6898233592510223,1.0744562447071078,-0.001095945481210947,0.0010350893717259169,0.015345762250944984,0.04041721485555172,0.4487876892089844,0.9999999403953552,0.10532164946198463,0.35237759351730347,0.6435584694147112,0.04098126292228699,0.2965625524520874,0.9219875782728212,1000000,13.574797630310059,13.574797630310059,88.41622063733622,0.0032157455570995808
walker2d-medium-v2,4.0,3,mpi4,own,3,4,1.0,4096,6,296.72552590234375,0.02022070727401686,0.00674023575800562,0.3499271869659424,1.2750999927520752,0.23781630396842957,0.9191582798957825,0.3610326647758484,0.004220966249704361,-0.001862374467317185,0.21826171875,0.15005176881887197,0.14273672003514548,0.11191781377656973,-1.447604775428772,-11.173585414886475,0.0,6.49283242225647,-1.4159369468688965,-11.585829257965088,-0.00235734845045954,6.815172433853149,0.463623046875,0.644235372543335,0.08439127604166666,1.4860901832580566,5.632110118865967,0.24859853088855743,0.13198647187459756,0.11113681644201279,0.23100800812244415,0.4911389932036407,0.4614108102159662,0.42175889015197754,0.7421451807022095,1.22779535651207,-0.0009601842612028122,0.0009415789099875838,0.011120486352592737,0.03988231159746647,0.46427592635154724,0.9999999403953552,0.10143923759460449,0.3548373132944107,0.6560036122798922,0.04041285626590252,0.31245163083076477,0.8458101540803924,1000000,13.574797630310059,13.574797630310059,88.41622063733622,-0.0037597741466015577
walker2d-medium-v2,4.0,3,mpi4,own,4,4,1.0,4096,6,297.07342629296875,0.020197026960206473,0.006732342320068824,0.25231072306632996,1.5274107456207275,0.15408965945243835,1.0732479095458984,0.2672697603702545,0.004001494497060776,-0.002302852254512544,0.1630859375,0.16653750147214963,0.15071253173911492,0.11741913223497902,-1.5249910354614258,-11.067585468292236,0.0,6.462003707885742,-1.5547481775283813,-11.54604721069336,-0.0045058103278279305,6.974355459213257,0.438232421875,0.6752344965934753,0.09464518229166666,1.532086730003357,5.576766490936279,0.16765201091766357,0.13287514812577683,0.1143663041293621,0.23113315552473068,0.4265277892351152,0.4876957937294719,0.4416711628437042,0.7802104353904724,1.368745750188828,-0.0012941621826030314,0.0005385375407058746,0.009460429847240461,0.04819198697805405,0.5376381874084473,0.9999999403953552,0.10786845907568932,0.3796962946653366,0.690299993753434,0.04553643800318241,0.316382959485054,0.8947139322757773,1000000,13.574797630310059,13.574797630310059,88.41622063733622,-0.07567080855369568
walker2d-medium-v2,7.0,0,mpi4,own,1,4,1.75,4096,6,310.83123879296875,0.03378038848596423,0.011260129495321411,0.6032320857048035,0.6032320857048035,0.5010055303573608,0.5010055303573608,0.6963528394699097,0.03460363671183586,-0.02781116525582661,0.066162109375,0.2813454545718798,0.2750304882499748,0.11096419532298951,-1.0210344791412354,-5.486368894577026,-0.5936442911624908,3.055604100227356,-1.0352227687835693,-6.108616352081299,-0.44065915048122406,3.4011952877044678,0.4033203125,0.749727725982666,0.06705729166666666,1.2690062522888184,5.138266563415527,0.14135771989822388,0.41135333266129237,0.3852859288454056,0.6648402810096741,1.0212228417396545,0.41135333266129237,0.3852859288454056,0.6648402810096741,1.0212228417396545,-0.020164862275123596,-0.0020161420106887817,0.021881965734064722,0.15487249195575714,0.9866203665733337,1.0,0.24476099014282227,0.5399690270423889,0.7979303419589998,0.06674567237496376,0.25294511020183563,0.64745937883854,1000000,8.830568313598633,8.830568313598633,91.85350259071976,
walker2d-medium-v2,7.0,0,mpi4,own,2,4,1.75,4096,6,310.83123879296875,0.03378038848596423,0.011260129495321411,0.4429701566696167,1.0462021827697754,0.3217296302318573,0.8227351903915405,0.45699048042297363,0.005797043442726135,-0.0008091423041811652,0.362548828125,0.13192110286305375,0.1443042738511302,0.14490126940723558,-1.08437180519104,-8.363357067108154,0.0,5.198780536651611,-1.092604160308838,-8.48860502243042,-0.0016969477874226868,5.036773920059204,0.46142578125,0.6028985977172852,0.089599609375,1.3198573589324951,5.044425964355469,0.31717318296432495,0.1559893616777117,0.129794143140316,0.26501230895519257,0.5438196152448657,0.4525236670056074,0.4172969311475754,0.7275270819664001,1.1632470965385453,-0.0007049873820506036,0.0032574200304225087,0.02556418376043448,0.03822026029229164,0.3728230148553848,0.9999999403953552,0.11221994459629059,0.34104277193546295,0.6351008474826819,0.05965866707265377,0.3864130973815918,1.080292385816579,1000000,8.830568313598633,8.830568313598633,91.85350259071976,0.04760497808456421
walker2d-medium-v2,7.0,0,mpi4,own,3,4,1.75,4096,6,311.2704782949219,0.033732720357924476,0.01124424011930816,0.3431878983974457,1.3893901109695435,0.2450472116470337,1.0677824020385742,0.35988742113113403,0.005377449560910463,-0.0015185621302142849,0.3310546875,0.13683022104240425,0.14192334091675995,0.144702844077214,-1.228833556175232,-8.467457294464111,0.0,4.966325283050537,-1.2211909294128418,-9.15682315826416,-0.002375712268985808,4.954615116119385,0.454345703125,0.613831102848053,0.10400390625,1.3816757202148438,4.953951835632324,0.3054739832878113,0.15130979053537885,0.12707149982452393,0.25877001881599426,0.5220955193042756,0.5004983037033526,0.45323558151721954,0.8153984546661377,1.3672722220420852,-0.0008089811017271131,0.0026140371337532997,0.017909423448145417,0.0382568072527647,0.4033126085996628,0.9999999403953552,0.10818315297365189,0.3461255580186844,0.5928862482309354,0.057225100696086884,0.3938784748315811,1.089467930793764,1000000,8.830568313598633,8.830568313598633,91.85350259071976,0.10772444307804108
walker2d-medium-v2,7.0,0,mpi4,own,4,4,1.75,4096,6,311.6136484609375,0.033695571589561595,0.011231857196520532,0.2747298777103424,1.6641199588775635,0.19221138954162598,1.2599937915802002,0.28749388456344604,0.006070033181458712,-0.0029843065368870825,0.242919921875,0.17184391921093864,0.15682123544926174,0.1439381372778267,-1.1818082332611084,-8.611597061157227,0.0,5.11236572265625,-1.1622881889343262,-8.802846431732178,-0.0026363589568063617,5.228232383728027,0.450927734375,0.6463406085968018,0.11295572916666666,1.4621143341064453,4.941360950469971,0.22326073050498962,0.16162536620424817,0.13861775398254395,0.26822976768016815,0.5484818845987327,0.5520646171389672,0.49815507233142853,0.8932850658893585,1.5708447456359875,-0.0014375854516401887,0.001639922964386642,0.010682646557688726,0.05860024504363537,0.5505238175392151,0.9999999403953552,0.12287887558341026,0.36764340102672577,0.6481624484062196,0.06663747131824493,0.3843832165002823,0.9441653043031697,1000000,8.830568313598633,8.830568313598633,91.85350259071976,0.12624290585517883
walker2d-medium-v2,7.0,1,mpi4,own,1,4,1.75,4096,6,309.50494484765625,0.033925144572951114,0.011308381524317039,0.5791078805923462,0.5791078805923462,0.451300710439682,0.451300710439682,0.6750577688217163,0.03471357747912407,-0.028164803509781677,0.0712890625,0.2938344754893419,0.27918061889747037,0.11071464796188853,-1.1189672946929932,-5.711618185043335,-0.6056573688983917,3.164708137512207,-1.056934118270874,-6.319543123245239,-0.35795608162879944,3.629472494125366,0.42333984375,0.7489233613014221,0.05444335937499999,1.3070013523101807,5.2076544761657715,0.13313211500644684,0.41251664473702476,0.3812679648399353,0.6625149250030518,1.0030191838741307,0.41251664473702476,0.3812679648399353,0.6625149250030518,1.0030191838741307,-0.01977616176009178,-0.0018232931615784764,0.02533075390383602,0.15603544563055038,0.9999998807907104,1.0,0.2466541975736618,0.546821117401123,0.7960131853818897,0.06608355045318604,0.25455835461616516,0.7171843945980101,1000000,14.683300018310547,14.683300018310547,91.43537707667502,
walker2d-medium-v2,7.0,1,mpi4,own,2,4,1.75,4096,6,309.50494484765625,0.033925144572951114,0.011308381524317039,0.4766981601715088,1.0558059215545654,0.3251008987426758,0.7764016389846802,0.48702189326286316,0.006488210521638393,-0.0010975257366094837,0.375244140625,0.14335477797677165,0.15368499941587288,0.15378732811045887,-1.1446739435195923,-8.714553833007812,0.0,5.4745934009552,-1.0679748058319092,-9.09296703338623,-0.0022966464748606086,5.885213613510132,0.462890625,0.590542197227478,0.088623046875,1.3479094505310059,5.105086326599121,0.3570861220359802,0.1646822121565492,0.13731704652309418,0.2836221307516098,0.5924234271049513,0.4522536423201018,0.41455891728401184,0.7290778458118439,1.1719141840934761,-0.0006228481652215123,0.003385944524779916,0.026652132440358498,0.04437551088631153,0.4175451397895813,0.9999999403953552,0.12277891114354134,0.3618920147418976,0.6124215453863145,0.0717705599963665,0.4001951813697815,1.073822420835495,1000000,14.683300018310547,14.683300018310547,91.43537707667502,0.02652473747730255
walker2d-medium-v2,7.0,1,mpi4,own,3,4,1.75,4096,6,309.97857766015625,0.033873308533958216,0.01129110284465274,0.40912750363349915,1.4649336338043213,0.2833738327026367,1.059775471687317,0.4290004372596741,0.0064395093359053135,-0.0018200088119577629,0.317626953125,0.1494736704765106,0.15875570226813984,0.15891548723008064,-1.0530256032943726,-8.852545261383057,0.0,5.669198751449585,-1.0339525938034058,-9.668965339660645,-0.001758658210746944,5.898626089096069,0.46630859375,0.6105074286460876,0.10107421874999999,1.4503557682037354,5.044613361358643,0.32299092411994934,0.1645249986388535,0.1375552862882614,0.28757788240909576,0.5929729104042055,0.5100917442950959,0.4625060111284256,0.8204757571220398,1.4012080788612375,-0.0009744589915499091,0.002553876955062151,0.020455020107328907,0.049753639847040176,0.4419802278280258,0.9999999403953552,0.12586461007595062,0.37316711246967316,0.6235233455896383,0.06767958030104637,0.4404347836971283,1.13409711122513,1000000,14.683300018310547,14.683300018310547,91.43537707667502,0.13549482822418213
walker2d-medium-v2,7.0,1,mpi4,own,4,4,1.75,4096,6,310.3880625234375,0.033828620581073866,0.011276206860357955,0.29966336488723755,1.764596939086914,0.2090936154127121,1.2688690423965454,0.30729714035987854,0.0052568912506103516,-0.0018778251600921614,0.30322265625,0.15542773857730288,0.14607732997403033,0.15800148137271927,-1.1613490581512451,-9.216712951660156,0.0,5.491534233093262,-1.2168660163879395,-9.507981777191162,-0.0017489726888015866,5.565830230712891,0.46533203125,0.6382777690887451,0.11031087239583333,1.5414279699325562,5.003651142120361,0.22721165418624878,0.1481840311328142,0.12607470899820328,0.26331333816051483,0.5062205106019975,0.5573960216015621,0.5005209445953369,0.904714047908783,1.5757577478885658,-0.0008320287452079356,0.0020602288423106074,0.01623540082946424,0.04298349283635616,0.4758336842060089,0.9999999403953552,0.11180006712675095,0.3611263930797577,0.6295562207698828,0.059086743742227554,0.42339733242988586,1.196213704347611,1000000,14.683300018310547,14.683300018310547,91.43537707667502,0.07771079242229462
walker2d-medium-v2,7.0,2,mpi4,own,1,4,1.75,4096,6,311.6029062734375,0.03369673320949725,0.01123224440316575,0.6229261755943298,0.6229261755943298,0.4674094617366791,0.4674094617366791,0.6963133215904236,0.03465878218412399,-0.027661921544279267,0.072021484375,0.27653159559797014,0.2690325630391044,0.1074413211957183,-1.0220799446105957,-5.5792059898376465,-0.5745432376861572,3.133270263671875,-0.9049723148345947,-6.0028464794158936,-0.336265966296196,3.607939600944519,0.41650390625,0.7454168796539307,0.06844075520833334,1.4472535848617554,5.342295169830322,0.15482477843761444,0.41233026578538556,0.38306188583374023,0.6709359586238861,0.9901598274707804,0.41233026578538556,0.38306188583374023,0.6709359586238861,0.9901598274707804,-0.019740338437259197,-0.0015077772550284863,0.0246876270510258,0.1371202915906906,0.999999463558197,1.0,0.23356732726097107,0.5258365571498871,0.7938844949007035,0.06499090790748596,0.2508286088705063,0.6286680102348332,1000000,14.27193832397461,14.27193832397461,90.36849142412292,
walker2d-medium-v2,7.0,2,mpi4,own,2,4,1.75,4096,6,311.6029062734375,0.03369673320949725,0.01123224440316575,0.4999313950538635,1.1228575706481934,0.32874953746795654,0.796159029006958,0.5159856081008911,0.0070114657282829285,-0.0013961139672833411,0.301513671875,0.15263084375758834,0.15402077175856732,0.1387052314939688,-1.0925017595291138,-8.155360221862793,0.0,5.135871648788452,-1.05741548538208,-8.537505626678467,-0.0024466245668008924,5.346359729766846,0.4560546875,0.6132657527923584,0.1080322265625,1.5344619750976562,5.239104270935059,0.29435375332832336,0.17287978733702403,0.1463441327214241,0.29937784373760223,0.5781390100717547,0.4584302147877679,0.42004382610321045,0.7365290820598602,1.200766640901567,-0.001110325159970671,0.003105246927589178,0.025676013529300917,0.046305933967232704,0.47270724177360535,0.9999999403953552,0.12260416522622108,0.36461983621120453,0.6540697336196907,0.06220661476254463,0.3741104155778885,1.004505455493929,1000000,14.27193832397461,14.27193832397461,90.36849142412292,0.03200806677341461
walker2d-medium-v2,7.0,2,mpi4,own,3,4,1.75,4096,6,312.0982370839844,0.033643253156776055,0.011214417718925352,0.39249399304389954,1.5153515338897705,0.27063339948654175,1.066792368888855,0.4022153615951538,0.006047683767974377,-0.0016460922268652922,0.291748046875,0.14729271372227612,0.14456863108578588,0.14613857850341727,-1.1438708305358887,-8.475661754608154,0.0,4.941668272018433,-1.1804953813552856,-8.80170488357544,-0.002192715066485107,5.174621105194092,0.456787109375,0.6178220510482788,0.11909993489583331,1.6248260736465454,5.15737247467041,0.2811915874481201,0.16042925273131914,0.13497388362884521,0.2712072879076004,0.5520958572626117,0.5103834607443787,0.46097156405448914,0.8286836743354797,1.3931724905967717,-0.0011113936780020595,0.002380314050242305,0.018156798742711668,0.042426254600286484,0.45151086151599884,0.9999999403953552,0.10888909175992012,0.34876495599746704,0.6261374175548567,0.056951526552438736,0.38349154591560364,1.1289634943008424,1000000,14.27193832397461,14.27193832397461,90.36849142412292,0.12009226530790329
walker2d-medium-v2,7.0,2,mpi4,own,4,4,1.75,4096,6,312.4908762441406,0.03360098101487173,0.011200327004957242,0.2690683603286743,1.7844198942184448,0.16674968600273132,1.2335420846939087,0.28659915924072266,0.005793922580778599,-0.0027802687946412163,0.255126953125,0.155654132750561,0.14392155196459022,0.14341115662278908,-1.1443264484405518,-8.345484733581543,0.0,4.800524950027466,-1.2336342334747314,-8.942315101623535,-0.0032117810333147645,5.010767936706543,0.448486328125,0.6480234861373901,0.13118489583333331,1.7200987339019775,5.145866394042969,0.21834737062454224,0.1553245726163368,0.12791037559509277,0.2697565257549286,0.5695273727178586,0.5571155135394292,0.498029962182045,0.9096558094024658,1.6412162005901338,-0.001288090308662504,0.0015793459606356919,0.013558612391352717,0.045777805149555206,0.4849092811346054,1.0,0.10392116382718086,0.3536470830440521,0.6505805701017383,0.05650375597178936,0.3932260572910309,1.033221638202669,1000000,14.27193832397461,14.27193832397461,90.36849142412292,0.03502730280160904
walker2d-medium-v2,7.0,3,mpi4,own,1,4,1.75,4096,6,308.017823265625,0.03408893644100954,0.011362978813669846,0.586029589176178,0.586029589176178,0.4426068365573883,0.4426068365573883,0.6613205671310425,0.034166477620601654,-0.027507437519602718,0.069091796875,0.280136664652602,0.2627394260269611,0.1058769267291955,-0.9389775991439819,-5.173202753067017,-0.5258467793464661,2.8617022037506104,-0.8469679355621338,-5.577006101608276,-0.36617712676525116,3.325302243232727,0.403564453125,0.7532958388328552,0.059814453125,1.29777991771698,5.039576053619385,0.1336878389120102,0.4092275427296954,0.3836449980735779,0.6588552296161652,1.0125687718391427,0.4092275427296954,0.3836449980735779,0.6588552296161652,1.0125687718391427,-0.019652798771858215,-0.001937578374054283,0.023016831744462254,0.14511431753635406,0.9999997615814209,1.0,0.22849887609481812,0.5191921591758728,0.7742895662784581,0.05939694680273533,0.23691736906766891,0.6499491959810261,1000000,14.590879440307617,14.590879440307617,90.10084358570869,
walker2d-medium-v2,7.0,3,mpi4,own,2,4,1.75,4096,6,308.017823265625,0.03408893644100954,0.011362978813669846,0.44022834300994873,1.0262579917907715,0.30397605895996094,0.7465828657150269,0.4560369849205017,0.005744102410972118,-0.0007417970004564012,0.3828125,0.12709078879927826,0.14186713215400992,0.14665573475866783,-0.9682956337928772,-8.386111736297607,0.0,5.153655290603638,-0.9863197803497314,-8.520910263061523,-0.0037149254931136966,5.117237329483032,0.443603515625,0.590161919593811,0.09130859375,1.338548183441162,4.97219181060791,0.36655890941619873,0.1536472885686635,0.12680230289697647,0.2697581946849823,0.5882090240716936,0.4507514429933508,0.4144468456506729,0.7289360463619232,1.1609952747821815,-0.0005009303276892751,0.003355993772856891,0.029001073725521628,0.03822384588420391,0.3529385030269623,0.9999999403953552,0.10405786707997322,0.34532588720321655,0.6403520494699483,0.05989386513829231,0.39298854768276215,1.1134434461593665,1000000,14.590879440307617,14.590879440307617,90.10084358570869,0.06284688413143158
walker2d-medium-v2,7.0,3,mpi4,own,3,4,1.75,4096,6,308.4524851308594,0.034040899348064674,0.011346966449354892,0.38939929008483887,1.4156572818756104,0.26720279455184937,1.013785719871521,0.40342676639556885,0.006027147173881531,-0.001608646883150655,0.3017578125,0.14636318409312335,0.14722098575981768,0.14376862292321024,-1.21030592918396,-8.096410751342773,0.0,4.613811492919922,-1.1869020462036133,-8.511229991912842,-0.005874586757272482,4.728817462921143,0.427978515625,0.6149575114250183,0.11092122395833331,1.4089183807373047,4.883757591247559,0.2941665053367615,0.15919531342569826,0.13450197875499725,0.2778080999851227,0.5495552688837053,0.5023401952839777,0.4563986510038376,0.8183811902999878,1.4605572760105134,-0.0008848186698742211,0.0024487159680575132,0.02202397631481303,0.04412123002111912,0.41960690915584564,1.0,0.1134096197783947,0.3520626574754715,0.6473899662494672,0.06172777712345123,0.3780447095632553,1.0215776562690777,1000000,14.590879440307617,14.590879440307617,90.10084358570869,0.13767953217029572
walker2d-medium-v2,7.0,3,mpi4,own,4,4,1.75,4096,6,308.84076027734375,0.03399810306959107,0.011332701023197023,0.2965780794620514,1.7122353315353394,0.18884870409965515,1.2026344537734985,0.30299854278564453,0.005839655175805092,-0.0024786240732708187,0.246826171875,0.16500333076000084,0.15466329409625557,0.151777267962587,-1.238631010055542,-8.500897884368896,0.0,4.850327730178833,-1.110144853591919,-9.257157802581787,-0.003401138004846871,5.277489185333252,0.451416015625,0.6568468809127808,0.12308756510416666,1.4632654190063477,4.8303070068359375,0.1897716224193573,0.15592501314256424,0.130519837141037,0.2752700448036194,0.5554361343383801,0.5457384671890395,0.4845069497823715,0.8930979669094086,1.6906349241733567,-0.0012360584805719554,0.0017398132476955652,0.016681428719312014,0.04718572646379471,0.5210818946361542,0.9999999403953552,0.11864946410059929,0.37372681498527527,0.6541478335857391,0.06176437437534332,0.41364192962646484,1.0143130958080295,1000000,14.590879440307617,14.590879440307617,90.10084358570869,-0.08131599426269531
